original,suggested_brand_id,display_name,manufacturer,confidence,rule,reasons,requires_review
(Generic),generic,(Generic),,0.97,typographic_normalization,"[""somente caixa, Unicode, espaços e pontuação foram normalizados""]",False
20Q_Challenge,20q-challenge,20Q_Challenge,,0.97,typographic_normalization,"[""somente caixa, Unicode, espaços e pontuação foram normalizados""]",False
2WIRE,2wire,2Wire,,0.97,typographic_normalization,"[""somente caixa, Unicode, espaços e pontuação foram normalizados""]",False
2wire,2wire,2Wire,,0.97,typographic_normalization,"[""somente caixa, Unicode, espaços e pontuação foram normalizados""]",False
3D_Clock,3d-clock,3D_Clock,,0.97,typographic_normalization,"[""somente caixa, Unicode, espaços e pontuação foram normalizados""]",False
3M,3m,3M,,0.97,typographic_normalization,"[""somente caixa, Unicode, espaços e pontuação foram normalizados""]",False
AAXA,aaxa,Aaxa,,0.97,typographic_normalization,"[""somente caixa, Unicode, espaços e pontuação foram normalizados""]",False
ABB,abb,Abb,,0.97,typographic_normalization,"[""somente caixa, Unicode, espaços e pontuação foram normalizados""]",False
ABIT,abit,Abit,,0.97,typographic_normalization,"[""somente caixa, Unicode, espaços e pontuação foram normalizados""]",False
ABOX,abox,Abox,,0.97,typographic_normalization,"[""somente caixa, Unicode, espaços e pontuação foram normalizados""]",False
ABS,abs,Abs,,0.97,typographic_normalization,"[""somente caixa, Unicode, espaços e pontuação foram normalizados""]",False
AC RYAN,ac-ryan,Ac Ryan,,0.97,typographic_normalization,"[""somente caixa, Unicode, espaços e pontuação foram normalizados""]",False
ACER,acer,Acer,,0.97,typographic_normalization,"[""somente caixa, Unicode, espaços e pontuação foram normalizados""]",False
ACONATIC,aconatic,Aconatic,,0.97,typographic_normalization,"[""somente caixa, Unicode, espaços e pontuação foram normalizados""]",False
ACORP,acorp,Acorp,,0.97,typographic_normalization,"[""somente caixa, Unicode, espaços e pontuação foram normalizados""]",False
ADA,ada,Ada,,0.97,typographic_normalization,"[""somente caixa, Unicode, espaços e pontuação foram normalizados""]",False
ADAFRUIT,adafruit,Adafruit,,0.97,typographic_normalization,"[""somente caixa, Unicode, espaços e pontuação foram normalizados""]",False
ADAPTEC,adaptec,Adaptec,,0.97,typographic_normalization,"[""somente caixa, Unicode, espaços e pontuação foram normalizados""]",False
ADB,adb,Adb,,0.97,typographic_normalization,"[""somente caixa, Unicode, espaços e pontuação foram normalizados""]",False
ADCOM,adcom,Adcom,,0.97,typographic_normalization,"[""somente caixa, Unicode, espaços e pontuação foram normalizados""]",False
ADJ,adj,Adj,,0.97,typographic_normalization,"[""somente caixa, Unicode, espaços e pontuação foram normalizados""]",False
ADS,ads,Ads,,0.97,typographic_normalization,"[""somente caixa, Unicode, espaços e pontuação foram normalizados""]",False
ADVANCE ACOUSTIC,advance-acoustic,Advance Acoustic,,0.97,typographic_normalization,"[""somente caixa, Unicode, espaços e pontuação foram normalizados""]",False
AEG,aeg,Aeg,,0.97,typographic_normalization,"[""somente caixa, Unicode, espaços e pontuação foram normalizados""]",False
AEG_Cooker_Hood_Haube,aeg-cooker-hood-haube,AEG_Cooker_Hood_Haube,,0.97,typographic_normalization,"[""somente caixa, Unicode, espaços e pontuação foram normalizados""]",False
AGFAPHOTO,agfaphoto,Agfaphoto,,0.97,typographic_normalization,"[""somente caixa, Unicode, espaços e pontuação foram normalizados""]",False
AIM,aim,Aim,,0.97,typographic_normalization,"[""somente caixa, Unicode, espaços e pontuação foram normalizados""]",False
AIRTEL,airtel,Airtel,,0.97,typographic_normalization,"[""somente caixa, Unicode, espaços e pontuação foram normalizados""]",False
AIRUEEK_Sonic_LED_Lamp,airueek-sonic-led-lamp,AIRUEEK_Sonic_LED_Lamp,,0.97,typographic_normalization,"[""somente caixa, Unicode, espaços e pontuação foram normalizados""]",False
AIWA,aiwa,Aiwa,,0.97,typographic_normalization,"[""somente caixa, Unicode, espaços e pontuação foram normalizados""]",False
AKAI,akai,Akai,,0.97,typographic_normalization,"[""somente caixa, Unicode, espaços e pontuação foram normalizados""]",False
AKIRA,akira,Akira,,0.97,typographic_normalization,"[""somente caixa, Unicode, espaços e pontuação foram normalizados""]",False
ALPINE,alpine,Alpine,,0.97,typographic_normalization,"[""somente caixa, Unicode, espaços e pontuação foram normalizados""]",False
AMC,amc,Amc,,0.97,typographic_normalization,"[""somente caixa, Unicode, espaços e pontuação foram normalizados""]",False
AMI,ami,Ami,,0.97,typographic_normalization,"[""somente caixa, Unicode, espaços e pontuação foram normalizados""]",False
AMINO,amino,Amino,,0.97,typographic_normalization,"[""somente caixa, Unicode, espaços e pontuação foram normalizados""]",False
AMSTRAD,amstrad,Amstrad,,0.97,typographic_normalization,"[""somente caixa, Unicode, espaços e pontuação foram normalizados""]",False
ANITECH,anitech,Anitech,,0.97,typographic_normalization,"[""somente caixa, Unicode, espaços e pontuação foram normalizados""]",False
AOC,aoc,Aoc,,0.97,typographic_normalization,"[""somente caixa, Unicode, espaços e pontuação foram normalizados""]",False
APPLE,apple,Apple,,0.97,typographic_normalization,"[""somente caixa, Unicode, espaços e pontuação foram normalizados""]",False
APTI,apti,Apti,,0.97,typographic_normalization,"[""somente caixa, Unicode, espaços e pontuação foram normalizados""]",False
ARCAM,arcam,Arcam,,0.97,typographic_normalization,"[""somente caixa, Unicode, espaços e pontuação foram normalizados""]",False
ARGO,argo,Argo,,0.97,typographic_normalization,"[""somente caixa, Unicode, espaços e pontuação foram normalizados""]",False
ARRIS,arris,Arris,,0.97,typographic_normalization,"[""somente caixa, Unicode, espaços e pontuação foram normalizados""]",False
ASK,ask,Ask,,0.97,typographic_normalization,"[""somente caixa, Unicode, espaços e pontuação foram normalizados""]",False
ASPIRE,aspire,Aspire,,0.97,typographic_normalization,"[""somente caixa, Unicode, espaços e pontuação foram normalizados""]",False
ASR,asr,Asr,,0.97,typographic_normalization,"[""somente caixa, Unicode, espaços e pontuação foram normalizados""]",False
ASTRA,astra,Astra,,0.97,typographic_normalization,"[""somente caixa, Unicode, espaços e pontuação foram normalizados""]",False
ASUS,asus,Asus,,0.97,typographic_normalization,"[""somente caixa, Unicode, espaços e pontuação foram normalizados""]",False
AUDIOENGINE,audioengine,Audioengine,,0.97,typographic_normalization,"[""somente caixa, Unicode, espaços e pontuação foram normalizados""]",False
AUDIOLA,audiola,Audiola,,0.97,typographic_normalization,"[""somente caixa, Unicode, espaços e pontuação foram normalizados""]",False
AUDIOVOX,audiovox,Audiovox,,0.97,typographic_normalization,"[""somente caixa, Unicode, espaços e pontuação foram normalizados""]",False
AUGUST,august,August,,0.97,typographic_normalization,"[""somente caixa, Unicode, espaços e pontuação foram normalizados""]",False
AUNA,auna,Auna,,0.97,typographic_normalization,"[""somente caixa, Unicode, espaços e pontuação foram normalizados""]",False
AURUS,aurus,Aurus,,0.97,typographic_normalization,"[""somente caixa, Unicode, espaços e pontuação foram normalizados""]",False
AUVISIO,auvisio,Auvisio,,0.97,typographic_normalization,"[""somente caixa, Unicode, espaços e pontuação foram normalizados""]",False
AVANIT,avanit,Avanit,,0.97,typographic_normalization,"[""somente caixa, Unicode, espaços e pontuação foram normalizados""]",False
AVOL,avol,Avol,,0.97,typographic_normalization,"[""somente caixa, Unicode, espaços e pontuação foram normalizados""]",False
AVer,aver,AVer,,0.97,typographic_normalization,"[""somente caixa, Unicode, espaços e pontuação foram normalizados""]",False
AVer_Document_Camera,aver-document-camera,AVer_Document_Camera,,0.97,typographic_normalization,"[""somente caixa, Unicode, espaços e pontuação foram normalizados""]",False
AWA,awa,Awa,,0.97,typographic_normalization,"[""somente caixa, Unicode, espaços e pontuação foram normalizados""]",False
AXAS,axas,Axas,,0.97,typographic_normalization,"[""somente caixa, Unicode, espaços e pontuação foram normalizados""]",False
AZ AMERICA,az-america,Az America,,0.97,typographic_normalization,"[""somente caixa, Unicode, espaços e pontuação foram normalizados""]",False
AZBOX,azbox,Azbox,,0.97,typographic_normalization,"[""somente caixa, Unicode, espaços e pontuação foram normalizados""]",False
AccessHD,accesshd,AccessHD,,0.97,typographic_normalization,"[""somente caixa, Unicode, espaços e pontuação foram normalizados""]",False
AccessMedia,accessmedia,AccessMedia,,0.97,typographic_normalization,"[""somente caixa, Unicode, espaços e pontuação foram normalizados""]",False
Accupel,accupel,Accupel,,0.97,typographic_normalization,"[""somente caixa, Unicode, espaços e pontuação foram normalizados""]",False
Acer,acer,Acer,,0.97,typographic_normalization,"[""somente caixa, Unicode, espaços e pontuação foram normalizados""]",False
Acesonic,acesonic,Acesonic,,0.97,typographic_normalization,"[""somente caixa, Unicode, espaços e pontuação foram normalizados""]",False
Aconatic,aconatic,Aconatic,,0.97,typographic_normalization,"[""somente caixa, Unicode, espaços e pontuação foram normalizados""]",False
Acoolir,acoolir,Acoolir,,0.97,typographic_normalization,"[""somente caixa, Unicode, espaços e pontuação foram normalizados""]",False
Acorn,acorn,Acorn,,0.97,typographic_normalization,"[""somente caixa, Unicode, espaços e pontuação foram normalizados""]",False
Acorp,acorp,Acorp,,0.97,typographic_normalization,"[""somente caixa, Unicode, espaços e pontuação foram normalizados""]",False
Adastra,adastra,Adastra,,0.97,typographic_normalization,"[""somente caixa, Unicode, espaços e pontuação foram normalizados""]",False
Adcom,adcom,Adcom,,0.97,typographic_normalization,"[""somente caixa, Unicode, espaços e pontuação foram normalizados""]",False
Adelphia,adelphia,Adelphia,,0.97,typographic_normalization,"[""somente caixa, Unicode, espaços e pontuação foram normalizados""]",False
Admiral,admiral,Admiral,,0.97,typographic_normalization,"[""somente caixa, Unicode, espaços e pontuação foram normalizados""]",False
Advanced_Acoustics,advanced-acoustics,Advanced_Acoustics,,0.97,typographic_normalization,"[""somente caixa, Unicode, espaços e pontuação foram normalizados""]",False
Advanced_FM_Car_Transmitter,advanced-fm-car-transmitter,Advanced_FM_Car_Transmitter,,0.97,typographic_normalization,"[""somente caixa, Unicode, espaços e pontuação foram normalizados""]",False
Aesthetix,aesthetix,Aesthetix,,0.97,typographic_normalization,"[""somente caixa, Unicode, espaços e pontuação foram normalizados""]",False
Aethra,aethra,Aethra,,0.97,typographic_normalization,"[""somente caixa, Unicode, espaços e pontuação foram normalizados""]",False
Aigo,aigo,Aigo,,0.97,typographic_normalization,"[""somente caixa, Unicode, espaços e pontuação foram normalizados""]",False
Airfel,airfel,Airfel,,0.97,typographic_normalization,"[""somente caixa, Unicode, espaços e pontuação foram normalizados""]",False
Airivo,airivo,Airivo,,0.97,typographic_normalization,"[""somente caixa, Unicode, espaços e pontuação foram normalizados""]",False
Airmate,airmate,Airmate,,0.97,typographic_normalization,"[""somente caixa, Unicode, espaços e pontuação foram normalizados""]",False
Airmax,airmax,Airmax,,0.97,typographic_normalization,"[""somente caixa, Unicode, espaços e pontuação foram normalizados""]",False
Airmet,airmet,Airmet,,0.97,typographic_normalization,"[""somente caixa, Unicode, espaços e pontuação foram normalizados""]",False
Airwell,airwell,Airwell,,0.97,typographic_normalization,"[""somente caixa, Unicode, espaços e pontuação foram normalizados""]",False
Aiwa,aiwa,Aiwa,,0.97,typographic_normalization,"[""somente caixa, Unicode, espaços e pontuação foram normalizados""]",False
Akai,akai,Akai,,0.97,typographic_normalization,"[""somente caixa, Unicode, espaços e pontuação foram normalizados""]",False
Aldi,aldi,Aldi,,0.97,typographic_normalization,"[""somente caixa, Unicode, espaços e pontuação foram normalizados""]",False
Algolith,algolith,Algolith,,0.97,typographic_normalization,"[""somente caixa, Unicode, espaços e pontuação foram normalizados""]",False
AlohaBreeze,alohabreeze,AlohaBreeze,,0.97,typographic_normalization,"[""somente caixa, Unicode, espaços e pontuação foram normalizados""]",False
Alpine,alpine,Alpine,,0.97,typographic_normalization,"[""somente caixa, Unicode, espaços e pontuação foram normalizados""]",False
AltraFlame,altraflame,AltraFlame,,0.97,typographic_normalization,"[""somente caixa, Unicode, espaços e pontuação foram normalizados""]",False
Amazon,amazon,Amazon,,0.97,typographic_normalization,"[""somente caixa, Unicode, espaços e pontuação foram normalizados""]",False
AmazonBasics,amazonbasics,AmazonBasics,,0.97,typographic_normalization,"[""somente caixa, Unicode, espaços e pontuação foram normalizados""]",False
Amcor,amcor,Amcor,,0.97,typographic_normalization,"[""somente caixa, Unicode, espaços e pontuação foram normalizados""]",False
American_Lighting,american-lighting,American_Lighting,,0.97,typographic_normalization,"[""somente caixa, Unicode, espaços e pontuação foram normalizados""]",False
Amerlife,amerlife,Amerlife,,0.97,typographic_normalization,"[""somente caixa, Unicode, espaços e pontuação foram normalizados""]",False
Amibot,amibot,Amibot,,0.97,typographic_normalization,"[""somente caixa, Unicode, espaços e pontuação foram normalizados""]",False
Amino,amino,Amino,,0.97,typographic_normalization,"[""somente caixa, Unicode, espaços e pontuação foram normalizados""]",False
Ampro,ampro,Ampro,,0.97,typographic_normalization,"[""somente caixa, Unicode, espaços e pontuação foram normalizados""]",False
Andonstar,andonstar,Andonstar,,0.97,typographic_normalization,"[""somente caixa, Unicode, espaços e pontuação foram normalizados""]",False
Android,android,Android,,0.97,typographic_normalization,"[""somente caixa, Unicode, espaços e pontuação foram normalizados""]",False
Anker,anker,Anker,,0.97,typographic_normalization,"[""somente caixa, Unicode, espaços e pontuação foram normalizados""]",False
Ansio,ansio,Ansio,,0.97,typographic_normalization,"[""somente caixa, Unicode, espaços e pontuação foram normalizados""]",False
Anslut,anslut,Anslut,,0.97,typographic_normalization,"[""somente caixa, Unicode, espaços e pontuação foram normalizados""]",False
Antex_Electronics,antex-electronics,Antex_Electronics,,0.97,typographic_normalization,"[""somente caixa, Unicode, espaços e pontuação foram normalizados""]",False
Anthem,anthem,Anthem,,0.97,typographic_normalization,"[""somente caixa, Unicode, espaços e pontuação foram normalizados""]",False
Antizer_Flameless_Candles,antizer-flameless-candles,Antizer_Flameless_Candles,,0.97,typographic_normalization,"[""somente caixa, Unicode, espaços e pontuação foram normalizados""]",False
Aoguerbe,aoguerbe,Aoguerbe,,0.97,typographic_normalization,"[""somente caixa, Unicode, espaços e pontuação foram normalizados""]",False
Aopen,aopen,Aopen,,0.97,typographic_normalization,"[""somente caixa, Unicode, espaços e pontuação foram normalizados""]",False
Aorus,aorus,Aorus,,0.97,typographic_normalization,"[""somente caixa, Unicode, espaços e pontuação foram normalizados""]",False
Apeman,apeman,Apeman,,0.97,typographic_normalization,"[""somente caixa, Unicode, espaços e pontuação foram normalizados""]",False
Apex,apex,Apex,,0.97,typographic_normalization,"[""somente caixa, Unicode, espaços e pontuação foram normalizados""]",False
Apple,apple,Apple,,0.97,typographic_normalization,"[""somente caixa, Unicode, espaços e pontuação foram normalizados""]",False
Aragon,aragon,Aragon,,0.97,typographic_normalization,"[""somente caixa, Unicode, espaços e pontuação foram normalizados""]",False
Arcadyan,arcadyan,Arcadyan,,0.97,typographic_normalization,"[""somente caixa, Unicode, espaços e pontuação foram normalizados""]",False
Arcam,arcam,Arcam,,0.97,typographic_normalization,"[""somente caixa, Unicode, espaços e pontuação foram normalizados""]",False
Architectural_Audio,architectural-audio,Architectural_Audio,,0.97,typographic_normalization,"[""somente caixa, Unicode, espaços e pontuação foram normalizados""]",False
Arctic_King,arctic-king,Arctic_King,,0.97,typographic_normalization,"[""somente caixa, Unicode, espaços e pontuação foram normalizados""]",False
Argo,argo,Argo,,0.97,typographic_normalization,"[""somente caixa, Unicode, espaços e pontuação foram normalizados""]",False
ArgonOne,argonone,ArgonOne,,0.97,typographic_normalization,"[""somente caixa, Unicode, espaços e pontuação foram normalizados""]",False
Ariston,ariston,Ariston,,0.97,typographic_normalization,"[""somente caixa, Unicode, espaços e pontuação foram normalizados""]",False
Aristona,aristona,Aristona,,0.97,typographic_normalization,"[""somente caixa, Unicode, espaços e pontuação foram normalizados""]",False
Arizer,arizer,Arizer,,0.97,typographic_normalization,"[""somente caixa, Unicode, espaços e pontuação foram normalizados""]",False
Arlec,arlec,Arlec,,0.97,typographic_normalization,"[""somente caixa, Unicode, espaços e pontuação foram normalizados""]",False
Arraki_Systems,arraki-systems,Arraki_Systems,,0.97,typographic_normalization,"[""somente caixa, Unicode, espaços e pontuação foram normalizados""]",False
Artika,artika,Artika,,0.97,typographic_normalization,"[""somente caixa, Unicode, espaços e pontuação foram normalizados""]",False
Artlii,artlii,Artlii,,0.97,typographic_normalization,"[""somente caixa, Unicode, espaços e pontuação foram normalizados""]",False
Ashley_Furniture,ashley-furniture,Ashley_Furniture,,0.97,typographic_normalization,"[""somente caixa, Unicode, espaços e pontuação foram normalizados""]",False
Askey,askey,Askey,,0.97,typographic_normalization,"[""somente caixa, Unicode, espaços e pontuação foram normalizados""]",False
Aspire_Digital,aspire-digital,Aspire_Digital,,0.97,typographic_normalization,"[""somente caixa, Unicode, espaços e pontuação foram normalizados""]",False
Astro,astro,Astro,,0.97,typographic_normalization,"[""somente caixa, Unicode, espaços e pontuação foram normalizados""]",False
Asus,asus,Asus,,0.97,typographic_normalization,"[""somente caixa, Unicode, espaços e pontuação foram normalizados""]",False
Aten,aten,Aten,,0.97,typographic_normalization,"[""somente caixa, Unicode, espaços e pontuação foram normalizados""]",False
Atlanta_DTH,atlanta-dth,Atlanta_DTH,,0.97,typographic_normalization,"[""somente caixa, Unicode, espaços e pontuação foram normalizados""]",False
Atlantic_Technology,atlantic-technology,Atlantic_Technology,,0.97,typographic_normalization,"[""somente caixa, Unicode, espaços e pontuação foram normalizados""]",False
Atlas,atlas,Atlas,,0.97,typographic_normalization,"[""somente caixa, Unicode, espaços e pontuação foram normalizados""]",False
Atlona,atlona,Atlona,,0.97,typographic_normalization,"[""somente caixa, Unicode, espaços e pontuação foram normalizados""]",False
Atomberg,atomberg,Atomberg,,0.97,typographic_normalization,"[""somente caixa, Unicode, espaços e pontuação foram normalizados""]",False
Audac,audac,Audac,,0.97,typographic_normalization,"[""somente caixa, Unicode, espaços e pontuação foram normalizados""]",False
AudioAccess,audioaccess,AudioAccess,,0.97,typographic_normalization,"[""somente caixa, Unicode, espaços e pontuação foram normalizados""]",False
AudioControl,audiocontrol,AudioControl,,0.97,typographic_normalization,"[""somente caixa, Unicode, espaços e pontuação foram normalizados""]",False
AudioEase,audioease,AudioEase,,0.97,typographic_normalization,"[""somente caixa, Unicode, espaços e pontuação foram normalizados""]",False
AudioSource,audiosource,AudioSource,,0.97,typographic_normalization,"[""somente caixa, Unicode, espaços e pontuação foram normalizados""]",False
Audio_Access,audio-access,Audio_Access,,0.97,typographic_normalization,"[""somente caixa, Unicode, espaços e pontuação foram normalizados""]",False
Audio_Authority,audio-authority,Audio_Authority,,0.97,typographic_normalization,"[""somente caixa, Unicode, espaços e pontuação foram normalizados""]",False
Audio_Control,audio-control,Audio_Control,,0.97,typographic_normalization,"[""somente caixa, Unicode, espaços e pontuação foram normalizados""]",False
Audio_Design_Associates,audio-design-associates,Audio_Design_Associates,,0.97,typographic_normalization,"[""somente caixa, Unicode, espaços e pontuação foram normalizados""]",False
Audio_International,audio-international,Audio_International,,0.97,typographic_normalization,"[""somente caixa, Unicode, espaços e pontuação foram normalizados""]",False
Audio_Refinement,audio-refinement,Audio_Refinement,,0.97,typographic_normalization,"[""somente caixa, Unicode, espaços e pontuação foram normalizados""]",False
Audio_Request,audio-request,Audio_Request,,0.97,typographic_normalization,"[""somente caixa, Unicode, espaços e pontuação foram normalizados""]",False
Audio_Research,audio-research,Audio_Research,,0.97,typographic_normalization,"[""somente caixa, Unicode, espaços e pontuação foram normalizados""]",False
Audioengine,audioengine,Audioengine,,0.97,typographic_normalization,"[""somente caixa, Unicode, espaços e pontuação foram normalizados""]",False
Audiola,audiola,Audiola,,0.97,typographic_normalization,"[""somente caixa, Unicode, espaços e pontuação foram normalizados""]",False
Audiovox,audiovox,Audiovox,,0.97,typographic_normalization,"[""somente caixa, Unicode, espaços e pontuação foram normalizados""]",False
Auna,auna,Auna,,0.97,typographic_normalization,"[""somente caixa, Unicode, espaços e pontuação foram normalizados""]",False
AuraGlow,auraglow,AuraGlow,,0.97,typographic_normalization,"[""somente caixa, Unicode, espaços e pontuação foram normalizados""]",False
AuraLED,auraled,AuraLED,,0.97,typographic_normalization,"[""somente caixa, Unicode, espaços e pontuação foram normalizados""]",False
Austar,austar,Austar,,0.97,typographic_normalization,"[""somente caixa, Unicode, espaços e pontuação foram normalizados""]",False
Auto-Vue,auto-vue,Auto-Vue,,0.97,typographic_normalization,"[""somente caixa, Unicode, espaços e pontuação foram normalizados""]",False
Auton,auton,Auton,,0.97,typographic_normalization,"[""somente caixa, Unicode, espaços e pontuação foram normalizados""]",False
AutumnWave,autumnwave,AutumnWave,,0.97,typographic_normalization,"[""somente caixa, Unicode, espaços e pontuação foram normalizados""]",False
Avermedia,avermedia,Avermedia,,0.97,typographic_normalization,"[""somente caixa, Unicode, espaços e pontuação foram normalizados""]",False
Avex,avex,Avex,,0.97,typographic_normalization,"[""somente caixa, Unicode, espaços e pontuação foram normalizados""]",False
Avfabul,avfabul,Avfabul,,0.97,typographic_normalization,"[""somente caixa, Unicode, espaços e pontuação foram normalizados""]",False
Avtoolbox,avtoolbox,Avtoolbox,,0.97,typographic_normalization,"[""somente caixa, Unicode, espaços e pontuação foram normalizados""]",False
Axion,axion,Axion,,0.97,typographic_normalization,"[""somente caixa, Unicode, espaços e pontuação foram normalizados""]",False
Axonix,axonix,Axonix,,0.97,typographic_normalization,"[""somente caixa, Unicode, espaços e pontuação foram normalizados""]",False
Ayre,ayre,Ayre,,0.97,typographic_normalization,"[""somente caixa, Unicode, espaços e pontuação foram normalizados""]",False
AzBox,azbox,AzBox,,0.97,typographic_normalization,"[""somente caixa, Unicode, espaços e pontuação foram normalizados""]",False
Azulle,azulle,Azulle,,0.97,typographic_normalization,"[""somente caixa, Unicode, espaços e pontuação foram normalizados""]",False
B&K_Components,b-k-components,B&K_Components,,0.97,typographic_normalization,"[""somente caixa, Unicode, espaços e pontuação foram normalizados""]",False
B.A.T,b-a-t,B.A.T,,0.97,typographic_normalization,"[""somente caixa, Unicode, espaços e pontuação foram normalizados""]",False
BANG & OLUFSEN,bang-olufsen,Bang & Olufsen,,0.97,typographic_normalization,"[""somente caixa, Unicode, espaços e pontuação foram normalizados""]",False
BARCO,barco,Barco,,0.97,typographic_normalization,"[""somente caixa, Unicode, espaços e pontuação foram normalizados""]",False
BAUHN,bauhn,Bauhn,,0.97,typographic_normalization,"[""somente caixa, Unicode, espaços e pontuação foram normalizados""]",False
BBK,bbk,Bbk,,0.97,typographic_normalization,"[""somente caixa, Unicode, espaços e pontuação foram normalizados""]",False
BEELINK,beelink,Beelink,,0.97,typographic_normalization,"[""somente caixa, Unicode, espaços e pontuação foram normalizados""]",False
BEKO,beko,Beko,,0.97,typographic_normalization,"[""somente caixa, Unicode, espaços e pontuação foram normalizados""]",False
BENCH,bench,Bench,,0.97,typographic_normalization,"[""somente caixa, Unicode, espaços e pontuação foram normalizados""]",False
BENQ,benq,Benq,,0.97,typographic_normalization,"[""somente caixa, Unicode, espaços e pontuação foram normalizados""]",False
BEXA,bexa,Bexa,,0.97,typographic_normalization,"[""somente caixa, Unicode, espaços e pontuação foram normalizados""]",False
BGH,bgh,Bgh,,0.97,typographic_normalization,"[""somente caixa, Unicode, espaços e pontuação foram normalizados""]",False
BIONAIRE,bionaire,Bionaire,,0.97,typographic_normalization,"[""somente caixa, Unicode, espaços e pontuação foram normalizados""]",False
BLAUPUNKT,blaupunkt,Blaupunkt,,0.97,typographic_normalization,"[""somente caixa, Unicode, espaços e pontuação foram normalizados""]",False
BLUETECH,bluetech,Bluetech,,0.97,typographic_normalization,"[""somente caixa, Unicode, espaços e pontuação foram normalizados""]",False
BMB,bmb,Bmb,,0.97,typographic_normalization,"[""somente caixa, Unicode, espaços e pontuação foram normalizados""]",False
BORK,bork,Bork,,0.97,typographic_normalization,"[""somente caixa, Unicode, espaços e pontuação foram normalizados""]",False
BOSE,bose,Bose,,0.97,typographic_normalization,"[""somente caixa, Unicode, espaços e pontuação foram normalizados""]",False
BOUYGUES,bouygues,Bouygues,,0.97,typographic_normalization,"[""somente caixa, Unicode, espaços e pontuação foram normalizados""]",False
BPL,bpl,Bpl,,0.97,typographic_normalization,"[""somente caixa, Unicode, espaços e pontuação foram normalizados""]",False
BTX,btx,Btx,,0.97,typographic_normalization,"[""somente caixa, Unicode, espaços e pontuação foram normalizados""]",False
BUSH,bush,Bush,,0.97,typographic_normalization,"[""somente caixa, Unicode, espaços e pontuação foram normalizados""]",False
Baird,baird,Baird,,0.97,typographic_normalization,"[""somente caixa, Unicode, espaços e pontuação foram normalizados""]",False
Ballu,ballu,Ballu,,0.97,typographic_normalization,"[""somente caixa, Unicode, espaços e pontuação foram normalizados""]",False
Baltimore,baltimore,Baltimore,,0.97,typographic_normalization,"[""somente caixa, Unicode, espaços e pontuação foram normalizados""]",False
Bang_&_Olufsen,bang-olufsen,Bang_&_Olufsen,,0.97,typographic_normalization,"[""somente caixa, Unicode, espaços e pontuação foram normalizados""]",False
Bang_Olufsen,bang-olufsen,Bang_Olufsen,,0.97,typographic_normalization,"[""somente caixa, Unicode, espaços e pontuação foram normalizados""]",False
Barco,barco,Barco,,0.97,typographic_normalization,"[""somente caixa, Unicode, espaços e pontuação foram normalizados""]",False
Barix,barix,Barix,,0.97,typographic_normalization,"[""somente caixa, Unicode, espaços e pontuação foram normalizados""]",False
Bauhn,bauhn,Bauhn,,0.97,typographic_normalization,"[""somente caixa, Unicode, espaços e pontuação foram normalizados""]",False
Bawoo,bawoo,Bawoo,,0.97,typographic_normalization,"[""somente caixa, Unicode, espaços e pontuação foram normalizados""]",False
BeamZ,beamz,BeamZ,,0.97,typographic_normalization,"[""somente caixa, Unicode, espaços e pontuação foram normalizados""]",False
Beko,beko,Beko,,0.97,typographic_normalization,"[""somente caixa, Unicode, espaços e pontuação foram normalizados""]",False
Belkin,belkin,Belkin,,0.97,typographic_normalization,"[""somente caixa, Unicode, espaços e pontuação foram normalizados""]",False
Bell,bell,Bell,,0.97,typographic_normalization,"[""somente caixa, Unicode, espaços e pontuação foram normalizados""]",False
Bell+Howell,bell-howell,Bell+Howell,,0.97,typographic_normalization,"[""somente caixa, Unicode, espaços e pontuação foram normalizados""]",False
Bell_ExpressVu,bell-expressvu,Bell_ExpressVu,,0.97,typographic_normalization,"[""somente caixa, Unicode, espaços e pontuação foram normalizados""]",False
Bellagio,bellagio,Bellagio,,0.97,typographic_normalization,"[""somente caixa, Unicode, espaços e pontuação foram normalizados""]",False
BenQ,benq,BenQ,,0.97,typographic_normalization,"[""somente caixa, Unicode, espaços e pontuação foram normalizados""]",False
Bench,bench,Bench,,0.97,typographic_normalization,"[""somente caixa, Unicode, espaços e pontuação foram normalizados""]",False
Benchmark,benchmark,Benchmark,,0.97,typographic_normalization,"[""somente caixa, Unicode, espaços e pontuação foram normalizados""]",False
Berbel_Kitchen_Hoods,berbel-kitchen-hoods,Berbel_Kitchen_Hoods,,0.97,typographic_normalization,"[""somente caixa, Unicode, espaços e pontuação foram normalizados""]",False
Bestisan,bestisan,Bestisan,,0.97,typographic_normalization,"[""somente caixa, Unicode, espaços e pontuação foram normalizados""]",False
Better_Homes_and_Gardens,better-homes-and-gardens,Better_Homes_and_Gardens,,0.97,typographic_normalization,"[""somente caixa, Unicode, espaços e pontuação foram normalizados""]",False
Beyonwiz,beyonwiz,Beyonwiz,,0.97,typographic_normalization,"[""somente caixa, Unicode, espaços e pontuação foram normalizados""]",False
Biamp,biamp,Biamp,,0.97,typographic_normalization,"[""somente caixa, Unicode, espaços e pontuação foram normalizados""]",False
Big_Ass_Fans,big-ass-fans,Big_Ass_Fans,,0.97,typographic_normalization,"[""somente caixa, Unicode, espaços e pontuação foram normalizados""]",False
Big_Ben,big-ben,Big_Ben,,0.97,typographic_normalization,"[""somente caixa, Unicode, espaços e pontuação foram normalizados""]",False
Bio,bio,Bio,,0.97,typographic_normalization,"[""somente caixa, Unicode, espaços e pontuação foram normalizados""]",False
BioBidet,biobidet,BioBidet,,0.97,typographic_normalization,"[""somente caixa, Unicode, espaços e pontuação foram normalizados""]",False
Bionaire,bionaire,Bionaire,,0.97,typographic_normalization,"[""somente caixa, Unicode, espaços e pontuação foram normalizados""]",False
Biseoamz,biseoamz,Biseoamz,,0.97,typographic_normalization,"[""somente caixa, Unicode, espaços e pontuação foram normalizados""]",False
Black_and_Decker,black-and-decker,Black_and_Decker,,0.97,typographic_normalization,"[""somente caixa, Unicode, espaços e pontuação foram normalizados""]",False
Blaupunkt,blaupunkt,Blaupunkt,,0.97,typographic_normalization,"[""somente caixa, Unicode, espaços e pontuação foram normalizados""]",False
Blitzwolf,blitzwolf,Blitzwolf,,0.97,typographic_normalization,"[""somente caixa, Unicode, espaços e pontuação foram normalizados""]",False
Blueair,blueair,Blueair,,0.97,typographic_normalization,"[""somente caixa, Unicode, espaços e pontuação foram normalizados""]",False
Bluesky,bluesky,Bluesky,,0.97,typographic_normalization,"[""somente caixa, Unicode, espaços e pontuação foram normalizados""]",False
Bluetooth_Amplifier,bluetooth-amplifier,Bluetooth_Amplifier,,0.97,typographic_normalization,"[""somente caixa, Unicode, espaços e pontuação foram normalizados""]",False
Blyss,blyss,Blyss,,0.97,typographic_normalization,"[""somente caixa, Unicode, espaços e pontuação foram normalizados""]",False
BnK_Components,bnk-components,BnK_Components,,0.97,typographic_normalization,"[""somente caixa, Unicode, espaços e pontuação foram normalizados""]",False
Bogen,bogen,Bogen,,0.97,typographic_normalization,"[""somente caixa, Unicode, espaços e pontuação foram normalizados""]",False
Bolva,bolva,Bolva,,0.97,typographic_normalization,"[""somente caixa, Unicode, espaços e pontuação foram normalizados""]",False
Bomaker,bomaker,Bomaker,,0.97,typographic_normalization,"[""somente caixa, Unicode, espaços e pontuação foram normalizados""]",False
Bonaire,bonaire,Bonaire,,0.97,typographic_normalization,"[""somente caixa, Unicode, espaços e pontuação foram normalizados""]",False
BoomTone,boomtone,BoomTone,,0.97,typographic_normalization,"[""somente caixa, Unicode, espaços e pontuação foram normalizados""]",False
Bose,bose,Bose,,0.97,typographic_normalization,"[""somente caixa, Unicode, espaços e pontuação foram normalizados""]",False
Boston_Bay,boston-bay,Boston_Bay,,0.97,typographic_normalization,"[""somente caixa, Unicode, espaços e pontuação foram normalizados""]",False
Botti,botti,Botti,,0.97,typographic_normalization,"[""somente caixa, Unicode, espaços e pontuação foram normalizados""]",False
Boulanger,boulanger,Boulanger,,0.97,typographic_normalization,"[""somente caixa, Unicode, espaços e pontuação foram normalizados""]",False
Bower,bower,Bower,,0.97,typographic_normalization,"[""somente caixa, Unicode, espaços e pontuação foram normalizados""]",False
Bowers_and_Wilkins,bowers-and-wilkins,Bowers_and_Wilkins,,0.97,typographic_normalization,"[""somente caixa, Unicode, espaços e pontuação foram normalizados""]",False
BoxLight,boxlight,BoxLight,,0.97,typographic_normalization,"[""somente caixa, Unicode, espaços e pontuação foram normalizados""]",False
Boxlight,boxlight,Boxlight,,0.97,typographic_normalization,"[""somente caixa, Unicode, espaços e pontuação foram normalizados""]",False
Bqeel,bqeel,Bqeel,,0.97,typographic_normalization,"[""somente caixa, Unicode, espaços e pontuação foram normalizados""]",False
BrandUnknown,brandunknown,BrandUnknown,,0.97,typographic_normalization,"[""somente caixa, Unicode, espaços e pontuação foram normalizados""]",False
Brand_Unknown,brand-unknown,Brand_Unknown,,0.97,typographic_normalization,"[""somente caixa, Unicode, espaços e pontuação foram normalizados""]",False
Brandell,brandell,Brandell,,0.97,typographic_normalization,"[""somente caixa, Unicode, espaços e pontuação foram normalizados""]",False
Brandson,brandson,Brandson,,0.97,typographic_normalization,"[""somente caixa, Unicode, espaços e pontuação foram normalizados""]",False
Brandt,brandt,Brandt,,0.97,typographic_normalization,"[""somente caixa, Unicode, espaços e pontuação foram normalizados""]",False
Briloner,briloner,Briloner,,0.97,typographic_normalization,"[""somente caixa, Unicode, espaços e pontuação foram normalizados""]",False
Brio,brio,Brio,,0.97,typographic_normalization,"[""somente caixa, Unicode, espaços e pontuação foram normalizados""]",False
Brizled_LED_Icicle_Lights,brizled-led-icicle-lights,Brizled_LED_Icicle_Lights,,0.97,typographic_normalization,"[""somente caixa, Unicode, espaços e pontuação foram normalizados""]",False
Broksonic,broksonic,Broksonic,,0.97,typographic_normalization,"[""somente caixa, Unicode, espaços e pontuação foram normalizados""]",False
Bulsatcom,bulsatcom,Bulsatcom,,0.97,typographic_normalization,"[""somente caixa, Unicode, espaços e pontuação foram normalizados""]",False
Bumpboxx,bumpboxx,Bumpboxx,,0.97,typographic_normalization,"[""somente caixa, Unicode, espaços e pontuação foram normalizados""]",False
Busch-Jaeger,busch-jaeger,Busch-Jaeger,,0.97,typographic_normalization,"[""somente caixa, Unicode, espaços e pontuação foram normalizados""]",False
Bush,bush,Bush,,0.97,typographic_normalization,"[""somente caixa, Unicode, espaços e pontuação foram normalizados""]",False
ByDesign,bydesign,ByDesign,,0.97,typographic_normalization,"[""somente caixa, Unicode, espaços e pontuação foram normalizados""]",False
Byintek,byintek,Byintek,,0.97,typographic_normalization,"[""somente caixa, Unicode, espaços e pontuação foram normalizados""]",False
CABLE MATTERS,cable-matters,Cable Matters,,0.97,typographic_normalization,"[""somente caixa, Unicode, espaços e pontuação foram normalizados""]",False
CAMBRIDGE AUDIO,cambridge-audio,Cambridge Audio,,0.97,typographic_normalization,"[""somente caixa, Unicode, espaços e pontuação foram normalizados""]",False
CAME,came,Came,,0.97,typographic_normalization,"[""somente caixa, Unicode, espaços e pontuação foram normalizados""]",False
CANARM,canarm,Canarm,,0.97,typographic_normalization,"[""somente caixa, Unicode, espaços e pontuação foram normalizados""]",False
CANON,canon,Canon,,0.97,typographic_normalization,"[""somente caixa, Unicode, espaços e pontuação foram normalizados""]",False
CANTON,canton,Canton,,0.97,typographic_normalization,"[""somente caixa, Unicode, espaços e pontuação foram normalizados""]",False
CAT,cat,Cat,,0.97,typographic_normalization,"[""somente caixa, Unicode, espaços e pontuação foram normalizados""]",False
CCE,cce,Cce,,0.97,typographic_normalization,"[""somente caixa, Unicode, espaços e pontuação foram normalizados""]",False
CD_Players,cd-players,CD_Players,,0.97,typographic_normalization,"[""somente caixa, Unicode, espaços e pontuação foram normalizados""]",False
CHANGHONG,changhong,Changhong,,0.97,typographic_normalization,"[""somente caixa, Unicode, espaços e pontuação foram normalizados""]",False
CHANNEL VISION,channel-vision,Channel Vision,,0.97,typographic_normalization,"[""somente caixa, Unicode, espaços e pontuação foram normalizados""]",False
CINEMATEQ,cinemateq,Cinemateq,,0.97,typographic_normalization,"[""somente caixa, Unicode, espaços e pontuação foram normalizados""]",False
CISCO,cisco,Cisco,,0.97,typographic_normalization,"[""somente caixa, Unicode, espaços e pontuação foram normalizados""]",False
CIS_BOX,cis-box,Cis_Box,,0.97,typographic_normalization,"[""somente caixa, Unicode, espaços e pontuação foram normalizados""]",False
CLARION,clarion,Clarion,,0.97,typographic_normalization,"[""somente caixa, Unicode, espaços e pontuação foram normalizados""]",False
CLARKE TECH,clarke-tech,Clarke Tech,,0.97,typographic_normalization,"[""somente caixa, Unicode, espaços e pontuação foram normalizados""]",False
COBRA,cobra,Cobra,,0.97,typographic_normalization,"[""somente caixa, Unicode, espaços e pontuação foram normalizados""]",False
COCKTAILAUDIO,cocktailaudio,Cocktailaudio,,0.97,typographic_normalization,"[""somente caixa, Unicode, espaços e pontuação foram normalizados""]",False
COMAG,comag,Comag,,0.97,typographic_normalization,"[""somente caixa, Unicode, espaços e pontuação foram normalizados""]",False
CONRAD,conrad,Conrad,,0.97,typographic_normalization,"[""somente caixa, Unicode, espaços e pontuação foram normalizados""]",False
COOLSTREAM,coolstream,Coolstream,,0.97,typographic_normalization,"[""somente caixa, Unicode, espaços e pontuação foram normalizados""]",False
COSMEL,cosmel,Cosmel,,0.97,typographic_normalization,"[""somente caixa, Unicode, espaços e pontuação foram normalizados""]",False
COTech,cotech,COTech,,0.97,typographic_normalization,"[""somente caixa, Unicode, espaços e pontuação foram normalizados""]",False
CRAIG,craig,Craig,,0.97,typographic_normalization,"[""somente caixa, Unicode, espaços e pontuação foram normalizados""]",False
CREATIVE,creative,Creative,,0.97,typographic_normalization,"[""somente caixa, Unicode, espaços e pontuação foram normalizados""]",False
CRISTOR ATLAS,cristor-atlas,Cristor Atlas,,0.97,typographic_normalization,"[""somente caixa, Unicode, espaços e pontuação foram normalizados""]",False
CROWN,crown,Crown,,0.97,typographic_normalization,"[""somente caixa, Unicode, espaços e pontuação foram normalizados""]",False
CTX,ctx,Ctx,,0.97,typographic_normalization,"[""somente caixa, Unicode, espaços e pontuação foram normalizados""]",False
CTX-Optima,ctx-optima,CTX-Optima,,0.97,typographic_normalization,"[""somente caixa, Unicode, espaços e pontuação foram normalizados""]",False
CYBERHOME,cyberhome,Cyberhome,,0.97,typographic_normalization,"[""somente caixa, Unicode, espaços e pontuação foram normalizados""]",False
CaVS,cavs,CaVS,,0.97,typographic_normalization,"[""somente caixa, Unicode, espaços e pontuação foram normalizados""]",False
Cabelas,cabelas,Cabelas,,0.97,typographic_normalization,"[""somente caixa, Unicode, espaços e pontuação foram normalizados""]",False
Cables_to_Go,cables-to-go,Cables_to_Go,,0.97,typographic_normalization,"[""somente caixa, Unicode, espaços e pontuação foram normalizados""]",False
Cadillac,cadillac,Cadillac,,0.97,typographic_normalization,"[""somente caixa, Unicode, espaços e pontuação foram normalizados""]",False
Cadrim,cadrim,Cadrim,,0.97,typographic_normalization,"[""somente caixa, Unicode, espaços e pontuação foram normalizados""]",False
Cahors,cahors,Cahors,,0.97,typographic_normalization,"[""somente caixa, Unicode, espaços e pontuação foram normalizados""]",False
Calex,calex,Calex,,0.97,typographic_normalization,"[""somente caixa, Unicode, espaços e pontuação foram normalizados""]",False
California_Audio_Labs,california-audio-labs,California_Audio_Labs,,0.97,typographic_normalization,"[""somente caixa, Unicode, espaços e pontuação foram normalizados""]",False
Calrad,calrad,Calrad,,0.97,typographic_normalization,"[""somente caixa, Unicode, espaços e pontuação foram normalizados""]",False
Calypso,calypso,Calypso,,0.97,typographic_normalization,"[""somente caixa, Unicode, espaços e pontuação foram normalizados""]",False
CambridgeAudio,cambridgeaudio,CambridgeAudio,,0.97,typographic_normalization,"[""somente caixa, Unicode, espaços e pontuação foram normalizados""]",False
Cambridge_Audio,cambridge-audio,Cambridge_Audio,,0.97,typographic_normalization,"[""somente caixa, Unicode, espaços e pontuação foram normalizados""]",False
Cameo,cameo,Cameo,,0.97,typographic_normalization,"[""somente caixa, Unicode, espaços e pontuação foram normalizados""]",False
Camera,camera,Camera,,0.97,typographic_normalization,"[""somente caixa, Unicode, espaços e pontuação foram normalizados""]",False
Canalsat,canalsat,Canalsat,,0.97,typographic_normalization,"[""somente caixa, Unicode, espaços e pontuação foram normalizados""]",False
CandleChoice_LED,candlechoice-led,CandleChoice_LED,,0.97,typographic_normalization,"[""somente caixa, Unicode, espaços e pontuação foram normalizados""]",False
Canon,canon,Canon,,0.97,typographic_normalization,"[""somente caixa, Unicode, espaços e pontuação foram normalizados""]",False
Canton,canton,Canton,,0.97,typographic_normalization,"[""somente caixa, Unicode, espaços e pontuação foram normalizados""]",False
Captain,captain,Captain,,0.97,typographic_normalization,"[""somente caixa, Unicode, espaços e pontuação foram normalizados""]",False
Carrier,carrier,Carrier,,0.97,typographic_normalization,"[""somente caixa, Unicode, espaços e pontuação foram normalizados""]",False
Carver,carver,Carver,,0.97,typographic_normalization,"[""somente caixa, Unicode, espaços e pontuação foram normalizados""]",False
Cary_Audio_Design,cary-audio-design,Cary_Audio_Design,,0.97,typographic_normalization,"[""somente caixa, Unicode, espaços e pontuação foram normalizados""]",False
Cascade,cascade,Cascade,,0.97,typographic_normalization,"[""somente caixa, Unicode, espaços e pontuação foram normalizados""]",False
Casio,casio,Casio,,0.97,typographic_normalization,"[""somente caixa, Unicode, espaços e pontuação foram normalizados""]",False
Cce,cce,Cce,,0.97,typographic_normalization,"[""somente caixa, Unicode, espaços e pontuação foram normalizados""]",False
Cecotec,cecotec,Cecotec,,0.97,typographic_normalization,"[""somente caixa, Unicode, espaços e pontuação foram normalizados""]",False
Celadon,celadon,Celadon,,0.97,typographic_normalization,"[""somente caixa, Unicode, espaços e pontuação foram normalizados""]",False
Centrum,centrum,Centrum,,0.97,typographic_normalization,"[""somente caixa, Unicode, espaços e pontuação foram normalizados""]",False
Century,century,Century,,0.97,typographic_normalization,"[""somente caixa, Unicode, espaços e pontuação foram normalizados""]",False
Century_Concept,century-concept,Century_Concept,,0.97,typographic_normalization,"[""somente caixa, Unicode, espaços e pontuação foram normalizados""]",False
Channel_Master,channel-master,Channel_Master,,0.97,typographic_normalization,"[""somente caixa, Unicode, espaços e pontuação foram normalizados""]",False
Channel_Plus,channel-plus,Channel_Plus,,0.97,typographic_normalization,"[""somente caixa, Unicode, espaços e pontuação foram normalizados""]",False
Chaparral,chaparral,Chaparral,,0.97,typographic_normalization,"[""somente caixa, Unicode, espaços e pontuação foram normalizados""]",False
Chauvet,chauvet,Chauvet,,0.97,typographic_normalization,"[""somente caixa, Unicode, espaços e pontuação foram normalizados""]",False
Chief_Manufacturing,chief-manufacturing,Chief_Manufacturing,,0.97,typographic_normalization,"[""somente caixa, Unicode, espaços e pontuação foram normalizados""]",False
Chigo,chigo,Chigo,,0.97,typographic_normalization,"[""somente caixa, Unicode, espaços e pontuação foram normalizados""]",False
Chiro,chiro,Chiro,,0.97,typographic_normalization,"[""somente caixa, Unicode, espaços e pontuação foram normalizados""]",False
Chisholm,chisholm,Chisholm,,0.97,typographic_normalization,"[""somente caixa, Unicode, espaços e pontuação foram normalizados""]",False
Christie_Digital_Systems,christie-digital-systems,Christie_Digital_Systems,,0.97,typographic_normalization,"[""somente caixa, Unicode, espaços e pontuação foram normalizados""]",False
Chrysalis,chrysalis,Chrysalis,,0.97,typographic_normalization,"[""somente caixa, Unicode, espaços e pontuação foram normalizados""]",False
Chunghop,chunghop,Chunghop,,0.97,typographic_normalization,"[""somente caixa, Unicode, espaços e pontuação foram normalizados""]",False
Ciatronic,ciatronic,Ciatronic,,0.97,typographic_normalization,"[""somente caixa, Unicode, espaços e pontuação foram normalizados""]",False
Cinemateq,cinemateq,Cinemateq,,0.97,typographic_normalization,"[""somente caixa, Unicode, espaços e pontuação foram normalizados""]",False
Cisco,cisco,Cisco,,0.97,typographic_normalization,"[""somente caixa, Unicode, espaços e pontuação foram normalizados""]",False
Citation,citation,Citation,,0.97,typographic_normalization,"[""somente caixa, Unicode, espaços e pontuação foram normalizados""]",False
Citizen,citizen,Citizen,,0.97,typographic_normalization,"[""somente caixa, Unicode, espaços e pontuação foram normalizados""]",False
Citysports,citysports,Citysports,,0.97,typographic_normalization,"[""somente caixa, Unicode, espaços e pontuação foram normalizados""]",False
Clarion,clarion,Clarion,,0.97,typographic_normalization,"[""somente caixa, Unicode, espaços e pontuação foram normalizados""]",False
Claro,claro,Claro,,0.97,typographic_normalization,"[""somente caixa, Unicode, espaços e pontuação foram normalizados""]",False
Classe,classe,Classe,,0.97,typographic_normalization,"[""somente caixa, Unicode, espaços e pontuação foram normalizados""]",False
Classe_Audio,classe-audio,Classe_Audio,,0.97,typographic_normalization,"[""somente caixa, Unicode, espaços e pontuação foram normalizados""]",False
ClassicFlame,classicflame,ClassicFlame,,0.97,typographic_normalization,"[""somente caixa, Unicode, espaços e pontuação foram normalizados""]",False
Classic_Flame,classic-flame,Classic_Flame,,0.97,typographic_normalization,"[""somente caixa, Unicode, espaços e pontuação foram normalizados""]",False
Cleartouch,cleartouch,Cleartouch,,0.97,typographic_normalization,"[""somente caixa, Unicode, espaços e pontuação foram normalizados""]",False
Clever&Clean,clever-clean,Clever&Clean,,0.97,typographic_normalization,"[""somente caixa, Unicode, espaços e pontuação foram normalizados""]",False
Clevertouch,clevertouch,Clevertouch,,0.97,typographic_normalization,"[""somente caixa, Unicode, espaços e pontuação foram normalizados""]",False
Clinton_Electronics,clinton-electronics,Clinton_Electronics,,0.97,typographic_normalization,"[""somente caixa, Unicode, espaços e pontuação foram normalizados""]",False
Clo_Systems,clo-systems,Clo_Systems,,0.97,typographic_normalization,"[""somente caixa, Unicode, espaços e pontuação foram normalizados""]",False
Co_Tech,co-tech,Co_Tech,,0.97,typographic_normalization,"[""somente caixa, Unicode, espaços e pontuação foram normalizados""]",False
Coby,coby,Coby,,0.97,typographic_normalization,"[""somente caixa, Unicode, espaços e pontuação foram normalizados""]",False
Cogeco,cogeco,Cogeco,,0.97,typographic_normalization,"[""somente caixa, Unicode, espaços e pontuação foram normalizados""]",False
Colorado_Vnet,colorado-vnet,Colorado_Vnet,,0.97,typographic_normalization,"[""somente caixa, Unicode, espaços e pontuação foram normalizados""]",False
Combuh,combuh,Combuh,,0.97,typographic_normalization,"[""somente caixa, Unicode, espaços e pontuação foram normalizados""]",False
Comcast,comcast,Comcast,,0.97,typographic_normalization,"[""somente caixa, Unicode, espaços e pontuação foram normalizados""]",False
ComfortZone,comfortzone,ComfortZone,,0.97,typographic_normalization,"[""somente caixa, Unicode, espaços e pontuação foram normalizados""]",False
Comfort_Aire,comfort-aire,Comfort_Aire,,0.97,typographic_normalization,"[""somente caixa, Unicode, espaços e pontuação foram normalizados""]",False
Comhear,comhear,Comhear,,0.97,typographic_normalization,"[""somente caixa, Unicode, espaços e pontuação foram normalizados""]",False
Commodore,commodore,Commodore,,0.97,typographic_normalization,"[""somente caixa, Unicode, espaços e pontuação foram normalizados""]",False
Como_Audio,como-audio,Como_Audio,,0.97,typographic_normalization,"[""somente caixa, Unicode, espaços e pontuação foram normalizados""]",False
Compro,compro,Compro,,0.97,typographic_normalization,"[""somente caixa, Unicode, espaços e pontuação foram normalizados""]",False
ConnectPro,connectpro,ConnectPro,,0.97,typographic_normalization,"[""somente caixa, Unicode, espaços e pontuação foram normalizados""]",False
Conrad,conrad,Conrad,,0.97,typographic_normalization,"[""somente caixa, Unicode, espaços e pontuação foram normalizados""]",False
Contemporary_Research,contemporary-research,Contemporary_Research,,0.97,typographic_normalization,"[""somente caixa, Unicode, espaços e pontuação foram normalizados""]",False
ContinentalEdison,continentaledison,ContinentalEdison,,0.97,typographic_normalization,"[""somente caixa, Unicode, espaços e pontuação foram normalizados""]",False
Contour,contour,Contour,,0.97,typographic_normalization,"[""somente caixa, Unicode, espaços e pontuação foram normalizados""]",False
CooPark,coopark,CooPark,,0.97,typographic_normalization,"[""somente caixa, Unicode, espaços e pontuação foram normalizados""]",False
Cool_Sat,cool-sat,Cool_Sat,,0.97,typographic_normalization,"[""somente caixa, Unicode, espaços e pontuação foram normalizados""]",False
Coolsat,coolsat,Coolsat,,0.97,typographic_normalization,"[""somente caixa, Unicode, espaços e pontuação foram normalizados""]",False
Coolux,coolux,Coolux,,0.97,typographic_normalization,"[""somente caixa, Unicode, espaços e pontuação foram normalizados""]",False
Copland,copland,Copland,,0.97,typographic_normalization,"[""somente caixa, Unicode, espaços e pontuação foram normalizados""]",False
Coretec,coretec,Coretec,,0.97,typographic_normalization,"[""somente caixa, Unicode, espaços e pontuação foram normalizados""]",False
Corlitec,corlitec,Corlitec,,0.97,typographic_normalization,"[""somente caixa, Unicode, espaços e pontuação foram normalizados""]",False
Corvo,corvo,Corvo,,0.97,typographic_normalization,"[""somente caixa, Unicode, espaços e pontuação foram normalizados""]",False
Costco,costco,Costco,,0.97,typographic_normalization,"[""somente caixa, Unicode, espaços e pontuação foram normalizados""]",False
Counterpoint,counterpoint,Counterpoint,,0.97,typographic_normalization,"[""somente caixa, Unicode, espaços e pontuação foram normalizados""]",False
CountryField,countryfield,CountryField,,0.97,typographic_normalization,"[""somente caixa, Unicode, espaços e pontuação foram normalizados""]",False
Cox,cox,Cox,,0.97,typographic_normalization,"[""somente caixa, Unicode, espaços e pontuação foram normalizados""]",False
Cph03x,cph03x,Cph03x,,0.97,typographic_normalization,"[""somente caixa, Unicode, espaços e pontuação foram normalizados""]",False
Craig,craig,Craig,,0.97,typographic_normalization,"[""somente caixa, Unicode, espaços e pontuação foram normalizados""]",False
Cranker,cranker,Cranker,,0.97,typographic_normalization,"[""somente caixa, Unicode, espaços e pontuação foram normalizados""]",False
Creative,creative,Creative,,0.97,typographic_normalization,"[""somente caixa, Unicode, espaços e pontuação foram normalizados""]",False
Crestron,crestron,Crestron,,0.97,typographic_normalization,"[""somente caixa, Unicode, espaços e pontuação foram normalizados""]",False
Crown,crown,Crown,,0.97,typographic_normalization,"[""somente caixa, Unicode, espaços e pontuação foram normalizados""]",False
Ctouch,ctouch,Ctouch,,0.97,typographic_normalization,"[""somente caixa, Unicode, espaços e pontuação foram normalizados""]",False
Curtis_Electronics,curtis-electronics,Curtis_Electronics,,0.97,typographic_normalization,"[""somente caixa, Unicode, espaços e pontuação foram normalizados""]",False
Curtis_Mathes,curtis-mathes,Curtis_Mathes,,0.97,typographic_normalization,"[""somente caixa, Unicode, espaços e pontuação foram normalizados""]",False
Cyberhome,cyberhome,Cyberhome,,0.97,typographic_normalization,"[""somente caixa, Unicode, espaços e pontuação foram normalizados""]",False
Cyfrowy_Polsat,cyfrowy-polsat,Cyfrowy_Polsat,,0.97,typographic_normalization,"[""somente caixa, Unicode, espaços e pontuação foram normalizados""]",False
Cypress,cypress,Cypress,,0.97,typographic_normalization,"[""somente caixa, Unicode, espaços e pontuação foram normalizados""]",False
Cyron,cyron,Cyron,,0.97,typographic_normalization,"[""somente caixa, Unicode, espaços e pontuação foram normalizados""]",False
D-LINK,d-link,D-Link,,0.97,typographic_normalization,"[""somente caixa, Unicode, espaços e pontuação foram normalizados""]",False
DAEWOO,daewoo,Daewoo,,0.97,typographic_normalization,"[""somente caixa, Unicode, espaços e pontuação foram normalizados""]",False
DAIKIN,daikin,Daikin,,0.97,typographic_normalization,"[""somente caixa, Unicode, espaços e pontuação foram normalizados""]",False
DANYSTAR,danystar,Danystar,,0.97,typographic_normalization,"[""somente caixa, Unicode, espaços e pontuação foram normalizados""]",False
DBPower,dbpower,DBPower,,0.97,typographic_normalization,"[""somente caixa, Unicode, espaços e pontuação foram normalizados""]",False
DBox,dbox,DBox,,0.97,typographic_normalization,"[""somente caixa, Unicode, espaços e pontuação foram normalizados""]",False
DELL,dell,Dell,,0.97,typographic_normalization,"[""somente caixa, Unicode, espaços e pontuação foram normalizados""]",False
DENON,denon,Denon,,0.97,typographic_normalization,"[""somente caixa, Unicode, espaços e pontuação foram normalizados""]",False
DENVER,denver,Denver,,0.97,typographic_normalization,"[""somente caixa, Unicode, espaços e pontuação foram normalizados""]",False
DGTEC,dgtec,Dgtec,,0.97,typographic_normalization,"[""somente caixa, Unicode, espaços e pontuação foram normalizados""]",False
DIAMOND VISION,diamond-vision,Diamond Vision,,0.97,typographic_normalization,"[""somente caixa, Unicode, espaços e pontuação foram normalizados""]",False
DICRA,dicra,Dicra,,0.97,typographic_normalization,"[""somente caixa, Unicode, espaços e pontuação foram normalizados""]",False
DIFRNCE,difrnce,Difrnce,,0.97,typographic_normalization,"[""somente caixa, Unicode, espaços e pontuação foram normalizados""]",False
DIGIHOME,digihome,Digihome,,0.97,typographic_normalization,"[""somente caixa, Unicode, espaços e pontuação foram normalizados""]",False
DIGIQUEST,digiquest,Digiquest,,0.97,typographic_normalization,"[""somente caixa, Unicode, espaços e pontuação foram normalizados""]",False
DIGITAL,digital,Digital,,0.97,typographic_normalization,"[""somente caixa, Unicode, espaços e pontuação foram normalizados""]",False
DIGITALSTREAM,digitalstream,Digitalstream,,0.97,typographic_normalization,"[""somente caixa, Unicode, espaços e pontuação foram normalizados""]",False
DIGITREX,digitrex,Digitrex,,0.97,typographic_normalization,"[""somente caixa, Unicode, espaços e pontuação foram normalizados""]",False
DIKOM,dikom,Dikom,,0.97,typographic_normalization,"[""somente caixa, Unicode, espaços e pontuação foram normalizados""]",False
DIRECTV,directv,Directv,,0.97,typographic_normalization,"[""somente caixa, Unicode, espaços e pontuação foram normalizados""]",False
DISH,dish,Dish,,0.97,typographic_normalization,"[""somente caixa, Unicode, espaços e pontuação foram normalizados""]",False
DK DIGITAL,dk-digital,Dk Digital,,0.97,typographic_normalization,"[""somente caixa, Unicode, espaços e pontuação foram normalizados""]",False
DK-DIGITAL,dk-digital,Dk-Digital,,0.97,typographic_normalization,"[""somente caixa, Unicode, espaços e pontuação foram normalizados""]",False
DK_Digital,dk-digital,DK_Digital,,0.97,typographic_normalization,"[""somente caixa, Unicode, espaços e pontuação foram normalizados""]",False
DLO,dlo,Dlo,,0.97,typographic_normalization,"[""somente caixa, Unicode, espaços e pontuação foram normalizados""]",False
DMX,dmx,Dmx,,0.97,typographic_normalization,"[""somente caixa, Unicode, espaços e pontuação foram normalizados""]",False
DSE,dse,Dse,,0.97,typographic_normalization,"[""somente caixa, Unicode, espaços e pontuação foram normalizados""]",False
DSTV,dstv,Dstv,,0.97,typographic_normalization,"[""somente caixa, Unicode, espaços e pontuação foram normalizados""]",False
DUNE,dune,Dune,,0.97,typographic_normalization,"[""somente caixa, Unicode, espaços e pontuação foram normalizados""]",False
DUOSAT,duosat,Duosat,,0.97,typographic_normalization,"[""somente caixa, Unicode, espaços e pontuação foram normalizados""]",False
DURABRAND,durabrand,Durabrand,,0.97,typographic_normalization,"[""somente caixa, Unicode, espaços e pontuação foram normalizados""]",False
DVDO,dvdo,Dvdo,,0.97,typographic_normalization,"[""somente caixa, Unicode, espaços e pontuação foram normalizados""]",False
DVD_Players,dvd-players,DVD_Players,,0.97,typographic_normalization,"[""somente caixa, Unicode, espaços e pontuação foram normalizados""]",False
DVICO,dvico,Dvico,,0.97,typographic_normalization,"[""somente caixa, Unicode, espaços e pontuação foram normalizados""]",False
DYNAUDIO,dynaudio,Dynaudio,,0.97,typographic_normalization,"[""somente caixa, Unicode, espaços e pontuação foram normalizados""]",False
DYNEX,dynex,Dynex,,0.97,typographic_normalization,"[""somente caixa, Unicode, espaços e pontuação foram normalizados""]",False
DYNO JET,dyno-jet,Dyno Jet,,0.97,typographic_normalization,"[""somente caixa, Unicode, espaços e pontuação foram normalizados""]",False
DYON,dyon,Dyon,,0.97,typographic_normalization,"[""somente caixa, Unicode, espaços e pontuação foram normalizados""]",False
Da-Lite,da-lite,Da-Lite,,0.97,typographic_normalization,"[""somente caixa, Unicode, espaços e pontuação foram normalizados""]",False
Da_Lite,da-lite,Da_Lite,,0.97,typographic_normalization,"[""somente caixa, Unicode, espaços e pontuação foram normalizados""]",False
Daeumling,daeumling,Daeumling,,0.97,typographic_normalization,"[""somente caixa, Unicode, espaços e pontuação foram normalizados""]",False
Daewoo,daewoo,Daewoo,,0.97,typographic_normalization,"[""somente caixa, Unicode, espaços e pontuação foram normalizados""]",False
Daikin,daikin,Daikin,,0.97,typographic_normalization,"[""somente caixa, Unicode, espaços e pontuação foram normalizados""]",False
Dalite,dalite,Dalite,,0.97,typographic_normalization,"[""somente caixa, Unicode, espaços e pontuação foram normalizados""]",False
Danby,danby,Danby,,0.97,typographic_normalization,"[""somente caixa, Unicode, espaços e pontuação foram normalizados""]",False
Dantax,dantax,Dantax,,0.97,typographic_normalization,"[""somente caixa, Unicode, espaços e pontuação foram normalizados""]",False
Dasinko,dasinko,Dasinko,,0.97,typographic_normalization,"[""somente caixa, Unicode, espaços e pontuação foram normalizados""]",False
Davis_Technology,davis-technology,Davis_Technology,,0.97,typographic_normalization,"[""somente caixa, Unicode, espaços e pontuação foram normalizados""]",False
DeLonghi,delonghi,DeLonghi,,0.97,typographic_normalization,"[""somente caixa, Unicode, espaços e pontuação foram normalizados""]",False
Death_Star_Tree_Topper,death-star-tree-topper,Death_Star_Tree_Topper,,0.97,typographic_normalization,"[""somente caixa, Unicode, espaços e pontuação foram normalizados""]",False
Dedicated_Micros,dedicated-micros,Dedicated_Micros,,0.97,typographic_normalization,"[""somente caixa, Unicode, espaços e pontuação foram normalizados""]",False
Deerma,deerma,Deerma,,0.97,typographic_normalization,"[""somente caixa, Unicode, espaços e pontuação foram normalizados""]",False
Defiant,defiant,Defiant,,0.97,typographic_normalization,"[""somente caixa, Unicode, espaços e pontuação foram normalizados""]",False
Definitive_Technology,definitive-technology,Definitive_Technology,,0.97,typographic_normalization,"[""somente caixa, Unicode, espaços e pontuação foram normalizados""]",False
Deka,deka,Deka,,0.97,typographic_normalization,"[""somente caixa, Unicode, espaços e pontuação foram normalizados""]",False
DeleyCON,deleycon,DeleyCON,,0.97,typographic_normalization,"[""somente caixa, Unicode, espaços e pontuação foram normalizados""]",False
Dell,dell,Dell,,0.97,typographic_normalization,"[""somente caixa, Unicode, espaços e pontuação foram normalizados""]",False
Delmar,delmar,Delmar,,0.97,typographic_normalization,"[""somente caixa, Unicode, espaços e pontuação foram normalizados""]",False
Delphi,delphi,Delphi,,0.97,typographic_normalization,"[""somente caixa, Unicode, espaços e pontuação foram normalizados""]",False
Deluxe_Homeart,deluxe-homeart,Deluxe_Homeart,,0.97,typographic_normalization,"[""somente caixa, Unicode, espaços e pontuação foram normalizados""]",False
Denon,denon,Denon,,0.97,typographic_normalization,"[""somente caixa, Unicode, espaços e pontuação foram normalizados""]",False
Denver,denver,Denver,,0.97,typographic_normalization,"[""somente caixa, Unicode, espaços e pontuação foram normalizados""]",False
Devant,devant,Devant,,0.97,typographic_normalization,"[""somente caixa, Unicode, espaços e pontuação foram normalizados""]",False
Devola,devola,Devola,,0.97,typographic_normalization,"[""somente caixa, Unicode, espaços e pontuação foram normalizados""]",False
Diffuser,diffuser,Diffuser,,0.97,typographic_normalization,"[""somente caixa, Unicode, espaços e pontuação foram normalizados""]",False
Digi_Day,digi-day,Digi_Day,,0.97,typographic_normalization,"[""somente caixa, Unicode, espaços e pontuação foram normalizados""]",False
Digihome,digihome,Digihome,,0.97,typographic_normalization,"[""somente caixa, Unicode, espaços e pontuação foram normalizados""]",False
Digiquest,digiquest,Digiquest,,0.97,typographic_normalization,"[""somente caixa, Unicode, espaços e pontuação foram normalizados""]",False
DigitalView,digitalview,DigitalView,,0.97,typographic_normalization,"[""somente caixa, Unicode, espaços e pontuação foram normalizados""]",False
Digital_Music_Expres,digital-music-expres,Digital_Music_Expres,,0.97,typographic_normalization,"[""somente caixa, Unicode, espaços e pontuação foram normalizados""]",False
Digital_Projection,digital-projection,Digital_Projection,,0.97,typographic_normalization,"[""somente caixa, Unicode, espaços e pontuação foram normalizados""]",False
Digital_Stream,digital-stream,Digital_Stream,,0.97,typographic_normalization,"[""somente caixa, Unicode, espaços e pontuação foram normalizados""]",False
Dimplex,dimplex,Dimplex,,0.97,typographic_normalization,"[""somente caixa, Unicode, espaços e pontuação foram normalizados""]",False
Diprogress,diprogress,Diprogress,,0.97,typographic_normalization,"[""somente caixa, Unicode, espaços e pontuação foram normalizados""]",False
DirecTV,directv,DirecTV,,0.97,typographic_normalization,"[""somente caixa, Unicode, espaços e pontuação foram normalizados""]",False
Dish,dish,Dish,,0.97,typographic_normalization,"[""somente caixa, Unicode, espaços e pontuação foram normalizados""]",False
Dish_Network,dish-network,Dish_Network,,0.97,typographic_normalization,"[""somente caixa, Unicode, espaços e pontuação foram normalizados""]",False
DollarTec_BT5AmpBoard,dollartec-bt5ampboard,DollarTec_BT5AmpBoard,,0.97,typographic_normalization,"[""somente caixa, Unicode, espaços e pontuação foram normalizados""]",False
Domland,domland,Domland,,0.97,typographic_normalization,"[""somente caixa, Unicode, espaços e pontuação foram normalizados""]",False
Domo,domo,Domo,,0.97,typographic_normalization,"[""somente caixa, Unicode, espaços e pontuação foram normalizados""]",False
Domoova,domoova,Domoova,,0.97,typographic_normalization,"[""somente caixa, Unicode, espaços e pontuação foram normalizados""]",False
DotStone,dotstone,DotStone,,0.97,typographic_normalization,"[""somente caixa, Unicode, espaços e pontuação foram normalizados""]",False
Douk_Audio,douk-audio,Douk_Audio,,0.97,typographic_normalization,"[""somente caixa, Unicode, espaços e pontuação foram normalizados""]",False
Dr_Heater,dr-heater,Dr_Heater,,0.97,typographic_normalization,"[""somente caixa, Unicode, espaços e pontuação foram normalizados""]",False
Dragonfly,dragonfly,Dragonfly,,0.97,typographic_normalization,"[""somente caixa, Unicode, espaços e pontuação foram normalizados""]",False
Draper,draper,Draper,,0.97,typographic_normalization,"[""somente caixa, Unicode, espaços e pontuação foram normalizados""]",False
Dream,dream,Dream,,0.97,typographic_normalization,"[""somente caixa, Unicode, espaços e pontuação foram normalizados""]",False
Dream_Multimedia,dream-multimedia,Dream_Multimedia,,0.97,typographic_normalization,"[""somente caixa, Unicode, espaços e pontuação foram normalizados""]",False
Dream_Vision,dream-vision,Dream_Vision,,0.97,typographic_normalization,"[""somente caixa, Unicode, espaços e pontuação foram normalizados""]",False
Dreambox,dreambox,Dreambox,,0.97,typographic_normalization,"[""somente caixa, Unicode, espaços e pontuação foram normalizados""]",False
Dreo,dreo,Dreo,,0.97,typographic_normalization,"[""somente caixa, Unicode, espaços e pontuação foram normalizados""]",False
Dual,dual,Dual,,0.97,typographic_normalization,"[""somente caixa, Unicode, espaços e pontuação foram normalizados""]",False
Dual_Cassette,dual-cassette,Dual_Cassette,,0.97,typographic_normalization,"[""somente caixa, Unicode, espaços e pontuação foram normalizados""]",False
Dualtron_Victor_Handlebar_Lights,dualtron-victor-handlebar-lights,Dualtron_Victor_Handlebar_Lights,,0.97,typographic_normalization,"[""somente caixa, Unicode, espaços e pontuação foram normalizados""]",False
Dukane,dukane,Dukane,,0.97,typographic_normalization,"[""somente caixa, Unicode, espaços e pontuação foram normalizados""]",False
DuneHD,dunehd,DuneHD,,0.97,typographic_normalization,"[""somente caixa, Unicode, espaços e pontuação foram normalizados""]",False
Duni,duni,Duni,,0.97,typographic_normalization,"[""somente caixa, Unicode, espaços e pontuação foram normalizados""]",False
Durabrand,durabrand,Durabrand,,0.97,typographic_normalization,"[""somente caixa, Unicode, espaços e pontuação foram normalizados""]",False
Duraflame,duraflame,Duraflame,,0.97,typographic_normalization,"[""somente caixa, Unicode, espaços e pontuação foram normalizados""]",False
DutchOriginals,dutchoriginals,DutchOriginals,,0.97,typographic_normalization,"[""somente caixa, Unicode, espaços e pontuação foram normalizados""]",False
Dwin,dwin,Dwin,,0.97,typographic_normalization,"[""somente caixa, Unicode, espaços e pontuação foram normalizados""]",False
DynaScan,dynascan,DynaScan,,0.97,typographic_normalization,"[""somente caixa, Unicode, espaços e pontuação foram normalizados""]",False
Dynaudio,dynaudio,Dynaudio,,0.97,typographic_normalization,"[""somente caixa, Unicode, espaços e pontuação foram normalizados""]",False
Dynex,dynex,Dynex,,0.97,typographic_normalization,"[""somente caixa, Unicode, espaços e pontuação foram normalizados""]",False
Dyson,dyson,Dyson,,0.97,typographic_normalization,"[""somente caixa, Unicode, espaços e pontuação foram normalizados""]",False
E-tech,e-tech,E-tech,,0.97,typographic_normalization,"[""somente caixa, Unicode, espaços e pontuação foram normalizados""]",False
EAMBRITE,eambrite,Eambrite,,0.97,typographic_normalization,"[""somente caixa, Unicode, espaços e pontuação foram normalizados""]",False
EASY LIVING,easy-living,Easy Living,,0.97,typographic_normalization,"[""somente caixa, Unicode, espaços e pontuação foram normalizados""]",False
EASYONE,easyone,Easyone,,0.97,typographic_normalization,"[""somente caixa, Unicode, espaços e pontuação foram normalizados""]",False
ECHOLITE,echolite,Echolite,,0.97,typographic_normalization,"[""somente caixa, Unicode, espaços e pontuação foram normalizados""]",False
ECHOSTAR,echostar,Echostar,,0.97,typographic_normalization,"[""somente caixa, Unicode, espaços e pontuação foram normalizados""]",False
ECOLITE,ecolite,Ecolite,,0.97,typographic_normalization,"[""somente caixa, Unicode, espaços e pontuação foram normalizados""]",False
EDIFIER,edifier,Edifier,,0.97,typographic_normalization,"[""somente caixa, Unicode, espaços e pontuação foram normalizados""]",False
EDISION,edision,Edision,,0.97,typographic_normalization,"[""somente caixa, Unicode, espaços e pontuação foram normalizados""]",False
EGLO,eglo,Eglo,,0.97,typographic_normalization,"[""somente caixa, Unicode, espaços e pontuação foram normalizados""]",False
EHP,ehp,Ehp,,0.97,typographic_normalization,"[""somente caixa, Unicode, espaços e pontuação foram normalizados""]",False
EIKI,eiki,Eiki,,0.97,typographic_normalization,"[""somente caixa, Unicode, espaços e pontuação foram normalizados""]",False
ELECTROLUX,electrolux,Electrolux,,0.97,typographic_normalization,"[""somente caixa, Unicode, espaços e pontuação foram normalizados""]",False
ELENBERG,elenberg,Elenberg,,0.97,typographic_normalization,"[""somente caixa, Unicode, espaços e pontuação foram normalizados""]",False
ELMO,elmo,Elmo,,0.97,typographic_normalization,"[""somente caixa, Unicode, espaços e pontuação foram normalizados""]",False
ELTA,elta,Elta,,0.97,typographic_normalization,"[""somente caixa, Unicode, espaços e pontuação foram normalizados""]",False
ELTASAT,eltasat,Eltasat,,0.97,typographic_normalization,"[""somente caixa, Unicode, espaços e pontuação foram normalizados""]",False
EMERSON,emerson,Emerson,,0.97,typographic_normalization,"[""somente caixa, Unicode, espaços e pontuação foram normalizados""]",False
EMOTIVA,emotiva,Emotiva,,0.97,typographic_normalization,"[""somente caixa, Unicode, espaços e pontuação foram normalizados""]",False
EMTEC,emtec,Emtec,,0.97,typographic_normalization,"[""somente caixa, Unicode, espaços e pontuação foram normalizados""]",False
ENOX,enox,Enox,,0.97,typographic_normalization,"[""somente caixa, Unicode, espaços e pontuação foram normalizados""]",False
ENTONE,entone,Entone,,0.97,typographic_normalization,"[""somente caixa, Unicode, espaços e pontuação foram normalizados""]",False
EPSON,epson,Epson,,0.97,typographic_normalization,"[""somente caixa, Unicode, espaços e pontuação foram normalizados""]",False
EUROSTAR,eurostar,Eurostar,,0.97,typographic_normalization,"[""somente caixa, Unicode, espaços e pontuação foram normalizados""]",False
EVE,eve,Eve,,0.97,typographic_normalization,"[""somente caixa, Unicode, espaços e pontuação foram normalizados""]",False
EVO,evo,Evo,,0.97,typographic_normalization,"[""somente caixa, Unicode, espaços e pontuação foram normalizados""]",False
EXAMPLE,example,Example,,0.97,typographic_normalization,"[""somente caixa, Unicode, espaços e pontuação foram normalizados""]",False
EYCOS,eycos,Eycos,,0.97,typographic_normalization,"[""somente caixa, Unicode, espaços e pontuação foram normalizados""]",False
E_Max,e-max,E_Max,,0.97,typographic_normalization,"[""somente caixa, Unicode, espaços e pontuação foram normalizados""]",False
Eagle_Aspen,eagle-aspen,Eagle_Aspen,,0.97,typographic_normalization,"[""somente caixa, Unicode, espaços e pontuação foram normalizados""]",False
Eakins,eakins,Eakins,,0.97,typographic_normalization,"[""somente caixa, Unicode, espaços e pontuação foram normalizados""]",False
Eastern,eastern,Eastern,,0.97,typographic_normalization,"[""somente caixa, Unicode, espaços e pontuação foram normalizados""]",False
EasyHome,easyhome,EasyHome,,0.97,typographic_normalization,"[""somente caixa, Unicode, espaços e pontuação foram normalizados""]",False
Eberg,eberg,Eberg,,0.97,typographic_normalization,"[""somente caixa, Unicode, espaços e pontuação foram normalizados""]",False
Echostar,echostar,Echostar,,0.97,typographic_normalization,"[""somente caixa, Unicode, espaços e pontuação foram normalizados""]",False
Ecofort,ecofort,Ecofort,,0.97,typographic_normalization,"[""somente caixa, Unicode, espaços e pontuação foram normalizados""]",False
Ecovac_RC1507_Robotics,ecovac-rc1507-robotics,Ecovac_RC1507_Robotics,,0.97,typographic_normalization,"[""somente caixa, Unicode, espaços e pontuação foram normalizados""]",False
Ecovacs,ecovacs,Ecovacs,,0.97,typographic_normalization,"[""somente caixa, Unicode, espaços e pontuação foram normalizados""]",False
EdenPURE,edenpure,EdenPURE,,0.97,typographic_normalization,"[""somente caixa, Unicode, espaços e pontuação foram normalizados""]",False
EdenWood,edenwood,EdenWood,,0.97,typographic_normalization,"[""somente caixa, Unicode, espaços e pontuação foram normalizados""]",False
Edifier,edifier,Edifier,,0.97,typographic_normalization,"[""somente caixa, Unicode, espaços e pontuação foram normalizados""]",False
Eichhorn,eichhorn,Eichhorn,,0.97,typographic_normalization,"[""somente caixa, Unicode, espaços e pontuação foram normalizados""]",False
Eike,eike,Eike,,0.97,typographic_normalization,"[""somente caixa, Unicode, espaços e pontuação foram normalizados""]",False
Eiki,eiki,Eiki,,0.97,typographic_normalization,"[""somente caixa, Unicode, espaços e pontuação foram normalizados""]",False
Elac,elac,Elac,,0.97,typographic_normalization,"[""somente caixa, Unicode, espaços e pontuação foram normalizados""]",False
Elan,elan,Elan,,0.97,typographic_normalization,"[""somente caixa, Unicode, espaços e pontuação foram normalizados""]",False
ElecHome,elechome,ElecHome,,0.97,typographic_normalization,"[""somente caixa, Unicode, espaços e pontuação foram normalizados""]",False
Electra,electra,Electra,,0.97,typographic_normalization,"[""somente caixa, Unicode, espaços e pontuação foram normalizados""]",False
Electrocompaniet,electrocompaniet,Electrocompaniet,,0.97,typographic_normalization,"[""somente caixa, Unicode, espaços e pontuação foram normalizados""]",False
Electrohome,electrohome,Electrohome,,0.97,typographic_normalization,"[""somente caixa, Unicode, espaços e pontuação foram normalizados""]",False
Electrokinetics,electrokinetics,Electrokinetics,,0.97,typographic_normalization,"[""somente caixa, Unicode, espaços e pontuação foram normalizados""]",False
Electrolux,electrolux,Electrolux,,0.97,typographic_normalization,"[""somente caixa, Unicode, espaços e pontuação foram normalizados""]",False
Electronics,electronics,Electronics,,0.97,typographic_normalization,"[""somente caixa, Unicode, espaços e pontuação foram normalizados""]",False
Element,element,Element,,0.97,typographic_normalization,"[""somente caixa, Unicode, espaços e pontuação foram normalizados""]",False
Elements,elements,Elements,,0.97,typographic_normalization,"[""somente caixa, Unicode, espaços e pontuação foram normalizados""]",False
Elenberg,elenberg,Elenberg,,0.97,typographic_normalization,"[""somente caixa, Unicode, espaços e pontuação foram normalizados""]",False
Elero,elero,Elero,,0.97,typographic_normalization,"[""somente caixa, Unicode, espaços e pontuação foram normalizados""]",False
Elisa_Viihde,elisa-viihde,Elisa_Viihde,,0.97,typographic_normalization,"[""somente caixa, Unicode, espaços e pontuação foram normalizados""]",False
Elite,elite,Elite,,0.97,typographic_normalization,"[""somente caixa, Unicode, espaços e pontuação foram normalizados""]",False
EliteScreens,elitescreens,EliteScreens,,0.97,typographic_normalization,"[""somente caixa, Unicode, espaços e pontuação foram normalizados""]",False
Elitelux,elitelux,Elitelux,,0.97,typographic_normalization,"[""somente caixa, Unicode, espaços e pontuação foram normalizados""]",False
Elitron,elitron,Elitron,,0.97,typographic_normalization,"[""somente caixa, Unicode, espaços e pontuação foram normalizados""]",False
Elmark,elmark,Elmark,,0.97,typographic_normalization,"[""somente caixa, Unicode, espaços e pontuação foram normalizados""]",False
Elmo,elmo,Elmo,,0.97,typographic_normalization,"[""somente caixa, Unicode, espaços e pontuação foram normalizados""]",False
Elune_Vision_Motorized_Projector_Screen,elune-vision-motorized-projector-screen,Elune_Vision_Motorized_Projector_Screen,,0.97,typographic_normalization,"[""somente caixa, Unicode, espaços e pontuação foram normalizados""]",False
Emerson,emerson,Emerson,,0.97,typographic_normalization,"[""somente caixa, Unicode, espaços e pontuação foram normalizados""]",False
Emotiva,emotiva,Emotiva,,0.97,typographic_normalization,"[""somente caixa, Unicode, espaços e pontuação foram normalizados""]",False
Emotiva_XDA-2_PreAmp,emotiva-xda-2-preamp,Emotiva_XDA-2_PreAmp,,0.97,typographic_normalization,"[""somente caixa, Unicode, espaços e pontuação foram normalizados""]",False
Enido,enido,Enido,,0.97,typographic_normalization,"[""somente caixa, Unicode, espaços e pontuação foram normalizados""]",False
Enseo,enseo,Enseo,,0.97,typographic_normalization,"[""somente caixa, Unicode, espaços e pontuação foram normalizados""]",False
Entone_Cable_Box,entone-cable-box,Entone_Cable_Box,,0.97,typographic_normalization,"[""somente caixa, Unicode, espaços e pontuação foram normalizados""]",False
Epson,epson,Epson,,0.97,typographic_normalization,"[""somente caixa, Unicode, espaços e pontuação foram normalizados""]",False
Equatlon,equatlon,Equatlon,,0.97,typographic_normalization,"[""somente caixa, Unicode, espaços e pontuação foram normalizados""]",False
Erisson,erisson,Erisson,,0.97,typographic_normalization,"[""somente caixa, Unicode, espaços e pontuação foram normalizados""]",False
Escient,escient,Escient,,0.97,typographic_normalization,"[""somente caixa, Unicode, espaços e pontuação foram normalizados""]",False
Esoteric,esoteric,Esoteric,,0.97,typographic_normalization,"[""somente caixa, Unicode, espaços e pontuação foram normalizados""]",False
Esoteric_Audio,esoteric-audio,Esoteric_Audio,,0.97,typographic_normalization,"[""somente caixa, Unicode, espaços e pontuação foram normalizados""]",False
EssentielB,essentielb,EssentielB,,0.97,typographic_normalization,"[""somente caixa, Unicode, espaços e pontuação foram normalizados""]",False
EsyLux,esylux,EsyLux,,0.97,typographic_normalization,"[""somente caixa, Unicode, espaços e pontuação foram normalizados""]",False
Eton,eton,Eton,,0.97,typographic_normalization,"[""somente caixa, Unicode, espaços e pontuação foram normalizados""]",False
Eufy,eufy,Eufy,,0.97,typographic_normalization,"[""somente caixa, Unicode, espaços e pontuação foram normalizados""]",False
Euroconsumers,euroconsumers,Euroconsumers,,0.97,typographic_normalization,"[""somente caixa, Unicode, espaços e pontuação foram normalizados""]",False
Eurolan,eurolan,Eurolan,,0.97,typographic_normalization,"[""somente caixa, Unicode, espaços e pontuação foram normalizados""]",False
Eurom,eurom,Eurom,,0.97,typographic_normalization,"[""somente caixa, Unicode, espaços e pontuação foram normalizados""]",False
EverQuest,everquest,EverQuest,,0.97,typographic_normalization,"[""somente caixa, Unicode, espaços e pontuação foram normalizados""]",False
Evolution,evolution,Evolution,,0.97,typographic_normalization,"[""somente caixa, Unicode, espaços e pontuação foram normalizados""]",False
Expressvu,expressvu,Expressvu,,0.97,typographic_normalization,"[""somente caixa, Unicode, espaços e pontuação foram normalizados""]",False
Extron,extron,Extron,,0.97,typographic_normalization,"[""somente caixa, Unicode, espaços e pontuação foram normalizados""]",False
FANTEC,fantec,Fantec,,0.97,typographic_normalization,"[""somente caixa, Unicode, espaços e pontuação foram normalizados""]",False
FANZTEC,fanztec,Fanztec,,0.97,typographic_normalization,"[""somente caixa, Unicode, espaços e pontuação foram normalizados""]",False
FAVAL,faval,Faval,,0.97,typographic_normalization,"[""somente caixa, Unicode, espaços e pontuação foram normalizados""]",False
FERGUSON,ferguson,Ferguson,,0.97,typographic_normalization,"[""somente caixa, Unicode, espaços e pontuação foram normalizados""]",False
FINLUX,finlux,Finlux,,0.97,typographic_normalization,"[""somente caixa, Unicode, espaços e pontuação foram normalizados""]",False
FIRSTLINE,firstline,Firstline,,0.97,typographic_normalization,"[""somente caixa, Unicode, espaços e pontuação foram normalizados""]",False
FISHER,fisher,Fisher,,0.97,typographic_normalization,"[""somente caixa, Unicode, espaços e pontuação foram normalizados""]",False
FLUID,fluid,Fluid,,0.97,typographic_normalization,"[""somente caixa, Unicode, espaços e pontuação foram normalizados""]",False
FOXTEL,foxtel,Foxtel,,0.97,typographic_normalization,"[""somente caixa, Unicode, espaços e pontuação foram normalizados""]",False
FREE,free,Free,,0.97,typographic_normalization,"[""somente caixa, Unicode, espaços e pontuação foram normalizados""]",False
FREECOM,freecom,Freecom,,0.97,typographic_normalization,"[""somente caixa, Unicode, espaços e pontuação foram normalizados""]",False
FREESKY,freesky,Freesky,,0.97,typographic_normalization,"[""somente caixa, Unicode, espaços e pontuação foram normalizados""]",False
FSC,fsc,Fsc,,0.97,typographic_normalization,"[""somente caixa, Unicode, espaços e pontuação foram normalizados""]",False
FTEMAXIMAL,ftemaximal,Ftemaximal,,0.97,typographic_normalization,"[""somente caixa, Unicode, espaços e pontuação foram normalizados""]",False
FTE_Maximal,fte-maximal,FTE_Maximal,,0.97,typographic_normalization,"[""somente caixa, Unicode, espaços e pontuação foram normalizados""]",False
FUBA,fuba,Fuba,,0.97,typographic_normalization,"[""somente caixa, Unicode, espaços e pontuação foram normalizados""]",False
FUNAI,funai,Funai,,0.97,typographic_normalization,"[""somente caixa, Unicode, espaços e pontuação foram normalizados""]",False
FUSION,fusion,Fusion,,0.97,typographic_normalization,"[""somente caixa, Unicode, espaços e pontuação foram normalizados""]",False
Fagor,fagor,Fagor,,0.97,typographic_normalization,"[""somente caixa, Unicode, espaços e pontuação foram normalizados""]",False
Fakir,fakir,Fakir,,0.97,typographic_normalization,"[""somente caixa, Unicode, espaços e pontuação foram normalizados""]",False
Falcon,falcon,Falcon,,0.97,typographic_normalization,"[""somente caixa, Unicode, espaços e pontuação foram normalizados""]",False
Fanfare,fanfare,Fanfare,,0.97,typographic_normalization,"[""somente caixa, Unicode, espaços e pontuação foram normalizados""]",False
Fanon,fanon,Fanon,,0.97,typographic_normalization,"[""somente caixa, Unicode, espaços e pontuação foram normalizados""]",False
Fantec,fantec,Fantec,,0.97,typographic_normalization,"[""somente caixa, Unicode, espaços e pontuação foram normalizados""]",False
Farenheit,farenheit,Farenheit,,0.97,typographic_normalization,"[""somente caixa, Unicode, espaços e pontuação foram normalizados""]",False
Faroudja,faroudja,Faroudja,,0.97,typographic_normalization,"[""somente caixa, Unicode, espaços e pontuação foram normalizados""]",False
Fast,fast,Fast,,0.97,typographic_normalization,"[""somente caixa, Unicode, espaços e pontuação foram normalizados""]",False
Fedders,fedders,Fedders,,0.97,typographic_normalization,"[""somente caixa, Unicode, espaços e pontuação foram normalizados""]",False
Feron,feron,Feron,,0.97,typographic_normalization,"[""somente caixa, Unicode, espaços e pontuação foram normalizados""]",False
Ferroli,ferroli,Ferroli,,0.97,typographic_normalization,"[""somente caixa, Unicode, espaços e pontuação foram normalizados""]",False
Fetch,fetch,Fetch,,0.97,typographic_normalization,"[""somente caixa, Unicode, espaços e pontuação foram normalizados""]",False
Ffalcon,ffalcon,Ffalcon,,0.97,typographic_normalization,"[""somente caixa, Unicode, espaços e pontuação foram normalizados""]",False
Firstline,firstline,Firstline,,0.97,typographic_normalization,"[""somente caixa, Unicode, espaços e pontuação foram normalizados""]",False
Fisher,fisher,Fisher,,0.97,typographic_normalization,"[""somente caixa, Unicode, espaços e pontuação foram normalizados""]",False
Fisher Price,fisher-price,Fisher Price,,0.97,typographic_normalization,"[""somente caixa, Unicode, espaços e pontuação foram normalizados""]",False
FlameMore,flamemore,FlameMore,,0.97,typographic_normalization,"[""somente caixa, Unicode, espaços e pontuação foram normalizados""]",False
FlarX,flarx,FlarX,,0.97,typographic_normalization,"[""somente caixa, Unicode, espaços e pontuação foram normalizados""]",False
Fluance,fluance,Fluance,,0.97,typographic_normalization,"[""somente caixa, Unicode, espaços e pontuação foram normalizados""]",False
Focus,focus,Focus,,0.97,typographic_normalization,"[""somente caixa, Unicode, espaços e pontuação foram normalizados""]",False
Formuler,formuler,Formuler,,0.97,typographic_normalization,"[""somente caixa, Unicode, espaços e pontuação foram normalizados""]",False
Fortec,fortec,Fortec,,0.97,typographic_normalization,"[""somente caixa, Unicode, espaços e pontuação foram normalizados""]",False
Fosgate,fosgate,Fosgate,,0.97,typographic_normalization,"[""somente caixa, Unicode, espaços e pontuação foram normalizados""]",False
Fosgate_Audionics,fosgate-audionics,Fosgate_Audionics,,0.97,typographic_normalization,"[""somente caixa, Unicode, espaços e pontuação foram normalizados""]",False
Fosi_Audio,fosi-audio,Fosi_Audio,,0.97,typographic_normalization,"[""somente caixa, Unicode, espaços e pontuação foram normalizados""]",False
Fossi Audio,fossi-audio,Fossi Audio,,0.97,typographic_normalization,"[""somente caixa, Unicode, espaços e pontuação foram normalizados""]",False
Fostex,fostex,Fostex,,0.97,typographic_normalization,"[""somente caixa, Unicode, espaços e pontuação foram normalizados""]",False
Fox,fox,Fox,,0.97,typographic_normalization,"[""somente caixa, Unicode, espaços e pontuação foram normalizados""]",False
Foxtel,foxtel,Foxtel,,0.97,typographic_normalization,"[""somente caixa, Unicode, espaços e pontuação foram normalizados""]",False
FranSat,fransat,FranSat,,0.97,typographic_normalization,"[""somente caixa, Unicode, espaços e pontuação foram normalizados""]",False
Free,free,Free,,0.97,typographic_normalization,"[""somente caixa, Unicode, espaços e pontuação foram normalizados""]",False
Freecom,freecom,Freecom,,0.97,typographic_normalization,"[""somente caixa, Unicode, espaços e pontuação foram normalizados""]",False
Fresat,fresat,Fresat,,0.97,typographic_normalization,"[""somente caixa, Unicode, espaços e pontuação foram normalizados""]",False
Frico,frico,Frico,,0.97,typographic_normalization,"[""somente caixa, Unicode, espaços e pontuação foram normalizados""]",False
Friedrich,friedrich,Friedrich,,0.97,typographic_normalization,"[""somente caixa, Unicode, espaços e pontuação foram normalizados""]",False
Frigidaire,frigidaire,Frigidaire,,0.97,typographic_normalization,"[""somente caixa, Unicode, espaços e pontuação foram normalizados""]",False
Fujidenzo,fujidenzo,Fujidenzo,,0.97,typographic_normalization,"[""somente caixa, Unicode, espaços e pontuação foram normalizados""]",False
Fujifilm,fujifilm,Fujifilm,,0.97,typographic_normalization,"[""somente caixa, Unicode, espaços e pontuação foram normalizados""]",False
Fujitsu,fujitsu,Fujitsu,,0.97,typographic_normalization,"[""somente caixa, Unicode, espaços e pontuação foram normalizados""]",False
Fujitsu_Siemens,fujitsu-siemens,Fujitsu_Siemens,,0.97,typographic_normalization,"[""somente caixa, Unicode, espaços e pontuação foram normalizados""]",False
Fujtech,fujtech,Fujtech,,0.97,typographic_normalization,"[""somente caixa, Unicode, espaços e pontuação foram normalizados""]",False
Funai,funai,Funai,,0.97,typographic_normalization,"[""somente caixa, Unicode, espaços e pontuação foram normalizados""]",False
Furrion,furrion,Furrion,,0.97,typographic_normalization,"[""somente caixa, Unicode, espaços e pontuação foram normalizados""]",False
Fusion_Research,fusion-research,Fusion_Research,,0.97,typographic_normalization,"[""somente caixa, Unicode, espaços e pontuação foram normalizados""]",False
Fust,fust,Fust,,0.97,typographic_normalization,"[""somente caixa, Unicode, espaços e pontuação foram normalizados""]",False
G-Story,g-story,G-Story,,0.97,typographic_normalization,"[""somente caixa, Unicode, espaços e pontuação foram normalizados""]",False
GAMEFACTORY,gamefactory,Gamefactory,,0.97,typographic_normalization,"[""somente caixa, Unicode, espaços e pontuação foram normalizados""]",False
GANXIN,ganxin,Ganxin,,0.97,typographic_normalization,"[""somente caixa, Unicode, espaços e pontuação foram normalizados""]",False
GBC,gbc,Gbc,,0.97,typographic_normalization,"[""somente caixa, Unicode, espaços e pontuação foram normalizados""]",False
GC_Electronics,gc-electronics,GC_Electronics,,0.97,typographic_normalization,"[""somente caixa, Unicode, espaços e pontuação foram normalizados""]",False
GE,ge,Ge,,0.97,typographic_normalization,"[""somente caixa, Unicode, espaços e pontuação foram normalizados""]",False
GEANT,geant,Geant,,0.97,typographic_normalization,"[""somente caixa, Unicode, espaços e pontuação foram normalizados""]",False
GEAR4,gear4,Gear4,,0.97,typographic_normalization,"[""somente caixa, Unicode, espaços e pontuação foram normalizados""]",False
GENIUS,genius,Genius,,0.97,typographic_normalization,"[""somente caixa, Unicode, espaços e pontuação foram normalizados""]",False
GETNER,getner,Getner,,0.97,typographic_normalization,"[""somente caixa, Unicode, espaços e pontuação foram normalizados""]",False
GIGABLUE,gigablue,Gigablue,,0.97,typographic_normalization,"[""somente caixa, Unicode, espaços e pontuação foram normalizados""]",False
GLOBALSAT,globalsat,Globalsat,,0.97,typographic_normalization,"[""somente caixa, Unicode, espaços e pontuação foram normalizados""]",False
GLOBO,globo,Globo,,0.97,typographic_normalization,"[""somente caixa, Unicode, espaços e pontuação foram normalizados""]",False
GOLD,gold,Gold,,0.97,typographic_normalization,"[""somente caixa, Unicode, espaços e pontuação foram normalizados""]",False
GOLDEN MEDIA,golden-media,Golden Media,,0.97,typographic_normalization,"[""somente caixa, Unicode, espaços e pontuação foram normalizados""]",False
GOLDMASTER,goldmaster,Goldmaster,,0.97,typographic_normalization,"[""somente caixa, Unicode, espaços e pontuação foram normalizados""]",False
GOSPELL,gospell,Gospell,,0.97,typographic_normalization,"[""somente caixa, Unicode, espaços e pontuação foram normalizados""]",False
GPX,gpx,Gpx,,0.97,typographic_normalization,"[""somente caixa, Unicode, espaços e pontuação foram normalizados""]",False
GRANDIN,grandin,Grandin,,0.97,typographic_normalization,"[""somente caixa, Unicode, espaços e pontuação foram normalizados""]",False
GREE,gree,Gree,,0.97,typographic_normalization,"[""somente caixa, Unicode, espaços e pontuação foram normalizados""]",False
GRUNDIG,grundig,Grundig,,0.97,typographic_normalization,"[""somente caixa, Unicode, espaços e pontuação foram normalizados""]",False
GVA,gva,Gva,,0.97,typographic_normalization,"[""somente caixa, Unicode, espaços e pontuação foram normalizados""]",False
GVC,gvc,Gvc,,0.97,typographic_normalization,"[""somente caixa, Unicode, espaços e pontuação foram normalizados""]",False
Gakken,gakken,Gakken,,0.97,typographic_normalization,"[""somente caixa, Unicode, espaços e pontuação foram normalizados""]",False
Gako,gako,Gako,,0.97,typographic_normalization,"[""somente caixa, Unicode, espaços e pontuação foram normalizados""]",False
Galaxis,galaxis,Galaxis,,0.97,typographic_normalization,"[""somente caixa, Unicode, espaços e pontuação foram normalizados""]",False
Gateway,gateway,Gateway,,0.97,typographic_normalization,"[""somente caixa, Unicode, espaços e pontuação foram normalizados""]",False
Gefen_Systems,gefen-systems,Gefen_Systems,,0.97,typographic_normalization,"[""somente caixa, Unicode, espaços e pontuação foram normalizados""]",False
General,general,General,,0.97,typographic_normalization,"[""somente caixa, Unicode, espaços e pontuação foram normalizados""]",False
General_Electric,general-electric,General_Electric,,0.97,typographic_normalization,"[""somente caixa, Unicode, espaços e pontuação foram normalizados""]",False
General_Instrument,general-instrument,General_Instrument,,0.97,typographic_normalization,"[""somente caixa, Unicode, espaços e pontuação foram normalizados""]",False
General_Instruments,general-instruments,General_Instruments,,0.97,typographic_normalization,"[""somente caixa, Unicode, espaços e pontuação foram normalizados""]",False
Generic_Unknown_Brand,generic-unknown-brand,Generic_Unknown_Brand,,0.97,typographic_normalization,"[""somente caixa, Unicode, espaços e pontuação foram normalizados""]",False
Genesis,genesis,Genesis,,0.97,typographic_normalization,"[""somente caixa, Unicode, espaços e pontuação foram normalizados""]",False
Geneva,geneva,Geneva,,0.97,typographic_normalization,"[""somente caixa, Unicode, espaços e pontuação foram normalizados""]",False
Geniatech,geniatech,Geniatech,,0.97,typographic_normalization,"[""somente caixa, Unicode, espaços e pontuação foram normalizados""]",False
Genius,genius,Genius,,0.97,typographic_normalization,"[""somente caixa, Unicode, espaços e pontuação foram normalizados""]",False
Genus,genus,Genus,,0.97,typographic_normalization,"[""somente caixa, Unicode, espaços e pontuação foram normalizados""]",False
Gericom,gericom,Gericom,,0.97,typographic_normalization,"[""somente caixa, Unicode, espaços e pontuação foram normalizados""]",False
Get,get,Get,,0.97,typographic_normalization,"[""somente caixa, Unicode, espaços e pontuação foram normalizados""]",False
Gigabyte,gigabyte,Gigabyte,,0.97,typographic_normalization,"[""somente caixa, Unicode, espaços e pontuação foram normalizados""]",False
GlobeCast,globecast,GlobeCast,,0.97,typographic_normalization,"[""somente caixa, Unicode, espaços e pontuação foram normalizados""]",False
Globo,globo,Globo,,0.97,typographic_normalization,"[""somente caixa, Unicode, espaços e pontuação foram normalizados""]",False
GoVideo,govideo,GoVideo,,0.97,typographic_normalization,"[""somente caixa, Unicode, espaços e pontuação foram normalizados""]",False
Go_Video,go-video,Go_Video,,0.97,typographic_normalization,"[""somente caixa, Unicode, espaços e pontuação foram normalizados""]",False
Gogen,gogen,Gogen,,0.97,typographic_normalization,"[""somente caixa, Unicode, espaços e pontuação foram normalizados""]",False
GoldStar,goldstar,GoldStar,,0.97,typographic_normalization,"[""somente caixa, Unicode, espaços e pontuação foram normalizados""]",False
Gold_Lough_LED_Color_Changing_Ball,gold-lough-led-color-changing-ball,Gold_Lough_LED_Color_Changing_Ball,,0.97,typographic_normalization,"[""somente caixa, Unicode, espaços e pontuação foram normalizados""]",False
GoldenVantage,goldenvantage,GoldenVantage,,0.97,typographic_normalization,"[""somente caixa, Unicode, espaços e pontuação foram normalizados""]",False
Golden_Interstar,golden-interstar,Golden_Interstar,,0.97,typographic_normalization,"[""somente caixa, Unicode, espaços e pontuação foram normalizados""]",False
Golden_Power,golden-power,Golden_Power,,0.97,typographic_normalization,"[""somente caixa, Unicode, espaços e pontuação foram normalizados""]",False
Goldmund,goldmund,Goldmund,,0.97,typographic_normalization,"[""somente caixa, Unicode, espaços e pontuação foram normalizados""]",False
GoodHome,goodhome,GoodHome,,0.97,typographic_normalization,"[""somente caixa, Unicode, espaços e pontuação foram normalizados""]",False
Goodmans,goodmans,Goodmans,,0.97,typographic_normalization,"[""somente caixa, Unicode, espaços e pontuação foram normalizados""]",False
Goofy_Htwon,goofy-htwon,Goofy_Htwon,,0.97,typographic_normalization,"[""somente caixa, Unicode, espaços e pontuação foram normalizados""]",False
Govee,govee,Govee,,0.97,typographic_normalization,"[""somente caixa, Unicode, espaços e pontuação foram normalizados""]",False
Govideo,govideo,Govideo,,0.97,typographic_normalization,"[""somente caixa, Unicode, espaços e pontuação foram normalizados""]",False
Grace_Digital,grace-digital,Grace_Digital,,0.97,typographic_normalization,"[""somente caixa, Unicode, espaços e pontuação foram normalizados""]",False
Gradiente,gradiente,Gradiente,,0.97,typographic_normalization,"[""somente caixa, Unicode, espaços e pontuação foram normalizados""]",False
Gran_Prix,gran-prix,Gran_Prix,,0.97,typographic_normalization,"[""somente caixa, Unicode, espaços e pontuação foram normalizados""]",False
Grand_Channel,grand-channel,Grand_Channel,,0.97,typographic_normalization,"[""somente caixa, Unicode, espaços e pontuação foram normalizados""]",False
Grand_Tech,grand-tech,Grand_Tech,,0.97,typographic_normalization,"[""somente caixa, Unicode, espaços e pontuação foram normalizados""]",False
Grandin,grandin,Grandin,,0.97,typographic_normalization,"[""somente caixa, Unicode, espaços e pontuação foram normalizados""]",False
Griffin,griffin,Griffin,,0.97,typographic_normalization,"[""somente caixa, Unicode, espaços e pontuação foram normalizados""]",False
Groview,groview,Groview,,0.97,typographic_normalization,"[""somente caixa, Unicode, espaços e pontuação foram normalizados""]",False
Grundig,grundig,Grundig,,0.97,typographic_normalization,"[""somente caixa, Unicode, espaços e pontuação foram normalizados""]",False
Gryphon,gryphon,Gryphon,,0.97,typographic_normalization,"[""somente caixa, Unicode, espaços e pontuação foram normalizados""]",False
GuestTek,guesttek,GuestTek,,0.97,typographic_normalization,"[""somente caixa, Unicode, espaços e pontuação foram normalizados""]",False
Guillemot,guillemot,Guillemot,,0.97,typographic_normalization,"[""somente caixa, Unicode, espaços e pontuação foram normalizados""]",False
Gym_HIIT,gym-hiit,Gym_HIIT,,0.97,typographic_normalization,"[""somente caixa, Unicode, espaços e pontuação foram normalizados""]",False
HAIER,haier,Haier,,0.97,typographic_normalization,"[""somente caixa, Unicode, espaços e pontuação foram normalizados""]",False
HANNSPREE,hannspree,Hannspree,,0.97,typographic_normalization,"[""somente caixa, Unicode, espaços e pontuação foram normalizados""]",False
HANTAREX,hantarex,Hantarex,,0.97,typographic_normalization,"[""somente caixa, Unicode, espaços e pontuação foram normalizados""]",False
HARMAN HARDON,harman-hardon,Harman Hardon,,0.97,typographic_normalization,"[""somente caixa, Unicode, espaços e pontuação foram normalizados""]",False
HARMAN KARDON,harman-kardon,Harman Kardon,,0.97,typographic_normalization,"[""somente caixa, Unicode, espaços e pontuação foram normalizados""]",False
HAUPPAUGE,hauppauge,Hauppauge,,0.97,typographic_normalization,"[""somente caixa, Unicode, espaços e pontuação foram normalizados""]",False
HB,hb,Hb,,0.97,typographic_normalization,"[""somente caixa, Unicode, espaços e pontuação foram normalizados""]",False
HB DIGITAL,hb-digital,Hb Digital,,0.97,typographic_normalization,"[""somente caixa, Unicode, espaços e pontuação foram normalizados""]",False
HE@D,he-d,He@D,,0.97,typographic_normalization,"[""somente caixa, Unicode, espaços e pontuação foram normalizados""]",False
HGomx,hgomx,HGomx,,0.97,typographic_normalization,"[""somente caixa, Unicode, espaços e pontuação foram normalizados""]",False
HIMEDIA,himedia,Himedia,,0.97,typographic_normalization,"[""somente caixa, Unicode, espaços e pontuação foram normalizados""]",False
HIPHOPTOY,hiphoptoy,Hiphoptoy,,0.97,typographic_normalization,"[""somente caixa, Unicode, espaços e pontuação foram normalizados""]",False
HIRSCHMANN,hirschmann,Hirschmann,,0.97,typographic_normalization,"[""somente caixa, Unicode, espaços e pontuação foram normalizados""]",False
HISENSE,hisense,Hisense,,0.97,typographic_normalization,"[""somente caixa, Unicode, espaços e pontuação foram normalizados""]",False
HITACHI,hitachi,Hitachi,,0.97,typographic_normalization,"[""somente caixa, Unicode, espaços e pontuação foram normalizados""]",False
HITEKER,hiteker,Hiteker,,0.97,typographic_normalization,"[""somente caixa, Unicode, espaços e pontuação foram normalizados""]",False
HLKZine,hlkzine,HLKZine,,0.97,typographic_normalization,"[""somente caixa, Unicode, espaços e pontuação foram normalizados""]",False
HOBOT,hobot,Hobot,,0.97,typographic_normalization,"[""somente caixa, Unicode, espaços e pontuação foram normalizados""]",False
HP,hp,Hp,,0.97,typographic_normalization,"[""somente caixa, Unicode, espaços e pontuação foram normalizados""]",False
HQ,hq,Hq,,0.97,typographic_normalization,"[""somente caixa, Unicode, espaços e pontuação foram normalizados""]",False
HQV,hqv,Hqv,,0.97,typographic_normalization,"[""somente caixa, Unicode, espaços e pontuação foram normalizados""]",False
HUAWEI,huawei,Huawei,,0.97,typographic_normalization,"[""somente caixa, Unicode, espaços e pontuação foram normalizados""]",False
HUMAX,humax,Humax,,0.97,typographic_normalization,"[""somente caixa, Unicode, espaços e pontuação foram normalizados""]",False
Haier,haier,Haier,,0.97,typographic_normalization,"[""somente caixa, Unicode, espaços e pontuação foram normalizados""]",False
Haivision,haivision,Haivision,,0.97,typographic_normalization,"[""somente caixa, Unicode, espaços e pontuação foram normalizados""]",False
Hallmark,hallmark,Hallmark,,0.97,typographic_normalization,"[""somente caixa, Unicode, espaços e pontuação foram normalizados""]",False
Hama,hama,Hama,,0.97,typographic_normalization,"[""somente caixa, Unicode, espaços e pontuação foram normalizados""]",False
Hampton Bay,hampton-bay,Hampton Bay,,0.97,typographic_normalization,"[""somente caixa, Unicode, espaços e pontuação foram normalizados""]",False
Hampton_Bay,hampton-bay,Hampton_Bay,,0.97,typographic_normalization,"[""somente caixa, Unicode, espaços e pontuação foram normalizados""]",False
Harman_Kardon,harman-kardon,Harman_Kardon,,0.97,typographic_normalization,"[""somente caixa, Unicode, espaços e pontuação foram normalizados""]",False
Harman_Video,harman-video,Harman_Video,,0.97,typographic_normalization,"[""somente caixa, Unicode, espaços e pontuação foram normalizados""]",False
Harmony,harmony,Harmony,,0.97,typographic_normalization,"[""somente caixa, Unicode, espaços e pontuação foram normalizados""]",False
Hasbro,hasbro,Hasbro,,0.97,typographic_normalization,"[""somente caixa, Unicode, espaços e pontuação foram normalizados""]",False
Hatari,hatari,Hatari,,0.97,typographic_normalization,"[""somente caixa, Unicode, espaços e pontuação foram normalizados""]",False
Hauppauge,hauppauge,Hauppauge,,0.97,typographic_normalization,"[""somente caixa, Unicode, espaços e pontuação foram normalizados""]",False
Hayear,hayear,Hayear,,0.97,typographic_normalization,"[""somente caixa, Unicode, espaços e pontuação foram normalizados""]",False
Hello_Kitty,hello-kitty,Hello_Kitty,,0.97,typographic_normalization,"[""somente caixa, Unicode, espaços e pontuação foram normalizados""]",False
Herma,herma,Herma,,0.97,typographic_normalization,"[""somente caixa, Unicode, espaços e pontuação foram normalizados""]",False
Hermstedt,hermstedt,Hermstedt,,0.97,typographic_normalization,"[""somente caixa, Unicode, espaços e pontuação foram normalizados""]",False
Hewlett_Packard,hewlett-packard,Hewlett_Packard,,0.97,typographic_normalization,"[""somente caixa, Unicode, espaços e pontuação foram normalizados""]",False
HexBug_Remote,hexbug-remote,HexBug_Remote,,0.97,typographic_normalization,"[""somente caixa, Unicode, espaços e pontuação foram normalizados""]",False
Hieneking_Media,hieneking-media,Hieneking_Media,,0.97,typographic_normalization,"[""somente caixa, Unicode, espaços e pontuação foram normalizados""]",False
Hikvision,hikvision,Hikvision,,0.97,typographic_normalization,"[""somente caixa, Unicode, espaços e pontuação foram normalizados""]",False
Hinen_Electronics,hinen-electronics,Hinen_Electronics,,0.97,typographic_normalization,"[""somente caixa, Unicode, espaços e pontuação foram normalizados""]",False
Hip_Interactive,hip-interactive,Hip_Interactive,,0.97,typographic_normalization,"[""somente caixa, Unicode, espaços e pontuação foram normalizados""]",False
Hirschmann,hirschmann,Hirschmann,,0.97,typographic_normalization,"[""somente caixa, Unicode, espaços e pontuação foram normalizados""]",False
Hisense,hisense,Hisense,,0.97,typographic_normalization,"[""somente caixa, Unicode, espaços e pontuação foram normalizados""]",False
Hitachi,hitachi,Hitachi,,0.97,typographic_normalization,"[""somente caixa, Unicode, espaços e pontuação foram normalizados""]",False
Hiteker,hiteker,Hiteker,,0.97,typographic_normalization,"[""somente caixa, Unicode, espaços e pontuação foram normalizados""]",False
Hivion,hivion,Hivion,,0.97,typographic_normalization,"[""somente caixa, Unicode, espaços e pontuação foram normalizados""]",False
Hob2Hood,hob2hood,Hob2Hood,,0.97,typographic_normalization,"[""somente caixa, Unicode, espaços e pontuação foram normalizados""]",False
Hokkaido,hokkaido,Hokkaido,,0.97,typographic_normalization,"[""somente caixa, Unicode, espaços e pontuação foram normalizados""]",False
Holmes,holmes,Holmes,,0.97,typographic_normalization,"[""somente caixa, Unicode, espaços e pontuação foram normalizados""]",False
Homday,homday,Homday,,0.97,typographic_normalization,"[""somente caixa, Unicode, espaços e pontuação foram normalizados""]",False
HomeMost_LED,homemost-led,HomeMost_LED,,0.97,typographic_normalization,"[""somente caixa, Unicode, espaços e pontuação foram normalizados""]",False
Homecast,homecast,Homecast,,0.97,typographic_normalization,"[""somente caixa, Unicode, espaços e pontuação foram normalizados""]",False
Homedics,homedics,Homedics,,0.97,typographic_normalization,"[""somente caixa, Unicode, espaços e pontuação foram normalizados""]",False
Homezest,homezest,Homezest,,0.97,typographic_normalization,"[""somente caixa, Unicode, espaços e pontuação foram normalizados""]",False
Honeywell,honeywell,Honeywell,,0.97,typographic_normalization,"[""somente caixa, Unicode, espaços e pontuação foram normalizados""]",False
Hotels,hotels,Hotels,,0.97,typographic_normalization,"[""somente caixa, Unicode, espaços e pontuação foram normalizados""]",False
Houston_Tracking_Systems,houston-tracking-systems,Houston_Tracking_Systems,,0.97,typographic_normalization,"[""somente caixa, Unicode, espaços e pontuação foram normalizados""]",False
Hovvida,hovvida,Hovvida,,0.97,typographic_normalization,"[""somente caixa, Unicode, espaços e pontuação foram normalizados""]",False
Huawei,huawei,Huawei,,0.97,typographic_normalization,"[""somente caixa, Unicode, espaços e pontuação foram normalizados""]",False
Hughes,hughes,Hughes,,0.97,typographic_normalization,"[""somente caixa, Unicode, espaços e pontuação foram normalizados""]",False
Hughes_JVC,hughes-jvc,Hughes_JVC,,0.97,typographic_normalization,"[""somente caixa, Unicode, espaços e pontuação foram normalizados""]",False
Humax,humax,Humax,,0.97,typographic_normalization,"[""somente caixa, Unicode, espaços e pontuação foram normalizados""]",False
Hunter_Douglas,hunter-douglas,Hunter_Douglas,,0.97,typographic_normalization,"[""somente caixa, Unicode, espaços e pontuação foram normalizados""]",False
Hxweiye,hxweiye,Hxweiye,,0.97,typographic_normalization,"[""somente caixa, Unicode, espaços e pontuação foram normalizados""]",False
Hyundai,hyundai,Hyundai,,0.97,typographic_normalization,"[""somente caixa, Unicode, espaços e pontuação foram normalizados""]",False
I-O_Data,i-o-data,I-O_Data,,0.97,typographic_normalization,"[""somente caixa, Unicode, espaços e pontuação foram normalizados""]",False
I-Point,i-point,I-Point,,0.97,typographic_normalization,"[""somente caixa, Unicode, espaços e pontuação foram normalizados""]",False
I24,i24,I24,,0.97,typographic_normalization,"[""somente caixa, Unicode, espaços e pontuação foram normalizados""]",False
IAMM,iamm,Iamm,,0.97,typographic_normalization,"[""somente caixa, Unicode, espaços e pontuação foram normalizados""]",False
IBIZA_Sound,ibiza-sound,IBIZA_Sound,,0.97,typographic_normalization,"[""somente caixa, Unicode, espaços e pontuação foram normalizados""]",False
ID DIGITAL,id-digital,Id Digital,,0.97,typographic_normalization,"[""somente caixa, Unicode, espaços e pontuação foram normalizados""]",False
IECC,iecc,Iecc,,0.97,typographic_normalization,"[""somente caixa, Unicode, espaços e pontuação foram normalizados""]",False
ILIVE,ilive,Ilive,,0.97,typographic_normalization,"[""somente caixa, Unicode, espaços e pontuação foram normalizados""]",False
IMPERIAL,imperial,Imperial,,0.97,typographic_normalization,"[""somente caixa, Unicode, espaços e pontuação foram normalizados""]",False
IMerge,imerge,IMerge,,0.97,typographic_normalization,"[""somente caixa, Unicode, espaços e pontuação foram normalizados""]",False
IN-TECH,in-tech,In-Tech,,0.97,typographic_normalization,"[""somente caixa, Unicode, espaços e pontuação foram normalizados""]",False
INFOCUS,infocus,Infocus,,0.97,typographic_normalization,"[""somente caixa, Unicode, espaços e pontuação foram normalizados""]",False
INNO-HIT,inno-hit,Inno-Hit,,0.97,typographic_normalization,"[""somente caixa, Unicode, espaços e pontuação foram normalizados""]",False
INSIGNIA,insignia,Insignia,,0.97,typographic_normalization,"[""somente caixa, Unicode, espaços e pontuação foram normalizados""]",False
INVERTO,inverto,Inverto,,0.97,typographic_normalization,"[""somente caixa, Unicode, espaços e pontuação foram normalizados""]",False
IOMEGA,iomega,Iomega,,0.97,typographic_normalization,"[""somente caixa, Unicode, espaços e pontuação foram normalizados""]",False
ION,ion,Ion,,0.97,typographic_normalization,"[""somente caixa, Unicode, espaços e pontuação foram normalizados""]",False
IQAir,iqair,IQAir,,0.97,typographic_normalization,"[""somente caixa, Unicode, espaços e pontuação foram normalizados""]",False
IR4PS3,ir4ps3,Ir4Ps3,,0.97,typographic_normalization,"[""somente caixa, Unicode, espaços e pontuação foram normalizados""]",False
IRRADIO,irradio,Irradio,,0.97,typographic_normalization,"[""somente caixa, Unicode, espaços e pontuação foram normalizados""]",False
ISY,isy,Isy,,0.97,typographic_normalization,"[""somente caixa, Unicode, espaços e pontuação foram normalizados""]",False
ITT,itt,Itt,,0.97,typographic_normalization,"[""somente caixa, Unicode, espaços e pontuação foram normalizados""]",False
Igenix,igenix,Igenix,,0.97,typographic_normalization,"[""somente caixa, Unicode, espaços e pontuação foram normalizados""]",False
Illusion,illusion,Illusion,,0.97,typographic_normalization,"[""somente caixa, Unicode, espaços e pontuação foram normalizados""]",False
Imerge,imerge,Imerge,,0.97,typographic_normalization,"[""somente caixa, Unicode, espaços e pontuação foram normalizados""]",False
InFocus,infocus,InFocus,,0.97,typographic_normalization,"[""somente caixa, Unicode, espaços e pontuação foram normalizados""]",False
InFocus_Systems,infocus-systems,InFocus_Systems,,0.97,typographic_normalization,"[""somente caixa, Unicode, espaços e pontuação foram normalizados""]",False
Innova,innova,Innova,,0.97,typographic_normalization,"[""somente caixa, Unicode, espaços e pontuação foram normalizados""]",False
Insigna,insigna,Insigna,,0.97,typographic_normalization,"[""somente caixa, Unicode, espaços e pontuação foram normalizados""]",False
Insignia,insignia,Insignia,,0.97,typographic_normalization,"[""somente caixa, Unicode, espaços e pontuação foram normalizados""]",False
Instant_Replay,instant-replay,Instant_Replay,,0.97,typographic_normalization,"[""somente caixa, Unicode, espaços e pontuação foram normalizados""]",False
Integra,integra,Integra,,0.97,typographic_normalization,"[""somente caixa, Unicode, espaços e pontuação foram normalizados""]",False
IntelliNet_Controls,intellinet-controls,IntelliNet_Controls,,0.97,typographic_normalization,"[""somente caixa, Unicode, espaços e pontuação foram normalizados""]",False
Interact,interact,Interact,,0.97,typographic_normalization,"[""somente caixa, Unicode, espaços e pontuação foram normalizados""]",False
Intervideo,intervideo,Intervideo,,0.97,typographic_normalization,"[""somente caixa, Unicode, espaços e pontuação foram normalizados""]",False
Intervision,intervision,Intervision,,0.97,typographic_normalization,"[""somente caixa, Unicode, espaços e pontuação foram normalizados""]",False
Inventum,inventum,Inventum,,0.97,typographic_normalization,"[""somente caixa, Unicode, espaços e pontuação foram normalizados""]",False
Irradio,irradio,Irradio,,0.97,typographic_normalization,"[""somente caixa, Unicode, espaços e pontuação foram normalizados""]",False
JAYTECH,jaytech,Jaytech,,0.97,typographic_normalization,"[""somente caixa, Unicode, espaços e pontuação foram normalizados""]",False
JBK,jbk,Jbk,,0.97,typographic_normalization,"[""somente caixa, Unicode, espaços e pontuação foram normalizados""]",False
JBL,jbl,Jbl,,0.97,typographic_normalization,"[""somente caixa, Unicode, espaços e pontuação foram normalizados""]",False
JB_Systems,jb-systems,JB_Systems,,0.97,typographic_normalization,"[""somente caixa, Unicode, espaços e pontuação foram normalizados""]",False
JENSEN,jensen,Jensen,,0.97,typographic_normalization,"[""somente caixa, Unicode, espaços e pontuação foram normalizados""]",False
JEPSSEN,jepssen,Jepssen,,0.97,typographic_normalization,"[""somente caixa, Unicode, espaços e pontuação foram normalizados""]",False
JETTools,jettools,JETTools,,0.97,typographic_normalization,"[""somente caixa, Unicode, espaços e pontuação foram normalizados""]",False
JVC,jvc,Jvc,,0.97,typographic_normalization,"[""somente caixa, Unicode, espaços e pontuação foram normalizados""]",False
JYSK,jysk,Jysk,,0.97,typographic_normalization,"[""somente caixa, Unicode, espaços e pontuação foram normalizados""]",False
Jamara,jamara,Jamara,,0.97,typographic_normalization,"[""somente caixa, Unicode, espaços e pontuação foram normalizados""]",False
Jamo,jamo,Jamo,,0.97,typographic_normalization,"[""somente caixa, Unicode, espaços e pontuação foram normalizados""]",False
Jaton,jaton,Jaton,,0.97,typographic_normalization,"[""somente caixa, Unicode, espaços e pontuação foram normalizados""]",False
Jerrold,jerrold,Jerrold,,0.97,typographic_normalization,"[""somente caixa, Unicode, espaços e pontuação foram normalizados""]",False
Jet,jet,Jet,,0.97,typographic_normalization,"[""somente caixa, Unicode, espaços e pontuação foram normalizados""]",False
Jialine_Candle,jialine-candle,Jialine_Candle,,0.97,typographic_normalization,"[""somente caixa, Unicode, espaços e pontuação foram normalizados""]",False
Jinhoo,jinhoo,Jinhoo,,0.97,typographic_normalization,"[""somente caixa, Unicode, espaços e pontuação foram normalizados""]",False
Jukebox,jukebox,Jukebox,,0.97,typographic_normalization,"[""somente caixa, Unicode, espaços e pontuação foram normalizados""]",False
K-Line,k-line,K-Line,,0.97,typographic_normalization,"[""somente caixa, Unicode, espaços e pontuação foram normalizados""]",False
KAON,kaon,Kaon,,0.97,typographic_normalization,"[""somente caixa, Unicode, espaços e pontuação foram normalizados""]",False
KATHREIN,kathrein,Kathrein,,0.97,typographic_normalization,"[""somente caixa, Unicode, espaços e pontuação foram normalizados""]",False
KAWA,kawa,Kawa,,0.97,typographic_normalization,"[""somente caixa, Unicode, espaços e pontuação foram normalizados""]",False
KDK,kdk,Kdk,,0.97,typographic_normalization,"[""somente caixa, Unicode, espaços e pontuação foram normalizados""]",False
KDS,kds,Kds,,0.97,typographic_normalization,"[""somente caixa, Unicode, espaços e pontuação foram normalizados""]",False
KEF,kef,Kef,,0.97,typographic_normalization,"[""somente caixa, Unicode, espaços e pontuação foram normalizados""]",False
KENDO,kendo,Kendo,,0.97,typographic_normalization,"[""somente caixa, Unicode, espaços e pontuação foram normalizados""]",False
KENMORE,kenmore,Kenmore,,0.97,typographic_normalization,"[""somente caixa, Unicode, espaços e pontuação foram normalizados""]",False
KENWOOD,kenwood,Kenwood,,0.97,typographic_normalization,"[""somente caixa, Unicode, espaços e pontuação foram normalizados""]",False
KEY_DIGITAL,key-digital,Key_Digital,,0.97,typographic_normalization,"[""somente caixa, Unicode, espaços e pontuação foram normalizados""]",False
KINYO,kinyo,Kinyo,,0.97,typographic_normalization,"[""somente caixa, Unicode, espaços e pontuação foram normalizados""]",False
KISS,kiss,Kiss,,0.97,typographic_normalization,"[""somente caixa, Unicode, espaços e pontuação foram normalizados""]",False
KLYTRONIC,klytronic,Klytronic,,0.97,typographic_normalization,"[""somente caixa, Unicode, espaços e pontuação foram normalizados""]",False
KODA,koda,Koda,,0.97,typographic_normalization,"[""somente caixa, Unicode, espaços e pontuação foram normalizados""]",False
KOENIC,koenic,Koenic,,0.97,typographic_normalization,"[""somente caixa, Unicode, espaços e pontuação foram normalizados""]",False
KOSCOM,koscom,Koscom,,0.97,typographic_normalization,"[""somente caixa, Unicode, espaços e pontuação foram normalizados""]",False
KRINNER,krinner,Krinner,,0.97,typographic_normalization,"[""somente caixa, Unicode, espaços e pontuação foram normalizados""]",False
Kaleidescape,kaleidescape,Kaleidescape,,0.97,typographic_normalization,"[""somente caixa, Unicode, espaços e pontuação foram normalizados""]",False
Kanto YU,kanto-yu,Kanto YU,,0.97,typographic_normalization,"[""somente caixa, Unicode, espaços e pontuação foram normalizados""]",False
Kaon,kaon,Kaon,,0.97,typographic_normalization,"[""somente caixa, Unicode, espaços e pontuação foram normalizados""]",False
Kathrein,kathrein,Kathrein,,0.97,typographic_normalization,"[""somente caixa, Unicode, espaços e pontuação foram normalizados""]",False
Keepsmile,keepsmile,Keepsmile,,0.97,typographic_normalization,"[""somente caixa, Unicode, espaços e pontuação foram normalizados""]",False
Kelon,kelon,Kelon,,0.97,typographic_normalization,"[""somente caixa, Unicode, espaços e pontuação foram normalizados""]",False
Kenavision,kenavision,Kenavision,,0.97,typographic_normalization,"[""somente caixa, Unicode, espaços e pontuação foram normalizados""]",False
Kendo,kendo,Kendo,,0.97,typographic_normalization,"[""somente caixa, Unicode, espaços e pontuação foram normalizados""]",False
Kenmore,kenmore,Kenmore,,0.97,typographic_normalization,"[""somente caixa, Unicode, espaços e pontuação foram normalizados""]",False
Kensington,kensington,Kensington,,0.97,typographic_normalization,"[""somente caixa, Unicode, espaços e pontuação foram normalizados""]",False
Kenwood,kenwood,Kenwood,,0.97,typographic_normalization,"[""somente caixa, Unicode, espaços e pontuação foram normalizados""]",False
Kernowo,kernowo,Kernowo,,0.97,typographic_normalization,"[""somente caixa, Unicode, espaços e pontuação foram normalizados""]",False
Khl,khl,Khl,,0.97,typographic_normalization,"[""somente caixa, Unicode, espaços e pontuação foram normalizados""]",False
KidLand,kidland,KidLand,,0.97,typographic_normalization,"[""somente caixa, Unicode, espaços e pontuação foram normalizados""]",False
Kikilive,kikilive,Kikilive,,0.97,typographic_normalization,"[""somente caixa, Unicode, espaços e pontuação foram normalizados""]",False
Kinergetics_Research,kinergetics-research,Kinergetics_Research,,0.97,typographic_normalization,"[""somente caixa, Unicode, espaços e pontuação foram normalizados""]",False
Kingbox,kingbox,Kingbox,,0.97,typographic_normalization,"[""somente caixa, Unicode, espaços e pontuação foram normalizados""]",False
Kinivo,kinivo,Kinivo,,0.97,typographic_normalization,"[""somente caixa, Unicode, espaços e pontuação foram normalizados""]",False
Kinzo,kinzo,Kinzo,,0.97,typographic_normalization,"[""somente caixa, Unicode, espaços e pontuação foram normalizados""]",False
Kiss,kiss,Kiss,,0.97,typographic_normalization,"[""somente caixa, Unicode, espaços e pontuação foram normalizados""]",False
Kiwong,kiwong,Kiwong,,0.97,typographic_normalization,"[""somente caixa, Unicode, espaços e pontuação foram normalizados""]",False
Klarstein,klarstein,Klarstein,,0.97,typographic_normalization,"[""somente caixa, Unicode, espaços e pontuação foram normalizados""]",False
Klipsch,klipsch,Klipsch,,0.97,typographic_normalization,"[""somente caixa, Unicode, espaços e pontuação foram normalizados""]",False
Kloss,kloss,Kloss,,0.97,typographic_normalization,"[""somente caixa, Unicode, espaços e pontuação foram normalizados""]",False
Knoll,knoll,Knoll,,0.97,typographic_normalization,"[""somente caixa, Unicode, espaços e pontuação foram normalizados""]",False
Kodak,kodak,Kodak,,0.97,typographic_normalization,"[""somente caixa, Unicode, espaços e pontuação foram normalizados""]",False
Kogan,kogan,Kogan,,0.97,typographic_normalization,"[""somente caixa, Unicode, espaços e pontuação foram normalizados""]",False
Kohree,kohree,Kohree,,0.97,typographic_normalization,"[""somente caixa, Unicode, espaços e pontuação foram normalizados""]",False
Koldfront,koldfront,Koldfront,,0.97,typographic_normalization,"[""somente caixa, Unicode, espaços e pontuação foram normalizados""]",False
Konka,konka,Konka,,0.97,typographic_normalization,"[""somente caixa, Unicode, espaços e pontuação foram normalizados""]",False
Konwin,konwin,Konwin,,0.97,typographic_normalization,"[""somente caixa, Unicode, espaços e pontuação foram normalizados""]",False
KooPower,koopower,KooPower,,0.97,typographic_normalization,"[""somente caixa, Unicode, espaços e pontuação foram normalizados""]",False
KopBeauAireplus,kopbeauaireplus,KopBeauAireplus,,0.97,typographic_normalization,"[""somente caixa, Unicode, espaços e pontuação foram normalizados""]",False
Kraft,kraft,Kraft,,0.97,typographic_normalization,"[""somente caixa, Unicode, espaços e pontuação foram normalizados""]",False
Krell,krell,Krell,,0.97,typographic_normalization,"[""somente caixa, Unicode, espaços e pontuação foram normalizados""]",False
Kustom,kustom,Kustom,,0.97,typographic_normalization,"[""somente caixa, Unicode, espaços e pontuação foram normalizados""]",False
Kworld,kworld,Kworld,,0.97,typographic_normalization,"[""somente caixa, Unicode, espaços e pontuação foram normalizados""]",False
Kyocera,kyocera,Kyocera,,0.97,typographic_normalization,"[""somente caixa, Unicode, espaços e pontuação foram normalizados""]",False
L8Star,l8star,L8Star,,0.97,typographic_normalization,"[""somente caixa, Unicode, espaços e pontuação foram normalizados""]",False
LED,led,Led,,0.97,typographic_normalization,"[""somente caixa, Unicode, espaços e pontuação foram normalizados""]",False
LED-UNIVERSUM,led-universum,Led-Universum,,0.97,typographic_normalization,"[""somente caixa, Unicode, espaços e pontuação foram normalizados""]",False
LEGENT,legent,Legent,,0.97,typographic_normalization,"[""somente caixa, Unicode, espaços e pontuação foram normalizados""]",False
LEGO,lego,Lego,,0.97,typographic_normalization,"[""somente caixa, Unicode, espaços e pontuação foram normalizados""]",False
LEMON,lemon,Lemon,,0.97,typographic_normalization,"[""somente caixa, Unicode, espaços e pontuação foram normalizados""]",False
LENCO,lenco,Lenco,,0.97,typographic_normalization,"[""somente caixa, Unicode, espaços e pontuação foram normalizados""]",False
LENOXX,lenoxx,Lenoxx,,0.97,typographic_normalization,"[""somente caixa, Unicode, espaços e pontuação foram normalizados""]",False
LEXMAN,lexman,Lexman,,0.97,typographic_normalization,"[""somente caixa, Unicode, espaços e pontuação foram normalizados""]",False
LG,lg,Lg,,0.97,typographic_normalization,"[""somente caixa, Unicode, espaços e pontuação foram normalizados""]",False
LIGAWO,ligawo,Ligawo,,0.97,typographic_normalization,"[""somente caixa, Unicode, espaços e pontuação foram normalizados""]",False
LIGHTZONE,lightzone,Lightzone,,0.97,typographic_normalization,"[""somente caixa, Unicode, espaços e pontuação foram normalizados""]",False
LILUCO,liluco,Liluco,,0.97,typographic_normalization,"[""somente caixa, Unicode, espaços e pontuação foram normalizados""]",False
LINKSYS,linksys,Linksys,,0.97,typographic_normalization,"[""somente caixa, Unicode, espaços e pontuação foram normalizados""]",False
LISTO,listo,Listo,,0.97,typographic_normalization,"[""somente caixa, Unicode, espaços e pontuação foram normalizados""]",False
LIVARNO,livarno,Livarno,,0.97,typographic_normalization,"[""somente caixa, Unicode, espaços e pontuação foram normalizados""]",False
LM,lm,Lm,,0.97,typographic_normalization,"[""somente caixa, Unicode, espaços e pontuação foram normalizados""]",False
LOEWE,loewe,Loewe,,0.97,typographic_normalization,"[""somente caixa, Unicode, espaços e pontuação foram normalizados""]",False
LOGIK,logik,Logik,,0.97,typographic_normalization,"[""somente caixa, Unicode, espaços e pontuação foram normalizados""]",False
LOGITECH,logitech,Logitech,,0.97,typographic_normalization,"[""somente caixa, Unicode, espaços e pontuação foram normalizados""]",False
LP_Morgan,lp-morgan,LP_Morgan,,0.97,typographic_normalization,"[""somente caixa, Unicode, espaços e pontuação foram normalizados""]",False
LUTRON,lutron,Lutron,,0.97,typographic_normalization,"[""somente caixa, Unicode, espaços e pontuação foram normalizados""]",False
LXI,lxi,Lxi,,0.97,typographic_normalization,"[""somente caixa, Unicode, espaços e pontuação foram normalizados""]",False
L_S,l-s,L_S,,0.97,typographic_normalization,"[""somente caixa, Unicode, espaços e pontuação foram normalizados""]",False
Lacie,lacie,Lacie,,0.97,typographic_normalization,"[""somente caixa, Unicode, espaços e pontuação foram normalizados""]",False
Lamborghini,lamborghini,Lamborghini,,0.97,typographic_normalization,"[""somente caixa, Unicode, espaços e pontuação foram normalizados""]",False
Larksound,larksound,Larksound,,0.97,typographic_normalization,"[""somente caixa, Unicode, espaços e pontuação foram normalizados""]",False
LaserX,laserx,LaserX,,0.97,typographic_normalization,"[""somente caixa, Unicode, espaços e pontuação foram normalizados""]",False
Lasko,lasko,Lasko,,0.97,typographic_normalization,"[""somente caixa, Unicode, espaços e pontuação foram normalizados""]",False
Lasonic,lasonic,Lasonic,,0.97,typographic_normalization,"[""somente caixa, Unicode, espaços e pontuação foram normalizados""]",False
LeadTek,leadtek,LeadTek,,0.97,typographic_normalization,"[""somente caixa, Unicode, espaços e pontuação foram normalizados""]",False
LeaderPro,leaderpro,LeaderPro,,0.97,typographic_normalization,"[""somente caixa, Unicode, espaços e pontuação foram normalizados""]",False
Leadership,leadership,Leadership,,0.97,typographic_normalization,"[""somente caixa, Unicode, espaços e pontuação foram normalizados""]",False
Legamaster,legamaster,Legamaster,,0.97,typographic_normalization,"[""somente caixa, Unicode, espaços e pontuação foram normalizados""]",False
Legion,legion,Legion,,0.97,typographic_normalization,"[""somente caixa, Unicode, espaços e pontuação foram normalizados""]",False
Leicke,leicke,Leicke,,0.97,typographic_normalization,"[""somente caixa, Unicode, espaços e pontuação foram normalizados""]",False
Lencore_Acoustics,lencore-acoustics,Lencore_Acoustics,,0.97,typographic_normalization,"[""somente caixa, Unicode, espaços e pontuação foram normalizados""]",False
Lennox,lennox,Lennox,,0.97,typographic_normalization,"[""somente caixa, Unicode, espaços e pontuação foram normalizados""]",False
Lenovo,lenovo,Lenovo,,0.97,typographic_normalization,"[""somente caixa, Unicode, espaços e pontuação foram normalizados""]",False
Lenson,lenson,Lenson,,0.97,typographic_normalization,"[""somente caixa, Unicode, espaços e pontuação foram normalizados""]",False
Lervia,lervia,Lervia,,0.97,typographic_normalization,"[""somente caixa, Unicode, espaços e pontuação foram normalizados""]",False
Lethe,lethe,Lethe,,0.97,typographic_normalization,"[""somente caixa, Unicode, espaços e pontuação foram normalizados""]",False
Levoit,levoit,Levoit,,0.97,typographic_normalization,"[""somente caixa, Unicode, espaços e pontuação foram normalizados""]",False
Lexicon,lexicon,Lexicon,,0.97,typographic_normalization,"[""somente caixa, Unicode, espaços e pontuação foram normalizados""]",False
Life-view,life-view,Life-view,,0.97,typographic_normalization,"[""somente caixa, Unicode, espaços e pontuação foram normalizados""]",False
LifeSize,lifesize,LifeSize,,0.97,typographic_normalization,"[""somente caixa, Unicode, espaços e pontuação foram normalizados""]",False
Lifesat,lifesat,Lifesat,,0.97,typographic_normalization,"[""somente caixa, Unicode, espaços e pontuação foram normalizados""]",False
Lifesize,lifesize,Lifesize,,0.97,typographic_normalization,"[""somente caixa, Unicode, espaços e pontuação foram normalizados""]",False
Lifesmart,lifesmart,Lifesmart,,0.97,typographic_normalization,"[""somente caixa, Unicode, espaços e pontuação foram normalizados""]",False
Lifetec,lifetec,Lifetec,,0.97,typographic_normalization,"[""somente caixa, Unicode, espaços e pontuação foram normalizados""]",False
Lifetime Air,lifetime-air,Lifetime Air,,0.97,typographic_normalization,"[""somente caixa, Unicode, espaços e pontuação foram normalizados""]",False
Lift-Tech,lift-tech,Lift-Tech,,0.97,typographic_normalization,"[""somente caixa, Unicode, espaços e pontuação foram normalizados""]",False
Ligawo,ligawo,Ligawo,,0.97,typographic_normalization,"[""somente caixa, Unicode, espaços e pontuação foram normalizados""]",False
LightMyBricks,lightmybricks,LightMyBricks,,0.97,typographic_normalization,"[""somente caixa, Unicode, espaços e pontuação foram normalizados""]",False
Lightolier,lightolier,Lightolier,,0.97,typographic_normalization,"[""somente caixa, Unicode, espaços e pontuação foram normalizados""]",False
LinahiLED,linahiled,LinahiLED,,0.97,typographic_normalization,"[""somente caixa, Unicode, espaços e pontuação foram normalizados""]",False
Linksys,linksys,Linksys,,0.97,typographic_normalization,"[""somente caixa, Unicode, espaços e pontuação foram normalizados""]",False
Linn,linn,Linn,,0.97,typographic_normalization,"[""somente caixa, Unicode, espaços e pontuação foram normalizados""]",False
LiteOn,liteon,LiteOn,,0.97,typographic_normalization,"[""somente caixa, Unicode, espaços e pontuação foram normalizados""]",False
LiteTouch,litetouch,LiteTouch,,0.97,typographic_normalization,"[""somente caixa, Unicode, espaços e pontuação foram normalizados""]",False
LodgeNet,lodgenet,LodgeNet,,0.97,typographic_normalization,"[""somente caixa, Unicode, espaços e pontuação foram normalizados""]",False
Loewe,loewe,Loewe,,0.97,typographic_normalization,"[""somente caixa, Unicode, espaços e pontuação foram normalizados""]",False
Logik,logik,Logik,,0.97,typographic_normalization,"[""somente caixa, Unicode, espaços e pontuação foram normalizados""]",False
Logitech,logitech,Logitech,,0.97,typographic_normalization,"[""somente caixa, Unicode, espaços e pontuação foram normalizados""]",False
LolaLED,lolaled,LolaLED,,0.97,typographic_normalization,"[""somente caixa, Unicode, espaços e pontuação foram normalizados""]",False
Loncevon,loncevon,Loncevon,,0.97,typographic_normalization,"[""somente caixa, Unicode, espaços e pontuação foram normalizados""]",False
LongHua,longhua,LongHua,,0.97,typographic_normalization,"[""somente caixa, Unicode, espaços e pontuação foram normalizados""]",False
Lotti_LED,lotti-led,Lotti_LED,,0.97,typographic_normalization,"[""somente caixa, Unicode, espaços e pontuação foram normalizados""]",False
Lucoza,lucoza,Lucoza,,0.97,typographic_normalization,"[""somente caixa, Unicode, espaços e pontuação foram normalizados""]",False
Lumagen,lumagen,Lumagen,,0.97,typographic_normalization,"[""somente caixa, Unicode, espaços e pontuação foram normalizados""]",False
Lumens,lumens,Lumens,,0.97,typographic_normalization,"[""somente caixa, Unicode, espaços e pontuação foram normalizados""]",False
Luminara,luminara,Luminara,,0.97,typographic_normalization,"[""somente caixa, Unicode, espaços e pontuação foram normalizados""]",False
Luminarte,luminarte,Luminarte,,0.97,typographic_normalization,"[""somente caixa, Unicode, espaços e pontuação foram normalizados""]",False
Lutron,lutron,Lutron,,0.97,typographic_normalization,"[""somente caixa, Unicode, espaços e pontuação foram normalizados""]",False
Luxman,luxman,Luxman,,0.97,typographic_normalization,"[""somente caixa, Unicode, espaços e pontuação foram normalizados""]",False
Luxor,luxor,Luxor,,0.97,typographic_normalization,"[""somente caixa, Unicode, espaços e pontuação foram normalizados""]",False
M3_Electronic,m3-electronic,M3_Electronic,,0.97,typographic_normalization,"[""somente caixa, Unicode, espaços e pontuação foram normalizados""]",False
MAG,mag,Mag,,0.97,typographic_normalization,"[""somente caixa, Unicode, espaços e pontuação foram normalizados""]",False
MAGICLIGHTING,magiclighting,Magiclighting,,0.97,typographic_normalization,"[""somente caixa, Unicode, espaços e pontuação foram normalizados""]",False
MAGIC_LIGHTING,magic-lighting,Magic_Lighting,,0.97,typographic_normalization,"[""somente caixa, Unicode, espaços e pontuação foram normalizados""]",False
MAGNASONIC,magnasonic,Magnasonic,,0.97,typographic_normalization,"[""somente caixa, Unicode, espaços e pontuação foram normalizados""]",False
MAGNAVOX,magnavox,Magnavox,,0.97,typographic_normalization,"[""somente caixa, Unicode, espaços e pontuação foram normalizados""]",False
MAIKO,maiko,Maiko,,0.97,typographic_normalization,"[""somente caixa, Unicode, espaços e pontuação foram normalizados""]",False
MAJESTIC,majestic,Majestic,,0.97,typographic_normalization,"[""somente caixa, Unicode, espaços e pontuação foram normalizados""]",False
MARANTZ,marantz,Marantz,,0.97,typographic_normalization,"[""somente caixa, Unicode, espaços e pontuação foram normalizados""]",False
MASTER,master,Master,,0.97,typographic_normalization,"[""somente caixa, Unicode, espaços e pontuação foram normalizados""]",False
MAXELL,maxell,Maxell,,0.97,typographic_normalization,"[""somente caixa, Unicode, espaços e pontuação foram normalizados""]",False
MCL,mcl,Mcl,,0.97,typographic_normalization,"[""somente caixa, Unicode, espaços e pontuação foram normalizados""]",False
MCM_Custom_Audio,mcm-custom-audio,MCM_Custom_Audio,,0.97,typographic_normalization,"[""somente caixa, Unicode, espaços e pontuação foram normalizados""]",False
MEDE8ER,mede8er,Mede8Er,,0.97,typographic_normalization,"[""somente caixa, Unicode, espaços e pontuação foram normalizados""]",False
MEDIA-TECH,media-tech,Media-Tech,,0.97,typographic_normalization,"[""somente caixa, Unicode, espaços e pontuação foram normalizados""]",False
MEDION,medion,Medion,,0.97,typographic_normalization,"[""somente caixa, Unicode, espaços e pontuação foram normalizados""]",False
MEGASAT,megasat,Megasat,,0.97,typographic_normalization,"[""somente caixa, Unicode, espaços e pontuação foram normalizados""]",False
METRONIC,metronic,Metronic,,0.97,typographic_normalization,"[""somente caixa, Unicode, espaços e pontuação foram normalizados""]",False
METZ,metz,Metz,,0.97,typographic_normalization,"[""somente caixa, Unicode, espaços e pontuação foram normalizados""]",False
MGA,mga,Mga,,0.97,typographic_normalization,"[""somente caixa, Unicode, espaços e pontuação foram normalizados""]",False
MICCA,micca,Micca,,0.97,typographic_normalization,"[""somente caixa, Unicode, espaços e pontuação foram normalizados""]",False
MICROLAB,microlab,Microlab,,0.97,typographic_normalization,"[""somente caixa, Unicode, espaços e pontuação foram normalizados""]",False
MICROSOFT,microsoft,Microsoft,,0.97,typographic_normalization,"[""somente caixa, Unicode, espaços e pontuação foram normalizados""]",False
MIIA,miia,Miia,,0.97,typographic_normalization,"[""somente caixa, Unicode, espaços e pontuação foram normalizados""]",False
MINOLTA,minolta,Minolta,,0.97,typographic_normalization,"[""somente caixa, Unicode, espaços e pontuação foram normalizados""]",False
MIRAI,mirai,Mirai,,0.97,typographic_normalization,"[""somente caixa, Unicode, espaços e pontuação foram normalizados""]",False
MIRO,miro,Miro,,0.97,typographic_normalization,"[""somente caixa, Unicode, espaços e pontuação foram normalizados""]",False
MISSION,mission,Mission,,0.97,typographic_normalization,"[""somente caixa, Unicode, espaços e pontuação foram normalizados""]",False
MISTRAL,mistral,Mistral,,0.97,typographic_normalization,"[""somente caixa, Unicode, espaços e pontuação foram normalizados""]",False
MIVAR,mivar,Mivar,,0.97,typographic_normalization,"[""somente caixa, Unicode, espaços e pontuação foram normalizados""]",False
MONOPRICE,monoprice,Monoprice,,0.97,typographic_normalization,"[""somente caixa, Unicode, espaços e pontuação foram normalizados""]",False
MOTOROLA,motorola,Motorola,,0.97,typographic_normalization,"[""somente caixa, Unicode, espaços e pontuação foram normalizados""]",False
MPMAN,mpman,Mpman,,0.97,typographic_normalization,"[""somente caixa, Unicode, espaços e pontuação foram normalizados""]",False
MS-Tech,ms-tech,MS-Tech,,0.97,typographic_normalization,"[""somente caixa, Unicode, espaços e pontuação foram normalizados""]",False
MSI,msi,Msi,,0.97,typographic_normalization,"[""somente caixa, Unicode, espaços e pontuação foram normalizados""]",False
MT-VIKI,mt-viki,Mt-Viki,,0.97,typographic_normalization,"[""somente caixa, Unicode, espaços e pontuação foram normalizados""]",False
MTX,mtx,Mtx,,0.97,typographic_normalization,"[""somente caixa, Unicode, espaços e pontuação foram normalizados""]",False
MUSTEK,mustek,Mustek,,0.97,typographic_normalization,"[""somente caixa, Unicode, espaços e pontuação foram normalizados""]",False
MUVID,muvid,Muvid,,0.97,typographic_normalization,"[""somente caixa, Unicode, espaços e pontuação foram normalizados""]",False
Macro_Image_Technology,macro-image-technology,Macro_Image_Technology,,0.97,typographic_normalization,"[""somente caixa, Unicode, espaços e pontuação foram normalizados""]",False
Madrigal,madrigal,Madrigal,,0.97,typographic_normalization,"[""somente caixa, Unicode, espaços e pontuação foram normalizados""]",False
Maerklin,maerklin,Maerklin,,0.97,typographic_normalization,"[""somente caixa, Unicode, espaços e pontuação foram normalizados""]",False
Mag,mag,Mag,,0.97,typographic_normalization,"[""somente caixa, Unicode, espaços e pontuação foram normalizados""]",False
MagicTV,magictv,MagicTV,,0.97,typographic_normalization,"[""somente caixa, Unicode, espaços e pontuação foram normalizados""]",False
Magnavox,magnavox,Magnavox,,0.97,typographic_normalization,"[""somente caixa, Unicode, espaços e pontuação foram normalizados""]",False
Magnum,magnum,Magnum,,0.97,typographic_normalization,"[""somente caixa, Unicode, espaços e pontuação foram normalizados""]",False
Magnum_Dynalab,magnum-dynalab,Magnum_Dynalab,,0.97,typographic_normalization,"[""somente caixa, Unicode, espaços e pontuação foram normalizados""]",False
MainStays,mainstays,MainStays,,0.97,typographic_normalization,"[""somente caixa, Unicode, espaços e pontuação foram normalizados""]",False
Majestic,majestic,Majestic,,0.97,typographic_normalization,"[""somente caixa, Unicode, espaços e pontuação foram normalizados""]",False
Majority,majority,Majority,,0.97,typographic_normalization,"[""somente caixa, Unicode, espaços e pontuação foram normalizados""]",False
Makeblock,makeblock,Makeblock,,0.97,typographic_normalization,"[""somente caixa, Unicode, espaços e pontuação foram normalizados""]",False
Makita,makita,Makita,,0.97,typographic_normalization,"[""somente caixa, Unicode, espaços e pontuação foram normalizados""]",False
Makita_Electric_Works,makita-electric-works,Makita_Electric_Works,,0.97,typographic_normalization,"[""somente caixa, Unicode, espaços e pontuação foram normalizados""]",False
Malata,malata,Malata,,0.97,typographic_normalization,"[""somente caixa, Unicode, espaços e pontuação foram normalizados""]",False
Manhattan,manhattan,Manhattan,,0.97,typographic_normalization,"[""somente caixa, Unicode, espaços e pontuação foram normalizados""]",False
Manta,manta,Manta,,0.97,typographic_normalization,"[""somente caixa, Unicode, espaços e pontuação foram normalizados""]",False
Marantz,marantz,Marantz,,0.97,typographic_normalization,"[""somente caixa, Unicode, espaços e pontuação foram normalizados""]",False
Maranz,maranz,Maranz,,0.97,typographic_normalization,"[""somente caixa, Unicode, espaços e pontuação foram normalizados""]",False
Mark,mark,Mark,,0.97,typographic_normalization,"[""somente caixa, Unicode, espaços e pontuação foram normalizados""]",False
Mark_Levinson,mark-levinson,Mark_Levinson,,0.97,typographic_normalization,"[""somente caixa, Unicode, espaços e pontuação foram normalizados""]",False
MarshallElectronics,marshallelectronics,MarshallElectronics,,0.97,typographic_normalization,"[""somente caixa, Unicode, espaços e pontuação foram normalizados""]",False
Mas,mas,Mas,,0.97,typographic_normalization,"[""somente caixa, Unicode, espaços e pontuação foram normalizados""]",False
Matrix_Systems,matrix-systems,Matrix_Systems,,0.97,typographic_normalization,"[""somente caixa, Unicode, espaços e pontuação foram normalizados""]",False
Matsui,matsui,Matsui,,0.97,typographic_normalization,"[""somente caixa, Unicode, espaços e pontuação foram normalizados""]",False
Maxcan,maxcan,Maxcan,,0.97,typographic_normalization,"[""somente caixa, Unicode, espaços e pontuação foram normalizados""]",False
Maxell,maxell,Maxell,,0.97,typographic_normalization,"[""somente caixa, Unicode, espaços e pontuação foram normalizados""]",False
Maxx,maxx,Maxx,,0.97,typographic_normalization,"[""somente caixa, Unicode, espaços e pontuação foram normalizados""]",False
MaxxAir,maxxair,MaxxAir,,0.97,typographic_normalization,"[""somente caixa, Unicode, espaços e pontuação foram normalizados""]",False
MayTag,maytag,MayTag,,0.97,typographic_normalization,"[""somente caixa, Unicode, espaços e pontuação foram normalizados""]",False
McIntosh,mcintosh,McIntosh,,0.97,typographic_normalization,"[""somente caixa, Unicode, espaços e pontuação foram normalizados""]",False
Meaco,meaco,Meaco,,0.97,typographic_normalization,"[""somente caixa, Unicode, espaços e pontuação foram normalizados""]",False
Mecool,mecool,Mecool,,0.97,typographic_normalization,"[""somente caixa, Unicode, espaços e pontuação foram normalizados""]",False
Mediasonic,mediasonic,Mediasonic,,0.97,typographic_normalization,"[""somente caixa, Unicode, espaços e pontuação foram normalizados""]",False
Mediland,mediland,Mediland,,0.97,typographic_normalization,"[""somente caixa, Unicode, espaços e pontuação foram normalizados""]",False
Medion,medion,Medion,,0.97,typographic_normalization,"[""somente caixa, Unicode, espaços e pontuação foram normalizados""]",False
Megapower,megapower,Megapower,,0.97,typographic_normalization,"[""somente caixa, Unicode, espaços e pontuação foram normalizados""]",False
Melectronic,melectronic,Melectronic,,0.97,typographic_normalization,"[""somente caixa, Unicode, espaços e pontuação foram normalizados""]",False
Meliconi,meliconi,Meliconi,,0.97,typographic_normalization,"[""somente caixa, Unicode, espaços e pontuação foram normalizados""]",False
Memorex,memorex,Memorex,,0.97,typographic_normalization,"[""somente caixa, Unicode, espaços e pontuação foram normalizados""]",False
Meo,meo,Meo,,0.97,typographic_normalization,"[""somente caixa, Unicode, espaços e pontuação foram normalizados""]",False
Meridian,meridian,Meridian,,0.97,typographic_normalization,"[""somente caixa, Unicode, espaços e pontuação foram normalizados""]",False
Metronome,metronome,Metronome,,0.97,typographic_normalization,"[""somente caixa, Unicode, espaços e pontuação foram normalizados""]",False
Metrox,metrox,Metrox,,0.97,typographic_normalization,"[""somente caixa, Unicode, espaços e pontuação foram normalizados""]",False
Micca,micca,Micca,,0.97,typographic_normalization,"[""somente caixa, Unicode, espaços e pontuação foram normalizados""]",False
Microlab,microlab,Microlab,,0.97,typographic_normalization,"[""somente caixa, Unicode, espaços e pontuação foram normalizados""]",False
Micromega,micromega,Micromega,,0.97,typographic_normalization,"[""somente caixa, Unicode, espaços e pontuação foram normalizados""]",False
Microsoft,microsoft,Microsoft,,0.97,typographic_normalization,"[""somente caixa, Unicode, espaços e pontuação foram normalizados""]",False
Midea,midea,Midea,,0.97,typographic_normalization,"[""somente caixa, Unicode, espaços e pontuação foram normalizados""]",False
Midiland,midiland,Midiland,,0.97,typographic_normalization,"[""somente caixa, Unicode, espaços e pontuação foram normalizados""]",False
MindPath,mindpath,MindPath,,0.97,typographic_normalization,"[""somente caixa, Unicode, espaços e pontuação foram normalizados""]",False
MiniX,minix,MiniX,,0.97,typographic_normalization,"[""somente caixa, Unicode, espaços e pontuação foram normalizados""]",False
Mini_Laser_Lightshow,mini-laser-lightshow,Mini_Laser_Lightshow,,0.97,typographic_normalization,"[""somente caixa, Unicode, espaços e pontuação foram normalizados""]",False
Minolta,minolta,Minolta,,0.97,typographic_normalization,"[""somente caixa, Unicode, espaços e pontuação foram normalizados""]",False
Mintek,mintek,Mintek,,0.97,typographic_normalization,"[""somente caixa, Unicode, espaços e pontuação foram normalizados""]",False
Mirage,mirage,Mirage,,0.97,typographic_normalization,"[""somente caixa, Unicode, espaços e pontuação foram normalizados""]",False
Mistral,mistral,Mistral,,0.97,typographic_normalization,"[""somente caixa, Unicode, espaços e pontuação foram normalizados""]",False
Mitochiba,mitochiba,Mitochiba,,0.97,typographic_normalization,"[""somente caixa, Unicode, espaços e pontuação foram normalizados""]",False
Mitsubishi,mitsubishi,Mitsubishi,,0.97,typographic_normalization,"[""somente caixa, Unicode, espaços e pontuação foram normalizados""]",False
Mivar,mivar,Mivar,,0.97,typographic_normalization,"[""somente caixa, Unicode, espaços e pontuação foram normalizados""]",False
ModernEmber,modernember,ModernEmber,,0.97,typographic_normalization,"[""somente caixa, Unicode, espaços e pontuação foram normalizados""]",False
Monivision,monivision,Monivision,,0.97,typographic_normalization,"[""somente caixa, Unicode, espaços e pontuação foram normalizados""]",False
MonoPrice,monoprice,MonoPrice,,0.97,typographic_normalization,"[""somente caixa, Unicode, espaços e pontuação foram normalizados""]",False
Monoprice,monoprice,Monoprice,,0.97,typographic_normalization,"[""somente caixa, Unicode, espaços e pontuação foram normalizados""]",False
Monovision,monovision,Monovision,,0.97,typographic_normalization,"[""somente caixa, Unicode, espaços e pontuação foram normalizados""]",False
MonsterIlluminessence,monsterilluminessence,MonsterIlluminessence,,0.97,typographic_normalization,"[""somente caixa, Unicode, espaços e pontuação foram normalizados""]",False
Monster_Basics,monster-basics,Monster_Basics,,0.97,typographic_normalization,"[""somente caixa, Unicode, espaços e pontuação foram normalizados""]",False
Moredig,moredig,Moredig,,0.97,typographic_normalization,"[""somente caixa, Unicode, espaços e pontuação foram normalizados""]",False
Moretti,moretti,Moretti,,0.97,typographic_normalization,"[""somente caixa, Unicode, espaços e pontuação foram normalizados""]",False
Morgans_Daytona,morgans-daytona,Morgans_Daytona,,0.97,typographic_normalization,"[""somente caixa, Unicode, espaços e pontuação foram normalizados""]",False
Motorola,motorola,Motorola,,0.97,typographic_normalization,"[""somente caixa, Unicode, espaços e pontuação foram normalizados""]",False
MovinFlame,movinflame,MovinFlame,,0.97,typographic_normalization,"[""somente caixa, Unicode, espaços e pontuação foram normalizados""]",False
Moxi,moxi,Moxi,,0.97,typographic_normalization,"[""somente caixa, Unicode, espaços e pontuação foram normalizados""]",False
Mrocioa,mrocioa,Mrocioa,,0.97,typographic_normalization,"[""somente caixa, Unicode, espaços e pontuação foram normalizados""]",False
Msmkeji,msmkeji,Msmkeji,,0.97,typographic_normalization,"[""somente caixa, Unicode, espaços e pontuação foram normalizados""]",False
Multi_Canal,multi-canal,Multi_Canal,,0.97,typographic_normalization,"[""somente caixa, Unicode, espaços e pontuação foram normalizados""]",False
Multi_Video_Labs,multi-video-labs,Multi_Video_Labs,,0.97,typographic_normalization,"[""somente caixa, Unicode, espaços e pontuação foram normalizados""]",False
Multichoice,multichoice,Multichoice,,0.97,typographic_normalization,"[""somente caixa, Unicode, espaços e pontuação foram normalizados""]",False
Muskoka,muskoka,Muskoka,,0.97,typographic_normalization,"[""somente caixa, Unicode, espaços e pontuação foram normalizados""]",False
Mustek,mustek,Mustek,,0.97,typographic_normalization,"[""somente caixa, Unicode, espaços e pontuação foram normalizados""]",False
Mvision,mvision,Mvision,,0.97,typographic_normalization,"[""somente caixa, Unicode, espaços e pontuação foram normalizados""]",False
Mycarbon,mycarbon,Mycarbon,,0.97,typographic_normalization,"[""somente caixa, Unicode, espaços e pontuação foram normalizados""]",False
Myryad,myryad,Myryad,,0.97,typographic_normalization,"[""somente caixa, Unicode, espaços e pontuação foram normalizados""]",False
NAD,nad,Nad,,0.97,typographic_normalization,"[""somente caixa, Unicode, espaços e pontuação foram normalizados""]",False
NAIM,naim,Naim,,0.97,typographic_normalization,"[""somente caixa, Unicode, espaços e pontuação foram normalizados""]",False
NAKAMICHI,nakamichi,Nakamichi,,0.97,typographic_normalization,"[""somente caixa, Unicode, espaços e pontuação foram normalizados""]",False
NAVIHEAVEN,naviheaven,Naviheaven,,0.97,typographic_normalization,"[""somente caixa, Unicode, espaços e pontuação foram normalizados""]",False
NAZABOX,nazabox,Nazabox,,0.97,typographic_normalization,"[""somente caixa, Unicode, espaços e pontuação foram normalizados""]",False
NEC,nec,Nec,,0.97,typographic_normalization,"[""somente caixa, Unicode, espaços e pontuação foram normalizados""]",False
NEC1,nec1,Nec1,,0.97,typographic_normalization,"[""somente caixa, Unicode, espaços e pontuação foram normalizados""]",False
NEO,neo,Neo,,0.97,typographic_normalization,"[""somente caixa, Unicode, espaços e pontuação foram normalizados""]",False
NETGEAR,netgear,Netgear,,0.97,typographic_normalization,"[""somente caixa, Unicode, espaços e pontuação foram normalizados""]",False
NET_TV,net-tv,Net_Tv,,0.97,typographic_normalization,"[""somente caixa, Unicode, espaços e pontuação foram normalizados""]",False
NEXPRO,nexpro,Nexpro,,0.97,typographic_normalization,"[""somente caixa, Unicode, espaços e pontuação foram normalizados""]",False
NIKON,nikon,Nikon,,0.97,typographic_normalization,"[""somente caixa, Unicode, espaços e pontuação foram normalizados""]",False
NORDMENDE,nordmende,Nordmende,,0.97,typographic_normalization,"[""somente caixa, Unicode, espaços e pontuação foram normalizados""]",False
NORTEK,nortek,Nortek,,0.97,typographic_normalization,"[""somente caixa, Unicode, espaços e pontuação foram normalizados""]",False
NSM,nsm,Nsm,,0.97,typographic_normalization,"[""somente caixa, Unicode, espaços e pontuação foram normalizados""]",False
NTL,ntl,Ntl,,0.97,typographic_normalization,"[""somente caixa, Unicode, espaços e pontuação foram normalizados""]",False
NUBERT,nubert,Nubert,,0.97,typographic_normalization,"[""somente caixa, Unicode, espaços e pontuação foram normalizados""]",False
NVIDIA,nvidia,Nvidia,,0.97,typographic_normalization,"[""somente caixa, Unicode, espaços e pontuação foram normalizados""]",False
NView,nview,NView,,0.97,typographic_normalization,"[""somente caixa, Unicode, espaços e pontuação foram normalizados""]",False
NYTRO BOX,nytro-box,Nytro Box,,0.97,typographic_normalization,"[""somente caixa, Unicode, espaços e pontuação foram normalizados""]",False
Nagra,nagra,Nagra,,0.97,typographic_normalization,"[""somente caixa, Unicode, espaços e pontuação foram normalizados""]",False
Naim,naim,Naim,,0.97,typographic_normalization,"[""somente caixa, Unicode, espaços e pontuação foram normalizados""]",False
Nakamichi,nakamichi,Nakamichi,,0.97,typographic_normalization,"[""somente caixa, Unicode, espaços e pontuação foram normalizados""]",False
Napa,napa,Napa,,0.97,typographic_normalization,"[""somente caixa, Unicode, espaços e pontuação foram normalizados""]",False
National,national,National,,0.97,typographic_normalization,"[""somente caixa, Unicode, espaços e pontuação foram normalizados""]",False
Nav_Unit,nav-unit,Nav_Unit,,0.97,typographic_normalization,"[""somente caixa, Unicode, espaços e pontuação foram normalizados""]",False
Nebula_Electronics,nebula-electronics,Nebula_Electronics,,0.97,typographic_normalization,"[""somente caixa, Unicode, espaços e pontuação foram normalizados""]",False
Nedis,nedis,Nedis,,0.97,typographic_normalization,"[""somente caixa, Unicode, espaços e pontuação foram normalizados""]",False
Neewer,neewer,Neewer,,0.97,typographic_normalization,"[""somente caixa, Unicode, espaços e pontuação foram normalizados""]",False
Neo,neo,Neo,,0.97,typographic_normalization,"[""somente caixa, Unicode, espaços e pontuação foram normalizados""]",False
Nerf,nerf,Nerf,,0.97,typographic_normalization,"[""somente caixa, Unicode, espaços e pontuação foram normalizados""]",False
NetWare,netware,NetWare,,0.97,typographic_normalization,"[""somente caixa, Unicode, espaços e pontuação foram normalizados""]",False
Netgem,netgem,Netgem,,0.97,typographic_normalization,"[""somente caixa, Unicode, espaços e pontuação foram normalizados""]",False
Neuhaus,neuhaus,Neuhaus,,0.97,typographic_normalization,"[""somente caixa, Unicode, espaços e pontuação foram normalizados""]",False
Nevir,nevir,Nevir,,0.97,typographic_normalization,"[""somente caixa, Unicode, espaços e pontuação foram normalizados""]",False
Newline,newline,Newline,,0.97,typographic_normalization,"[""somente caixa, Unicode, espaços e pontuação foram normalizados""]",False
NexiGo,nexigo,NexiGo,,0.97,typographic_normalization,"[""somente caixa, Unicode, espaços e pontuação foram normalizados""]",False
Nexigo,nexigo,Nexigo,,0.97,typographic_normalization,"[""somente caixa, Unicode, espaços e pontuação foram normalizados""]",False
Nexillumi,nexillumi,Nexillumi,,0.97,typographic_normalization,"[""somente caixa, Unicode, espaços e pontuação foram normalizados""]",False
Nextwave,nextwave,Nextwave,,0.97,typographic_normalization,"[""somente caixa, Unicode, espaços e pontuação foram normalizados""]",False
Nexus_21,nexus-21,Nexus_21,,0.97,typographic_normalization,"[""somente caixa, Unicode, espaços e pontuação foram normalizados""]",False
Nikko,nikko,Nikko,,0.97,typographic_normalization,"[""somente caixa, Unicode, espaços e pontuação foram normalizados""]",False
Nikon,nikon,Nikon,,0.97,typographic_normalization,"[""somente caixa, Unicode, espaços e pontuação foram normalizados""]",False
Niles,niles,Niles,,0.97,typographic_normalization,"[""somente caixa, Unicode, espaços e pontuação foram normalizados""]",False
Niles_Audio,niles-audio,Niles_Audio,,0.97,typographic_normalization,"[""somente caixa, Unicode, espaços e pontuação foram normalizados""]",False
Nintendo,nintendo,Nintendo,,0.97,typographic_normalization,"[""somente caixa, Unicode, espaços e pontuação foram normalizados""]",False
Nixplay,nixplay,Nixplay,,0.97,typographic_normalization,"[""somente caixa, Unicode, espaços e pontuação foram normalizados""]",False
Nixplay_Digital_Frame,nixplay-digital-frame,Nixplay_Digital_Frame,,0.97,typographic_normalization,"[""somente caixa, Unicode, espaços e pontuação foram normalizados""]",False
No-Touch,no-touch,No-Touch,,0.97,typographic_normalization,"[""somente caixa, Unicode, espaços e pontuação foram normalizados""]",False
No_Brand,no-brand,No_Brand,,0.97,typographic_normalization,"[""somente caixa, Unicode, espaços e pontuação foram normalizados""]",False
No_Manufacturer,no-manufacturer,No_Manufacturer,,0.97,typographic_normalization,"[""somente caixa, Unicode, espaços e pontuação foram normalizados""]",False
Nokia,nokia,Nokia,,0.97,typographic_normalization,"[""somente caixa, Unicode, espaços e pontuação foram normalizados""]",False
Noma,noma,Noma,,0.97,typographic_normalization,"[""somente caixa, Unicode, espaços e pontuação foram normalizados""]",False
Norcent,norcent,Norcent,,0.97,typographic_normalization,"[""somente caixa, Unicode, espaços e pontuação foram normalizados""]",False
NorthQ,northq,NorthQ,,0.97,typographic_normalization,"[""somente caixa, Unicode, espaços e pontuação foram normalizados""]",False
Northern,northern,Northern,,0.97,typographic_normalization,"[""somente caixa, Unicode, espaços e pontuação foram normalizados""]",False
Northerns_Light,northerns-light,Northerns_Light,,0.97,typographic_normalization,"[""somente caixa, Unicode, espaços e pontuação foram normalizados""]",False
Novaplex,novaplex,Novaplex,,0.97,typographic_normalization,"[""somente caixa, Unicode, espaços e pontuação foram normalizados""]",False
Now_Broadband_TV,now-broadband-tv,Now_Broadband_TV,,0.97,typographic_normalization,"[""somente caixa, Unicode, espaços e pontuação foram normalizados""]",False
NuVico,nuvico,NuVico,,0.97,typographic_normalization,"[""somente caixa, Unicode, espaços e pontuação foram normalizados""]",False
NuView,nuview,NuView,,0.97,typographic_normalization,"[""somente caixa, Unicode, espaços e pontuação foram normalizados""]",False
Nyco-Sony,nyco-sony,Nyco-Sony,,0.97,typographic_normalization,"[""somente caixa, Unicode, espaços e pontuação foram normalizados""]",False
O2,o2,O2,,0.97,typographic_normalization,"[""somente caixa, Unicode, espaços e pontuação foram normalizados""]",False
OAK,oak,Oak,,0.97,typographic_normalization,"[""somente caixa, Unicode, espaços e pontuação foram normalizados""]",False
OCTAGON,octagon,Octagon,,0.97,typographic_normalization,"[""somente caixa, Unicode, espaços e pontuação foram normalizados""]",False
ODROID,odroid,Odroid,,0.97,typographic_normalization,"[""somente caixa, Unicode, espaços e pontuação foram normalizados""]",False
ODYS,odys,Odys,,0.97,typographic_normalization,"[""somente caixa, Unicode, espaços e pontuação foram normalizados""]",False
OK,ok,Ok,,0.97,typographic_normalization,"[""somente caixa, Unicode, espaços e pontuação foram normalizados""]",False
OKI,oki,Oki,,0.97,typographic_normalization,"[""somente caixa, Unicode, espaços e pontuação foram normalizados""]",False
OLLNY,ollny,Ollny,,0.97,typographic_normalization,"[""somente caixa, Unicode, espaços e pontuação foram normalizados""]",False
OLYMPUS,olympus,Olympus,,0.97,typographic_normalization,"[""somente caixa, Unicode, espaços e pontuação foram normalizados""]",False
ONG,ong,Ong,,0.97,typographic_normalization,"[""somente caixa, Unicode, espaços e pontuação foram normalizados""]",False
ONIDA,onida,Onida,,0.97,typographic_normalization,"[""somente caixa, Unicode, espaços e pontuação foram normalizados""]",False
ONKYO,onkyo,Onkyo,,0.97,typographic_normalization,"[""somente caixa, Unicode, espaços e pontuação foram normalizados""]",False
ONN-Lighting,onn-lighting,ONN-Lighting,,0.97,typographic_normalization,"[""somente caixa, Unicode, espaços e pontuação foram normalizados""]",False
ONOAYO,onoayo,Onoayo,,0.97,typographic_normalization,"[""somente caixa, Unicode, espaços e pontuação foram normalizados""]",False
OPPO,oppo,Oppo,,0.97,typographic_normalization,"[""somente caixa, Unicode, espaços e pontuação foram normalizados""]",False
OPTICUM,opticum,Opticum,,0.97,typographic_normalization,"[""somente caixa, Unicode, espaços e pontuação foram normalizados""]",False
OPTIMUS,optimus,Optimus,,0.97,typographic_normalization,"[""somente caixa, Unicode, espaços e pontuação foram normalizados""]",False
OPTOMA,optoma,Optoma,,0.97,typographic_normalization,"[""somente caixa, Unicode, espaços e pontuação foram normalizados""]",False
ORANGE,orange,Orange,,0.97,typographic_normalization,"[""somente caixa, Unicode, espaços e pontuação foram normalizados""]",False
ORBITSOUND,orbitsound,Orbitsound,,0.97,typographic_normalization,"[""somente caixa, Unicode, espaços e pontuação foram normalizados""]",False
OREI HDMI Switcher,orei-hdmi-switcher,OREI HDMI Switcher,,0.97,typographic_normalization,"[""somente caixa, Unicode, espaços e pontuação foram normalizados""]",False
ORION,orion,Orion,,0.97,typographic_normalization,"[""somente caixa, Unicode, espaços e pontuação foram normalizados""]",False
ORTEK,ortek,Ortek,,0.97,typographic_normalization,"[""somente caixa, Unicode, espaços e pontuação foram normalizados""]",False
OSMC,osmc,Osmc,,0.97,typographic_normalization,"[""somente caixa, Unicode, espaços e pontuação foram normalizados""]",False
OSRAM,osram,Osram,,0.97,typographic_normalization,"[""somente caixa, Unicode, espaços e pontuação foram normalizados""]",False
OSSC,ossc,Ossc,,0.97,typographic_normalization,"[""somente caixa, Unicode, espaços e pontuação foram normalizados""]",False
OShine,oshine,OShine,,0.97,typographic_normalization,"[""somente caixa, Unicode, espaços e pontuação foram normalizados""]",False
Octagon,octagon,Octagon,,0.97,typographic_normalization,"[""somente caixa, Unicode, espaços e pontuação foram normalizados""]",False
Oky,oky,Oky,,0.97,typographic_normalization,"[""somente caixa, Unicode, espaços e pontuação foram normalizados""]",False
Olevia,olevia,Olevia,,0.97,typographic_normalization,"[""somente caixa, Unicode, espaços e pontuação foram normalizados""]",False
Olympus,olympus,Olympus,,0.97,typographic_normalization,"[""somente caixa, Unicode, espaços e pontuação foram normalizados""]",False
OmniBreeze,omnibreeze,OmniBreeze,,0.97,typographic_normalization,"[""somente caixa, Unicode, espaços e pontuação foram normalizados""]",False
On_Command,on-command,On_Command,,0.97,typographic_normalization,"[""somente caixa, Unicode, espaços e pontuação foram normalizados""]",False
One_For_All,one-for-all,One_For_All,,0.97,typographic_normalization,"[""somente caixa, Unicode, espaços e pontuação foram normalizados""]",False
Onescreen,onescreen,Onescreen,,0.97,typographic_normalization,"[""somente caixa, Unicode, espaços e pontuação foram normalizados""]",False
Onida,onida,Onida,,0.97,typographic_normalization,"[""somente caixa, Unicode, espaços e pontuação foram normalizados""]",False
Onkyo,onkyo,Onkyo,,0.97,typographic_normalization,"[""somente caixa, Unicode, espaços e pontuação foram normalizados""]",False
Onkyo_Integra,onkyo-integra,Onkyo_Integra,,0.97,typographic_normalization,"[""somente caixa, Unicode, espaços e pontuação foram normalizados""]",False
Onn,onn,Onn,,0.97,typographic_normalization,"[""somente caixa, Unicode, espaços e pontuação foram normalizados""]",False
Oppo,oppo,Oppo,,0.97,typographic_normalization,"[""somente caixa, Unicode, espaços e pontuação foram normalizados""]",False
Optex,optex,Optex,,0.97,typographic_normalization,"[""somente caixa, Unicode, espaços e pontuação foram normalizados""]",False
Optoma,optoma,Optoma,,0.97,typographic_normalization,"[""somente caixa, Unicode, espaços e pontuação foram normalizados""]",False
Orange,orange,Orange,,0.97,typographic_normalization,"[""somente caixa, Unicode, espaços e pontuação foram normalizados""]",False
Orbegozo,orbegozo,Orbegozo,,0.97,typographic_normalization,"[""somente caixa, Unicode, espaços e pontuação foram normalizados""]",False
Orbrgozo,orbrgozo,Orbrgozo,,0.97,typographic_normalization,"[""somente caixa, Unicode, espaços e pontuação foram normalizados""]",False
Ordro,ordro,Ordro,,0.97,typographic_normalization,"[""somente caixa, Unicode, espaços e pontuação foram normalizados""]",False
Oreck,oreck,Oreck,,0.97,typographic_normalization,"[""somente caixa, Unicode, espaços e pontuação foram normalizados""]",False
Oremi,oremi,Oremi,,0.97,typographic_normalization,"[""somente caixa, Unicode, espaços e pontuação foram normalizados""]",False
Osaka,osaka,Osaka,,0.97,typographic_normalization,"[""somente caixa, Unicode, espaços e pontuação foram normalizados""]",False
Osram,osram,Osram,,0.97,typographic_normalization,"[""somente caixa, Unicode, espaços e pontuação foram normalizados""]",False
Ottolives,ottolives,Ottolives,,0.97,typographic_normalization,"[""somente caixa, Unicode, espaços e pontuação foram normalizados""]",False
Ove,ove,Ove,,0.97,typographic_normalization,"[""somente caixa, Unicode, espaços e pontuação foram normalizados""]",False
Ozeri,ozeri,Ozeri,,0.97,typographic_normalization,"[""somente caixa, Unicode, espaços e pontuação foram normalizados""]",False
PACE,pace,Pace,,0.97,typographic_normalization,"[""somente caixa, Unicode, espaços e pontuação foram normalizados""]",False
PALCOM,palcom,Palcom,,0.97,typographic_normalization,"[""somente caixa, Unicode, espaços e pontuação foram normalizados""]",False
PALLADINE,palladine,Palladine,,0.97,typographic_normalization,"[""somente caixa, Unicode, espaços e pontuação foram normalizados""]",False
PALSONIC,palsonic,Palsonic,,0.97,typographic_normalization,"[""somente caixa, Unicode, espaços e pontuação foram normalizados""]",False
PANASONIC,panasonic,Panasonic,,0.97,typographic_normalization,"[""somente caixa, Unicode, espaços e pontuação foram normalizados""]",False
PANAVOX,panavox,Panavox,,0.97,typographic_normalization,"[""somente caixa, Unicode, espaços e pontuação foram normalizados""]",False
PARASOUND,parasound,Parasound,,0.97,typographic_normalization,"[""somente caixa, Unicode, espaços e pontuação foram normalizados""]",False
PAULMANN,paulmann,Paulmann,,0.97,typographic_normalization,"[""somente caixa, Unicode, espaços e pontuação foram normalizados""]",False
PDi,pdi,PDi,,0.97,typographic_normalization,"[""somente caixa, Unicode, espaços e pontuação foram normalizados""]",False
PEACHTREE,peachtree,Peachtree,,0.97,typographic_normalization,"[""somente caixa, Unicode, espaços e pontuação foram normalizados""]",False
PENTAX,pentax,Pentax,,0.97,typographic_normalization,"[""somente caixa, Unicode, espaços e pontuação foram normalizados""]",False
PHANTOM,phantom,Phantom,,0.97,typographic_normalization,"[""somente caixa, Unicode, espaços e pontuação foram normalizados""]",False
PHAST,phast,Phast,,0.97,typographic_normalization,"[""somente caixa, Unicode, espaços e pontuação foram normalizados""]",False
PHILIPS,philips,Philips,,0.97,typographic_normalization,"[""somente caixa, Unicode, espaços e pontuação foram normalizados""]",False
PINACL,pinacl,Pinacl,,0.97,typographic_normalization,"[""somente caixa, Unicode, espaços e pontuação foram normalizados""]",False
PINNACLE,pinnacle,Pinnacle,,0.97,typographic_normalization,"[""somente caixa, Unicode, espaços e pontuação foram normalizados""]",False
PIONEER,pioneer,Pioneer,,0.97,typographic_normalization,"[""somente caixa, Unicode, espaços e pontuação foram normalizados""]",False
PLU2,plu2,Plu2,,0.97,typographic_normalization,"[""somente caixa, Unicode, espaços e pontuação foram normalizados""]",False
PLUS,plus,Plus,,0.97,typographic_normalization,"[""somente caixa, Unicode, espaços e pontuação foram normalizados""]",False
PLUS AMERICA,plus-america,Plus America,,0.97,typographic_normalization,"[""somente caixa, Unicode, espaços e pontuação foram normalizados""]",False
POLAROID,polaroid,Polaroid,,0.97,typographic_normalization,"[""somente caixa, Unicode, espaços e pontuação foram normalizados""]",False
POLLIN,pollin,Pollin,,0.97,typographic_normalization,"[""somente caixa, Unicode, espaços e pontuação foram normalizados""]",False
POLYCOM,polycom,Polycom,,0.97,typographic_normalization,"[""somente caixa, Unicode, espaços e pontuação foram normalizados""]",False
POPCORNHOUR,popcornhour,Popcornhour,,0.97,typographic_normalization,"[""somente caixa, Unicode, espaços e pontuação foram normalizados""]",False
POWERNET,powernet,Powernet,,0.97,typographic_normalization,"[""somente caixa, Unicode, espaços e pontuação foram normalizados""]",False
PRIMARE,primare,Primare,,0.97,typographic_normalization,"[""somente caixa, Unicode, espaços e pontuação foram normalizados""]",False
PROBOX,probox,Probox,,0.97,typographic_normalization,"[""somente caixa, Unicode, espaços e pontuação foram normalizados""]",False
PROMETHEAN,promethean,Promethean,,0.97,typographic_normalization,"[""somente caixa, Unicode, espaços e pontuação foram normalizados""]",False
PROTEK,protek,Protek,,0.97,typographic_normalization,"[""somente caixa, Unicode, espaços e pontuação foram normalizados""]",False
PS_Audio,ps-audio,PS_Audio,,0.97,typographic_normalization,"[""somente caixa, Unicode, espaços e pontuação foram normalizados""]",False
PTZOptics,ptzoptics,PTZOptics,,0.97,typographic_normalization,"[""somente caixa, Unicode, espaços e pontuação foram normalizados""]",False
PVO,pvo,Pvo,,0.97,typographic_normalization,"[""somente caixa, Unicode, espaços e pontuação foram normalizados""]",False
PYLE,pyle,Pyle,,0.97,typographic_normalization,"[""somente caixa, Unicode, espaços e pontuação foram normalizados""]",False
Pace,pace,Pace,,0.97,typographic_normalization,"[""somente caixa, Unicode, espaços e pontuação foram normalizados""]",False
Pace_Sky_Manual,pace-sky-manual,Pace_Sky_Manual,,0.97,typographic_normalization,"[""somente caixa, Unicode, espaços e pontuação foram normalizados""]",False
Packard_Bell,packard-bell,Packard_Bell,,0.97,typographic_normalization,"[""somente caixa, Unicode, espaços e pontuação foram normalizados""]",False
Palcom,palcom,Palcom,,0.97,typographic_normalization,"[""somente caixa, Unicode, espaços e pontuação foram normalizados""]",False
Panasat,panasat,Panasat,,0.97,typographic_normalization,"[""somente caixa, Unicode, espaços e pontuação foram normalizados""]",False
Panasonic,panasonic,Panasonic,,0.97,typographic_normalization,"[""somente caixa, Unicode, espaços e pontuação foram normalizados""]",False
Panda,panda,Panda,,0.97,typographic_normalization,"[""somente caixa, Unicode, espaços e pontuação foram normalizados""]",False
Pandigital,pandigital,Pandigital,,0.97,typographic_normalization,"[""somente caixa, Unicode, espaços e pontuação foram normalizados""]",False
Pansat,pansat,Pansat,,0.97,typographic_normalization,"[""somente caixa, Unicode, espaços e pontuação foram normalizados""]",False
Parasound,parasound,Parasound,,0.97,typographic_normalization,"[""somente caixa, Unicode, espaços e pontuação foram normalizados""]",False
Paulman,paulman,Paulman,,0.97,typographic_normalization,"[""somente caixa, Unicode, espaços e pontuação foram normalizados""]",False
Peekton,peekton,Peekton,,0.97,typographic_normalization,"[""somente caixa, Unicode, espaços e pontuação foram normalizados""]",False
Pelonis,pelonis,Pelonis,,0.97,typographic_normalization,"[""somente caixa, Unicode, espaços e pontuação foram normalizados""]",False
Pentax,pentax,Pentax,,0.97,typographic_normalization,"[""somente caixa, Unicode, espaços e pontuação foram normalizados""]",False
Pepeo,pepeo,Pepeo,,0.97,typographic_normalization,"[""somente caixa, Unicode, espaços e pontuação foram normalizados""]",False
Pheanoo,pheanoo,Pheanoo,,0.97,typographic_normalization,"[""somente caixa, Unicode, espaços e pontuação foram normalizados""]",False
Philco,philco,Philco,,0.97,typographic_normalization,"[""somente caixa, Unicode, espaços e pontuação foram normalizados""]",False
Philips,philips,Philips,,0.97,typographic_normalization,"[""somente caixa, Unicode, espaços e pontuação foram normalizados""]",False
Phonotrend,phonotrend,Phonotrend,,0.97,typographic_normalization,"[""somente caixa, Unicode, espaços e pontuação foram normalizados""]",False
Piano_Disc,piano-disc,Piano_Disc,,0.97,typographic_normalization,"[""somente caixa, Unicode, espaços e pontuação foram normalizados""]",False
Piaozoo,piaozoo,Piaozoo,,0.97,typographic_normalization,"[""somente caixa, Unicode, espaços e pontuação foram normalizados""]",False
Picturetel,picturetel,Picturetel,,0.97,typographic_normalization,"[""somente caixa, Unicode, espaços e pontuação foram normalizados""]",False
Pinnacle,pinnacle,Pinnacle,,0.97,typographic_normalization,"[""somente caixa, Unicode, espaços e pontuação foram normalizados""]",False
Pinnacle_Systems,pinnacle-systems,Pinnacle_Systems,,0.97,typographic_normalization,"[""somente caixa, Unicode, espaços e pontuação foram normalizados""]",False
Pioneer,pioneer,Pioneer,,0.97,typographic_normalization,"[""somente caixa, Unicode, espaços e pontuação foram normalizados""]",False
PixMob,pixmob,PixMob,,0.97,typographic_normalization,"[""somente caixa, Unicode, espaços e pontuação foram normalizados""]",False
PixelView,pixelview,PixelView,,0.97,typographic_normalization,"[""somente caixa, Unicode, espaços e pontuação foram normalizados""]",False
Planar,planar,Planar,,0.97,typographic_normalization,"[""somente caixa, Unicode, espaços e pontuação foram normalizados""]",False
Platinum,platinum,Platinum,,0.97,typographic_normalization,"[""somente caixa, Unicode, espaços e pontuação foram normalizados""]",False
PlayStation,playstation,PlayStation,,0.97,typographic_normalization,"[""somente caixa, Unicode, espaços e pontuação foram normalizados""]",False
Playtive,playtive,Playtive,,0.97,typographic_normalization,"[""somente caixa, Unicode, espaços e pontuação foram normalizados""]",False
Pleasant_Hearth,pleasant-hearth,Pleasant_Hearth,,0.97,typographic_normalization,"[""somente caixa, Unicode, espaços e pontuação foram normalizados""]",False
Polaroid,polaroid,Polaroid,,0.97,typographic_normalization,"[""somente caixa, Unicode, espaços e pontuação foram normalizados""]",False
PolkAudio,polkaudio,PolkAudio,,0.97,typographic_normalization,"[""somente caixa, Unicode, espaços e pontuação foram normalizados""]",False
Polk_Audio,polk-audio,Polk_Audio,,0.97,typographic_normalization,"[""somente caixa, Unicode, espaços e pontuação foram normalizados""]",False
Polycom,polycom,Polycom,,0.97,typographic_normalization,"[""somente caixa, Unicode, espaços e pontuação foram normalizados""]",False
Portta,portta,Portta,,0.97,typographic_normalization,"[""somente caixa, Unicode, espaços e pontuação foram normalizados""]",False
PowerAcoustik,poweracoustik,PowerAcoustik,,0.97,typographic_normalization,"[""somente caixa, Unicode, espaços e pontuação foram normalizados""]",False
Power_Lighting,power-lighting,Power_Lighting,,0.97,typographic_normalization,"[""somente caixa, Unicode, espaços e pontuação foram normalizados""]",False
Pragmatic,pragmatic,Pragmatic,,0.97,typographic_normalization,"[""somente caixa, Unicode, espaços e pontuação foram normalizados""]",False
Primare,primare,Primare,,0.97,typographic_normalization,"[""somente caixa, Unicode, espaços e pontuação foram normalizados""]",False
Prime3,prime3,Prime3,,0.97,typographic_normalization,"[""somente caixa, Unicode, espaços e pontuação foram normalizados""]",False
Primestar,primestar,Primestar,,0.97,typographic_normalization,"[""somente caixa, Unicode, espaços e pontuação foram normalizados""]",False
Princess,princess,Princess,,0.97,typographic_normalization,"[""somente caixa, Unicode, espaços e pontuação foram normalizados""]",False
Princeton,princeton,Princeton,,0.97,typographic_normalization,"[""somente caixa, Unicode, espaços e pontuação foram normalizados""]",False
Prinz,prinz,Prinz,,0.97,typographic_normalization,"[""somente caixa, Unicode, espaços e pontuação foram normalizados""]",False
PrismPlus,prismplus,PrismPlus,,0.97,typographic_normalization,"[""somente caixa, Unicode, espaços e pontuação foram normalizados""]",False
ProBreeze,probreeze,ProBreeze,,0.97,typographic_normalization,"[""somente caixa, Unicode, espaços e pontuação foram normalizados""]",False
ProPlay,proplay,ProPlay,,0.97,typographic_normalization,"[""somente caixa, Unicode, espaços e pontuação foram normalizados""]",False
Pro_Presenter,pro-presenter,Pro_Presenter,,0.97,typographic_normalization,"[""somente caixa, Unicode, espaços e pontuação foram normalizados""]",False
Proceed,proceed,Proceed,,0.97,typographic_normalization,"[""somente caixa, Unicode, espaços e pontuação foram normalizados""]",False
Profi_Care,profi-care,Profi_Care,,0.97,typographic_normalization,"[""somente caixa, Unicode, espaços e pontuação foram normalizados""]",False
Projectavision,projectavision,Projectavision,,0.97,typographic_normalization,"[""somente caixa, Unicode, espaços e pontuação foram normalizados""]",False
Prolights,prolights,Prolights,,0.97,typographic_normalization,"[""somente caixa, Unicode, espaços e pontuação foram normalizados""]",False
Promethean,promethean,Promethean,,0.97,typographic_normalization,"[""somente caixa, Unicode, espaços e pontuação foram normalizados""]",False
Proscan,proscan,Proscan,,0.97,typographic_normalization,"[""somente caixa, Unicode, espaços e pontuação foram normalizados""]",False
Protek,protek,Protek,,0.97,typographic_normalization,"[""somente caixa, Unicode, espaços e pontuação foram normalizados""]",False
Proton,proton,Proton,,0.97,typographic_normalization,"[""somente caixa, Unicode, espaços e pontuação foram normalizados""]",False
Provideo,provideo,Provideo,,0.97,typographic_normalization,"[""somente caixa, Unicode, espaços e pontuação foram normalizados""]",False
Provision,provision,Provision,,0.97,typographic_normalization,"[""somente caixa, Unicode, espaços e pontuação foram normalizados""]",False
Prowise,prowise,Prowise,,0.97,typographic_normalization,"[""somente caixa, Unicode, espaços e pontuação foram normalizados""]",False
Proxima,proxima,Proxima,,0.97,typographic_normalization,"[""somente caixa, Unicode, espaços e pontuação foram normalizados""]",False
Prozor,prozor,Prozor,,0.97,typographic_normalization,"[""somente caixa, Unicode, espaços e pontuação foram normalizados""]",False
Puck_Button,puck-button,Puck_Button,,0.97,typographic_normalization,"[""somente caixa, Unicode, espaços e pontuação foram normalizados""]",False
Pumpkin_Lights,pumpkin-lights,Pumpkin_Lights,,0.97,typographic_normalization,"[""somente caixa, Unicode, espaços e pontuação foram normalizados""]",False
Pyle,pyle,Pyle,,0.97,typographic_normalization,"[""somente caixa, Unicode, espaços e pontuação foram normalizados""]",False
QBELL,qbell,Qbell,,0.97,typographic_normalization,"[""somente caixa, Unicode, espaços e pontuação foram normalizados""]",False
QMAX,qmax,Qmax,,0.97,typographic_normalization,"[""somente caixa, Unicode, espaços e pontuação foram normalizados""]",False
QNAP,qnap,Qnap,,0.97,typographic_normalization,"[""somente caixa, Unicode, espaços e pontuação foram normalizados""]",False
QRS,qrs,Qrs,,0.97,typographic_normalization,"[""somente caixa, Unicode, espaços e pontuação foram normalizados""]",False
QTX,qtx,Qtx,,0.97,typographic_normalization,"[""somente caixa, Unicode, espaços e pontuação foram normalizados""]",False
QUADRAL,quadral,Quadral,,0.97,typographic_normalization,"[""somente caixa, Unicode, espaços e pontuação foram normalizados""]",False
QVIART,qviart,Qviart,,0.97,typographic_normalization,"[""somente caixa, Unicode, espaços e pontuação foram normalizados""]",False
Q_Acoustics,q-acoustics,Q_Acoustics,,0.97,typographic_normalization,"[""somente caixa, Unicode, espaços e pontuação foram normalizados""]",False
Qlima,qlima,Qlima,,0.97,typographic_normalization,"[""somente caixa, Unicode, espaços e pontuação foram normalizados""]",False
Quads,quads,Quads,,0.97,typographic_normalization,"[""somente caixa, Unicode, espaços e pontuação foram normalizados""]",False
Quantis,quantis,Quantis,,0.97,typographic_normalization,"[""somente caixa, Unicode, espaços e pontuação foram normalizados""]",False
Quasar,quasar,Quasar,,0.97,typographic_normalization,"[""somente caixa, Unicode, espaços e pontuação foram normalizados""]",False
RADEMACHER,rademacher,Rademacher,,0.97,typographic_normalization,"[""somente caixa, Unicode, espaços e pontuação foram normalizados""]",False
RADIX,radix,Radix,,0.97,typographic_normalization,"[""somente caixa, Unicode, espaços e pontuação foram normalizados""]",False
RCA,rca,Rca,,0.97,typographic_normalization,"[""somente caixa, Unicode, espaços e pontuação foram normalizados""]",False
REFLEXION,reflexion,Reflexion,,0.97,typographic_normalization,"[""somente caixa, Unicode, espaços e pontuação foram normalizados""]",False
RENDER,render,Render,,0.97,typographic_normalization,"[""somente caixa, Unicode, espaços e pontuação foram normalizados""]",False
REVOLTEC,revoltec,Revoltec,,0.97,typographic_normalization,"[""somente caixa, Unicode, espaços e pontuação foram normalizados""]",False
REVOX,revox,Revox,,0.97,typographic_normalization,"[""somente caixa, Unicode, espaços e pontuação foram normalizados""]",False
RFT,rft,Rft,,0.97,typographic_normalization,"[""somente caixa, Unicode, espaços e pontuação foram normalizados""]",False
RIF6,rif6,Rif6,,0.97,typographic_normalization,"[""somente caixa, Unicode, espaços e pontuação foram normalizados""]",False
RME,rme,Rme,,0.97,typographic_normalization,"[""somente caixa, Unicode, espaços e pontuação foram normalizados""]",False
ROKU,roku,Roku,,0.97,typographic_normalization,"[""somente caixa, Unicode, espaços e pontuação foram normalizados""]",False
ROLSEN,rolsen,Rolsen,,0.97,typographic_normalization,"[""somente caixa, Unicode, espaços e pontuação foram normalizados""]",False
ROTEL,rotel,Rotel,,0.97,typographic_normalization,"[""somente caixa, Unicode, espaços e pontuação foram normalizados""]",False
RSQ,rsq,Rsq,,0.97,typographic_normalization,"[""somente caixa, Unicode, espaços e pontuação foram normalizados""]",False
RUNCO,runco,Runco,,0.97,typographic_normalization,"[""somente caixa, Unicode, espaços e pontuação foram normalizados""]",False
RY_King,ry-king,RY_King,,0.97,typographic_normalization,"[""somente caixa, Unicode, espaços e pontuação foram normalizados""]",False
Rabbit_Air,rabbit-air,Rabbit_Air,,0.97,typographic_normalization,"[""somente caixa, Unicode, espaços e pontuação foram normalizados""]",False
RadioShack,radioshack,RadioShack,,0.97,typographic_normalization,"[""somente caixa, Unicode, espaços e pontuação foram normalizados""]",False
Radio_Shack,radio-shack,Radio_Shack,,0.97,typographic_normalization,"[""somente caixa, Unicode, espaços e pontuação foram normalizados""]",False
Radix,radix,Radix,,0.97,typographic_normalization,"[""somente caixa, Unicode, espaços e pontuação foram normalizados""]",False
Raite,raite,Raite,,0.97,typographic_normalization,"[""somente caixa, Unicode, espaços e pontuação foram normalizados""]",False
Ranex,ranex,Ranex,,0.97,typographic_normalization,"[""somente caixa, Unicode, espaços e pontuação foram normalizados""]",False
Rayfoto,rayfoto,Rayfoto,,0.97,typographic_normalization,"[""somente caixa, Unicode, espaços e pontuação foram normalizados""]",False
Re.x,re-x,Re.x,,0.97,typographic_normalization,"[""somente caixa, Unicode, espaços e pontuação foram normalizados""]",False
ReQuest_Multimedia,request-multimedia,ReQuest_Multimedia,,0.97,typographic_normalization,"[""somente caixa, Unicode, espaços e pontuação foram normalizados""]",False
ReQuest_Video,request-video,ReQuest_Video,,0.97,typographic_normalization,"[""somente caixa, Unicode, espaços e pontuação foram normalizados""]",False
Real-Fyre,real-fyre,Real-Fyre,,0.97,typographic_normalization,"[""somente caixa, Unicode, espaços e pontuação foram normalizados""]",False
Recor,recor,Recor,,0.97,typographic_normalization,"[""somente caixa, Unicode, espaços e pontuação foram normalizados""]",False
Rega,rega,Rega,,0.97,typographic_normalization,"[""somente caixa, Unicode, espaços e pontuação foram normalizados""]",False
Remko,remko,Remko,,0.97,typographic_normalization,"[""somente caixa, Unicode, espaços e pontuação foram normalizados""]",False
RemotesReplaced,remotesreplaced,RemotesReplaced,,0.97,typographic_normalization,"[""somente caixa, Unicode, espaços e pontuação foram normalizados""]",False
ReplayTV,replaytv,ReplayTV,,0.97,typographic_normalization,"[""somente caixa, Unicode, espaços e pontuação foram normalizados""]",False
Replay_Networks,replay-networks,Replay_Networks,,0.97,typographic_normalization,"[""somente caixa, Unicode, espaços e pontuação foram normalizados""]",False
Replay_TV,replay-tv,Replay_TV,,0.97,typographic_normalization,"[""somente caixa, Unicode, espaços e pontuação foram normalizados""]",False
Retro-Bit,retro-bit,Retro-Bit,,0.97,typographic_normalization,"[""somente caixa, Unicode, espaços e pontuação foram normalizados""]",False
RetroTINK,retrotink,RetroTINK,,0.97,typographic_normalization,"[""somente caixa, Unicode, espaços e pontuação foram normalizados""]",False
Revo,revo,Revo,,0.97,typographic_normalization,"[""somente caixa, Unicode, espaços e pontuação foram normalizados""]",False
RevolutionHD,revolutionhd,RevolutionHD,,0.97,typographic_normalization,"[""somente caixa, Unicode, espaços e pontuação foram normalizados""]",False
Revox,revox,Revox,,0.97,typographic_normalization,"[""somente caixa, Unicode, espaços e pontuação foram normalizados""]",False
Revoy,revoy,Revoy,,0.97,typographic_normalization,"[""somente caixa, Unicode, espaços e pontuação foram normalizados""]",False
RiTECH,ritech,RiTECH,,0.97,typographic_normalization,"[""somente caixa, Unicode, espaços e pontuação foram normalizados""]",False
Rinnai,rinnai,Rinnai,,0.97,typographic_normalization,"[""somente caixa, Unicode, espaços e pontuação foram normalizados""]",False
Rio,rio,Rio,,0.97,typographic_normalization,"[""somente caixa, Unicode, espaços e pontuação foram normalizados""]",False
Roberts,roberts,Roberts,,0.97,typographic_normalization,"[""somente caixa, Unicode, espaços e pontuação foram normalizados""]",False
RoboMaster_Blaster,robomaster-blaster,RoboMaster_Blaster,,0.97,typographic_normalization,"[""somente caixa, Unicode, espaços e pontuação foram normalizados""]",False
Robot,robot,Robot,,0.97,typographic_normalization,"[""somente caixa, Unicode, espaços e pontuação foram normalizados""]",False
Rock-ola,rock-ola,Rock-ola,,0.97,typographic_normalization,"[""somente caixa, Unicode, espaços e pontuação foram normalizados""]",False
RocketFish,rocketfish,RocketFish,,0.97,typographic_normalization,"[""somente caixa, Unicode, espaços e pontuação foram normalizados""]",False
Rockola,rockola,Rockola,,0.97,typographic_normalization,"[""somente caixa, Unicode, espaços e pontuação foram normalizados""]",False
Rohnson,rohnson,Rohnson,,0.97,typographic_normalization,"[""somente caixa, Unicode, espaços e pontuação foram normalizados""]",False
Roksan,roksan,Roksan,,0.97,typographic_normalization,"[""somente caixa, Unicode, espaços e pontuação foram normalizados""]",False
Roku,roku,Roku,,0.97,typographic_normalization,"[""somente caixa, Unicode, espaços e pontuação foram normalizados""]",False
Roland,roland,Roland,,0.97,typographic_normalization,"[""somente caixa, Unicode, espaços e pontuação foram normalizados""]",False
Rolsen,rolsen,Rolsen,,0.97,typographic_normalization,"[""somente caixa, Unicode, espaços e pontuação foram normalizados""]",False
Roomba,roomba,Roomba,,0.97,typographic_normalization,"[""somente caixa, Unicode, espaços e pontuação foram normalizados""]",False
Rostelecom,rostelecom,Rostelecom,,0.97,typographic_normalization,"[""somente caixa, Unicode, espaços e pontuação foram normalizados""]",False
Rotel,rotel,Rotel,,0.97,typographic_normalization,"[""somente caixa, Unicode, espaços e pontuação foram normalizados""]",False
Rowa,rowa,Rowa,,0.97,typographic_normalization,"[""somente caixa, Unicode, espaços e pontuação foram normalizados""]",False
Rowenta,rowenta,Rowenta,,0.97,typographic_normalization,"[""somente caixa, Unicode, espaços e pontuação foram normalizados""]",False
RoyalFlame,royalflame,RoyalFlame,,0.97,typographic_normalization,"[""somente caixa, Unicode, espaços e pontuação foram normalizados""]",False
Royal_Clima,royal-clima,Royal_Clima,,0.97,typographic_normalization,"[""somente caixa, Unicode, espaços e pontuação foram normalizados""]",False
Ruark,ruark,Ruark,,0.97,typographic_normalization,"[""somente caixa, Unicode, espaços e pontuação foram normalizados""]",False
Rubine,rubine,Rubine,,0.97,typographic_normalization,"[""somente caixa, Unicode, espaços e pontuação foram normalizados""]",False
Runco,runco,Runco,,0.97,typographic_normalization,"[""somente caixa, Unicode, espaços e pontuação foram normalizados""]",False
Russound,russound,Russound,,0.97,typographic_normalization,"[""somente caixa, Unicode, espaços e pontuação foram normalizados""]",False
Rusta_Christmas_Tree_Candle,rusta-christmas-tree-candle,Rusta_Christmas_Tree_Candle,,0.97,typographic_normalization,"[""somente caixa, Unicode, espaços e pontuação foram normalizados""]",False
Rytaki,rytaki,Rytaki,,0.97,typographic_normalization,"[""somente caixa, Unicode, espaços e pontuação foram normalizados""]",False
S2 Digital,s2-digital,S2 Digital,,0.97,typographic_normalization,"[""somente caixa, Unicode, espaços e pontuação foram normalizados""]",False
SAB,sab,Sab,,0.97,typographic_normalization,"[""somente caixa, Unicode, espaços e pontuação foram normalizados""]",False
SABA,saba,Saba,,0.97,typographic_normalization,"[""somente caixa, Unicode, espaços e pontuação foram normalizados""]",False
SAGEM,sagem,Sagem,,0.97,typographic_normalization,"[""somente caixa, Unicode, espaços e pontuação foram normalizados""]",False
SAGEMCOM,sagemcom,Sagemcom,,0.97,typographic_normalization,"[""somente caixa, Unicode, espaços e pontuação foram normalizados""]",False
SAKAWA,sakawa,Sakawa,,0.97,typographic_normalization,"[""somente caixa, Unicode, espaços e pontuação foram normalizados""]",False
SAMSUNG,samsung,Samsung,,0.97,typographic_normalization,"[""somente caixa, Unicode, espaços e pontuação foram normalizados""]",False
SANSUI,sansui,Sansui,,0.97,typographic_normalization,"[""somente caixa, Unicode, espaços e pontuação foram normalizados""]",False
SANYO,sanyo,Sanyo,,0.97,typographic_normalization,"[""somente caixa, Unicode, espaços e pontuação foram normalizados""]",False
SCEPTRE,sceptre,Sceptre,,0.97,typographic_normalization,"[""somente caixa, Unicode, espaços e pontuação foram normalizados""]",False
SCHAUB-LORENZ,schaub-lorenz,Schaub-Lorenz,,0.97,typographic_normalization,"[""somente caixa, Unicode, espaços e pontuação foram normalizados""]",False
SCHWAIGER,schwaiger,Schwaiger,,0.97,typographic_normalization,"[""somente caixa, Unicode, espaços e pontuação foram normalizados""]",False
SCIENTIFIC-ATLANTA,scientific-atlanta,Scientific-Atlanta,,0.97,typographic_normalization,"[""somente caixa, Unicode, espaços e pontuação foram normalizados""]",False
SEG,seg,Seg,,0.97,typographic_normalization,"[""somente caixa, Unicode, espaços e pontuação foram normalizados""]",False
SEIKI,seiki,Seiki,,0.97,typographic_normalization,"[""somente caixa, Unicode, espaços e pontuação foram normalizados""]",False
SETONE,setone,Setone,,0.97,typographic_normalization,"[""somente caixa, Unicode, espaços e pontuação foram normalizados""]",False
SHARP,sharp,Sharp,,0.97,typographic_normalization,"[""somente caixa, Unicode, espaços e pontuação foram normalizados""]",False
SHE,she,She,,0.97,typographic_normalization,"[""somente caixa, Unicode, espaços e pontuação foram normalizados""]",False
SHERWOOD,sherwood,Sherwood,,0.97,typographic_normalization,"[""somente caixa, Unicode, espaços e pontuação foram normalizados""]",False
SHINELCO,shinelco,Shinelco,,0.97,typographic_normalization,"[""somente caixa, Unicode, espaços e pontuação foram normalizados""]",False
SHINIL,shinil,Shinil,,0.97,typographic_normalization,"[""somente caixa, Unicode, espaços e pontuação foram normalizados""]",False
SIEMENS,siemens,Siemens,,0.97,typographic_normalization,"[""somente caixa, Unicode, espaços e pontuação foram normalizados""]",False
SILVERCREST,silvercrest,Silvercrest,,0.97,typographic_normalization,"[""somente caixa, Unicode, espaços e pontuação foram normalizados""]",False
SINUDYNE,sinudyne,Sinudyne,,0.97,typographic_normalization,"[""somente caixa, Unicode, espaços e pontuação foram normalizados""]",False
SKY,sky,Sky,,0.97,typographic_normalization,"[""somente caixa, Unicode, espaços e pontuação foram normalizados""]",False
SKYMASTER,skymaster,Skymaster,,0.97,typographic_normalization,"[""somente caixa, Unicode, espaços e pontuação foram normalizados""]",False
SMART,smart,Smart,,0.97,typographic_normalization,"[""somente caixa, Unicode, espaços e pontuação foram normalizados""]",False
SMART_Technologies,smart-technologies,SMART_Technologies,,0.97,typographic_normalization,"[""somente caixa, Unicode, espaços e pontuação foram normalizados""]",False
SMSL,smsl,Smsl,,0.97,typographic_normalization,"[""somente caixa, Unicode, espaços e pontuação foram normalizados""]",False
SONY,sony,Sony,,0.97,typographic_normalization,"[""somente caixa, Unicode, espaços e pontuação foram normalizados""]",False
SOUNDGRAPH,soundgraph,Soundgraph,,0.97,typographic_normalization,"[""somente caixa, Unicode, espaços e pontuação foram normalizados""]",False
SOYO,soyo,Soyo,,0.97,typographic_normalization,"[""somente caixa, Unicode, espaços e pontuação foram normalizados""]",False
ST,st,St,,0.97,typographic_normalization,"[""somente caixa, Unicode, espaços e pontuação foram normalizados""]",False
STAR SAT,star-sat,Star Sat,,0.97,typographic_normalization,"[""somente caixa, Unicode, espaços e pontuação foram normalizados""]",False
STARMAX,starmax,Starmax,,0.97,typographic_normalization,"[""somente caixa, Unicode, espaços e pontuação foram normalizados""]",False
STARSAT,starsat,Starsat,,0.97,typographic_normalization,"[""somente caixa, Unicode, espaços e pontuação foram normalizados""]",False
STARTRACK,startrack,Startrack,,0.97,typographic_normalization,"[""somente caixa, Unicode, espaços e pontuação foram normalizados""]",False
STOREX,storex,Storex,,0.97,typographic_normalization,"[""somente caixa, Unicode, espaços e pontuação foram normalizados""]",False
STRONG,strong,Strong,,0.97,typographic_normalization,"[""somente caixa, Unicode, espaços e pontuação foram normalizados""]",False
SUMMIT,summit,Summit,,0.97,typographic_normalization,"[""somente caixa, Unicode, espaços e pontuação foram normalizados""]",False
SUMVISION,sumvision,Sumvision,,0.97,typographic_normalization,"[""somente caixa, Unicode, espaços e pontuação foram normalizados""]",False
SUPERBOX,superbox,Superbox,,0.97,typographic_normalization,"[""somente caixa, Unicode, espaços e pontuação foram normalizados""]",False
SUPERSQNY,supersqny,Supersqny,,0.97,typographic_normalization,"[""somente caixa, Unicode, espaços e pontuação foram normalizados""]",False
SVA,sva,Sva,,0.97,typographic_normalization,"[""somente caixa, Unicode, espaços e pontuação foram normalizados""]",False
SVEN,sven,Sven,,0.97,typographic_normalization,"[""somente caixa, Unicode, espaços e pontuação foram normalizados""]",False
SWISSCOM,swisscom,Swisscom,,0.97,typographic_normalization,"[""somente caixa, Unicode, espaços e pontuação foram normalizados""]",False
SYLVANIA,sylvania,Sylvania,,0.97,typographic_normalization,"[""somente caixa, Unicode, espaços e pontuação foram normalizados""]",False
Safari_Technologies,safari-technologies,Safari_Technologies,,0.97,typographic_normalization,"[""somente caixa, Unicode, espaços e pontuação foram normalizados""]",False
Sagem,sagem,Sagem,,0.97,typographic_normalization,"[""somente caixa, Unicode, espaços e pontuação foram normalizados""]",False
Salora,salora,Salora,,0.97,typographic_normalization,"[""somente caixa, Unicode, espaços e pontuação foram normalizados""]",False
Samsung,samsung,Samsung,,0.97,typographic_normalization,"[""somente caixa, Unicode, espaços e pontuação foram normalizados""]",False
Samy,samy,Samy,,0.97,typographic_normalization,"[""somente caixa, Unicode, espaços e pontuação foram normalizados""]",False
Sangean,sangean,Sangean,,0.97,typographic_normalization,"[""somente caixa, Unicode, espaços e pontuação foram normalizados""]",False
Sankey,sankey,Sankey,,0.97,typographic_normalization,"[""somente caixa, Unicode, espaços e pontuação foram normalizados""]",False
Sansonic,sansonic,Sansonic,,0.97,typographic_normalization,"[""somente caixa, Unicode, espaços e pontuação foram normalizados""]",False
Sansui,sansui,Sansui,,0.97,typographic_normalization,"[""somente caixa, Unicode, espaços e pontuação foram normalizados""]",False
Sanyo,sanyo,Sanyo,,0.97,typographic_normalization,"[""somente caixa, Unicode, espaços e pontuação foram normalizados""]",False
Satelco,satelco,Satelco,,0.97,typographic_normalization,"[""somente caixa, Unicode, espaços e pontuação foram normalizados""]",False
Satellite_Electronics,satellite-electronics,Satellite_Electronics,,0.97,typographic_normalization,"[""somente caixa, Unicode, espaços e pontuação foram normalizados""]",False
Sceptre,sceptre,Sceptre,,0.97,typographic_normalization,"[""somente caixa, Unicode, espaços e pontuação foram normalizados""]",False
Schneider,schneider,Schneider,,0.97,typographic_normalization,"[""somente caixa, Unicode, espaços e pontuação foram normalizados""]",False
Schwaiger,schwaiger,Schwaiger,,0.97,typographic_normalization,"[""somente caixa, Unicode, espaços e pontuação foram normalizados""]",False
Scientific_Atlanta,scientific-atlanta,Scientific_Atlanta,,0.97,typographic_normalization,"[""somente caixa, Unicode, espaços e pontuação foram normalizados""]",False
Scott,scott,Scott,,0.97,typographic_normalization,"[""somente caixa, Unicode, espaços e pontuação foram normalizados""]",False
Sears,sears,Sears,,0.97,typographic_normalization,"[""somente caixa, Unicode, espaços e pontuação foram normalizados""]",False
Seiki,seiki,Seiki,,0.97,typographic_normalization,"[""somente caixa, Unicode, espaços e pontuação foram normalizados""]",False
Seleco,seleco,Seleco,,0.97,typographic_normalization,"[""somente caixa, Unicode, espaços e pontuação foram normalizados""]",False
Sencor,sencor,Sencor,,0.97,typographic_normalization,"[""somente caixa, Unicode, espaços e pontuação foram normalizados""]",False
Senko,senko,Senko,,0.97,typographic_normalization,"[""somente caixa, Unicode, espaços e pontuação foram normalizados""]",False
Sennheiser,sennheiser,Sennheiser,,0.97,typographic_normalization,"[""somente caixa, Unicode, espaços e pontuação foram normalizados""]",False
SereneLife,serenelife,SereneLife,,0.97,typographic_normalization,"[""somente caixa, Unicode, espaços e pontuação foram normalizados""]",False
ServilleClassics,servilleclassics,ServilleClassics,,0.97,typographic_normalization,"[""somente caixa, Unicode, espaços e pontuação foram normalizados""]",False
Seville,seville,Seville,,0.97,typographic_normalization,"[""somente caixa, Unicode, espaços e pontuação foram normalizados""]",False
Seville_Classics,seville-classics,Seville_Classics,,0.97,typographic_normalization,"[""somente caixa, Unicode, espaços e pontuação foram normalizados""]",False
Sgi,sgi,Sgi,,0.97,typographic_normalization,"[""somente caixa, Unicode, espaços e pontuação foram normalizados""]",False
Shami,shami,Shami,,0.97,typographic_normalization,"[""somente caixa, Unicode, espaços e pontuação foram normalizados""]",False
Shark,shark,Shark,,0.97,typographic_normalization,"[""somente caixa, Unicode, espaços e pontuação foram normalizados""]",False
Sharp,sharp,Sharp,,0.97,typographic_normalization,"[""somente caixa, Unicode, espaços e pontuação foram normalizados""]",False
Sharpsat,sharpsat,Sharpsat,,0.97,typographic_normalization,"[""somente caixa, Unicode, espaços e pontuação foram normalizados""]",False
Sherbourn,sherbourn,Sherbourn,,0.97,typographic_normalization,"[""somente caixa, Unicode, espaços e pontuação foram normalizados""]",False
Sherwood,sherwood,Sherwood,,0.97,typographic_normalization,"[""somente caixa, Unicode, espaços e pontuação foram normalizados""]",False
Shinco,shinco,Shinco,,0.97,typographic_normalization,"[""somente caixa, Unicode, espaços e pontuação foram normalizados""]",False
Shinic,shinic,Shinic,,0.97,typographic_normalization,"[""somente caixa, Unicode, espaços e pontuação foram normalizados""]",False
Shivaki,shivaki,Shivaki,,0.97,typographic_normalization,"[""somente caixa, Unicode, espaços e pontuação foram normalizados""]",False
Shure,shure,Shure,,0.97,typographic_normalization,"[""somente caixa, Unicode, espaços e pontuação foram normalizados""]",False
Shuttle,shuttle,Shuttle,,0.97,typographic_normalization,"[""somente caixa, Unicode, espaços e pontuação foram normalizados""]",False
Siemens,siemens,Siemens,,0.97,typographic_normalization,"[""somente caixa, Unicode, espaços e pontuação foram normalizados""]",False
Sigma_Designs,sigma-designs,Sigma_Designs,,0.97,typographic_normalization,"[""somente caixa, Unicode, espaços e pontuação foram normalizados""]",False
Sigmatek,sigmatek,Sigmatek,,0.97,typographic_normalization,"[""somente caixa, Unicode, espaços e pontuação foram normalizados""]",False
Siguro,siguro,Siguro,,0.97,typographic_normalization,"[""somente caixa, Unicode, espaços e pontuação foram normalizados""]",False
Silent_Gliss,silent-gliss,Silent_Gliss,,0.97,typographic_normalization,"[""somente caixa, Unicode, espaços e pontuação foram normalizados""]",False
Silver,silver,Silver,,0.97,typographic_normalization,"[""somente caixa, Unicode, espaços e pontuação foram normalizados""]",False
SilverCrest,silvercrest,SilverCrest,,0.97,typographic_normalization,"[""somente caixa, Unicode, espaços e pontuação foram normalizados""]",False
Silver_Crest,silver-crest,Silver_Crest,,0.97,typographic_normalization,"[""somente caixa, Unicode, espaços e pontuação foram normalizados""]",False
Silvercrest,silvercrest,Silvercrest,,0.97,typographic_normalization,"[""somente caixa, Unicode, espaços e pontuação foram normalizados""]",False
Silverlit,silverlit,Silverlit,,0.97,typographic_normalization,"[""somente caixa, Unicode, espaços e pontuação foram normalizados""]",False
Sima,sima,Sima,,0.97,typographic_normalization,"[""somente caixa, Unicode, espaços e pontuação foram normalizados""]",False
Simon,simon,Simon,,0.97,typographic_normalization,"[""somente caixa, Unicode, espaços e pontuação foram normalizados""]",False
Simulflame,simulflame,Simulflame,,0.97,typographic_normalization,"[""somente caixa, Unicode, espaços e pontuação foram normalizados""]",False
Sinclair,sinclair,Sinclair,,0.97,typographic_normalization,"[""somente caixa, Unicode, espaços e pontuação foram normalizados""]",False
Sirius,sirius,Sirius,,0.97,typographic_normalization,"[""somente caixa, Unicode, espaços e pontuação foram normalizados""]",False
SiriusXM,siriusxm,SiriusXM,,0.97,typographic_normalization,"[""somente caixa, Unicode, espaços e pontuação foram normalizados""]",False
Sitronics,sitronics,Sitronics,,0.97,typographic_normalization,"[""somente caixa, Unicode, espaços e pontuação foram normalizados""]",False
Sky,sky,Sky,,0.97,typographic_normalization,"[""somente caixa, Unicode, espaços e pontuação foram normalizados""]",False
SkyQ,skyq,SkyQ,,0.97,typographic_normalization,"[""somente caixa, Unicode, espaços e pontuação foram normalizados""]",False
SkyVue,skyvue,SkyVue,,0.97,typographic_normalization,"[""somente caixa, Unicode, espaços e pontuação foram normalizados""]",False
Skymaster,skymaster,Skymaster,,0.97,typographic_normalization,"[""somente caixa, Unicode, espaços e pontuação foram normalizados""]",False
Slim_Art,slim-art,Slim_Art,,0.97,typographic_normalization,"[""somente caixa, Unicode, espaços e pontuação foram normalizados""]",False
Slim_Devices,slim-devices,Slim_Devices,,0.97,typographic_normalization,"[""somente caixa, Unicode, espaços e pontuação foram normalizados""]",False
SmartyKat,smartykat,SmartyKat,,0.97,typographic_normalization,"[""somente caixa, Unicode, espaços e pontuação foram normalizados""]",False
SnapStream,snapstream,SnapStream,,0.97,typographic_normalization,"[""somente caixa, Unicode, espaços e pontuação foram normalizados""]",False
Snazio,snazio,Snazio,,0.97,typographic_normalization,"[""somente caixa, Unicode, espaços e pontuação foram normalizados""]",False
Snell,snell,Snell,,0.97,typographic_normalization,"[""somente caixa, Unicode, espaços e pontuação foram normalizados""]",False
Socobeta,socobeta,Socobeta,,0.97,typographic_normalization,"[""somente caixa, Unicode, espaços e pontuação foram normalizados""]",False
Sole,sole,Sole,,0.97,typographic_normalization,"[""somente caixa, Unicode, espaços e pontuação foram normalizados""]",False
SoleusAir,soleusair,SoleusAir,,0.97,typographic_normalization,"[""somente caixa, Unicode, espaços e pontuação foram normalizados""]",False
Solida,solida,Solida,,0.97,typographic_normalization,"[""somente caixa, Unicode, espaços e pontuação foram normalizados""]",False
Solis,solis,Solis,,0.97,typographic_normalization,"[""somente caixa, Unicode, espaços e pontuação foram normalizados""]",False
Somela,somela,Somela,,0.97,typographic_normalization,"[""somente caixa, Unicode, espaços e pontuação foram normalizados""]",False
Somfy,somfy,Somfy,,0.97,typographic_normalization,"[""somente caixa, Unicode, espaços e pontuação foram normalizados""]",False
Sonance,sonance,Sonance,,0.97,typographic_normalization,"[""somente caixa, Unicode, espaços e pontuação foram normalizados""]",False
Sonic_Blue,sonic-blue,Sonic_Blue,,0.97,typographic_normalization,"[""somente caixa, Unicode, espaços e pontuação foram normalizados""]",False
Sonicview,sonicview,Sonicview,,0.97,typographic_normalization,"[""somente caixa, Unicode, espaços e pontuação foram normalizados""]",False
Soniq,soniq,Soniq,,0.97,typographic_normalization,"[""somente caixa, Unicode, espaços e pontuação foram normalizados""]",False
Sonoff,sonoff,Sonoff,,0.97,typographic_normalization,"[""somente caixa, Unicode, espaços e pontuação foram normalizados""]",False
Sonos,sonos,Sonos,,0.97,typographic_normalization,"[""somente caixa, Unicode, espaços e pontuação foram normalizados""]",False
Sony,sony,Sony,,0.97,typographic_normalization,"[""somente caixa, Unicode, espaços e pontuação foram normalizados""]",False
Sony_Ericsson,sony-ericsson,Sony_Ericsson,,0.97,typographic_normalization,"[""somente caixa, Unicode, espaços e pontuação foram normalizados""]",False
Sony_Experimental_unlock,sony-experimental-unlock,Sony_Experimental_unlock,,0.97,typographic_normalization,"[""somente caixa, Unicode, espaços e pontuação foram normalizados""]",False
Southerland,southerland,Southerland,,0.97,typographic_normalization,"[""somente caixa, Unicode, espaços e pontuação foram normalizados""]",False
Spectral,spectral,Spectral,,0.97,typographic_normalization,"[""somente caixa, Unicode, espaços e pontuação foram normalizados""]",False
Speed-link,speed-link,Speed-link,,0.97,typographic_normalization,"[""somente caixa, Unicode, espaços e pontuação foram normalizados""]",False
Stadler_Form,stadler-form,Stadler_Form,,0.97,typographic_normalization,"[""somente caixa, Unicode, espaços e pontuação foram normalizados""]",False
Starcom,starcom,Starcom,,0.97,typographic_normalization,"[""somente caixa, Unicode, espaços e pontuação foram normalizados""]",False
Starsat,starsat,Starsat,,0.97,typographic_normalization,"[""somente caixa, Unicode, espaços e pontuação foram normalizados""]",False
Starview,starview,Starview,,0.97,typographic_normalization,"[""somente caixa, Unicode, espaços e pontuação foram normalizados""]",False
Steljes,steljes,Steljes,,0.97,typographic_normalization,"[""somente caixa, Unicode, espaços e pontuação foram normalizados""]",False
StereoBoomm,stereoboomm,StereoBoomm,,0.97,typographic_normalization,"[""somente caixa, Unicode, espaços e pontuação foram normalizados""]",False
Stereo_Amplifiers,stereo-amplifiers,Stereo_Amplifiers,,0.97,typographic_normalization,"[""somente caixa, Unicode, espaços e pontuação foram normalizados""]",False
Storex,storex,Storex,,0.97,typographic_normalization,"[""somente caixa, Unicode, espaços e pontuação foram normalizados""]",False
Strato,strato,Strato,,0.97,typographic_normalization,"[""somente caixa, Unicode, espaços e pontuação foram normalizados""]",False
Streamzap,streamzap,Streamzap,,0.97,typographic_normalization,"[""somente caixa, Unicode, espaços e pontuação foram normalizados""]",False
Strong,strong,Strong,,0.97,typographic_normalization,"[""somente caixa, Unicode, espaços e pontuação foram normalizados""]",False
Style_Selections,style-selections,Style_Selections,,0.97,typographic_normalization,"[""somente caixa, Unicode, espaços e pontuação foram normalizados""]",False
Subtropic,subtropic,Subtropic,,0.97,typographic_normalization,"[""somente caixa, Unicode, espaços e pontuação foram normalizados""]",False
SuedwindAmbientika,suedwindambientika,SuedwindAmbientika,,0.97,typographic_normalization,"[""somente caixa, Unicode, espaços e pontuação foram normalizados""]",False
Sumvision,sumvision,Sumvision,,0.97,typographic_normalization,"[""somente caixa, Unicode, espaços e pontuação foram normalizados""]",False
SunBriteTV,sunbritetv,SunBriteTV,,0.97,typographic_normalization,"[""somente caixa, Unicode, espaços e pontuação foram normalizados""]",False
Sunbeam,sunbeam,Sunbeam,,0.97,typographic_normalization,"[""somente caixa, Unicode, espaços e pontuação foram normalizados""]",False
Sunbrite,sunbrite,Sunbrite,,0.97,typographic_normalization,"[""somente caixa, Unicode, espaços e pontuação foram normalizados""]",False
Sunfire,sunfire,Sunfire,,0.97,typographic_normalization,"[""somente caixa, Unicode, espaços e pontuação foram normalizados""]",False
Sungale,sungale,Sungale,,0.97,typographic_normalization,"[""somente caixa, Unicode, espaços e pontuação foram normalizados""]",False
Sunset_Lamp,sunset-lamp,Sunset_Lamp,,0.97,typographic_normalization,"[""somente caixa, Unicode, espaços e pontuação foram normalizados""]",False
Suntec,suntec,Suntec,,0.97,typographic_normalization,"[""somente caixa, Unicode, espaços e pontuação foram normalizados""]",False
Sunteca,sunteca,Sunteca,,0.97,typographic_normalization,"[""somente caixa, Unicode, espaços e pontuação foram normalizados""]",False
Supermax,supermax,Supermax,,0.97,typographic_normalization,"[""somente caixa, Unicode, espaços e pontuação foram normalizados""]",False
Supportplus,supportplus,Supportplus,,0.97,typographic_normalization,"[""somente caixa, Unicode, espaços e pontuação foram normalizados""]",False
Supra,supra,Supra,,0.97,typographic_normalization,"[""somente caixa, Unicode, espaços e pontuação foram normalizados""]",False
Sweex,sweex,Sweex,,0.97,typographic_normalization,"[""somente caixa, Unicode, espaços e pontuação foram normalizados""]",False
Syabas,syabas,Syabas,,0.97,typographic_normalization,"[""somente caixa, Unicode, espaços e pontuação foram normalizados""]",False
Sylvania,sylvania,Sylvania,,0.97,typographic_normalization,"[""somente caixa, Unicode, espaços e pontuação foram normalizados""]",False
Symphonic,symphonic,Symphonic,,0.97,typographic_normalization,"[""somente caixa, Unicode, espaços e pontuação foram normalizados""]",False
Syntax-Brillian,syntax-brillian,Syntax-Brillian,,0.97,typographic_normalization,"[""somente caixa, Unicode, espaços e pontuação foram normalizados""]",False
T+A,t-a,T+A,,0.97,typographic_normalization,"[""somente caixa, Unicode, espaços e pontuação foram normalizados""]",False
T-SUN,t-sun,T-Sun,,0.97,typographic_normalization,"[""somente caixa, Unicode, espaços e pontuação foram normalizados""]",False
TAG_McLaren,tag-mclaren,TAG_McLaren,,0.97,typographic_normalization,"[""somente caixa, Unicode, espaços e pontuação foram normalizados""]",False
TAO,tao,Tao,,0.97,typographic_normalization,"[""somente caixa, Unicode, espaços e pontuação foram normalizados""]",False
TARGA,targa,Targa,,0.97,typographic_normalization,"[""somente caixa, Unicode, espaços e pontuação foram normalizados""]",False
TASCAM,tascam,Tascam,,0.97,typographic_normalization,"[""somente caixa, Unicode, espaços e pontuação foram normalizados""]",False
TATA SKY,tata-sky,Tata Sky,,0.97,typographic_normalization,"[""somente caixa, Unicode, espaços e pontuação foram normalizados""]",False
TCL,tcl,Tcl,,0.97,typographic_normalization,"[""somente caixa, Unicode, espaços e pontuação foram normalizados""]",False
TCM,tcm,Tcm,,0.97,typographic_normalization,"[""somente caixa, Unicode, espaços e pontuação foram normalizados""]",False
TCP,tcp,Tcp,,0.97,typographic_normalization,"[""somente caixa, Unicode, espaços e pontuação foram normalizados""]",False
TCUAG,tcuag,Tcuag,,0.97,typographic_normalization,"[""somente caixa, Unicode, espaços e pontuação foram normalizados""]",False
TEAC,teac,Teac,,0.97,typographic_normalization,"[""somente caixa, Unicode, espaços e pontuação foram normalizados""]",False
TECHNIC,technic,Technic,,0.97,typographic_normalization,"[""somente caixa, Unicode, espaços e pontuação foram normalizados""]",False
TECHNICOLOR,technicolor,Technicolor,,0.97,typographic_normalization,"[""somente caixa, Unicode, espaços e pontuação foram normalizados""]",False
TECHNICS,technics,Technics,,0.97,typographic_normalization,"[""somente caixa, Unicode, espaços e pontuação foram normalizados""]",False
TECHNIKA,technika,Technika,,0.97,typographic_normalization,"[""somente caixa, Unicode, espaços e pontuação foram normalizados""]",False
TECHNISAT,technisat,Technisat,,0.97,typographic_normalization,"[""somente caixa, Unicode, espaços e pontuação foram normalizados""]",False
TECHNOIT,technoit,Technoit,,0.97,typographic_normalization,"[""somente caixa, Unicode, espaços e pontuação foram normalizados""]",False
TECHNOSAT,technosat,Technosat,,0.97,typographic_normalization,"[""somente caixa, Unicode, espaços e pontuação foram normalizados""]",False
TECHNOTREND,technotrend,Technotrend,,0.97,typographic_normalization,"[""somente caixa, Unicode, espaços e pontuação foram normalizados""]",False
TECTRO,tectro,Tectro,,0.97,typographic_normalization,"[""somente caixa, Unicode, espaços e pontuação foram normalizados""]",False
TELEFUNKEN,telefunken,Telefunken,,0.97,typographic_normalization,"[""somente caixa, Unicode, espaços e pontuação foram normalizados""]",False
TELEKOM,telekom,Telekom,,0.97,typographic_normalization,"[""somente caixa, Unicode, espaços e pontuação foram normalizados""]",False
TELESTAR,telestar,Telestar,,0.97,typographic_normalization,"[""somente caixa, Unicode, espaços e pontuação foram normalizados""]",False
TELESYSTEM,telesystem,Telesystem,,0.97,typographic_normalization,"[""somente caixa, Unicode, espaços e pontuação foram normalizados""]",False
TELEWIRE,telewire,Telewire,,0.97,typographic_normalization,"[""somente caixa, Unicode, espaços e pontuação foram normalizados""]",False
TELSKY,telsky,Telsky,,0.97,typographic_normalization,"[""somente caixa, Unicode, espaços e pontuação foram normalizados""]",False
TERRATEC,terratec,Terratec,,0.97,typographic_normalization,"[""somente caixa, Unicode, espaços e pontuação foram normalizados""]",False
TERRIS,terris,Terris,,0.97,typographic_normalization,"[""somente caixa, Unicode, espaços e pontuação foram normalizados""]",False
TESmart,tesmart,TESmart,,0.97,typographic_normalization,"[""somente caixa, Unicode, espaços e pontuação foram normalizados""]",False
TEUFEL,teufel,Teufel,,0.97,typographic_normalization,"[""somente caixa, Unicode, espaços e pontuação foram normalizados""]",False
TEVION,tevion,Tevion,,0.97,typographic_normalization,"[""somente caixa, Unicode, espaços e pontuação foram normalizados""]",False
THES,thes,Thes,,0.97,typographic_normalization,"[""somente caixa, Unicode, espaços e pontuação foram normalizados""]",False
THOMSON,thomson,Thomson,,0.97,typographic_normalization,"[""somente caixa, Unicode, espaços e pontuação foram normalizados""]",False
THULE,thule,Thule,,0.97,typographic_normalization,"[""somente caixa, Unicode, espaços e pontuação foram normalizados""]",False
TIGER,tiger,Tiger,,0.97,typographic_normalization,"[""somente caixa, Unicode, espaços e pontuação foram normalizados""]",False
TION,tion,Tion,,0.97,typographic_normalization,"[""somente caixa, Unicode, espaços e pontuação foram normalizados""]",False
TKOOFN,tkoofn,Tkoofn,,0.97,typographic_normalization,"[""somente caixa, Unicode, espaços e pontuação foram normalizados""]",False
TOCOM,tocom,Tocom,,0.97,typographic_normalization,"[""somente caixa, Unicode, espaços e pontuação foram normalizados""]",False
TOMATE,tomate,Tomate,,0.97,typographic_normalization,"[""somente caixa, Unicode, espaços e pontuação foram normalizados""]",False
TOPFIELD,topfield,Topfield,,0.97,typographic_normalization,"[""somente caixa, Unicode, espaços e pontuação foram normalizados""]",False
TOPPING,topping,Topping,,0.97,typographic_normalization,"[""somente caixa, Unicode, espaços e pontuação foram normalizados""]",False
TOPTRO,toptro,Toptro,,0.97,typographic_normalization,"[""somente caixa, Unicode, espaços e pontuação foram normalizados""]",False
TOSHIBA,toshiba,Toshiba,,0.97,typographic_normalization,"[""somente caixa, Unicode, espaços e pontuação foram normalizados""]",False
TREKSTOR,trekstor,Trekstor,,0.97,typographic_normalization,"[""somente caixa, Unicode, espaços e pontuação foram normalizados""]",False
TREVI,trevi,Trevi,,0.97,typographic_normalization,"[""somente caixa, Unicode, espaços e pontuação foram normalizados""]",False
TRIAX,triax,Triax,,0.97,typographic_normalization,"[""somente caixa, Unicode, espaços e pontuação foram normalizados""]",False
TRONFY,tronfy,Tronfy,,0.97,typographic_normalization,"[""somente caixa, Unicode, espaços e pontuação foram normalizados""]",False
TRUMAN,truman,Truman,,0.97,typographic_normalization,"[""somente caixa, Unicode, espaços e pontuação foram normalizados""]",False
TV SAMSUNG,tv-samsung,Tv Samsung,,0.97,typographic_normalization,"[""somente caixa, Unicode, espaços e pontuação foram normalizados""]",False
Tab_Electronics,tab-electronics,Tab_Electronics,,0.97,typographic_normalization,"[""somente caixa, Unicode, espaços e pontuação foram normalizados""]",False
TacT,tact,TacT,,0.97,typographic_normalization,"[""somente caixa, Unicode, espaços e pontuação foram normalizados""]",False
Tandberg,tandberg,Tandberg,,0.97,typographic_normalization,"[""somente caixa, Unicode, espaços e pontuação foram normalizados""]",False
Tangent,tangent,Tangent,,0.97,typographic_normalization,"[""somente caixa, Unicode, espaços e pontuação foram normalizados""]",False
TaoTronics,taotronics,TaoTronics,,0.97,typographic_normalization,"[""somente caixa, Unicode, espaços e pontuação foram normalizados""]",False
Taotronics,taotronics,Taotronics,,0.97,typographic_normalization,"[""somente caixa, Unicode, espaços e pontuação foram normalizados""]",False
Taurus,taurus,Taurus,,0.97,typographic_normalization,"[""somente caixa, Unicode, espaços e pontuação foram normalizados""]",False
Tayama_ASAP_Technology,tayama-asap-technology,Tayama_ASAP_Technology,,0.97,typographic_normalization,"[""somente caixa, Unicode, espaços e pontuação foram normalizados""]",False
TechniSat,technisat,TechniSat,,0.97,typographic_normalization,"[""somente caixa, Unicode, espaços e pontuação foram normalizados""]",False
Technics,technics,Technics,,0.97,typographic_normalization,"[""somente caixa, Unicode, espaços e pontuação foram normalizados""]",False
Technika,technika,Technika,,0.97,typographic_normalization,"[""somente caixa, Unicode, espaços e pontuação foram normalizados""]",False
Technosonic,technosonic,Technosonic,,0.97,typographic_normalization,"[""somente caixa, Unicode, espaços e pontuação foram normalizados""]",False
Technotrend,technotrend,Technotrend,,0.97,typographic_normalization,"[""somente caixa, Unicode, espaços e pontuação foram normalizados""]",False
Tefal,tefal,Tefal,,0.97,typographic_normalization,"[""somente caixa, Unicode, espaços e pontuação foram normalizados""]",False
Telecontrole,telecontrole,Telecontrole,,0.97,typographic_normalization,"[""somente caixa, Unicode, espaços e pontuação foram normalizados""]",False
Telefunken,telefunken,Telefunken,,0.97,typographic_normalization,"[""somente caixa, Unicode, espaços e pontuação foram normalizados""]",False
Teleka,teleka,Teleka,,0.97,typographic_normalization,"[""somente caixa, Unicode, espaços e pontuação foram normalizados""]",False
Telekom,telekom,Telekom,,0.97,typographic_normalization,"[""somente caixa, Unicode, espaços e pontuação foram normalizados""]",False
Telemann,telemann,Telemann,,0.97,typographic_normalization,"[""somente caixa, Unicode, espaços e pontuação foram normalizados""]",False
Telenet,telenet,Telenet,,0.97,typographic_normalization,"[""somente caixa, Unicode, espaços e pontuação foram normalizados""]",False
Televes,televes,Televes,,0.97,typographic_normalization,"[""somente caixa, Unicode, espaços e pontuação foram normalizados""]",False
Telex,telex,Telex,,0.97,typographic_normalization,"[""somente caixa, Unicode, espaços e pontuação foram normalizados""]",False
Telus,telus,Telus,,0.97,typographic_normalization,"[""somente caixa, Unicode, espaços e pontuação foram normalizados""]",False
Tensai,tensai,Tensai,,0.97,typographic_normalization,"[""somente caixa, Unicode, espaços e pontuação foram normalizados""]",False
Terratec,terratec,Terratec,,0.97,typographic_normalization,"[""somente caixa, Unicode, espaços e pontuação foram normalizados""]",False
Tesla,tesla,Tesla,,0.97,typographic_normalization,"[""somente caixa, Unicode, espaços e pontuação foram normalizados""]",False
Teufel,teufel,Teufel,,0.97,typographic_normalization,"[""somente caixa, Unicode, espaços e pontuação foram normalizados""]",False
Tevion,tevion,Tevion,,0.97,typographic_normalization,"[""somente caixa, Unicode, espaços e pontuação foram normalizados""]",False
Theta,theta,Theta,,0.97,typographic_normalization,"[""somente caixa, Unicode, espaços e pontuação foram normalizados""]",False
Theta_Casablanca,theta-casablanca,Theta_Casablanca,,0.97,typographic_normalization,"[""somente caixa, Unicode, espaços e pontuação foram normalizados""]",False
Theta_Digital,theta-digital,Theta_Digital,,0.97,typographic_normalization,"[""somente caixa, Unicode, espaços e pontuação foram normalizados""]",False
Thinkgeek,thinkgeek,Thinkgeek,,0.97,typographic_normalization,"[""somente caixa, Unicode, espaços e pontuação foram normalizados""]",False
Thinkway_Toys,thinkway-toys,Thinkway_Toys,,0.97,typographic_normalization,"[""somente caixa, Unicode, espaços e pontuação foram normalizados""]",False
Thompson,thompson,Thompson,,0.97,typographic_normalization,"[""somente caixa, Unicode, espaços e pontuação foram normalizados""]",False
Thomson,thomson,Thomson,,0.97,typographic_normalization,"[""somente caixa, Unicode, espaços e pontuação foram normalizados""]",False
Thunrlge,thunrlge,Thunrlge,,0.97,typographic_normalization,"[""somente caixa, Unicode, espaços e pontuação foram normalizados""]",False
TiVo,tivo,TiVo,,0.97,typographic_normalization,"[""somente caixa, Unicode, espaços e pontuação foram normalizados""]",False
Tikom,tikom,Tikom,,0.97,typographic_normalization,"[""somente caixa, Unicode, espaços e pontuação foram normalizados""]",False
Tilview,tilview,Tilview,,0.97,typographic_normalization,"[""somente caixa, Unicode, espaços e pontuação foram normalizados""]",False
Timberk,timberk,Timberk,,0.97,typographic_normalization,"[""somente caixa, Unicode, espaços e pontuação foram normalizados""]",False
Tivo,tivo,Tivo,,0.97,typographic_normalization,"[""somente caixa, Unicode, espaços e pontuação foram normalizados""]",False
Tivoli,tivoli,Tivoli,,0.97,typographic_normalization,"[""somente caixa, Unicode, espaços e pontuação foram normalizados""]",False
Toilet_Roll_Dispenser,toilet-roll-dispenser,Toilet_Roll_Dispenser,,0.97,typographic_normalization,"[""somente caixa, Unicode, espaços e pontuação foram normalizados""]",False
Tokai,tokai,Tokai,,0.97,typographic_normalization,"[""somente caixa, Unicode, espaços e pontuação foram normalizados""]",False
Tomlov,tomlov,Tomlov,,0.97,typographic_normalization,"[""somente caixa, Unicode, espaços e pontuação foram normalizados""]",False
Tomlov Microscope,tomlov-microscope,Tomlov Microscope,,0.97,typographic_normalization,"[""somente caixa, Unicode, espaços e pontuação foram normalizados""]",False
TopVisionTec,topvisiontec,TopVisionTec,,0.97,typographic_normalization,"[""somente caixa, Unicode, espaços e pontuação foram normalizados""]",False
Topcon,topcon,Topcon,,0.97,typographic_normalization,"[""somente caixa, Unicode, espaços e pontuação foram normalizados""]",False
Topfield,topfield,Topfield,,0.97,typographic_normalization,"[""somente caixa, Unicode, espaços e pontuação foram normalizados""]",False
Topping,topping,Topping,,0.97,typographic_normalization,"[""somente caixa, Unicode, espaços e pontuação foram normalizados""]",False
Topping_Amplifier,topping-amplifier,Topping_Amplifier,,0.97,typographic_normalization,"[""somente caixa, Unicode, espaços e pontuação foram normalizados""]",False
Topseed,topseed,Topseed,,0.97,typographic_normalization,"[""somente caixa, Unicode, espaços e pontuação foram normalizados""]",False
Tora,tora,Tora,,0.97,typographic_normalization,"[""somente caixa, Unicode, espaços e pontuação foram normalizados""]",False
Toshiba,toshiba,Toshiba,,0.97,typographic_normalization,"[""somente caixa, Unicode, espaços e pontuação foram normalizados""]",False
Tosot,tosot,Tosot,,0.97,typographic_normalization,"[""somente caixa, Unicode, espaços e pontuação foram normalizados""]",False
Total_Control,total-control,Total_Control,,0.97,typographic_normalization,"[""somente caixa, Unicode, espaços e pontuação foram normalizados""]",False
Total_Media_In_Hand,total-media-in-hand,Total_Media_In_Hand,,0.97,typographic_normalization,"[""somente caixa, Unicode, espaços e pontuação foram normalizados""]",False
ToteVision,totevision,ToteVision,,0.97,typographic_normalization,"[""somente caixa, Unicode, espaços e pontuação foram normalizados""]",False
Toys_R_Us,toys-r-us,Toys_R_Us,,0.97,typographic_normalization,"[""somente caixa, Unicode, espaços e pontuação foram normalizados""]",False
Travelors,travelors,Travelors,,0.97,typographic_normalization,"[""somente caixa, Unicode, espaços e pontuação foram normalizados""]",False
Traxis,traxis,Traxis,,0.97,typographic_normalization,"[""somente caixa, Unicode, espaços e pontuação foram normalizados""]",False
Triax,triax,Triax,,0.97,typographic_normalization,"[""somente caixa, Unicode, espaços e pontuação foram normalizados""]",False
Tributaries,tributaries,Tributaries,,0.97,typographic_normalization,"[""somente caixa, Unicode, espaços e pontuação foram normalizados""]",False
Tridonic,tridonic,Tridonic,,0.97,typographic_normalization,"[""somente caixa, Unicode, espaços e pontuação foram normalizados""]",False
Tripp_Lite,tripp-lite,Tripp_Lite,,0.97,typographic_normalization,"[""somente caixa, Unicode, espaços e pontuação foram normalizados""]",False
Tropic,tropic,Tropic,,0.97,typographic_normalization,"[""somente caixa, Unicode, espaços e pontuação foram normalizados""]",False
Trotec,trotec,Trotec,,0.97,typographic_normalization,"[""somente caixa, Unicode, espaços e pontuação foram normalizados""]",False
TrueConf,trueconf,TrueConf,,0.97,typographic_normalization,"[""somente caixa, Unicode, espaços e pontuação foram normalizados""]",False
Trust,trust,Trust,,0.97,typographic_normalization,"[""somente caixa, Unicode, espaços e pontuação foram normalizados""]",False
Trutech,trutech,Trutech,,0.97,typographic_normalization,"[""somente caixa, Unicode, espaços e pontuação foram normalizados""]",False
Turtle_Beach,turtle-beach,Turtle_Beach,,0.97,typographic_normalization,"[""somente caixa, Unicode, espaços e pontuação foram normalizados""]",False
Turtlebeach,turtlebeach,Turtlebeach,,0.97,typographic_normalization,"[""somente caixa, Unicode, espaços e pontuação foram normalizados""]",False
Tuya,tuya,Tuya,,0.97,typographic_normalization,"[""somente caixa, Unicode, espaços e pontuação foram normalizados""]",False
Tween,tween,Tween,,0.97,typographic_normalization,"[""somente caixa, Unicode, espaços e pontuação foram normalizados""]",False
Tween_lights,tween-lights,Tween_lights,,0.97,typographic_normalization,"[""somente caixa, Unicode, espaços e pontuação foram normalizados""]",False
TwinStar,twinstar,TwinStar,,0.97,typographic_normalization,"[""somente caixa, Unicode, espaços e pontuação foram normalizados""]",False
Twinhan,twinhan,Twinhan,,0.97,typographic_normalization,"[""somente caixa, Unicode, espaços e pontuação foram normalizados""]",False
Typhoon,typhoon,Typhoon,,0.97,typographic_normalization,"[""somente caixa, Unicode, espaços e pontuação foram normalizados""]",False
Tzumi,tzumi,Tzumi,,0.97,typographic_normalization,"[""somente caixa, Unicode, espaços e pontuação foram normalizados""]",False
U-Ultty,u-ultty,U-Ultty,,0.97,typographic_normalization,"[""somente caixa, Unicode, espaços e pontuação foram normalizados""]",False
UEC,uec,Uec,,0.97,typographic_normalization,"[""somente caixa, Unicode, espaços e pontuação foram normalizados""]",False
UFO_Sunset_Lamp,ufo-sunset-lamp,UFO_Sunset_Lamp,,0.97,typographic_normalization,"[""somente caixa, Unicode, espaços e pontuação foram normalizados""]",False
UMC,umc,Umc,,0.97,typographic_normalization,"[""somente caixa, Unicode, espaços e pontuação foram normalizados""]",False
UNITED,united,United,,0.97,typographic_normalization,"[""somente caixa, Unicode, espaços e pontuação foram normalizados""]",False
UNITYMEDIA,unitymedia,Unitymedia,,0.97,typographic_normalization,"[""somente caixa, Unicode, espaços e pontuação foram normalizados""]",False
UNIVERSUM,universum,Universum,,0.97,typographic_normalization,"[""somente caixa, Unicode, espaços e pontuação foram normalizados""]",False
UPC,upc,Upc,,0.97,typographic_normalization,"[""somente caixa, Unicode, espaços e pontuação foram normalizados""]",False
UPSTAR,upstar,Upstar,,0.97,typographic_normalization,"[""somente caixa, Unicode, espaços e pontuação foram normalizados""]",False
US_Electronics,us-electronics,US_Electronics,,0.97,typographic_normalization,"[""somente caixa, Unicode, espaços e pontuação foram normalizados""]",False
Ufesa,ufesa,Ufesa,,0.97,typographic_normalization,"[""somente caixa, Unicode, espaços e pontuação foram normalizados""]",False
Ugreen,ugreen,Ugreen,,0.97,typographic_normalization,"[""somente caixa, Unicode, espaços e pontuação foram normalizados""]",False
Ultimea,ultimea,Ultimea,,0.97,typographic_normalization,"[""somente caixa, Unicode, espaços e pontuação foram normalizados""]",False
Ultrawave,ultrawave,Ultrawave,,0.97,typographic_normalization,"[""somente caixa, Unicode, espaços e pontuação foram normalizados""]",False
Umax,umax,Umax,,0.97,typographic_normalization,"[""somente caixa, Unicode, espaços e pontuação foram normalizados""]",False
Uncle_Milton,uncle-milton,Uncle_Milton,,0.97,typographic_normalization,"[""somente caixa, Unicode, espaços e pontuação foram normalizados""]",False
Uncle_Miltons,uncle-miltons,Uncle_Miltons,,0.97,typographic_normalization,"[""somente caixa, Unicode, espaços e pontuação foram normalizados""]",False
Uniden,uniden,Uniden,,0.97,typographic_normalization,"[""somente caixa, Unicode, espaços e pontuação foram normalizados""]",False
United,united,United,,0.97,typographic_normalization,"[""somente caixa, Unicode, espaços e pontuação foram normalizados""]",False
Universal,,,,0.0,unresolved,"[""marca ausente ou genérica""]",True
Universal_Electronics,universal-electronics,Universal_Electronics,,0.97,typographic_normalization,"[""somente caixa, Unicode, espaços e pontuação foram normalizados""]",False
Unknown,,,,0.0,unresolved,"[""marca ausente ou genérica""]",True
Unknown-brand,unknown-brand,Unknown-brand,,0.97,typographic_normalization,"[""somente caixa, Unicode, espaços e pontuação foram normalizados""]",False
Unknown_Brand,unknown-brand,Unknown_Brand,,0.97,typographic_normalization,"[""somente caixa, Unicode, espaços e pontuação foram normalizados""]",False
Urevo,urevo,Urevo,,0.97,typographic_normalization,"[""somente caixa, Unicode, espaços e pontuação foram normalizados""]",False
User_Created,user-created,User_Created,,0.97,typographic_normalization,"[""somente caixa, Unicode, espaços e pontuação foram normalizados""]",False
Utilitech,utilitech,Utilitech,,0.97,typographic_normalization,"[""somente caixa, Unicode, espaços e pontuação foram normalizados""]",False
V-TAC,v-tac,V-Tac,,0.97,typographic_normalization,"[""somente caixa, Unicode, espaços e pontuação foram normalizados""]",False
VANTAGE,vantage,Vantage,,0.97,typographic_normalization,"[""somente caixa, Unicode, espaços e pontuação foram normalizados""]",False
VDC,vdc,Vdc,,0.97,typographic_normalization,"[""somente caixa, Unicode, espaços e pontuação foram normalizados""]",False
VELODYNE,velodyne,Velodyne,,0.97,typographic_normalization,"[""somente caixa, Unicode, espaços e pontuação foram normalizados""]",False
VENEX,venex,Venex,,0.97,typographic_normalization,"[""somente caixa, Unicode, espaços e pontuação foram normalizados""]",False
VIDEOCON,videocon,Videocon,,0.97,typographic_normalization,"[""somente caixa, Unicode, espaços e pontuação foram normalizados""]",False
VIESA,viesa,Viesa,,0.97,typographic_normalization,"[""somente caixa, Unicode, espaços e pontuação foram normalizados""]",False
VIEWSONIC,viewsonic,Viewsonic,,0.97,typographic_normalization,"[""somente caixa, Unicode, espaços e pontuação foram normalizados""]",False
VIORE,viore,Viore,,0.97,typographic_normalization,"[""somente caixa, Unicode, espaços e pontuação foram normalizados""]",False
VISTRON,vistron,Vistron,,0.97,typographic_normalization,"[""somente caixa, Unicode, espaços e pontuação foram normalizados""]",False
VIVANCO,vivanco,Vivanco,,0.97,typographic_normalization,"[""somente caixa, Unicode, espaços e pontuação foram normalizados""]",False
VIVITEK,vivitek,Vivitek,,0.97,typographic_normalization,"[""somente caixa, Unicode, espaços e pontuação foram normalizados""]",False
VIZIO,vizio,Vizio,,0.97,typographic_normalization,"[""somente caixa, Unicode, espaços e pontuação foram normalizados""]",False
VODAFONE,vodafone,Vodafone,,0.97,typographic_normalization,"[""somente caixa, Unicode, espaços e pontuação foram normalizados""]",False
VU+,vu,Vu+,,0.97,typographic_normalization,"[""somente caixa, Unicode, espaços e pontuação foram normalizados""]",False
Vactidy,vactidy,Vactidy,,0.97,typographic_normalization,"[""somente caixa, Unicode, espaços e pontuação foram normalizados""]",False
Vamvo,vamvo,Vamvo,,0.97,typographic_normalization,"[""somente caixa, Unicode, espaços e pontuação foram normalizados""]",False
Vankyo,vankyo,Vankyo,,0.97,typographic_normalization,"[""somente caixa, Unicode, espaços e pontuação foram normalizados""]",False
Vantage,vantage,Vantage,,0.97,typographic_normalization,"[""somente caixa, Unicode, espaços e pontuação foram normalizados""]",False
Varilux,varilux,Varilux,,0.97,typographic_normalization,"[""somente caixa, Unicode, espaços e pontuação foram normalizados""]",False
Varytech,varytech,Varytech,,0.97,typographic_normalization,"[""somente caixa, Unicode, espaços e pontuação foram normalizados""]",False
Vaux,vaux,Vaux,,0.97,typographic_normalization,"[""somente caixa, Unicode, espaços e pontuação foram normalizados""]",False
Veezio,veezio,Veezio,,0.97,typographic_normalization,"[""somente caixa, Unicode, espaços e pontuação foram normalizados""]",False
Velodyne,velodyne,Velodyne,,0.97,typographic_normalization,"[""somente caixa, Unicode, espaços e pontuação foram normalizados""]",False
Venturer,venturer,Venturer,,0.97,typographic_normalization,"[""somente caixa, Unicode, espaços e pontuação foram normalizados""]",False
Vestel,vestel,Vestel,,0.97,typographic_normalization,"[""somente caixa, Unicode, espaços e pontuação foram normalizados""]",False
ViZIO,vizio,ViZIO,,0.97,typographic_normalization,"[""somente caixa, Unicode, espaços e pontuação foram normalizados""]",False
Viano,viano,Viano,,0.97,typographic_normalization,"[""somente caixa, Unicode, espaços e pontuação foram normalizados""]",False
VibroShaper,vibroshaper,VibroShaper,,0.97,typographic_normalization,"[""somente caixa, Unicode, espaços e pontuação foram normalizados""]",False
Video7,video7,Video7,,0.97,typographic_normalization,"[""somente caixa, Unicode, espaços e pontuação foram normalizados""]",False
VideoLABS,videolabs,VideoLABS,,0.97,typographic_normalization,"[""somente caixa, Unicode, espaços e pontuação foram normalizados""]",False
Vidikron,vidikron,Vidikron,,0.97,typographic_normalization,"[""somente caixa, Unicode, espaços e pontuação foram normalizados""]",False
ViewSonic,viewsonic,ViewSonic,,0.97,typographic_normalization,"[""somente caixa, Unicode, espaços e pontuação foram normalizados""]",False
Viewmaster,viewmaster,Viewmaster,,0.97,typographic_normalization,"[""somente caixa, Unicode, espaços e pontuação foram normalizados""]",False
Viewsat,viewsat,Viewsat,,0.97,typographic_normalization,"[""somente caixa, Unicode, espaços e pontuação foram normalizados""]",False
Viewsonic,viewsonic,Viewsonic,,0.97,typographic_normalization,"[""somente caixa, Unicode, espaços e pontuação foram normalizados""]",False
Viewtech,viewtech,Viewtech,,0.97,typographic_normalization,"[""somente caixa, Unicode, espaços e pontuação foram normalizados""]",False
Viore,viore,Viore,,0.97,typographic_normalization,"[""somente caixa, Unicode, espaços e pontuação foram normalizados""]",False
Virgin-media,virgin-media,Virgin-media,,0.97,typographic_normalization,"[""somente caixa, Unicode, espaços e pontuação foram normalizados""]",False
Visionetics,visionetics,Visionetics,,0.97,typographic_normalization,"[""somente caixa, Unicode, espaços e pontuação foram normalizados""]",False
Vistron,vistron,Vistron,,0.97,typographic_normalization,"[""somente caixa, Unicode, espaços e pontuação foram normalizados""]",False
Vitec,vitec,Vitec,,0.97,typographic_normalization,"[""somente caixa, Unicode, espaços e pontuação foram normalizados""]",False
Vitek,vitek,Vitek,,0.97,typographic_normalization,"[""somente caixa, Unicode, espaços e pontuação foram normalizados""]",False
Vivanco,vivanco,Vivanco,,0.97,typographic_normalization,"[""somente caixa, Unicode, espaços e pontuação foram normalizados""]",False
Vivitek,vivitek,Vivitek,,0.97,typographic_normalization,"[""somente caixa, Unicode, espaços e pontuação foram normalizados""]",False
Vizio,vizio,Vizio,,0.97,typographic_normalization,"[""somente caixa, Unicode, espaços e pontuação foram normalizados""]",False
VocoPro,vocopro,VocoPro,,0.97,typographic_normalization,"[""somente caixa, Unicode, espaços e pontuação foram normalizados""]",False
Vornado,vornado,Vornado,,0.97,typographic_normalization,"[""somente caixa, Unicode, espaços e pontuação foram normalizados""]",False
Voxson,voxson,Voxson,,0.97,typographic_normalization,"[""somente caixa, Unicode, espaços e pontuação foram normalizados""]",False
Vutec,vutec,Vutec,,0.97,typographic_normalization,"[""somente caixa, Unicode, espaços e pontuação foram normalizados""]",False
WD,wd,Wd,,0.97,typographic_normalization,"[""somente caixa, Unicode, espaços e pontuação foram normalizados""]",False
WEILI,weili,Weili,,0.97,typographic_normalization,"[""somente caixa, Unicode, espaços e pontuação foram normalizados""]",False
WEN,wen,Wen,,0.97,typographic_normalization,"[""somente caixa, Unicode, espaços e pontuação foram normalizados""]",False
WESTERN DIGITAL,western-digital,Western Digital,,0.97,typographic_normalization,"[""somente caixa, Unicode, espaços e pontuação foram normalizados""]",False
WESTINGHOUSE,westinghouse,Westinghouse,,0.97,typographic_normalization,"[""somente caixa, Unicode, espaços e pontuação foram normalizados""]",False
WISI,wisi,Wisi,,0.97,typographic_normalization,"[""somente caixa, Unicode, espaços e pontuação foram normalizados""]",False
Waltham,waltham,Waltham,,0.97,typographic_normalization,"[""somente caixa, Unicode, espaços e pontuação foram normalizados""]",False
Wanbo,wanbo,Wanbo,,0.97,typographic_normalization,"[""somente caixa, Unicode, espaços e pontuação foram normalizados""]",False
Warmoon,warmoon,Warmoon,,0.97,typographic_normalization,"[""somente caixa, Unicode, espaços e pontuação foram normalizados""]",False
Watson,watson,Watson,,0.97,typographic_normalization,"[""somente caixa, Unicode, espaços e pontuação foram normalizados""]",False
WayneDresser,waynedresser,WayneDresser,,0.97,typographic_normalization,"[""somente caixa, Unicode, espaços e pontuação foram normalizados""]",False
Wbox,wbox,Wbox,,0.97,typographic_normalization,"[""somente caixa, Unicode, espaços e pontuação foram normalizados""]",False
WeWatch,wewatch,WeWatch,,0.97,typographic_normalization,"[""somente caixa, Unicode, espaços e pontuação foram normalizados""]",False
Western_Digital,western-digital,Western_Digital,,0.97,typographic_normalization,"[""somente caixa, Unicode, espaços e pontuação foram normalizados""]",False
Westinghouse,westinghouse,Westinghouse,,0.97,typographic_normalization,"[""somente caixa, Unicode, espaços e pontuação foram normalizados""]",False
Whalen_Furniture,whalen-furniture,Whalen_Furniture,,0.97,typographic_normalization,"[""somente caixa, Unicode, espaços e pontuação foram normalizados""]",False
Whynter,whynter,Whynter,,0.97,typographic_normalization,"[""somente caixa, Unicode, espaços e pontuação foram normalizados""]",False
WiMiUS,wimius,WiMiUS,,0.97,typographic_normalization,"[""somente caixa, Unicode, espaços e pontuação foram normalizados""]",False
Wilfa,wilfa,Wilfa,,0.97,typographic_normalization,"[""somente caixa, Unicode, espaços e pontuação foram normalizados""]",False
Windfree,windfree,Windfree,,0.97,typographic_normalization,"[""somente caixa, Unicode, espaços e pontuação foram normalizados""]",False
Winix,winix,Winix,,0.97,typographic_normalization,"[""somente caixa, Unicode, espaços e pontuação foram normalizados""]",False
Winnes,winnes,Winnes,,0.97,typographic_normalization,"[""somente caixa, Unicode, espaços e pontuação foram normalizados""]",False
Winyea,winyea,Winyea,,0.97,typographic_normalization,"[""somente caixa, Unicode, espaços e pontuação foram normalizados""]",False
Wireless_Mouse_Inc,wireless-mouse-inc,Wireless_Mouse_Inc,,0.97,typographic_normalization,"[""somente caixa, Unicode, espaços e pontuação foram normalizados""]",False
Wisetech,wisetech,Wisetech,,0.97,typographic_normalization,"[""somente caixa, Unicode, espaços e pontuação foram normalizados""]",False
Wolf,wolf,Wolf,,0.97,typographic_normalization,"[""somente caixa, Unicode, espaços e pontuação foram normalizados""]",False
Woozoo,woozoo,Woozoo,,0.97,typographic_normalization,"[""somente caixa, Unicode, espaços e pontuação foram normalizados""]",False
WowWee-RoboSapien,wowwee-robosapien,WowWee-RoboSapien,,0.97,typographic_normalization,"[""somente caixa, Unicode, espaços e pontuação foram normalizados""]",False
X-10,x-10,X-10,,0.97,typographic_normalization,"[""somente caixa, Unicode, espaços e pontuação foram normalizados""]",False
X4TECH,x4tech,X4Tech,,0.97,typographic_normalization,"[""somente caixa, Unicode, espaços e pontuação foram normalizados""]",False
XIAOMI,xiaomi,Xiaomi,,0.97,typographic_normalization,"[""somente caixa, Unicode, espaços e pontuação foram normalizados""]",False
XMS,xms,Xms,,0.97,typographic_normalization,"[""somente caixa, Unicode, espaços e pontuação foram normalizados""]",False
XORO,xoro,Xoro,,0.97,typographic_normalization,"[""somente caixa, Unicode, espaços e pontuação foram normalizados""]",False
XTREND,xtrend,Xtrend,,0.97,typographic_normalization,"[""somente caixa, Unicode, espaços e pontuação foram normalizados""]",False
Xantech,xantech,Xantech,,0.97,typographic_normalization,"[""somente caixa, Unicode, espaços e pontuação foram normalizados""]",False
Xfinity,xfinity,Xfinity,,0.97,typographic_normalization,"[""somente caixa, Unicode, espaços e pontuação foram normalizados""]",False
Xflyee,xflyee,Xflyee,,0.97,typographic_normalization,"[""somente caixa, Unicode, espaços e pontuação foram normalizados""]",False
Xiaomi,xiaomi,Xiaomi,,0.97,typographic_normalization,"[""somente caixa, Unicode, espaços e pontuação foram normalizados""]",False
Xiva,xiva,Xiva,,0.97,typographic_normalization,"[""somente caixa, Unicode, espaços e pontuação foram normalizados""]",False
Xlogic,xlogic,Xlogic,,0.97,typographic_normalization,"[""somente caixa, Unicode, espaços e pontuação foram normalizados""]",False
Xpelair,xpelair,Xpelair,,0.97,typographic_normalization,"[""somente caixa, Unicode, espaços e pontuação foram normalizados""]",False
Xtreamer,xtreamer,Xtreamer,,0.97,typographic_normalization,"[""somente caixa, Unicode, espaços e pontuação foram normalizados""]",False
Xtreme_Lit_LEDs,xtreme-lit-leds,Xtreme_Lit_LEDs,,0.97,typographic_normalization,"[""somente caixa, Unicode, espaços e pontuação foram normalizados""]",False
YAKUMO,yakumo,Yakumo,,0.97,typographic_normalization,"[""somente caixa, Unicode, espaços e pontuação foram normalizados""]",False
YAMAHA,yamaha,Yamaha,,0.97,typographic_normalization,"[""somente caixa, Unicode, espaços e pontuação foram normalizados""]",False
YES,yes,Yes,,0.97,typographic_normalization,"[""somente caixa, Unicode, espaços e pontuação foram normalizados""]",False
YOUSEE,yousee,Yousee,,0.97,typographic_normalization,"[""somente caixa, Unicode, espaços e pontuação foram normalizados""]",False
Yakumo,yakumo,Yakumo,,0.97,typographic_normalization,"[""somente caixa, Unicode, espaços e pontuação foram normalizados""]",False
Yamada,yamada,Yamada,,0.97,typographic_normalization,"[""somente caixa, Unicode, espaços e pontuação foram normalizados""]",False
Yamaha,yamaha,Yamaha,,0.97,typographic_normalization,"[""somente caixa, Unicode, espaços e pontuação foram normalizados""]",False
Yamakawa,yamakawa,Yamakawa,,0.97,typographic_normalization,"[""somente caixa, Unicode, espaços e pontuação foram normalizados""]",False
Yarra,yarra,Yarra,,0.97,typographic_normalization,"[""somente caixa, Unicode, espaços e pontuação foram normalizados""]",False
Yealink,yealink,Yealink,,0.97,typographic_normalization,"[""somente caixa, Unicode, espaços e pontuação foram normalizados""]",False
York,york,York,,0.97,typographic_normalization,"[""somente caixa, Unicode, espaços e pontuação foram normalizados""]",False
Yoton,yoton,Yoton,,0.97,typographic_normalization,"[""somente caixa, Unicode, espaços e pontuação foram normalizados""]",False
Yuan,yuan,Yuan,,0.97,typographic_normalization,"[""somente caixa, Unicode, espaços e pontuação foram normalizados""]",False
ZAMIL,zamil,Zamil,,0.97,typographic_normalization,"[""somente caixa, Unicode, espaços e pontuação foram normalizados""]",False
ZEATEK,zeatek,Zeatek,,0.97,typographic_normalization,"[""somente caixa, Unicode, espaços e pontuação foram normalizados""]",False
ZEHNDER,zehnder,Zehnder,,0.97,typographic_normalization,"[""somente caixa, Unicode, espaços e pontuação foram normalizados""]",False
ZEPHIR,zephir,Zephir,,0.97,typographic_normalization,"[""somente caixa, Unicode, espaços e pontuação foram normalizados""]",False
ZODIAC,zodiac,Zodiac,,0.97,typographic_normalization,"[""somente caixa, Unicode, espaços e pontuação foram normalizados""]",False
ZOTAC,zotac,Zotac,,0.97,typographic_normalization,"[""somente caixa, Unicode, espaços e pontuação foram normalizados""]",False
Zalman,zalman,Zalman,,0.97,typographic_normalization,"[""somente caixa, Unicode, espaços e pontuação foram normalizados""]",False
ZeeVee,zeevee,ZeeVee,,0.97,typographic_normalization,"[""somente caixa, Unicode, espaços e pontuação foram normalizados""]",False
Zehnder,zehnder,Zehnder,,0.97,typographic_normalization,"[""somente caixa, Unicode, espaços e pontuação foram normalizados""]",False
Zenith,zenith,Zenith,,0.97,typographic_normalization,"[""somente caixa, Unicode, espaços e pontuação foram normalizados""]",False
Zephir,zephir,Zephir,,0.97,typographic_normalization,"[""somente caixa, Unicode, espaços e pontuação foram normalizados""]",False
Ziglint,ziglint,Ziglint,,0.97,typographic_normalization,"[""somente caixa, Unicode, espaços e pontuação foram normalizados""]",False
Zinwell,zinwell,Zinwell,,0.97,typographic_normalization,"[""somente caixa, Unicode, espaços e pontuação foram normalizados""]",False
Zolid,zolid,Zolid,,0.97,typographic_normalization,"[""somente caixa, Unicode, espaços e pontuação foram normalizados""]",False
Zoltrix,zoltrix,Zoltrix,,0.97,typographic_normalization,"[""somente caixa, Unicode, espaços e pontuação foram normalizados""]",False
Zyxel,zyxel,Zyxel,,0.97,typographic_normalization,"[""somente caixa, Unicode, espaços e pontuação foram normalizados""]",False
anysee,anysee,Anysee,,0.97,typographic_normalization,"[""somente caixa, Unicode, espaços e pontuação foram normalizados""]",False
audiosonic,audiosonic,Audiosonic,,0.97,typographic_normalization,"[""somente caixa, Unicode, espaços e pontuação foram normalizados""]",False
biOrb,biorb,biOrb,,0.97,typographic_normalization,"[""somente caixa, Unicode, espaços e pontuação foram normalizados""]",False
cenOmax,cenomax,cenOmax,,0.97,typographic_normalization,"[""somente caixa, Unicode, espaços e pontuação foram normalizados""]",False
dBot,dbot,dBot,,0.97,typographic_normalization,"[""somente caixa, Unicode, espaços e pontuação foram normalizados""]",False
daytron,daytron,Daytron,,0.97,typographic_normalization,"[""somente caixa, Unicode, espaços e pontuação foram normalizados""]",False
dual,dual,Dual,,0.97,typographic_normalization,"[""somente caixa, Unicode, espaços e pontuação foram normalizados""]",False
elWron,elwron,elWron,,0.97,typographic_normalization,"[""somente caixa, Unicode, espaços e pontuação foram normalizados""]",False
electriQ,electriq,electriQ,,0.97,typographic_normalization,"[""somente caixa, Unicode, espaços e pontuação foram normalizados""]",False
eltax,eltax,Eltax,,0.97,typographic_normalization,"[""somente caixa, Unicode, espaços e pontuação foram normalizados""]",False
fenner,fenner,Fenner,,0.97,typographic_normalization,"[""somente caixa, Unicode, espaços e pontuação foram normalizados""]",False
huth,huth,Huth,,0.97,typographic_normalization,"[""somente caixa, Unicode, espaços e pontuação foram normalizados""]",False
i3-Technologies,i3-technologies,i3-Technologies,,0.97,typographic_normalization,"[""somente caixa, Unicode, espaços e pontuação foram normalizados""]",False
iCLEBO,iclebo,iCLEBO,,0.97,typographic_normalization,"[""somente caixa, Unicode, espaços e pontuação foram normalizados""]",False
iDual,idual,iDual,,0.97,typographic_normalization,"[""somente caixa, Unicode, espaços e pontuação foram normalizados""]",False
iHome,ihome,iHome,,0.97,typographic_normalization,"[""somente caixa, Unicode, espaços e pontuação foram normalizados""]",False
iLife,ilife,iLife,,0.97,typographic_normalization,"[""somente caixa, Unicode, espaços e pontuação foram normalizados""]",False
iLive,ilive,iLive,,0.97,typographic_normalization,"[""somente caixa, Unicode, espaços e pontuação foram normalizados""]",False
iLukodu,ilukodu,iLukodu,,0.97,typographic_normalization,"[""somente caixa, Unicode, espaços e pontuação foram normalizados""]",False
iPort,iport,iPort,,0.97,typographic_normalization,"[""somente caixa, Unicode, espaços e pontuação foram normalizados""]",False
iROBOT,irobot,iROBOT,,0.97,typographic_normalization,"[""somente caixa, Unicode, espaços e pontuação foram normalizados""]",False
iRobot,irobot,iRobot,,0.97,typographic_normalization,"[""somente caixa, Unicode, espaços e pontuação foram normalizados""]",False
iTrekkings,itrekkings,iTrekkings,,0.97,typographic_normalization,"[""somente caixa, Unicode, espaços e pontuação foram normalizados""]",False
iiyama,iiyama,Iiyama,,0.97,typographic_normalization,"[""somente caixa, Unicode, espaços e pontuação foram normalizados""]",False
imon,imon,Imon,,0.97,typographic_normalization,"[""somente caixa, Unicode, espaços e pontuação foram normalizados""]",False
ione,ione,Ione,,0.97,typographic_normalization,"[""somente caixa, Unicode, espaços e pontuação foram normalizados""]",False
italtel,italtel,Italtel,,0.97,typographic_normalization,"[""somente caixa, Unicode, espaços e pontuação foram normalizados""]",False
kendo,kendo,Kendo,,0.97,typographic_normalization,"[""somente caixa, Unicode, espaços e pontuação foram normalizados""]",False
konig,konig,Konig,,0.97,typographic_normalization,"[""somente caixa, Unicode, espaços e pontuação foram normalizados""]",False
kosmos,kosmos,Kosmos,,0.97,typographic_normalization,"[""somente caixa, Unicode, espaços e pontuação foram normalizados""]",False
mStation,mstation,mStation,,0.97,typographic_normalization,"[""somente caixa, Unicode, espaços e pontuação foram normalizados""]",False
media-tech,media-tech,Media-Tech,,0.97,typographic_normalization,"[""somente caixa, Unicode, espaços e pontuação foram normalizados""]",False
mivar,mivar,Mivar,,0.97,typographic_normalization,"[""somente caixa, Unicode, espaços e pontuação foram normalizados""]",False
multiTEC,multitec,multiTEC,,0.97,typographic_normalization,"[""somente caixa, Unicode, espaços e pontuação foram normalizados""]",False
oceanic,oceanic,Oceanic,,0.97,typographic_normalization,"[""somente caixa, Unicode, espaços e pontuação foram normalizados""]",False
oneConcept,oneconcept,oneConcept,,0.97,typographic_normalization,"[""somente caixa, Unicode, espaços e pontuação foram normalizados""]",False
onn,onn,Onn,,0.97,typographic_normalization,"[""somente caixa, Unicode, espaços e pontuação foram normalizados""]",False
orion,orion,Orion,,0.97,typographic_normalization,"[""somente caixa, Unicode, espaços e pontuação foram normalizados""]",False
palmbutler,palmbutler,Palmbutler,,0.97,typographic_normalization,"[""somente caixa, Unicode, espaços e pontuação foram normalizados""]",False
remotec,remotec,Remotec,,0.97,typographic_normalization,"[""somente caixa, Unicode, espaços e pontuação foram normalizados""]",False
roadstar,roadstar,Roadstar,,0.97,typographic_normalization,"[""somente caixa, Unicode, espaços e pontuação foram normalizados""]",False
rubin,rubin,Rubin,,0.97,typographic_normalization,"[""somente caixa, Unicode, espaços e pontuação foram normalizados""]",False
starhub,starhub,Starhub,,0.97,typographic_normalization,"[""somente caixa, Unicode, espaços e pontuação foram normalizados""]",False
sun,sun,Sun,,0.97,typographic_normalization,"[""somente caixa, Unicode, espaços e pontuação foram normalizados""]",False
trio,trio,Trio,,0.97,typographic_normalization,"[""somente caixa, Unicode, espaços e pontuação foram normalizados""]",False
tuffenough,tuffenough,Tuffenough,,0.97,typographic_normalization,"[""somente caixa, Unicode, espaços e pontuação foram normalizados""]",False
tvONE,tvone,tvONE,,0.97,typographic_normalization,"[""somente caixa, Unicode, espaços e pontuação foram normalizados""]",False
universum,universum,Universum,,0.97,typographic_normalization,"[""somente caixa, Unicode, espaços e pontuação foram normalizados""]",False
videologic,videologic,Videologic,,0.97,typographic_normalization,"[""somente caixa, Unicode, espaços e pontuação foram normalizados""]",False
viewmaxpro,viewmaxpro,Viewmaxpro,,0.97,typographic_normalization,"[""somente caixa, Unicode, espaços e pontuação foram normalizados""]",False
xsat,xsat,Xsat,,0.97,typographic_normalization,"[""somente caixa, Unicode, espaços e pontuação foram normalizados""]",False
