record_id,source_path,original_text,candidate,confidence,extraction_source,ambiguity,alternatives,requires_review
2cfef73c630abc3f,SoundBars/Yarra/Yarra_3DX.ir,Yarra_3DX,Yarra_3DX,0.84,file_name,False,[],False
e3610b61246f0bb1,_Converted_/IR_Plus/E/EIKI/LC-360.ir,LC-360,LC-360,0.84,file_name,False,[],False
9bee004de6eb486b,_Converted_/IR_Plus/E/EIKI/LC-4200.ir,LC-4200,LC-4200,0.84,file_name,False,[],False
81e5448b44fc560b,_Converted_/IR_Plus/E/EIKI/LC-SVGA860.ir,LC-SVGA860,LC-SVGA860,0.84,file_name,False,[],False
eb67ae9df9314a3b,_Converted_/IR_Plus/E/EIKI/LC-XGA98OUE.ir,LC-XGA98OUE,LC-XGA98OUE,0.84,file_name,False,[],False
8d32b6b1b80d76f7,_Converted_/IR_Plus/H/HARMAN KARDON/AVR.ir,,,0.0,,True,[],True
616beb3744301e85,_Converted_/IR_Plus/T/TOSHIBA/VX-990.ir,VX-990,VX-990,0.84,file_name,False,[],False
5c214a390e2af815,_Converted_/Power_off.ir,,,0.0,,True,[],True
3c92fb5c568acf14,_Converted_/Pronto/R/RFT/GEN_SAT_1.ir,GEN_SAT_1,GEN_SAT_1,0.84,file_name,False,[],False
787a6b3245f706ea,_Converted_/Pronto/R/RFT/GEN_TV.ir,,,0.0,,True,[],True
f962eef0f83bcbca,_Converted_/Pronto/S/Sony/RDR-VX530.ir,RDR-VX530,RDR-VX530,0.84,file_name,False,[],False
351692f39ae80fab,inventory.csv#0,32_159,32_159,0.98,inventory.model,False,[],False
0bb9f0b171632c7e,inventory.csv#1,134_-1,134_-1,0.98,inventory.model,False,[],False
c2ef2391c32e9b27,inventory.csv#10,97_99,97_99,0.98,inventory.model,False,[],False
12583f3cc86f329b,inventory.csv#100,26_-1,26_-1,0.98,inventory.model,False,[],False
4ca81ad4908f3e66,inventory.csv#1000,132_-1,132_-1,0.98,inventory.model,False,[],False
c878e6fe6cdda718,inventory.csv#1001,132_129,132_129,0.98,inventory.model,False,[],False
3b4b932d887b7c82,inventory.csv#1002,132_130,132_130,0.98,inventory.model,False,[],False
20b36248b46a8e28,inventory.csv#1003,132_134,132_134,0.98,inventory.model,False,[],False
874ce0a11bcef9e6,inventory.csv#1004,132_136,132_136,0.98,inventory.model,False,[],False
3195af4d13f83983,inventory.csv#1005,132_138,132_138,0.98,inventory.model,False,[],False
2581d752a653ae48,inventory.csv#1006,132_139,132_139,0.98,inventory.model,False,[],False
aea96fc1dbd4e894,inventory.csv#1007,132_140,132_140,0.98,inventory.model,False,[],False
25faee5a7f49cc0e,inventory.csv#1008,132_141,132_141,0.98,inventory.model,False,[],False
6832b0b8190dd073,inventory.csv#1009,140_132,140_132,0.98,inventory.model,False,[],False
8ba2da5ad39a931c,inventory.csv#101,8_-1,8_-1,0.98,inventory.model,False,[],False
61ed7318935c0fbc,inventory.csv#1010,132_-1,132_-1,0.98,inventory.model,False,[],False
f5e4c2c21ec28f0c,inventory.csv#1011,4_15,4_15,0.98,inventory.model,False,[],False
bd1a9762292479a2,inventory.csv#1012,32_176,32_176,0.98,inventory.model,False,[],False
83735355f390fd52,inventory.csv#1013,4_15,4_15,0.98,inventory.model,False,[],False
1219cb62b03e3d3c,inventory.csv#1014,3_-1,3_-1,0.98,inventory.model,False,[],False
4816d1a0e360b607,inventory.csv#1015,132_224,132_224,0.98,inventory.model,False,[],False
45fc54fd758c1236,inventory.csv#1016,17_-1,17_-1,0.98,inventory.model,False,[],False
faca0d9b600964c9,inventory.csv#1017,13_80,13_80,0.98,inventory.model,False,[],False
c687e09c6a75f031,inventory.csv#1018,0_-1,0_-1,0.98,inventory.model,False,[],False
7450e8c7d2e7629f,inventory.csv#1019,13_80,13_80,0.98,inventory.model,False,[],False
d2eb7667858f1af2,inventory.csv#102,0_189,0_189,0.98,inventory.model,False,[],False
7b3b9a6fc5a7965e,inventory.csv#1020,81_175,81_175,0.98,inventory.model,False,[],False
d6e8f44feb6e826a,inventory.csv#1021,7_-1,7_-1,0.98,inventory.model,False,[],False
b395045f050a42f8,inventory.csv#1022,0_246,0_246,0.98,inventory.model,False,[],False
a3be182e28d53a58,inventory.csv#1023,15_-1,15_-1,0.98,inventory.model,False,[],False
b007c1314db43cda,inventory.csv#1024,11_-1,11_-1,0.98,inventory.model,False,[],False
06ec8f05d67baecd,inventory.csv#1025,14_-1,14_-1,0.98,inventory.model,False,[],False
11335c923fe73277,inventory.csv#1026,26_73,26_73,0.98,inventory.model,False,[],False
f5ea749124302c7a,inventory.csv#1027,14_-1,14_-1,0.98,inventory.model,False,[],False
48d2de547d2d3875,inventory.csv#1028,11_-1,11_-1,0.98,inventory.model,False,[],False
27c24d386de15ca3,inventory.csv#1029,11_-1,11_-1,0.98,inventory.model,False,[],False
ccab2517007dd1fa,inventory.csv#103,4_-1,4_-1,0.98,inventory.model,False,[],False
1dff35c26e6f385e,inventory.csv#1030,11_-1,11_-1,0.98,inventory.model,False,[],False
1de8429d8ddea061,inventory.csv#1031,24_-1,24_-1,0.98,inventory.model,False,[],False
a390910ea95d339c,inventory.csv#1032,22_-1,22_-1,0.98,inventory.model,False,[],False
dfab9b2f9128e4c8,inventory.csv#1033,15_-1,15_-1,0.98,inventory.model,False,[],False
266fe582a31e119f,inventory.csv#1034,11_-1,11_-1,0.98,inventory.model,False,[],False
ca9602edf9c700ba,inventory.csv#1035,14_-1,14_-1,0.98,inventory.model,False,[],False
679a99025e653ea8,inventory.csv#1036,26_73,26_73,0.98,inventory.model,False,[],False
16ff9b81fea971db,inventory.csv#1037,0_-1,0_-1,0.98,inventory.model,False,[],False
05cf276e182e419a,inventory.csv#1038,122_-1,122_-1,0.98,inventory.model,False,[],False
f63632d6a784f501,inventory.csv#1039,144_0,144_0,0.98,inventory.model,False,[],False
4f1abb685dfae43b,inventory.csv#104,4_-1,4_-1,0.98,inventory.model,False,[],False
225eea64b5f0d090,inventory.csv#1040,15_-1,15_-1,0.98,inventory.model,False,[],False
591669ac68c945b7,inventory.csv#1041,1_-1,1_-1,0.98,inventory.model,False,[],False
b514a993cd207b2a,inventory.csv#1042,64_-1,64_-1,0.98,inventory.model,False,[],False
1d5b8fed25c6ae9b,inventory.csv#1043,87_-1,87_-1,0.98,inventory.model,False,[],False
12233dc283c3e6fe,inventory.csv#1044,130_110,130_110,0.98,inventory.model,False,[],False
33208b7fac3bf07d,inventory.csv#1045,1_-1,1_-1,0.98,inventory.model,False,[],False
215198e5cba77906,inventory.csv#1046,-1_-1,-1_-1,0.98,inventory.model,False,[],False
a2a847da8dacd10c,inventory.csv#1047,0_-1,0_-1,0.98,inventory.model,False,[],False
c8fbe41066fd445f,inventory.csv#1048,0_-1,0_-1,0.98,inventory.model,False,[],False
359f580dd99f3f89,inventory.csv#1049,0_-1,0_-1,0.98,inventory.model,False,[],False
5bf4e7623afa5287,inventory.csv#105,4_-1,4_-1,0.98,inventory.model,False,[],False
496879fd7ef5ed6d,inventory.csv#1050,5_-1,5_-1,0.98,inventory.model,False,[],False
d686c8cd8adfacbf,inventory.csv#1051,128_-1,128_-1,0.98,inventory.model,False,[],False
c11a1f87732a23b9,inventory.csv#1052,3_-1,3_-1,0.98,inventory.model,False,[],False
3078a55dd0c8821b,inventory.csv#1053,72_36,72_36,0.98,inventory.model,False,[],False
3a53d28ff5e74baa,inventory.csv#1054,134_107,134_107,0.98,inventory.model,False,[],False
5bee0bd1777ddc97,inventory.csv#1055,10_247,10_247,0.98,inventory.model,False,[],False
00b9cdacae0a43cb,inventory.csv#1056,132_98,132_98,0.98,inventory.model,False,[],False
d6cc38a6c2d690f3,inventory.csv#1057,5_5,5_5,0.98,inventory.model,False,[],False
b7c51bc234af0c4c,inventory.csv#1058,7_7,7_7,0.98,inventory.model,False,[],False
ce65ae714c6e7e65,inventory.csv#1059,128_255,128_255,0.98,inventory.model,False,[],False
344473c6b34ab8bd,inventory.csv#106,4_-1,4_-1,0.98,inventory.model,False,[],False
05b9ae1a07e6bb17,inventory.csv#1060,4_16,4_16,0.98,inventory.model,False,[],False
a2feeb9057880738,inventory.csv#1061,20_-1,20_-1,0.98,inventory.model,False,[],False
d7aef254b7940df2,inventory.csv#1062,16_16,16_16,0.98,inventory.model,False,[],False
27ad50b7a1c9299a,inventory.csv#1063,110_-1,110_-1,0.98,inventory.model,False,[],False
7c0fb1a0f69f8845,inventory.csv#1064,4_-1,4_-1,0.98,inventory.model,False,[],False
65fdf7e7bf55f7fd,inventory.csv#1065,110_-1,110_-1,0.98,inventory.model,False,[],False
18ac95d1b7634c51,inventory.csv#1066,110_-1,110_-1,0.98,inventory.model,False,[],False
f2fa5574b3b7ae20,inventory.csv#1067,110_-1,110_-1,0.98,inventory.model,False,[],False
8282d66fc992579f,inventory.csv#1068,8_-1,8_-1,0.98,inventory.model,False,[],False
df54696d4deca971,inventory.csv#1069,0_-1,0_-1,0.98,inventory.model,False,[],False
aee8781b15198c51,inventory.csv#107,0_238,0_238,0.98,inventory.model,False,[],False
5aaaf6f3daaebf73,inventory.csv#1070,135_108,135_108,0.98,inventory.model,False,[],False
29488c95376ad506,inventory.csv#1071,128_123,128_123,0.98,inventory.model,False,[],False
1104e2f0e3b7969c,inventory.csv#1072,8_230,8_230,0.98,inventory.model,False,[],False
4379fad16a3f38ee,inventory.csv#1073,5_-1,5_-1,0.98,inventory.model,False,[],False
e179bb0614aeeb9b,inventory.csv#1074,132_60,132_60,0.98,inventory.model,False,[],False
6aebb477169505ae,inventory.csv#1075,0_-1,0_-1,0.98,inventory.model,False,[],False
1c2a3cb27345fd9e,inventory.csv#1076,2_-1,2_-1,0.98,inventory.model,False,[],False
7ace497bc97450c1,inventory.csv#1077,212_190,212_190,0.98,inventory.model,False,[],False
beb2af8c4a7d794d,inventory.csv#1078,1_-1,1_-1,0.98,inventory.model,False,[],False
341c36667fbb5049,inventory.csv#1079,2_-1,2_-1,0.98,inventory.model,False,[],False
3e7da7e78d753ceb,inventory.csv#108,0_238,0_238,0.98,inventory.model,False,[],False
a16d27bca6adc428,inventory.csv#1080,8_-1,8_-1,0.98,inventory.model,False,[],False
f1551f8fb8f72e80,inventory.csv#1081,0_-1,0_-1,0.98,inventory.model,False,[],False
1dfa3b9641aecc18,inventory.csv#1082,10_-1,10_-1,0.98,inventory.model,False,[],False
531d405b90f70f84,inventory.csv#1083,128_-1,128_-1,0.98,inventory.model,False,[],False
de893209723154b6,inventory.csv#1084,162_162,162_162,0.98,inventory.model,False,[],False
1032d0c4fc0189e1,inventory.csv#1085,0_-1,0_-1,0.98,inventory.model,False,[],False
9ef7a8cad71dacf9,inventory.csv#1086,8_-1,8_-1,0.98,inventory.model,False,[],False
f29ed0de27816d8c,inventory.csv#1087,20_-1,20_-1,0.98,inventory.model,False,[],False
4d93336a78c088a8,inventory.csv#1088,5_-1,5_-1,0.98,inventory.model,False,[],False
379f08064e1e4870,inventory.csv#1089,5_-1,5_-1,0.98,inventory.model,False,[],False
04050a6be239dc51,inventory.csv#109,64_-1,64_-1,0.98,inventory.model,False,[],False
0572a80dcfcd9bc1,inventory.csv#1090,0_-1,0_-1,0.98,inventory.model,False,[],False
f5cd06ba4b34cdf0,inventory.csv#1091,0_-1,0_-1,0.98,inventory.model,False,[],False
1a2587d9ce220d7c,inventory.csv#1092,1_-1,1_-1,0.98,inventory.model,False,[],False
61201efdd0111055,inventory.csv#1093,162_162,162_162,0.98,inventory.model,False,[],False
c660399b6e980267,inventory.csv#1094,127_-1,127_-1,0.98,inventory.model,False,[],False
b9727c73b731a2a7,inventory.csv#1095,16_-1,16_-1,0.98,inventory.model,False,[],False
08c15abd89e7bfbb,inventory.csv#1096,134_107,134_107,0.98,inventory.model,False,[],False
25ab0403fa38f2e9,inventory.csv#1097,143_-1,143_-1,0.98,inventory.model,False,[],False
010a5eac79d26ff2,inventory.csv#1098,0_-1,0_-1,0.98,inventory.model,False,[],False
9023d1426ca20db8,inventory.csv#1099,134_107,134_107,0.98,inventory.model,False,[],False
4585f8805c328df1,inventory.csv#11,16_37,16_37,0.98,inventory.model,False,[],False
168c3e22ca88cfb6,inventory.csv#110,64_-1,64_-1,0.98,inventory.model,False,[],False
e9f7ba801c696862,inventory.csv#1100,129_102,129_102,0.98,inventory.model,False,[],False
6d71cc6c9906c8c8,inventory.csv#1101,128_112,128_112,0.98,inventory.model,False,[],False
1f5a1e87488fe1ed,inventory.csv#1102,130_114,130_114,0.98,inventory.model,False,[],False
4e124b680c0db9be,inventory.csv#1103,132_116,132_116,0.98,inventory.model,False,[],False
bc0ba5f6c1674975,inventory.csv#1104,130_114,130_114,0.98,inventory.model,False,[],False
093edee6f2632c92,inventory.csv#1105,128_112,128_112,0.98,inventory.model,False,[],False
896c5a16f42abe37,inventory.csv#1106,128_112,128_112,0.98,inventory.model,False,[],False
6d417349b1c61e2d,inventory.csv#1107,0_-1,0_-1,0.98,inventory.model,False,[],False
5400a17fbd65cec0,inventory.csv#1108,128_112,128_112,0.98,inventory.model,False,[],False
652e9f7072c79c19,inventory.csv#1109,131_74,131_74,0.98,inventory.model,False,[],False
58387bbdc077d232,inventory.csv#111,4_-1,4_-1,0.98,inventory.model,False,[],False
7b5428d4ce73372d,inventory.csv#1110,130_114,130_114,0.98,inventory.model,False,[],False
953021d9072e89d3,inventory.csv#1111,130_114,130_114,0.98,inventory.model,False,[],False
6deb88c0b07c58f3,inventory.csv#1112,128_112,128_112,0.98,inventory.model,False,[],False
6c80e4284d5f5d94,inventory.csv#1113,130_114,130_114,0.98,inventory.model,False,[],False
069e5f873cb79755,inventory.csv#1114,128_112,128_112,0.98,inventory.model,False,[],False
ed04715af67d03df,inventory.csv#1115,130_114,130_114,0.98,inventory.model,False,[],False
7f648ef2091a6ef0,inventory.csv#1116,132_116,132_116,0.98,inventory.model,False,[],False
9c50724e2fcb6613,inventory.csv#1117,132_66,132_66,0.98,inventory.model,False,[],False
479fbf16f2a25abe,inventory.csv#1118,134_118,134_118,0.98,inventory.model,False,[],False
25fafa1e46457130,inventory.csv#1119,161_-1,161_-1,0.98,inventory.model,False,[],False
34517e55cc2d4b01,inventory.csv#112,1_-1,1_-1,0.98,inventory.model,False,[],False
f7438236a4639a4b,inventory.csv#1120,164_-1,164_-1,0.98,inventory.model,False,[],False
a498f68ffb5f4907,inventory.csv#1121,40_-1,40_-1,0.98,inventory.model,False,[],False
468d625f0844aa24,inventory.csv#1122,4_-1,4_-1,0.98,inventory.model,False,[],False
15a809941cc960dc,inventory.csv#1123,7_-1,7_-1,0.98,inventory.model,False,[],False
8100d6a74e9ba82d,inventory.csv#1124,0_-1,0_-1,0.98,inventory.model,False,[],False
450ce1e89c805dad,inventory.csv#1125,128_112,128_112,0.98,inventory.model,False,[],False
1a7201285437d8c7,inventory.csv#1126,12_-1,12_-1,0.98,inventory.model,False,[],False
960661d1bf46eb6a,inventory.csv#1127,130_114,130_114,0.98,inventory.model,False,[],False
33f54f713f7b6fae,inventory.csv#1128,16_-1,16_-1,0.98,inventory.model,False,[],False
9c101e0a6a9645fb,inventory.csv#1129,17_-1,17_-1,0.98,inventory.model,False,[],False
f2cf03c3c35c6230,inventory.csv#113,238_135,238_135,0.98,inventory.model,False,[],False
86417c4ab7516807,inventory.csv#1130,18_-1,18_-1,0.98,inventory.model,False,[],False
8212533a621bedec,inventory.csv#1131,20_-1,20_-1,0.98,inventory.model,False,[],False
d11a0fa33ab4333f,inventory.csv#1132,23_-1,23_-1,0.98,inventory.model,False,[],False
79d53545f821f433,inventory.csv#1133,5_-1,5_-1,0.98,inventory.model,False,[],False
a011f144f3d6db9f,inventory.csv#1134,64_-1,64_-1,0.98,inventory.model,False,[],False
734189b4ad319e2f,inventory.csv#1135,6_-1,6_-1,0.98,inventory.model,False,[],False
ea96d037f51724b5,inventory.csv#1136,128_112,128_112,0.98,inventory.model,False,[],False
47dbcf2909ba9e67,inventory.csv#1137,130_114,130_114,0.98,inventory.model,False,[],False
a61ae69ae7e6d57e,inventory.csv#1138,0_-1,0_-1,0.98,inventory.model,False,[],False
edd7b0588361d15c,inventory.csv#1139,128_112,128_112,0.98,inventory.model,False,[],False
989cc336890eec0a,inventory.csv#114,238_135,238_135,0.98,inventory.model,False,[],False
1473e6152a47d032,inventory.csv#1140,130_114,130_114,0.98,inventory.model,False,[],False
eedcca3536f819f4,inventory.csv#1141,130_114,130_114,0.98,inventory.model,False,[],False
3171ecba77ad0769,inventory.csv#1142,130_114,130_114,0.98,inventory.model,False,[],False
449eb5b3551645b0,inventory.csv#1143,128_112,128_112,0.98,inventory.model,False,[],False
581f45d3f89be9ed,inventory.csv#1144,131_74,131_74,0.98,inventory.model,False,[],False
6806948feb0d7f85,inventory.csv#1145,130_114,130_114,0.98,inventory.model,False,[],False
e28becdf7a7e900b,inventory.csv#1146,0_-1,0_-1,0.98,inventory.model,False,[],False
c5ec8562041739d1,inventory.csv#1147,1_-1,1_-1,0.98,inventory.model,False,[],False
92312f5ca6f9b917,inventory.csv#1148,30_-1,30_-1,0.98,inventory.model,False,[],False
c9fa16d97dac8d9f,inventory.csv#1149,7_0,7_0,0.98,inventory.model,False,[],False
eb0108f99edfaa0d,inventory.csv#115,238_135,238_135,0.98,inventory.model,False,[],False
c272247b4477139c,inventory.csv#1150,1_-1,1_-1,0.98,inventory.model,False,[],False
b6c513e34e2f3420,inventory.csv#1151,7_0,7_0,0.98,inventory.model,False,[],False
c628388ac5da5e2c,inventory.csv#1152,11_-1,11_-1,0.98,inventory.model,False,[],False
8ff3c037eedde77a,inventory.csv#1153,29_-1,29_-1,0.98,inventory.model,False,[],False
c91ce1755beec30b,inventory.csv#1154,5_-1,5_-1,0.98,inventory.model,False,[],False
3b8a3a6854bbb419,inventory.csv#1155,3_-1,3_-1,0.98,inventory.model,False,[],False
7f141ee14418cc0b,inventory.csv#1156,30_-1,30_-1,0.98,inventory.model,False,[],False
dcac602bdb572657,inventory.csv#1157,29_-1,29_-1,0.98,inventory.model,False,[],False
6d21671bb36225cc,inventory.csv#1158,4_15,4_15,0.98,inventory.model,False,[],False
c168037a658b6c7a,inventory.csv#1159,0_-1,0_-1,0.98,inventory.model,False,[],False
344726d64c823794,inventory.csv#116,238_135,238_135,0.98,inventory.model,False,[],False
8054f855becdbeba,inventory.csv#1160,0_-1,0_-1,0.98,inventory.model,False,[],False
d8fbaa770f982525,inventory.csv#1161,5_-1,5_-1,0.98,inventory.model,False,[],False
3fe8a5095d8589a3,inventory.csv#1162,16_-1,16_-1,0.98,inventory.model,False,[],False
61c0af77eae41932,inventory.csv#1163,18_17,18_17,0.98,inventory.model,False,[],False
36bdde8ad3257c79,inventory.csv#1164,2_17,2_17,0.98,inventory.model,False,[],False
ccf804f900508a26,inventory.csv#1165,18_17,18_17,0.98,inventory.model,False,[],False
4ed7f18cac211856,inventory.csv#1166,2_17,2_17,0.98,inventory.model,False,[],False
4348d3b1877e33f1,inventory.csv#1167,0_-1,0_-1,0.98,inventory.model,False,[],False
439d9e2ca487c6ef,inventory.csv#1168,0_246,0_246,0.98,inventory.model,False,[],False
f3b4297d8ce02d62,inventory.csv#1169,32_255,32_255,0.98,inventory.model,False,[],False
dd63b0f02e4fe175,inventory.csv#117,1_222,1_222,0.98,inventory.model,False,[],False
10c8653459bff3d9,inventory.csv#1170,54_-1,54_-1,0.98,inventory.model,False,[],False
20d4b8f2867e87d1,inventory.csv#1171,80_-1,80_-1,0.98,inventory.model,False,[],False
8ccd3b97ed5d2ad2,inventory.csv#1172,168_-1,168_-1,0.98,inventory.model,False,[],False
ce3860960783c8d5,inventory.csv#1173,80_-1,80_-1,0.98,inventory.model,False,[],False
aae018e56aaac517,inventory.csv#1174,12_251,12_251,0.98,inventory.model,False,[],False
d00b8a287541f762,inventory.csv#1175,184_0,184_0,0.98,inventory.model,False,[],False
9b65ad39e6f53273,inventory.csv#1176,3_-1,3_-1,0.98,inventory.model,False,[],False
0354c3e107546b67,inventory.csv#1177,4_-1,4_-1,0.98,inventory.model,False,[],False
cdb8503ff68de0c0,inventory.csv#1178,80_-1,80_-1,0.98,inventory.model,False,[],False
8dd597100316e677,inventory.csv#1179,96_-1,96_-1,0.98,inventory.model,False,[],False
2d1f137c27294c37,inventory.csv#118,238_135,238_135,0.98,inventory.model,False,[],False
d8ae279608bf1acb,inventory.csv#1180,97_-1,97_-1,0.98,inventory.model,False,[],False
28f4da7d8d29a453,inventory.csv#1181,102_0,102_0,0.98,inventory.model,False,[],False
5b073d2e398b6e09,inventory.csv#1182,86_171,86_171,0.98,inventory.model,False,[],False
aec4c3a87cc836d6,inventory.csv#1183,144_0,144_0,0.98,inventory.model,False,[],False
d036a013d2ec05bf,inventory.csv#1184,80_-1,80_-1,0.98,inventory.model,False,[],False
b883f2ebfebf33d6,inventory.csv#1185,96_-1,96_-1,0.98,inventory.model,False,[],False
2b92b023cda5ed96,inventory.csv#1186,96_158,96_158,0.98,inventory.model,False,[],False
ef82bde090075ba1,inventory.csv#1187,97_-1,97_-1,0.98,inventory.model,False,[],False
16118d76ea2485d5,inventory.csv#1188,80_-1,80_-1,0.98,inventory.model,False,[],False
8a858bcac051b2d1,inventory.csv#1189,80_173,80_173,0.98,inventory.model,False,[],False
1cd4d19e8ef77541,inventory.csv#119,14_-1,14_-1,0.98,inventory.model,False,[],False
d2c9b35f91a519e5,inventory.csv#1190,12_251,12_251,0.98,inventory.model,False,[],False
399bd5a11713506e,inventory.csv#1191,80_-1,80_-1,0.98,inventory.model,False,[],False
8df5c3e42e18d988,inventory.csv#1192,80_143,80_143,0.98,inventory.model,False,[],False
435da5e2ca55a745,inventory.csv#1193,80_173,80_173,0.98,inventory.model,False,[],False
7e4d9a7017cb25e6,inventory.csv#1194,96_-1,96_-1,0.98,inventory.model,False,[],False
566535ecda47b5c2,inventory.csv#1195,80_-1,80_-1,0.98,inventory.model,False,[],False
792a4f6088c2b1b1,inventory.csv#1196,80_-1,80_-1,0.98,inventory.model,False,[],False
7a3234c5581f3b4e,inventory.csv#1197,135_69,135_69,0.98,inventory.model,False,[],False
a0b2e6a948cb5eba,inventory.csv#1198,128_35,128_35,0.98,inventory.model,False,[],False
cc8978ccb13983ad,inventory.csv#1199,91_-1,91_-1,0.98,inventory.model,False,[],False
65fe4791df65ed73,inventory.csv#12,5_122,5_122,0.98,inventory.model,False,[],False
1403e80628fe28b1,inventory.csv#120,25_-1,25_-1,0.98,inventory.model,False,[],False
cc4a5ba513743e9f,inventory.csv#1200,71_-1,71_-1,0.98,inventory.model,False,[],False
b17d8f5f431bbe0f,inventory.csv#1201,91_-1,91_-1,0.98,inventory.model,False,[],False
d787cfdf3ebc1244,inventory.csv#1202,1_-1,1_-1,0.98,inventory.model,False,[],False
6b6a0d4f87f117fc,inventory.csv#1203,80_-1,80_-1,0.98,inventory.model,False,[],False
e27257a265c936a2,inventory.csv#1204,0_-1,0_-1,0.98,inventory.model,False,[],False
9ddf11975182482f,inventory.csv#1205,40_-1,40_-1,0.98,inventory.model,False,[],False
9aae4139d80af928,inventory.csv#1206,44_-1,44_-1,0.98,inventory.model,False,[],False
1ae53ac6a1c98b71,inventory.csv#1207,5_1,5_1,0.98,inventory.model,False,[],False
ced791dfbbed00e0,inventory.csv#1208,80_-1,80_-1,0.98,inventory.model,False,[],False
9d2d97dd66bffd56,inventory.csv#1209,83_-1,83_-1,0.98,inventory.model,False,[],False
ed4aa5f667bf890f,inventory.csv#121,31_-1,31_-1,0.98,inventory.model,False,[],False
ddbefba3bd81cac4,inventory.csv#1210,96_-1,96_-1,0.98,inventory.model,False,[],False
fbf1d710bfd9f9dd,inventory.csv#1211,96_158,96_158,0.98,inventory.model,False,[],False
f908e4ba4b95c9cc,inventory.csv#1212,97_-1,97_-1,0.98,inventory.model,False,[],False
b2db3cc01f991f6e,inventory.csv#1213,97_159,97_159,0.98,inventory.model,False,[],False
199ffe35c5b7c263,inventory.csv#1214,135_69,135_69,0.98,inventory.model,False,[],False
4413899837f7b15e,inventory.csv#1215,80_-1,80_-1,0.98,inventory.model,False,[],False
174cb6d423c3bd4f,inventory.csv#1216,0_-1,0_-1,0.98,inventory.model,False,[],False
de9af75b75daf5f0,inventory.csv#1217,64_64,64_64,0.98,inventory.model,False,[],False
c4d00fe6098bb3f8,inventory.csv#1218,77_178,77_178,0.98,inventory.model,False,[],False
fa52c2f344550010,inventory.csv#1219,1_-1,1_-1,0.98,inventory.model,False,[],False
f2baa9202aaa9ee7,inventory.csv#122,0_-1,0_-1,0.98,inventory.model,False,[],False
6d5a8f850fed7842,inventory.csv#1220,32_32,32_32,0.98,inventory.model,False,[],False
9738b53a0b7d3561,inventory.csv#1221,64_64,64_64,0.98,inventory.model,False,[],False
857b9b441c22362d,inventory.csv#1222,4_15,4_15,0.98,inventory.model,False,[],False
70166bbaadfbe009,inventory.csv#1223,4_15,4_15,0.98,inventory.model,False,[],False
dc33f2cc1b684207,inventory.csv#1224,4_17,4_17,0.98,inventory.model,False,[],False
57a309b4d5819c76,inventory.csv#1225,4_15,4_15,0.98,inventory.model,False,[],False
65768091a3615aa3,inventory.csv#1226,4_15,4_15,0.98,inventory.model,False,[],False
bdd9f6bc07f08749,inventory.csv#1227,4_17,4_17,0.98,inventory.model,False,[],False
2c8dc53bac07ec82,inventory.csv#1228,4_15,4_15,0.98,inventory.model,False,[],False
c51d6c4e17bbea3c,inventory.csv#1229,4_15,4_15,0.98,inventory.model,False,[],False
0c7c3c4d683ce824,inventory.csv#123,16_-1,16_-1,0.98,inventory.model,False,[],False
ad987f47bfd25094,inventory.csv#1230,0_-1,0_-1,0.98,inventory.model,False,[],False
cb24361215b65590,inventory.csv#1231,128_-1,128_-1,0.98,inventory.model,False,[],False
c8301f61ac07e2de,inventory.csv#1232,12_-1,12_-1,0.98,inventory.model,False,[],False
4120169db4436e87,inventory.csv#1233,12_251,12_251,0.98,inventory.model,False,[],False
cb021f097053816e,inventory.csv#1234,133_48,133_48,0.98,inventory.model,False,[],False
0a099dd0898b3a73,inventory.csv#1235,136_-1,136_-1,0.98,inventory.model,False,[],False
c1ca3b8486d4b656,inventory.csv#1236,1_-1,1_-1,0.98,inventory.model,False,[],False
bb597fb9c038ec3a,inventory.csv#1237,4_-1,4_-1,0.98,inventory.model,False,[],False
094f038a17d1bdcd,inventory.csv#1238,60_178,60_178,0.98,inventory.model,False,[],False
ff9299c571a9b8f4,inventory.csv#1239,71_-1,71_-1,0.98,inventory.model,False,[],False
0f86ceebf975b030,inventory.csv#124,20_-1,20_-1,0.98,inventory.model,False,[],False
ee3aa5b2536be6a9,inventory.csv#1240,12_-1,12_-1,0.98,inventory.model,False,[],False
25c984f399954eae,inventory.csv#1241,133_48,133_48,0.98,inventory.model,False,[],False
d01968ffd8a8b610,inventory.csv#1242,133_48,133_48,0.98,inventory.model,False,[],False
12aee1e738df5811,inventory.csv#1243,133_48,133_48,0.98,inventory.model,False,[],False
7bf3bf6e9b01c1e8,inventory.csv#1244,12_-1,12_-1,0.98,inventory.model,False,[],False
0d8e0386b5e7140f,inventory.csv#1245,12_251,12_251,0.98,inventory.model,False,[],False
7df2009f667f8f8d,inventory.csv#1246,133_48,133_48,0.98,inventory.model,False,[],False
446f608c264151e0,inventory.csv#1247,136_-1,136_-1,0.98,inventory.model,False,[],False
df34014256c1e96c,inventory.csv#1248,1_-1,1_-1,0.98,inventory.model,False,[],False
06acf7c1ad3c081f,inventory.csv#1249,4_-1,4_-1,0.98,inventory.model,False,[],False
26348e3ddfea81bc,inventory.csv#125,16_-1,16_-1,0.98,inventory.model,False,[],False
95811b55c3efafa2,inventory.csv#1250,60_178,60_178,0.98,inventory.model,False,[],False
5432054277d66619,inventory.csv#1251,71_-1,71_-1,0.98,inventory.model,False,[],False
4ba72670a0a8635a,inventory.csv#1252,133_48,133_48,0.98,inventory.model,False,[],False
1acefa69e3674a7c,inventory.csv#1253,12_251,12_251,0.98,inventory.model,False,[],False
f8b72f928daa93b3,inventory.csv#1254,12_251,12_251,0.98,inventory.model,False,[],False
21618774cf41291f,inventory.csv#1255,12_251,12_251,0.98,inventory.model,False,[],False
7537d338a7666b33,inventory.csv#1256,96_-1,96_-1,0.98,inventory.model,False,[],False
9c28c581e9aadfba,inventory.csv#1257,97_-1,97_-1,0.98,inventory.model,False,[],False
49f977585b4b235f,inventory.csv#1258,0_16,0_16,0.98,inventory.model,False,[],False
9b32edc5a695ae20,inventory.csv#1259,0_16,0_16,0.98,inventory.model,False,[],False
482f6f0b50339a7d,inventory.csv#126,25_-1,25_-1,0.98,inventory.model,False,[],False
9a44b8ceb497c363,inventory.csv#1260,0_48,0_48,0.98,inventory.model,False,[],False
58be2b26c5a2943a,inventory.csv#1261,0_65,0_65,0.98,inventory.model,False,[],False
26272d937a3b4b3f,inventory.csv#1262,0_73,0_73,0.98,inventory.model,False,[],False
6bfc95273ee26171,inventory.csv#1263,0_17,0_17,0.98,inventory.model,False,[],False
1895b1703e7ff2a0,inventory.csv#1264,0_23,0_23,0.98,inventory.model,False,[],False
c7e386c23fdabb6b,inventory.csv#1265,0_73,0_73,0.98,inventory.model,False,[],False
019de64a4ee596bc,inventory.csv#1266,133_48,133_48,0.98,inventory.model,False,[],False
087215ecce48919b,inventory.csv#1267,0_16,0_16,0.98,inventory.model,False,[],False
7419ca6f1598bfa4,inventory.csv#1268,0_16,0_16,0.98,inventory.model,False,[],False
727071f4f328368b,inventory.csv#1269,2_23,2_23,0.98,inventory.model,False,[],False
7c5d1ad9ce6b0d1f,inventory.csv#127,16_-1,16_-1,0.98,inventory.model,False,[],False
19e836f8b8bbb7a0,inventory.csv#1270,0_16,0_16,0.98,inventory.model,False,[],False
7620e83ba1c3b98c,inventory.csv#1271,0_16,0_16,0.98,inventory.model,False,[],False
84e7ab756bdfdb37,inventory.csv#1272,0_16,0_16,0.98,inventory.model,False,[],False
5fee5c333671012b,inventory.csv#1273,15_1,15_1,0.98,inventory.model,False,[],False
4b07d21b23b49aac,inventory.csv#1274,0_251,0_251,0.98,inventory.model,False,[],False
b07c7efa5f08455c,inventory.csv#1275,170_3,170_3,0.98,inventory.model,False,[],False
27b45f71fa6ed6b4,inventory.csv#1276,8_230,8_230,0.98,inventory.model,False,[],False
0dbd945031cd72a4,inventory.csv#1277,0_-1,0_-1,0.98,inventory.model,False,[],False
9ef93495079ccd1b,inventory.csv#1278,22_-1,22_-1,0.98,inventory.model,False,[],False
52f6e54bde5bdbfd,inventory.csv#1279,14_-1,14_-1,0.98,inventory.model,False,[],False
ca17496a147b86f6,inventory.csv#128,17_-1,17_-1,0.98,inventory.model,False,[],False
a6f0f03211766d2b,inventory.csv#1280,161_-1,161_-1,0.98,inventory.model,False,[],False
51ef6e9b82504bde,inventory.csv#1281,162_-1,162_-1,0.98,inventory.model,False,[],False
febcf48bc65d0982,inventory.csv#1282,163_-1,163_-1,0.98,inventory.model,False,[],False
590cf0c6656a4045,inventory.csv#1283,164_-1,164_-1,0.98,inventory.model,False,[],False
67871a4e45acaa73,inventory.csv#1284,165_-1,165_-1,0.98,inventory.model,False,[],False
8d1e2cc349165fe7,inventory.csv#1285,166_-1,166_-1,0.98,inventory.model,False,[],False
76d297a46027fed1,inventory.csv#1286,191_-1,191_-1,0.98,inventory.model,False,[],False
26a835fb163e2520,inventory.csv#1287,255_-1,255_-1,0.98,inventory.model,False,[],False
c14e54360769bc71,inventory.csv#1288,6_-1,6_-1,0.98,inventory.model,False,[],False
0e64ee9516962f2e,inventory.csv#1289,15_-1,15_-1,0.98,inventory.model,False,[],False
be110ade1c69b0c0,inventory.csv#129,20_-1,20_-1,0.98,inventory.model,False,[],False
30754d77d3a729e5,inventory.csv#1290,7_-1,7_-1,0.98,inventory.model,False,[],False
f160fa9b41ad174a,inventory.csv#1291,135_78,135_78,0.98,inventory.model,False,[],False
f81dfb139d51c6ed,inventory.csv#1292,49_-1,49_-1,0.98,inventory.model,False,[],False
65050c6abcd2a414,inventory.csv#1293,135_78,135_78,0.98,inventory.model,False,[],False
f799c7b2a1a2ae5d,inventory.csv#1294,135_78,135_78,0.98,inventory.model,False,[],False
c3b319b028419a83,inventory.csv#1295,123_2,123_2,0.98,inventory.model,False,[],False
195d770a4ea09d96,inventory.csv#1296,131_85,131_85,0.98,inventory.model,False,[],False
63ccc1bc9f126fbc,inventory.csv#1297,135_78,135_78,0.98,inventory.model,False,[],False
2373f2fb767c89d6,inventory.csv#1298,15_-1,15_-1,0.98,inventory.model,False,[],False
36df63875f601deb,inventory.csv#1299,1_-1,1_-1,0.98,inventory.model,False,[],False
1afac88260b059e0,inventory.csv#13,77_-1,77_-1,0.98,inventory.model,False,[],False
fe6d12071e896799,inventory.csv#130,16_-1,16_-1,0.98,inventory.model,False,[],False
d7a37c157cd6bcaf,inventory.csv#1300,2_1,2_1,0.98,inventory.model,False,[],False
2e00271111461a67,inventory.csv#1301,78_135,78_135,0.98,inventory.model,False,[],False
d7e931adc473252a,inventory.csv#1302,80_79,80_79,0.98,inventory.model,False,[],False
a0a6839515deddd7,inventory.csv#1303,133_237,133_237,0.98,inventory.model,False,[],False
58df348b421ce77a,inventory.csv#1304,135_34,135_34,0.98,inventory.model,False,[],False
1c2cba8857606629,inventory.csv#1305,135_34,135_34,0.98,inventory.model,False,[],False
9e609652289306bc,inventory.csv#1306,134_5,134_5,0.98,inventory.model,False,[],False
553e842426318c71,inventory.csv#1307,67_71,67_71,0.98,inventory.model,False,[],False
16aa5e3c4e122c29,inventory.csv#1308,25_-1,25_-1,0.98,inventory.model,False,[],False
b15f08a31bb6d3c7,inventory.csv#1309,2_-1,2_-1,0.98,inventory.model,False,[],False
bd4ec2995b30fb03,inventory.csv#131,0_-1,0_-1,0.98,inventory.model,False,[],False
8d5e703acdf7e296,inventory.csv#1310,3_-1,3_-1,0.98,inventory.model,False,[],False
5124c28ea40df044,inventory.csv#1311,96_-1,96_-1,0.98,inventory.model,False,[],False
fda2406277a1346b,inventory.csv#1312,97_-1,97_-1,0.98,inventory.model,False,[],False
834246f6264a6b6c,inventory.csv#1313,210_109,210_109,0.98,inventory.model,False,[],False
d20d15268001d27b,inventory.csv#1314,71_-1,71_-1,0.98,inventory.model,False,[],False
b440b431608cd85a,inventory.csv#1315,210_31,210_31,0.98,inventory.model,False,[],False
4e94a9be7be5117e,inventory.csv#1316,210_44,210_44,0.98,inventory.model,False,[],False
e0f529beb4383460,inventory.csv#1317,210_3,210_3,0.98,inventory.model,False,[],False
32c3d82f3258a26c,inventory.csv#1318,210_4,210_4,0.98,inventory.model,False,[],False
990967407222678c,inventory.csv#1319,210_9,210_9,0.98,inventory.model,False,[],False
149a0ea323e74543,inventory.csv#132,16_-1,16_-1,0.98,inventory.model,False,[],False
d739bbf09651d9fe,inventory.csv#1320,210_31,210_31,0.98,inventory.model,False,[],False
417f1c2268c0a20b,inventory.csv#1321,210_43,210_43,0.98,inventory.model,False,[],False
5c92804f1e35f4ce,inventory.csv#1322,69_181,69_181,0.98,inventory.model,False,[],False
e93ba9a1c06aa7f1,inventory.csv#1323,69_181,69_181,0.98,inventory.model,False,[],False
0040ba65898d921d,inventory.csv#1324,210_109,210_109,0.98,inventory.model,False,[],False
8b707e63766639ac,inventory.csv#1325,71_-1,71_-1,0.98,inventory.model,False,[],False
fb3ac50f23d8b287,inventory.csv#1326,210_108,210_108,0.98,inventory.model,False,[],False
e025d79930091e0a,inventory.csv#1327,210_109,210_109,0.98,inventory.model,False,[],False
a21a31ded45e107f,inventory.csv#1328,210_172,210_172,0.98,inventory.model,False,[],False
cfd77e5c0dc07395,inventory.csv#1329,210_2,210_2,0.98,inventory.model,False,[],False
1a73718eaab50acd,inventory.csv#133,17_-1,17_-1,0.98,inventory.model,False,[],False
952a0565468e009e,inventory.csv#1330,4_15,4_15,0.98,inventory.model,False,[],False
73626655f870b1f1,inventory.csv#1331,210_108,210_108,0.98,inventory.model,False,[],False
1235ac39c4505fff,inventory.csv#1332,210_109,210_109,0.98,inventory.model,False,[],False
fc03f0690b9776cf,inventory.csv#1333,210_172,210_172,0.98,inventory.model,False,[],False
90e1877474d5f9f5,inventory.csv#1334,210_2,210_2,0.98,inventory.model,False,[],False
0acea754f3bcf5f9,inventory.csv#1335,210_25,210_25,0.98,inventory.model,False,[],False
59ba57956bebf718,inventory.csv#1336,210_30,210_30,0.98,inventory.model,False,[],False
2999cc646737c072,inventory.csv#1337,210_1,210_1,0.98,inventory.model,False,[],False
2335d10c19730736,inventory.csv#1338,210_108,210_108,0.98,inventory.model,False,[],False
c35eaf9030dca452,inventory.csv#1339,210_109,210_109,0.98,inventory.model,False,[],False
98d2b485f7eec5a3,inventory.csv#134,19_-1,19_-1,0.98,inventory.model,False,[],False
165bccbb14a8a850,inventory.csv#1340,210_17,210_17,0.98,inventory.model,False,[],False
715e207a91bf20cf,inventory.csv#1341,210_172,210_172,0.98,inventory.model,False,[],False
e3d76af432e978e7,inventory.csv#1342,210_18,210_18,0.98,inventory.model,False,[],False
c079d184059e07cf,inventory.csv#1343,210_19,210_19,0.98,inventory.model,False,[],False
356a963727aef826,inventory.csv#1344,210_2,210_2,0.98,inventory.model,False,[],False
bfd4bbeaf17ba03d,inventory.csv#1345,210_20,210_20,0.98,inventory.model,False,[],False
a7acfb6caca58589,inventory.csv#1346,210_21,210_21,0.98,inventory.model,False,[],False
3b92590dfa0914db,inventory.csv#1347,210_22,210_22,0.98,inventory.model,False,[],False
6b5b3b2a73e67d29,inventory.csv#1348,210_23,210_23,0.98,inventory.model,False,[],False
67e0546e9543096e,inventory.csv#1349,210_24,210_24,0.98,inventory.model,False,[],False
88f89ed2ab9b5454,inventory.csv#135,23_-1,23_-1,0.98,inventory.model,False,[],False
36743941c65be59e,inventory.csv#1350,210_25,210_25,0.98,inventory.model,False,[],False
568d80383cafa55d,inventory.csv#1351,210_30,210_30,0.98,inventory.model,False,[],False
fcb473851450148e,inventory.csv#1352,210_43,210_43,0.98,inventory.model,False,[],False
afa9eb6b14a8dbfe,inventory.csv#1353,210_109,210_109,0.98,inventory.model,False,[],False
69ae0b03ef704e98,inventory.csv#1354,210_2,210_2,0.98,inventory.model,False,[],False
05a0ea6396758b6a,inventory.csv#1355,0_90,0_90,0.98,inventory.model,False,[],False
b01c80e43447a65c,inventory.csv#1356,0_-1,0_-1,0.98,inventory.model,False,[],False
9f089d3c20c9083c,inventory.csv#1357,49_-1,49_-1,0.98,inventory.model,False,[],False
d26049a2856a7340,inventory.csv#1358,134_107,134_107,0.98,inventory.model,False,[],False
5e2944037edda182,inventory.csv#1359,0_-1,0_-1,0.98,inventory.model,False,[],False
05b39e97301e6e6c,inventory.csv#136,25_-1,25_-1,0.98,inventory.model,False,[],False
be9053a4338490cd,inventory.csv#1360,1_222,1_222,0.98,inventory.model,False,[],False
9edf01e28eaee8f9,inventory.csv#1361,1_222,1_222,0.98,inventory.model,False,[],False
b554d03961578604,inventory.csv#1362,1_222,1_222,0.98,inventory.model,False,[],False
bd4bf5927474de40,inventory.csv#1363,26_35,26_35,0.98,inventory.model,False,[],False
338b4f68897c05c5,inventory.csv#1364,1_254,1_254,0.98,inventory.model,False,[],False
3acd8dc53eee0a43,inventory.csv#1365,162_162,162_162,0.98,inventory.model,False,[],False
225f94c1095f3c94,inventory.csv#1366,1_-1,1_-1,0.98,inventory.model,False,[],False
45b43229d29db19d,inventory.csv#1367,49_-1,49_-1,0.98,inventory.model,False,[],False
10c1298a8cb90133,inventory.csv#1368,49_-1,49_-1,0.98,inventory.model,False,[],False
166985ae25993cfb,inventory.csv#1369,49_-1,49_-1,0.98,inventory.model,False,[],False
c217e3e97f6a24d5,inventory.csv#137,0_-1,0_-1,0.98,inventory.model,False,[],False
46375bde4ee853c1,inventory.csv#1370,49_-1,49_-1,0.98,inventory.model,False,[],False
b35b8b1bd07e0a7f,inventory.csv#1371,25_-1,25_-1,0.98,inventory.model,False,[],False
2d454b54a6071935,inventory.csv#1372,64_47,64_47,0.98,inventory.model,False,[],False
78fb055002bc39ff,inventory.csv#1373,130_11,130_11,0.98,inventory.model,False,[],False
8e9ecaa2ee94ffd6,inventory.csv#1374,132_66,132_66,0.98,inventory.model,False,[],False
d7073f3999f9da42,inventory.csv#1375,28_-1,28_-1,0.98,inventory.model,False,[],False
9f94640d64b838d0,inventory.csv#1376,1_-1,1_-1,0.98,inventory.model,False,[],False
20ac160cb8dd5b20,inventory.csv#1377,0_-1,0_-1,0.98,inventory.model,False,[],False
168c7d12dddc4362,inventory.csv#1378,1_-1,1_-1,0.98,inventory.model,False,[],False
99b68b405ee558ae,inventory.csv#1379,0_-1,0_-1,0.98,inventory.model,False,[],False
2447a57b04c2d3a4,inventory.csv#138,16_-1,16_-1,0.98,inventory.model,False,[],False
6b88b4cbeb975fb6,inventory.csv#1380,0_-1,0_-1,0.98,inventory.model,False,[],False
f47cdc920fc128a6,inventory.csv#1381,-1_-1,-1_-1,0.98,inventory.model,False,[],False
445594ff5c63c1c0,inventory.csv#1382,0_-1,0_-1,0.98,inventory.model,False,[],False
08f20492f812205d,inventory.csv#1383,211_-1,211_-1,0.98,inventory.model,False,[],False
ee337839a06b432c,inventory.csv#1384,67_-1,67_-1,0.98,inventory.model,False,[],False
d1d8871a07400ef3,inventory.csv#1385,131_-1,131_-1,0.98,inventory.model,False,[],False
60b37c3a9c98b6c1,inventory.csv#1386,179_0,179_0,0.98,inventory.model,False,[],False
3dc282a4725aa88d,inventory.csv#1387,34_33,34_33,0.98,inventory.model,False,[],False
f56719202983c0e3,inventory.csv#1388,34_48,34_48,0.98,inventory.model,False,[],False
1db7e7a6b123f5ae,inventory.csv#1389,179_-1,179_-1,0.98,inventory.model,False,[],False
93a7f28d89c2fb21,inventory.csv#139,25_-1,25_-1,0.98,inventory.model,False,[],False
3541a9a015b4fac0,inventory.csv#1390,179_0,179_0,0.98,inventory.model,False,[],False
f2a9d5764238a07c,inventory.csv#1391,34_33,34_33,0.98,inventory.model,False,[],False
94bc124b2a35c749,inventory.csv#1392,34_48,34_48,0.98,inventory.model,False,[],False
26de0645c04b9755,inventory.csv#1393,67_-1,67_-1,0.98,inventory.model,False,[],False
5f5d7e9649fcd08f,inventory.csv#1394,179_-1,179_-1,0.98,inventory.model,False,[],False
69803e4e5d6d7803,inventory.csv#1395,239_-1,239_-1,0.98,inventory.model,False,[],False
f18dc35bf3f4e135,inventory.csv#1396,26_-1,26_-1,0.98,inventory.model,False,[],False
a49d355dbe6391f2,inventory.csv#1397,111_-1,111_-1,0.98,inventory.model,False,[],False
e535de9485f578a1,inventory.csv#1398,115_-1,115_-1,0.98,inventory.model,False,[],False
e0d67fd3ba5f3edc,inventory.csv#1399,15_-1,15_-1,0.98,inventory.model,False,[],False
4483ced420e75f5f,inventory.csv#14,2_-1,2_-1,0.98,inventory.model,False,[],False
a3ddb4f1c232b491,inventory.csv#140,17_-1,17_-1,0.98,inventory.model,False,[],False
d5079cfc0498273d,inventory.csv#1400,3_-1,3_-1,0.98,inventory.model,False,[],False
07c759e9d93bb959,inventory.csv#1401,67_-1,67_-1,0.98,inventory.model,False,[],False
efafe11911df2757,inventory.csv#1402,179_-1,179_-1,0.98,inventory.model,False,[],False
606ca8b3bbf54263,inventory.csv#1403,191_-1,191_-1,0.98,inventory.model,False,[],False
bff25dc752ed2300,inventory.csv#1404,3_-1,3_-1,0.98,inventory.model,False,[],False
bd0502122380b155,inventory.csv#1405,15_-1,15_-1,0.98,inventory.model,False,[],False
187fbf1dcc573e8a,inventory.csv#1406,35_-1,35_-1,0.98,inventory.model,False,[],False
0443f6c2967ee1d7,inventory.csv#1407,3_-1,3_-1,0.98,inventory.model,False,[],False
936cb0d9ec6d2862,inventory.csv#1408,67_-1,67_-1,0.98,inventory.model,False,[],False
90c05fbe89c80a1b,inventory.csv#1409,3_-1,3_-1,0.98,inventory.model,False,[],False
9d431f3a249a34a5,inventory.csv#141,16_-1,16_-1,0.98,inventory.model,False,[],False
aceacc2f889881f8,inventory.csv#1410,131_-1,131_-1,0.98,inventory.model,False,[],False
3a76edde8a59b71c,inventory.csv#1411,159_-1,159_-1,0.98,inventory.model,False,[],False
7be39718890b316a,inventory.csv#1412,163_-1,163_-1,0.98,inventory.model,False,[],False
91b16e363697892e,inventory.csv#1413,175_-1,175_-1,0.98,inventory.model,False,[],False
540c4c7db86cae0d,inventory.csv#1414,179_-1,179_-1,0.98,inventory.model,False,[],False
485f26865605be4e,inventory.csv#1415,31_-1,31_-1,0.98,inventory.model,False,[],False
b77017e19ba4da0e,inventory.csv#1416,3_-1,3_-1,0.98,inventory.model,False,[],False
9a271287dbc0b307,inventory.csv#1417,67_-1,67_-1,0.98,inventory.model,False,[],False
c198122bd0580798,inventory.csv#1418,31_-1,31_-1,0.98,inventory.model,False,[],False
e3c7604ff131c9c2,inventory.csv#1419,115_-1,115_-1,0.98,inventory.model,False,[],False
fc3e556c4476e1d1,inventory.csv#142,16_-1,16_-1,0.98,inventory.model,False,[],False
0f2fb9c0af9ef174,inventory.csv#1420,121_-1,121_-1,0.98,inventory.model,False,[],False
c1db34e05e640c23,inventory.csv#1421,131_-1,131_-1,0.98,inventory.model,False,[],False
b5b82a008cbd6973,inventory.csv#1422,147_-1,147_-1,0.98,inventory.model,False,[],False
30e052d44a54b442,inventory.csv#1423,159_-1,159_-1,0.98,inventory.model,False,[],False
22e11dee578a710a,inventory.csv#1424,163_-1,163_-1,0.98,inventory.model,False,[],False
0d095d487f2412bd,inventory.csv#1425,175_-1,175_-1,0.98,inventory.model,False,[],False
96d2440072c39d09,inventory.csv#1426,179_-1,179_-1,0.98,inventory.model,False,[],False
5d8ce1cf77beb1bf,inventory.csv#1427,191_-1,191_-1,0.98,inventory.model,False,[],False
01d64dc96e4ec88d,inventory.csv#1428,1_-1,1_-1,0.98,inventory.model,False,[],False
fcd00aeb975f76eb,inventory.csv#1429,239_-1,239_-1,0.98,inventory.model,False,[],False
30e82dddbfc6c607,inventory.csv#143,132_132,132_132,0.98,inventory.model,False,[],False
83e65926b9c2d2d1,inventory.csv#1430,34_84,34_84,0.98,inventory.model,False,[],False
24eb0a65520d59fc,inventory.csv#1431,3_-1,3_-1,0.98,inventory.model,False,[],False
004cb7bbfa46e7df,inventory.csv#1432,67_-1,67_-1,0.98,inventory.model,False,[],False
d02f0723497687c2,inventory.csv#1433,83_-1,83_-1,0.98,inventory.model,False,[],False
bdd494a88047284b,inventory.csv#1434,67_-1,67_-1,0.98,inventory.model,False,[],False
abf3b079c6e31674,inventory.csv#1435,0_0,0_0,0.98,inventory.model,False,[],False
c81df57341bda3df,inventory.csv#1436,16_0,16_0,0.98,inventory.model,False,[],False
30eb0ea50f24ab8f,inventory.csv#1437,24_0,24_0,0.98,inventory.model,False,[],False
c27664fb1e17fb12,inventory.csv#1438,8_0,8_0,0.98,inventory.model,False,[],False
d4325f320e1712ca,inventory.csv#1439,243_-1,243_-1,0.98,inventory.model,False,[],False
354b82e6f248e603,inventory.csv#144,130_130,130_130,0.98,inventory.model,False,[],False
8952d2706599bb39,inventory.csv#1440,131_-1,131_-1,0.98,inventory.model,False,[],False
e5c4cbcbcbbf7b63,inventory.csv#1441,147_-1,147_-1,0.98,inventory.model,False,[],False
c6a86537124601b0,inventory.csv#1442,163_-1,163_-1,0.98,inventory.model,False,[],False
7ce115201ff4d29a,inventory.csv#1443,179_-1,179_-1,0.98,inventory.model,False,[],False
04322587580cae28,inventory.csv#1444,3_-1,3_-1,0.98,inventory.model,False,[],False
0565a986e38c616b,inventory.csv#1445,67_-1,67_-1,0.98,inventory.model,False,[],False
0b80451c90a0fcd6,inventory.csv#1446,15_-1,15_-1,0.98,inventory.model,False,[],False
d5e22639e5153c56,inventory.csv#1447,31_-1,31_-1,0.98,inventory.model,False,[],False
7c134b1f29e38b7c,inventory.csv#1448,3_-1,3_-1,0.98,inventory.model,False,[],False
aa3206bbd03f0431,inventory.csv#1449,67_-1,67_-1,0.98,inventory.model,False,[],False
bffa3204c5d39877,inventory.csv#145,0_-1,0_-1,0.98,inventory.model,False,[],False
aae8a8b1a3c4b548,inventory.csv#1450,179_-1,179_-1,0.98,inventory.model,False,[],False
0e5f3e85a34747f7,inventory.csv#1451,67_-1,67_-1,0.98,inventory.model,False,[],False
954afa1963d84c8d,inventory.csv#1452,3_-1,3_-1,0.98,inventory.model,False,[],False
6343671ae7a245b8,inventory.csv#1453,159_-1,159_-1,0.98,inventory.model,False,[],False
e0895a81f407c637,inventory.csv#1454,3_0,3_0,0.98,inventory.model,False,[],False
8123b4da53e10d93,inventory.csv#1455,67_-1,67_-1,0.98,inventory.model,False,[],False
e18639d68b460625,inventory.csv#1456,83_-1,83_-1,0.98,inventory.model,False,[],False
6b97cdabac8efb12,inventory.csv#1457,159_-1,159_-1,0.98,inventory.model,False,[],False
b5fce930b2af7dc8,inventory.csv#1458,3_-1,3_-1,0.98,inventory.model,False,[],False
ed68dab90a4f5461,inventory.csv#1459,3_-1,3_-1,0.98,inventory.model,False,[],False
6bf26c0f2005ecc1,inventory.csv#146,5_-1,5_-1,0.98,inventory.model,False,[],False
466ddef81025492e,inventory.csv#1460,3_-1,3_-1,0.98,inventory.model,False,[],False
9afa37cee23c747b,inventory.csv#1461,3_-1,3_-1,0.98,inventory.model,False,[],False
ce7617a32fa02e25,inventory.csv#1462,3_-1,3_-1,0.98,inventory.model,False,[],False
b0c29760922d80d6,inventory.csv#1463,3_-1,3_-1,0.98,inventory.model,False,[],False
93a7586d274522ff,inventory.csv#1464,3_-1,3_-1,0.98,inventory.model,False,[],False
f5f634ac921fec35,inventory.csv#1465,3_-1,3_-1,0.98,inventory.model,False,[],False
3f5a2a4fabb37e17,inventory.csv#1466,143_-1,143_-1,0.98,inventory.model,False,[],False
5e33f0ba46480ae3,inventory.csv#1467,143_-1,143_-1,0.98,inventory.model,False,[],False
3c362d81ad8a4665,inventory.csv#1468,159_-1,159_-1,0.98,inventory.model,False,[],False
d98d3a5ed8075f47,inventory.csv#1469,159_-1,159_-1,0.98,inventory.model,False,[],False
bb5a96e184b5f484,inventory.csv#147,103_-1,103_-1,0.98,inventory.model,False,[],False
ffabf16b50788631,inventory.csv#1470,159_-1,159_-1,0.98,inventory.model,False,[],False
eeea1242eb129fff,inventory.csv#1471,159_-1,159_-1,0.98,inventory.model,False,[],False
6d7838cbadf0452c,inventory.csv#1472,159_-1,159_-1,0.98,inventory.model,False,[],False
40b54c3fa3e67a73,inventory.csv#1473,0_4,0_4,0.98,inventory.model,False,[],False
afefc37bee0144dd,inventory.csv#1474,179_-1,179_-1,0.98,inventory.model,False,[],False
b71d275a72e96e93,inventory.csv#1475,239_-1,239_-1,0.98,inventory.model,False,[],False
64443304c21ba3c7,inventory.csv#1476,67_-1,67_-1,0.98,inventory.model,False,[],False
7e6a846c3b387939,inventory.csv#1477,211_-1,211_-1,0.98,inventory.model,False,[],False
a601191e1565546c,inventory.csv#1478,223_-1,223_-1,0.98,inventory.model,False,[],False
7dae03cefa715176,inventory.csv#1479,243_-1,243_-1,0.98,inventory.model,False,[],False
e883f15fd651d2c2,inventory.csv#148,39_-1,39_-1,0.98,inventory.model,False,[],False
daa1b35a2683b041,inventory.csv#1480,239_-1,239_-1,0.98,inventory.model,False,[],False
e6471ee2fee32ed8,inventory.csv#1481,0_14,0_14,0.98,inventory.model,False,[],False
6e0fd84c728a5a16,inventory.csv#1482,131_-1,131_-1,0.98,inventory.model,False,[],False
179573f7c5172d39,inventory.csv#1483,163_-1,163_-1,0.98,inventory.model,False,[],False
3925a318f99cd060,inventory.csv#1484,179_-1,179_-1,0.98,inventory.model,False,[],False
710a44ab36b5c559,inventory.csv#1485,1_-1,1_-1,0.98,inventory.model,False,[],False
c26ef13e5459b1b5,inventory.csv#1486,1_14,1_14,0.98,inventory.model,False,[],False
7d0b9d50fe822158,inventory.csv#1487,3_-1,3_-1,0.98,inventory.model,False,[],False
faeb4c1d21139b57,inventory.csv#1488,5_1,5_1,0.98,inventory.model,False,[],False
e4da622a92e591ff,inventory.csv#1489,64_-1,64_-1,0.98,inventory.model,False,[],False
7a6a34bd769150b4,inventory.csv#149,71_-1,71_-1,0.98,inventory.model,False,[],False
3c87974ae66a4223,inventory.csv#1490,67_-1,67_-1,0.98,inventory.model,False,[],False
ba9972c88e2e63f7,inventory.csv#1491,80_-1,80_-1,0.98,inventory.model,False,[],False
406dae5e5de4fcb5,inventory.csv#1492,83_-1,83_-1,0.98,inventory.model,False,[],False
bd71a361d4855695,inventory.csv#1493,8_14,8_14,0.98,inventory.model,False,[],False
6390484ace6e38e4,inventory.csv#1494,115_-1,115_-1,0.98,inventory.model,False,[],False
07ff4cac1d0d9c1b,inventory.csv#1495,131_85,131_85,0.98,inventory.model,False,[],False
2fb79d222f7d378f,inventory.csv#1496,243_-1,243_-1,0.98,inventory.model,False,[],False
a13e149c42d3825d,inventory.csv#1497,69_-1,69_-1,0.98,inventory.model,False,[],False
e600649abc0e756a,inventory.csv#1498,69_-1,69_-1,0.98,inventory.model,False,[],False
6bf64617cc5db441,inventory.csv#1499,32_8,32_8,0.98,inventory.model,False,[],False
46b6b514c74fb62f,inventory.csv#15,134_107,134_107,0.98,inventory.model,False,[],False
4c685d631db78e05,inventory.csv#150,134_107,134_107,0.98,inventory.model,False,[],False
189e037928d616f4,inventory.csv#1500,32_8,32_8,0.98,inventory.model,False,[],False
489d703a4ab00f78,inventory.csv#1501,32_8,32_8,0.98,inventory.model,False,[],False
9f14a95040ef2ddb,inventory.csv#1502,34_144,34_144,0.98,inventory.model,False,[],False
e6a2eb0fcf28face,inventory.csv#1503,0_-1,0_-1,0.98,inventory.model,False,[],False
036eae698323ff3c,inventory.csv#1504,34_144,34_144,0.98,inventory.model,False,[],False
524a08dab0cdc929,inventory.csv#1505,0_-1,0_-1,0.98,inventory.model,False,[],False
ad5830fe0eab9583,inventory.csv#1506,11_11,11_11,0.98,inventory.model,False,[],False
cd50756c84f9c8d2,inventory.csv#1507,134_124,134_124,0.98,inventory.model,False,[],False
a904a8eefdf1e17b,inventory.csv#1508,8_245,8_245,0.98,inventory.model,False,[],False
5e32f7c1fdd4c8d5,inventory.csv#1509,51_170,51_170,0.98,inventory.model,False,[],False
c896eedfb5559adb,inventory.csv#151,8_-1,8_-1,0.98,inventory.model,False,[],False
ce38730ad3e244a8,inventory.csv#1510,51_170,51_170,0.98,inventory.model,False,[],False
c851364d6f63d23e,inventory.csv#1511,184_0,184_0,0.98,inventory.model,False,[],False
1854cc84d0ace593,inventory.csv#1512,184_1,184_1,0.98,inventory.model,False,[],False
33f21bc4379ec294,inventory.csv#1513,184_2,184_2,0.98,inventory.model,False,[],False
30a4695062015e3f,inventory.csv#1514,184_4,184_4,0.98,inventory.model,False,[],False
10f7574093091217,inventory.csv#1515,184_7,184_7,0.98,inventory.model,False,[],False
3711031ea90e5a7d,inventory.csv#1516,184_-1,184_-1,0.98,inventory.model,False,[],False
03f4235994424c30,inventory.csv#1517,182_-1,182_-1,0.98,inventory.model,False,[],False
089e65ebee7cb9a7,inventory.csv#1518,182_72,182_72,0.98,inventory.model,False,[],False
445f30fa8acf0ddb,inventory.csv#1519,184_-1,184_-1,0.98,inventory.model,False,[],False
2a510fec6c9c9f5f,inventory.csv#152,8_-1,8_-1,0.98,inventory.model,False,[],False
6d0f50a2263d1bd6,inventory.csv#1520,182_-1,182_-1,0.98,inventory.model,False,[],False
f153aeba0ab9eb1f,inventory.csv#1521,182_0,182_0,0.98,inventory.model,False,[],False
05718bd70b26922b,inventory.csv#1522,184_-1,184_-1,0.98,inventory.model,False,[],False
fd605b28ca4993f8,inventory.csv#1523,182_0,182_0,0.98,inventory.model,False,[],False
1316c980f805f1bc,inventory.csv#1524,182_12,182_12,0.98,inventory.model,False,[],False
21056b59c2a006cf,inventory.csv#1525,182_0,182_0,0.98,inventory.model,False,[],False
8e356a538317587b,inventory.csv#1526,182_12,182_12,0.98,inventory.model,False,[],False
a4e4fc4a3dc2631e,inventory.csv#1527,182_88,182_88,0.98,inventory.model,False,[],False
4b66b71813cbea0f,inventory.csv#1528,184_0,184_0,0.98,inventory.model,False,[],False
ab1e00c83076148c,inventory.csv#1529,182_75,182_75,0.98,inventory.model,False,[],False
b5e7365af22bc40f,inventory.csv#153,0_253,0_253,0.98,inventory.model,False,[],False
390809d3adad8a5e,inventory.csv#1530,182_75,182_75,0.98,inventory.model,False,[],False
e3cf5c0d4211d8ce,inventory.csv#1531,184_-1,184_-1,0.98,inventory.model,False,[],False
681c67020f607866,inventory.csv#1532,184_1,184_1,0.98,inventory.model,False,[],False
c1024ffc7e72e345,inventory.csv#1533,12_-1,12_-1,0.98,inventory.model,False,[],False
94cc40cb73216fde,inventory.csv#1534,182_75,182_75,0.98,inventory.model,False,[],False
fde5d0d34437a389,inventory.csv#1535,184_-1,184_-1,0.98,inventory.model,False,[],False
ddfdc2a778db438c,inventory.csv#1536,184_0,184_0,0.98,inventory.model,False,[],False
1893e227e3a6eef7,inventory.csv#1537,184_1,184_1,0.98,inventory.model,False,[],False
b10c1490afd2ab01,inventory.csv#1538,184_2,184_2,0.98,inventory.model,False,[],False
2c96a1406b42ae92,inventory.csv#1539,184_3,184_3,0.98,inventory.model,False,[],False
d6ea2ca95a9cd07c,inventory.csv#154,0_239,0_239,0.98,inventory.model,False,[],False
18e0fedba3851e89,inventory.csv#1540,184_4,184_4,0.98,inventory.model,False,[],False
ab863092cb3f96df,inventory.csv#1541,184_5,184_5,0.98,inventory.model,False,[],False
8b4aeb5c54026b06,inventory.csv#1542,184_6,184_6,0.98,inventory.model,False,[],False
f02d58e2a97b2428,inventory.csv#1543,184_7,184_7,0.98,inventory.model,False,[],False
bc08206bcbb01f31,inventory.csv#1544,1_-1,1_-1,0.98,inventory.model,False,[],False
0610180cd5d7c8ca,inventory.csv#1545,25_-1,25_-1,0.98,inventory.model,False,[],False
fa086617d4ce2af8,inventory.csv#1546,40_-1,40_-1,0.98,inventory.model,False,[],False
926b20aa10702945,inventory.csv#1547,4_-1,4_-1,0.98,inventory.model,False,[],False
01ad6c4fd5ef8049,inventory.csv#1548,2_255,2_255,0.98,inventory.model,False,[],False
01d7508e2fa3cb8d,inventory.csv#1549,2_255,2_255,0.98,inventory.model,False,[],False
3baddbd04d698d78,inventory.csv#155,4_15,4_15,0.98,inventory.model,False,[],False
72f17b62cd49315e,inventory.csv#1550,182_75,182_75,0.98,inventory.model,False,[],False
f00303793b443afa,inventory.csv#1551,184_-1,184_-1,0.98,inventory.model,False,[],False
70038add19cada80,inventory.csv#1552,184_1,184_1,0.98,inventory.model,False,[],False
57a8a4a1efe1b7e2,inventory.csv#1553,184_-1,184_-1,0.98,inventory.model,False,[],False
d0112227bc4e0444,inventory.csv#1554,184_-1,184_-1,0.98,inventory.model,False,[],False
58f41987d56a1379,inventory.csv#1555,182_12,182_12,0.98,inventory.model,False,[],False
c0d6fa63cc585df1,inventory.csv#1556,182_4,182_4,0.98,inventory.model,False,[],False
c978cf90b66a2449,inventory.csv#1557,182_4,182_4,0.98,inventory.model,False,[],False
fa946de5f5f5b95d,inventory.csv#1558,182_-1,182_-1,0.98,inventory.model,False,[],False
69bc83dc7f2078e5,inventory.csv#1559,182_-1,182_-1,0.98,inventory.model,False,[],False
60e56206591ccf12,inventory.csv#156,134_107,134_107,0.98,inventory.model,False,[],False
902b1cecddb9e05b,inventory.csv#1560,182_-1,182_-1,0.98,inventory.model,False,[],False
b43aa8283a48cef7,inventory.csv#1561,182_-1,182_-1,0.98,inventory.model,False,[],False
16fba14abaf68fa0,inventory.csv#1562,182_-1,182_-1,0.98,inventory.model,False,[],False
3505e24f4cb22e22,inventory.csv#1563,182_-1,182_-1,0.98,inventory.model,False,[],False
deb7f52d2bfdae7a,inventory.csv#1564,182_-1,182_-1,0.98,inventory.model,False,[],False
87bff822cb66acb2,inventory.csv#1565,182_-1,182_-1,0.98,inventory.model,False,[],False
f82b44df2df5b18a,inventory.csv#1566,182_-1,182_-1,0.98,inventory.model,False,[],False
79214917280045ae,inventory.csv#1567,44_44,44_44,0.98,inventory.model,False,[],False
56f1090386a3ca6a,inventory.csv#1568,184_-1,184_-1,0.98,inventory.model,False,[],False
fe48a78560c78123,inventory.csv#1569,184_-1,184_-1,0.98,inventory.model,False,[],False
771b73347bbb0443,inventory.csv#157,0_-1,0_-1,0.98,inventory.model,False,[],False
46c60675c001a956,inventory.csv#1570,184_1,184_1,0.98,inventory.model,False,[],False
73ef691ad91ca6b8,inventory.csv#1571,130_19,130_19,0.98,inventory.model,False,[],False
0607159123a0acb1,inventory.csv#1572,130_19,130_19,0.98,inventory.model,False,[],False
940552bbf1bac86b,inventory.csv#1573,132_-1,132_-1,0.98,inventory.model,False,[],False
c658c2af6fa5bf1d,inventory.csv#1574,27_-1,27_-1,0.98,inventory.model,False,[],False
99535ad5b23162d4,inventory.csv#1575,130_19,130_19,0.98,inventory.model,False,[],False
be441feebb84d0b5,inventory.csv#1576,130_19,130_19,0.98,inventory.model,False,[],False
a1c62bcb0022cab3,inventory.csv#1577,132_-1,132_-1,0.98,inventory.model,False,[],False
6f8067c27e7e7054,inventory.csv#1578,27_-1,27_-1,0.98,inventory.model,False,[],False
0446a86ad2875070,inventory.csv#1579,65_-1,65_-1,0.98,inventory.model,False,[],False
21dbc431c6c3b99c,inventory.csv#158,5_-1,5_-1,0.98,inventory.model,False,[],False
4a00d301519412ef,inventory.csv#1580,28_-1,28_-1,0.98,inventory.model,False,[],False
ded0fa75f54e0d3e,inventory.csv#1581,0_-1,0_-1,0.98,inventory.model,False,[],False
6396c9ec9195379d,inventory.csv#1582,7_-1,7_-1,0.98,inventory.model,False,[],False
84e6a00303ff9939,inventory.csv#1583,1_254,1_254,0.98,inventory.model,False,[],False
d1ead33fabe02207,inventory.csv#1584,25_-1,25_-1,0.98,inventory.model,False,[],False
57e5a2ac961c80d7,inventory.csv#1585,17_81,17_81,0.98,inventory.model,False,[],False
ac282666c9dbaca5,inventory.csv#1586,24_233,24_233,0.98,inventory.model,False,[],False
44def7e656ce7c54,inventory.csv#1587,128_99,128_99,0.98,inventory.model,False,[],False
39159bffd2c8a298,inventory.csv#1588,25_1,25_1,0.98,inventory.model,False,[],False
d5c0122224dd37ac,inventory.csv#1589,25_1,25_1,0.98,inventory.model,False,[],False
c2f31dd686ccdc65,inventory.csv#159,131_95,131_95,0.98,inventory.model,False,[],False
67b31d354b4bf893,inventory.csv#1590,8_-1,8_-1,0.98,inventory.model,False,[],False
f34dc5b7408519bc,inventory.csv#1591,16_-1,16_-1,0.98,inventory.model,False,[],False
a30d6255905c1d3e,inventory.csv#1592,20_-1,20_-1,0.98,inventory.model,False,[],False
13bd9258107c777b,inventory.csv#1593,27_-1,27_-1,0.98,inventory.model,False,[],False
0d88916afa082185,inventory.csv#1594,16_-1,16_-1,0.98,inventory.model,False,[],False
103cc98ec4fdcb19,inventory.csv#1595,25_-1,25_-1,0.98,inventory.model,False,[],False
7ddf3d8b6dd76561,inventory.csv#1596,28_-1,28_-1,0.98,inventory.model,False,[],False
52c174a25c638f2a,inventory.csv#1597,28_-1,28_-1,0.98,inventory.model,False,[],False
29bf4fe661d50a9a,inventory.csv#1598,31_-1,31_-1,0.98,inventory.model,False,[],False
883327c96906a6b8,inventory.csv#1599,16_-1,16_-1,0.98,inventory.model,False,[],False
5b17d2c83e5c2a44,inventory.csv#16,27_-1,27_-1,0.98,inventory.model,False,[],False
3faf0cd975c6f0bb,inventory.csv#160,64_64,64_64,0.98,inventory.model,False,[],False
77a3d71653bc8d6d,inventory.csv#1600,25_-1,25_-1,0.98,inventory.model,False,[],False
b1d491baaea97fd2,inventory.csv#1601,28_-1,28_-1,0.98,inventory.model,False,[],False
6df755c97740578f,inventory.csv#1602,31_-1,31_-1,0.98,inventory.model,False,[],False
14a4de7f8a13ff48,inventory.csv#1603,0_251,0_251,0.98,inventory.model,False,[],False
0b8477a776cc9d0f,inventory.csv#1604,134_107,134_107,0.98,inventory.model,False,[],False
9014e7118f199d46,inventory.csv#1605,0_251,0_251,0.98,inventory.model,False,[],False
9af10fd2ec6c8282,inventory.csv#1606,0_251,0_251,0.98,inventory.model,False,[],False
b722997e27afebab,inventory.csv#1607,134_107,134_107,0.98,inventory.model,False,[],False
3ca97f51b20f1f73,inventory.csv#1608,119_-1,119_-1,0.98,inventory.model,False,[],False
81824c0ad74d3d85,inventory.csv#1609,5_-1,5_-1,0.98,inventory.model,False,[],False
1381c2550fc8f09e,inventory.csv#161,7_-1,7_-1,0.98,inventory.model,False,[],False
5bc813a601ad3f55,inventory.csv#1610,164_164,164_164,0.98,inventory.model,False,[],False
5038513db433017d,inventory.csv#1611,64_64,64_64,0.98,inventory.model,False,[],False
7c3471e80fdd1ffd,inventory.csv#1612,0_127,0_127,0.98,inventory.model,False,[],False
ba65d62492917e01,inventory.csv#1613,16_-1,16_-1,0.98,inventory.model,False,[],False
5e8b3fc8d4d96c57,inventory.csv#1614,0_-1,0_-1,0.98,inventory.model,False,[],False
b1d751d4627ea191,inventory.csv#1615,3_-1,3_-1,0.98,inventory.model,False,[],False
a8219c4aa46e9536,inventory.csv#1616,3_-1,3_-1,0.98,inventory.model,False,[],False
0466ffff27835c9f,inventory.csv#1617,3_-1,3_-1,0.98,inventory.model,False,[],False
45e559416065aa29,inventory.csv#1618,3_-1,3_-1,0.98,inventory.model,False,[],False
7025fb3203c7ff12,inventory.csv#1619,7_-1,7_-1,0.98,inventory.model,False,[],False
0ca02c6c12ab0248,inventory.csv#162,8_0,8_0,0.98,inventory.model,False,[],False
cb5aa834225c4d7f,inventory.csv#1620,4_69,4_69,0.98,inventory.model,False,[],False
97c0206153d90e51,inventory.csv#1621,4_-1,4_-1,0.98,inventory.model,False,[],False
45fa8f7c14da89eb,inventory.csv#1622,130_11,130_11,0.98,inventory.model,False,[],False
fac061b17f0f54cf,inventory.csv#1623,130_11,130_11,0.98,inventory.model,False,[],False
175fb711b87c4a8b,inventory.csv#1624,133_2,133_2,0.98,inventory.model,False,[],False
086fe289b89055ea,inventory.csv#1625,28_-1,28_-1,0.98,inventory.model,False,[],False
40d141d8c701f4a1,inventory.csv#1626,45_45,45_45,0.98,inventory.model,False,[],False
e3322cb644e8b3ee,inventory.csv#1627,16_16,16_16,0.98,inventory.model,False,[],False
6963dd40be33329e,inventory.csv#1628,44_44,44_44,0.98,inventory.model,False,[],False
6334675b98705bd2,inventory.csv#1629,45_45,45_45,0.98,inventory.model,False,[],False
0c6e0c3e118887a4,inventory.csv#163,0_-1,0_-1,0.98,inventory.model,False,[],False
e1ec22d2d1b36f4d,inventory.csv#1630,45_45,45_45,0.98,inventory.model,False,[],False
72ef204bdf618db6,inventory.csv#1631,247_-1,247_-1,0.98,inventory.model,False,[],False
6d3fb9787d62a258,inventory.csv#1632,1_1,1_1,0.98,inventory.model,False,[],False
a8028d99edbc0a87,inventory.csv#1633,4_-1,4_-1,0.98,inventory.model,False,[],False
f4bf821d108bbd54,inventory.csv#1634,247_-1,247_-1,0.98,inventory.model,False,[],False
421a23fbebe2c7bf,inventory.csv#1635,44_44,44_44,0.98,inventory.model,False,[],False
48008f72c43ad696,inventory.csv#1636,1_1,1_1,0.98,inventory.model,False,[],False
db4aabae5f887240,inventory.csv#1637,4_-1,4_-1,0.98,inventory.model,False,[],False
b80f2b55a566995c,inventory.csv#1638,4_-1,4_-1,0.98,inventory.model,False,[],False
57af760c1b3e4891,inventory.csv#1639,44_44,44_44,0.98,inventory.model,False,[],False
0079e1166a493a1f,inventory.csv#164,134_107,134_107,0.98,inventory.model,False,[],False
ed0543a110dfb1f7,inventory.csv#1640,4_-1,4_-1,0.98,inventory.model,False,[],False
6917906352c8aabf,inventory.csv#1641,0_-1,0_-1,0.98,inventory.model,False,[],False
7a2b48564ad36bf7,inventory.csv#1642,0_-1,0_-1,0.98,inventory.model,False,[],False
ffc88dec7c2e62e3,inventory.csv#1643,0_-1,0_-1,0.98,inventory.model,False,[],False
ece14becded312f9,inventory.csv#1644,4_-1,4_-1,0.98,inventory.model,False,[],False
6be66148fc959133,inventory.csv#1645,4_-1,4_-1,0.98,inventory.model,False,[],False
91c69639c0594956,inventory.csv#1646,4_-1,4_-1,0.98,inventory.model,False,[],False
f5127205a6de778f,inventory.csv#1647,4_-1,4_-1,0.98,inventory.model,False,[],False
6e373c0b0d6db3ad,inventory.csv#1648,4_-1,4_-1,0.98,inventory.model,False,[],False
428745f264fbef9f,inventory.csv#1649,4_-1,4_-1,0.98,inventory.model,False,[],False
dacdeb5374a91eda,inventory.csv#165,134_107,134_107,0.98,inventory.model,False,[],False
2575214fa089e371,inventory.csv#1650,110_-1,110_-1,0.98,inventory.model,False,[],False
379ea30d10cd45b4,inventory.csv#1651,45_45,45_45,0.98,inventory.model,False,[],False
f4404567415895cf,inventory.csv#1652,110_-1,110_-1,0.98,inventory.model,False,[],False
dc4cb5fb372465f5,inventory.csv#1653,4_-1,4_-1,0.98,inventory.model,False,[],False
9d1821d5d4a72ea8,inventory.csv#1654,110_-1,110_-1,0.98,inventory.model,False,[],False
aa2d6e5d3ea4d167,inventory.csv#1655,110_-1,110_-1,0.98,inventory.model,False,[],False
022a2c6e6e5559a0,inventory.csv#1656,4_-1,4_-1,0.98,inventory.model,False,[],False
eecc91eb318629de,inventory.csv#1657,110_-1,110_-1,0.98,inventory.model,False,[],False
91d581b65ed6ad60,inventory.csv#1658,4_-1,4_-1,0.98,inventory.model,False,[],False
c2bd68e88a5a11e1,inventory.csv#1659,4_-1,4_-1,0.98,inventory.model,False,[],False
d930a9dcf0e876d0,inventory.csv#166,133_83,133_83,0.98,inventory.model,False,[],False
347d9b3f4abd4b6f,inventory.csv#1660,110_-1,110_-1,0.98,inventory.model,False,[],False
c4ffbc1cef5edcde,inventory.csv#1661,96_1,96_1,0.98,inventory.model,False,[],False
39153850c1d39782,inventory.csv#1662,96_1,96_1,0.98,inventory.model,False,[],False
11b04c4d25a66073,inventory.csv#1663,128_38,128_38,0.98,inventory.model,False,[],False
e320b07adf5b971e,inventory.csv#1664,128_123,128_123,0.98,inventory.model,False,[],False
1c2c452509281a23,inventory.csv#1665,5_-1,5_-1,0.98,inventory.model,False,[],False
78a96a44e97413ab,inventory.csv#1666,164_164,164_164,0.98,inventory.model,False,[],False
24fc93912680b72d,inventory.csv#1667,0_-1,0_-1,0.98,inventory.model,False,[],False
4fcf1aae020e0b09,inventory.csv#1668,134_107,134_107,0.98,inventory.model,False,[],False
b6f977620eb2c1f2,inventory.csv#1669,134_107,134_107,0.98,inventory.model,False,[],False
186d58860fbe7489,inventory.csv#167,133_83,133_83,0.98,inventory.model,False,[],False
cfd3989bc67fcea5,inventory.csv#1670,20_-1,20_-1,0.98,inventory.model,False,[],False
63585a6ca06a01f2,inventory.csv#1671,16_-1,16_-1,0.98,inventory.model,False,[],False
564536d9d0058175,inventory.csv#1672,17_-1,17_-1,0.98,inventory.model,False,[],False
b1a700a7b9561d33,inventory.csv#1673,20_-1,20_-1,0.98,inventory.model,False,[],False
289428bc3c97abca,inventory.csv#1674,16_-1,16_-1,0.98,inventory.model,False,[],False
722208e4c3585478,inventory.csv#1675,23_-1,23_-1,0.98,inventory.model,False,[],False
ed9d2c9cede53afe,inventory.csv#1676,4_-1,4_-1,0.98,inventory.model,False,[],False
c55d6026b1325d0e,inventory.csv#1677,10_247,10_247,0.98,inventory.model,False,[],False
0bd3e1bdb2548877,inventory.csv#1678,129_-1,129_-1,0.98,inventory.model,False,[],False
9c093374d901a9f5,inventory.csv#1679,130_-1,130_-1,0.98,inventory.model,False,[],False
c0a3c10753b30933,inventory.csv#168,4_-1,4_-1,0.98,inventory.model,False,[],False
3a6891cc70f195bc,inventory.csv#1680,131_-1,131_-1,0.98,inventory.model,False,[],False
b0d6b1d209254e88,inventory.csv#1681,132_-1,132_-1,0.98,inventory.model,False,[],False
ca668e91ed1e67d3,inventory.csv#1682,133_-1,133_-1,0.98,inventory.model,False,[],False
0a59ad9dd56ccff4,inventory.csv#1683,134_-1,134_-1,0.98,inventory.model,False,[],False
07e14debd13f1a50,inventory.csv#1684,135_-1,135_-1,0.98,inventory.model,False,[],False
2801399bdc0d8580,inventory.csv#1685,136_-1,136_-1,0.98,inventory.model,False,[],False
721491ecf0a79a0a,inventory.csv#1686,137_-1,137_-1,0.98,inventory.model,False,[],False
e0987e930ab8365d,inventory.csv#1687,144_-1,144_-1,0.98,inventory.model,False,[],False
6fd4e9deedf826ad,inventory.csv#1688,145_-1,145_-1,0.98,inventory.model,False,[],False
76d2f69da2d4053c,inventory.csv#1689,146_-1,146_-1,0.98,inventory.model,False,[],False
e9d09971e4433b79,inventory.csv#169,134_107,134_107,0.98,inventory.model,False,[],False
096c9f3a3e6c5009,inventory.csv#1690,147_-1,147_-1,0.98,inventory.model,False,[],False
c0431c995a091ddf,inventory.csv#1691,148_-1,148_-1,0.98,inventory.model,False,[],False
ea4cbff78c6afbde,inventory.csv#1692,149_-1,149_-1,0.98,inventory.model,False,[],False
7e2ac29b926f7204,inventory.csv#1693,150_-1,150_-1,0.98,inventory.model,False,[],False
e7e72a6c0a775f8a,inventory.csv#1694,151_-1,151_-1,0.98,inventory.model,False,[],False
533a01d582f38a9a,inventory.csv#1695,152_-1,152_-1,0.98,inventory.model,False,[],False
2ab09a98aed8d507,inventory.csv#1696,153_-1,153_-1,0.98,inventory.model,False,[],False
1d39ac630ac111b9,inventory.csv#1697,255_-1,255_-1,0.98,inventory.model,False,[],False
351113fefb628247,inventory.csv#1698,0_-1,0_-1,0.98,inventory.model,False,[],False
b41391e5ae9d1278,inventory.csv#1699,32_-1,32_-1,0.98,inventory.model,False,[],False
bde5f750c186d797,inventory.csv#17,8_0,8_0,0.98,inventory.model,False,[],False
b67bcb98bbd55104,inventory.csv#170,26_218,26_218,0.98,inventory.model,False,[],False
9dff22e68c27138a,inventory.csv#1700,33_-1,33_-1,0.98,inventory.model,False,[],False
91aa27cac81b1b64,inventory.csv#1701,45_45,45_45,0.98,inventory.model,False,[],False
7c1294380c2c26f3,inventory.csv#1702,4_-1,4_-1,0.98,inventory.model,False,[],False
e3b5796de73674ce,inventory.csv#1703,0_-1,0_-1,0.98,inventory.model,False,[],False
4f525c1950fea6cd,inventory.csv#1704,27_-1,27_-1,0.98,inventory.model,False,[],False
220b772bf249be42,inventory.csv#1705,31_-1,31_-1,0.98,inventory.model,False,[],False
9ea9c7fa38e1a22e,inventory.csv#1706,33_-1,33_-1,0.98,inventory.model,False,[],False
17aca7dbe8a487cf,inventory.csv#1707,5_-1,5_-1,0.98,inventory.model,False,[],False
2e0de6a723c5f940,inventory.csv#1708,6_-1,6_-1,0.98,inventory.model,False,[],False
d3e93c1932db2e50,inventory.csv#1709,110_-1,110_-1,0.98,inventory.model,False,[],False
07d7ab6a32af1169,inventory.csv#171,26_73,26_73,0.98,inventory.model,False,[],False
66cf2f8434f5a272,inventory.csv#1710,0_-1,0_-1,0.98,inventory.model,False,[],False
99d9564890e0c47d,inventory.csv#1711,144_0,144_0,0.98,inventory.model,False,[],False
b279db13bf7a7f8e,inventory.csv#1712,144_1,144_1,0.98,inventory.model,False,[],False
a351ef2e619f099d,inventory.csv#1713,5_-1,5_-1,0.98,inventory.model,False,[],False
6b7de6f7fa21164f,inventory.csv#1714,30_-1,30_-1,0.98,inventory.model,False,[],False
2d866e6e992f6151,inventory.csv#1715,8_-1,8_-1,0.98,inventory.model,False,[],False
aa49edfdc53f945d,inventory.csv#1716,0_-1,0_-1,0.98,inventory.model,False,[],False
41b4e2c8d6ca0484,inventory.csv#1717,2_-1,2_-1,0.98,inventory.model,False,[],False
19ed12528b28c901,inventory.csv#1718,204_-1,204_-1,0.98,inventory.model,False,[],False
b50a067d52efc0f4,inventory.csv#1719,204_-1,204_-1,0.98,inventory.model,False,[],False
88a48cbf89baa423,inventory.csv#172,64_159,64_159,0.98,inventory.model,False,[],False
b675b51a01905f03,inventory.csv#1720,67_71,67_71,0.98,inventory.model,False,[],False
3aba59cc4994e417,inventory.csv#1721,4_-1,4_-1,0.98,inventory.model,False,[],False
ea4c1c1587b96a6b,inventory.csv#1722,0_-1,0_-1,0.98,inventory.model,False,[],False
efb8eabe62e74f4f,inventory.csv#1723,48_-1,48_-1,0.98,inventory.model,False,[],False
70a2ee8c04c4da34,inventory.csv#1724,0_-1,0_-1,0.98,inventory.model,False,[],False
849e3e826457cc6c,inventory.csv#1725,2_-1,2_-1,0.98,inventory.model,False,[],False
a838089868e0d163,inventory.csv#1726,7_-1,7_-1,0.98,inventory.model,False,[],False
6bfa26e3af6e80fb,inventory.csv#1727,5_-1,5_-1,0.98,inventory.model,False,[],False
547f620a67c0c483,inventory.csv#1728,0_-1,0_-1,0.98,inventory.model,False,[],False
376ca8df91c283e3,inventory.csv#1729,131_122,131_122,0.98,inventory.model,False,[],False
0645c64b9218c182,inventory.csv#173,16_-1,16_-1,0.98,inventory.model,False,[],False
8d2ddc61437a7714,inventory.csv#1730,128_63,128_63,0.98,inventory.model,False,[],False
89ad8cb864a23c88,inventory.csv#1731,135_34,135_34,0.98,inventory.model,False,[],False
b65ca6410882395a,inventory.csv#1732,1_-1,1_-1,0.98,inventory.model,False,[],False
b3e1ab653a8c0fa5,inventory.csv#1733,4_-1,4_-1,0.98,inventory.model,False,[],False
fcadf37fc4a8675a,inventory.csv#1734,135_34,135_34,0.98,inventory.model,False,[],False
de32d8353e403654,inventory.csv#1735,0_-1,0_-1,0.98,inventory.model,False,[],False
5a544c11de335682,inventory.csv#1736,0_-1,0_-1,0.98,inventory.model,False,[],False
b46d5677ed5895c9,inventory.csv#1737,5_-1,5_-1,0.98,inventory.model,False,[],False
d3f4d9631cfde522,inventory.csv#1738,1_-1,1_-1,0.98,inventory.model,False,[],False
54d6c8e5af5bfd1c,inventory.csv#1739,7_-1,7_-1,0.98,inventory.model,False,[],False
1c7ac6ada623956e,inventory.csv#174,17_-1,17_-1,0.98,inventory.model,False,[],False
5f0b460d6959f095,inventory.csv#1740,0_-1,0_-1,0.98,inventory.model,False,[],False
a99523d800beaf1b,inventory.csv#1741,2_-1,2_-1,0.98,inventory.model,False,[],False
fe4e455c9c3b70b1,inventory.csv#1742,1_-1,1_-1,0.98,inventory.model,False,[],False
21332fb4b5867a6e,inventory.csv#1743,29_-1,29_-1,0.98,inventory.model,False,[],False
5215a71ca5e8ba52,inventory.csv#1744,0_-1,0_-1,0.98,inventory.model,False,[],False
b50c94484bd4c92a,inventory.csv#1745,0_-1,0_-1,0.98,inventory.model,False,[],False
34fdcc665be60000,inventory.csv#1746,16_-1,16_-1,0.98,inventory.model,False,[],False
3106a5f1a9f0c486,inventory.csv#1747,17_-1,17_-1,0.98,inventory.model,False,[],False
9e159b17419b429d,inventory.csv#1748,18_-1,18_-1,0.98,inventory.model,False,[],False
7c294af5469b36c8,inventory.csv#1749,20_-1,20_-1,0.98,inventory.model,False,[],False
191b653ce4213580,inventory.csv#175,23_-1,23_-1,0.98,inventory.model,False,[],False
cab35ab697e735f5,inventory.csv#1750,21_-1,21_-1,0.98,inventory.model,False,[],False
1e6f52db3506c7d9,inventory.csv#1751,23_-1,23_-1,0.98,inventory.model,False,[],False
3f635e08d0effd4b,inventory.csv#1752,26_-1,26_-1,0.98,inventory.model,False,[],False
4e5ab8aa842decff,inventory.csv#1753,18_-1,18_-1,0.98,inventory.model,False,[],False
91536177458d6bc6,inventory.csv#1754,23_-1,23_-1,0.98,inventory.model,False,[],False
0c9255d6ae34fbba,inventory.csv#1755,20_-1,20_-1,0.98,inventory.model,False,[],False
ef72e2451b45c853,inventory.csv#1756,20_-1,20_-1,0.98,inventory.model,False,[],False
a72eb4d5aa510862,inventory.csv#1757,20_-1,20_-1,0.98,inventory.model,False,[],False
943f038c9176694a,inventory.csv#1758,3_-1,3_-1,0.98,inventory.model,False,[],False
833bb6a7250dcc2c,inventory.csv#1759,"67,-1","67,-1",0.98,inventory.model,False,[],False
91e873196e2dbb6c,inventory.csv#176,16_-1,16_-1,0.98,inventory.model,False,[],False
3f6881b5b6da7090,inventory.csv#1760,"4,-1","4,-1",0.98,inventory.model,False,[],False
844d2060ee5b2b0f,inventory.csv#1761,"69,-1","69,-1",0.98,inventory.model,False,[],False
2af9169f359277b3,inventory.csv#1762,"20,-1","20,-1",0.98,inventory.model,False,[],False
48cb8b206568c0ce,inventory.csv#1763,"4,-1","4,-1",0.98,inventory.model,False,[],False
eaf3b7baeeb74108,inventory.csv#1764,"41,-1","41,-1",0.98,inventory.model,False,[],False
249520f70d1ca08d,inventory.csv#1765,"69,-1","69,-1",0.98,inventory.model,False,[],False
d7de19bb738fd940,inventory.csv#1766,"14,-1","14,-1",0.98,inventory.model,False,[],False
8544340569eaa056,inventory.csv#1767,"16,-1","16,-1",0.98,inventory.model,False,[],False
b89a79b7bed8a852,inventory.csv#1768,"14,-1","14,-1",0.98,inventory.model,False,[],False
699296526c6bf057,inventory.csv#1769,"16,-1","16,-1",0.98,inventory.model,False,[],False
67bed6905a8f5b0d,inventory.csv#177,16_-1,16_-1,0.98,inventory.model,False,[],False
0989208714c70246,inventory.csv#1770,"0,-1","0,-1",0.98,inventory.model,False,[],False
1f6ac04d7bf38f38,inventory.csv#1771,"24,-1","24,-1",0.98,inventory.model,False,[],False
561c3d8848265225,inventory.csv#1772,"24,24","24,24",0.98,inventory.model,False,[],False
f226cca098ef1b22,inventory.csv#1773,"24,247","24,247",0.98,inventory.model,False,[],False
ebb90b71ab755a14,inventory.csv#1774,"80,-1","80,-1",0.98,inventory.model,False,[],False
a03f6d6c4995a2bd,inventory.csv#1775,"24,-1","24,-1",0.98,inventory.model,False,[],False
184ed759bb76e3a8,inventory.csv#1776,"24,24","24,24",0.98,inventory.model,False,[],False
43372564048a529c,inventory.csv#1777,"0,-1","0,-1",0.98,inventory.model,False,[],False
317b1c08646d007e,inventory.csv#1778,"11,-1","11,-1",0.98,inventory.model,False,[],False
ff54939a41e60547,inventory.csv#1779,"17,-1","17,-1",0.98,inventory.model,False,[],False
0910f8f0744274c1,inventory.csv#178,17_-1,17_-1,0.98,inventory.model,False,[],False
153c92a93e44d28d,inventory.csv#1780,"23,-1","23,-1",0.98,inventory.model,False,[],False
22ee4b41300babca,inventory.csv#1781,"0,-1","0,-1",0.98,inventory.model,False,[],False
57393bc691257ade,inventory.csv#1782,"0,-1","0,-1",0.98,inventory.model,False,[],False
bd38264931540616,inventory.csv#1783,"12,-1","12,-1",0.98,inventory.model,False,[],False
3f64b1c15acba7c9,inventory.csv#1784,"16,-1","16,-1",0.98,inventory.model,False,[],False
92fa4701c215c997,inventory.csv#1785,"17,-1","17,-1",0.98,inventory.model,False,[],False
0710fe93da0272f5,inventory.csv#1786,"176,-1","176,-1",0.98,inventory.model,False,[],False
0fd8f998c782370b,inventory.csv#1787,"18,-1","18,-1",0.98,inventory.model,False,[],False
bb5291dd685abe25,inventory.csv#1788,"20,-1","20,-1",0.98,inventory.model,False,[],False
8a41361c69ab7237,inventory.csv#1789,"21,-1","21,-1",0.98,inventory.model,False,[],False
e6bd4b678006e720,inventory.csv#179,23_-1,23_-1,0.98,inventory.model,False,[],False
3ebd9b5ae1c9dfc4,inventory.csv#1790,"23,-1","23,-1",0.98,inventory.model,False,[],False
2e629c68b1022dcc,inventory.csv#1791,"26,-1","26,-1",0.98,inventory.model,False,[],False
ae25e108da9b8775,inventory.csv#1792,"39,-1","39,-1",0.98,inventory.model,False,[],False
a7c6fb563154d355,inventory.csv#1793,"4,-1","4,-1",0.98,inventory.model,False,[],False
c603e1a33a9ed9c7,inventory.csv#1794,"5,-1","5,-1",0.98,inventory.model,False,[],False
b1bb72c4a231d895,inventory.csv#1795,"6,-1","6,-1",0.98,inventory.model,False,[],False
d04fd38f69ed2a9a,inventory.csv#1796,"7,-1","7,-1",0.98,inventory.model,False,[],False
7889ee0afd928dd9,inventory.csv#1797,"8,-1","8,-1",0.98,inventory.model,False,[],False
28ba18b2ae2bbb79,inventory.csv#1798,"16,-1","16,-1",0.98,inventory.model,False,[],False
6d2d7aeb0b7ce20d,inventory.csv#1799,"17,-1","17,-1",0.98,inventory.model,False,[],False
0c7c0aa29832f2d8,inventory.csv#18,42_17,42_17,0.98,inventory.model,False,[],False
e04c0d47e0461701,inventory.csv#180,20_-1,20_-1,0.98,inventory.model,False,[],False
069ddd29b9d39e1d,inventory.csv#1800,"20,-1","20,-1",0.98,inventory.model,False,[],False
83772f67cbeccea4,inventory.csv#1801,"17,-1","17,-1",0.98,inventory.model,False,[],False
3f5f65339500a6f4,inventory.csv#1802,"0,-1","0,-1",0.98,inventory.model,False,[],False
aadd62a35431a25d,inventory.csv#1803,"144,0","144,0",0.98,inventory.model,False,[],False
6db423f788724261,inventory.csv#1804,"24,-1","24,-1",0.98,inventory.model,False,[],False
ac15e9c35c7ec43b,inventory.csv#1805,"24,24","24,24",0.98,inventory.model,False,[],False
3c22e5446f10c969,inventory.csv#1806,"24,247","24,247",0.98,inventory.model,False,[],False
99c245c65ff1e844,inventory.csv#1807,"80,-1","80,-1",0.98,inventory.model,False,[],False
63238b44d8b4a7b1,inventory.csv#1808,"20,-1","20,-1",0.98,inventory.model,False,[],False
afe7ebaed050fcac,inventory.csv#1809,"4,-1","4,-1",0.98,inventory.model,False,[],False
d90abbad33f3ebfb,inventory.csv#181,20_-1,20_-1,0.98,inventory.model,False,[],False
e533bf7b062b4336,inventory.csv#1810,"20,-1","20,-1",0.98,inventory.model,False,[],False
dbaa0845b5af2d1d,inventory.csv#1811,"20,-1","20,-1",0.98,inventory.model,False,[],False
8ac7660227a215e6,inventory.csv#1812,"4,-1","4,-1",0.98,inventory.model,False,[],False
4f8b19e55ec8aeb2,inventory.csv#1813,"20,-1","20,-1",0.98,inventory.model,False,[],False
90266296d970c733,inventory.csv#1814,"20,-1","20,-1",0.98,inventory.model,False,[],False
28082ba37732d5d4,inventory.csv#1815,"134,97","134,97",0.98,inventory.model,False,[],False
a99156151b64a281,inventory.csv#1816,"23,-1","23,-1",0.98,inventory.model,False,[],False
501c09d61a94fb65,inventory.csv#1817,"5,-1","5,-1",0.98,inventory.model,False,[],False
3b5166fa4878ef02,inventory.csv#1818,"0,-1","0,-1",0.98,inventory.model,False,[],False
bd14a85a45b1218d,inventory.csv#1819,"13,-1","13,-1",0.98,inventory.model,False,[],False
35f3dd2fa60dcedd,inventory.csv#182,20_-1,20_-1,0.98,inventory.model,False,[],False
5787183191c98a63,inventory.csv#1820,"0,-1","0,-1",0.98,inventory.model,False,[],False
d52bbc47a3f7f74f,inventory.csv#1821,"1,-1","1,-1",0.98,inventory.model,False,[],False
ce84e02b4d3e56f7,inventory.csv#1822,"16,-1","16,-1",0.98,inventory.model,False,[],False
c7229b8ed5d2c794,inventory.csv#1823,"2,-1","2,-1",0.98,inventory.model,False,[],False
899af235793b2f17,inventory.csv#1824,"3,-1","3,-1",0.98,inventory.model,False,[],False
6fa2bc70d47d6965,inventory.csv#1825,"4,-1","4,-1",0.98,inventory.model,False,[],False
a67f16441cfce864,inventory.csv#1826,"7,-1","7,-1",0.98,inventory.model,False,[],False
c92014a168c3f30a,inventory.csv#1827,"0,-1","0,-1",0.98,inventory.model,False,[],False
4cadc2e2f0bd1e30,inventory.csv#1828,"0,-1","0,-1",0.98,inventory.model,False,[],False
b14fd5028801ffce,inventory.csv#1829,"6,-1","6,-1",0.98,inventory.model,False,[],False
15737a530f94e09c,inventory.csv#183,7_-1,7_-1,0.98,inventory.model,False,[],False
b17a897f184046a7,inventory.csv#1830,"32,64","32,64",0.98,inventory.model,False,[],False
c23738bea11c581c,inventory.csv#1831,"96,-1","96,-1",0.98,inventory.model,False,[],False
935db80847a71581,inventory.csv#1832,"202,149","202,149",0.98,inventory.model,False,[],False
4876a663a45292de,inventory.csv#1833,"202,85","202,85",0.98,inventory.model,False,[],False
a343b5cc37594d4e,inventory.csv#1834,"128,80","128,80",0.98,inventory.model,False,[],False
d11d0155b78b5d4c,inventory.csv#1835,"168,-1","168,-1",0.98,inventory.model,False,[],False
ad885f3aeb26b4b3,inventory.csv#1836,"202,85","202,85",0.98,inventory.model,False,[],False
e6fb5bed393f304f,inventory.csv#1837,"202,85","202,85",0.98,inventory.model,False,[],False
9258d2de68b52d47,inventory.csv#1838,"64,-1","64,-1",0.98,inventory.model,False,[],False
f65b449597844e82,inventory.csv#1839,"128,-1","128,-1",0.98,inventory.model,False,[],False
13c8f92b3ca01864,inventory.csv#184,8_247,8_247,0.98,inventory.model,False,[],False
4f5dc753ca731a00,inventory.csv#1840,"0,-1","0,-1",0.98,inventory.model,False,[],False
03a60f9d8dac3a8f,inventory.csv#1841,"5,-1","5,-1",0.98,inventory.model,False,[],False
a92261d9b160691c,inventory.csv#1842,"23,105","23,105",0.98,inventory.model,False,[],False
4545a28eb1db773d,inventory.csv#1843,"23,105","23,105",0.98,inventory.model,False,[],False
62a96d1f1cffa24c,inventory.csv#1844,"128,123","128,123",0.98,inventory.model,False,[],False
43c8ac410e5caf04,inventory.csv#1845,"5,-1","5,-1",0.98,inventory.model,False,[],False
4aadae17aaf5e451,inventory.csv#1846,"2,-1","2,-1",0.98,inventory.model,False,[],False
1a983a6d31b68e7f,inventory.csv#1847,"0,-1","0,-1",0.98,inventory.model,False,[],False
0d27ae7399cc6bf3,inventory.csv#1848,"10,-1","10,-1",0.98,inventory.model,False,[],False
85c93efdb440052b,inventory.csv#1849,"5,-1","5,-1",0.98,inventory.model,False,[],False
85fdd6c89f66d16d,inventory.csv#185,129_129,129_129,0.98,inventory.model,False,[],False
a8a72558cf2f1d0b,inventory.csv#1850,"7,7","7,7",0.98,inventory.model,False,[],False
a9a4edf01991f1fc,inventory.csv#1851,"0,-1","0,-1",0.98,inventory.model,False,[],False
1b32c7a606396c53,inventory.csv#1852,"4,-1","4,-1",0.98,inventory.model,False,[],False
3a710a08dda4020f,inventory.csv#1853,"19,-1","19,-1",0.98,inventory.model,False,[],False
82fd512698ff4c5a,inventory.csv#1854,"19,-1","19,-1",0.98,inventory.model,False,[],False
038a1892cc4050ef,inventory.csv#1855,"19,-1","19,-1",0.98,inventory.model,False,[],False
a998db7021857cee,inventory.csv#1856,"19,-1","19,-1",0.98,inventory.model,False,[],False
3ec8378b2b1c686a,inventory.csv#1857,"19,-1","19,-1",0.98,inventory.model,False,[],False
6ee9f1f943e8b513,inventory.csv#1858,"69,-1","69,-1",0.98,inventory.model,False,[],False
7b2d026a1b4cf7a0,inventory.csv#1859,"19,-1","19,-1",0.98,inventory.model,False,[],False
35ecb83476ccefee,inventory.csv#186,6_1,6_1,0.98,inventory.model,False,[],False
932e995d697b3f0a,inventory.csv#1860,"26,73","26,73",0.98,inventory.model,False,[],False
6a3f11a064a7d12a,inventory.csv#1861,"19,-1","19,-1",0.98,inventory.model,False,[],False
6439f85554277601,inventory.csv#1862,"19,-1","19,-1",0.98,inventory.model,False,[],False
3e91581dd396ceb6,inventory.csv#1863,"19,-1","19,-1",0.98,inventory.model,False,[],False
2d0ec0a77864e3c6,inventory.csv#1864,"19,-1","19,-1",0.98,inventory.model,False,[],False
24f3176f12725402,inventory.csv#1865,"0,127","0,127",0.98,inventory.model,False,[],False
21d0fc7eedf0b179,inventory.csv#1866,"134,-1","134,-1",0.98,inventory.model,False,[],False
cebb1328c5c9b3e2,inventory.csv#1867,"20,-1","20,-1",0.98,inventory.model,False,[],False
424bc2eb1318294b,inventory.csv#1868,"128,-1","128,-1",0.98,inventory.model,False,[],False
2d30dfcabb90c09b,inventory.csv#1869,"87,-1","87,-1",0.98,inventory.model,False,[],False
24f90c97b126e79f,inventory.csv#187,128_126,128_126,0.98,inventory.model,False,[],False
f5c9aecae0ded90c,inventory.csv#1870,"4,-1","4,-1",0.98,inventory.model,False,[],False
4c3abc8cd7d4c8f3,inventory.csv#1871,"5,-1","5,-1",0.98,inventory.model,False,[],False
42884c18564a93ed,inventory.csv#1872,"116,15","116,15",0.98,inventory.model,False,[],False
1a75db05f60b84e7,inventory.csv#1873,"4,15","4,15",0.98,inventory.model,False,[],False
7da06223ddac9990,inventory.csv#1874,"5,-1","5,-1",0.98,inventory.model,False,[],False
e3b686c60755e8ab,inventory.csv#1875,"4,15","4,15",0.98,inventory.model,False,[],False
24e8d64d1499ae95,inventory.csv#1876,"5,-1","5,-1",0.98,inventory.model,False,[],False
30f9c392fe6cee35,inventory.csv#1877,"10,-1","10,-1",0.98,inventory.model,False,[],False
6100f19fc2df24c1,inventory.csv#1878,"116,15","116,15",0.98,inventory.model,False,[],False
d27725489d7c09ac,inventory.csv#1879,"4,15","4,15",0.98,inventory.model,False,[],False
912bb60c9c046db1,inventory.csv#188,16_-1,16_-1,0.98,inventory.model,False,[],False
c43b37aaeee05e72,inventory.csv#1880,"81,175","81,175",0.98,inventory.model,False,[],False
ba0a73d5fa26258a,inventory.csv#1881,"0,153","0,153",0.98,inventory.model,False,[],False
2de0a85bad9fdad6,inventory.csv#1882,"134,107","134,107",0.98,inventory.model,False,[],False
11e4beb288572aac,inventory.csv#1883,"20,-1","20,-1",0.98,inventory.model,False,[],False
b1f82fea8ac1e497,inventory.csv#1884,"134,107","134,107",0.98,inventory.model,False,[],False
b71e6671077a71e5,inventory.csv#1885,"134,107","134,107",0.98,inventory.model,False,[],False
7768c06c4d8eb8ec,inventory.csv#1886,"0,-1","0,-1",0.98,inventory.model,False,[],False
ba060d74dfc264f9,inventory.csv#1887,"119,-1","119,-1",0.98,inventory.model,False,[],False
ff34b76a1683fb42,inventory.csv#1888,"138,-1","138,-1",0.98,inventory.model,False,[],False
ad90fba2aadd4a65,inventory.csv#1889,"141,-1","141,-1",0.98,inventory.model,False,[],False
4f0a2c668faafc47,inventory.csv#189,16_-1,16_-1,0.98,inventory.model,False,[],False
f8d8f9e436552e54,inventory.csv#1890,"119,-1","119,-1",0.98,inventory.model,False,[],False
f016944775c16426,inventory.csv#1891,"12,251","12,251",0.98,inventory.model,False,[],False
c3d037f90d7f51ff,inventory.csv#1892,"64,-1","64,-1",0.98,inventory.model,False,[],False
41a007360da0e252,inventory.csv#1893,"71,-1","71,-1",0.98,inventory.model,False,[],False
bdbc8397d84428ea,inventory.csv#1894,"103,-1","103,-1",0.98,inventory.model,False,[],False
a54e052ac1c51179,inventory.csv#1895,"103,-1","103,-1",0.98,inventory.model,False,[],False
5cf8d42b1192adee,inventory.csv#1896,"71,-1","71,-1",0.98,inventory.model,False,[],False
2d9763a45fe308f3,inventory.csv#1897,"87,-1","87,-1",0.98,inventory.model,False,[],False
eff3fd341b3e8215,inventory.csv#1898,"12,251","12,251",0.98,inventory.model,False,[],False
51f0e7171a05f8d7,inventory.csv#1899,"71,-1","71,-1",0.98,inventory.model,False,[],False
30c1ce1cbfbe6c02,inventory.csv#19,26_-1,26_-1,0.98,inventory.model,False,[],False
b3df5f226e8aef4f,inventory.csv#190,32_224,32_224,0.98,inventory.model,False,[],False
649bdea101f6dc36,inventory.csv#1900,"168,-1","168,-1",0.98,inventory.model,False,[],False
28dda3b32b6ed769,inventory.csv#1901,"175,-1","175,-1",0.98,inventory.model,False,[],False
4230a47ab77226ea,inventory.csv#1902,"1,-1","1,-1",0.98,inventory.model,False,[],False
038ad3a76c656421,inventory.csv#1903,"119,-1","119,-1",0.98,inventory.model,False,[],False
d8e364ee825ec62f,inventory.csv#1904,"130,100","130,100",0.98,inventory.model,False,[],False
a2432e39830b398a,inventory.csv#1905,"2,-1","2,-1",0.98,inventory.model,False,[],False
bd82878d1ad91da0,inventory.csv#1906,"4,-1","4,-1",0.98,inventory.model,False,[],False
0bbd37d5925d52c7,inventory.csv#1907,"71,-1","71,-1",0.98,inventory.model,False,[],False
77fa4bd0308fcaae,inventory.csv#1908,"87,-1","87,-1",0.98,inventory.model,False,[],False
f7a9c788c9f0b976,inventory.csv#1909,"119,-1","119,-1",0.98,inventory.model,False,[],False
69e20355439e1140,inventory.csv#191,8_-1,8_-1,0.98,inventory.model,False,[],False
7f3f5f5471a291e5,inventory.csv#1910,"168,-1","168,-1",0.98,inventory.model,False,[],False
509b6492df705080,inventory.csv#1911,"71,-1","71,-1",0.98,inventory.model,False,[],False
43a8e49e1bbd6858,inventory.csv#1912,"87,-1","87,-1",0.98,inventory.model,False,[],False
1e7c768787939619,inventory.csv#1913,"12,251","12,251",0.98,inventory.model,False,[],False
0773d918bf996dad,inventory.csv#1914,"1,-1","1,-1",0.98,inventory.model,False,[],False
3b5f20ab73fb3cda,inventory.csv#1915,"119,-1","119,-1",0.98,inventory.model,False,[],False
3fc24daf61728cc3,inventory.csv#1916,"71,-1","71,-1",0.98,inventory.model,False,[],False
a87a8dcce9b5f2c2,inventory.csv#1917,"87,-1","87,-1",0.98,inventory.model,False,[],False
d69ffc9ab1a93881,inventory.csv#1918,"119,-1","119,-1",0.98,inventory.model,False,[],False
42c0b8fab414697b,inventory.csv#1919,"71,-1","71,-1",0.98,inventory.model,False,[],False
85d1b5f492130015,inventory.csv#192,64_-1,64_-1,0.98,inventory.model,False,[],False
745c33a428ac0653,inventory.csv#1920,"87,-1","87,-1",0.98,inventory.model,False,[],False
81e4692fdec21d19,inventory.csv#1921,"87,-1","87,-1",0.98,inventory.model,False,[],False
4bae9a85c51acfb5,inventory.csv#1922,"240,-1","240,-1",0.98,inventory.model,False,[],False
cde332212f8722d7,inventory.csv#1923,"87,-1","87,-1",0.98,inventory.model,False,[],False
882cc65bd3f1c011,inventory.csv#1924,"71,-1","71,-1",0.98,inventory.model,False,[],False
2302da481c720ed5,inventory.csv#1925,"71,-1","71,-1",0.98,inventory.model,False,[],False
f643a2675617721d,inventory.csv#1926,"119,-1","119,-1",0.98,inventory.model,False,[],False
85e60b27f992822c,inventory.csv#1927,"23,-1","23,-1",0.98,inventory.model,False,[],False
7ef0adee3162afa0,inventory.csv#1928,"3,-1","3,-1",0.98,inventory.model,False,[],False
d5cf683bded7dc9c,inventory.csv#1929,"7,-1","7,-1",0.98,inventory.model,False,[],False
87e3691a9b66960c,inventory.csv#193,0_237,0_237,0.98,inventory.model,False,[],False
942ed2f9018088ef,inventory.csv#1930,"71,-1","71,-1",0.98,inventory.model,False,[],False
bb94355193b69a39,inventory.csv#1931,"87,-1","87,-1",0.98,inventory.model,False,[],False
5ab52691873e8b3e,inventory.csv#1932,"71,-1","71,-1",0.98,inventory.model,False,[],False
4f0665bcb1acbb44,inventory.csv#1933,"7,-1","7,-1",0.98,inventory.model,False,[],False
7aff3fe37a3f1c04,inventory.csv#1934,"0,-1","0,-1",0.98,inventory.model,False,[],False
0193ad16ce4530a2,inventory.csv#1935,"128,38","128,38",0.98,inventory.model,False,[],False
1c6d0a0948252d12,inventory.csv#1936,"202,165","202,165",0.98,inventory.model,False,[],False
7ad0c449a4549769,inventory.csv#1937,"0,-1","0,-1",0.98,inventory.model,False,[],False
e106e77a416569de,inventory.csv#1938,"1,-1","1,-1",0.98,inventory.model,False,[],False
469c875206229957,inventory.csv#1939,"15,-1","15,-1",0.98,inventory.model,False,[],False
b60b93880440ef74,inventory.csv#194,0_237,0_237,0.98,inventory.model,False,[],False
d1db6a5c09ccc8ed,inventory.csv#1940,"170,-1","170,-1",0.98,inventory.model,False,[],False
f9ec5869216b834f,inventory.csv#1941,"18,0","18,0",0.98,inventory.model,False,[],False
a9141fbdd54e1e10,inventory.csv#1942,"3,-1","3,-1",0.98,inventory.model,False,[],False
cb3c73647a6077e7,inventory.csv#1943,"4,-1","4,-1",0.98,inventory.model,False,[],False
9bf132fffef92ce1,inventory.csv#1944,"5,-1","5,-1",0.98,inventory.model,False,[],False
6760e4af4c21eeb4,inventory.csv#1945,"5,1","5,1",0.98,inventory.model,False,[],False
672d9594acafe22a,inventory.csv#1946,"64,-1","64,-1",0.98,inventory.model,False,[],False
223a3c88652547a3,inventory.csv#1947,"68,-1","68,-1",0.98,inventory.model,False,[],False
14d9d74d605a55a4,inventory.csv#1948,"9,-1","9,-1",0.98,inventory.model,False,[],False
f9cc62e98fbf4ff7,inventory.csv#1949,"0,-1","0,-1",0.98,inventory.model,False,[],False
791e4868cab4a091,inventory.csv#195,4_-1,4_-1,0.98,inventory.model,False,[],False
03aa4607da6bacd1,inventory.csv#1950,"64,-1","64,-1",0.98,inventory.model,False,[],False
9f6ab361ba7a584d,inventory.csv#1951,"1,-1","1,-1",0.98,inventory.model,False,[],False
80c5226a7ef9da7f,inventory.csv#1952,"0,-1","0,-1",0.98,inventory.model,False,[],False
f0019d513e00854d,inventory.csv#1953,"16,0","16,0",0.98,inventory.model,False,[],False
0812c0b70bf55a74,inventory.csv#1954,"0,-1","0,-1",0.98,inventory.model,False,[],False
4387af0a19c93916,inventory.csv#1955,"3,-1","3,-1",0.98,inventory.model,False,[],False
32174b957b0da0b9,inventory.csv#1956,"0,-1","0,-1",0.98,inventory.model,False,[],False
0119771b900c20fb,inventory.csv#1957,"0,-1","0,-1",0.98,inventory.model,False,[],False
d86fc22e25b8c492,inventory.csv#1958,"0,-1","0,-1",0.98,inventory.model,False,[],False
25cc651f00efbf51,inventory.csv#1959,"0,-1","0,-1",0.98,inventory.model,False,[],False
e0e1365a81de1d1f,inventory.csv#196,5_-1,5_-1,0.98,inventory.model,False,[],False
5b033ae2736330cd,inventory.csv#1960,"0,-1","0,-1",0.98,inventory.model,False,[],False
84547471ab0bd1e2,inventory.csv#1961,"0,-1","0,-1",0.98,inventory.model,False,[],False
d213b2b61a57784b,inventory.csv#1962,"0,-1","0,-1",0.98,inventory.model,False,[],False
4dedf25f5dc48973,inventory.csv#1963,"134,47","134,47",0.98,inventory.model,False,[],False
73ec6435333e44b2,inventory.csv#1964,"134,47","134,47",0.98,inventory.model,False,[],False
e3d2b064daaca41d,inventory.csv#1965,"0,-1","0,-1",0.98,inventory.model,False,[],False
da0e4d71fd266220,inventory.csv#1966,"0,-1","0,-1",0.98,inventory.model,False,[],False
75ede9ac79675c5f,inventory.csv#1967,"0,-1","0,-1",0.98,inventory.model,False,[],False
565ea2a3fb643f4d,inventory.csv#1968,"0,-1","0,-1",0.98,inventory.model,False,[],False
1865bc8779092f04,inventory.csv#1969,"35,64","35,64",0.98,inventory.model,False,[],False
2949077b343e50b7,inventory.csv#197,5_-1,5_-1,0.98,inventory.model,False,[],False
fb5956cb8c49a4e3,inventory.csv#1970,"0,95","0,95",0.98,inventory.model,False,[],False
88f725ed7179e0d2,inventory.csv#1971,"0,95","0,95",0.98,inventory.model,False,[],False
9b663e3a9b5c3f86,inventory.csv#1972,"134,107","134,107",0.98,inventory.model,False,[],False
a63c9ff8279f0dc3,inventory.csv#1973,"134,107","134,107",0.98,inventory.model,False,[],False
d01de2933cc6ef94,inventory.csv#1974,"134,107","134,107",0.98,inventory.model,False,[],False
97ef552dbdf3667e,inventory.csv#1975,"134,107","134,107",0.98,inventory.model,False,[],False
62d9ca252bcf3ce5,inventory.csv#1976,"64,175","64,175",0.98,inventory.model,False,[],False
8024820b5978036f,inventory.csv#1977,"133,123","133,123",0.98,inventory.model,False,[],False
6421c1816db4cd40,inventory.csv#1978,"24,-1","24,-1",0.98,inventory.model,False,[],False
2113905f9d8666c8,inventory.csv#1979,"7,-1","7,-1",0.98,inventory.model,False,[],False
85175e8b8dc1ff5f,inventory.csv#198,32_-1,32_-1,0.98,inventory.model,False,[],False
77875d486dd45b2a,inventory.csv#1980,"16,237","16,237",0.98,inventory.model,False,[],False
a65b52c950925485,inventory.csv#1981,"16,237","16,237",0.98,inventory.model,False,[],False
4ed1e7346ba3f08f,inventory.csv#1982,"16,237","16,237",0.98,inventory.model,False,[],False
cde8f2cd62a96501,inventory.csv#1983,"64,64","64,64",0.98,inventory.model,False,[],False
a26024e8b7077d0d,inventory.csv#1984,"0,-1","0,-1",0.98,inventory.model,False,[],False
0371420b6de5307a,inventory.csv#1985,"16,-1","16,-1",0.98,inventory.model,False,[],False
c3576a3ab17abf6a,inventory.csv#1986,"17,-1","17,-1",0.98,inventory.model,False,[],False
1427324db3f0321d,inventory.csv#1987,"18,-1","18,-1",0.98,inventory.model,False,[],False
d9c3950e01b789d1,inventory.csv#1988,"20,-1","20,-1",0.98,inventory.model,False,[],False
646742bff7f33248,inventory.csv#1989,"21,-1","21,-1",0.98,inventory.model,False,[],False
25cb7fff18bbbae7,inventory.csv#199,2_255,2_255,0.98,inventory.model,False,[],False
30a76a32b9e5179b,inventory.csv#1990,"23,-1","23,-1",0.98,inventory.model,False,[],False
7a191aab8b699241,inventory.csv#1991,"0,-1","0,-1",0.98,inventory.model,False,[],False
74c1dd2f20134f1a,inventory.csv#1992,"16,-1","16,-1",0.98,inventory.model,False,[],False
e8c2271817f9572f,inventory.csv#1993,"17,-1","17,-1",0.98,inventory.model,False,[],False
80b2c4e28bffdf45,inventory.csv#1994,"18,-1","18,-1",0.98,inventory.model,False,[],False
6f1e265cdd35fb02,inventory.csv#1995,"20,-1","20,-1",0.98,inventory.model,False,[],False
d414f6670e327f8b,inventory.csv#1996,"21,-1","21,-1",0.98,inventory.model,False,[],False
8a695d9729e17d7a,inventory.csv#1997,"23,-1","23,-1",0.98,inventory.model,False,[],False
d0575a1836521c87,inventory.csv#1998,"135,124","135,124",0.98,inventory.model,False,[],False
68234dde7c6b697e,inventory.csv#1999,"135,124","135,124",0.98,inventory.model,False,[],False
2bd918ea0ea44856,inventory.csv#2,134_-1,134_-1,0.98,inventory.model,False,[],False
6e5779cf89743f40,inventory.csv#20,26_-1,26_-1,0.98,inventory.model,False,[],False
39406f5e5f57ee35,inventory.csv#200,17_-1,17_-1,0.98,inventory.model,False,[],False
5743e40e641aeaa6,inventory.csv#2000,"133,111","133,111",0.98,inventory.model,False,[],False
fc1cf10eb63eadce,inventory.csv#2001,"135,124","135,124",0.98,inventory.model,False,[],False
9aaf61ad9c4fcc2a,inventory.csv#2002,"42,-1","42,-1",0.98,inventory.model,False,[],False
d738d915233c97a2,inventory.csv#2003,"64,-1","64,-1",0.98,inventory.model,False,[],False
9906714198beddbd,inventory.csv#2004,"135,124","135,124",0.98,inventory.model,False,[],False
eadcb0fdc7a8981e,inventory.csv#2005,"135,124","135,124",0.98,inventory.model,False,[],False
9aca0d7cce4f9caf,inventory.csv#2006,"93,-1","93,-1",0.98,inventory.model,False,[],False
a3eea8feacbbd3f1,inventory.csv#2007,"135,124","135,124",0.98,inventory.model,False,[],False
fefc8a865cb9af4b,inventory.csv#2008,"135,124","135,124",0.98,inventory.model,False,[],False
fd01230e4797c610,inventory.csv#2009,"135,124","135,124",0.98,inventory.model,False,[],False
f0dfe3ae11d336ca,inventory.csv#201,17_-1,17_-1,0.98,inventory.model,False,[],False
141521e22beba665,inventory.csv#2010,"17,-1","17,-1",0.98,inventory.model,False,[],False
9da9994456ec8698,inventory.csv#2011,"135,124","135,124",0.98,inventory.model,False,[],False
c17da87009e6c07e,inventory.csv#2012,"135,124","135,124",0.98,inventory.model,False,[],False
d03741d0c9ac012b,inventory.csv#2013,"135,124","135,124",0.98,inventory.model,False,[],False
b6c7fb1feaeee90b,inventory.csv#2014,"8,-1","8,-1",0.98,inventory.model,False,[],False
01fe0ec6c246f4fa,inventory.csv#2015,"87,-1","87,-1",0.98,inventory.model,False,[],False
24613355266a3f6a,inventory.csv#2016,"103,-1","103,-1",0.98,inventory.model,False,[],False
a4d7708e700d982a,inventory.csv#2017,"92,-1","92,-1",0.98,inventory.model,False,[],False
973169f8159ccefb,inventory.csv#2018,"92,162","92,162",0.98,inventory.model,False,[],False
81d9a19481a76b36,inventory.csv#2019,"103,-1","103,-1",0.98,inventory.model,False,[],False
b7df5abd36acd372,inventory.csv#202,17_20,17_20,0.98,inventory.model,False,[],False
12da84b60b8bf660,inventory.csv#2020,"130,93","130,93",0.98,inventory.model,False,[],False
025bb9d5d9874b09,inventory.csv#2021,"186,-1","186,-1",0.98,inventory.model,False,[],False
7fb02ed8056ac8bb,inventory.csv#2022,"92,-1","92,-1",0.98,inventory.model,False,[],False
a2715292496d30b2,inventory.csv#2023,"92,161","92,161",0.98,inventory.model,False,[],False
8f239cefda563da0,inventory.csv#2024,"103,-1","103,-1",0.98,inventory.model,False,[],False
6b343e410d530e28,inventory.csv#2025,"92,-1","92,-1",0.98,inventory.model,False,[],False
2350e3c66c61068a,inventory.csv#2026,"103,-1","103,-1",0.98,inventory.model,False,[],False
e32e84e7314584f3,inventory.csv#2027,"0,-1","0,-1",0.98,inventory.model,False,[],False
9ec3e296f1e778ac,inventory.csv#2028,"0,-1","0,-1",0.98,inventory.model,False,[],False
8fd918fbf96eeda9,inventory.csv#2029,"25,-1","25,-1",0.98,inventory.model,False,[],False
d837bb6544733a38,inventory.csv#203,16_-1,16_-1,0.98,inventory.model,False,[],False
d5894fd9896c255a,inventory.csv#2030,"4,-1","4,-1",0.98,inventory.model,False,[],False
dae5ff95ecab5a5f,inventory.csv#2031,"25,-1","25,-1",0.98,inventory.model,False,[],False
5a75e267d2b1d41f,inventory.csv#2032,"26,-1","26,-1",0.98,inventory.model,False,[],False
9f0b52194bd090e1,inventory.csv#2033,"26,197","26,197",0.98,inventory.model,False,[],False
7ab8f21e6fbdf469,inventory.csv#2034,"26,225","26,225",0.98,inventory.model,False,[],False
f7c0c9ed72426866,inventory.csv#2035,"26,228","26,228",0.98,inventory.model,False,[],False
fa522d7019801417,inventory.csv#2036,"26,231","26,231",0.98,inventory.model,False,[],False
9cf9a75f53a3c814,inventory.csv#2037,"4,-1","4,-1",0.98,inventory.model,False,[],False
2ddf765b9bb28e6d,inventory.csv#2038,"13,-1","13,-1",0.98,inventory.model,False,[],False
50a838575ea2f936,inventory.csv#2039,"26,228","26,228",0.98,inventory.model,False,[],False
b60728a590535a76,inventory.csv#204,1_4,1_4,0.98,inventory.model,False,[],False
9caadcbde6f598f2,inventory.csv#2040,"24,-1","24,-1",0.98,inventory.model,False,[],False
251b57fc063f5dee,inventory.csv#2041,"24,24","24,24",0.98,inventory.model,False,[],False
b9902ebaecc4ddde,inventory.csv#2042,"4,-1","4,-1",0.98,inventory.model,False,[],False
2cb8f9345fafd99c,inventory.csv#2043,"25,-1","25,-1",0.98,inventory.model,False,[],False
350686666c55dc20,inventory.csv#2044,"25,231","25,231",0.98,inventory.model,False,[],False
1ac667506cdcd742,inventory.csv#2045,"25,-1","25,-1",0.98,inventory.model,False,[],False
c65f60d269231e43,inventory.csv#2046,"25,-1","25,-1",0.98,inventory.model,False,[],False
94bd174efdfb2eb7,inventory.csv#2047,"25,-1","25,-1",0.98,inventory.model,False,[],False
726bea8e3daf352c,inventory.csv#2048,"45,45","45,45",0.98,inventory.model,False,[],False
e45cc663beaa2619,inventory.csv#2049,"24,-1","24,-1",0.98,inventory.model,False,[],False
1ccbdc19dbcae75f,inventory.csv#205,16_-1,16_-1,0.98,inventory.model,False,[],False
a87bf9963bc461a9,inventory.csv#2050,"24,-1","24,-1",0.98,inventory.model,False,[],False
85b79de867bb57c8,inventory.csv#2051,"24,233","24,233",0.98,inventory.model,False,[],False
84a8fffe42e0171f,inventory.csv#2052,"24,247","24,247",0.98,inventory.model,False,[],False
97d7672eafa89f44,inventory.csv#2053,"24,-1","24,-1",0.98,inventory.model,False,[],False
ca37a5ef89ef55be,inventory.csv#2054,"24,-1","24,-1",0.98,inventory.model,False,[],False
33a12d2305a79e9c,inventory.csv#2055,"24,-1","24,-1",0.98,inventory.model,False,[],False
fe26e574e3e05a32,inventory.csv#2056,"2,-1","2,-1",0.98,inventory.model,False,[],False
3563a09cb8881be2,inventory.csv#2057,"24,233","24,233",0.98,inventory.model,False,[],False
6f99aa2d5276ab0d,inventory.csv#2058,"24,233","24,233",0.98,inventory.model,False,[],False
0dd60aea9d1da0cb,inventory.csv#2059,"24,233","24,233",0.98,inventory.model,False,[],False
a9090d7cfd0b36e8,inventory.csv#206,26_73,26_73,0.98,inventory.model,False,[],False
c687cc801d15e186,inventory.csv#2060,"24,233","24,233",0.98,inventory.model,False,[],False
a751f8367a05afbc,inventory.csv#2061,"24,247","24,247",0.98,inventory.model,False,[],False
f5ed26e7415454e2,inventory.csv#2062,"49,-1","49,-1",0.98,inventory.model,False,[],False
02272e2078dbcdc6,inventory.csv#2063,"25,-1","25,-1",0.98,inventory.model,False,[],False
58b1b6b979a753b2,inventory.csv#2064,"24,247","24,247",0.98,inventory.model,False,[],False
a694c5b82ff81678,inventory.csv#2065,"10,-1","10,-1",0.98,inventory.model,False,[],False
429f3d53d44adc79,inventory.csv#2066,"25,-1","25,-1",0.98,inventory.model,False,[],False
1184046efdaa34e1,inventory.csv#2067,"4,-1","4,-1",0.98,inventory.model,False,[],False
406cd7bf15decba9,inventory.csv#2068,"24,233","24,233",0.98,inventory.model,False,[],False
426742015e270206,inventory.csv#2069,"24,247","24,247",0.98,inventory.model,False,[],False
3c1b029325ab3379,inventory.csv#207,0_-1,0_-1,0.98,inventory.model,False,[],False
afbfe20dc9d5acfc,inventory.csv#2070,"2,-1","2,-1",0.98,inventory.model,False,[],False
d837921498076cf8,inventory.csv#2071,"131,51","131,51",0.98,inventory.model,False,[],False
d5f900a76ca2c39e,inventory.csv#2072,"4,16","4,16",0.98,inventory.model,False,[],False
20ca64d3224abed8,inventory.csv#2073,"5,-1","5,-1",0.98,inventory.model,False,[],False
db7500cad8c266d4,inventory.csv#2074,"128,93","128,93",0.98,inventory.model,False,[],False
485fa7b001ba1cf6,inventory.csv#2075,"132,18","132,18",0.98,inventory.model,False,[],False
0f3de9c41a680c44,inventory.csv#2076,"0,-1","0,-1",0.98,inventory.model,False,[],False
141b848201ecb129,inventory.csv#2077,"24,-1","24,-1",0.98,inventory.model,False,[],False
c4ea0baeb3ebf48d,inventory.csv#2078,"6,-1","6,-1",0.98,inventory.model,False,[],False
ccb35818840963ec,inventory.csv#2079,"74,-1","74,-1",0.98,inventory.model,False,[],False
99c83096e1fbfbfb,inventory.csv#208,0_-1,0_-1,0.98,inventory.model,False,[],False
c3de5acda9881ec0,inventory.csv#2080,"14,0","14,0",0.98,inventory.model,False,[],False
51dcaee97f4b8eda,inventory.csv#2081,"14,0","14,0",0.98,inventory.model,False,[],False
ee3c597de3dec8f4,inventory.csv#2082,"3,-1","3,-1",0.98,inventory.model,False,[],False
390a162e912ff8ef,inventory.csv#2083,"74,-1","74,-1",0.98,inventory.model,False,[],False
e00099932207ce78,inventory.csv#2084,"3,-1","3,-1",0.98,inventory.model,False,[],False
7d0f32f8fd918410,inventory.csv#2085,"137,119","137,119",0.98,inventory.model,False,[],False
0e25c0f0c2de532a,inventory.csv#2086,"0,-1","0,-1",0.98,inventory.model,False,[],False
028bb7ed3be0a8c9,inventory.csv#2087,"8,-1","8,-1",0.98,inventory.model,False,[],False
cde1f61b35053927,inventory.csv#2088,"27,-1","27,-1",0.98,inventory.model,False,[],False
154970abd6d49138,inventory.csv#2089,"128,110","128,110",0.98,inventory.model,False,[],False
2763cc66b9f91c32,inventory.csv#209,18_-1,18_-1,0.98,inventory.model,False,[],False
f2e8e0bee3a5c835,inventory.csv#2090,"64,64","64,64",0.98,inventory.model,False,[],False
56c154a20d52d8af,inventory.csv#2091,"10,-1","10,-1",0.98,inventory.model,False,[],False
b73d888986c511e5,inventory.csv#2092,"128,126","128,126",0.98,inventory.model,False,[],False
dcdba5bde4de66e9,inventory.csv#2093,"1,-1","1,-1",0.98,inventory.model,False,[],False
410d376e62129564,inventory.csv#2094,"4,-1","4,-1",0.98,inventory.model,False,[],False
8c42bc183c7b6ae7,inventory.csv#2095,"4,185","4,185",0.98,inventory.model,False,[],False
0d33931f0b927bba,inventory.csv#2096,"134,59","134,59",0.98,inventory.model,False,[],False
6c07ae19d8d00ccc,inventory.csv#2097,"134,59","134,59",0.98,inventory.model,False,[],False
ab6e0421dcc9946e,inventory.csv#2098,"0,-1","0,-1",0.98,inventory.model,False,[],False
812c03a0c9fdde19,inventory.csv#2099,"0,-1","0,-1",0.98,inventory.model,False,[],False
edea1d4b63f5d843,inventory.csv#21,232_26,232_26,0.98,inventory.model,False,[],False
c006ae6a66c99575,inventory.csv#210,0_127,0_127,0.98,inventory.model,False,[],False
07215e5fc458e783,inventory.csv#2100,"0,-1","0,-1",0.98,inventory.model,False,[],False
e6478d14937db647,inventory.csv#2101,"8,-1","8,-1",0.98,inventory.model,False,[],False
eafed7acca24dc31,inventory.csv#2102,"5,-1","5,-1",0.98,inventory.model,False,[],False
2e3a536a29de2c6f,inventory.csv#2103,"0,-1","0,-1",0.98,inventory.model,False,[],False
8d570f7797498406,inventory.csv#2104,"5,-1","5,-1",0.98,inventory.model,False,[],False
71ec2f0795582fae,inventory.csv#2105,"32,8","32,8",0.98,inventory.model,False,[],False
f45b3fd3fd950080,inventory.csv#2106,"71,-1","71,-1",0.98,inventory.model,False,[],False
158df6bc56c018f8,inventory.csv#2107,"5,-1","5,-1",0.98,inventory.model,False,[],False
1cf346bfce34b68a,inventory.csv#2108,"5,-1","5,-1",0.98,inventory.model,False,[],False
8173b000088d9b6c,inventory.csv#2109,"11,-1","11,-1",0.98,inventory.model,False,[],False
86e3d812f94a41d1,inventory.csv#211,4_203,4_203,0.98,inventory.model,False,[],False
0c8dc60f2f91b7a2,inventory.csv#2110,"2,-1","2,-1",0.98,inventory.model,False,[],False
c46d36e38005d757,inventory.csv#2111,"5,-1","5,-1",0.98,inventory.model,False,[],False
28a3dac68470ba06,inventory.csv#2112,"5,-1","5,-1",0.98,inventory.model,False,[],False
cd4faec127060797,inventory.csv#2113,"7,-1","7,-1",0.98,inventory.model,False,[],False
9750124d1f691ab5,inventory.csv#2114,"0,-1","0,-1",0.98,inventory.model,False,[],False
86c7979992515de4,inventory.csv#2115,"68,-1","68,-1",0.98,inventory.model,False,[],False
34b6ba970a04f00d,inventory.csv#2116,"0,-1","0,-1",0.98,inventory.model,False,[],False
e9a51a36f4957565,inventory.csv#2117,"32,8","32,8",0.98,inventory.model,False,[],False
0cf70a91e3ddcad4,inventory.csv#2118,"7,-1","7,-1",0.98,inventory.model,False,[],False
c2980fda63037e73,inventory.csv#2119,"0,-1","0,-1",0.98,inventory.model,False,[],False
e4af39f0aca92b3d,inventory.csv#212,80_-1,80_-1,0.98,inventory.model,False,[],False
a252f286050070f6,inventory.csv#2120,"0,-1","0,-1",0.98,inventory.model,False,[],False
147e9649113a22a1,inventory.csv#2121,"113,-1","113,-1",0.98,inventory.model,False,[],False
604f367a64843ba6,inventory.csv#2122,"0,-1","0,-1",0.98,inventory.model,False,[],False
1aec8cb0539d9a9c,inventory.csv#2123,"3,-1","3,-1",0.98,inventory.model,False,[],False
b1a4f740f0a3552a,inventory.csv#2124,"210,108","210,108",0.98,inventory.model,False,[],False
9929ea65aea73cb4,inventory.csv#2125,"210,109","210,109",0.98,inventory.model,False,[],False
ba3ecfd7b2b6d488,inventory.csv#2126,"132,89","132,89",0.98,inventory.model,False,[],False
cd81d61dcadadb88,inventory.csv#2127,"210,13","210,13",0.98,inventory.model,False,[],False
a187216d1674b353,inventory.csv#2128,"132,117","132,117",0.98,inventory.model,False,[],False
e257c58ef76eaed7,inventory.csv#2129,"210,109","210,109",0.98,inventory.model,False,[],False
020ef01fc452bd6e,inventory.csv#213,73_-1,73_-1,0.98,inventory.model,False,[],False
79844634ef998fa4,inventory.csv#2130,"210,13","210,13",0.98,inventory.model,False,[],False
9bcb7aeaa9eea6ff,inventory.csv#2131,"210,44","210,44",0.98,inventory.model,False,[],False
eac3bcf5b2ae4aaa,inventory.csv#2132,"210,43","210,43",0.98,inventory.model,False,[],False
e9c6879af1b7e67e,inventory.csv#2133,"69,-1","69,-1",0.98,inventory.model,False,[],False
4c59429f7dfc44df,inventory.csv#2134,"168,-1","168,-1",0.98,inventory.model,False,[],False
076cc0f046d8c22a,inventory.csv#2135,"210,108","210,108",0.98,inventory.model,False,[],False
d0f5acd8ac0948af,inventory.csv#2136,"210,109","210,109",0.98,inventory.model,False,[],False
818c0d24f0975f46,inventory.csv#2137,"210,109","210,109",0.98,inventory.model,False,[],False
624ff30c03636c4c,inventory.csv#2138,"210,37","210,37",0.98,inventory.model,False,[],False
e4aeffb7c426533a,inventory.csv#2139,"210,109","210,109",0.98,inventory.model,False,[],False
a7e1f0af89217aa5,inventory.csv#214,7_-1,7_-1,0.98,inventory.model,False,[],False
ed08b6e2f13f49b3,inventory.csv#2140,"210,44","210,44",0.98,inventory.model,False,[],False
a09b18c8725e4bb3,inventory.csv#2141,"210,109","210,109",0.98,inventory.model,False,[],False
23ca19609cb682bb,inventory.csv#2142,"160,10","160,10",0.98,inventory.model,False,[],False
9eebdd7710f956ee,inventory.csv#2143,"210,109","210,109",0.98,inventory.model,False,[],False
ff685d7f37a52b41,inventory.csv#2144,"210,44","210,44",0.98,inventory.model,False,[],False
84f3e575902cf60a,inventory.csv#2145,"210,-1","210,-1",0.98,inventory.model,False,[],False
eace6ba1d1504a4d,inventory.csv#2146,"210,13","210,13",0.98,inventory.model,False,[],False
578475ea32895caf,inventory.csv#2147,"210,109","210,109",0.98,inventory.model,False,[],False
3ef861635b73eb3e,inventory.csv#2148,"210,109","210,109",0.98,inventory.model,False,[],False
220e0d06e9681fea,inventory.csv#2149,"210,109","210,109",0.98,inventory.model,False,[],False
132bac1b6b8278e4,inventory.csv#215,0_-1,0_-1,0.98,inventory.model,False,[],False
d4ed1726d42440a9,inventory.csv#2150,"210,43","210,43",0.98,inventory.model,False,[],False
5240bdce20a049a1,inventory.csv#2151,"210,-1","210,-1",0.98,inventory.model,False,[],False
8abe4662649ccc27,inventory.csv#2152,"210,43","210,43",0.98,inventory.model,False,[],False
6c1fca0ec7950fb5,inventory.csv#2153,"210,43","210,43",0.98,inventory.model,False,[],False
2af34a2b783b64ad,inventory.csv#2154,"210,108","210,108",0.98,inventory.model,False,[],False
b998400d70156bd6,inventory.csv#2155,"210,109","210,109",0.98,inventory.model,False,[],False
08df67c13e34e17b,inventory.csv#2156,"0,-1","0,-1",0.98,inventory.model,False,[],False
aac3fab162b80b98,inventory.csv#2157,"128,126","128,126",0.98,inventory.model,False,[],False
88e043bb85cc2778,inventory.csv#2158,"128,123","128,123",0.98,inventory.model,False,[],False
b1dc4f05113dc2fe,inventory.csv#2159,"128,88","128,88",0.98,inventory.model,False,[],False
7508e629731efb7c,inventory.csv#216,27_-1,27_-1,0.98,inventory.model,False,[],False
da149b2591122801,inventory.csv#2160,"0,-1","0,-1",0.98,inventory.model,False,[],False
c44037d4c19086f6,inventory.csv#2161,"1,0","1,0",0.98,inventory.model,False,[],False
99ced1a7247d5f66,inventory.csv#2162,"27,-1","27,-1",0.98,inventory.model,False,[],False
e6b580d407489580,inventory.csv#2163,"10,-1","10,-1",0.98,inventory.model,False,[],False
51afe127abbed6f0,inventory.csv#2164,"10,-1","10,-1",0.98,inventory.model,False,[],False
35f5aa902283c333,inventory.csv#2165,"0,0","0,0",0.98,inventory.model,False,[],False
865d07013716114b,inventory.csv#2166,"16,80","16,80",0.98,inventory.model,False,[],False
6da4b3a3adcac90a,inventory.csv#2167,"132,60","132,60",0.98,inventory.model,False,[],False
f0828050b71eb9d2,inventory.csv#2168,"132,60","132,60",0.98,inventory.model,False,[],False
326d9faff3e127c6,inventory.csv#2169,"1,-1","1,-1",0.98,inventory.model,False,[],False
171626fe10535d94,inventory.csv#217,0_0,0_0,0.98,inventory.model,False,[],False
0a115677a37ab27c,inventory.csv#2170,"34,-1","34,-1",0.98,inventory.model,False,[],False
3cf17e38a8e077cb,inventory.csv#2171,"132,60","132,60",0.98,inventory.model,False,[],False
81273d16ac458b6b,inventory.csv#2172,"132,60","132,60",0.98,inventory.model,False,[],False
32879e6c3f80934b,inventory.csv#2173,"35,128","35,128",0.98,inventory.model,False,[],False
44d6c9dff38070e1,inventory.csv#2174,"34,-1","34,-1",0.98,inventory.model,False,[],False
e8634079361e9c56,inventory.csv#2175,"16,-1","16,-1",0.98,inventory.model,False,[],False
59b2941e081663c5,inventory.csv#2176,"192,-1","192,-1",0.98,inventory.model,False,[],False
ca92e0546dc22b48,inventory.csv#2177,"7,-1","7,-1",0.98,inventory.model,False,[],False
af369d60d1bbad9f,inventory.csv#2178,"128,0","128,0",0.98,inventory.model,False,[],False
1c661bf1ad044ddd,inventory.csv#2179,"160,0","160,0",0.98,inventory.model,False,[],False
9585010951b9d7bf,inventory.csv#218,0_1,0_1,0.98,inventory.model,False,[],False
d5d099856e23a512,inventory.csv#2180,"160,16","160,16",0.98,inventory.model,False,[],False
124a58c6bb025fd6,inventory.csv#2181,"160,18","160,18",0.98,inventory.model,False,[],False
e8d3aa30b66b702c,inventory.csv#2182,"160,28","160,28",0.98,inventory.model,False,[],False
294f5dc35bd46d7e,inventory.csv#2183,"160,34","160,34",0.98,inventory.model,False,[],False
7f7d6476aed705ee,inventory.csv#2184,"160,4","160,4",0.98,inventory.model,False,[],False
02e9e9b6d8a5706b,inventory.csv#2185,"176,0","176,0",0.98,inventory.model,False,[],False
4f9eadcd6d7cd407,inventory.csv#2186,"128,2","128,2",0.98,inventory.model,False,[],False
dca44822a62b1698,inventory.csv#2187,"144,64","144,64",0.98,inventory.model,False,[],False
331775ffa610e393,inventory.csv#2188,"160,0","160,0",0.98,inventory.model,False,[],False
954af78aaccce698,inventory.csv#2189,"160,28","160,28",0.98,inventory.model,False,[],False
2ce1067e7970b53d,inventory.csv#219,0_2,0_2,0.98,inventory.model,False,[],False
3cd7a73f7f474cd5,inventory.csv#2190,"160,4","160,4",0.98,inventory.model,False,[],False
57de3f9fd1a6788a,inventory.csv#2191,"128,0","128,0",0.98,inventory.model,False,[],False
125882594b978b26,inventory.csv#2192,"128,1","128,1",0.98,inventory.model,False,[],False
8a9b8ab3ea9d3886,inventory.csv#2193,"128,4","128,4",0.98,inventory.model,False,[],False
ebf498695b423dd5,inventory.csv#2194,"128,9","128,9",0.98,inventory.model,False,[],False
1b0b14ea28320592,inventory.csv#2195,"129,106","129,106",0.98,inventory.model,False,[],False
70249f5654af7f1d,inventory.csv#2196,"160,194","160,194",0.98,inventory.model,False,[],False
c821dcfaedfde473,inventory.csv#2197,"144,0","144,0",0.98,inventory.model,False,[],False
d42b8515a8d2c5b6,inventory.csv#2198,"160,194","160,194",0.98,inventory.model,False,[],False
726b94af9f440a5b,inventory.csv#2199,"160,194","160,194",0.98,inventory.model,False,[],False
b894868d0506fe2d,inventory.csv#22,26_-1,26_-1,0.98,inventory.model,False,[],False
b255d8ee7cb65353,inventory.csv#220,128_0,128_0,0.98,inventory.model,False,[],False
01a8152a19e291bc,inventory.csv#2200,"160,194","160,194",0.98,inventory.model,False,[],False
4e07fbb9363ad5c9,inventory.csv#2201,"160,194","160,194",0.98,inventory.model,False,[],False
5f44bcbbe1a84bfb,inventory.csv#2202,"176,0","176,0",0.98,inventory.model,False,[],False
6369aa8df23ea759,inventory.csv#2203,"176,0","176,0",0.98,inventory.model,False,[],False
f7ce5b6a63941a26,inventory.csv#2204,"176,0","176,0",0.98,inventory.model,False,[],False
b6bc0c079658a4da,inventory.csv#2205,"128,72","128,72",0.98,inventory.model,False,[],False
57fc4dde90a5ce14,inventory.csv#2206,"128,72","128,72",0.98,inventory.model,False,[],False
c81e39ebd8d4cad2,inventory.csv#2207,"160,194","160,194",0.98,inventory.model,False,[],False
fe69a0076b1ff507,inventory.csv#2208,"128,72","128,72",0.98,inventory.model,False,[],False
360989f7b722731e,inventory.csv#2209,"144,0","144,0",0.98,inventory.model,False,[],False
d43ed695128804e3,inventory.csv#221,16_1,16_1,0.98,inventory.model,False,[],False
3c3b055c6e6e4f8c,inventory.csv#2210,"160,194","160,194",0.98,inventory.model,False,[],False
bb9b1f7bfc839513,inventory.csv#2211,"144,0","144,0",0.98,inventory.model,False,[],False
aab0e23d26b79e99,inventory.csv#2212,"160,194","160,194",0.98,inventory.model,False,[],False
e3acadecb770fcf6,inventory.csv#2213,"160,194","160,194",0.98,inventory.model,False,[],False
7a1f58795a489546,inventory.csv#2214,"144,0","144,0",0.98,inventory.model,False,[],False
ea9fb0a529ae6602,inventory.csv#2215,"0,-1","0,-1",0.98,inventory.model,False,[],False
0317d8774ebb3881,inventory.csv#2216,"176,0","176,0",0.98,inventory.model,False,[],False
1f241c06534c6124,inventory.csv#2217,"160,194","160,194",0.98,inventory.model,False,[],False
47fb065e61887fd9,inventory.csv#2218,"0,-1","0,-1",0.98,inventory.model,False,[],False
30abde91c23e2a5f,inventory.csv#2219,"160,194","160,194",0.98,inventory.model,False,[],False
ec25b4b2eead8dbc,inventory.csv#222,1_0,1_0,0.98,inventory.model,False,[],False
42c24a18a897f3c7,inventory.csv#2220,"0,-1","0,-1",0.98,inventory.model,False,[],False
b3fda6e7e0c66026,inventory.csv#2221,"144,1","144,1",0.98,inventory.model,False,[],False
62be7104982a01cc,inventory.csv#2222,"144,0","144,0",0.98,inventory.model,False,[],False
526d2cf148df942c,inventory.csv#2223,"144,0","144,0",0.98,inventory.model,False,[],False
b98b02458d7e02bd,inventory.csv#2224,"112,8","112,8",0.98,inventory.model,False,[],False
6f3b007dc3d33d7e,inventory.csv#2225,"176,0","176,0",0.98,inventory.model,False,[],False
7737ccbeae547467,inventory.csv#2226,"176,0","176,0",0.98,inventory.model,False,[],False
c236d8d273a27746,inventory.csv#2227,"2,-1","2,-1",0.98,inventory.model,False,[],False
119dab9a93f8c797,inventory.csv#2228,"144,0","144,0",0.98,inventory.model,False,[],False
03853f81864245dd,inventory.csv#2229,"144,1","144,1",0.98,inventory.model,False,[],False
d3c2e42e59f46dd8,inventory.csv#223,1_1,1_1,0.98,inventory.model,False,[],False
7bd0eae0480ed1d4,inventory.csv#2230,"144,5","144,5",0.98,inventory.model,False,[],False
0d8802189c0068bd,inventory.csv#2231,"2,-1","2,-1",0.98,inventory.model,False,[],False
6c33cc225edc84ae,inventory.csv#2232,"0,-1","0,-1",0.98,inventory.model,False,[],False
fdfbd991de63c481,inventory.csv#2233,"0,249","0,249",0.98,inventory.model,False,[],False
2170a6d0fe889bac,inventory.csv#2234,"8,-1","8,-1",0.98,inventory.model,False,[],False
e7f2c7ed969e032a,inventory.csv#2235,"8,-1","8,-1",0.98,inventory.model,False,[],False
71ca8c3a4482214e,inventory.csv#2236,"134,97","134,97",0.98,inventory.model,False,[],False
f4a26574346cf472,inventory.csv#2237,"27,-1","27,-1",0.98,inventory.model,False,[],False
ff1eaef05a9e3f6c,inventory.csv#2238,"3,240","3,240",0.98,inventory.model,False,[],False
141fb11f465f8ba5,inventory.csv#2239,"3,240","3,240",0.98,inventory.model,False,[],False
9e122039d400c589,inventory.csv#224,1_2,1_2,0.98,inventory.model,False,[],False
be0195e756b06893,inventory.csv#2240,"0,-1","0,-1",0.98,inventory.model,False,[],False
2894bd79b2eb1921,inventory.csv#2241,"85,-1","85,-1",0.98,inventory.model,False,[],False
df71054a40a818c0,inventory.csv#2242,"80,-1","80,-1",0.98,inventory.model,False,[],False
228f6f8e6ec97d54,inventory.csv#2243,"20,-1","20,-1",0.98,inventory.model,False,[],False
16071125875aa910,inventory.csv#2244,"26,-1","26,-1",0.98,inventory.model,False,[],False
7c0979c0d9400664,inventory.csv#2245,"133,48","133,48",0.98,inventory.model,False,[],False
b004d10675b29410,inventory.csv#2246,"133,48","133,48",0.98,inventory.model,False,[],False
9a32624685a78ab7,inventory.csv#2247,"39,-1","39,-1",0.98,inventory.model,False,[],False
520686fcf4b8a36c,inventory.csv#2248,"4,-1","4,-1",0.98,inventory.model,False,[],False
f8588eebbce5b951,inventory.csv#2249,"0,-1","0,-1",0.98,inventory.model,False,[],False
639243742d44d3b6,inventory.csv#225,24_0,24_0,0.98,inventory.model,False,[],False
2029832107b0b745,inventory.csv#2250,"16,-1","16,-1",0.98,inventory.model,False,[],False
1c8bd04b5a46505c,inventory.csv#2251,"17,-1","17,-1",0.98,inventory.model,False,[],False
3b31cb62a73d97b7,inventory.csv#2252,"20,-1","20,-1",0.98,inventory.model,False,[],False
48db3fec3bab7dd0,inventory.csv#2253,"5,-1","5,-1",0.98,inventory.model,False,[],False
b65f0e58fd72181b,inventory.csv#2254,"0,-1","0,-1",0.98,inventory.model,False,[],False
ed86c47e21ab18af,inventory.csv#2255,"3,-1","3,-1",0.98,inventory.model,False,[],False
56633bb5f8525837,inventory.csv#2256,"0,-1","0,-1",0.98,inventory.model,False,[],False
62b7259204c3f964,inventory.csv#2257,"48,-1","48,-1",0.98,inventory.model,False,[],False
85a763409b380fd8,inventory.csv#2258,"5,-1","5,-1",0.98,inventory.model,False,[],False
16787d483421c477,inventory.csv#2259,"138,245","138,245",0.98,inventory.model,False,[],False
268a94aa84314eeb,inventory.csv#226,7_-1,7_-1,0.98,inventory.model,False,[],False
b4da10c0ff463a87,inventory.csv#2260,"0,-1","0,-1",0.98,inventory.model,False,[],False
ced5fa1d05b6831a,inventory.csv#2261,"0,-1","0,-1",0.98,inventory.model,False,[],False
9d396c824b0e3164,inventory.csv#2262,"0,-1","0,-1",0.98,inventory.model,False,[],False
573ebf856e38badb,inventory.csv#2263,"0,-1","0,-1",0.98,inventory.model,False,[],False
c0f0ac72489e9ec8,inventory.csv#2264,"0,-1","0,-1",0.98,inventory.model,False,[],False
4cf577c4feda98cc,inventory.csv#2265,"5,-1","5,-1",0.98,inventory.model,False,[],False
716cc4d33ab6ad68,inventory.csv#2266,"10,-1","10,-1",0.98,inventory.model,False,[],False
96f9dfeeb38dd251,inventory.csv#2267,"5,-1","5,-1",0.98,inventory.model,False,[],False
05f01045065f91f6,inventory.csv#2268,"5,-1","5,-1",0.98,inventory.model,False,[],False
d6abf8b72c0df909,inventory.csv#2269,"20,-1","20,-1",0.98,inventory.model,False,[],False
3d50bbf6f23c7b26,inventory.csv#227,0_0,0_0,0.98,inventory.model,False,[],False
adbf3e6552dd5061,inventory.csv#2270,"20,-1","20,-1",0.98,inventory.model,False,[],False
c363e7ce4fc914ee,inventory.csv#2271,"20,-1","20,-1",0.98,inventory.model,False,[],False
812959c476018607,inventory.csv#2272,"0,-1","0,-1",0.98,inventory.model,False,[],False
a2c910768f6fdbcd,inventory.csv#2273,"39,-1","39,-1",0.98,inventory.model,False,[],False
bfa355d2514cae72,inventory.csv#2274,"4,-1","4,-1",0.98,inventory.model,False,[],False
b8bd10c3db821970,inventory.csv#2275,"4,-1","4,-1",0.98,inventory.model,False,[],False
76d420d646c39cf0,inventory.csv#2276,"4,-1","4,-1",0.98,inventory.model,False,[],False
2d0d178f2cef55d3,inventory.csv#2277,"4,-1","4,-1",0.98,inventory.model,False,[],False
60b2b7c2c6068506,inventory.csv#2278,"4,-1","4,-1",0.98,inventory.model,False,[],False
9090a5e7a5c3f17e,inventory.csv#2279,"134,83","134,83",0.98,inventory.model,False,[],False
05107a57a63f4321,inventory.csv#228,12_0,12_0,0.98,inventory.model,False,[],False
bf02e06d13347171,inventory.csv#2280,"20,-1","20,-1",0.98,inventory.model,False,[],False
c6a554c0191bfc38,inventory.csv#2281,"0,-1","0,-1",0.98,inventory.model,False,[],False
dd49fc75effbde14,inventory.csv#2282,"5,-1","5,-1",0.98,inventory.model,False,[],False
a3af5fdb5347f161,inventory.csv#2283,"6,-1","6,-1",0.98,inventory.model,False,[],False
89682a57e13265b1,inventory.csv#2284,"26,154","26,154",0.98,inventory.model,False,[],False
b0a37a4dbb6e3294,inventory.csv#2285,"64,47","64,47",0.98,inventory.model,False,[],False
91c52fd17b9938e9,inventory.csv#2286,"8,-1","8,-1",0.98,inventory.model,False,[],False
79f050df02886ec2,inventory.csv#2287,"0,-1","0,-1",0.98,inventory.model,False,[],False
9602e854a6645d65,inventory.csv#2288,"34,-1","34,-1",0.98,inventory.model,False,[],False
fbe7bafb425fd424,inventory.csv#2289,"27,-1","27,-1",0.98,inventory.model,False,[],False
076d393e260e300b,inventory.csv#229,1_0,1_0,0.98,inventory.model,False,[],False
6d4110cb0f395611,inventory.csv#2290,"20,-1","20,-1",0.98,inventory.model,False,[],False
33f9316b80bcf651,inventory.csv#2291,"4,-1","4,-1",0.98,inventory.model,False,[],False
21d67ec39122da27,inventory.csv#2292,"0,-1","0,-1",0.98,inventory.model,False,[],False
5ca42de4bba843d3,inventory.csv#2293,"5,-1","5,-1",0.98,inventory.model,False,[],False
7e240216322095d4,inventory.csv#2294,"0,-1","0,-1",0.98,inventory.model,False,[],False
6298ae885328074c,inventory.csv#2295,"0,-1","0,-1",0.98,inventory.model,False,[],False
f270273a676868cd,inventory.csv#2296,"20,-1","20,-1",0.98,inventory.model,False,[],False
71bde31aed4f468b,inventory.csv#2297,"0,-1","0,-1",0.98,inventory.model,False,[],False
9161e453c59246c8,inventory.csv#2298,"4,-1","4,-1",0.98,inventory.model,False,[],False
5a1cb6fd471563b1,inventory.csv#2299,"0,-1","0,-1",0.98,inventory.model,False,[],False
da22c6253cd0431a,inventory.csv#23,26_232,26_232,0.98,inventory.model,False,[],False
98dc0546b4415d5e,inventory.csv#230,7_-1,7_-1,0.98,inventory.model,False,[],False
e8965a2f2e5684f3,inventory.csv#2300,"0,-1","0,-1",0.98,inventory.model,False,[],False
c02d1fecca0c5e9e,inventory.csv#2301,"0,-1","0,-1",0.98,inventory.model,False,[],False
5bd33dcdebdaa155,inventory.csv#2302,"39,-1","39,-1",0.98,inventory.model,False,[],False
574c5fc97b183c86,inventory.csv#2303,"0,-1","0,-1",0.98,inventory.model,False,[],False
67a61a3d500a828d,inventory.csv#2304,"5,-1","5,-1",0.98,inventory.model,False,[],False
35dd4f4c5c625dd2,inventory.csv#2305,"0,-1","0,-1",0.98,inventory.model,False,[],False
6ccca079980fa40d,inventory.csv#2306,"26,-1","26,-1",0.98,inventory.model,False,[],False
d14f224a3f83bd67,inventory.csv#2307,"10,-1","10,-1",0.98,inventory.model,False,[],False
10ec1e79c56c7cf9,inventory.csv#2308,"1,-1","1,-1",0.98,inventory.model,False,[],False
3a234c0691da0ceb,inventory.csv#2309,"0,-1","0,-1",0.98,inventory.model,False,[],False
625d5f3de87b834e,inventory.csv#231,0_0,0_0,0.98,inventory.model,False,[],False
b21324bbfe6dca70,inventory.csv#2310,"20,-1","20,-1",0.98,inventory.model,False,[],False
9d7f01806b49f676,inventory.csv#2311,"20,-1","20,-1",0.98,inventory.model,False,[],False
70e335d62675e714,inventory.csv#2312,"5,-1","5,-1",0.98,inventory.model,False,[],False
8e19bbb8b62f8732,inventory.csv#2313,"0,-1","0,-1",0.98,inventory.model,False,[],False
f9954a8fe9bddd53,inventory.csv#2314,"5,-1","5,-1",0.98,inventory.model,False,[],False
52a1f4491c8f40e1,inventory.csv#2315,"0,-1","0,-1",0.98,inventory.model,False,[],False
ddbd09980622d060,inventory.csv#2316,"6,-1","6,-1",0.98,inventory.model,False,[],False
544fd6c0c9ceba2b,inventory.csv#2317,"39,-1","39,-1",0.98,inventory.model,False,[],False
78aa56c6c88f394c,inventory.csv#2318,"4,15","4,15",0.98,inventory.model,False,[],False
2d75b20e62941045,inventory.csv#2319,"0,-1","0,-1",0.98,inventory.model,False,[],False
89a23c543e56b2ad,inventory.csv#232,16_0,16_0,0.98,inventory.model,False,[],False
acfe402af8c7b2e7,inventory.csv#2320,"164,164","164,164",0.98,inventory.model,False,[],False
1d3accd6655eceeb,inventory.csv#2321,"133,48","133,48",0.98,inventory.model,False,[],False
3d9f01d4b4a8cfae,inventory.csv#2322,"133,48","133,48",0.98,inventory.model,False,[],False
e6f5db99a0e6069f,inventory.csv#2323,"0,-1","0,-1",0.98,inventory.model,False,[],False
aac179be19a83c1c,inventory.csv#2324,"0,-1","0,-1",0.98,inventory.model,False,[],False
14d6025a043987dc,inventory.csv#2325,"5,-1","5,-1",0.98,inventory.model,False,[],False
d849fe92ee6ccd2b,inventory.csv#2326,"5,-1","5,-1",0.98,inventory.model,False,[],False
5b4c0ef8d4568f23,inventory.csv#2327,"5,-1","5,-1",0.98,inventory.model,False,[],False
a8b670f909898df2,inventory.csv#2328,"4,-1","4,-1",0.98,inventory.model,False,[],False
d4a85a7ab02328da,inventory.csv#2329,"17,20","17,20",0.98,inventory.model,False,[],False
2a00169ace633896,inventory.csv#233,1_0,1_0,0.98,inventory.model,False,[],False
4ae21794e5b3ab52,inventory.csv#2330,"7,-1","7,-1",0.98,inventory.model,False,[],False
b6d7c8d2acfe7cea,inventory.csv#2331,"7,-1","7,-1",0.98,inventory.model,False,[],False
c29e3b046657dbe5,inventory.csv#2332,"7,-1","7,-1",0.98,inventory.model,False,[],False
bc5e8f7a9737ea18,inventory.csv#2333,"162,-1","162,-1",0.98,inventory.model,False,[],False
38006b3ecf4aa4e9,inventory.csv#2334,"164,-1","164,-1",0.98,inventory.model,False,[],False
38291ea177ca4093,inventory.csv#2335,"165,-1","165,-1",0.98,inventory.model,False,[],False
7bec07d03c262f7c,inventory.csv#2336,"168,40","168,40",0.98,inventory.model,False,[],False
f0c1a13968f10ca8,inventory.csv#2337,"170,-1","170,-1",0.98,inventory.model,False,[],False
cce8f505631957f0,inventory.csv#2338,"172,-1","172,-1",0.98,inventory.model,False,[],False
d5eb4f4660951171,inventory.csv#2339,"161,-1","161,-1",0.98,inventory.model,False,[],False
aa16fb723cf271fc,inventory.csv#234,32_-1,32_-1,0.98,inventory.model,False,[],False
8d899c060995dfae,inventory.csv#2340,"162,-1","162,-1",0.98,inventory.model,False,[],False
aea8a6a8a2933bf0,inventory.csv#2341,"162,-1","162,-1",0.98,inventory.model,False,[],False
c767831997f68cd6,inventory.csv#2342,"163,-1","163,-1",0.98,inventory.model,False,[],False
5f6c84248b9d42f5,inventory.csv#2343,"175,-1","175,-1",0.98,inventory.model,False,[],False
d67d20f82c164d9b,inventory.csv#2344,"163,-1","163,-1",0.98,inventory.model,False,[],False
09d707c8d28a9758,inventory.csv#2345,"175,-1","175,-1",0.98,inventory.model,False,[],False
9534056b75894b2e,inventory.csv#2346,"163,-1","163,-1",0.98,inventory.model,False,[],False
d77c03dd6b6474c1,inventory.csv#2347,"175,-1","175,-1",0.98,inventory.model,False,[],False
aa1d3dbc9babd633,inventory.csv#2348,"163,-1","163,-1",0.98,inventory.model,False,[],False
61f98ff170a600c0,inventory.csv#2349,"168,-1","168,-1",0.98,inventory.model,False,[],False
e28661b114caa798,inventory.csv#235,48_-1,48_-1,0.98,inventory.model,False,[],False
1970e0d2637f4d99,inventory.csv#2350,"175,-1","175,-1",0.98,inventory.model,False,[],False
919157da876ce38a,inventory.csv#2351,"164,-1","164,-1",0.98,inventory.model,False,[],False
851b453a1da01dc9,inventory.csv#2352,"165,-1","165,-1",0.98,inventory.model,False,[],False
56027d35b5637af0,inventory.csv#2353,"170,-1","170,-1",0.98,inventory.model,False,[],False
f91a0e7b165661e5,inventory.csv#2354,"175,-1","175,-1",0.98,inventory.model,False,[],False
141394141d27e94f,inventory.csv#2355,"170,-1","170,-1",0.98,inventory.model,False,[],False
e57cca5fe950fcd2,inventory.csv#2356,"166,-1","166,-1",0.98,inventory.model,False,[],False
8edfb963af90975c,inventory.csv#2357,"162,-1","162,-1",0.98,inventory.model,False,[],False
673644973139b1d8,inventory.csv#2358,"168,-1","168,-1",0.98,inventory.model,False,[],False
1058b3ad5048f0ef,inventory.csv#2359,"168,-1","168,-1",0.98,inventory.model,False,[],False
37e91af9aae3ec5f,inventory.csv#236,48_-1,48_-1,0.98,inventory.model,False,[],False
9975657dd09f3d33,inventory.csv#2360,"162,-1","162,-1",0.98,inventory.model,False,[],False
c7676b4d7a3a719f,inventory.csv#2361,"162,-1","162,-1",0.98,inventory.model,False,[],False
8d585ff2f1800342,inventory.csv#2362,"162,-1","162,-1",0.98,inventory.model,False,[],False
a364d32113036b0d,inventory.csv#2363,"162,-1","162,-1",0.98,inventory.model,False,[],False
0f5a8221b5f99f33,inventory.csv#2364,"162,-1","162,-1",0.98,inventory.model,False,[],False
5f82730c956ecdf7,inventory.csv#2365,"162,-1","162,-1",0.98,inventory.model,False,[],False
91ddf53c68e55f9b,inventory.csv#2366,"162,-1","162,-1",0.98,inventory.model,False,[],False
c12a4f66b998f49f,inventory.csv#2367,"0,-1","0,-1",0.98,inventory.model,False,[],False
fe55d9a8bf3ceb09,inventory.csv#2368,"162,-1","162,-1",0.98,inventory.model,False,[],False
44d55b833c0d9e7d,inventory.csv#2369,"2,1","2,1",0.98,inventory.model,False,[],False
6d84312bbd472ffe,inventory.csv#237,48_-1,48_-1,0.98,inventory.model,False,[],False
63e4aee1207a46e7,inventory.csv#2370,"162,-1","162,-1",0.98,inventory.model,False,[],False
5afa284b2b21a718,inventory.csv#2371,"168,-1","168,-1",0.98,inventory.model,False,[],False
c9ac26b953d10c7e,inventory.csv#2372,"163,-1","163,-1",0.98,inventory.model,False,[],False
09263a374dbccd88,inventory.csv#2373,"63,-1","63,-1",0.98,inventory.model,False,[],False
9e045d64e8d8da78,inventory.csv#2374,"134,107","134,107",0.98,inventory.model,False,[],False
daaadefd66c5faea,inventory.csv#2375,"0,-1","0,-1",0.98,inventory.model,False,[],False
753c1c3ceadca3eb,inventory.csv#2376,"32,-1","32,-1",0.98,inventory.model,False,[],False
2f6efde849977cbd,inventory.csv#2377,"172,-1","172,-1",0.98,inventory.model,False,[],False
f3dd4914d2912ecc,inventory.csv#2378,"5,-1","5,-1",0.98,inventory.model,False,[],False
0e351fe44da7571c,inventory.csv#2379,"0,246","0,246",0.98,inventory.model,False,[],False
267b6aace478c844,inventory.csv#238,72_80,72_80,0.98,inventory.model,False,[],False
b43c4ec91d84b767,inventory.csv#2380,"15,-1","15,-1",0.98,inventory.model,False,[],False
2c435628b2deae5f,inventory.csv#2381,"5,-1","5,-1",0.98,inventory.model,False,[],False
78fde0b81328ca79,inventory.csv#2382,"15,-1","15,-1",0.98,inventory.model,False,[],False
5ac87883d1fc33f0,inventory.csv#2383,"14,-1","14,-1",0.98,inventory.model,False,[],False
b993709159b6931c,inventory.csv#2384,"1,-1","1,-1",0.98,inventory.model,False,[],False
fb1e73d791148b30,inventory.csv#2385,"17,-1","17,-1",0.98,inventory.model,False,[],False
9f0bb00fbd58849f,inventory.csv#2386,"2,-1","2,-1",0.98,inventory.model,False,[],False
83ec9d0a2768bda6,inventory.csv#2387,"3,-1","3,-1",0.98,inventory.model,False,[],False
402ce3c6a04b5a13,inventory.csv#2388,"4,-1","4,-1",0.98,inventory.model,False,[],False
251e2404e5c4b6f9,inventory.csv#2389,"134,107","134,107",0.98,inventory.model,False,[],False
f0c33d1c65568868,inventory.csv#239,96_-1,96_-1,0.98,inventory.model,False,[],False
811601505e396ba7,inventory.csv#2390,"1,-1","1,-1",0.98,inventory.model,False,[],False
259513f879478c56,inventory.csv#2391,"0,153","0,153",0.98,inventory.model,False,[],False
0d85e6f637c7e9eb,inventory.csv#2392,"20,-1","20,-1",0.98,inventory.model,False,[],False
eb9d04d9ae9c052a,inventory.csv#2393,"19,1","19,1",0.98,inventory.model,False,[],False
7a8467443e367ada,inventory.csv#2394,"128,0","128,0",0.98,inventory.model,False,[],False
b92edb10ca644ecd,inventory.csv#2395,"3,1","3,1",0.98,inventory.model,False,[],False
10a29d1625d11fff,inventory.csv#2396,"5,-1","5,-1",0.98,inventory.model,False,[],False
db42ddcdecc93cb2,inventory.csv#2397,"5,-1","5,-1",0.98,inventory.model,False,[],False
c2c964f3b1ca144b,inventory.csv#2398,"138,245","138,245",0.98,inventory.model,False,[],False
e0b2148921f197fd,inventory.csv#2399,"0,127","0,127",0.98,inventory.model,False,[],False
c08c77c52841fb2f,inventory.csv#24,81_0,81_0,0.98,inventory.model,False,[],False
39f37341ba7ef1ea,inventory.csv#240,0_48,0_48,0.98,inventory.model,False,[],False
99c08f43aacc80e9,inventory.csv#2400,"0,127","0,127",0.98,inventory.model,False,[],False
68adb4903506ed0b,inventory.csv#2401,"0,127","0,127",0.98,inventory.model,False,[],False
6193d57b1161cede,inventory.csv#2402,"138,245","138,245",0.98,inventory.model,False,[],False
8c9aba47f6056eea,inventory.csv#2403,"138,245","138,245",0.98,inventory.model,False,[],False
d2c3c0fbf9d4e82b,inventory.csv#2404,"32,-1","32,-1",0.98,inventory.model,False,[],False
ca343a7c626bfca5,inventory.csv#2405,"64,-1","64,-1",0.98,inventory.model,False,[],False
daa3a6ca9625ac16,inventory.csv#2406,"15,-1","15,-1",0.98,inventory.model,False,[],False
f0cd8db14f85657f,inventory.csv#2407,"7,-1","7,-1",0.98,inventory.model,False,[],False
4de456915e8aab64,inventory.csv#2408,"5,-1","5,-1",0.98,inventory.model,False,[],False
41c547cd874d7ceb,inventory.csv#2409,"13,-1","13,-1",0.98,inventory.model,False,[],False
5e07d8e88c6ab89e,inventory.csv#241,0_48,0_48,0.98,inventory.model,False,[],False
6112fe2032485ff7,inventory.csv#2410,"14,-1","14,-1",0.98,inventory.model,False,[],False
04d1810f17e2be8b,inventory.csv#2411,"15,-1","15,-1",0.98,inventory.model,False,[],False
0b01b7a37bc50d14,inventory.csv#2412,"7,-1","7,-1",0.98,inventory.model,False,[],False
c4ebe85738787f5e,inventory.csv#2413,"39,-1","39,-1",0.98,inventory.model,False,[],False
fd7adef18ba07c0a,inventory.csv#2414,"7,-1","7,-1",0.98,inventory.model,False,[],False
70196222da454cf6,inventory.csv#2415,"15,-1","15,-1",0.98,inventory.model,False,[],False
13846de92286605c,inventory.csv#2416,"15,-1","15,-1",0.98,inventory.model,False,[],False
1a8bdb27542e5df8,inventory.csv#2417,"135,94","135,94",0.98,inventory.model,False,[],False
94e9803b414a4f3b,inventory.csv#2418,"15,-1","15,-1",0.98,inventory.model,False,[],False
18141f0a0b0122b8,inventory.csv#2419,"14,-1","14,-1",0.98,inventory.model,False,[],False
c32e8f3b6331783c,inventory.csv#242,67_164,67_164,0.98,inventory.model,False,[],False
677a0b9007843d3e,inventory.csv#2420,"15,-1","15,-1",0.98,inventory.model,False,[],False
e8ef140add094793,inventory.csv#2421,"0,-1","0,-1",0.98,inventory.model,False,[],False
532cb6135bb00880,inventory.csv#2422,"7,-1","7,-1",0.98,inventory.model,False,[],False
8f72ff4fb9a08732,inventory.csv#2423,"110,-1","110,-1",0.98,inventory.model,False,[],False
70c470cd4ce6b51e,inventory.csv#2424,"135,124","135,124",0.98,inventory.model,False,[],False
35e97d30343e3319,inventory.csv#2425,"16,-1","16,-1",0.98,inventory.model,False,[],False
7fc3cb2b72a01f00,inventory.csv#2426,"0,-1","0,-1",0.98,inventory.model,False,[],False
79ac2447812b1c64,inventory.csv#2427,"5,-1","5,-1",0.98,inventory.model,False,[],False
78fd7de8cfc15f49,inventory.csv#2428,"1,-1","1,-1",0.98,inventory.model,False,[],False
36d07154527c9ebe,inventory.csv#2429,"0,-1","0,-1",0.98,inventory.model,False,[],False
abbb1b5ce3acdbf0,inventory.csv#243,5_-1,5_-1,0.98,inventory.model,False,[],False
96f1c9e7dfe399dc,inventory.csv#2430,"1,0","1,0",0.98,inventory.model,False,[],False
6d34084fd74926e1,inventory.csv#2431,"1,0","1,0",0.98,inventory.model,False,[],False
4c24289837dd67b7,inventory.csv#2432,"0,-1","0,-1",0.98,inventory.model,False,[],False
d1c44fec24b2d12a,inventory.csv#2433,"0,153","0,153",0.98,inventory.model,False,[],False
c71c86b8d75b3e6b,inventory.csv#2434,"130,19","130,19",0.98,inventory.model,False,[],False
539b3eb55d9a4091,inventory.csv#2435,"136,-1","136,-1",0.98,inventory.model,False,[],False
f27c9504a3623997,inventory.csv#2436,"190,239","190,239",0.98,inventory.model,False,[],False
ef4f582d89fb8162,inventory.csv#2437,"111,-1","111,-1",0.98,inventory.model,False,[],False
b9f08b625d2384db,inventory.csv#2438,"1,-1","1,-1",0.98,inventory.model,False,[],False
0db46f305e284e07,inventory.csv#2439,"14,14","14,14",0.98,inventory.model,False,[],False
7eb0fe932a2a1a66,inventory.csv#244,11_-1,11_-1,0.98,inventory.model,False,[],False
97830d68559ffa20,inventory.csv#2440,"20,-1","20,-1",0.98,inventory.model,False,[],False
5715f3358b439f70,inventory.csv#2441,"82,0","82,0",0.98,inventory.model,False,[],False
632452e39c22aca9,inventory.csv#2442,"131,18","131,18",0.98,inventory.model,False,[],False
8eff3a9de4751e88,inventory.csv#2443,"0,-1","0,-1",0.98,inventory.model,False,[],False
8930345644246bfe,inventory.csv#2444,"179,-1","179,-1",0.98,inventory.model,False,[],False
4c121d2f89ab26f6,inventory.csv#2445,"191,-1","191,-1",0.98,inventory.model,False,[],False
754319414ab0739c,inventory.csv#2446,"3,-1","3,-1",0.98,inventory.model,False,[],False
c9f026dfd0a857df,inventory.csv#2447,"0,-1","0,-1",0.98,inventory.model,False,[],False
7a990aaa037fd605,inventory.csv#2448,"4,-1","4,-1",0.98,inventory.model,False,[],False
ef17f006b772d6b0,inventory.csv#2449,"1,-1","1,-1",0.98,inventory.model,False,[],False
a7e33152e49bf563,inventory.csv#245,11_79,11_79,0.98,inventory.model,False,[],False
605d1e95f97b4c8e,inventory.csv#2450,"1,-1","1,-1",0.98,inventory.model,False,[],False
1b1f6dbfebda1d7d,inventory.csv#2451,"24,247","24,247",0.98,inventory.model,False,[],False
9ae876049319d1be,inventory.csv#2452,"5,1","5,1",0.98,inventory.model,False,[],False
51021386060c6ad9,inventory.csv#2453,"10,-1","10,-1",0.98,inventory.model,False,[],False
d1ef53fc8e2a7673,inventory.csv#2454,"1,-1","1,-1",0.98,inventory.model,False,[],False
1638e5d9eee704b3,inventory.csv#2455,"7,-1","7,-1",0.98,inventory.model,False,[],False
cefe7257ed152889,inventory.csv#2456,"7,-1","7,-1",0.98,inventory.model,False,[],False
f9e4036cac81817f,inventory.csv#2457,"135,94","135,94",0.98,inventory.model,False,[],False
9d454aef89675313,inventory.csv#2458,"135,94","135,94",0.98,inventory.model,False,[],False
f83e4c2ca6d23514,inventory.csv#2459,"135,94","135,94",0.98,inventory.model,False,[],False
4027eebb9e03177b,inventory.csv#246,11_79,11_79,0.98,inventory.model,False,[],False
a9e0466efb2821e9,inventory.csv#2460,"49,-1","49,-1",0.98,inventory.model,False,[],False
a270e4ddcd21dcbd,inventory.csv#2461,"1,8","1,8",0.98,inventory.model,False,[],False
c0b2779b6888ede1,inventory.csv#2462,"7,7","7,7",0.98,inventory.model,False,[],False
21916cfbb008b4be,inventory.csv#2463,"7,7","7,7",0.98,inventory.model,False,[],False
eb79fcdab91d9176,inventory.csv#2464,"102,0","102,0",0.98,inventory.model,False,[],False
96c55ff897bbc5da,inventory.csv#2465,"5,5","5,5",0.98,inventory.model,False,[],False
36ee0da78ca52245,inventory.csv#2466,"102,0","102,0",0.98,inventory.model,False,[],False
df7c2b58d11aae19,inventory.csv#2467,"102,0","102,0",0.98,inventory.model,False,[],False
1b0702b861a3ea4c,inventory.csv#2468,"7,7","7,7",0.98,inventory.model,False,[],False
bfa1c71d3a970543,inventory.csv#2469,"102,0","102,0",0.98,inventory.model,False,[],False
3182ee4f26f76942,inventory.csv#247,123_72,123_72,0.98,inventory.model,False,[],False
7d4ce39298b55032,inventory.csv#2470,"102,0","102,0",0.98,inventory.model,False,[],False
0a9ed4870cade9ae,inventory.csv#2471,"7,7","7,7",0.98,inventory.model,False,[],False
e467c5b9fcd3754d,inventory.csv#2472,"7,7","7,7",0.98,inventory.model,False,[],False
31e032d88a04c7f9,inventory.csv#2473,"7,7","7,7",0.98,inventory.model,False,[],False
3160f7a8f70c5576,inventory.csv#2474,"7,7","7,7",0.98,inventory.model,False,[],False
ca14d33254131c26,inventory.csv#2475,"102,0","102,0",0.98,inventory.model,False,[],False
cb67cee0ab6cd189,inventory.csv#2476,"0,-1","0,-1",0.98,inventory.model,False,[],False
d8287a7e6de58a4e,inventory.csv#2477,"0,-1","0,-1",0.98,inventory.model,False,[],False
bfda1676603f02a8,inventory.csv#2478,"5,5","5,5",0.98,inventory.model,False,[],False
bfc85f1d777f6373,inventory.csv#2479,"2,-1","2,-1",0.98,inventory.model,False,[],False
2c5bb0b90bbf298f,inventory.csv#248,139_71,139_71,0.98,inventory.model,False,[],False
deb362b237f5fae4,inventory.csv#2480,"7,7","7,7",0.98,inventory.model,False,[],False
fb8c12ff404d9463,inventory.csv#2481,"7,7","7,7",0.98,inventory.model,False,[],False
2f59e5d5be36d9b9,inventory.csv#2482,"7,7","7,7",0.98,inventory.model,False,[],False
2e8dcd03be502180,inventory.csv#2483,"7,7","7,7",0.98,inventory.model,False,[],False
7fa05167099056a5,inventory.csv#2484,"7,7","7,7",0.98,inventory.model,False,[],False
ebb42e27960d7ab9,inventory.csv#2485,"5,5","5,5",0.98,inventory.model,False,[],False
92a62109db7cbb96,inventory.csv#2486,"7,7","7,7",0.98,inventory.model,False,[],False
fbd12da9a516bacd,inventory.csv#2487,"67,83","67,83",0.98,inventory.model,False,[],False
877b255812822f78,inventory.csv#2488,"7,7","7,7",0.98,inventory.model,False,[],False
cee2fda00f92099a,inventory.csv#2489,"1,8","1,8",0.98,inventory.model,False,[],False
71302f7b483c1a52,inventory.csv#249,187_-1,187_-1,0.98,inventory.model,False,[],False
fe11456cf3809f36,inventory.csv#2490,"7,7","7,7",0.98,inventory.model,False,[],False
11fefa353bcd0b9e,inventory.csv#2491,"7,7","7,7",0.98,inventory.model,False,[],False
0661c299c7c88fbd,inventory.csv#2492,"7,7","7,7",0.98,inventory.model,False,[],False
92e2de223144497e,inventory.csv#2493,"7,7","7,7",0.98,inventory.model,False,[],False
9d2f86863bf061ae,inventory.csv#2494,"9,9","9,9",0.98,inventory.model,False,[],False
dca308672b80c414,inventory.csv#2495,"7,7","7,7",0.98,inventory.model,False,[],False
864440434c498c51,inventory.csv#2496,"7,7","7,7",0.98,inventory.model,False,[],False
98fc52eb084bde7c,inventory.csv#2497,"7,7","7,7",0.98,inventory.model,False,[],False
cdb944d4a1ba0218,inventory.csv#2498,"7,7","7,7",0.98,inventory.model,False,[],False
59a1a0d68452f4f5,inventory.csv#2499,"7,7","7,7",0.98,inventory.model,False,[],False
2dee7dd4a8f322da,inventory.csv#25,88_23,88_23,0.98,inventory.model,False,[],False
f3a719f122ec4891,inventory.csv#250,203_67,203_67,0.98,inventory.model,False,[],False
eb7241185139486e,inventory.csv#2500,"7,7","7,7",0.98,inventory.model,False,[],False
c9e28f3943f0381a,inventory.csv#2501,"7,7","7,7",0.98,inventory.model,False,[],False
bd68ebf7b75a51a5,inventory.csv#2502,"7,7","7,7",0.98,inventory.model,False,[],False
ee1e395617247dcd,inventory.csv#2503,"33,33","33,33",0.98,inventory.model,False,[],False
54dbc7562f4bae0a,inventory.csv#2504,"0,1","0,1",0.98,inventory.model,False,[],False
217dd0e2b8bd09d1,inventory.csv#2505,"7,7","7,7",0.98,inventory.model,False,[],False
e60478d873a41e83,inventory.csv#2506,"9,9","9,9",0.98,inventory.model,False,[],False
0f42ee0f1e1cb787,inventory.csv#2507,"32,0","32,0",0.98,inventory.model,False,[],False
a696193fd2c27221,inventory.csv#2508,"0,-1","0,-1",0.98,inventory.model,False,[],False
a22a1d18e9858fd2,inventory.csv#2509,"5,5","5,5",0.98,inventory.model,False,[],False
ca5f2beeb69a4a8b,inventory.csv#251,219_66,219_66,0.98,inventory.model,False,[],False
beab42d584f519ee,inventory.csv#2510,"0,4","0,4",0.98,inventory.model,False,[],False
c5c8ec336d14b096,inventory.csv#2511,"7,7","7,7",0.98,inventory.model,False,[],False
220cc2cf60a6fce5,inventory.csv#2512,"102,0","102,0",0.98,inventory.model,False,[],False
028585e680a2a7ad,inventory.csv#2513,"5,5","5,5",0.98,inventory.model,False,[],False
d3c2a6807980a396,inventory.csv#2514,"7,7","7,7",0.98,inventory.model,False,[],False
881e20f26e2fe42b,inventory.csv#2515,"21,-1","21,-1",0.98,inventory.model,False,[],False
280b0096f682587b,inventory.csv#2516,"64,-1","64,-1",0.98,inventory.model,False,[],False
a94565a9a043be7d,inventory.csv#2517,"64,64","64,64",0.98,inventory.model,False,[],False
099bafebaac26e2c,inventory.csv#2518,"27,-1","27,-1",0.98,inventory.model,False,[],False
68775ceefa14c22d,inventory.csv#2519,"5,5","5,5",0.98,inventory.model,False,[],False
9343f334d23bc689,inventory.csv#252,242_208,242_208,0.98,inventory.model,False,[],False
15f69cf4ea7c2c2b,inventory.csv#2520,"5,5","5,5",0.98,inventory.model,False,[],False
5a0a8b3e635b05f2,inventory.csv#2521,"5,5","5,5",0.98,inventory.model,False,[],False
0bc03545bd957d3a,inventory.csv#2522,"5,5","5,5",0.98,inventory.model,False,[],False
3005dcadb5add22c,inventory.csv#2523,"0,-1","0,-1",0.98,inventory.model,False,[],False
8be3566ed160fba4,inventory.csv#2524,"7,7","7,7",0.98,inventory.model,False,[],False
ec3ceeb5abb06926,inventory.csv#2525,"5,5","5,5",0.98,inventory.model,False,[],False
8f72172ac0b8291d,inventory.csv#2526,"5,5","5,5",0.98,inventory.model,False,[],False
7c5f4c7564099c0d,inventory.csv#2527,"2,2","2,2",0.98,inventory.model,False,[],False
29c1f2279aa3dccd,inventory.csv#2528,"5,5","5,5",0.98,inventory.model,False,[],False
6ea4abbab1d2f354,inventory.csv#2529,"8,230","8,230",0.98,inventory.model,False,[],False
281482ff64950fbb,inventory.csv#253,243_192,243_192,0.98,inventory.model,False,[],False
c49ab19d67d435e9,inventory.csv#2530,"0,-1","0,-1",0.98,inventory.model,False,[],False
34714a2523baee26,inventory.csv#2531,"132,77","132,77",0.98,inventory.model,False,[],False
6ea189ed8b2d780e,inventory.csv#2532,"56,-1","56,-1",0.98,inventory.model,False,[],False
318c819953f9f263,inventory.csv#2533,"49,-1","49,-1",0.98,inventory.model,False,[],False
8a8e3129ea43891c,inventory.csv#2534,"49,-1","49,-1",0.98,inventory.model,False,[],False
f1fb2bc73ba636e7,inventory.csv#2535,"49,-1","49,-1",0.98,inventory.model,False,[],False
1430e3a2390c69db,inventory.csv#2536,"49,-1","49,-1",0.98,inventory.model,False,[],False
fec5b3a86ea9b608,inventory.csv#2537,"49,-1","49,-1",0.98,inventory.model,False,[],False
4812b2366d54aa2b,inventory.csv#2538,"60,-1","60,-1",0.98,inventory.model,False,[],False
5fa0f80056f90bee,inventory.csv#2539,"60,196","60,196",0.98,inventory.model,False,[],False
0a0cdc1152f0b8ef,inventory.csv#254,251_64,251_64,0.98,inventory.model,False,[],False
e0eef15d5915dc07,inventory.csv#2540,"54,-1","54,-1",0.98,inventory.model,False,[],False
2a9026c9c90298cf,inventory.csv#2541,"56,-1","56,-1",0.98,inventory.model,False,[],False
a8592cc4f9374953,inventory.csv#2542,"49,-1","49,-1",0.98,inventory.model,False,[],False
fc188a0de5b6f542,inventory.csv#2543,"56,-1","56,-1",0.98,inventory.model,False,[],False
a870c39acda9ea3e,inventory.csv#2544,"56,-1","56,-1",0.98,inventory.model,False,[],False
37189801d4a4a734,inventory.csv#2545,"49,-1","49,-1",0.98,inventory.model,False,[],False
cec63018a4cee53f,inventory.csv#2546,"56,-1","56,-1",0.98,inventory.model,False,[],False
44152dc71461bf6b,inventory.csv#2547,"49,-1","49,-1",0.98,inventory.model,False,[],False
47c6e031faf8ced7,inventory.csv#2548,"56,-1","56,-1",0.98,inventory.model,False,[],False
a2164ac520083b26,inventory.csv#2549,"49,-1","49,-1",0.98,inventory.model,False,[],False
544bccf210524825,inventory.csv#255,27_78,27_78,0.98,inventory.model,False,[],False
cd2bf6c47d1af0e6,inventory.csv#2550,"48,-1","48,-1",0.98,inventory.model,False,[],False
0acbb8e31ea72654,inventory.csv#2551,"24,-1","24,-1",0.98,inventory.model,False,[],False
e7d5922485eb5367,inventory.csv#2552,"5,-1","5,-1",0.98,inventory.model,False,[],False
37dab096f40853a4,inventory.csv#2553,"154,-1","154,-1",0.98,inventory.model,False,[],False
85fa58ef8789c930,inventory.csv#2554,"11,11","11,11",0.98,inventory.model,False,[],False
fe8504df275aae63,inventory.csv#2555,"28,-1","28,-1",0.98,inventory.model,False,[],False
306e664fa6e9dfa0,inventory.csv#2556,"0,-1","0,-1",0.98,inventory.model,False,[],False
117f6b817f63f777,inventory.csv#2557,"0,-1","0,-1",0.98,inventory.model,False,[],False
980efe3df2daa757,inventory.csv#2558,"27,-1","27,-1",0.98,inventory.model,False,[],False
0441be838ed572b0,inventory.csv#2559,"71,-1","71,-1",0.98,inventory.model,False,[],False
0ba13a6e956b7dd1,inventory.csv#256,43_77,43_77,0.98,inventory.model,False,[],False
322d398ef8e2a4ec,inventory.csv#2560,"27,-1","27,-1",0.98,inventory.model,False,[],False
383218a26b51b783,inventory.csv#2561,"27,-1","27,-1",0.98,inventory.model,False,[],False
0816ca2482307254,inventory.csv#2562,"27,-1","27,-1",0.98,inventory.model,False,[],False
45d2a5bfc0b1d7ff,inventory.csv#2563,"27,-1","27,-1",0.98,inventory.model,False,[],False
9c6f61aaaf7ef643,inventory.csv#2564,"8,-1","8,-1",0.98,inventory.model,False,[],False
03ffbcc7b70453f4,inventory.csv#2565,"4,-1","4,-1",0.98,inventory.model,False,[],False
8c63cb6dd32c38bb,inventory.csv#2566,"2,-1","2,-1",0.98,inventory.model,False,[],False
b5095788e8c220ed,inventory.csv#2567,"32,-1","32,-1",0.98,inventory.model,False,[],False
1bc35c3429d692b2,inventory.csv#2568,"21,-1","21,-1",0.98,inventory.model,False,[],False
8c91d7099a76272e,inventory.csv#2569,"133,115","133,115",0.98,inventory.model,False,[],False
dd815647d0d472ab,inventory.csv#257,59_76,59_76,0.98,inventory.model,False,[],False
5def87fe762c07d9,inventory.csv#2570,"66,253","66,253",0.98,inventory.model,False,[],False
520a658442b27595,inventory.csv#2571,"4,-1","4,-1",0.98,inventory.model,False,[],False
759919898efb6f4c,inventory.csv#2572,"21,-1","21,-1",0.98,inventory.model,False,[],False
3460bfcfa62838c2,inventory.csv#2573,"134,124","134,124",0.98,inventory.model,False,[],False
67af96780c6e5399,inventory.csv#2574,"0,-1","0,-1",0.98,inventory.model,False,[],False
6237501cf8144214,inventory.csv#2575,"30,-1","30,-1",0.98,inventory.model,False,[],False
77127bd9c4a8158a,inventory.csv#2576,"0,252","0,252",0.98,inventory.model,False,[],False
cf565fec8169b9f4,inventory.csv#2577,"26,9","26,9",0.98,inventory.model,False,[],False
771fdab37fadd3c7,inventory.csv#2578,"1,-1","1,-1",0.98,inventory.model,False,[],False
5f2667d84dbaf0e8,inventory.csv#2579,"1,-1","1,-1",0.98,inventory.model,False,[],False
31b2a55158e37c98,inventory.csv#258,75_75,75_75,0.98,inventory.model,False,[],False
e01ab49499fdf728,inventory.csv#2580,"1,-1","1,-1",0.98,inventory.model,False,[],False
bf1ab5de2b880aac,inventory.csv#2581,"1,-1","1,-1",0.98,inventory.model,False,[],False
c4c5e1a30f55f5a1,inventory.csv#2582,"19,-1","19,-1",0.98,inventory.model,False,[],False
272c4af0fc65e57c,inventory.csv#2583,"3,-1","3,-1",0.98,inventory.model,False,[],False
1309cdd23d9188c4,inventory.csv#2584,"1,-1","1,-1",0.98,inventory.model,False,[],False
8c5ba24fd69a1dad,inventory.csv#2585,"1,-1","1,-1",0.98,inventory.model,False,[],False
8e3aed14a7068571,inventory.csv#2586,"1,-1","1,-1",0.98,inventory.model,False,[],False
7d001382695fda7f,inventory.csv#2587,"0,189","0,189",0.98,inventory.model,False,[],False
ecbbdb64b170567c,inventory.csv#2588,"8,48","8,48",0.98,inventory.model,False,[],False
e6b47b799dff25b5,inventory.csv#2589,"1,-1","1,-1",0.98,inventory.model,False,[],False
0594c1997a08502d,inventory.csv#259,91_74,91_74,0.98,inventory.model,False,[],False
e7a791f3ca3ee86c,inventory.csv#2590,"1,-1","1,-1",0.98,inventory.model,False,[],False
4170a506d2d8c26e,inventory.csv#2591,"3,-1","3,-1",0.98,inventory.model,False,[],False
93faecdda91ee4b9,inventory.csv#2592,"13,-1","13,-1",0.98,inventory.model,False,[],False
f44ae11307dbf6b0,inventory.csv#2593,"128,38","128,38",0.98,inventory.model,False,[],False
57b1f3b61ccdcead,inventory.csv#2594,"131,69","131,69",0.98,inventory.model,False,[],False
e383ab15a90c2004,inventory.csv#2595,"129,114","129,114",0.98,inventory.model,False,[],False
21c24445fb7e8e17,inventory.csv#2596,"69,131","69,131",0.98,inventory.model,False,[],False
f3ff1722ceb36415,inventory.csv#2597,"131,68","131,68",0.98,inventory.model,False,[],False
1a4c21b067038fea,inventory.csv#2598,"131,68","131,68",0.98,inventory.model,False,[],False
6a90195e9e4f8c52,inventory.csv#2599,"129,123","129,123",0.98,inventory.model,False,[],False
0ff42a7240ce9465,inventory.csv#26,26_-1,26_-1,0.98,inventory.model,False,[],False
15c14370fc90550b,inventory.csv#260,0_-1,0_-1,0.98,inventory.model,False,[],False
0626cc40cbe7a348,inventory.csv#2600,"129,122","129,122",0.98,inventory.model,False,[],False
0217456459185632,inventory.csv#2601,"131,69","131,69",0.98,inventory.model,False,[],False
03821182d833b9da,inventory.csv#2602,"0,153","0,153",0.98,inventory.model,False,[],False
28446f852ecc4e79,inventory.csv#2603,"4,15","4,15",0.98,inventory.model,False,[],False
e630ca2fa0e28e8e,inventory.csv#2604,"134,84","134,84",0.98,inventory.model,False,[],False
1cb9ee4fc3f69197,inventory.csv#2605,"131,89","131,89",0.98,inventory.model,False,[],False
606bdc37c67cae02,inventory.csv#2606,"49,-1","49,-1",0.98,inventory.model,False,[],False
83bd369ec1311003,inventory.csv#2607,"128,-1","128,-1",0.98,inventory.model,False,[],False
8da8c8c243a8a96d,inventory.csv#2608,"128,-1","128,-1",0.98,inventory.model,False,[],False
9b8509d8978896a5,inventory.csv#2609,"8,-1","8,-1",0.98,inventory.model,False,[],False
b199bfad3930ec4d,inventory.csv#261,103_137,103_137,0.98,inventory.model,False,[],False
5edcb5d0a155a1d7,inventory.csv#2610,"8,-1","8,-1",0.98,inventory.model,False,[],False
644ac69c6d9e3b27,inventory.csv#2611,"32,-1","32,-1",0.98,inventory.model,False,[],False
8177f6a24acc750f,inventory.csv#2612,"4,15","4,15",0.98,inventory.model,False,[],False
80a88173d24f0367,inventory.csv#2613,"128,-1","128,-1",0.98,inventory.model,False,[],False
90218a1bff46f3ea,inventory.csv#2614,"1,-1","1,-1",0.98,inventory.model,False,[],False
cb0e8fc0e12e97c3,inventory.csv#2615,"0,-1","0,-1",0.98,inventory.model,False,[],False
ae113499fb6cc952,inventory.csv#2616,"0,251","0,251",0.98,inventory.model,False,[],False
aa9e6e93304e967f,inventory.csv#2617,"0,12","0,12",0.98,inventory.model,False,[],False
475523509ee8949e,inventory.csv#2618,"0,0","0,0",0.98,inventory.model,False,[],False
73b25eeaeb1dbb9d,inventory.csv#2619,"2,-1","2,-1",0.98,inventory.model,False,[],False
4ccb3f8daf444b48,inventory.csv#262,108_57,108_57,0.98,inventory.model,False,[],False
cc7a722e5292916e,inventory.csv#2620,"37,250","37,250",0.98,inventory.model,False,[],False
8c833996e3517847,inventory.csv#2621,"5,-1","5,-1",0.98,inventory.model,False,[],False
6d7064ca8cffc746,inventory.csv#2622,"19,1","19,1",0.98,inventory.model,False,[],False
d8f72b6b8fedb2f6,inventory.csv#2623,"19,1","19,1",0.98,inventory.model,False,[],False
30ec9bd1fd51a921,inventory.csv#2624,"6,-1","6,-1",0.98,inventory.model,False,[],False
3398da050f6febfb,inventory.csv#2625,"0,-1","0,-1",0.98,inventory.model,False,[],False
eba1dbfa2e1ab1e1,inventory.csv#2626,"110,-1","110,-1",0.98,inventory.model,False,[],False
cf0f83923bc510b0,inventory.csv#2627,"0,-1","0,-1",0.98,inventory.model,False,[],False
9334d067aa875c41,inventory.csv#2628,"8,230","8,230",0.98,inventory.model,False,[],False
bc1e72a036915cba,inventory.csv#2629,"80,0","80,0",0.98,inventory.model,False,[],False
d3fd12dfa063126a,inventory.csv#263,111_9,111_9,0.98,inventory.model,False,[],False
c113ef4110e44a30,inventory.csv#2630,"0,90","0,90",0.98,inventory.model,False,[],False
67163e12859170bb,inventory.csv#2631,"132,132","132,132",0.98,inventory.model,False,[],False
8a1b8122ac2ce22c,inventory.csv#2632,"15,-1","15,-1",0.98,inventory.model,False,[],False
db4c0d44f8b61c66,inventory.csv#2633,"100,-1","100,-1",0.98,inventory.model,False,[],False
a24282fd821538c6,inventory.csv#2634,"68,-1","68,-1",0.98,inventory.model,False,[],False
da1ffc041f5bedb7,inventory.csv#2635,"14,-1","14,-1",0.98,inventory.model,False,[],False
4b0afc45fb0d7126,inventory.csv#2636,"16,-1","16,-1",0.98,inventory.model,False,[],False
1a9e11c8855ad678,inventory.csv#2637,"17,-1","17,-1",0.98,inventory.model,False,[],False
2ea221d9394b4c21,inventory.csv#2638,"1,-1","1,-1",0.98,inventory.model,False,[],False
854df2f553633fe2,inventory.csv#2639,"17,-1","17,-1",0.98,inventory.model,False,[],False
5a42e67d99b5cea1,inventory.csv#264,119_-1,119_-1,0.98,inventory.model,False,[],False
ade13423aa3dc90c,inventory.csv#2640,"23,-1","23,-1",0.98,inventory.model,False,[],False
7178b8adf7152728,inventory.csv#2641,"26,153","26,153",0.98,inventory.model,False,[],False
bdb5f7b1880d7e60,inventory.csv#2642,"36,-1","36,-1",0.98,inventory.model,False,[],False
3f8be2935498af73,inventory.csv#2643,"57,-1","57,-1",0.98,inventory.model,False,[],False
75fb68b9fd548e32,inventory.csv#2644,"81,-1","81,-1",0.98,inventory.model,False,[],False
9bd2dfcf2c604ba0,inventory.csv#2645,"1,-1","1,-1",0.98,inventory.model,False,[],False
17a7ddabbb7bc302,inventory.csv#2646,"17,-1","17,-1",0.98,inventory.model,False,[],False
a184491978ce1b3b,inventory.csv#2647,"57,-1","57,-1",0.98,inventory.model,False,[],False
fe3ff3c29875db18,inventory.csv#2648,"81,-1","81,-1",0.98,inventory.model,False,[],False
d63b8d1ab4c235ea,inventory.csv#2649,"28,-1","28,-1",0.98,inventory.model,False,[],False
2b8fc62435bf0866,inventory.csv#265,123_72,123_72,0.98,inventory.model,False,[],False
303eadb989679b02,inventory.csv#2650,"1,-1","1,-1",0.98,inventory.model,False,[],False
448d8d8e6eeab30e,inventory.csv#2651,"26,154","26,154",0.98,inventory.model,False,[],False
d54b3a914466a30f,inventory.csv#2652,"26,73","26,73",0.98,inventory.model,False,[],False
c635e02c50bfb987,inventory.csv#2653,"26,98","26,98",0.98,inventory.model,False,[],False
f9d58d4371fa5b41,inventory.csv#2654,"26,233","26,233",0.98,inventory.model,False,[],False
3efc51c116bb3b2e,inventory.csv#2655,"1,-1","1,-1",0.98,inventory.model,False,[],False
dfd876186a2effe3,inventory.csv#2656,"11,-1","11,-1",0.98,inventory.model,False,[],False
ac1eaefa7714b3fe,inventory.csv#2657,"183,-1","183,-1",0.98,inventory.model,False,[],False
745cb5bb7eb6135b,inventory.csv#2658,"23,133","23,133",0.98,inventory.model,False,[],False
9b34ec6fabb29fe8,inventory.csv#2659,"3,-1","3,-1",0.98,inventory.model,False,[],False
8cdb5b18cf9673f9,inventory.csv#266,127_8,127_8,0.98,inventory.model,False,[],False
2d9fe23ca37ece90,inventory.csv#2660,"5,1","5,1",0.98,inventory.model,False,[],False
d96bab1dbefb472c,inventory.csv#2661,"64,-1","64,-1",0.98,inventory.model,False,[],False
f97b38df1ae59985,inventory.csv#2662,"185,-1","185,-1",0.98,inventory.model,False,[],False
9baf6c0906e998fe,inventory.csv#2663,"217,-1","217,-1",0.98,inventory.model,False,[],False
aa44badf977ff7cf,inventory.csv#2664,"7,-1","7,-1",0.98,inventory.model,False,[],False
4f44804699dedb28,inventory.csv#2665,"1,-1","1,-1",0.98,inventory.model,False,[],False
fa051f3142aaa78b,inventory.csv#2666,"164,-1","164,-1",0.98,inventory.model,False,[],False
71ed0d218e8d7303,inventory.csv#2667,"26,218","26,218",0.98,inventory.model,False,[],False
ed714ece915357bf,inventory.csv#2668,"26,73","26,73",0.98,inventory.model,False,[],False
8876585702a25a0b,inventory.csv#2669,"26,83","26,83",0.98,inventory.model,False,[],False
527e0507bc3aeb2d,inventory.csv#267,128_247,128_247,0.98,inventory.model,False,[],False
241dc527858545f2,inventory.csv#2670,"26,98","26,98",0.98,inventory.model,False,[],False
50fd390d3f5a3c96,inventory.csv#2671,"4,-1","4,-1",0.98,inventory.model,False,[],False
2fed0fe560d98ea8,inventory.csv#2672,"6,-1","6,-1",0.98,inventory.model,False,[],False
b20feba3240dfed1,inventory.csv#2673,"15,-1","15,-1",0.98,inventory.model,False,[],False
44ac3c5ad2c38624,inventory.csv#2674,"17,-1","17,-1",0.98,inventory.model,False,[],False
7f88890100c61639,inventory.csv#2675,"11,-1","11,-1",0.98,inventory.model,False,[],False
dcc6794eda71e875,inventory.csv#2676,"12,-1","12,-1",0.98,inventory.model,False,[],False
ded4af2dd16603b4,inventory.csv#2677,"144,-1","144,-1",0.98,inventory.model,False,[],False
978dc7faa13417eb,inventory.csv#2678,"15,-1","15,-1",0.98,inventory.model,False,[],False
a559b9a63cbd6a22,inventory.csv#2679,"16,-1","16,-1",0.98,inventory.model,False,[],False
10e7522521138b69,inventory.csv#268,135_135,135_135,0.98,inventory.model,False,[],False
9856cd9dccc6bfda,inventory.csv#2680,"17,-1","17,-1",0.98,inventory.model,False,[],False
63363edfd9eddacc,inventory.csv#2681,"18,-1","18,-1",0.98,inventory.model,False,[],False
78963bc686579307,inventory.csv#2682,"183,-1","183,-1",0.98,inventory.model,False,[],False
dd148af80ade15fd,inventory.csv#2683,"2,-1","2,-1",0.98,inventory.model,False,[],False
a50a0da380fe3c01,inventory.csv#2684,"20,-1","20,-1",0.98,inventory.model,False,[],False
e30d49f0555a713d,inventory.csv#2685,"23,-1","23,-1",0.98,inventory.model,False,[],False
4850a590e51e280d,inventory.csv#2686,"26,66","26,66",0.98,inventory.model,False,[],False
6e9ec97b1c8af250,inventory.csv#2687,"26,73","26,73",0.98,inventory.model,False,[],False
d4f9cba59438ee8e,inventory.csv#2688,"36,-1","36,-1",0.98,inventory.model,False,[],False
acd0751ebc4f8742,inventory.csv#2689,"6,-1","6,-1",0.98,inventory.model,False,[],False
f20473c1cd505dc8,inventory.csv#269,143_7,143_7,0.98,inventory.model,False,[],False
2a10b7d661ffea8b,inventory.csv#2690,"7,-1","7,-1",0.98,inventory.model,False,[],False
b5ee8707ac0025c3,inventory.csv#2691,"1,-1","1,-1",0.98,inventory.model,False,[],False
9cd906abcb02715e,inventory.csv#2692,"11,-1","11,-1",0.98,inventory.model,False,[],False
75b6eabc9511f8f7,inventory.csv#2693,"12,-1","12,-1",0.98,inventory.model,False,[],False
e82b02abbed028e3,inventory.csv#2694,"121,-1","121,-1",0.98,inventory.model,False,[],False
6d777ab30c9e94f6,inventory.csv#2695,"13,-1","13,-1",0.98,inventory.model,False,[],False
480c705382b319fa,inventory.csv#2696,"144,-1","144,-1",0.98,inventory.model,False,[],False
e0471e7f336a1d36,inventory.csv#2697,"15,-1","15,-1",0.98,inventory.model,False,[],False
58abdf3352f90ce5,inventory.csv#2698,"16,-1","16,-1",0.98,inventory.model,False,[],False
d4db33fa7b40e76c,inventory.csv#2699,"17,-1","17,-1",0.98,inventory.model,False,[],False
751d21e48b3168ad,inventory.csv#27,26_232,26_232,0.98,inventory.model,False,[],False
f18cc7a32b5857a1,inventory.csv#270,159_6,159_6,0.98,inventory.model,False,[],False
aa58e81b0010d1d0,inventory.csv#2700,"176,-1","176,-1",0.98,inventory.model,False,[],False
9f2b74b59c5c37c3,inventory.csv#2701,"18,-1","18,-1",0.98,inventory.model,False,[],False
e5f365e3d8ef2c8f,inventory.csv#2702,"2,-1","2,-1",0.98,inventory.model,False,[],False
300fa37eb094fefa,inventory.csv#2703,"20,-1","20,-1",0.98,inventory.model,False,[],False
3593c2ae59e07368,inventory.csv#2704,"23,-1","23,-1",0.98,inventory.model,False,[],False
d043a7308983e949,inventory.csv#2705,"26,66","26,66",0.98,inventory.model,False,[],False
006d6fb3be68d7fe,inventory.csv#2706,"26,73","26,73",0.98,inventory.model,False,[],False
00d132bdec609e9d,inventory.csv#2707,"36,-1","36,-1",0.98,inventory.model,False,[],False
582b7407c408b98e,inventory.csv#2708,"4,-1","4,-1",0.98,inventory.model,False,[],False
833e9c38fa7ca8c8,inventory.csv#2709,"48,-1","48,-1",0.98,inventory.model,False,[],False
c521123075d33de7,inventory.csv#271,15_15,15_15,0.98,inventory.model,False,[],False
73faf467fd457a39,inventory.csv#2710,"6,-1","6,-1",0.98,inventory.model,False,[],False
cd455c27ab16ea45,inventory.csv#2711,"7,-1","7,-1",0.98,inventory.model,False,[],False
7226c98f0146f7c7,inventory.csv#2712,"8,-1","8,-1",0.98,inventory.model,False,[],False
51dc0293754eaf2b,inventory.csv#2713,"26,233","26,233",0.98,inventory.model,False,[],False
91709ebf1e91d8fc,inventory.csv#2714,"183,-1","183,-1",0.98,inventory.model,False,[],False
4c1eb8109e142394,inventory.csv#2715,"23,133","23,133",0.98,inventory.model,False,[],False
8c4e15b6e05a7c31,inventory.csv#2716,"26,154","26,154",0.98,inventory.model,False,[],False
c567bf815944ec3b,inventory.csv#2717,"1,-1","1,-1",0.98,inventory.model,False,[],False
3a551c34bcfe96ce,inventory.csv#2718,"119,-1","119,-1",0.98,inventory.model,False,[],False
8a72742a3b9fd57a,inventory.csv#2719,"151,-1","151,-1",0.98,inventory.model,False,[],False
03102c376d73d662,inventory.csv#272,167_133,167_133,0.98,inventory.model,False,[],False
661e4a51f7c170ed,inventory.csv#2720,"164,-1","164,-1",0.98,inventory.model,False,[],False
614de96984c4eb55,inventory.csv#2721,"183,-1","183,-1",0.98,inventory.model,False,[],False
0c9d8daffc36f6b5,inventory.csv#2722,"26,-1","26,-1",0.98,inventory.model,False,[],False
1a0324866d376f6d,inventory.csv#2723,"26,42","26,42",0.98,inventory.model,False,[],False
29fa7a368ca1750f,inventory.csv#2724,"3,-1","3,-1",0.98,inventory.model,False,[],False
54cd2de069f6c2fd,inventory.csv#2725,"84,-1","84,-1",0.98,inventory.model,False,[],False
be71307755f00c1a,inventory.csv#2726,"1,-1","1,-1",0.98,inventory.model,False,[],False
b83057f8a4155db7,inventory.csv#2727,"17,-1","17,-1",0.98,inventory.model,False,[],False
30b00ccf80f2315b,inventory.csv#2728,"17,-1","17,-1",0.98,inventory.model,False,[],False
0bb5720e875b1b88,inventory.csv#2729,"17,-1","17,-1",0.98,inventory.model,False,[],False
bdc249a50e6554ba,inventory.csv#273,172_53,172_53,0.98,inventory.model,False,[],False
716e8ebfc742e850,inventory.csv#2730,"89,-1","89,-1",0.98,inventory.model,False,[],False
bb0558b0181431b2,inventory.csv#2731,"28,-1","28,-1",0.98,inventory.model,False,[],False
2fa7f2a776fb6276,inventory.csv#2732,"26,18","26,18",0.98,inventory.model,False,[],False
89f210e1f1003da7,inventory.csv#2733,"26,73","26,73",0.98,inventory.model,False,[],False
6bc13ba0d5521384,inventory.csv#2734,"17,-1","17,-1",0.98,inventory.model,False,[],False
e95e4f9e0ff48e58,inventory.csv#2735,"1,-1","1,-1",0.98,inventory.model,False,[],False
7805f15eff8dcea0,inventory.csv#2736,"1,-1","1,-1",0.98,inventory.model,False,[],False
4fd14e225d7bd533,inventory.csv#2737,"1,-1","1,-1",0.98,inventory.model,False,[],False
c598dca0a90b62bb,inventory.csv#2738,"1,-1","1,-1",0.98,inventory.model,False,[],False
9886c725057bdbde,inventory.csv#2739,"26,97","26,97",0.98,inventory.model,False,[],False
649207ab4e4be74b,inventory.csv#274,183_132,183_132,0.98,inventory.model,False,[],False
9316ee5e01276b3f,inventory.csv#2740,"17,-1","17,-1",0.98,inventory.model,False,[],False
90cd989652dc752f,inventory.csv#2741,"17,-1","17,-1",0.98,inventory.model,False,[],False
45f18a5586632fef,inventory.csv#2742,"17,-1","17,-1",0.98,inventory.model,False,[],False
66c62bde870e2555,inventory.csv#2743,"15,-1","15,-1",0.98,inventory.model,False,[],False
5571a41fca69d8d8,inventory.csv#2744,"17,-1","17,-1",0.98,inventory.model,False,[],False
c940d5a3e5a4525b,inventory.csv#2745,"17,-1","17,-1",0.98,inventory.model,False,[],False
f9383d77db606d43,inventory.csv#2746,"17,-1","17,-1",0.98,inventory.model,False,[],False
f82b9bbfa04c25e4,inventory.csv#2747,"17,-1","17,-1",0.98,inventory.model,False,[],False
35399a207c796f6f,inventory.csv#2748,"17,-1","17,-1",0.98,inventory.model,False,[],False
cf8926f8fab7a5da,inventory.csv#2749,"17,-1","17,-1",0.98,inventory.model,False,[],False
a4296591af951990,inventory.csv#275,187_-1,187_-1,0.98,inventory.model,False,[],False
4dd65be639377db9,inventory.csv#2750,"17,-1","17,-1",0.98,inventory.model,False,[],False
19092e85ddb591e5,inventory.csv#2751,"17,-1","17,-1",0.98,inventory.model,False,[],False
e10243cce7ac006e,inventory.csv#2752,"17,-1","17,-1",0.98,inventory.model,False,[],False
4479ef7d858bfc99,inventory.csv#2753,"17,-1","17,-1",0.98,inventory.model,False,[],False
5af0c8eb1ede7097,inventory.csv#2754,"15,-1","15,-1",0.98,inventory.model,False,[],False
1aee17ea68443029,inventory.csv#2755,"17,-1","17,-1",0.98,inventory.model,False,[],False
44b30924ef571a75,inventory.csv#2756,"17,-1","17,-1",0.98,inventory.model,False,[],False
fb3e4c62acd8d607,inventory.csv#2757,"17,-1","17,-1",0.98,inventory.model,False,[],False
02b2e060bf9d6a41,inventory.csv#2758,"17,-1","17,-1",0.98,inventory.model,False,[],False
cf20445520ea07a8,inventory.csv#2759,"17,-1","17,-1",0.98,inventory.model,False,[],False
f1d9e3d6e39aa280,inventory.csv#276,192_243,192_243,0.98,inventory.model,False,[],False
5c5c4b86bf003e8c,inventory.csv#2760,"223,-1","223,-1",0.98,inventory.model,False,[],False
48821be8958c0fd1,inventory.csv#2761,"17,-1","17,-1",0.98,inventory.model,False,[],False
46f31243d198e4d2,inventory.csv#2762,"26,73","26,73",0.98,inventory.model,False,[],False
24867485cd4851ee,inventory.csv#2763,"26,42","26,42",0.98,inventory.model,False,[],False
e7fb3d84bdf80274,inventory.csv#2764,"131,0","131,0",0.98,inventory.model,False,[],False
9de31e713b5da7bd,inventory.csv#2765,"131,0","131,0",0.98,inventory.model,False,[],False
c40f3b54a12318d0,inventory.csv#2766,"131,0","131,0",0.98,inventory.model,False,[],False
937a8698fd96e168,inventory.csv#2767,"2,-1","2,-1",0.98,inventory.model,False,[],False
e5a0fce3bf5f78a7,inventory.csv#2768,"1,-1","1,-1",0.98,inventory.model,False,[],False
c5e86d23c64d3d4a,inventory.csv#2769,"132,-1","132,-1",0.98,inventory.model,False,[],False
0f3d717b0975bc32,inventory.csv#277,199_131,199_131,0.98,inventory.model,False,[],False
6eb395be9a9969bc,inventory.csv#2770,"132,-1","132,-1",0.98,inventory.model,False,[],False
60f0c4e03c076111,inventory.csv#2771,"132,-1","132,-1",0.98,inventory.model,False,[],False
261920d8a95e0179,inventory.csv#2772,"132,-1","132,-1",0.98,inventory.model,False,[],False
80ffbff08b828abd,inventory.csv#2773,"132,-1","132,-1",0.98,inventory.model,False,[],False
b94b3892e1b6cdc1,inventory.csv#2774,"1,-1","1,-1",0.98,inventory.model,False,[],False
07a9823b342d8d05,inventory.csv#2775,"1,-1","1,-1",0.98,inventory.model,False,[],False
dcd16c8473e21f66,inventory.csv#2776,"1,-1","1,-1",0.98,inventory.model,False,[],False
38e6a908cce4bc2a,inventory.csv#2777,"183,-1","183,-1",0.98,inventory.model,False,[],False
9f50cf37c0fc4849,inventory.csv#2778,"183,-1","183,-1",0.98,inventory.model,False,[],False
97ad2582049a52b3,inventory.csv#2779,"2,-1","2,-1",0.98,inventory.model,False,[],False
3af40e5d70593f4e,inventory.csv#278,204_-1,204_-1,0.98,inventory.model,False,[],False
80b6893051c19882,inventory.csv#2780,"7,-1","7,-1",0.98,inventory.model,False,[],False
d9b0b127654dc2b5,inventory.csv#2781,"26,226","26,226",0.98,inventory.model,False,[],False
20c54dc69f41f8d4,inventory.csv#2782,"26,19","26,19",0.98,inventory.model,False,[],False
0238667557f85cf2,inventory.csv#2783,"26,73","26,73",0.98,inventory.model,False,[],False
406a62e42b0a11da,inventory.csv#2784,"26,73","26,73",0.98,inventory.model,False,[],False
909e4d3685099a5a,inventory.csv#2785,"26,73","26,73",0.98,inventory.model,False,[],False
c10215cce1a97f9e,inventory.csv#2786,"26,73","26,73",0.98,inventory.model,False,[],False
e879d220fefdd8e4,inventory.csv#2787,"26,241","26,241",0.98,inventory.model,False,[],False
f6588c118ab734d4,inventory.csv#2788,"11,-1","11,-1",0.98,inventory.model,False,[],False
3d6b3574bdb9e895,inventory.csv#2789,"11,-1","11,-1",0.98,inventory.model,False,[],False
34e10e0903086b4b,inventory.csv#279,219_66,219_66,0.98,inventory.model,False,[],False
f90db9d3383f7318,inventory.csv#2790,"26,83","26,83",0.98,inventory.model,False,[],False
7b1b2951e8e81347,inventory.csv#2791,"17,-1","17,-1",0.98,inventory.model,False,[],False
8c694eb6b68d6b8a,inventory.csv#2792,"17,-1","17,-1",0.98,inventory.model,False,[],False
97cc98ce58e485d0,inventory.csv#2793,"4,-1","4,-1",0.98,inventory.model,False,[],False
3839fe95a03f27f6,inventory.csv#2794,"1,-1","1,-1",0.98,inventory.model,False,[],False
cd4c10b3509be2fd,inventory.csv#2795,"13,-1","13,-1",0.98,inventory.model,False,[],False
e5a86b210765ff53,inventory.csv#2796,"1,-1","1,-1",0.98,inventory.model,False,[],False
afeebccfe1ce53b2,inventory.csv#2797,"2,-1","2,-1",0.98,inventory.model,False,[],False
d609fced1d244234,inventory.csv#2798,"4,15","4,15",0.98,inventory.model,False,[],False
cbcb5905a0e5fe71,inventory.csv#2799,"84,-1","84,-1",0.98,inventory.model,False,[],False
3627b2b3c1b569d9,inventory.csv#28,81_0,81_0,0.98,inventory.model,False,[],False
f57ffdf750499c65,inventory.csv#280,223_2,223_2,0.98,inventory.model,False,[],False
b49c13317ca658b4,inventory.csv#2800,"0,-1","0,-1",0.98,inventory.model,False,[],False
8929c5af3548e3c2,inventory.csv#2801,"1,-1","1,-1",0.98,inventory.model,False,[],False
2d2476527ad866fd,inventory.csv#2802,"11,-1","11,-1",0.98,inventory.model,False,[],False
d00303bdfb6da8a2,inventory.csv#2803,"180,-1","180,-1",0.98,inventory.model,False,[],False
a5c25173ce4dc155,inventory.csv#2804,"185,-1","185,-1",0.98,inventory.model,False,[],False
0cd3fe3deed92ec5,inventory.csv#2805,"186,-1","186,-1",0.98,inventory.model,False,[],False
521b48cbccef0986,inventory.csv#2806,"2,-1","2,-1",0.98,inventory.model,False,[],False
0c188495e478dd25,inventory.csv#2807,"25,37","25,37",0.98,inventory.model,False,[],False
b1e0519a7a2dac88,inventory.csv#2808,"25,69","25,69",0.98,inventory.model,False,[],False
f3c8cd18b37e1bf5,inventory.csv#2809,"5,-1","5,-1",0.98,inventory.model,False,[],False
457e66afb2391dd5,inventory.csv#281,239_1,239_1,0.98,inventory.model,False,[],False
1a3b729ec77d61d2,inventory.csv#2810,"7,-1","7,-1",0.98,inventory.model,False,[],False
0c22f9a3715e99eb,inventory.csv#2811,"9,-1","9,-1",0.98,inventory.model,False,[],False
598f90b225da420c,inventory.csv#2812,"26,42","26,42",0.98,inventory.model,False,[],False
87ef3cd56fffd48c,inventory.csv#2813,"84,-1","84,-1",0.98,inventory.model,False,[],False
300834256535a1a0,inventory.csv#2814,"0,-1","0,-1",0.98,inventory.model,False,[],False
d810cceccfb76eee,inventory.csv#2815,"1,-1","1,-1",0.98,inventory.model,False,[],False
60eaf7f7a122e1a3,inventory.csv#2816,"8,-1","8,-1",0.98,inventory.model,False,[],False
84ba8bb2bb441e0c,inventory.csv#2817,"33,144","33,144",0.98,inventory.model,False,[],False
73e83d6495cf7743,inventory.csv#2818,"64,64","64,64",0.98,inventory.model,False,[],False
d32a52e2e8b0068a,inventory.csv#2819,"0,249","0,249",0.98,inventory.model,False,[],False
606019e9305d9f1a,inventory.csv#282,23_142,23_142,0.98,inventory.model,False,[],False
b178a12758c00b52,inventory.csv#2820,"35,-1","35,-1",0.98,inventory.model,False,[],False
88925c1682b31fc0,inventory.csv#2821,"1,254","1,254",0.98,inventory.model,False,[],False
550e9d06eedabcb1,inventory.csv#2822,"2,2","2,2",0.98,inventory.model,False,[],False
2fbd8a1af4eaf28a,inventory.csv#2823,"128,119","128,119",0.98,inventory.model,False,[],False
d4d5b187d083f59b,inventory.csv#2824,"0,-1","0,-1",0.98,inventory.model,False,[],False
4620832712cbbdd4,inventory.csv#2825,"26,9","26,9",0.98,inventory.model,False,[],False
4bf17d75eaae83be,inventory.csv#2826,"184,0","184,0",0.98,inventory.model,False,[],False
790a1f5da1ff5d68,inventory.csv#2827,"184,1","184,1",0.98,inventory.model,False,[],False
14c541bf750ddc8c,inventory.csv#2828,"184,3","184,3",0.98,inventory.model,False,[],False
34b7d6765060f5c7,inventory.csv#2829,"0,-1","0,-1",0.98,inventory.model,False,[],False
74b4d717785298d4,inventory.csv#283,242_208,242_208,0.98,inventory.model,False,[],False
4e9f196d4ca92846,inventory.csv#2830,"128,38","128,38",0.98,inventory.model,False,[],False
77954f41d2b7dbea,inventory.csv#2831,"0,-1","0,-1",0.98,inventory.model,False,[],False
9b113c5ecd074a7c,inventory.csv#2832,"10,-1","10,-1",0.98,inventory.model,False,[],False
d7bbf9795cd1c689,inventory.csv#2833,"24,-1","24,-1",0.98,inventory.model,False,[],False
8bef8d3b5d2e5955,inventory.csv#2834,"24,-1","24,-1",0.98,inventory.model,False,[],False
3256338cf3e5de62,inventory.csv#2835,"4,203","4,203",0.98,inventory.model,False,[],False
9b6c92b4d464a82c,inventory.csv#2836,"41,-1","41,-1",0.98,inventory.model,False,[],False
19837655ee2ae83a,inventory.csv#2837,"40,-1","40,-1",0.98,inventory.model,False,[],False
4ecea01aca25f383,inventory.csv#2838,"44,-1","44,-1",0.98,inventory.model,False,[],False
9afb8089a11fd046,inventory.csv#2839,"0,-1","0,-1",0.98,inventory.model,False,[],False
d7ec06107618eee6,inventory.csv#284,243_192,243_192,0.98,inventory.model,False,[],False
578b218897a18a80,inventory.csv#2840,"6,248","6,248",0.98,inventory.model,False,[],False
37787c1a83fd41d1,inventory.csv#2841,"5,-1","5,-1",0.98,inventory.model,False,[],False
6f6e2e1a6231d186,inventory.csv#2842,"5,5","5,5",0.98,inventory.model,False,[],False
f1c399d98a361f65,inventory.csv#2843,"24,233","24,233",0.98,inventory.model,False,[],False
305183756f857446,inventory.csv#2844,"35,-1","35,-1",0.98,inventory.model,False,[],False
d99100ec6d36fa72,inventory.csv#2845,"0,-1","0,-1",0.98,inventory.model,False,[],False
111dd467cc27142e,inventory.csv#2846,"176,0","176,0",0.98,inventory.model,False,[],False
f8deb467b6fc962d,inventory.csv#2847,"6,-1","6,-1",0.98,inventory.model,False,[],False
1d3d280e3d2d25f6,inventory.csv#2848,"163,-1","163,-1",0.98,inventory.model,False,[],False
9d6d143ea7fdb3f1,inventory.csv#2849,"175,-1","175,-1",0.98,inventory.model,False,[],False
9d654b89ec75a44a,inventory.csv#285,247_128,247_128,0.98,inventory.model,False,[],False
2e96b697fd55cbd8,inventory.csv#2850,"134,97","134,97",0.98,inventory.model,False,[],False
5596d102ac25d512,inventory.csv#2851,"3,1","3,1",0.98,inventory.model,False,[],False
1403801bd2303044,inventory.csv#2852,"128,114","128,114",0.98,inventory.model,False,[],False
102960086b4840ea,inventory.csv#2853,"130,120","130,120",0.98,inventory.model,False,[],False
2e89e50324bb13ec,inventory.csv#2854,"0,-1","0,-1",0.98,inventory.model,False,[],False
8e42e039d8fd2135,inventory.csv#2855,"34,1","34,1",0.98,inventory.model,False,[],False
e75f6b0f87c8ff5e,inventory.csv#2856,"160,10","160,10",0.98,inventory.model,False,[],False
586127f80c7b1f89,inventory.csv#2857,"160,10","160,10",0.98,inventory.model,False,[],False
5e8c10c4b1afbcc0,inventory.csv#2858,"160,10","160,10",0.98,inventory.model,False,[],False
051fad89e0cd7951,inventory.csv#2859,"160,10","160,10",0.98,inventory.model,False,[],False
96da8d9b4436e691,inventory.csv#286,251_64,251_64,0.98,inventory.model,False,[],False
35e04108949a5582,inventory.csv#2860,"160,10","160,10",0.98,inventory.model,False,[],False
ea5de8798078b1e8,inventory.csv#2861,"160,10","160,10",0.98,inventory.model,False,[],False
39154ef08cccfb2c,inventory.csv#2862,"10,-1","10,-1",0.98,inventory.model,False,[],False
a07149110a2c2f3e,inventory.csv#2863,"10,-1","10,-1",0.98,inventory.model,False,[],False
527c5eb433394449,inventory.csv#2864,"10,-1","10,-1",0.98,inventory.model,False,[],False
5f14115dc77389f0,inventory.csv#2865,"131,121","131,121",0.98,inventory.model,False,[],False
dd5de161dac12e6e,inventory.csv#2866,"1,-1","1,-1",0.98,inventory.model,False,[],False
cbd026689dcec62e,inventory.csv#2867,"1,-1","1,-1",0.98,inventory.model,False,[],False
a4ea179828e0bdd7,inventory.csv#2868,"1,-1","1,-1",0.98,inventory.model,False,[],False
94277e6d89e052d0,inventory.csv#2869,"10,-1","10,-1",0.98,inventory.model,False,[],False
6683958ffd59c936,inventory.csv#287,255_-1,255_-1,0.98,inventory.model,False,[],False
2c2f10baa2fbda68,inventory.csv#2870,"10,-1","10,-1",0.98,inventory.model,False,[],False
fcfd6d45bf82468e,inventory.csv#2871,"16,237","16,237",0.98,inventory.model,False,[],False
51c3847ab8280372,inventory.csv#2872,"21,-1","21,-1",0.98,inventory.model,False,[],False
5fa7fdbaf32e31bc,inventory.csv#2873,"21,-1","21,-1",0.98,inventory.model,False,[],False
91587803fec7ccc6,inventory.csv#2874,"21,-1","21,-1",0.98,inventory.model,False,[],False
a6da83e551df7eb7,inventory.csv#2875,"21,-1","21,-1",0.98,inventory.model,False,[],False
d8e7f3a5bff5eb74,inventory.csv#2876,"21,-1","21,-1",0.98,inventory.model,False,[],False
22332b99b1ce6315,inventory.csv#2877,"0,1","0,1",0.98,inventory.model,False,[],False
2cc1d593fc8c468c,inventory.csv#2878,"7,-1","7,-1",0.98,inventory.model,False,[],False
f2a3807196c577e1,inventory.csv#2879,"5,-1","5,-1",0.98,inventory.model,False,[],False
5d79be40a109fd24,inventory.csv#288,31_14,31_14,0.98,inventory.model,False,[],False
0a02055fec2d241f,inventory.csv#2880,"67,-1","67,-1",0.98,inventory.model,False,[],False
91e133956666c9ff,inventory.csv#2881,"8,-1","8,-1",0.98,inventory.model,False,[],False
e9f7c3c4fac3adc2,inventory.csv#2882,"1,-1","1,-1",0.98,inventory.model,False,[],False
1832657ccd42d7b7,inventory.csv#2883,"8,-1","8,-1",0.98,inventory.model,False,[],False
6abe7019e36561ce,inventory.csv#2884,"8,-1","8,-1",0.98,inventory.model,False,[],False
799059c8932504e3,inventory.csv#2885,"1,-1","1,-1",0.98,inventory.model,False,[],False
348e756463e912dd,inventory.csv#2886,"134,124","134,124",0.98,inventory.model,False,[],False
83529bbfc238c50e,inventory.csv#2887,"4,243","4,243",0.98,inventory.model,False,[],False
238d73de4c12257b,inventory.csv#2888,"4,235","4,235",0.98,inventory.model,False,[],False
d08e288b536e5086,inventory.csv#2889,"134,107","134,107",0.98,inventory.model,False,[],False
778211a52def5bed,inventory.csv#289,39_141,39_141,0.98,inventory.model,False,[],False
abd39abc9b966fef,inventory.csv#2890,"20,-1","20,-1",0.98,inventory.model,False,[],False
1ab89a2639aedd6e,inventory.csv#2891,"4,235","4,235",0.98,inventory.model,False,[],False
2465f258f9c141f7,inventory.csv#2892,"1,-1","1,-1",0.98,inventory.model,False,[],False
cca49f28c574d87d,inventory.csv#2893,"10,-1","10,-1",0.98,inventory.model,False,[],False
65cecee93cbdd31c,inventory.csv#2894,"1,-1","1,-1",0.98,inventory.model,False,[],False
4056aee9eb8fd66c,inventory.csv#2895,"11,11","11,11",0.98,inventory.model,False,[],False
6be02b4a4468904c,inventory.csv#2896,"5,-1","5,-1",0.98,inventory.model,False,[],False
08d1925936a6611c,inventory.csv#2897,"1,-1","1,-1",0.98,inventory.model,False,[],False
08047ef6f43b9c69,inventory.csv#2898,"131,69","131,69",0.98,inventory.model,False,[],False
1ceec36796976a1e,inventory.csv#2899,"0,-1","0,-1",0.98,inventory.model,False,[],False
c1efbe4809ed8f32,inventory.csv#29,26_-1,26_-1,0.98,inventory.model,False,[],False
0382d1411f0d91a2,inventory.csv#290,44_61,44_61,0.98,inventory.model,False,[],False
e7db794f40e0ebfd,inventory.csv#2900,"67,71","67,71",0.98,inventory.model,False,[],False
64f8fcb929a89d68,inventory.csv#2901,"5,-1","5,-1",0.98,inventory.model,False,[],False
d18967560ba2541f,inventory.csv#2902,"23,105","23,105",0.98,inventory.model,False,[],False
6ebb30e333e95033,inventory.csv#2903,"48,-1","48,-1",0.98,inventory.model,False,[],False
78352a5c0c77f19a,inventory.csv#2904,"162,162","162,162",0.98,inventory.model,False,[],False
1931b853b296e48c,inventory.csv#2905,"67,71","67,71",0.98,inventory.model,False,[],False
ce82d2dec7c7d027,inventory.csv#2906,"5,-1","5,-1",0.98,inventory.model,False,[],False
3a15f5b4a8675b83,inventory.csv#2907,"0,159","0,159",0.98,inventory.model,False,[],False
8a6ae13828143fed,inventory.csv#2908,"0,159","0,159",0.98,inventory.model,False,[],False
04c63df017ed2a6c,inventory.csv#2909,"64,63","64,63",0.98,inventory.model,False,[],False
38e4e54da365426d,inventory.csv#291,55_140,55_140,0.98,inventory.model,False,[],False
847cc262aee1f6b4,inventory.csv#2910,"0,-1","0,-1",0.98,inventory.model,False,[],False
30b2b0fc984e6abf,inventory.csv#2911,"5,5","5,5",0.98,inventory.model,False,[],False
e267538dfa47fe1e,inventory.csv#2912,"23,105","23,105",0.98,inventory.model,False,[],False
ca8bbe396802c47f,inventory.csv#2913,"7,-1","7,-1",0.98,inventory.model,False,[],False
23d9cea2a2ee1432,inventory.csv#2914,"163,-1","163,-1",0.98,inventory.model,False,[],False
98822cf74751ad72,inventory.csv#2915,"175,-1","175,-1",0.98,inventory.model,False,[],False
7d31de91019c7058,inventory.csv#2916,"16,-1","16,-1",0.98,inventory.model,False,[],False
b4049c90f4c231c0,inventory.csv#2917,"64,-1","64,-1",0.98,inventory.model,False,[],False
ad33bcd802b08389,inventory.csv#2918,"133,48","133,48",0.98,inventory.model,False,[],False
adc61156de66c14f,inventory.csv#2919,"0,-1","0,-1",0.98,inventory.model,False,[],False
cf6c22e255167e48,inventory.csv#292,59_76,59_76,0.98,inventory.model,False,[],False
158927ec7380a538,inventory.csv#2920,"5,-1","5,-1",0.98,inventory.model,False,[],False
2b4ec3ee876300ca,inventory.csv#2921,"128,255","128,255",0.98,inventory.model,False,[],False
f90254a21a9e59b2,inventory.csv#2922,"7,-1","7,-1",0.98,inventory.model,False,[],False
47afd7ed0c028ea0,inventory.csv#2923,"26,154","26,154",0.98,inventory.model,False,[],False
11eec2b9d063a080,inventory.csv#2924,"133,48","133,48",0.98,inventory.model,False,[],False
4dd93e52e3db8945,inventory.csv#2925,"133,48","133,48",0.98,inventory.model,False,[],False
810bd1b85216e025,inventory.csv#2926,"0,-1","0,-1",0.98,inventory.model,False,[],False
4f1e40001e5da307,inventory.csv#2927,"32,-1","32,-1",0.98,inventory.model,False,[],False
49aae91f69cc06e2,inventory.csv#2928,"32,-1","32,-1",0.98,inventory.model,False,[],False
5d036d4e9e805fdd,inventory.csv#2929,"4,255","4,255",0.98,inventory.model,False,[],False
16d528410713c7fc,inventory.csv#293,63_12,63_12,0.98,inventory.model,False,[],False
e00680dc6f7d77d5,inventory.csv#2930,"32,-1","32,-1",0.98,inventory.model,False,[],False
dcf2f61a7dab556b,inventory.csv#2931,"4,15","4,15",0.98,inventory.model,False,[],False
2d7679bb2d5aafbd,inventory.csv#2932,"69,-1","69,-1",0.98,inventory.model,False,[],False
9784202beab3ac5d,inventory.csv#2933,"64,-1","64,-1",0.98,inventory.model,False,[],False
0d41c79063350aba,inventory.csv#2934,"64,-1","64,-1",0.98,inventory.model,False,[],False
ae34a18e6d144e35,inventory.csv#2935,"64,-1","64,-1",0.98,inventory.model,False,[],False
1ab81876ea292653,inventory.csv#2936,"64,-1","64,-1",0.98,inventory.model,False,[],False
8292fe55306c5e61,inventory.csv#2937,"64,-1","64,-1",0.98,inventory.model,False,[],False
4b18a220575a92dc,inventory.csv#2938,"231,10","231,10",0.98,inventory.model,False,[],False
10b1c7db1f3f662a,inventory.csv#2939,"231,10","231,10",0.98,inventory.model,False,[],False
dc80677a8239be2a,inventory.csv#294,64_251,64_251,0.98,inventory.model,False,[],False
54cd9b88460739fd,inventory.csv#2940,"64,-1","64,-1",0.98,inventory.model,False,[],False
18bbb263131b7213,inventory.csv#2941,"64,-1","64,-1",0.98,inventory.model,False,[],False
fe44c13e4e2b7715,inventory.csv#2942,"64,-1","64,-1",0.98,inventory.model,False,[],False
62c5d39f523a3786,inventory.csv#2943,"64,-1","64,-1",0.98,inventory.model,False,[],False
e2acbbd712cdcbcc,inventory.csv#2944,"134,107","134,107",0.98,inventory.model,False,[],False
b54178410f209930,inventory.csv#2945,"64,-1","64,-1",0.98,inventory.model,False,[],False
8a0f2d7ccaf18ab8,inventory.csv#2946,"4,15","4,15",0.98,inventory.model,False,[],False
b06030818cd445ce,inventory.csv#2947,"5,5","5,5",0.98,inventory.model,False,[],False
98fa22c8db9807c8,inventory.csv#2948,"69,-1","69,-1",0.98,inventory.model,False,[],False
f59b85bbc43a826e,inventory.csv#2949,"69,-1","69,-1",0.98,inventory.model,False,[],False
a18b6ba6d031f49b,inventory.csv#295,71_139,71_139,0.98,inventory.model,False,[],False
ec613e6cd45b33b4,inventory.csv#2950,"69,-1","69,-1",0.98,inventory.model,False,[],False
d06b27400fe2b6fc,inventory.csv#2951,"69,-1","69,-1",0.98,inventory.model,False,[],False
34d076b82956acaf,inventory.csv#2952,"42,-1","42,-1",0.98,inventory.model,False,[],False
4efbdb02b05ad97c,inventory.csv#2953,"69,-1","69,-1",0.98,inventory.model,False,[],False
c8ac0c4f87900275,inventory.csv#2954,"69,-1","69,-1",0.98,inventory.model,False,[],False
b0bf7f83de25adc5,inventory.csv#2955,"64,-1","64,-1",0.98,inventory.model,False,[],False
e3a8a8a890260829,inventory.csv#2956,"68,-1","68,-1",0.98,inventory.model,False,[],False
8789a725290c3cd8,inventory.csv#2957,"64,-1","64,-1",0.98,inventory.model,False,[],False
30a353d2abae9c05,inventory.csv#2958,"66,187","66,187",0.98,inventory.model,False,[],False
fc38d4382cb766bf,inventory.csv#2959,"68,-1","68,-1",0.98,inventory.model,False,[],False
6e27d3771ca26130,inventory.csv#296,76_59,76_59,0.98,inventory.model,False,[],False
775b9196161c67ae,inventory.csv#2960,"68,-1","68,-1",0.98,inventory.model,False,[],False
fc16ec8dc3378f7b,inventory.csv#2961,"68,-1","68,-1",0.98,inventory.model,False,[],False
b0ed42f7b7af9b52,inventory.csv#2962,"68,-1","68,-1",0.98,inventory.model,False,[],False
944c6a29c33656ca,inventory.csv#2963,"68,-1","68,-1",0.98,inventory.model,False,[],False
183b0276da727efe,inventory.csv#2964,"68,-1","68,-1",0.98,inventory.model,False,[],False
d5ccbeeb745f943b,inventory.csv#2965,"68,-1","68,-1",0.98,inventory.model,False,[],False
2512b2e231bd5d81,inventory.csv#2966,"7,-1","7,-1",0.98,inventory.model,False,[],False
6c407f809b03eb1a,inventory.csv#2967,"2,189","2,189",0.98,inventory.model,False,[],False
3ebe3ab8633f593a,inventory.csv#2968,"4,-1","4,-1",0.98,inventory.model,False,[],False
c424b92a223f6ed3,inventory.csv#2969,"10,-1","10,-1",0.98,inventory.model,False,[],False
70d9fffea6960e4a,inventory.csv#297,79_11,79_11,0.98,inventory.model,False,[],False
8d541f08abf4d651,inventory.csv#2970,"8,-1","8,-1",0.98,inventory.model,False,[],False
57c9c94856d7af1b,inventory.csv#2971,"52,15","52,15",0.98,inventory.model,False,[],False
5281c0318920c169,inventory.csv#2972,"0,1","0,1",0.98,inventory.model,False,[],False
22a9a8f77bfedbd3,inventory.csv#2973,"1,-1","1,-1",0.98,inventory.model,False,[],False
0ce35996444eb4de,inventory.csv#2974,"1,249","1,249",0.98,inventory.model,False,[],False
04665c2ef541059a,inventory.csv#2975,"1,249","1,249",0.98,inventory.model,False,[],False
9fecd785cd1b2829,inventory.csv#2976,"0,-1","0,-1",0.98,inventory.model,False,[],False
a321b5a046592da7,inventory.csv#2977,"0,-1","0,-1",0.98,inventory.model,False,[],False
bf929ffd9151f7f2,inventory.csv#2978,"0,-1","0,-1",0.98,inventory.model,False,[],False
686ba672e4238951,inventory.csv#2979,"96,1","96,1",0.98,inventory.model,False,[],False
0e21ad1f98475b05,inventory.csv#298,7_143,7_143,0.98,inventory.model,False,[],False
b187c60df91a9665,inventory.csv#2980,"24,-1","24,-1",0.98,inventory.model,False,[],False
27dd249ea8f3c2de,inventory.csv#2981,"2,2","2,2",0.98,inventory.model,False,[],False
7cc966fa35099276,inventory.csv#2982,"0,240","0,240",0.98,inventory.model,False,[],False
281f52c481570ed7,inventory.csv#2983,"1,-1","1,-1",0.98,inventory.model,False,[],False
0bb0e16520563e5f,inventory.csv#2984,"0,-1","0,-1",0.98,inventory.model,False,[],False
e6f4d418186d844d,inventory.csv#2985,"4,15","4,15",0.98,inventory.model,False,[],False
0e8f0af2605e19fd,inventory.csv#2986,"56,-1","56,-1",0.98,inventory.model,False,[],False
03e40cd35f95e8a4,inventory.csv#2987,"6,-1","6,-1",0.98,inventory.model,False,[],False
cca3fbd2673849c5,inventory.csv#2988,"6,-1","6,-1",0.98,inventory.model,False,[],False
a5e2a1c0350fb33b,inventory.csv#2989,"135,124","135,124",0.98,inventory.model,False,[],False
dbebf76ffe899711,inventory.csv#299,91_74,91_74,0.98,inventory.model,False,[],False
38698b31ab9bce2b,inventory.csv#2990,"7,-1","7,-1",0.98,inventory.model,False,[],False
9cc7427da1bd0742,inventory.csv#2991,"7,-1","7,-1",0.98,inventory.model,False,[],False
f18796263a2cc91c,inventory.csv#2992,"0,-1","0,-1",0.98,inventory.model,False,[],False
f70e77dee5183dce,inventory.csv#2993,"128,123","128,123",0.98,inventory.model,False,[],False
06ac4b6c16499bf9,inventory.csv#2994,"135,124","135,124",0.98,inventory.model,False,[],False
4603a7d2e3de4d14,inventory.csv#2995,"5,-1","5,-1",0.98,inventory.model,False,[],False
1f5b3339d77fb1c2,inventory.csv#2996,"166,-1","166,-1",0.98,inventory.model,False,[],False
9afe07c57d6a1bba,inventory.csv#2997,"0,-1","0,-1",0.98,inventory.model,False,[],False
3f1194388420379a,inventory.csv#2998,"2,-1","2,-1",0.98,inventory.model,False,[],False
738d7935efb75281,inventory.csv#2999,"1,-1","1,-1",0.98,inventory.model,False,[],False
e334c562cae6224d,inventory.csv#3,1_-1,1_-1,0.98,inventory.model,False,[],False
fd03013fa6164063,inventory.csv#30,26_-1,26_-1,0.98,inventory.model,False,[],False
4fa5ff3859d9e2fc,inventory.csv#300,95_10,95_10,0.98,inventory.model,False,[],False
3fc4a2f8f5ffbb9b,inventory.csv#3000,"0,-1","0,-1",0.98,inventory.model,False,[],False
23bd85c4e541f7db,inventory.csv#3001,"1,-1","1,-1",0.98,inventory.model,False,[],False
06ea63416c26fea8,inventory.csv#3002,"2,-1","2,-1",0.98,inventory.model,False,[],False
e5fb2c8aca252353,inventory.csv#3003,"97,135","97,135",0.98,inventory.model,False,[],False
a20c34bdad3430ea,inventory.csv#3004,"15,-1","15,-1",0.98,inventory.model,False,[],False
4f4ac7e9305ca3c7,inventory.csv#3005,"0,-1","0,-1",0.98,inventory.model,False,[],False
45fa189552fdf58c,inventory.csv#3006,"16,16","16,16",0.98,inventory.model,False,[],False
76ea34a7a96c6623,inventory.csv#3007,"128,123","128,123",0.98,inventory.model,False,[],False
78e1143553d34ca4,inventory.csv#3008,"5,-1","5,-1",0.98,inventory.model,False,[],False
f67ef801da4c19e9,inventory.csv#3009,"39,-1","39,-1",0.98,inventory.model,False,[],False
bb03b6e2620def83,inventory.csv#301,103_137,103_137,0.98,inventory.model,False,[],False
6785204a9221d831,inventory.csv#3010,"0,-1","0,-1",0.98,inventory.model,False,[],False
048da876c2b8d8c5,inventory.csv#3011,"0,69","0,69",0.98,inventory.model,False,[],False
6c442972109b6c85,inventory.csv#3012,"129,129","129,129",0.98,inventory.model,False,[],False
c49d1082ca5f3241,inventory.csv#3013,"66,187","66,187",0.98,inventory.model,False,[],False
62af1baae50b145a,inventory.csv#3014,"0,-1","0,-1",0.98,inventory.model,False,[],False
dcc35c2c2a72c775,inventory.csv#3015,"32,-1","32,-1",0.98,inventory.model,False,[],False
d4f70b08d8c49e43,inventory.csv#3016,"134,107","134,107",0.98,inventory.model,False,[],False
799bf925e3775dca,inventory.csv#3017,"0,-1","0,-1",0.98,inventory.model,False,[],False
b5902924c51f8604,inventory.csv#3018,"73,-1","73,-1",0.98,inventory.model,False,[],False
b22af156b769719e,inventory.csv#3019,"32,64","32,64",0.98,inventory.model,False,[],False
c2c7070439e5b157,inventory.csv#302,119_-1,119_-1,0.98,inventory.model,False,[],False
563fc4aeaae778b6,inventory.csv#3020,"32,255","32,255",0.98,inventory.model,False,[],False
2b9016df4ccc1b06,inventory.csv#3021,"32,255","32,255",0.98,inventory.model,False,[],False
4c1439dca92cf18e,inventory.csv#3022,"131,241","131,241",0.98,inventory.model,False,[],False
84941f328a1c07d0,inventory.csv#3023,"131,241","131,241",0.98,inventory.model,False,[],False
5519265214eb24d9,inventory.csv#3024,"0,-1","0,-1",0.98,inventory.model,False,[],False
f44d545dd92a62d8,inventory.csv#3025,"10,-1","10,-1",0.98,inventory.model,False,[],False
4e090e3215d3bce2,inventory.csv#3026,"134,107","134,107",0.98,inventory.model,False,[],False
efbc1bb0bcae2b2a,inventory.csv#3027,"0,-1","0,-1",0.98,inventory.model,False,[],False
9356b572f0e36c71,inventory.csv#3028,"8,-1","8,-1",0.98,inventory.model,False,[],False
5cf1161b73d37a58,inventory.csv#3029,"26,73","26,73",0.98,inventory.model,False,[],False
3505ae9c6c4be26a,inventory.csv#303,123_72,123_72,0.98,inventory.model,False,[],False
3cb21b04e1c03ee6,inventory.csv#3030,"10,-1","10,-1",0.98,inventory.model,False,[],False
78a8f12c086e8747,inventory.csv#3031,"0,-1","0,-1",0.98,inventory.model,False,[],False
7735a26a86a32bf2,inventory.csv#3032,"4,-1","4,-1",0.98,inventory.model,False,[],False
a86adb6f2d6e27d2,inventory.csv#3033,"4,-1","4,-1",0.98,inventory.model,False,[],False
4a380c90aacb5d31,inventory.csv#3034,"32,1","32,1",0.98,inventory.model,False,[],False
cdf23979e584d161,inventory.csv#3035,"0,-1","0,-1",0.98,inventory.model,False,[],False
798e3a1f0e7dd631,inventory.csv#3036,"132,121","132,121",0.98,inventory.model,False,[],False
83beb6b62a05b08a,inventory.csv#3037,"132,121","132,121",0.98,inventory.model,False,[],False
fceff273797a70c5,inventory.csv#3038,"1,-1","1,-1",0.98,inventory.model,False,[],False
25b89dbaa4976654,inventory.csv#3039,"1,-1","1,-1",0.98,inventory.model,False,[],False
b1b27b25f0714b64,inventory.csv#304,135_135,135_135,0.98,inventory.model,False,[],False
07daa7906b286327,inventory.csv#3040,"64,175","64,175",0.98,inventory.model,False,[],False
ae324f97e16c1c47,inventory.csv#3041,"6,-1","6,-1",0.98,inventory.model,False,[],False
fa82de0f67f33ff1,inventory.csv#3042,"6,-1","6,-1",0.98,inventory.model,False,[],False
a2c122683377cc28,inventory.csv#3043,"64,63","64,63",0.98,inventory.model,False,[],False
7ef784bc84ed175d,inventory.csv#3044,"32,-1","32,-1",0.98,inventory.model,False,[],False
23684356df6ed158,inventory.csv#3045,"0,191","0,191",0.98,inventory.model,False,[],False
37e594d365db09cb,inventory.csv#3046,"1,-1","1,-1",0.98,inventory.model,False,[],False
3741433e30c58b56,inventory.csv#3047,"34,-1","34,-1",0.98,inventory.model,False,[],False
2c4ae708a0b85c82,inventory.csv#3048,"0,-1","0,-1",0.98,inventory.model,False,[],False
00eae2635ad9466d,inventory.csv#3049,"4,-1","4,-1",0.98,inventory.model,False,[],False
eb407cb43c7859a8,inventory.csv#305,143_7,143_7,0.98,inventory.model,False,[],False
bf0abac5e12a1515,inventory.csv#3050,"4,-1","4,-1",0.98,inventory.model,False,[],False
e774d04c9a60a153,inventory.csv#3051,"0,-1","0,-1",0.98,inventory.model,False,[],False
9de27419bcef0deb,inventory.csv#3052,"120,-1","120,-1",0.98,inventory.model,False,[],False
3b2c4f56174ecbaf,inventory.csv#3053,"122,-1","122,-1",0.98,inventory.model,False,[],False
978174fce0aef98f,inventory.csv#3054,"125,-1","125,-1",0.98,inventory.model,False,[],False
9ca656b027ded8d6,inventory.csv#3055,"124,-1","124,-1",0.98,inventory.model,False,[],False
f4017d9e3e734d0f,inventory.csv#3056,"122,-1","122,-1",0.98,inventory.model,False,[],False
7470415f904e1986,inventory.csv#3057,"127,-1","127,-1",0.98,inventory.model,False,[],False
6bea8a9d68584c21,inventory.csv#3058,"127,-1","127,-1",0.98,inventory.model,False,[],False
c28081e2d0acc907,inventory.csv#3059,"121,-1","121,-1",0.98,inventory.model,False,[],False
6153c92cd0312665,inventory.csv#306,151_134,151_134,0.98,inventory.model,False,[],False
50eada66e63db41b,inventory.csv#3060,"122,-1","122,-1",0.98,inventory.model,False,[],False
3ec38a1c46ac37ed,inventory.csv#3061,"121,-1","121,-1",0.98,inventory.model,False,[],False
58d4eaeebbcc88c5,inventory.csv#3062,"122,-1","122,-1",0.98,inventory.model,False,[],False
522952e8537df64a,inventory.csv#3063,"121,-1","121,-1",0.98,inventory.model,False,[],False
45b42683dff5701a,inventory.csv#3064,"122,-1","122,-1",0.98,inventory.model,False,[],False
c8f36100eb4432a9,inventory.csv#3065,"128,55","128,55",0.98,inventory.model,False,[],False
dd5bb9040ef2a5f1,inventory.csv#3066,120_-1,120_-1,0.98,inventory.model,False,[],False
3a11944f3028e04f,inventory.csv#3067,122_-1,122_-1,0.98,inventory.model,False,[],False
5f4af87e5a0ee84d,inventory.csv#3068,4_-1,4_-1,0.98,inventory.model,False,[],False
3674b2677bc7f0b0,inventory.csv#3069,6_-1,6_-1,0.98,inventory.model,False,[],False
45a89cfcdc219369,inventory.csv#307,15_15,15_15,0.98,inventory.model,False,[],False
fc3df3c3d0be6249,inventory.csv#3070,80_-1,80_-1,0.98,inventory.model,False,[],False
cb21547614a01024,inventory.csv#3071,87_-1,87_-1,0.98,inventory.model,False,[],False
21d95ccfd5011a78,inventory.csv#3072,124_-1,124_-1,0.98,inventory.model,False,[],False
1162dd536e3223e7,inventory.csv#3073,176_0,176_0,0.98,inventory.model,False,[],False
a9d516367105bf01,inventory.csv#3074,4_-1,4_-1,0.98,inventory.model,False,[],False
316c555fe1eec14a,inventory.csv#3075,4_-1,4_-1,0.98,inventory.model,False,[],False
f93b06e629fa0685,inventory.csv#3076,124_-1,124_-1,0.98,inventory.model,False,[],False
0e22c90792073d41,inventory.csv#3077,176_0,176_0,0.98,inventory.model,False,[],False
18e64706cfa3d856,inventory.csv#3078,4_-1,4_-1,0.98,inventory.model,False,[],False
fc1562d2c042df55,inventory.csv#3079,120_-1,120_-1,0.98,inventory.model,False,[],False
2148c62ac029f589,inventory.csv#308,167_133,167_133,0.98,inventory.model,False,[],False
a02cbde12a01badb,inventory.csv#3080,124_-1,124_-1,0.98,inventory.model,False,[],False
b3a9e1f3e1568267,inventory.csv#3081,120_-1,120_-1,0.98,inventory.model,False,[],False
71979921c363cb2a,inventory.csv#3082,124_-1,124_-1,0.98,inventory.model,False,[],False
373b3f2a2e2410bb,inventory.csv#3083,120_-1,120_-1,0.98,inventory.model,False,[],False
92c440ef59819c71,inventory.csv#3084,124_-1,124_-1,0.98,inventory.model,False,[],False
cafc265b7349e58d,inventory.csv#3085,71_-1,71_-1,0.98,inventory.model,False,[],False
01a8ab225bf31892,inventory.csv#3086,127_1,127_1,0.98,inventory.model,False,[],False
ccc2f744e75c4880,inventory.csv#3087,124_-1,124_-1,0.98,inventory.model,False,[],False
cd51a5b36f6e2099,inventory.csv#3088,120_-1,120_-1,0.98,inventory.model,False,[],False
4c8cd2c946b9c922,inventory.csv#3089,128_55,128_55,0.98,inventory.model,False,[],False
de8e4319025fd4f3,inventory.csv#309,183_132,183_132,0.98,inventory.model,False,[],False
10db4569171cdd9e,inventory.csv#3090,80_-1,80_-1,0.98,inventory.model,False,[],False
d81c91cb56d9ca55,inventory.csv#3091,209_-1,209_-1,0.98,inventory.model,False,[],False
2f833b748694c49e,inventory.csv#3092,240_-1,240_-1,0.98,inventory.model,False,[],False
4c2df62d87471c84,inventory.csv#3093,0_-1,0_-1,0.98,inventory.model,False,[],False
0cddc7788e474c4b,inventory.csv#3094,0_0,0_0,0.98,inventory.model,False,[],False
bfdb7bb6e57ecf9b,inventory.csv#3095,120_-1,120_-1,0.98,inventory.model,False,[],False
3b9b49f1fcb4cdfb,inventory.csv#3096,121_-1,121_-1,0.98,inventory.model,False,[],False
54b0adf97aba3ed1,inventory.csv#3097,122_-1,122_-1,0.98,inventory.model,False,[],False
8125b4b3084c1de6,inventory.csv#3098,124_-1,124_-1,0.98,inventory.model,False,[],False
eecfd48b024ddf79,inventory.csv#3099,125_-1,125_-1,0.98,inventory.model,False,[],False
aa865708db1ef446,inventory.csv#31,26_-1,26_-1,0.98,inventory.model,False,[],False
73739976d5ff6fe7,inventory.csv#310,187_-1,187_-1,0.98,inventory.model,False,[],False
a24818c3023d1ea8,inventory.csv#3100,126_-1,126_-1,0.98,inventory.model,False,[],False
f4887bc0645bcd4f,inventory.csv#3101,127_1,127_1,0.98,inventory.model,False,[],False
292e6459786b8dec,inventory.csv#3102,15_-1,15_-1,0.98,inventory.model,False,[],False
a4eaab23dc20ec2f,inventory.csv#3103,209_-1,209_-1,0.98,inventory.model,False,[],False
cb6de966cbae3e19,inventory.csv#3104,4_-1,4_-1,0.98,inventory.model,False,[],False
ba4ceede5a38e351,inventory.csv#3105,6_-1,6_-1,0.98,inventory.model,False,[],False
27c0512ace9daa1c,inventory.csv#3106,8_-1,8_-1,0.98,inventory.model,False,[],False
f530a78881095514,inventory.csv#3107,120_-1,120_-1,0.98,inventory.model,False,[],False
f6b7ace159f05cdd,inventory.csv#3108,126_-1,126_-1,0.98,inventory.model,False,[],False
3d09260a05f8f59b,inventory.csv#3109,125_-1,125_-1,0.98,inventory.model,False,[],False
6b6a9ebace7998ce,inventory.csv#311,199_131,199_131,0.98,inventory.model,False,[],False
67b6b5bea25a7122,inventory.csv#3110,126_-1,126_-1,0.98,inventory.model,False,[],False
a1a116e283be41ae,inventory.csv#3111,122_-1,122_-1,0.98,inventory.model,False,[],False
88dc7f02f3c1cfae,inventory.csv#3112,209_-1,209_-1,0.98,inventory.model,False,[],False
8ef58e1afde493aa,inventory.csv#3113,122_-1,122_-1,0.98,inventory.model,False,[],False
717427014166e118,inventory.csv#3114,121_-1,121_-1,0.98,inventory.model,False,[],False
f20e3dc6c9baa80c,inventory.csv#3115,32_-1,32_-1,0.98,inventory.model,False,[],False
d486ce3a8621a320,inventory.csv#3116,69_-1,69_-1,0.98,inventory.model,False,[],False
ea54260e7f2e9146,inventory.csv#3117,239_-1,239_-1,0.98,inventory.model,False,[],False
ba6caceb6f0b00ba,inventory.csv#3118,122_-1,122_-1,0.98,inventory.model,False,[],False
11a3ac412966beea,inventory.csv#3119,122_-1,122_-1,0.98,inventory.model,False,[],False
0a21739a3071aa81,inventory.csv#312,215_130,215_130,0.98,inventory.model,False,[],False
d93f71bfa28261b7,inventory.csv#3120,122_-1,122_-1,0.98,inventory.model,False,[],False
c3b67bf1a73e8aca,inventory.csv#3121,122_-1,122_-1,0.98,inventory.model,False,[],False
d5d7def059b3d56e,inventory.csv#3122,122_-1,122_-1,0.98,inventory.model,False,[],False
2da61a7a78dcca66,inventory.csv#3123,122_-1,122_-1,0.98,inventory.model,False,[],False
f3851f244964e280,inventory.csv#3124,122_-1,122_-1,0.98,inventory.model,False,[],False
0f9ca03778f37887,inventory.csv#3125,122_-1,122_-1,0.98,inventory.model,False,[],False
e7adf090c569f192,inventory.csv#3126,122_-1,122_-1,0.98,inventory.model,False,[],False
bcacbd1c4a4cb3e0,inventory.csv#3127,122_-1,122_-1,0.98,inventory.model,False,[],False
31bbb69bf2b309b1,inventory.csv#3128,121_-1,121_-1,0.98,inventory.model,False,[],False
87df9b60ebd0b14f,inventory.csv#3129,122_-1,122_-1,0.98,inventory.model,False,[],False
b8312d5ae08aa232,inventory.csv#313,219_66,219_66,0.98,inventory.model,False,[],False
cc98fe3a762f2da4,inventory.csv#3130,127_-1,127_-1,0.98,inventory.model,False,[],False
f758ba2e916cc976,inventory.csv#3131,122_-1,122_-1,0.98,inventory.model,False,[],False
b80219277bd293a9,inventory.csv#3132,122_-1,122_-1,0.98,inventory.model,False,[],False
f271e6d196cbaf83,inventory.csv#3133,122_-1,122_-1,0.98,inventory.model,False,[],False
82ab6cf0db90e50d,inventory.csv#3134,209_-1,209_-1,0.98,inventory.model,False,[],False
fe8cf3ff44052db0,inventory.csv#3135,122_-1,122_-1,0.98,inventory.model,False,[],False
7f8b9eef8e1a48e6,inventory.csv#3136,209_-1,209_-1,0.98,inventory.model,False,[],False
54d83b62dbc96b93,inventory.csv#3137,127_-1,127_-1,0.98,inventory.model,False,[],False
d55965c6ec867e3b,inventory.csv#3138,121_-1,121_-1,0.98,inventory.model,False,[],False
05c274e0b17a8fef,inventory.csv#3139,121_-1,121_-1,0.98,inventory.model,False,[],False
1c7e32648f73e88e,inventory.csv#314,231_129,231_129,0.98,inventory.model,False,[],False
4b0a69124a19d788,inventory.csv#3140,121_-1,121_-1,0.98,inventory.model,False,[],False
2f3d909c1701d562,inventory.csv#3141,122_-1,122_-1,0.98,inventory.model,False,[],False
c0857a7b89bec56c,inventory.csv#3142,122_-1,122_-1,0.98,inventory.model,False,[],False
e86029df0b46a5d4,inventory.csv#3143,122_-1,122_-1,0.98,inventory.model,False,[],False
feeadd1c41f0406a,inventory.csv#3144,121_-1,121_-1,0.98,inventory.model,False,[],False
db1ea98a9b353a09,inventory.csv#3145,123_-1,123_-1,0.98,inventory.model,False,[],False
df44f16004caef42,inventory.csv#3146,120_-1,120_-1,0.98,inventory.model,False,[],False
6b20f1f8977e5e8d,inventory.csv#3147,121_-1,121_-1,0.98,inventory.model,False,[],False
41aba972f596d21e,inventory.csv#3148,4_-1,4_-1,0.98,inventory.model,False,[],False
e0bf4719f1d85cfc,inventory.csv#3149,122_-1,122_-1,0.98,inventory.model,False,[],False
466ce4f9b8e9c5d1,inventory.csv#315,23_142,23_142,0.98,inventory.model,False,[],False
2e8a2c727f544add,inventory.csv#3150,122_-1,122_-1,0.98,inventory.model,False,[],False
898e548f8b4093aa,inventory.csv#3151,122_-1,122_-1,0.98,inventory.model,False,[],False
51b72b8fe7beea5c,inventory.csv#3152,209_-1,209_-1,0.98,inventory.model,False,[],False
ab96d3068da91e04,inventory.csv#3153,32_-1,32_-1,0.98,inventory.model,False,[],False
a75bc756d75a12ec,inventory.csv#3154,32_-1,32_-1,0.98,inventory.model,False,[],False
bad2be6dd133dc67,inventory.csv#3155,132_60,132_60,0.98,inventory.model,False,[],False
604e5842ec8d3156,inventory.csv#3156,128_-1,128_-1,0.98,inventory.model,False,[],False
3b7378c7310ba4b2,inventory.csv#3157,115_154,115_154,0.98,inventory.model,False,[],False
74a0d707bd7da00d,inventory.csv#3158,3_-1,3_-1,0.98,inventory.model,False,[],False
f184c075c62dae5b,inventory.csv#3159,5_1,5_1,0.98,inventory.model,False,[],False
0c5074651e521d55,inventory.csv#316,242_208,242_208,0.98,inventory.model,False,[],False
dc2517e45c139c51,inventory.csv#3160,7_0,7_0,0.98,inventory.model,False,[],False
caa11f8b4b79569f,inventory.csv#3161,7_1,7_1,0.98,inventory.model,False,[],False
52fcc7c449157cf9,inventory.csv#3162,247_-1,247_-1,0.98,inventory.model,False,[],False
41fee582ae0dac50,inventory.csv#3163,4_-1,4_-1,0.98,inventory.model,False,[],False
bfd3560512837481,inventory.csv#3164,4_-1,4_-1,0.98,inventory.model,False,[],False
423e561580115728,inventory.csv#3165,2_-1,2_-1,0.98,inventory.model,False,[],False
31e70fc271c1c9a8,inventory.csv#3166,26_154,26_154,0.98,inventory.model,False,[],False
469c6ed3aeb05ad7,inventory.csv#3167,7_0,7_0,0.98,inventory.model,False,[],False
e3967c5cc4e6a3d8,inventory.csv#3168,5_1,5_1,0.98,inventory.model,False,[],False
84f0502f1e6da8fc,inventory.csv#3169,6_0,6_0,0.98,inventory.model,False,[],False
f25d94aad2bd5aff,inventory.csv#317,243_192,243_192,0.98,inventory.model,False,[],False
3735bdc310125abc,inventory.csv#3170,0_191,0_191,0.98,inventory.model,False,[],False
8d63849023bad3bc,inventory.csv#3171,64_223,64_223,0.98,inventory.model,False,[],False
ceb2b22b080bb4f8,inventory.csv#3172,0_239,0_239,0.98,inventory.model,False,[],False
b7bd19017f7562b1,inventory.csv#3173,0_252,0_252,0.98,inventory.model,False,[],False
e0d71e9df218efce,inventory.csv#3174,8_230,8_230,0.98,inventory.model,False,[],False
4abbac6bcfb656fb,inventory.csv#3175,2WIRE,2WIRE,0.98,inventory.model,False,[],False
73e258f7e99bd9f8,inventory.csv#3176,PICO HD,PICO HD,0.98,inventory.model,False,[],False
9ad78afe8386bf37,inventory.csv#3177,AU10,AU10,0.98,inventory.model,False,[],False
d909a9a1b75c6998,inventory.csv#3178,Media,Media,0.98,inventory.model,False,[],False
4f5b9f4607dbcb1c,inventory.csv#3179,DTA1080U,DTA1080U,0.98,inventory.model,False,[],False
a80047acc0937414,inventory.csv#318,247_128,247_128,0.98,inventory.model,False,[],False
7add279d1835761d,inventory.csv#3180,AT1946,AT1946,0.98,inventory.model,False,[],False
5721492fed003e69,inventory.csv#3181,AT2326,AT2326,0.98,inventory.model,False,[],False
92e4e1b2f06754d1,inventory.csv#3182,AT3201W,AT3201W,0.98,inventory.model,False,[],False
e07141ab71e37082,inventory.csv#3183,AT3220,AT3220,0.98,inventory.model,False,[],False
1ed0abf5f4aeb915,inventory.csv#3184,H5360,H5360,0.98,inventory.model,False,[],False
747aa85f12ee008e,inventory.csv#3185,M222HQML-M242HML,M222HQML-M242HML,0.98,inventory.model,False,[],False
ccde96bab1790749,inventory.csv#3186,P1340W,P1340W,0.98,inventory.model,False,[],False
38086aa2795bedd0,inventory.csv#3187,RC802,RC802,0.98,inventory.model,False,[],False
fdabaa0ea1ab21d9,inventory.csv#3188,X1161P,X1161P,0.98,inventory.model,False,[],False
c34b010e3e9fd535,inventory.csv#3189,AN-2121-DRS,AN-2121-DRS,0.98,inventory.model,False,[],False
2bb55fe32fdc1ba8,inventory.csv#319,251_64,251_64,0.98,inventory.model,False,[],False
49bf5e0078616eed,inventory.csv#3190,878,878,0.98,inventory.model,False,[],False
207dd392aca126c2,inventory.csv#3191,Mini Remote Control,Mini Remote Control,0.98,inventory.model,False,[],False
530ed044772e58f3,inventory.csv#3192,AVC-2410,AVC-2410,0.98,inventory.model,False,[],False
adce7ca6b99ecf42,inventory.csv#3193,iCAN-1110SH,iCAN-1110SH,0.98,inventory.model,False,[],False
517986fb26eb2364,inventory.csv#3194,iCAN-2000T,iCAN-2000T,0.98,inventory.model,False,[],False
d64d3273d418b34b,inventory.csv#3195,ITI-Series,ITI-Series,0.98,inventory.model,False,[],False
65ba8b3b3ba3f63d,inventory.csv#3196,MAP-305DAII,MAP-305DAII,0.98,inventory.model,False,[],False
c46051691b7ef2c1,inventory.csv#3197,BSS 4814 Soundbar,BSS 4814 Soundbar,0.98,inventory.model,False,[],False
c2e3ea7158932d0c,inventory.csv#3198,CTV4925,CTV4925,0.98,inventory.model,False,[],False
1e5a8028e88e1f62,inventory.csv#3199,CTV4950,CTV4950,0.98,inventory.model,False,[],False
aeaf4d1706176f85,inventory.csv#32,81_0,81_0,0.98,inventory.model,False,[],False
2e36b497ad370bce,inventory.csv#320,31_14,31_14,0.98,inventory.model,False,[],False
8b2808ec089f0f46,inventory.csv#3200,CTV4950COMBO,CTV4950COMBO,0.98,inventory.model,False,[],False
0ff3a4045676de6a,inventory.csv#3201,DVD,DVD,0.98,inventory.model,False,[],False
ec6f558f2bb9bffa,inventory.csv#3202,MC-4414,MC-4414,0.98,inventory.model,False,[],False
666972eac74c26b6,inventory.csv#3203,MC-Series,MC-Series,0.98,inventory.model,False,[],False
446ff4859074a063,inventory.csv#3204,SLS-Series,SLS-Series,0.98,inventory.model,False,[],False
4c7414565ce2beb0,inventory.csv#3205,TV2,TV2,0.98,inventory.model,False,[],False
278e4f962ae187b3,inventory.csv#3206,LC21609,LC21609,0.98,inventory.model,False,[],False
6360d5e3df35dcb1,inventory.csv#3207,S8300,S8300,0.98,inventory.model,False,[],False
4ff0b4e1e3f6b631,inventory.csv#3208,STB2,STB2,0.98,inventory.model,False,[],False
a31eab3705fa1bec,inventory.csv#3209,0695,0695,0.98,inventory.model,False,[],False
928550c90540a2b5,inventory.csv#321,39_141,39_141,0.98,inventory.model,False,[],False
938a57d30484b99d,inventory.csv#3210,HT-DV90,HT-DV90,0.98,inventory.model,False,[],False
eed42fc6d600f1dc,inventory.csv#3211,HV-MX1,HV-MX1,0.98,inventory.model,False,[],False
6932561c53133dfe,inventory.csv#3212,RC-6VT06,RC-6VT06,0.98,inventory.model,False,[],False
ff3a37fe99fbcc69,inventory.csv#3213,RC-ZAS01,RC-ZAS01,0.98,inventory.model,False,[],False
fc50576dd8cb28d5,inventory.csv#3214,RM-Z20019,RM-Z20019,0.98,inventory.model,False,[],False
89f1922f595fff9b,inventory.csv#3215,Z-VR88,Z-VR88,0.98,inventory.model,False,[],False
df1fb058ca90a453,inventory.csv#3216,AKTV322,AKTV322,0.98,inventory.model,False,[],False
52dfc30eb0b1d1ae,inventory.csv#3217,CTV 4036 TV,CTV 4036 TV,0.98,inventory.model,False,[],False
c51d0c8c8588bf4a,inventory.csv#3218,RC-C79,RC-C79,0.98,inventory.model,False,[],False
e9e586198efa1a43,inventory.csv#3219,SmartTV,SmartTV,0.98,inventory.model,False,[],False
f5ec9b70b3cd1503,inventory.csv#322,55_140,55_140,0.98,inventory.model,False,[],False
37bf6df485437ea7,inventory.csv#3220,TV,TV,0.98,inventory.model,False,[],False
5fb720cd80bb6172,inventory.csv#3221,LCT-B01HU24,LCT-B01HU24,0.98,inventory.model,False,[],False
021dc250a623f64f,inventory.csv#3222,LCT-TV,LCT-TV,0.98,inventory.model,False,[],False
35bfb06c19ebb33e,inventory.csv#3223,CRA1655RF,CRA1655RF,0.98,inventory.model,False,[],False
c287bda5ad552d06,inventory.csv#3224,Series1,Series1,0.98,inventory.model,False,[],False
49e5c1391ccd87ef,inventory.csv#3225,Series2,Series2,0.98,inventory.model,False,[],False
2bd280d8457a825a,inventory.csv#3226,Xia50,Xia50,0.98,inventory.model,False,[],False
56687b2c552da42e,inventory.csv#3227,A140,A140,0.98,inventory.model,False,[],False
a7caa58e224f2e04,inventory.csv#3228,DS 304,DS 304,0.98,inventory.model,False,[],False
3ebafe9d7f9136a4,inventory.csv#3229,DVR,DVR,0.98,inventory.model,False,[],False
53b6c80b9bc36788,inventory.csv#323,59_76,59_76,0.98,inventory.model,False,[],False
ea7fab26b285e47a,inventory.csv#3230,DX3070,DX3070,0.98,inventory.model,False,[],False
6fa639f49b1d0b7a,inventory.csv#3231,T2014-V1,T2014-V1,0.98,inventory.model,False,[],False
41fb225b46d2131f,inventory.csv#3232,L22W898,L22W898,0.98,inventory.model,False,[],False
f0ba8ab25364541a,inventory.csv#3233,L27W551B,L27W551B,0.98,inventory.model,False,[],False
626aa55d108d7b1a,inventory.csv#3234,TV V2,TV V2,0.98,inventory.model,False,[],False
579019433d8b6deb,inventory.csv#3235,AVR400,AVR400,0.98,inventory.model,False,[],False
bdc042ad493c5509,inventory.csv#3236,ChicSilver,ChicSilver,0.98,inventory.model,False,[],False
a2d85e17c70fb896,inventory.csv#3237,DVD,DVD,0.98,inventory.model,False,[],False
d318b315ee76cd1f,inventory.csv#3238,DVB1,DVB1,0.98,inventory.model,False,[],False
7e50dfb55a98bed7,inventory.csv#3239,DVB2,DVB2,0.98,inventory.model,False,[],False
cb1b58c33790170d,inventory.csv#324,71_139,71_139,0.98,inventory.model,False,[],False
03c79173173de9ef,inventory.csv#3240,O!Play HD2,O!Play HD2,0.98,inventory.model,False,[],False
6176000ed00b5ed3,inventory.csv#3241,A5+,A5+,0.98,inventory.model,False,[],False
ff5f47a89e8e4530,inventory.csv#3242,DVB-1,DVB-1,0.98,inventory.model,False,[],False
ad7c11f9225e9b28,inventory.csv#3243,DVB-2,DVB-2,0.98,inventory.model,False,[],False
61719ec978844cb0,inventory.csv#3244,SiriusPNP2,SiriusPNP2,0.98,inventory.model,False,[],False
501c284f39fa60e2,inventory.csv#3245,DVB400,DVB400,0.98,inventory.model,False,[],False
10dd0b97a58646f8,inventory.csv#3246,DVB,DVB,0.98,inventory.model,False,[],False
db8a589fe187965c,inventory.csv#3247,Aurus,Aurus,0.98,inventory.model,False,[],False
920381254d91cbd0,inventory.csv#3248,PX-1181-675,PX-1181-675,0.98,inventory.model,False,[],False
215fcb13c54a8288,inventory.csv#3249,S2X,S2X,0.98,inventory.model,False,[],False
871d8e0e699e816b,inventory.csv#325,79_11,79_11,0.98,inventory.model,False,[],False
72fdce4f0b2050e7,inventory.csv#3250,SHD5,SHD5,0.98,inventory.model,False,[],False
0007ded4cf933621,inventory.csv#3251,TV1,TV1,0.98,inventory.model,False,[],False
4027352e7b96fced,inventory.csv#3252,E3HD,E3HD,0.98,inventory.model,False,[],False
15e4a926d5a0df13,inventory.csv#3253,F90 NET,F90 NET,0.98,inventory.model,False,[],False
8175e01e7c9b4b3b,inventory.csv#3254,F92 Net,F92 Net,0.98,inventory.model,False,[],False
2bfa78f6d0aec852,inventory.csv#3255,F98,F98,0.98,inventory.model,False,[],False
32688693d77cf549,inventory.csv#3256,S1001-S1005,S1001-S1005,0.98,inventory.model,False,[],False
782c5aaf2e525c0d,inventory.csv#3257,S922mini,S922mini,0.98,inventory.model,False,[],False
c24d47199ab3677e,inventory.csv#3258,Bravissimo,Bravissimo,0.98,inventory.model,False,[],False
c26df413c5f3c735,inventory.csv#3259,NewGen,NewGen,0.98,inventory.model,False,[],False
8d4df1aef2aaa18f,inventory.csv#326,7_143,7_143,0.98,inventory.model,False,[],False
66fd34dcdf34b995,inventory.csv#3260,PremiumHD,PremiumHD,0.98,inventory.model,False,[],False
d15913e0966e355d,inventory.csv#3261,S700,S700,0.98,inventory.model,False,[],False
f8d645ed0d28ccfc,inventory.csv#3262,MX-Series,MX-Series,0.98,inventory.model,False,[],False
ce04b08919549748,inventory.csv#3263,800,800,0.98,inventory.model,False,[],False
87c545d91582bbf2,inventory.csv#3264,808,808,0.98,inventory.model,False,[],False
a22285eaef89549f,inventory.csv#3265,TV-Code1,TV-Code1,0.98,inventory.model,False,[],False
16fcbf817723fe85,inventory.csv#3266,TV-Code2,TV-Code2,0.98,inventory.model,False,[],False
4724ba2fecf66d9f,inventory.csv#3267,TV-CUSTOM,TV-CUSTOM,0.98,inventory.model,False,[],False
d653f29717c14382,inventory.csv#3268,DVD-DV,DVD-DV,0.98,inventory.model,False,[],False
3d78f986cb4feb88,inventory.csv#3269,GT1 Ultimate Android,GT1 Ultimate Android,0.98,inventory.model,False,[],False
e0a2920ff4d26688,inventory.csv#327,87_138,87_138,0.98,inventory.model,False,[],False
ae5142f9d0ee5822,inventory.csv#3270,NR-KK14T61,NR-KK14T61,0.98,inventory.model,False,[],False
63a16a152c802826,inventory.csv#3271,KH2222,KH2222,0.98,inventory.model,False,[],False
a3f3fdf50667ecdc,inventory.csv#3272,KH2800,KH2800,0.98,inventory.model,False,[],False
dc3f85d262e58855,inventory.csv#3273,DV3080,DV3080,0.98,inventory.model,False,[],False
f163b4c291172d65,inventory.csv#3274,MP620,MP620,0.98,inventory.model,False,[],False
e85e210ad0958c8b,inventory.csv#3275,MP7xx-SP8xx,MP7xx-SP8xx,0.98,inventory.model,False,[],False
d97c815398a99e0a,inventory.csv#3276,PE7700,PE7700,0.98,inventory.model,False,[],False
3e5634bbc98a853f,inventory.csv#3277,Projector Type 1,Projector Type 1,0.98,inventory.model,False,[],False
ce9f4316b5001ddb,inventory.csv#3278,TV 1,TV 1,0.98,inventory.model,False,[],False
f71e3d23c24b6171,inventory.csv#3279,TV 3,TV 3,0.98,inventory.model,False,[],False
b0b860e3a7318390,inventory.csv#328,91_74,91_74,0.98,inventory.model,False,[],False
ae8017ac6317972f,inventory.csv#3280,TV 4,TV 4,0.98,inventory.model,False,[],False
232091c0443a327a,inventory.csv#3281,W1100,W1100,0.98,inventory.model,False,[],False
7cc25bcdeccbce63,inventory.csv#3282,TV,TV,0.98,inventory.model,False,[],False
2df90c08f9ef272f,inventory.csv#3283,DP-Lite i,DP-Lite i,0.98,inventory.model,False,[],False
457f2dc15d8044ea,inventory.csv#3284,DP-Lite,DP-Lite,0.98,inventory.model,False,[],False
8d3b7338a4e42d3b,inventory.csv#3285,DP-P1,DP-P1,0.98,inventory.model,False,[],False
7d871268ed2cc8fe,inventory.csv#3286,DP-P2,DP-P2,0.98,inventory.model,False,[],False
9488df57ec5b100c,inventory.csv#3287,DP-S1,DP-S1,0.98,inventory.model,False,[],False
fc65231d0a582bf5,inventory.csv#3288,FV-L1,FV-L1,0.98,inventory.model,False,[],False
4fe2a15b49cc15df,inventory.csv#3289,T2-4 (0x02F2),T2-4 (0x02F2),0.98,inventory.model,False,[],False
30b7fdc8c4fa1030,inventory.csv#329,11_-1,11_-1,0.98,inventory.model,False,[],False
0af9080828ab58be,inventory.csv#3290,T2-4 (0x02F3),T2-4 (0x02F3),0.98,inventory.model,False,[],False
acf9b82293e96c88,inventory.csv#3291,T2-4 (0x02F4),T2-4 (0x02F4),0.98,inventory.model,False,[],False
825c4c5353f23598,inventory.csv#3292,T3 (0xABCD),T3 (0xABCD),0.98,inventory.model,False,[],False
52201fbb74f81a06,inventory.csv#3293,T3 (0xAE97),T3 (0xAE97),0.98,inventory.model,False,[],False
1a66bd978d7552fe,inventory.csv#3294,U4 (0x02F3),U4 (0x02F3),0.98,inventory.model,False,[],False
7702ecf01042727d,inventory.csv#3295,U4 (0xAE97),U4 (0xAE97),0.98,inventory.model,False,[],False
bf209091b089c0e1,inventory.csv#3296,BFH5000-UM,BFH5000-UM,0.98,inventory.model,False,[],False
04b8810da5846e9b,inventory.csv#3297,BT91R,BT91R,0.98,inventory.model,False,[],False
23b6b4c26e7c9fec,inventory.csv#3298,BTF4002,BTF4002,0.98,inventory.model,False,[],False
95bfa6b6f5387418,inventory.csv#3299,BW2300,BW2300,0.98,inventory.model,False,[],False
b69a0ce9d07708ae,inventory.csv#33,0_-1,0_-1,0.98,inventory.model,False,[],False
80abb4891c85a14c,inventory.csv#330,11_79,11_79,0.98,inventory.model,False,[],False
9145d660409ce031,inventory.csv#3300,DVD1,DVD1,0.98,inventory.model,False,[],False
ded4a58bdf7fae8a,inventory.csv#3301,TV,TV,0.98,inventory.model,False,[],False
7afd5a0e374c61c1,inventory.csv#3302,DTN,DTN,0.98,inventory.model,False,[],False
1d5f6b2c87427172,inventory.csv#3303,AcousticWaveII,AcousticWaveII,0.98,inventory.model,False,[],False
327da6c4afb306cf,inventory.csv#3304,AWR,AWR,0.98,inventory.model,False,[],False
b4b689f49d2d1db0,inventory.csv#3305,Cinemate,Cinemate,0.98,inventory.model,False,[],False
5bbda9300066b778,inventory.csv#3306,Lifestyle V35,Lifestyle V35,0.98,inventory.model,False,[],False
34b08b9bf7b7a113,inventory.csv#3307,Sound Dock,Sound Dock,0.98,inventory.model,False,[],False
0e74925a9973a024,inventory.csv#3308,TV1,TV1,0.98,inventory.model,False,[],False
99a19df68b5d076c,inventory.csv#3309,WaveMusicSystem,WaveMusicSystem,0.98,inventory.model,False,[],False
57e339ec6840e19e,inventory.csv#331,139_71,139_71,0.98,inventory.model,False,[],False
8793305f70b7c559,inventory.csv#3310,WAVEradio,WAVEradio,0.98,inventory.model,False,[],False
7fa5fd6c1c5ac421,inventory.csv#3311,TV-Code1,TV-Code1,0.98,inventory.model,False,[],False
0312b4edd44a2617,inventory.csv#3312,BR330DABC DAB+,BR330DABC DAB+,0.98,inventory.model,False,[],False
2dc0adc670098dd8,inventory.csv#3313,BU10FVZS1,BU10FVZS1,0.98,inventory.model,False,[],False
a4caf354d172219d,inventory.csv#3314,LT32M1CA,LT32M1CA,0.98,inventory.model,False,[],False
1e98f5dab45cf89d,inventory.csv#3315,Soundbar,Soundbar,0.98,inventory.model,False,[],False
a392a9ef0d1db21f,inventory.csv#3316,HDMI,HDMI,0.98,inventory.model,False,[],False
0ca3115978c00a6f,inventory.csv#3317,840AC,840AC,0.98,inventory.model,False,[],False
dafd60567fb6cb0d,inventory.csv#3318,851A,851A,0.98,inventory.model,False,[],False
2a28eaff196bea43,inventory.csv#3319,CQ002,CQ002,0.98,inventory.model,False,[],False
f95b16255ad9c129,inventory.csv#332,203_67,203_67,0.98,inventory.model,False,[],False
40fa22a60b2ff284,inventory.csv#3320,Camera,Camera,0.98,inventory.model,False,[],False
a1501ad5050254e2,inventory.csv#3321,EOS,EOS,0.98,inventory.model,False,[],False
a2ff3a8f3c5a9680,inventory.csv#3322,Projector,Projector,0.98,inventory.model,False,[],False
fea9b37db8ec09ef,inventory.csv#3323,DM-Soundbar,DM-Soundbar,0.98,inventory.model,False,[],False
07521dd1a79b2625,inventory.csv#3324,DV-933,DV-933,0.98,inventory.model,False,[],False
1598804de771af99,inventory.csv#3325,DVA-2002,DVA-2002,0.98,inventory.model,False,[],False
d6521d0e4f2250d1,inventory.csv#3326,DVD-1122,DVD-1122,0.98,inventory.model,False,[],False
48be6818141a3e51,inventory.csv#3327,TV,TV,0.98,inventory.model,False,[],False
d35526873ca3bb5b,inventory.csv#3328,Codeset1,Codeset1,0.98,inventory.model,False,[],False
4b359fc40fb15daf,inventory.csv#3329,Codeset2,Codeset2,0.98,inventory.model,False,[],False
c59682b273606773,inventory.csv#333,27_78,27_78,0.98,inventory.model,False,[],False
e180fd268dd7fa3e,inventory.csv#3330,LED32D2080T2,LED32D2080T2,0.98,inventory.model,False,[],False
b17a4b47c083c4fd,inventory.csv#3331,AB-124,AB-124,0.98,inventory.model,False,[],False
e74249edf49bd625,inventory.csv#3332,Studio Player DVD,Studio Player DVD,0.98,inventory.model,False,[],False
ffa2e266e599e416,inventory.csv#3333,4682DVB,4682DVB,0.98,inventory.model,False,[],False
9bc480a3f86dc4c7,inventory.csv#3334,8455DVB,8455DVB,0.98,inventory.model,False,[],False
dba19f358a889f8b,inventory.csv#3335,8620DVB,8620DVB,0.98,inventory.model,False,[],False
c6da11f642660721,inventory.csv#3336,CHS335HD,CHS335HD,0.98,inventory.model,False,[],False
1f6af1635c8ffa89,inventory.csv#3337,Explorer,Explorer,0.98,inventory.model,False,[],False
964f27d9e21871e7,inventory.csv#3338,Generic DVR,Generic DVR,0.98,inventory.model,False,[],False
884f244ab3069f7f,inventory.csv#3339,IPN4320,IPN4320,0.98,inventory.model,False,[],False
43ca76fed38b13bb,inventory.csv#334,5_1,5_1,0.98,inventory.model,False,[],False
391bda900116acc6,inventory.csv#3340,ISB2201,ISB2201,0.98,inventory.model,False,[],False
e43d98c2fc15b33c,inventory.csv#3341,ISB7500,ISB7500,0.98,inventory.model,False,[],False
e7a83adcda8ec0a4,inventory.csv#3342,RNG-Series,RNG-Series,0.98,inventory.model,False,[],False
250996ba6f7896ee,inventory.csv#3343,RCB-130,RCB-130,0.98,inventory.model,False,[],False
371739cbe5ab5bff,inventory.csv#3344,ET 9200 SAT,ET 9200 SAT,0.98,inventory.model,False,[],False
b35d3ef68baaffe3,inventory.csv#3345,Ghepardo M2,Ghepardo M2,0.98,inventory.model,False,[],False
221d97eed378b34b,inventory.csv#3346,X10,X10,0.98,inventory.model,False,[],False
66c392a251ff9a2c,inventory.csv#3347,RG405DS4,RG405DS4,0.98,inventory.model,False,[],False
ca02bf079587b539,inventory.csv#3348,SL100HD,SL100HD,0.98,inventory.model,False,[],False
f9002db1dae1a289,inventory.csv#3349,SL40HD,SL40HD,0.98,inventory.model,False,[],False
937b8e9ca57021f0,inventory.csv#335,6_1,6_1,0.98,inventory.model,False,[],False
f0e7123720e5db7f,inventory.csv#3350,SL60HD,SL60HD,0.98,inventory.model,False,[],False
7aa011c3b5097129,inventory.csv#3351,SL905HD,SL905HD,0.98,inventory.model,False,[],False
d619744f35481d77,inventory.csv#3352,RSW887T2,RSW887T2,0.98,inventory.model,False,[],False
3f71c00311390a07,inventory.csv#3353,HD1C,HD1C,0.98,inventory.model,False,[],False
8d6177d79c633c51,inventory.csv#3354,DVD,DVD,0.98,inventory.model,False,[],False
a71034260e46974a,inventory.csv#3355,RM1000W,RM1000W,0.98,inventory.model,False,[],False
c21a69ef4b85a5c1,inventory.csv#3356,Atlas,Atlas,0.98,inventory.model,False,[],False
7fb88a44a80aa6c2,inventory.csv#3357,HD 200 S,HD 200 S,0.98,inventory.model,False,[],False
30171e47158acf96,inventory.csv#3358,ACTV3698,ACTV3698,0.98,inventory.model,False,[],False
2342b0051eb97905,inventory.csv#3359,CH-DVD_504,CH-DVD_504,0.98,inventory.model,False,[],False
2837b55322153850,inventory.csv#336,139_71,139_71,0.98,inventory.model,False,[],False
0eb9b8e124c9ff84,inventory.csv#3360,DV-F24D,DV-F24D,0.98,inventory.model,False,[],False
94a5c65326f2aa8c,inventory.csv#3361,DVD,DVD,0.98,inventory.model,False,[],False
9ba1d3a3d46ebe2e,inventory.csv#3362,DWC-055RL,DWC-055RL,0.98,inventory.model,False,[],False
4ff5356f895b75a0,inventory.csv#3363,R-40A15,R-40A15,0.98,inventory.model,False,[],False
66bdff350d818e96,inventory.csv#3364,R-43A08,R-43A08,0.98,inventory.model,False,[],False
4b7b4988aeaebda1,inventory.csv#3365,TV-21T5T,TV-21T5T,0.98,inventory.model,False,[],False
c56628655c38687e,inventory.csv#3366,Air Conditioner,Air Conditioner,0.98,inventory.model,False,[],False
bb02ded249accbdf,inventory.csv#3367,DVB - T 139,DVB - T 139,0.98,inventory.model,False,[],False
66a0a502e5074dc6,inventory.csv#3368,MK108,MK108,0.98,inventory.model,False,[],False
79ea5a3f892b4c2c,inventory.csv#3369,Projector-1,Projector-1,0.98,inventory.model,False,[],False
c312e025d95b9c0e,inventory.csv#337,203_67,203_67,0.98,inventory.model,False,[],False
84f45e85cad10950,inventory.csv#3370,CD-Player,CD-Player,0.98,inventory.model,False,[],False
13dc8abdb9f9cdc2,inventory.csv#3371,D-M-Series,D-M-Series,0.98,inventory.model,False,[],False
08f7646298e96112,inventory.csv#3372,DRA-585RD,DRA-585RD,0.98,inventory.model,False,[],False
1708d7d4f1f06671,inventory.csv#3373,DRA,DRA,0.98,inventory.model,False,[],False
a4db79022086eec6,inventory.csv#3374,RC-1162,RC-1162,0.98,inventory.model,False,[],False
62e59fabf313093b,inventory.csv#3375,RC-165,RC-165,0.98,inventory.model,False,[],False
d605f633202c204f,inventory.csv#3376,RC-174,RC-174,0.98,inventory.model,False,[],False
c5ebaa66aa031799,inventory.csv#3377,RC-176,RC-176,0.98,inventory.model,False,[],False
f4011fed422a0451,inventory.csv#3378,RC-230,RC-230,0.98,inventory.model,False,[],False
3cd1243467325c8e,inventory.csv#3379,RC-540,RC-540,0.98,inventory.model,False,[],False
529573af9e11ec50,inventory.csv#338,27_78,27_78,0.98,inventory.model,False,[],False
ffa4c59b985dac6a,inventory.csv#3380,RC-543,RC-543,0.98,inventory.model,False,[],False
78028ab929bb2ab6,inventory.csv#3381,RC-843,RC-843,0.98,inventory.model,False,[],False
c7ddd3ddc7510184,inventory.csv#3382,RC-861,RC-861,0.98,inventory.model,False,[],False
9da2171d22e74820,inventory.csv#3383,RC-903,RC-903,0.98,inventory.model,False,[],False
eaa2778b5778460f,inventory.csv#3384,DVD,DVD,0.98,inventory.model,False,[],False
a78fc94f6152f2ba,inventory.csv#3385,MCD,MCD,0.98,inventory.model,False,[],False
f982684931ee01c6,inventory.csv#3386,DG-HD5370,DG-HD5370,0.98,inventory.model,False,[],False
6b3b3c6c7432a993,inventory.csv#3387,TV-1,TV-1,0.98,inventory.model,False,[],False
71597ad6cd5c97e9,inventory.csv#3388,TV-2,TV-2,0.98,inventory.model,False,[],False
cef63e856b24a6ba,inventory.csv#3389,DT009STB,DT009STB,0.98,inventory.model,False,[],False
9c4d1cb910707085,inventory.csv#339,11_79,11_79,0.98,inventory.model,False,[],False
97d8b184f9a6f5fc,inventory.csv#3390,TV-LCD-022,TV-LCD-022,0.98,inventory.model,False,[],False
6705cb70015ad7fe,inventory.csv#3391,STB,STB,0.98,inventory.model,False,[],False
a62f0608b1b89b75,inventory.csv#3392,DGQ400,DGQ400,0.98,inventory.model,False,[],False
a1104dcdd7477ebb,inventory.csv#3393,FTA6300-6400,FTA6300-6400,0.98,inventory.model,False,[],False
ed17b75fe6088476,inventory.csv#3394,FYP10,FYP10,0.98,inventory.model,False,[],False
048a7d7764518881,inventory.csv#3395,MHP3800,MHP3800,0.98,inventory.model,False,[],False
27b93e7b8e0c0437,inventory.csv#3396,M40 V2,M40 V2,0.98,inventory.model,False,[],False
33ee5742c1cd8f75,inventory.csv#3397,DHR-DSP,DHR-DSP,0.98,inventory.model,False,[],False
eb1d5aef228e2c9f,inventory.csv#3398,DPS1000,DPS1000,0.98,inventory.model,False,[],False
0b918597e9a4265a,inventory.csv#3399,DTX9900,DTX9900,0.98,inventory.model,False,[],False
3ddb4fe69d146fae,inventory.csv#34,1_-1,1_-1,0.98,inventory.model,False,[],False
5a7b046a9f269299,inventory.csv#340,27_78,27_78,0.98,inventory.model,False,[],False
fbbf98b1ad11d2ef,inventory.csv#3400,TV,TV,0.98,inventory.model,False,[],False
03924f9939b8e27b,inventory.csv#3401,DVB1,DVB1,0.98,inventory.model,False,[],False
78e76d6adaa8e87c,inventory.csv#3402,DVB2,DVB2,0.98,inventory.model,False,[],False
7834f54988cbcecc,inventory.csv#3403,HR44,HR44,0.98,inventory.model,False,[],False
05d42dc6d2abdde4,inventory.csv#3404,ViP-211k,ViP-211k,0.98,inventory.model,False,[],False
5845a714ae7a43d5,inventory.csv#3405,ViP-622,ViP-622,0.98,inventory.model,False,[],False
58a253e9fcec9e8c,inventory.csv#3406,AS40-1,AS40-1,0.98,inventory.model,False,[],False
d56d33d7c7b4beed,inventory.csv#3407,DVD1,DVD1,0.98,inventory.model,False,[],False
a2b4cdebfb310538,inventory.csv#3408,DVD2,DVD2,0.98,inventory.model,False,[],False
6598b4a36a319d8d,inventory.csv#3409,PIP 4 Port HDMI Switcher,PIP 4 Port HDMI Switcher,0.98,inventory.model,False,[],False
f7621762b0ed0c9b,inventory.csv#341,139_71,139_71,0.98,inventory.model,False,[],False
9df0157804caf537,inventory.csv#3410,DM500,DM500,0.98,inventory.model,False,[],False
e508cf54af231bae,inventory.csv#3411,RC10,RC10,0.98,inventory.model,False,[],False
b629a8237c472a36,inventory.csv#3412,XMP-Codes,XMP-Codes,0.98,inventory.model,False,[],False
50d3606a5f91f2fd,inventory.csv#3413,MediaPlayer,MediaPlayer,0.98,inventory.model,False,[],False
6f2f5698f35d34c0,inventory.csv#3414,TroyHD,TroyHD,0.98,inventory.model,False,[],False
54de716c8b201620,inventory.csv#3415,DVD1,DVD1,0.98,inventory.model,False,[],False
5e855fb645b1a712,inventory.csv#3416,DVD2,DVD2,0.98,inventory.model,False,[],False
6c24d76e8c20e4b4,inventory.csv#3417,Xeo5,Xeo5,0.98,inventory.model,False,[],False
103f84a961a919c0,inventory.csv#3418,DX-Series,DX-Series,0.98,inventory.model,False,[],False
2877dfdc9646efbc,inventory.csv#3419,SS7411D,SS7411D,0.98,inventory.model,False,[],False
e0b5dc8679554a65,inventory.csv#342,203_67,203_67,0.98,inventory.model,False,[],False
d0cd75a7baa196f6,inventory.csv#3420,Cobra,Cobra,0.98,inventory.model,False,[],False
f8d50d83d5c6774d,inventory.csv#3421,Condor DVB-S,Condor DVB-S,0.98,inventory.model,False,[],False
9b7e1072775bd68e,inventory.csv#3422,Icarus,Icarus,0.98,inventory.model,False,[],False
85aa7fec651ebf12,inventory.csv#3423,Level,Level,0.98,inventory.model,False,[],False
a82adf1cf3600e7c,inventory.csv#3424,TV-Code1,TV-Code1,0.98,inventory.model,False,[],False
598962d2292aaf6c,inventory.csv#3425,TV-Code2,TV-Code2,0.98,inventory.model,False,[],False
d47db05969582104,inventory.csv#3426,EASY 1972 A-V1 TV,EASY 1972 A-V1 TV,0.98,inventory.model,False,[],False
150766748b806c54,inventory.csv#3427,EASY 1972 A-V2 TV,EASY 1972 A-V2 TV,0.98,inventory.model,False,[],False
4587c2808e79b282,inventory.csv#3428,SX25,SX25,0.98,inventory.model,False,[],False
509cf89bd4a39393,inventory.csv#3429,DVB-S,DVB-S,0.98,inventory.model,False,[],False
a20228358fd6f3cf,inventory.csv#343,27_78,27_78,0.98,inventory.model,False,[],False
d24086255f9ff766,inventory.csv#3430,HDC-601-DER,HDC-601-DER,0.98,inventory.model,False,[],False
072cd9ec49ef0dc2,inventory.csv#3431,C2XD,C2XD,0.98,inventory.model,False,[],False
1dda389672bb33ba,inventory.csv#3432,Luna,Luna,0.98,inventory.model,False,[],False
a8fed666401c1996,inventory.csv#3433,R1700BT,R1700BT,0.98,inventory.model,False,[],False
9fbd0dc3391f9e8a,inventory.csv#3434,R2730DB,R2730DB,0.98,inventory.model,False,[],False
2da17668fe7d70e3,inventory.csv#3435,R2800,R2800,0.98,inventory.model,False,[],False
0fbd671cc1b1ca78,inventory.csv#3436,Speakers,Speakers,0.98,inventory.model,False,[],False
586a3484408678cf,inventory.csv#3437,OPTIMUSS OS-Series,OPTIMUSS OS-Series,0.98,inventory.model,False,[],False
940bc74039a39e12,inventory.csv#3438,Optimuss-Underline,Optimuss-Underline,0.98,inventory.model,False,[],False
bd80660ee8c0f9f4,inventory.csv#3439,OS Mini DVB C + T2,OS Mini DVB C + T2,0.98,inventory.model,False,[],False
e3a924977d0063fc,inventory.csv#344,11_79,11_79,0.98,inventory.model,False,[],False
648c5ef723ce04cf,inventory.csv#3440,Progressiv-HD,Progressiv-HD,0.98,inventory.model,False,[],False
5ed83502be9748bd,inventory.csv#3441,RC1,RC1,0.98,inventory.model,False,[],False
debcaf44c60581b5,inventory.csv#3442,RC2,RC2,0.98,inventory.model,False,[],False
6f9dc77ae20a6d52,inventory.csv#3443,LC-360,LC-360,0.98,inventory.model,False,[],False
cf0fdbea1a214b61,inventory.csv#3444,LC-4200,LC-4200,0.98,inventory.model,False,[],False
9bab85cd64eeb692,inventory.csv#3445,LC-FX1U,LC-FX1U,0.98,inventory.model,False,[],False
b284c13af7e7139b,inventory.csv#3446,LC-SVGA860,LC-SVGA860,0.98,inventory.model,False,[],False
64f4eddeb12e4be5,inventory.csv#3447,LC-SX1U,LC-SX1U,0.98,inventory.model,False,[],False
c37704f6ec19518a,inventory.csv#3448,LC-XGA98OUE,LC-XGA98OUE,0.98,inventory.model,False,[],False
5b1053e5602f5017,inventory.csv#3449,LC-XNP4000,LC-XNP4000,0.98,inventory.model,False,[],False
c8a7829456941dce,inventory.csv#345,43_77,43_77,0.98,inventory.model,False,[],False
d98c5188ed8307a2,inventory.csv#3450,Air Conditioner,Air Conditioner,0.98,inventory.model,False,[],False
a251f05aedfc24a0,inventory.csv#3451,TV,TV,0.98,inventory.model,False,[],False
1a1ae884502456a4,inventory.csv#3452,PRC-100S,PRC-100S,0.98,inventory.model,False,[],False
6da1bc7d053631dd,inventory.csv#3453,2476,2476,0.98,inventory.model,False,[],False
cdf3aa2b980fdaec,inventory.csv#3454,8803CLS,8803CLS,0.98,inventory.model,False,[],False
ed992b0f67545e6a,inventory.csv#3455,8886,8886,0.98,inventory.model,False,[],False
b9b406c1fc3f984f,inventory.csv#3456,8918DVD,8918DVD,0.98,inventory.model,False,[],False
fd85e951454fa7b6,inventory.csv#3457,DVD1,DVD1,0.98,inventory.model,False,[],False
9d000577e3de2594,inventory.csv#3458,DVD4,DVD4,0.98,inventory.model,False,[],False
435f0be29a5bfbb7,inventory.csv#3459,DVD5,DVD5,0.98,inventory.model,False,[],False
076e83ab045c193f,inventory.csv#346,75_75,75_75,0.98,inventory.model,False,[],False
06b70ff4ed4533f4,inventory.csv#3460,LTDN42V68US,LTDN42V68US,0.98,inventory.model,False,[],False
4791699e00d2c9cb,inventory.csv#3461,TV-Combo1,TV-Combo1,0.98,inventory.model,False,[],False
4dd9f84721a0c687,inventory.csv#3462,TV-Combo2,TV-Combo2,0.98,inventory.model,False,[],False
1023309c267b404e,inventory.csv#3463,TV,TV,0.98,inventory.model,False,[],False
a10948cbb9c897f9,inventory.csv#3464,UMC-200,UMC-200,0.98,inventory.model,False,[],False
b3db5f374178fe1c,inventory.csv#3465,K120-K130,K120-K130,0.98,inventory.model,False,[],False
b556b3c1d69b9fd9,inventory.csv#3466,N150H,N150H,0.98,inventory.model,False,[],False
2436e5bd27773940,inventory.csv#3467,N200,N200,0.98,inventory.model,False,[],False
442fed7854ce47b4,inventory.csv#3468,S800,S800,0.98,inventory.model,False,[],False
1c5d48a7b0f6dffc,inventory.csv#3469,S850H,S850H,0.98,inventory.model,False,[],False
637f938e63d59616,inventory.csv#347,1_-1,1_-1,0.98,inventory.model,False,[],False
5d145182f10af839,inventory.csv#3470,MPL-TV,MPL-TV,0.98,inventory.model,False,[],False
9aaa5d6514045b32,inventory.csv#3471,8000i,8000i,0.98,inventory.model,False,[],False
42bce87c8eb2b1cd,inventory.csv#3472,9000i,9000i,0.98,inventory.model,False,[],False
14d12bf93018649e,inventory.csv#3473,EB-485W,EB-485W,0.98,inventory.model,False,[],False
05e1c56e177b4740,inventory.csv#3474,ELPST12,ELPST12,0.98,inventory.model,False,[],False
f93530a71d6331b2,inventory.csv#3475,TW6100,TW6100,0.98,inventory.model,False,[],False
db4de08510d8d847,inventory.csv#3476,EB-9700,EB-9700,0.98,inventory.model,False,[],False
3d7e7bd674416d7e,inventory.csv#3477,Enfinity XCombo+,Enfinity XCombo+,0.98,inventory.model,False,[],False
da213dd0fbd72bf1,inventory.csv#3478,ImageRemote,ImageRemote,0.98,inventory.model,False,[],False
885f432e77fc0c8d,inventory.csv#3479,Macro Buttons,Macro Buttons,0.98,inventory.model,False,[],False
05979c8a6878ae75,inventory.csv#348,8_-1,8_-1,0.98,inventory.model,False,[],False
60a6994ca1f904a4,inventory.csv#3480,RC5,RC5,0.98,inventory.model,False,[],False
2307f58a8c85b56a,inventory.csv#3481,5XXX,5XXX,0.98,inventory.model,False,[],False
58f0186499804e5f,inventory.csv#3482,AlumovieHD,AlumovieHD,0.98,inventory.model,False,[],False
f85fe28f1ee9c703,inventory.csv#3483,MediaManager,MediaManager,0.98,inventory.model,False,[],False
d57f78ca6bcdc3d3,inventory.csv#3484,GLIDE,GLIDE,0.98,inventory.model,False,[],False
e96691e321df48e2,inventory.csv#3485,MercuryHS100,MercuryHS100,0.98,inventory.model,False,[],False
650c79359a69b6f0,inventory.csv#3486,ARIVA200,ARIVA200,0.98,inventory.model,False,[],False
5fdba04bcbceab1b,inventory.csv#3487,FS 3201 MHI,FS 3201 MHI,0.98,inventory.model,False,[],False
fb793cd23daca1f0,inventory.csv#3488,AV-1,AV-1,0.98,inventory.model,False,[],False
088de2c93c956293,inventory.csv#3489,REM-S3,REM-S3,0.98,inventory.model,False,[],False
faf44471ad7f28bb,inventory.csv#349,186_75,186_75,0.98,inventory.model,False,[],False
c97905d2badf67a2,inventory.csv#3490,TV1,TV1,0.98,inventory.model,False,[],False
fba2aac8bc70de11,inventory.csv#3491,TV2,TV2,0.98,inventory.model,False,[],False
f19ea293dd61f891,inventory.csv#3492,TV3,TV3,0.98,inventory.model,False,[],False
ceab4e62fbf2774e,inventory.csv#3493,TV4,TV4,0.98,inventory.model,False,[],False
0ef4db4e3b528c16,inventory.csv#3494,IQ2,IQ2,0.98,inventory.model,False,[],False
ae612e19eee04834,inventory.csv#3495,FreeboxHD,FreeboxHD,0.98,inventory.model,False,[],False
acaaeecf55e8442e,inventory.csv#3496,MP35,MP35,0.98,inventory.model,False,[],False
3b5c9225cc609ee6,inventory.csv#3497,Freeduo X+,Freeduo X+,0.98,inventory.model,False,[],False
6b3a138b9c76d72e,inventory.csv#3498,Freeduo+ SAT,Freeduo+ SAT,0.98,inventory.model,False,[],False
a0c895c48cb06cdf,inventory.csv#3499,115T,115T,0.98,inventory.model,False,[],False
b1477c89158d02c9,inventory.csv#35,27_-1,27_-1,0.98,inventory.model,False,[],False
6ba9571e1c141049,inventory.csv#350,186_133,186_133,0.98,inventory.model,False,[],False
e9c305d2dfd435c5,inventory.csv#3500,ODE 760,ODE 760,0.98,inventory.model,False,[],False
654d2e98d3486f51,inventory.csv#3501,ODE-100-CI+,ODE-100-CI+,0.98,inventory.model,False,[],False
95d253c1673888ff,inventory.csv#3502,ODE-520,ODE-520,0.98,inventory.model,False,[],False
2142a00098384a0b,inventory.csv#3503,ODE781HD,ODE781HD,0.98,inventory.model,False,[],False
9978322431c4ed7e,inventory.csv#3504,DVD-Generic,DVD-Generic,0.98,inventory.model,False,[],False
444166e06560d721,inventory.csv#3505,DVD-RECORDER,DVD-RECORDER,0.98,inventory.model,False,[],False
8be3b08828de8b50,inventory.csv#3506,LT8-M26BB,LT8-M26BB,0.98,inventory.model,False,[],False
f782ddb5fac5d45a,inventory.csv#3507,NF021RD,NF021RD,0.98,inventory.model,False,[],False
330997873bb92eb5,inventory.csv#3508,TV,TV,0.98,inventory.model,False,[],False
c5411c9f8d21b463,inventory.csv#3509,DT500-V1,DT500-V1,0.98,inventory.model,False,[],False
60a4f7e23dde3fe4,inventory.csv#351,186_213,186_213,0.98,inventory.model,False,[],False
a8bcde66484b9a7f,inventory.csv#3510,DT500-V2,DT500-V2,0.98,inventory.model,False,[],False
f5b1b5d8ca712fe2,inventory.csv#3511,SAT,SAT,0.98,inventory.model,False,[],False
77c490cfeda12a07,inventory.csv#3512,PG143,PG143,0.98,inventory.model,False,[],False
79b6177ed0ebd3b8,inventory.csv#3513,SW-HF5.1 5000,SW-HF5.1 5000,0.98,inventory.model,False,[],False
9d2629768887589c,inventory.csv#3514,QuadPlus,QuadPlus,0.98,inventory.model,False,[],False
dcbc71c57813ce0a,inventory.csv#3515,GS,GS,0.98,inventory.model,False,[],False
58393334ebdfe88c,inventory.csv#3516,7100CX,7100CX,0.98,inventory.model,False,[],False
559e7b10a1a4ca20,inventory.csv#3517,DVB,DVB,0.98,inventory.model,False,[],False
cb95de90129283df,inventory.csv#3518,GDTV 32,GDTV 32,0.98,inventory.model,False,[],False
fa8b3baecf03934d,inventory.csv#3519,9080,9080,0.98,inventory.model,False,[],False
982fada03c1dc7bc,inventory.csv#352,186_229,186_229,0.98,inventory.model,False,[],False
7d5ad0cc40ae7761,inventory.csv#3520,Hypercube,Hypercube,0.98,inventory.model,False,[],False
ad0ee2a7759641fd,inventory.csv#3521,PVR,PVR,0.98,inventory.model,False,[],False
623aad101ab577c7,inventory.csv#3522,DVB,DVB,0.98,inventory.model,False,[],False
5b85114c653d60c0,inventory.csv#3523,TV,TV,0.98,inventory.model,False,[],False
1b0a0000558fe2d8,inventory.csv#3524,TV,TV,0.98,inventory.model,False,[],False
1d389a07c31a5372,inventory.csv#3525,BluRay-1,BluRay-1,0.98,inventory.model,False,[],False
1d1572f6365b5c45,inventory.csv#3526,BluRay-2,BluRay-2,0.98,inventory.model,False,[],False
62a45896450c41ad,inventory.csv#3527,RC-GD1,RC-GD1,0.98,inventory.model,False,[],False
739d5d804c8e542d,inventory.csv#3528,Sonoclock 990,Sonoclock 990,0.98,inventory.model,False,[],False
946be5c5354b4e86,inventory.csv#3529,TP-160C,TP-160C,0.98,inventory.model,False,[],False
8f2b5d35e5d37a4a,inventory.csv#353,186_85,186_85,0.98,inventory.model,False,[],False
40f3fcd37f9532a8,inventory.csv#3530,TP-715,TP-715,0.98,inventory.model,False,[],False
38fe77a1e1e9f913,inventory.csv#3531,TP-760,TP-760,0.98,inventory.model,False,[],False
c107240c905bd928,inventory.csv#3532,TV-P-Model,TV-P-Model,0.98,inventory.model,False,[],False
b5580d6f2ded0c74,inventory.csv#3533,Vision 6,Vision 6,0.98,inventory.model,False,[],False
c50c8200966dab57,inventory.csv#3534,VLC-6123-T2,VLC-6123-T2,0.98,inventory.model,False,[],False
ed8b4ce208cabd31,inventory.csv#3535,Xephia42PXW,Xephia42PXW,0.98,inventory.model,False,[],False
e4ba5ed290df6524,inventory.csv#3536,HTR-040,HTR-040,0.98,inventory.model,False,[],False
8bb91a3ade0c9a5f,inventory.csv#3537,HTR-273W,HTR-273W,0.98,inventory.model,False,[],False
85c9faa1b2e80e96,inventory.csv#3538,HTR-A18M,HTR-A18M,0.98,inventory.model,False,[],False
3a911b98a07e27c7,inventory.csv#3539,HWR05XC6,HWR05XC6,0.98,inventory.model,False,[],False
8e415709ab50a1e8,inventory.csv#354,186_1,186_1,0.98,inventory.model,False,[],False
65fc2e75ac963fb4,inventory.csv#3540,HSG1116,HSG1116,0.98,inventory.model,False,[],False
30c274397bba45e2,inventory.csv#3541,JT01-32E1-000G,JT01-32E1-000G,0.98,inventory.model,False,[],False
9f5047e3166b2b8a,inventory.csv#3542,TV-NEC-0-189,TV-NEC-0-189,0.98,inventory.model,False,[],False
fd1f3b2623c341e3,inventory.csv#3543,XV32,XV32,0.98,inventory.model,False,[],False
c6f278288d8f5314,inventory.csv#3544,LCD-REA-FHD,LCD-REA-FHD,0.98,inventory.model,False,[],False
94dfe1b10254bfaf,inventory.csv#3545,TV-REA32,TV-REA32,0.98,inventory.model,False,[],False
43088702124227df,inventory.csv#3546,SB-Soundbar,SB-Soundbar,0.98,inventory.model,False,[],False
83ac5ee55c2aa0ca,inventory.csv#3547,AVR,AVR,0.98,inventory.model,False,[],False
6d8af74524eab5ff,inventory.csv#3548,AVR80,AVR80,0.98,inventory.model,False,[],False
87b722551f944d68,inventory.csv#3549,BDS,BDS,0.98,inventory.model,False,[],False
64d4398b7c96243a,inventory.csv#355,186_136,186_136,0.98,inventory.model,False,[],False
2df4ba07aab4bafb,inventory.csv#3550,DVD22,DVD22,0.98,inventory.model,False,[],False
6dc3304c876e7b4e,inventory.csv#3551,HD730,HD730,0.98,inventory.model,False,[],False
d68b3d2d08751d04,inventory.csv#3552,HK3390,HK3390,0.98,inventory.model,False,[],False
2d99d7e2c44582c1,inventory.csv#3553,HK3550,HK3550,0.98,inventory.model,False,[],False
8658485b2c494bea,inventory.csv#3554,RIA101,RIA101,0.98,inventory.model,False,[],False
8cefc485847f44bd,inventory.csv#3555,A415-HPG,A415-HPG,0.98,inventory.model,False,[],False
3cdd6ffb4e74d2f6,inventory.csv#3556,DSR-0095,DSR-0095,0.98,inventory.model,False,[],False
bd3f1ea0a588c155,inventory.csv#3557,DSR-0112,DSR-0112,0.98,inventory.model,False,[],False
0db9ed499431f789,inventory.csv#3558,MAG 250,MAG 250,0.98,inventory.model,False,[],False
a18ee523eaebcf9d,inventory.csv#3559,SD 790 FTA BLACK,SD 790 FTA BLACK,0.98,inventory.model,False,[],False
aef5d52a15e3b82b,inventory.csv#356,186_160,186_160,0.98,inventory.model,False,[],False
224dfd332e305ca2,inventory.csv#3560,SD 790 FTA,SD 790 FTA,0.98,inventory.model,False,[],False
810862d926b6b371,inventory.csv#3561,Q10 Pro,Q10 Pro,0.98,inventory.model,False,[],False
5e99fd5d0eaeb7b7,inventory.csv#3562,CSTR,CSTR,0.98,inventory.model,False,[],False
9f30a3edde87a77b,inventory.csv#3563,TV-3D,TV-3D,0.98,inventory.model,False,[],False
a64ff5dee5eb147e,inventory.csv#3564,TV-NEC1,TV-NEC1,0.98,inventory.model,False,[],False
911b440afc33f8ff,inventory.csv#3565,Projector,Projector,0.98,inventory.model,False,[],False
0fc0a872227ec68c,inventory.csv#3566,RC-49141,RC-49141,0.98,inventory.model,False,[],False
83a5927153b7466a,inventory.csv#3567,TV-1,TV-1,0.98,inventory.model,False,[],False
9227540d0437fca2,inventory.csv#3568,TV-2,TV-2,0.98,inventory.model,False,[],False
722a870e1a7c0b5d,inventory.csv#3569,DC211,DC211,0.98,inventory.model,False,[],False
8a427e059aae7bbf,inventory.csv#357,186_161,186_161,0.98,inventory.model,False,[],False
37c35652da11f080,inventory.csv#3570,TalkTalk,TalkTalk,0.98,inventory.model,False,[],False
35cefaa9ef58fe3f,inventory.csv#3571,DTT3600,DTT3600,0.98,inventory.model,False,[],False
fb3beb51936e7023,inventory.csv#3572,DTT4000,DTT4000,0.98,inventory.model,False,[],False
2da8122a7fc357d1,inventory.csv#3573,DTV4700,DTV4700,0.98,inventory.model,False,[],False
8c7c35e2ee5e2ce8,inventory.csv#3574,ESD-160S,ESD-160S,0.98,inventory.model,False,[],False
f9bdae187e92b64d,inventory.csv#3575,FOXSAT HDR (RM-F01),FOXSAT HDR (RM-F01),0.98,inventory.model,False,[],False
85313f672acc9260,inventory.csv#3576,HDR-1002C,HDR-1002C,0.98,inventory.model,False,[],False
fb726e05d97c925c,inventory.csv#3577,iCord,iCord,0.98,inventory.model,False,[],False
75ab8af645983a71,inventory.csv#3578,iHD-Cable,iHD-Cable,0.98,inventory.model,False,[],False
35079a1f44852716,inventory.csv#3579,iHD-FOX-C,iHD-FOX-C,0.98,inventory.model,False,[],False
c4986211d97232c1,inventory.csv#358,186_162,186_162,0.98,inventory.model,False,[],False
f584bc61e6c55ea4,inventory.csv#3580,NA-FOX-C,NA-FOX-C,0.98,inventory.model,False,[],False
8ce664fb4b910461,inventory.csv#3581,RC-536P,RC-536P,0.98,inventory.model,False,[],False
54f7fa4d6c5d8abe,inventory.csv#3582,RM-301,RM-301,0.98,inventory.model,False,[],False
4a3f890e5871d91f,inventory.csv#3583,RM-E09,RM-E09,0.98,inventory.model,False,[],False
3d5fbb181520926b,inventory.csv#3584,RM-F02,RM-F02,0.98,inventory.model,False,[],False
1480c9d19daa6d17,inventory.csv#3585,RM-F04,RM-F04,0.98,inventory.model,False,[],False
c6760893de17c21f,inventory.csv#3586,RS-521,RS-521,0.98,inventory.model,False,[],False
787a3dcacc60a2f4,inventory.csv#3587,VACI-5300,VACI-5300,0.98,inventory.model,False,[],False
c513c31e9d3237d5,inventory.csv#3588,NTR8x,NTR8x,0.98,inventory.model,False,[],False
7cd71c5899b17b21,inventory.csv#3589,S1,S1,0.98,inventory.model,False,[],False
6b7c4280aee39eb7,inventory.csv#359,186_163,186_163,0.98,inventory.model,False,[],False
58276fbd1c7c9e29,inventory.csv#3590,ITP280B,ITP280B,0.98,inventory.model,False,[],False
a549742ddbe40676,inventory.csv#3591,DB6HD,DB6HD,0.98,inventory.model,False,[],False
74beb1c8f1a52e1f,inventory.csv#3592,DIGITALBOX DB 2,DIGITALBOX DB 2,0.98,inventory.model,False,[],False
c95f6cc88a15ef02,inventory.csv#3593,Digitalbox HD 3K,Digitalbox HD 3K,0.98,inventory.model,False,[],False
195b8a650fd69bba,inventory.csv#3594,MKV READER,MKV READER,0.98,inventory.model,False,[],False
9792f90b0583ae80,inventory.csv#3595,IN102-104,IN102-104,0.98,inventory.model,False,[],False
2652ad5805ec1493,inventory.csv#3596,Air Conditioner,Air Conditioner,0.98,inventory.model,False,[],False
7a976c663e452460,inventory.csv#3597,NS-SB,NS-SB,0.98,inventory.model,False,[],False
8ab234dc25fc64b2,inventory.csv#3598,TV,TV,0.98,inventory.model,False,[],False
0270e24871328835,inventory.csv#3599,Scena6n,Scena6n,0.98,inventory.model,False,[],False
65293c6017f0356c,inventory.csv#36,0_-1,0_-1,0.98,inventory.model,False,[],False
f3245bdffe9a9075,inventory.csv#360,186_164,186_164,0.98,inventory.model,False,[],False
54216280e3c86019,inventory.csv#3600,ScreenplayHD,ScreenplayHD,0.98,inventory.model,False,[],False
dd4ba35492ebbee3,inventory.csv#3601,Roomba,Roomba,0.98,inventory.model,False,[],False
9a48c2184767eef6,inventory.csv#3602,DTR 3324 DT,DTR 3324 DT,0.98,inventory.model,False,[],False
f62835669f7b7a87,inventory.csv#3603,TV,TV,0.98,inventory.model,False,[],False
6ea0af046d2e1cc8,inventory.csv#3604,CONTROL2.4,CONTROL2.4,0.98,inventory.model,False,[],False
0f1fa2753033bce0,inventory.csv#3605,ECS300,ECS300,0.98,inventory.model,False,[],False
3ccabf63bfcc1be6,inventory.csv#3606,ESC-Serie,ESC-Serie,0.98,inventory.model,False,[],False
f25c7e9b100b1255,inventory.csv#3607,onstage-micro2,onstage-micro2,0.98,inventory.model,False,[],False
8d5a96c1a146f53e,inventory.csv#3608,SB-Series,SB-Series,0.98,inventory.model,False,[],False
8057e9702134ddcf,inventory.csv#3609,SDP-3,SDP-3,0.98,inventory.model,False,[],False
7dd6e0ecabdf805a,inventory.csv#361,186_165,186_165,0.98,inventory.model,False,[],False
3d630386ded7db14,inventory.csv#3610,SUB300,SUB300,0.98,inventory.model,False,[],False
1bbb3c9cc5304787,inventory.csv#3611,TV-Code1,TV-Code1,0.98,inventory.model,False,[],False
d723a93ad2b285ba,inventory.csv#3612,PVR ST-1,PVR ST-1,0.98,inventory.model,False,[],False
146bf1911507cb4e,inventory.csv#3613,GGF1381,GGF1381,0.98,inventory.model,False,[],False
333e48414d2149fd,inventory.csv#3614,RM-C14G,RM-C14G,0.98,inventory.model,False,[],False
75b21d2e8957c7e2,inventory.csv#3615,RM-SFSSD7R,RM-SFSSD7R,0.98,inventory.model,False,[],False
06ccc7107ad67855,inventory.csv#3616,RM-SMXJ50J,RM-SMXJ50J,0.98,inventory.model,False,[],False
4a915a784ae8e1cf,inventory.csv#3617,RM-SRX5022U,RM-SRX5022U,0.98,inventory.model,False,[],False
b9c35159aa677aad,inventory.csv#3618,TH-Soundbar,TH-Soundbar,0.98,inventory.model,False,[],False
916b4743800e4833,inventory.csv#3619,TV-Generic,TV-Generic,0.98,inventory.model,False,[],False
0250c3551a142235,inventory.csv#362,186_166,186_166,0.98,inventory.model,False,[],False
941e8b528fdbe801,inventory.csv#3620,UX-LP UX-GN,UX-LP UX-GN,0.98,inventory.model,False,[],False
5fd4864e3fb9b73e,inventory.csv#3621,VCR,VCR,0.98,inventory.model,False,[],False
eaab80766f1a1a06,inventory.csv#3622,XV-N422,XV-N422,0.98,inventory.model,False,[],False
15bed68cde4812bf,inventory.csv#3623,KSF-200,KSF-200,0.98,inventory.model,False,[],False
43b4468aee6e9150,inventory.csv#3624,NS,NS,0.98,inventory.model,False,[],False
b1e4cbe97098d53e,inventory.csv#3625,UFD400,UFD400,0.98,inventory.model,False,[],False
62fe2f56da5ba74c,inventory.csv#3626,XMP1-SAT,XMP1-SAT,0.98,inventory.model,False,[],False
71d0dae462b2fe7f,inventory.csv#3627,LC-Series,LC-Series,0.98,inventory.model,False,[],False
74fa519d60b8396a,inventory.csv#3628,Air Conditioner253,Air Conditioner253,0.98,inventory.model,False,[],False
f81c8d6225306f3c,inventory.csv#3629,104AR,104AR,0.98,inventory.model,False,[],False
135d0785a3e6d8f9,inventory.csv#363,186_167,186_167,0.98,inventory.model,False,[],False
dec1e4b5f1a02352,inventory.csv#3630,KDC-Series,KDC-Series,0.98,inventory.model,False,[],False
e6470cccdd04b56f,inventory.csv#3631,KVR-SERIES,KVR-SERIES,0.98,inventory.model,False,[],False
5052de3dc9ae7d32,inventory.csv#3632,RC-F0320E,RC-F0320E,0.98,inventory.model,False,[],False
2915b2a6df80504f,inventory.csv#3633,RC-R0505,RC-R0505,0.98,inventory.model,False,[],False
1057e9cf51f0515e,inventory.csv#3634,RC-R0517,RC-R0517,0.98,inventory.model,False,[],False
0872772a3f2a61db,inventory.csv#3635,RC-R0602,RC-R0602,0.98,inventory.model,False,[],False
c783b1abebebf383,inventory.csv#3636,RC-R0614,RC-R0614,0.98,inventory.model,False,[],False
90886f6c8759ec0b,inventory.csv#3637,RC-R0623,RC-R0623,0.98,inventory.model,False,[],False
4e16f94d047990df,inventory.csv#3638,Remote,Remote,0.98,inventory.model,False,[],False
a5517037a6b217d8,inventory.csv#3639,DVDR,DVDR,0.98,inventory.model,False,[],False
c447444a818db2fb,inventory.csv#364,186_168,186_168,0.98,inventory.model,False,[],False
40f3cdb29245cd16,inventory.csv#3640,Mini-Dimmer,Mini-Dimmer,0.98,inventory.model,False,[],False
effa0f9a0ebbc5c4,inventory.csv#3641,Audio,Audio,0.98,inventory.model,False,[],False
17e717c4b0df167a,inventory.csv#3642,CPVR5400,CPVR5400,0.98,inventory.model,False,[],False
4a304a10658e649a,inventory.csv#3643,SAT,SAT,0.98,inventory.model,False,[],False
7a6eba551754bc44,inventory.csv#3644,XMas,XMas,0.98,inventory.model,False,[],False
ec7abfad8157ed81,inventory.csv#3645,LED-Stripes,LED-Stripes,0.98,inventory.model,False,[],False
c10863a9af757dcc,inventory.csv#3646,Candles,Candles,0.98,inventory.model,False,[],False
072f7860f1ac4eb8,inventory.csv#3647,LED-Tea-Light,LED-Tea-Light,0.98,inventory.model,False,[],False
2b278cc44d9eb64d,inventory.csv#3648,Various,Various,0.98,inventory.model,False,[],False
a0927a18f9ee2eb6,inventory.csv#3649,X-Mas LED Cluster Lights,X-Mas LED Cluster Lights,0.98,inventory.model,False,[],False
f69973cf862e9ffe,inventory.csv#365,186_169,186_169,0.98,inventory.model,False,[],False
f6676d2e8b135151,inventory.csv#3650,X-Mas Tree,X-Mas Tree,0.98,inventory.model,False,[],False
03ccd5aa94032deb,inventory.csv#3651,SD,SD,0.98,inventory.model,False,[],False
e33fc377688c14a8,inventory.csv#3652,TV-3,TV-3,0.98,inventory.model,False,[],False
7ff59d17bb3e21dd,inventory.csv#3653,DVD-1,DVD-1,0.98,inventory.model,False,[],False
d76805a739946e99,inventory.csv#3654,LED,LED,0.98,inventory.model,False,[],False
0e800f8f73222ea4,inventory.csv#3655,6710V00090N,6710V00090N,0.98,inventory.model,False,[],False
a14f0ad330cfbd1b,inventory.csv#3656,Air Conditioner,Air Conditioner,0.98,inventory.model,False,[],False
79f12a96fdb8e7a9,inventory.csv#3657,AKB69491502,AKB69491502,0.98,inventory.model,False,[],False
964858ed7bdb985f,inventory.csv#3658,AKB73355401,AKB73355401,0.98,inventory.model,False,[],False
96a5438691e516a9,inventory.csv#3659,AKB73575422,AKB73575422,0.98,inventory.model,False,[],False
460ab3e19800d773,inventory.csv#366,186_170,186_170,0.98,inventory.model,False,[],False
33e6dc299c15b696,inventory.csv#3660,BluRay,BluRay,0.98,inventory.model,False,[],False
2490cea9d1d23713,inventory.csv#3661,DP122,DP122,0.98,inventory.model,False,[],False
f4c97493b1443efb,inventory.csv#3662,DVD 6710CDAL01G,DVD 6710CDAL01G,0.98,inventory.model,False,[],False
bbc2c462fccf6820,inventory.csv#3663,DVD 6711R1P070B,DVD 6711R1P070B,0.98,inventory.model,False,[],False
c15e7b29093a28d0,inventory.csv#3664,LFA-Serie,LFA-Serie,0.98,inventory.model,False,[],False
7ae7eebe8bba263f,inventory.csv#3665,LHB-Series,LHB-Series,0.98,inventory.model,False,[],False
c73d14382dfbe3fe,inventory.csv#3666,MKJ50025109-Projector,MKJ50025109-Projector,0.98,inventory.model,False,[],False
092cda649a81ea94,inventory.csv#3667,TV-Generic,TV-Generic,0.98,inventory.model,False,[],False
3108a7c9e90cafcd,inventory.csv#3668,DE57005136,DE57005136,0.98,inventory.model,False,[],False
7e4f367e5a1a4919,inventory.csv#3669,HDMI,HDMI,0.98,inventory.model,False,[],False
83f1260b12806f85,inventory.csv#367,186_171,186_171,0.98,inventory.model,False,[],False
94edcb0963684029,inventory.csv#3670,LED-Galaxie Lichterkette,LED-Galaxie Lichterkette,0.98,inventory.model,False,[],False
26584269be2752a8,inventory.csv#3671,LED,LED,0.98,inventory.model,False,[],False
cb68f68571b06e40,inventory.csv#3672,KISS1600,KISS1600,0.98,inventory.model,False,[],False
1b4aad6cc760bd57,inventory.csv#3673,2P-TNT-752086,2P-TNT-752086,0.98,inventory.model,False,[],False
e6a892c35b33967b,inventory.csv#3674,LED COLOUR EFFECT LAMP,LED COLOUR EFFECT LAMP,0.98,inventory.model,False,[],False
84a486f3654bc800,inventory.csv#3675,LuxLedRopeLight,LuxLedRopeLight,0.98,inventory.model,False,[],False
e76229f35ba6b8ab,inventory.csv#3676,DVX 480,DVX 480,0.98,inventory.model,False,[],False
71b9c6a7585931b5,inventory.csv#3677,550,550,0.98,inventory.model,False,[],False
193bb392abe583a3,inventory.csv#3678,Calida,Calida,0.98,inventory.model,False,[],False
50544675495a56c7,inventory.csv#3679,Dialog,Dialog,0.98,inventory.model,False,[],False
13d080e8e60f49c8,inventory.csv#368,186_172,186_172,0.98,inventory.model,False,[],False
de03f7ee6a831a26,inventory.csv#3680,FB200-VCR,FB200-VCR,0.98,inventory.model,False,[],False
b4ecde194e98375e,inventory.csv#3681,DVD,DVD,0.98,inventory.model,False,[],False
416e0c08f69e5eb1,inventory.csv#3682,FreesatHD,FreesatHD,0.98,inventory.model,False,[],False
b6fce66aa0a56058,inventory.csv#3683,PureFiAnywhere2,PureFiAnywhere2,0.98,inventory.model,False,[],False
cd17094a78b87e17,inventory.csv#3684,SqueezeboxTouch,SqueezeboxTouch,0.98,inventory.model,False,[],False
821a634d0841d6cb,inventory.csv#3685,Z5500,Z5500,0.98,inventory.model,False,[],False
568064981e29d1ec,inventory.csv#3686,Aurora,Aurora,0.98,inventory.model,False,[],False
9bcdb1c7007fd3ce,inventory.csv#3687,GrafikEye3k-4k,GrafikEye3k-4k,0.98,inventory.model,False,[],False
4182457b5d16a03b,inventory.csv#3688,GRX-IT,GRX-IT,0.98,inventory.model,False,[],False
6bb91883883f2133,inventory.csv#3689,MaestroDimmer,MaestroDimmer,0.98,inventory.model,False,[],False
e68e52ed8955fef1,inventory.csv#369,186_173,186_173,0.98,inventory.model,False,[],False
03e02eb4b8c26cc5,inventory.csv#3690,RGB-LED,RGB-LED,0.98,inventory.model,False,[],False
d64d42ffe2324f2c,inventory.csv#3691,5000D,5000D,0.98,inventory.model,False,[],False
bc8bb8788adb0b00,inventory.csv#3692,DVD,DVD,0.98,inventory.model,False,[],False
721d7dfa5d2c8450,inventory.csv#3693,SM26G-AC,SM26G-AC,0.98,inventory.model,False,[],False
d29e1045c413ad03,inventory.csv#3694,DVB-01,DVB-01,0.98,inventory.model,False,[],False
f162f1f1a014bc83,inventory.csv#3695,DVX267,DVX267,0.98,inventory.model,False,[],False
029b7f7a96850a13,inventory.csv#3696,DVX377USB,DVX377USB,0.98,inventory.model,False,[],False
1651a601388e6ba8,inventory.csv#3697,DVX475USB,DVX475USB,0.98,inventory.model,False,[],False
30aa15ac2f7c9746,inventory.csv#3698,SR-7000,SR-7000,0.98,inventory.model,False,[],False
b04ae7aa864d1729,inventory.csv#3699,TL320,TL320,0.98,inventory.model,False,[],False
f4ba733a3e23af2a,inventory.csv#37,2_-1,2_-1,0.98,inventory.model,False,[],False
b70933420a2a430c,inventory.csv#370,186_174,186_174,0.98,inventory.model,False,[],False
97cb93e3616a83f4,inventory.csv#3700,Soundbar,Soundbar,0.98,inventory.model,False,[],False
45f75d0b132fef47,inventory.csv#3701,MED1000X3D,MED1000X3D,0.98,inventory.model,False,[],False
ae9e79938ec6948e,inventory.csv#3702,MT4168,MT4168,0.98,inventory.model,False,[],False
b9c9b44fc50a0c63,inventory.csv#3703,MD26001-DVB,MD26001-DVB,0.98,inventory.model,False,[],False
d609b3b40d094acc,inventory.csv#3704,MD26900-DVB,MD26900-DVB,0.98,inventory.model,False,[],False
d9bad216391664a5,inventory.csv#3705,MD29006-SAT,MD29006-SAT,0.98,inventory.model,False,[],False
664bc999f32610b4,inventory.csv#3706,MD30132,MD30132,0.98,inventory.model,False,[],False
720c22d36e6e0d8d,inventory.csv#3707,MD40205,MD40205,0.98,inventory.model,False,[],False
cdb35ef9fb3d342a,inventory.csv#3708,MD7456,MD7456,0.98,inventory.model,False,[],False
0c652576ea676eb3,inventory.csv#3709,MD81035,MD81035,0.98,inventory.model,False,[],False
c35762df5fbfdb77,inventory.csv#371,186_176,186_176,0.98,inventory.model,False,[],False
39f9d818d34d1b61,inventory.csv#3710,MD81201,MD81201,0.98,inventory.model,False,[],False
eba872d65dd8b200,inventory.csv#3711,MD81733,MD81733,0.98,inventory.model,False,[],False
b3584d4a29e2df8d,inventory.csv#3712,MD81880,MD81880,0.98,inventory.model,False,[],False
195d00d84e10eaf7,inventory.csv#3713,MD82480,MD82480,0.98,inventory.model,False,[],False
507cb5e0246980f8,inventory.csv#3714,MD83688,MD83688,0.98,inventory.model,False,[],False
f0d3cf09d6739cd9,inventory.csv#3715,MD83702,MD83702,0.98,inventory.model,False,[],False
fe7a73b8c36ed6d7,inventory.csv#3716,MD84090,MD84090,0.98,inventory.model,False,[],False
ff703528db023de4,inventory.csv#3717,MD84106,MD84106,0.98,inventory.model,False,[],False
2bf3efae3d40f071,inventory.csv#3718,MD86162,MD86162,0.98,inventory.model,False,[],False
abc4f2929449560c,inventory.csv#3719,MD86589,MD86589,0.98,inventory.model,False,[],False
ccc4bb5385c46a64,inventory.csv#372,186_177,186_177,0.98,inventory.model,False,[],False
2aab82a9719c39ed,inventory.csv#3720,RC-1208,RC-1208,0.98,inventory.model,False,[],False
eaceb09f7242d29e,inventory.csv#3721,RC-1222,RC-1222,0.98,inventory.model,False,[],False
41d4e36217d6a204,inventory.csv#3722,RC-5112,RC-5112,0.98,inventory.model,False,[],False
0be14cd1e4cd70ed,inventory.csv#3723,RC-E14D-TV,RC-E14D-TV,0.98,inventory.model,False,[],False
57321a02ce3b8671,inventory.csv#3724,RC1200,RC1200,0.98,inventory.model,False,[],False
1937eb733ac26e8c,inventory.csv#3725,HD720,HD720,0.98,inventory.model,False,[],False
f0ea324c22bba681,inventory.csv#3726,HD935,HD935,0.98,inventory.model,False,[],False
2fd6abbd13d8d521,inventory.csv#3727,72TF67,72TF67,0.98,inventory.model,False,[],False
ac0fe51da5367666,inventory.csv#3728,TV,TV,0.98,inventory.model,False,[],False
1975749d79a83f0d,inventory.csv#3729,EP250-EP350,EP250-EP350,0.98,inventory.model,False,[],False
355f9559daf1114f,inventory.csv#373,186_178,186_178,0.98,inventory.model,False,[],False
a65782714a9fa2ec,inventory.csv#3730,PRO2,PRO2,0.98,inventory.model,False,[],False
943075a368f46c6e,inventory.csv#3731,Speakers,Speakers,0.98,inventory.model,False,[],False
0c192f5ced9a8905,inventory.csv#3732,X4,X4,0.98,inventory.model,False,[],False
29723a4430bf4260,inventory.csv#3733,MCE_OLD,MCE_OLD,0.98,inventory.model,False,[],False
f7e3ed76da4acf0c,inventory.csv#3734,XBOX One Media,XBOX One Media,0.98,inventory.model,False,[],False
658124611acce11f,inventory.csv#3735,XBOX ONE,XBOX ONE,0.98,inventory.model,False,[],False
fc5c2fe3c853d5ee,inventory.csv#3736,XBOX360,XBOX360,0.98,inventory.model,False,[],False
36049f63aa1b8562,inventory.csv#3737,MTV - B 24 LEHD,MTV - B 24 LEHD,0.98,inventory.model,False,[],False
310b0d42be3202ae,inventory.csv#3738,NEO X5,NEO X5,0.98,inventory.model,False,[],False
f1da6879b91b4a7a,inventory.csv#3739,Camera,Camera,0.98,inventory.model,False,[],False
7fab29e992be432d,inventory.csv#374,186_179,186_179,0.98,inventory.model,False,[],False
23f8c0f2583b1d1d,inventory.csv#3740,TV,TV,0.98,inventory.model,False,[],False
a36aa08efeefc28d,inventory.csv#3741,GZ1002BE1,GZ1002BE1,0.98,inventory.model,False,[],False
9daf667533819d38,inventory.csv#3742,HD1000,HD1000,0.98,inventory.model,False,[],False
7a74b553690f189f,inventory.csv#3743,TV-71-66,TV-71-66,0.98,inventory.model,False,[],False
5394be89b66105b6,inventory.csv#3744,WD-82740,WD-82740,0.98,inventory.model,False,[],False
1156346bb1f874ab,inventory.csv#3745,W1,W1,0.98,inventory.model,False,[],False
07dbb65149c784a3,inventory.csv#3746,X1,X1,0.98,inventory.model,False,[],False
217ba51bc185c04f,inventory.csv#3747,X2,X2,0.98,inventory.model,False,[],False
2309a77304e5886e,inventory.csv#3748,X4_TYP2,X4_TYP2,0.98,inventory.model,False,[],False
69988c1b3e81cec5,inventory.csv#3749,HDX-C-501E,HDX-C-501E,0.98,inventory.model,False,[],False
175ff832b2d7180f,inventory.csv#375,186_180,186_180,0.98,inventory.model,False,[],False
e0ff679b69007cb8,inventory.csv#3750,DCT3416,DCT3416,0.98,inventory.model,False,[],False
e04cb30ed0fccdd7,inventory.csv#3751,DTA101,DTA101,0.98,inventory.model,False,[],False
7a046a2b09ce4036,inventory.csv#3752,VIP-1232,VIP-1232,0.98,inventory.model,False,[],False
0c633a8ec2ed72ca,inventory.csv#3753,VIP-1853,VIP-1853,0.98,inventory.model,False,[],False
c68a2873841d9d2a,inventory.csv#3754,DVB-T-2012-V1,DVB-T-2012-V1,0.98,inventory.model,False,[],False
0be745eb31895c7e,inventory.csv#3755,DVB-T-2012-V2,DVB-T-2012-V2,0.98,inventory.model,False,[],False
91d1f65f04a3594e,inventory.csv#3756,DVB-T2500R V1,DVB-T2500R V1,0.98,inventory.model,False,[],False
77b15d0e5de37bfc,inventory.csv#3757,DVB-T2500R V2,DVB-T2500R V2,0.98,inventory.model,False,[],False
ad953d727fece7dc,inventory.csv#3758,XV-D205 V1,XV-D205 V1,0.98,inventory.model,False,[],False
1af4d1c1aa8514ee,inventory.csv#3759,XV-D205 V2,XV-D205 V2,0.98,inventory.model,False,[],False
39ff94f06f401097,inventory.csv#376,186_181,186_181,0.98,inventory.model,False,[],False
eed4150503c5f3a7,inventory.csv#3760,XV-D505HDMI,XV-D505HDMI,0.98,inventory.model,False,[],False
2fb936beced42464,inventory.csv#3761,DVB1,DVB1,0.98,inventory.model,False,[],False
7a8f2a131795351f,inventory.csv#3762,DVB2,DVB2,0.98,inventory.model,False,[],False
d7a2bce9d4cdceb4,inventory.csv#3763,RMC-V300,RMC-V300,0.98,inventory.model,False,[],False
06e9209bb3c4a374,inventory.csv#3764,DVB-T220,DVB-T220,0.98,inventory.model,False,[],False
ba89262403cd0400,inventory.csv#3765,AVR-T742,AVR-T742,0.98,inventory.model,False,[],False
be938fc87024dec4,inventory.csv#3766,C446,C446,0.98,inventory.model,False,[],False
2464f6846f180352,inventory.csv#3767,D3020,D3020,0.98,inventory.model,False,[],False
08f59ac9c74aa976,inventory.csv#3768,Nait,Nait,0.98,inventory.model,False,[],False
31ac209d74358bdd,inventory.csv#3769,Preamplifier,Preamplifier,0.98,inventory.model,False,[],False
a03fe2ce567b1535,inventory.csv#377,186_182,186_182,0.98,inventory.model,False,[],False
796b6d2e0494f29c,inventory.csv#3770,Soundbar,Soundbar,0.98,inventory.model,False,[],False
65615b1f00401451,inventory.csv#3771,NA-4195,NA-4195,0.98,inventory.model,False,[],False
973922cac778fbc6,inventory.csv#3772,Net HD,Net HD,0.98,inventory.model,False,[],False
0745a54a5ed8d8ec,inventory.csv#3773,E424,E424,0.98,inventory.model,False,[],False
ab6acdce9961df0f,inventory.csv#3774,PTX-TV,PTX-TV,0.98,inventory.model,False,[],False
24417f1f3c1d491d,inventory.csv#3775,RD-427E,RD-427E,0.98,inventory.model,False,[],False
46c8635b8b8dcc5a,inventory.csv#3776,UPD6122,UPD6122,0.98,inventory.model,False,[],False
e768214f0ee218b0,inventory.csv#3777,A156-1-255,A156-1-255,0.98,inventory.model,False,[],False
b890f832c81bcb50,inventory.csv#3778,TEST,TEST,0.98,inventory.model,False,[],False
d16925a927fbbebe,inventory.csv#3779,TV-2151TXF,TV-2151TXF,0.98,inventory.model,False,[],False
4179119f3c7e6ae9,inventory.csv#378,186_183,186_183,0.98,inventory.model,False,[],False
bb37b1daa4bc0a91,inventory.csv#3780,NeoTV,NeoTV,0.98,inventory.model,False,[],False
a943baa6bd44f5c6,inventory.csv#3781,DVB1,DVB1,0.98,inventory.model,False,[],False
f8e5d421b99526cd,inventory.csv#3782,DVB2,DVB2,0.98,inventory.model,False,[],False
e661b9597d68395c,inventory.csv#3783,Camera,Camera,0.98,inventory.model,False,[],False
cf8d93fc2ad02552,inventory.csv#3784,N325LD,N325LD,0.98,inventory.model,False,[],False
8a8c5a9cb2a64e81,inventory.csv#3785,NDVX-2503-2505,NDVX-2503-2505,0.98,inventory.model,False,[],False
eef3091b25b8a052,inventory.csv#3786,Subwoofer,Subwoofer,0.98,inventory.model,False,[],False
1854c143d31a2962,inventory.csv#3787,4001 T COMBO,4001 T COMBO,0.98,inventory.model,False,[],False
bce36ce7efc4690d,inventory.csv#3788,iP4tv,iP4tv,0.98,inventory.model,False,[],False
b7b883096f533a3e,inventory.csv#3789,SF1008HD,SF1008HD,0.98,inventory.model,False,[],False
31ee582e42188069,inventory.csv#379,186_184,186_184,0.98,inventory.model,False,[],False
5038e473a4b3e456,inventory.csv#3790,SF718,SF718,0.98,inventory.model,False,[],False
2198d23473fb7516,inventory.csv#3791,SF8,SF8,0.98,inventory.model,False,[],False
6b0f731db2e79a29,inventory.csv#3792,SX88,SX88,0.98,inventory.model,False,[],False
35c16220a811a6be,inventory.csv#3793,XP1000,XP1000,0.98,inventory.model,False,[],False
5865d9a82a3bcdbd,inventory.csv#3794,IR,IR,0.98,inventory.model,False,[],False
660e8259a9d2cc4c,inventory.csv#3795,TERRA,TERRA,0.98,inventory.model,False,[],False
c5362bb41c3f7ecc,inventory.csv#3796,TV,TV,0.98,inventory.model,False,[],False
8b7593eeadc8823d,inventory.csv#3797,OLC-B-D4,OLC-B-D4,0.98,inventory.model,False,[],False
24aae5f7c49474cf,inventory.csv#3798,OLE-B-D4,OLE-B-D4,0.98,inventory.model,False,[],False
91dad69a99c66c82,inventory.csv#3799,OPD 220,OPD 220,0.98,inventory.model,False,[],False
98d3f1e3585b3034,inventory.csv#38,36_75,36_75,0.98,inventory.model,False,[],False
37d55f72282b75eb,inventory.csv#380,186_185,186_185,0.98,inventory.model,False,[],False
0260e713e887db4c,inventory.csv#3800,B32F-LED1,B32F-LED1,0.98,inventory.model,False,[],False
c5068fdb9af15138,inventory.csv#3801,TV-Generic,TV-Generic,0.98,inventory.model,False,[],False
977e356d816fabb5,inventory.csv#3802,V32N-FHTUV,V32N-FHTUV,0.98,inventory.model,False,[],False
6a408e8eb093ec19,inventory.csv#3803,Camera,Camera,0.98,inventory.model,False,[],False
7bc109ecc137b56e,inventory.csv#3804,DFX7100,DFX7100,0.98,inventory.model,False,[],False
09b1cf6625f97dcd,inventory.csv#3805,TV-Generic,TV-Generic,0.98,inventory.model,False,[],False
35abfd21bc1cd40c,inventory.csv#3806,A-Serie,A-Serie,0.98,inventory.model,False,[],False
1d53afb484238264,inventory.csv#3807,CS-265DAB,CS-265DAB,0.98,inventory.model,False,[],False
069550a282f7acd9,inventory.csv#3808,DV-BD606,DV-BD606,0.98,inventory.model,False,[],False
e6ff921d08e979b3,inventory.csv#3809,DV-C600,DV-C600,0.98,inventory.model,False,[],False
455d6ead1c0ccf72,inventory.csv#381,186_186,186_186,0.98,inventory.model,False,[],False
f01ebcee225c4467,inventory.csv#3810,RC-104C,RC-104C,0.98,inventory.model,False,[],False
315adb042cdcb835,inventory.csv#3811,RC-146T,RC-146T,0.98,inventory.model,False,[],False
a1b740cb5661b82b,inventory.csv#3812,RC-310M,RC-310M,0.98,inventory.model,False,[],False
cc4ec41437190d0d,inventory.csv#3813,RC-425DV,RC-425DV,0.98,inventory.model,False,[],False
73c55f28aa45aafb,inventory.csv#3814,RC-50,RC-50,0.98,inventory.model,False,[],False
6d5e8525c557ae70,inventory.csv#3815,RC-710M,RC-710M,0.98,inventory.model,False,[],False
0d7c0ad4a6c9797a,inventory.csv#3816,RC-801M,RC-801M,0.98,inventory.model,False,[],False
be190890c14b486a,inventory.csv#3817,TX-7540,TX-7540,0.98,inventory.model,False,[],False
369d58a4ec40dbc0,inventory.csv#3818,TX-NR616-EASY,TX-NR616-EASY,0.98,inventory.model,False,[],False
895d203831850fd8,inventory.csv#3819,TX-NR636,TX-NR636,0.98,inventory.model,False,[],False
b9ef00cae2c81380,inventory.csv#382,186_187,186_187,0.98,inventory.model,False,[],False
568bf6cf1e4c55fc,inventory.csv#3820,TX-NR717,TX-NR717,0.98,inventory.model,False,[],False
34e2839642e266c2,inventory.csv#3821,TX-SR608,TX-SR608,0.98,inventory.model,False,[],False
77842f8b523a8fbd,inventory.csv#3822,TX-SR806,TX-SR806,0.98,inventory.model,False,[],False
79214404cef3cc44,inventory.csv#3823,BDP-BluRay,BDP-BluRay,0.98,inventory.model,False,[],False
42031ac5cc12a8e9,inventory.csv#3824,DV980H,DV980H,0.98,inventory.model,False,[],False
716cf8424776afa4,inventory.csv#3825,UDP-20X RC1,UDP-20X RC1,0.98,inventory.model,False,[],False
70e9d65d26700935,inventory.csv#3826,UDP-20X RC2,UDP-20X RC2,0.98,inventory.model,False,[],False
c5285d5221889737,inventory.csv#3827,UDP-20X RC3,UDP-20X RC3,0.98,inventory.model,False,[],False
d74f0eb8308bbd90,inventory.csv#3828,FS10P,FS10P,0.98,inventory.model,False,[],False
31ca931f8eab5b3c,inventory.csv#3829,HD X 110p,HD X 110p,0.98,inventory.model,False,[],False
66429f67bb315b2c,inventory.csv#383,186_188,186_188,0.98,inventory.model,False,[],False
845c36fdfb9d091b,inventory.csv#3830,HD+X500P,HD+X500P,0.98,inventory.model,False,[],False
b0e1998cc18c06e8,inventory.csv#3831,HD-ODIN-E2-HD,HD-ODIN-E2-HD,0.98,inventory.model,False,[],False
eedeed0d66785d41,inventory.csv#3832,HD-T50,HD-T50,0.98,inventory.model,False,[],False
c2f5c3c6a02feb3d,inventory.csv#3833,HDX100,HDX100,0.98,inventory.model,False,[],False
c18e864b7027de56,inventory.csv#3834,OptiboxHD,OptiboxHD,0.98,inventory.model,False,[],False
4a349838df984423,inventory.csv#3835,X-Series,X-Series,0.98,inventory.model,False,[],False
87dac58180c6b4ed,inventory.csv#3836,X403P,X403P,0.98,inventory.model,False,[],False
f608b199865d04b4,inventory.csv#3837,STAV-3560,STAV-3560,0.98,inventory.model,False,[],False
2561a84697fc3e73,inventory.csv#3838,HD-Series,HD-Series,0.98,inventory.model,False,[],False
8fff4012a6afbde2,inventory.csv#3839,HD33,HD33,0.98,inventory.model,False,[],False
0c813a7e771adbc0,inventory.csv#384,186_189,186_189,0.98,inventory.model,False,[],False
89076a97a10bf5b7,inventory.csv#3840,LiveBox,LiveBox,0.98,inventory.model,False,[],False
f0354e173cdbbde9,inventory.csv#3841,TVS70,TVS70,0.98,inventory.model,False,[],False
8d099eece3c534a8,inventory.csv#3842,Soundbar,Soundbar,0.98,inventory.model,False,[],False
0a20e5ae2ab7c597,inventory.csv#3843,076RONV021,076RONV021,0.98,inventory.model,False,[],False
788166e3e706724d,inventory.csv#3844,82332TV,82332TV,0.98,inventory.model,False,[],False
d7de42cf042c1f7b,inventory.csv#3845,TV26,TV26,0.98,inventory.model,False,[],False
f60ff93090693052,inventory.csv#3846,TV32LB1000,TV32LB1000,0.98,inventory.model,False,[],False
d87cf494edb18920,inventory.csv#3847,VRC-1100,VRC-1100,0.98,inventory.model,False,[],False
f7194b9740d0550a,inventory.csv#3848,Remote,Remote,0.98,inventory.model,False,[],False
95da0f153b37ff72,inventory.csv#3849,DC420N,DC420N,0.98,inventory.model,False,[],False
e1556930a6a07077,inventory.csv#385,186_190,186_190,0.98,inventory.model,False,[],False
f698f440855afc99,inventory.csv#3850,DS830NS,DS830NS,0.98,inventory.model,False,[],False
c3b9fccbd7bc6030,inventory.csv#3851,DS831IMH,DS831IMH,0.98,inventory.model,False,[],False
623710f0432d253a,inventory.csv#3852,DZC,DZC,0.98,inventory.model,False,[],False
156aa1d6e44ded30,inventory.csv#3853,MySkyHD,MySkyHD,0.98,inventory.model,False,[],False
6fa6913fd355252a,inventory.csv#3854,TDS865NSDX,TDS865NSDX,0.98,inventory.model,False,[],False
1f5ecaf62d46a0f4,inventory.csv#3855,DSL 380 PLUS,DSL 380 PLUS,0.98,inventory.model,False,[],False
df3e25e12217a56d,inventory.csv#3856,DSL 6 T,DSL 6 T,0.98,inventory.model,False,[],False
abfee2189e6ca6d9,inventory.csv#3857,TV,TV,0.98,inventory.model,False,[],False
25df8b99a0460ba9,inventory.csv#3858,TFTV-5539DT,TFTV-5539DT,0.98,inventory.model,False,[],False
8e22da0c42723b54,inventory.csv#3859,CARC60EX,CARC60EX,0.98,inventory.model,False,[],False
1b71b29820a2155c,inventory.csv#386,186_191,186_191,0.98,inventory.model,False,[],False
0823825b73430fe2,inventory.csv#3860,DMP-Series,DMP-Series,0.98,inventory.model,False,[],False
76d2fe7c08b58a36,inventory.csv#3861,DMR-BCT73-83,DMR-BCT73-83,0.98,inventory.model,False,[],False
b07953aea2bdce8e,inventory.csv#3862,DMR-BS,DMR-BS,0.98,inventory.model,False,[],False
02f546fa16a75d1b,inventory.csv#3863,DMR-EX77,DMR-EX77,0.98,inventory.model,False,[],False
61df0682c114ea3d,inventory.csv#3864,EUR643826,EUR643826,0.98,inventory.model,False,[],False
928e91986cc65849,inventory.csv#3865,N2QAYB000239,N2QAYB000239,0.98,inventory.model,False,[],False
7f69703c144792ff,inventory.csv#3866,N2QAYC000060,N2QAYC000060,0.98,inventory.model,False,[],False
d558c65db3b371db,inventory.csv#3867,Plasma TV,Plasma TV,0.98,inventory.model,False,[],False
d2559ffef912308a,inventory.csv#3868,PTAE-Series,PTAE-Series,0.98,inventory.model,False,[],False
eb9e8f1c63639998,inventory.csv#3869,RAK-RX309W,RAK-RX309W,0.98,inventory.model,False,[],False
26f97cb8de317a6d,inventory.csv#387,186_85,186_85,0.98,inventory.model,False,[],False
c8bdffe134c5b88a,inventory.csv#3870,RAK-SC307WM,RAK-SC307WM,0.98,inventory.model,False,[],False
edcd33b75680937e,inventory.csv#3871,SA-AK,SA-AK,0.98,inventory.model,False,[],False
ead5b282dcee6fba,inventory.csv#3872,SA-HT-Series,SA-HT-Series,0.98,inventory.model,False,[],False
88daeb882bf419ae,inventory.csv#3873,SA-PMX3,SA-PMX3,0.98,inventory.model,False,[],False
4680d845ea270366,inventory.csv#3874,SA-PT,SA-PT,0.98,inventory.model,False,[],False
6e56b3286ea46c26,inventory.csv#3875,SC-HTB-Series,SC-HTB-Series,0.98,inventory.model,False,[],False
0fb4257b976c53df,inventory.csv#3876,SC-PM-Series,SC-PM-Series,0.98,inventory.model,False,[],False
a9696523128eeddd,inventory.csv#3877,TX-TV,TX-TV,0.98,inventory.model,False,[],False
8a26f39606e33deb,inventory.csv#3878,TV,TV,0.98,inventory.model,False,[],False
d2a2043820322481,inventory.csv#3879,Halo-Int,Halo-Int,0.98,inventory.model,False,[],False
e90a9b90ea4b65e1,inventory.csv#388,186_136,186_136,0.98,inventory.model,False,[],False
90186ad7411c0025,inventory.csv#3880,RGB-LED,RGB-LED,0.98,inventory.model,False,[],False
fb449f5fab534f26,inventory.csv#3881,URail 95073,URail 95073,0.98,inventory.model,False,[],False
83ec7a329ba99482,inventory.csv#3882,Decco,Decco,0.98,inventory.model,False,[],False
fb6e1a573f2bb86a,inventory.csv#3883,Grand,Grand,0.98,inventory.model,False,[],False
ef7762b0e22eb338,inventory.csv#3884,novaPre,novaPre,0.98,inventory.model,False,[],False
34a360fef97d7ba7,inventory.csv#3885,Camera,Camera,0.98,inventory.model,False,[],False
dd63717fd9050359,inventory.csv#3886,DuosMini,DuosMini,0.98,inventory.model,False,[],False
5a202e35b1af4618,inventory.csv#3887,CDR880,CDR880,0.98,inventory.model,False,[],False
e130d700ec5562c6,inventory.csv#3888,DVDR,DVDR,0.98,inventory.model,False,[],False
76bad6ec89bfdfc1,inventory.csv#3889,FR-Series,FR-Series,0.98,inventory.model,False,[],False
a72ec67c8db5e22a,inventory.csv#389,1_-1,1_-1,0.98,inventory.model,False,[],False
6d4785e2b96348e7,inventory.csv#3890,FW-362,FW-362,0.98,inventory.model,False,[],False
63d6476e8a84df4d,inventory.csv#3891,FW-530C,FW-530C,0.98,inventory.model,False,[],False
e4c2e08f69a376b1,inventory.csv#3892,FW-C399,FW-C399,0.98,inventory.model,False,[],False
e50d5fe8a4085b58,inventory.csv#3893,Generic DVR,Generic DVR,0.98,inventory.model,False,[],False
3ed1d6ef1e496c3b,inventory.csv#3894,HTS3366,HTS3366,0.98,inventory.model,False,[],False
a0d0dc2323a37194,inventory.csv#3895,HTS3544,HTS3544,0.98,inventory.model,False,[],False
a5f3b448cd636a11,inventory.csv#3896,LX3900SA,LX3900SA,0.98,inventory.model,False,[],False
bf292431c08abc84,inventory.csv#3897,MCM2150,MCM2150,0.98,inventory.model,False,[],False
faa96665d13ea183,inventory.csv#3898,PFL-5000-Series,PFL-5000-Series,0.98,inventory.model,False,[],False
06bafae3accaef28,inventory.csv#3899,PFL6907,PFL6907,0.98,inventory.model,False,[],False
cbe63d4ef4e1a35d,inventory.csv#39,16_-1,16_-1,0.98,inventory.model,False,[],False
19c1db4ba79d3756,inventory.csv#390,186_133,186_133,0.98,inventory.model,False,[],False
fe5ce4c11efd49ab,inventory.csv#3900,PFL7606K,PFL7606K,0.98,inventory.model,False,[],False
23d02c6358089075,inventory.csv#3901,PFL7695K-02,PFL7695K-02,0.98,inventory.model,False,[],False
40d88871d23f8e36,inventory.csv#3902,PT-Legacy-TV,PT-Legacy-TV,0.98,inventory.model,False,[],False
f40c4f34787b0920,inventory.csv#3903,PCTV 800i,PCTV 800i,0.98,inventory.model,False,[],False
8c03d64a695fe27c,inventory.csv#3904,BDP-05FD,BDP-05FD,0.98,inventory.model,False,[],False
259631fc302716a7,inventory.csv#3905,CU-A001,CU-A001,0.98,inventory.model,False,[],False
dd6c2ba42f0fd7eb,inventory.csv#3906,CU-A019,CU-A019,0.98,inventory.model,False,[],False
508d0186cc9245b5,inventory.csv#3907,CU-CLD067,CU-CLD067,0.98,inventory.model,False,[],False
cf3b8ddaf2f58ee1,inventory.csv#3908,CU-DV037,CU-DV037,0.98,inventory.model,False,[],False
32337ec969261ed4,inventory.csv#3909,CU-DV042,CU-DV042,0.98,inventory.model,False,[],False
a7b942f9595d7a68,inventory.csv#391,186_213,186_213,0.98,inventory.model,False,[],False
f5dd7e12a90988bc,inventory.csv#3910,DMP-BD75,DMP-BD75,0.98,inventory.model,False,[],False
318de825478a79a3,inventory.csv#3911,DVD-Generic,DVD-Generic,0.98,inventory.model,False,[],False
f8bba61ab32067cf,inventory.csv#3912,DVR-Series,DVR-Series,0.98,inventory.model,False,[],False
39090dfb198e9f90,inventory.csv#3913,GGF1067,GGF1067,0.98,inventory.model,False,[],False
995509ce95a593ed,inventory.csv#3914,SC27,SC27,0.98,inventory.model,False,[],False
53527c3f97a71bf7,inventory.csv#3915,TV-Code170-175,TV-Code170-175,0.98,inventory.model,False,[],False
578b473888626ddd,inventory.csv#3916,TV-PDP,TV-PDP,0.98,inventory.model,False,[],False
56e3a54aeb272fd5,inventory.csv#3917,VSX-921,VSX-921,0.98,inventory.model,False,[],False
9016d75d6faab962,inventory.csv#3918,VSX-S300,VSX-S300,0.98,inventory.model,False,[],False
7952cd959e327c45,inventory.csv#3919,VSX-Y2014,VSX-Y2014,0.98,inventory.model,False,[],False
5143a6d4ff951ac6,inventory.csv#392,186_229,186_229,0.98,inventory.model,False,[],False
8f8e1fed4f38f3f5,inventory.csv#3920,VXX2700,VXX2700,0.98,inventory.model,False,[],False
611ab167dee560c8,inventory.csv#3921,X-SMC,X-SMC,0.98,inventory.model,False,[],False
6a98350acd58a5df,inventory.csv#3922,Projector,Projector,0.98,inventory.model,False,[],False
c2a0eb9fc664eb8a,inventory.csv#3923,DVDP-1000,DVDP-1000,0.98,inventory.model,False,[],False
5b5b4b521612f59e,inventory.csv#3924,DR200,DR200,0.98,inventory.model,False,[],False
b022d3d3604368a8,inventory.csv#3925,AV,AV,0.98,inventory.model,False,[],False
2aee69dd5f194554,inventory.csv#3926,PCH-C200,PCH-C200,0.98,inventory.model,False,[],False
fc1c98f8828370d6,inventory.csv#3927,P99HD,P99HD,0.98,inventory.model,False,[],False
e37779ed89c01b80,inventory.csv#3928,A30,A30,0.98,inventory.model,False,[],False
86734cf453f31add,inventory.csv#3929,V25,V25,0.98,inventory.model,False,[],False
e1a044f9525f33d8,inventory.csv#393,186_85,186_85,0.98,inventory.model,False,[],False
222ff9b40b3a8f4a,inventory.csv#3930,180HD-PLATINUM,180HD-PLATINUM,0.98,inventory.model,False,[],False
3fe96d4777b7191a,inventory.csv#3931,PRM 25 PROJECTOR,PRM 25 PROJECTOR,0.98,inventory.model,False,[],False
601037a2bde8a46f,inventory.csv#3932,9760HD,9760HD,0.98,inventory.model,False,[],False
bc3f1817f867dd5e,inventory.csv#3933,PLDN74BTI,PLDN74BTI,0.98,inventory.model,False,[],False
bb2bd3b30bd09c0a,inventory.csv#3934,TV,TV,0.98,inventory.model,False,[],False
321f8070786167b9,inventory.csv#3935,MST,MST,0.98,inventory.model,False,[],False
bc4ed68aa92fd3fc,inventory.csv#3936,Combo,Combo,0.98,inventory.model,False,[],False
adabcd934f8ad958,inventory.csv#3937,Rollotron,Rollotron,0.98,inventory.model,False,[],False
2ba52b67130c8fd9,inventory.csv#3938,3700S,3700S,0.98,inventory.model,False,[],False
2b15f752fce1f740,inventory.csv#3939,DVB,DVB,0.98,inventory.model,False,[],False
91a5b6a9fb2fe680,inventory.csv#394,186_160,186_160,0.98,inventory.model,False,[],False
7763ef066265ad67,inventory.csv#3940,BluRay,BluRay,0.98,inventory.model,False,[],False
712b4cd6788398b9,inventory.csv#3941,Combo,Combo,0.98,inventory.model,False,[],False
2cd713354472d40a,inventory.csv#3942,Combo2,Combo2,0.98,inventory.model,False,[],False
e1112ccf1a8d33a9,inventory.csv#3943,Combo3,Combo3,0.98,inventory.model,False,[],False
9aa9712fc5ce94d7,inventory.csv#3944,Generic1,Generic1,0.98,inventory.model,False,[],False
a94013d1eec73477,inventory.csv#3945,Generic2,Generic2,0.98,inventory.model,False,[],False
5d33b339d877bcba,inventory.csv#3946,RT2500,RT2500,0.98,inventory.model,False,[],False
8e45dfe471f0601a,inventory.csv#3947,TV,TV,0.98,inventory.model,False,[],False
c78d6de7c8d12346,inventory.csv#3948,REN3209ELI,REN3209ELI,0.98,inventory.model,False,[],False
ec27999c364feb13,inventory.csv#3949,LED12,LED12,0.98,inventory.model,False,[],False
2b712ad3cb940596,inventory.csv#395,186_75,186_75,0.98,inventory.model,False,[],False
7fb996add1cc13af,inventory.csv#3950,SMD15,SMD15,0.98,inventory.model,False,[],False
899f47d66460a56a,inventory.csv#3951,B2xx_1-0,B2xx_1-0,0.98,inventory.model,False,[],False
f51fe9e7a553bb3c,inventory.csv#3952,RC28,RC28,0.98,inventory.model,False,[],False
0fd78131945d3d75,inventory.csv#3953,Roku +EXTRA,Roku +EXTRA,0.98,inventory.model,False,[],False
f842ef97b3a9a728,inventory.csv#3954,ROKU3,ROKU3,0.98,inventory.model,False,[],False
5bc905742533f311,inventory.csv#3955,RDB-532,RDB-532,0.98,inventory.model,False,[],False
4111e911a95b4bef,inventory.csv#3956,Rolsen C15R12ST,Rolsen C15R12ST,0.98,inventory.model,False,[],False
d69446e7085bfe06,inventory.csv#3957,RA-Series,RA-Series,0.98,inventory.model,False,[],False
e702c2cbe46f8997,inventory.csv#3958,RC-Series,RC-Series,0.98,inventory.model,False,[],False
57857bac335eb03c,inventory.csv#3959,RR-925,RR-925,0.98,inventory.model,False,[],False
87fd0851f43fec71,inventory.csv#396,186_85,186_85,0.98,inventory.model,False,[],False
4b0d9ed070348599,inventory.csv#3960,VX-RS-Series,VX-RS-Series,0.98,inventory.model,False,[],False
ca951aa76670fe50,inventory.csv#3961,TV,TV,0.98,inventory.model,False,[],False
5b559485aca57db8,inventory.csv#3962,D-Box2,D-Box2,0.98,inventory.model,False,[],False
ee3c5b3b4f1962fb,inventory.csv#3963,ITD 71 MHP IT,ITD 71 MHP IT,0.98,inventory.model,False,[],False
95be84655a19ad53,inventory.csv#3964,TV4,TV4,0.98,inventory.model,False,[],False
31dbf08f73fce5eb,inventory.csv#3965,RCI88,RCI88,0.98,inventory.model,False,[],False
b3a5bcb722fad8c2,inventory.csv#3966,00062E,00062E,0.98,inventory.model,False,[],False
57b5bdadec703263,inventory.csv#3967,00104M,00104M,0.98,inventory.model,False,[],False
1da1f4695dcee912,inventory.csv#3968,AA59-00382A,AA59-00382A,0.98,inventory.model,False,[],False
5106647bd65c5f7d,inventory.csv#3969,AA59-00496A,AA59-00496A,0.98,inventory.model,False,[],False
2768789b4c34bc12,inventory.csv#397,186_85,186_85,0.98,inventory.model,False,[],False
c8cc4e33db4bc1d9,inventory.csv#3970,AA59-00581A,AA59-00581A,0.98,inventory.model,False,[],False
f8a9f7b45edf88a2,inventory.csv#3971,AA59-00600A,AA59-00600A,0.98,inventory.model,False,[],False
0c27784a6521432d,inventory.csv#3972,AA59-00786A-TV,AA59-00786A-TV,0.98,inventory.model,False,[],False
d6e85885b48fae20,inventory.csv#3973,AA59-10026E,AA59-10026E,0.98,inventory.model,False,[],False
61270feb2c3b8470,inventory.csv#3974,AH59-01527F,AH59-01527F,0.98,inventory.model,False,[],False
945c1ea6222165a3,inventory.csv#3975,AH59-02195C,AH59-02195C,0.98,inventory.model,False,[],False
10f2bfc94cd0865b,inventory.csv#3976,AH59-02482A-Dock,AH59-02482A-Dock,0.98,inventory.model,False,[],False
00a196815fca0ce7,inventory.csv#3977,AH59-02537A,AH59-02537A,0.98,inventory.model,False,[],False
f9139538718342f9,inventory.csv#3978,AK59-00119A,AK59-00119A,0.98,inventory.model,False,[],False
2eee4e0bbeefd207,inventory.csv#3979,AK59-00149A,AK59-00149A,0.98,inventory.model,False,[],False
bb860e677be88a7d,inventory.csv#398,-1_-1,-1_-1,0.98,inventory.model,False,[],False
ab85da57f3caea9b,inventory.csv#3980,BN59-00609A,BN59-00609A,0.98,inventory.model,False,[],False
e8185105b5cd6194,inventory.csv#3981,BN59-00937A,BN59-00937A,0.98,inventory.model,False,[],False
f0ea3c7e54cfd63c,inventory.csv#3982,BN59-00940A,BN59-00940A,0.98,inventory.model,False,[],False
f50c5d042f8e0328,inventory.csv#3983,BN59-01015A,BN59-01015A,0.98,inventory.model,False,[],False
c80d395cc7447045,inventory.csv#3984,BN59-01054A,BN59-01054A,0.98,inventory.model,False,[],False
32db896486408e81,inventory.csv#3985,CX5344W,CX5344W,0.98,inventory.model,False,[],False
046b1aad5654f6c7,inventory.csv#3986,DCB-B270R,DCB-B270R,0.98,inventory.model,False,[],False
026f00fce9e7c0ae,inventory.csv#3987,DSB-P990N,DSB-P990N,0.98,inventory.model,False,[],False
f4c1a6a1dc65a28a,inventory.csv#3988,DSB-P990V,DSB-P990V,0.98,inventory.model,False,[],False
cd173083f69213aa,inventory.csv#3989,DTB-9500F,DTB-9500F,0.98,inventory.model,False,[],False
c31076ec4c5e2997,inventory.csv#399,186_-1,186_-1,0.98,inventory.model,False,[],False
0d5b52c5e3b2bc11,inventory.csv#3990,DVD-Recorder,DVD-Recorder,0.98,inventory.model,False,[],False
4fe84f158e6022a3,inventory.csv#3991,HDSKY,HDSKY,0.98,inventory.model,False,[],False
57d704106efc82e5,inventory.csv#3992,HLT-XX89,HLT-XX89,0.98,inventory.model,False,[],False
42a70d4c70bdb7c6,inventory.csv#3993,HT-D4000,HT-D4000,0.98,inventory.model,False,[],False
e48f47c6bef9cd0a,inventory.csv#3994,HT-TX,HT-TX,0.98,inventory.model,False,[],False
1ea88ecb505b3700,inventory.csv#3995,HW-E-Series,HW-E-Series,0.98,inventory.model,False,[],False
dcf0460d633c098c,inventory.csv#3996,HW-F-Serie,HW-F-Serie,0.98,inventory.model,False,[],False
e8abf7b3acb3d82d,inventory.csv#3997,MF59-00242B,MF59-00242B,0.98,inventory.model,False,[],False
1ea3fa599a37e17e,inventory.csv#3998,MF59-00242C,MF59-00242C,0.98,inventory.model,False,[],False
4b894694a05215ed,inventory.csv#3999,MF59-00291D,MF59-00291D,0.98,inventory.model,False,[],False
d4bbcb71ced852e7,inventory.csv#4,8_0,8_0,0.98,inventory.model,False,[],False
b4b705462fe8430d,inventory.csv#40,4_15,4_15,0.98,inventory.model,False,[],False
63e5da0ca44fdba5,inventory.csv#400,135_78,135_78,0.98,inventory.model,False,[],False
6de2346a79e618b3,inventory.csv#4000,MM-L7,MM-L7,0.98,inventory.model,False,[],False
25c395e25369cd0e,inventory.csv#4001,Navibot,Navibot,0.98,inventory.model,False,[],False
3cc5e56eb0830471,inventory.csv#4002,SFT-703E-PLUS,SFT-703E-PLUS,0.98,inventory.model,False,[],False
b2c291e82f67f790,inventory.csv#4003,SMT-C,SMT-C,0.98,inventory.model,False,[],False
4facaa743857a143,inventory.csv#4004,SMT-G7400,SMT-G7400,0.98,inventory.model,False,[],False
d271cc830fa24156,inventory.csv#4005,SMT-H,SMT-H,0.98,inventory.model,False,[],False
bf0a0b4c2b8910d5,inventory.csv#4006,SOUNDBAR-HW,SOUNDBAR-HW,0.98,inventory.model,False,[],False
85c7a62f4d3981d0,inventory.csv#4007,SP-A600B,SP-A600B,0.98,inventory.model,False,[],False
379a8b7a4b5bc0d4,inventory.csv#4008,SV-6XXX-VCR,SV-6XXX-VCR,0.98,inventory.model,False,[],False
a812833f2544cedf,inventory.csv#4009,SV-DVD3E,SV-DVD3E,0.98,inventory.model,False,[],False
543dbff26e9b9571,inventory.csv#401,48_-1,48_-1,0.98,inventory.model,False,[],False
c43ce8eaebf9361b,inventory.csv#4010,TM-59,TM-59,0.98,inventory.model,False,[],False
e41efa97a34b4562,inventory.csv#4011,RZ-7700AV,RZ-7700AV,0.98,inventory.model,False,[],False
2211a1b22ae9cb35,inventory.csv#4012,AVM-2052,AVM-2052,0.98,inventory.model,False,[],False
c13e8d9e210921f0,inventory.csv#4013,PLV-Series,PLV-Series,0.98,inventory.model,False,[],False
182944ca49d23b99,inventory.csv#4014,PLV-Z4,PLV-Z4,0.98,inventory.model,False,[],False
363d0be4ad38caf4,inventory.csv#4015,RB-DA70,RB-DA70,0.98,inventory.model,False,[],False
186211fc4a8263f8,inventory.csv#4016,TV,TV,0.98,inventory.model,False,[],False
ba97efa21eb851a2,inventory.csv#4017,TV,TV,0.98,inventory.model,False,[],False
e24a4bb855a56ffc,inventory.csv#4018,DV4200,DV4200,0.98,inventory.model,False,[],False
775b02290426a731,inventory.csv#4019,DVD-2006,DVD-2006,0.98,inventory.model,False,[],False
3d8401aeaaa8bd1d,inventory.csv#402,48_206,48_206,0.98,inventory.model,False,[],False
12c11a35ff8bcf7c,inventory.csv#4020,DVD-Generic,DVD-Generic,0.98,inventory.model,False,[],False
dc75396763095dc9,inventory.csv#4021,LT20-20101BI,LT20-20101BI,0.98,inventory.model,False,[],False
c6cbf29d72b55335,inventory.csv#4022,DCR600,DCR600,0.98,inventory.model,False,[],False
9df5c72d37747a07,inventory.csv#4023,DSR 6902 HDPL,DSR 6902 HDPL,0.98,inventory.model,False,[],False
2c1caab6b6da7e11,inventory.csv#4024,DSR5020,DSR5020,0.98,inventory.model,False,[],False
b8d962f1b6095d4d,inventory.csv#4025,DSR510,DSR510,0.98,inventory.model,False,[],False
5fdc3e0e986a21ed,inventory.csv#4026,DSR581HD,DSR581HD,0.98,inventory.model,False,[],False
1568678d94677d85,inventory.csv#4027,DSR_6020,DSR_6020,0.98,inventory.model,False,[],False
5c534e14dbb98612,inventory.csv#4028,8610,8610,0.98,inventory.model,False,[],False
0a1c6a4ceaf0a375,inventory.csv#4029,D9385,D9385,0.98,inventory.model,False,[],False
9d5e11054cb770db,inventory.csv#403,128_123,128_123,0.98,inventory.model,False,[],False
c968da45be7c5da2,inventory.csv#4030,Bergamo,Bergamo,0.98,inventory.model,False,[],False
65803e7c488b8acc,inventory.csv#4031,DSR-Unknown,DSR-Unknown,0.98,inventory.model,False,[],False
a8d87854e1f0792d,inventory.csv#4032,DVD-430,DVD-430,0.98,inventory.model,False,[],False
14e77d9b8236d276,inventory.csv#4033,DVD-Codes1,DVD-Codes1,0.98,inventory.model,False,[],False
d9e0a715638eb458,inventory.csv#4034,DVD-Codes2,DVD-Codes2,0.98,inventory.model,False,[],False
471fe9a1d461b090,inventory.csv#4035,LED-TV,LED-TV,0.98,inventory.model,False,[],False
55aaffd346a37d42,inventory.csv#4036,Nevada,Nevada,0.98,inventory.model,False,[],False
a5625172a47ef74e,inventory.csv#4037,TV1,TV1,0.98,inventory.model,False,[],False
7e54908c3f6026f4,inventory.csv#4038,TV2,TV2,0.98,inventory.model,False,[],False
8930555fccc8661a,inventory.csv#4039,TV3,TV3,0.98,inventory.model,False,[],False
b92d5d5dd210d556,inventory.csv#404,145_-1,145_-1,0.98,inventory.model,False,[],False
b16565e4b6e8b109,inventory.csv#4040,Easyone HX 40 HD,Easyone HX 40 HD,0.98,inventory.model,False,[],False
ad4bb0742fbfed27,inventory.csv#4041,Easyone HX 40,Easyone HX 40,0.98,inventory.model,False,[],False
b031044c91726a0c,inventory.csv#4042,Easyone T7,Easyone T7,0.98,inventory.model,False,[],False
4cc82e63029ea8c0,inventory.csv#4043,GA538WJSA,GA538WJSA,0.98,inventory.model,False,[],False
d674a29a438c28f9,inventory.csv#4044,GA857WJSA,GA857WJSA,0.98,inventory.model,False,[],False
df2ca8b5ac9a3642,inventory.csv#4045,GJ210,GJ210,0.98,inventory.model,False,[],False
5de759aa6fb119f7,inventory.csv#4046,HT-SB200,HT-SB200,0.98,inventory.model,False,[],False
2017df683430dd80,inventory.csv#4047,LC-40LE820X,LC-40LE820X,0.98,inventory.model,False,[],False
0987d02807c579f6,inventory.csv#4048,LC-46SB57UN,LC-46SB57UN,0.98,inventory.model,False,[],False
61c000bfaa8b3633,inventory.csv#4049,RRMCG A375 WJSA,RRMCG A375 WJSA,0.98,inventory.model,False,[],False
43d579fbf17f52d3,inventory.csv#405,146_-1,146_-1,0.98,inventory.model,False,[],False
8e4a58c21380376b,inventory.csv#4050,TV-DVD-Combo,TV-DVD-Combo,0.98,inventory.model,False,[],False
3f43b5a399533e34,inventory.csv#4051,TV-Generic,TV-Generic,0.98,inventory.model,False,[],False
7a4e8398afb138f4,inventory.csv#4052,XL-Serie,XL-Serie,0.98,inventory.model,False,[],False
2bc30919422c03d2,inventory.csv#4053,AX-4050R,AX-4050R,0.98,inventory.model,False,[],False
35033a07488cc0fa,inventory.csv#4054,DTD 209,DTD 209,0.98,inventory.model,False,[],False
a4d6642ca85601f6,inventory.csv#4055,DTI 101,DTI 101,0.98,inventory.model,False,[],False
ba7e572d514589d2,inventory.csv#4056,DXV-6969,DXV-6969,0.98,inventory.model,False,[],False
ddc3ab93e6b372b9,inventory.csv#4057,TVL-1540,TVL-1540,0.98,inventory.model,False,[],False
51be5c1b66f8d0f0,inventory.csv#4058,TVL-1931,TVL-1931,0.98,inventory.model,False,[],False
dcc77bd35c807e2f,inventory.csv#4059,TVL-1951CI,TVL-1951CI,0.98,inventory.model,False,[],False
97b47c4c0f4dea77,inventory.csv#406,147_-1,147_-1,0.98,inventory.model,False,[],False
158d30215302b805,inventory.csv#4060,TVL-2021,TVL-2021,0.98,inventory.model,False,[],False
8fcd17b01b3a11de,inventory.csv#4061,Fan,Fan,0.98,inventory.model,False,[],False
32fd5b362aaad596,inventory.csv#4062,360DVBT,360DVBT,0.98,inventory.model,False,[],False
f3bcf63511b515b1,inventory.csv#4063,M740AV,M740AV,0.98,inventory.model,False,[],False
1debb02cefbf0c3a,inventory.csv#4064,DP-5300X,DP-5300X,0.98,inventory.model,False,[],False
7c42f90689bd2295,inventory.csv#4065,SL65-T,SL65-T,0.98,inventory.model,False,[],False
5a5c5693999ff80f,inventory.csv#4066,SSR 1080 B2,SSR 1080 B2,0.98,inventory.model,False,[],False
a7ba248083bd654b,inventory.csv#4067,SY-U32K300,SY-U32K300,0.98,inventory.model,False,[],False
15290d5ec703bc38,inventory.csv#4068,DRX892,DRX892,0.98,inventory.model,False,[],False
1b44bdd4b03e9f9f,inventory.csv#4069,MySkyHD,MySkyHD,0.98,inventory.model,False,[],False
fa60492371d25e47,inventory.csv#407,148_-1,148_-1,0.98,inventory.model,False,[],False
6a7b27daccc73467,inventory.csv#4070,PACE S-HD1,PACE S-HD1,0.98,inventory.model,False,[],False
4b11ce4ffb519bd1,inventory.csv#4071,PACE S-HD3,PACE S-HD3,0.98,inventory.model,False,[],False
8187f5b97a87ff4e,inventory.csv#4072,SKY+HD,SKY+HD,0.98,inventory.model,False,[],False
82ac2bd703996571,inventory.csv#4073,SKY+UK,SKY+UK,0.98,inventory.model,False,[],False
6654f23b506277e6,inventory.csv#4074,DX24,DX24,0.98,inventory.model,False,[],False
796f9e85f771abdb,inventory.csv#4075,DX5,DX5,0.98,inventory.model,False,[],False
8b21e6f7a59f5fe5,inventory.csv#4076,DX7,DX7,0.98,inventory.model,False,[],False
9ca63d13d540a8af,inventory.csv#4077,DXH,DXH,0.98,inventory.model,False,[],False
11aee0aaf6bdb476,inventory.csv#4078,CX-Series,CX-Series,0.98,inventory.model,False,[],False
bf4395dfa9d6ebdb,inventory.csv#4079,CX75,CX75,0.98,inventory.model,False,[],False
6e725c9cd624d554,inventory.csv#408,193_-1,193_-1,0.98,inventory.model,False,[],False
1ba419bfd5c7e677,inventory.csv#4080,Mirage CX06,Mirage CX06,0.98,inventory.model,False,[],False
bb313c9f57a4ed4b,inventory.csv#4081,MX40,MX40,0.98,inventory.model,False,[],False
f43936954d883044,inventory.csv#4082,MX83,MX83,0.98,inventory.model,False,[],False
0741b22b98bcbcc3,inventory.csv#4083,Projector,Projector,0.98,inventory.model,False,[],False
48abdb2c6ff01fde,inventory.csv#4084,VX10,VX10,0.98,inventory.model,False,[],False
3e8fa9865aa988a2,inventory.csv#4085,A6300,A6300,0.98,inventory.model,False,[],False
8f11fca3169a16d2,inventory.csv#4086,BDV-Series,BDV-Series,0.98,inventory.model,False,[],False
a9f46ce7cfa0923d,inventory.csv#4087,BluRay-Generic,BluRay-Generic,0.98,inventory.model,False,[],False
4fffd06b110c22c5,inventory.csv#4088,CAMERA,CAMERA,0.98,inventory.model,False,[],False
d425cefe7da14be7,inventory.csv#4089,CMT-Series,CMT-Series,0.98,inventory.model,False,[],False
53d3d8f6691bafcd,inventory.csv#409,194_-1,194_-1,0.98,inventory.model,False,[],False
3afccfac8c3864cf,inventory.csv#4090,DAV-Series,DAV-Series,0.98,inventory.model,False,[],False
6292d4f7cad6ae4d,inventory.csv#4091,DSP-EP9ES,DSP-EP9ES,0.98,inventory.model,False,[],False
0f6209e055306d1b,inventory.csv#4092,DVP-NS,DVP-NS,0.98,inventory.model,False,[],False
fc2ef96ec5a44df1,inventory.csv#4093,GTK-XB7,GTK-XB7,0.98,inventory.model,False,[],False
2c207ba5c44c443d,inventory.csv#4094,HCT-Soundbar,HCT-Soundbar,0.98,inventory.model,False,[],False
fc870a1093df138b,inventory.csv#4095,MHC-BX,MHC-BX,0.98,inventory.model,False,[],False
b7c7ffa95c2becc3,inventory.csv#4096,RDR-DVD-Recorder,RDR-DVD-Recorder,0.98,inventory.model,False,[],False
f0cbb0aa1e8d6c1f,inventory.csv#4097,RDR-HX-DVD-Rec,RDR-HX-DVD-Rec,0.98,inventory.model,False,[],False
1c14cb20d6a7fc77,inventory.csv#4098,RM-2001,RM-2001,0.98,inventory.model,False,[],False
d179bb6b28ed3a2e,inventory.csv#4099,RM-845P,RM-845P,0.98,inventory.model,False,[],False
5e9ed41d422fa87e,inventory.csv#41,129_129,129_129,0.98,inventory.model,False,[],False
6c003bba9b04af1e,inventory.csv#410,195_-1,195_-1,0.98,inventory.model,False,[],False
86cfac63ca3918e8,inventory.csv#4100,RM-AMU096,RM-AMU096,0.98,inventory.model,False,[],False
ee848d007e103154,inventory.csv#4101,RM-AUU013,RM-AUU013,0.98,inventory.model,False,[],False
a9fa1d24afb79201,inventory.csv#4102,RM-D57A,RM-D57A,0.98,inventory.model,False,[],False
0746a778baeae67f,inventory.csv#4103,RM-D7M,RM-D7M,0.98,inventory.model,False,[],False
72581171f41030f5,inventory.csv#4104,RM-ED006,RM-ED006,0.98,inventory.model,False,[],False
70b39298c1a0b909,inventory.csv#4105,RM-ED035,RM-ED035,0.98,inventory.model,False,[],False
b841beecf63cbb55,inventory.csv#4106,RM-ED044,RM-ED044,0.98,inventory.model,False,[],False
23d76735a26b56b3,inventory.csv#4107,RM-LG112,RM-LG112,0.98,inventory.model,False,[],False
6cdae6d8e98744a7,inventory.csv#4108,RM-P362,RM-P362,0.98,inventory.model,False,[],False
5fd2c8a47ec41231,inventory.csv#4109,RM-S150,RM-S150,0.98,inventory.model,False,[],False
206eca2887eb4e10,inventory.csv#411,196_-1,196_-1,0.98,inventory.model,False,[],False
34bc07847620e984,inventory.csv#4110,RM-S300EASY,RM-S300EASY,0.98,inventory.model,False,[],False
7c336da561b4d653,inventory.csv#4111,RM-S315,RM-S315,0.98,inventory.model,False,[],False
3d1ff940300690c4,inventory.csv#4112,RM-S325,RM-S325,0.98,inventory.model,False,[],False
ed6e9fd4483f401c,inventory.csv#4113,RM-S703,RM-S703,0.98,inventory.model,False,[],False
5bc3c8b6d07c6e66,inventory.csv#4114,RM-SCP100,RM-SCP100,0.98,inventory.model,False,[],False
b69f0c1ba4e82f19,inventory.csv#4115,RM-SR210,RM-SR210,0.98,inventory.model,False,[],False
e305d9fc57b56502,inventory.csv#4116,RM-SR8,RM-SR8,0.98,inventory.model,False,[],False
9a6a3ba67b6fc51d,inventory.csv#4117,RM-SV236,RM-SV236,0.98,inventory.model,False,[],False
a19c299ea1a6ba76,inventory.csv#4118,RM-U185,RM-U185,0.98,inventory.model,False,[],False
3a73d3c12a330aca,inventory.csv#4119,RM-U25,RM-U25,0.98,inventory.model,False,[],False
d44c58fd0add56de,inventory.csv#412,81_-1,81_-1,0.98,inventory.model,False,[],False
f96b8d8bddf82d23,inventory.csv#4120,RM-U305,RM-U305,0.98,inventory.model,False,[],False
93a50ade228ee38f,inventory.csv#4121,RM-X231,RM-X231,0.98,inventory.model,False,[],False
9eec7ddad0202b81,inventory.csv#4122,RMT-AH300U,RMT-AH300U,0.98,inventory.model,False,[],False
2085cab770df5383,inventory.csv#4123,RMT-B119A,RMT-B119A,0.98,inventory.model,False,[],False
62380aec12564e43,inventory.csv#4124,RMT-CF15CPAD,RMT-CF15CPAD,0.98,inventory.model,False,[],False
c473e264b85f9db0,inventory.csv#4125,RMT-V164A,RMT-V164A,0.98,inventory.model,False,[],False
639a68b7bcf8aacc,inventory.csv#4126,RMT-V250K,RMT-V250K,0.98,inventory.model,False,[],False
79a6a3c5a858da68,inventory.csv#4127,SA-CT-Series,SA-CT-Series,0.98,inventory.model,False,[],False
2893632ab7ddf03d,inventory.csv#4128,SLV-D-VCR-DVD,SLV-D-VCR-DVD,0.98,inventory.model,False,[],False
97269c22ff2ea470,inventory.csv#4129,SMP-N100,SMP-N100,0.98,inventory.model,False,[],False
969c74187674e6c7,inventory.csv#413,82_-1,82_-1,0.98,inventory.model,False,[],False
d0e8aee4df3911ac,inventory.csv#4130,ST-SA5-ES,ST-SA5-ES,0.98,inventory.model,False,[],False
cc9e862396f88f58,inventory.csv#4131,STR-DA50ES,STR-DA50ES,0.98,inventory.model,False,[],False
b73dd6da05bde7c5,inventory.csv#4132,STR-DB2000,STR-DB2000,0.98,inventory.model,False,[],False
8aad595cb7870346,inventory.csv#4133,STR-DB890,STR-DB890,0.98,inventory.model,False,[],False
dce2b9d02f8bef4c,inventory.csv#4134,STR-DE495,STR-DE495,0.98,inventory.model,False,[],False
1bc7bb9ef9bf86b3,inventory.csv#4135,TV,TV,0.98,inventory.model,False,[],False
68fbb3f09eba77f1,inventory.csv#4136,iMon,iMon,0.98,inventory.model,False,[],False
c2bc4488f7d29438,inventory.csv#4137,TV-Konka2,TV-Konka2,0.98,inventory.model,False,[],False
cbbf1005b7b25faa,inventory.csv#4138,TV-NEC0,TV-NEC0,0.98,inventory.model,False,[],False
14bd099caca3e28a,inventory.csv#4139,TV-NEC3,TV-NEC3,0.98,inventory.model,False,[],False
35c2f9085355f7c8,inventory.csv#414,83_-1,83_-1,0.98,inventory.model,False,[],False
b3eb3382ec75bd56,inventory.csv#4140,SR-X 1400D,SR-X 1400D,0.98,inventory.model,False,[],False
7800e9f203ecea8e,inventory.csv#4141,SR-X 1500D MKII,SR-X 1500D MKII,0.98,inventory.model,False,[],False
008dcc4e2e500245,inventory.csv#4142,DVB,DVB,0.98,inventory.model,False,[],False
38cedf4861ba6e18,inventory.csv#4143,120,120,0.98,inventory.model,False,[],False
1db602041062a75e,inventory.csv#4144,SR-C10,SR-C10,0.98,inventory.model,False,[],False
9f17aae73f69e073,inventory.csv#4145,SR-X 1500D,SR-X 1500D,0.98,inventory.model,False,[],False
99482ab99d5690f9,inventory.csv#4146,SR2000HD,SR2000HD,0.98,inventory.model,False,[],False
57297957b6aa2f39,inventory.csv#4147,DVR,DVR,0.98,inventory.model,False,[],False
0f9bd21dd379150b,inventory.csv#4148,StoryDisk,StoryDisk,0.98,inventory.model,False,[],False
c2772835307e89c4,inventory.csv#4149,PC Remote,PC Remote,0.98,inventory.model,False,[],False
03839262948f9b39,inventory.csv#415,84_-1,84_-1,0.98,inventory.model,False,[],False
4b427d9a975090b7,inventory.csv#4150,PRIMA IV,PRIMA IV,0.98,inventory.model,False,[],False
29418bdd09a28df3,inventory.csv#4151,PVR DVB,PVR DVB,0.98,inventory.model,False,[],False
ac16238ebd98747c,inventory.csv#4152,SRT40FX4003-TV,SRT40FX4003-TV,0.98,inventory.model,False,[],False
eecca6501ffb2f2c,inventory.csv#4153,SRT5222,SRT5222,0.98,inventory.model,False,[],False
80a9835dcca1a29b,inventory.csv#4154,SRT5301,SRT5301,0.98,inventory.model,False,[],False
a5f62638b07823f2,inventory.csv#4155,SRT7004,SRT7004,0.98,inventory.model,False,[],False
bb9dfa2f467159c3,inventory.csv#4156,SRT7805,SRT7805,0.98,inventory.model,False,[],False
e84d88762e7e8feb,inventory.csv#4157,SRT8100,SRT8100,0.98,inventory.model,False,[],False
f3844e91bcafe4e9,inventory.csv#4158,SRT8102,SRT8102,0.98,inventory.model,False,[],False
f347deacbe982966,inventory.csv#4159,SRT8540,SRT8540,0.98,inventory.model,False,[],False
fe89c78c516ee97b,inventory.csv#416,29_-1,29_-1,0.98,inventory.model,False,[],False
e092aea272f8c838,inventory.csv#4160,ZapBox,ZapBox,0.98,inventory.model,False,[],False
eba63862a5647b02,inventory.csv#4161,SCI 5300,SCI 5300,0.98,inventory.model,False,[],False
e0c55ea2a9062b14,inventory.csv#4162,Micro,Micro,0.98,inventory.model,False,[],False
21ed42946ba8c373,inventory.csv#4163,Smart Mini HD,Smart Mini HD,0.98,inventory.model,False,[],False
f3b23388535b49e4,inventory.csv#4164,TV,TV,0.98,inventory.model,False,[],False
014b9a58db4a6143,inventory.csv#4165,HA-430T,HA-430T,0.98,inventory.model,False,[],False
54eab78639e96e76,inventory.csv#4166,HR-919,HR-919,0.98,inventory.model,False,[],False
6ee6e2febf63a367,inventory.csv#4167,HT-475,HT-475,0.98,inventory.model,False,[],False
518724fcd6ab3135,inventory.csv#4168,IHOO MT 5.1R,IHOO MT 5.1R,0.98,inventory.model,False,[],False
7ae8530f4c6e3a42,inventory.csv#4169,TV2.0,TV2.0,0.98,inventory.model,False,[],False
0d5b54552f10389a,inventory.csv#417,30_-1,30_-1,0.98,inventory.model,False,[],False
a4d2b01c26270c7e,inventory.csv#4170,DVDVCR,DVDVCR,0.98,inventory.model,False,[],False
d7ea298c91183c64,inventory.csv#4171,TV,TV,0.98,inventory.model,False,[],False
e753840a6c99bfe5,inventory.csv#4172,F6,F6,0.98,inventory.model,False,[],False
a178ec4f49911d4b,inventory.csv#4173,RCII,RCII,0.98,inventory.model,False,[],False
73a634f855383125,inventory.csv#4174,Millenium MKII Clean,Millenium MKII Clean,0.98,inventory.model,False,[],False
f15cbe4dfa62f842,inventory.csv#4175,Millennium Amplifier MKII,Millennium Amplifier MKII,0.98,inventory.model,False,[],False
9bed27731f9fff88,inventory.csv#4176,DP-5200X,DP-5200X,0.98,inventory.model,False,[],False
b62129c1144ca079,inventory.csv#4177,DVB-TYPE1,DVB-TYPE1,0.98,inventory.model,False,[],False
db64693b47fa5cd7,inventory.csv#4178,3D-TV,3D-TV,0.98,inventory.model,False,[],False
cf6cdb51d44edd51,inventory.csv#4179,Roku,Roku,0.98,inventory.model,False,[],False
02c6fca7c3bc5364,inventory.csv#418,29_-1,29_-1,0.98,inventory.model,False,[],False
5ac62d7b2342d82a,inventory.csv#4180,A-H-Series,A-H-Series,0.98,inventory.model,False,[],False
6999eb6d5dcf89a3,inventory.csv#4181,A-H300,A-H300,0.98,inventory.model,False,[],False
0bc54d72d534fd15,inventory.csv#4182,AG10D,AG10D,0.98,inventory.model,False,[],False
be7034f48c056d00,inventory.csv#4183,CDP-1440,CDP-1440,0.98,inventory.model,False,[],False
56a3886d81e31483,inventory.csv#4184,LED-TV,LED-TV,0.98,inventory.model,False,[],False
ecbb2e286794c994,inventory.csv#4185,MC-DX90i,MC-DX90i,0.98,inventory.model,False,[],False
c2733241692bcee1,inventory.csv#4186,PD-D900,PD-D900,0.98,inventory.model,False,[],False
fff2913c7c5c6b8c,inventory.csv#4187,RC-1091,RC-1091,0.98,inventory.model,False,[],False
36ef9af223343fd3,inventory.csv#4188,RC-881,RC-881,0.98,inventory.model,False,[],False
328e4da9b237c82f,inventory.csv#4189,SR-100i,SR-100i,0.98,inventory.model,False,[],False
38ed1db0a66ab58b,inventory.csv#419,0_-1,0_-1,0.98,inventory.model,False,[],False
1bf4d33ec60049d3,inventory.csv#4190,TV-Code2,TV-Code2,0.98,inventory.model,False,[],False
4440f994a86243e8,inventory.csv#4191,DCI804,DCI804,0.98,inventory.model,False,[],False
2418e4e9f29c0b91,inventory.csv#4192,DCI804HOT,DCI804HOT,0.98,inventory.model,False,[],False
926e4255a85c63df,inventory.csv#4193,TC7200,TC7200,0.98,inventory.model,False,[],False
38139622c8e260db,inventory.csv#4194,SA-DX-Series,SA-DX-Series,0.98,inventory.model,False,[],False
a6425cff079bffc7,inventory.csv#4195,SA-GX230D,SA-GX230D,0.98,inventory.model,False,[],False
88ab1214f8f00f6e,inventory.csv#4196,SA-R230 SA-R330 (EUR64758),SA-R230 SA-R330 (EUR64758),0.98,inventory.model,False,[],False
97e28fbd5e33056d,inventory.csv#4197,SL-P-Series,SL-P-Series,0.98,inventory.model,False,[],False
26fea0772b5c07cc,inventory.csv#4198,SL-PS700,SL-PS700,0.98,inventory.model,False,[],False
81706040b7eae25a,inventory.csv#4199,SUA700,SUA700,0.98,inventory.model,False,[],False
b84bcefd7c107fdf,inventory.csv#42,3_1,3_1,0.98,inventory.model,False,[],False
f2b1ba0ce470af47,inventory.csv#420,8_-1,8_-1,0.98,inventory.model,False,[],False
94b7a2224c44aa08,inventory.csv#4200,DVD1,DVD1,0.98,inventory.model,False,[],False
9f7625f866be5ba8,inventory.csv#4201,DVD2,DVD2,0.98,inventory.model,False,[],False
3c151d411af34de8,inventory.csv#4202,Digit CCI,Digit CCI,0.98,inventory.model,False,[],False
d761c8ea870a1487,inventory.csv#4203,DIGIT HD8+,DIGIT HD8+,0.98,inventory.model,False,[],False
d411bc871bf64395,inventory.csv#4204,DIGIT S2,DIGIT S2,0.98,inventory.model,False,[],False
6667aa32b1feafb2,inventory.csv#4205,DigitRadio 400,DigitRadio 400,0.98,inventory.model,False,[],False
6237164bb28f3a85,inventory.csv#4206,FBDVR401,FBDVR401,0.98,inventory.model,False,[],False
f05008b9b3235ce9,inventory.csv#4207,FBPNA35,FBPNA35,0.98,inventory.model,False,[],False
1e72fd01a757dc37,inventory.csv#4208,FBTV235S-SAT1,FBTV235S-SAT1,0.98,inventory.model,False,[],False
db8581d32e0537ef,inventory.csv#4209,FBTV235S-SAT2,FBTV235S-SAT2,0.98,inventory.model,False,[],False
cdc71d744f3fc7cf,inventory.csv#421,0_-1,0_-1,0.98,inventory.model,False,[],False
9b54f37fde784cc1,inventory.csv#4210,FBTV235S-TV,FBTV235S-TV,0.98,inventory.model,False,[],False
a0ebe3a0193997aa,inventory.csv#4211,TechniMax T1,TechniMax T1,0.98,inventory.model,False,[],False
a36b2c9a0911764c,inventory.csv#4212,TechniStar S2,TechniStar S2,0.98,inventory.model,False,[],False
0982dbf7361bd113,inventory.csv#4213,TS35,TS35,0.98,inventory.model,False,[],False
33d2126cecd53612,inventory.csv#4214,Viola HD S1,Viola HD S1,0.98,inventory.model,False,[],False
8ac504fc330f88cb,inventory.csv#4215,FACILE123,FACILE123,0.98,inventory.model,False,[],False
c42799469015ae24,inventory.csv#4216,DVB1,DVB1,0.98,inventory.model,False,[],False
88f4da2a9a4e8344,inventory.csv#4217,TTmicroC274,TTmicroC274,0.98,inventory.model,False,[],False
c491d92d588737d1,inventory.csv#4218,TTmicroC832,TTmicroC832,0.98,inventory.model,False,[],False
f60ec6dabc2e7628,inventory.csv#4219,Air Conditioner TP20,Air Conditioner TP20,0.98,inventory.model,False,[],False
ccc07d66daffa788,inventory.csv#422,71_-1,71_-1,0.98,inventory.model,False,[],False
f630af06a96759a3,inventory.csv#4220,TV-R781FHD,TV-R781FHD,0.98,inventory.model,False,[],False
74644c168397e4ae,inventory.csv#4221,303,303,0.98,inventory.model,False,[],False
de24f782bf630057,inventory.csv#4222,Receiver102,Receiver102,0.98,inventory.model,False,[],False
b7926881b99f55f2,inventory.csv#4223,Teledigi TS1,Teledigi TS1,0.98,inventory.model,False,[],False
978142d57c95020f,inventory.csv#4224,PALCO 15,PALCO 15,0.98,inventory.model,False,[],False
bf54b78033f34ca3,inventory.csv#4225,PALCO 19-LED 01,PALCO 19-LED 01,0.98,inventory.model,False,[],False
23b7bb8f02b8747c,inventory.csv#4226,PALCO-22-LED-04,PALCO-22-LED-04,0.98,inventory.model,False,[],False
96ed2f4bdafc1a7d,inventory.csv#4227,PALCO-L05,PALCO-L05,0.98,inventory.model,False,[],False
a748ec4ee34309bd,inventory.csv#4228,PALCO,PALCO,0.98,inventory.model,False,[],False
f184736dde928fc9,inventory.csv#4229,PALCO19-L07,PALCO19-L07,0.98,inventory.model,False,[],False
47d94d3dd9beb9a1,inventory.csv#423,0_191,0_191,0.98,inventory.model,False,[],False
9de309171cd40dbd,inventory.csv#4230,TS 7.1 DT,TS 7.1 DT,0.98,inventory.model,False,[],False
5d54fb2f66044385,inventory.csv#4231,TS3.1F,TS3.1F,0.98,inventory.model,False,[],False
1bd1b0ed10851ff1,inventory.csv#4232,TS3001,TS3001,0.98,inventory.model,False,[],False
1b2ae2cec0b7fc09,inventory.csv#4233,TS3002,TS3002,0.98,inventory.model,False,[],False
9c44e190c0e9e0ec,inventory.csv#4234,TS5.3VXB,TS5.3VXB,0.98,inventory.model,False,[],False
94451b15125d9889,inventory.csv#4235,TS5.6HDMI,TS5.6HDMI,0.98,inventory.model,False,[],False
958a53311e4c4e0e,inventory.csv#4236,TS5.9RX,TS5.9RX,0.98,inventory.model,False,[],False
df62f89d34ce90f4,inventory.csv#4237,TS5200VXB,TS5200VXB,0.98,inventory.model,False,[],False
20692fa2a42aa259,inventory.csv#4238,TS6000,TS6000,0.98,inventory.model,False,[],False
4e197bd33e2c3ff9,inventory.csv#4239,TS6003,TS6003,0.98,inventory.model,False,[],False
1362f8b26450fd63,inventory.csv#424,4_-1,4_-1,0.98,inventory.model,False,[],False
cda655f71be002f1,inventory.csv#4240,TS6006 Stealth,TS6006 Stealth,0.98,inventory.model,False,[],False
874d171adff21e73,inventory.csv#4241,TS6101DT,TS6101DT,0.98,inventory.model,False,[],False
e01b31804a3155b8,inventory.csv#4242,TS6201DT,TS6201DT,0.98,inventory.model,False,[],False
8a3cfff605f063ef,inventory.csv#4243,TS6209DT,TS6209DT,0.98,inventory.model,False,[],False
10d01109b6b5300d,inventory.csv#4244,TS6211,TS6211,0.98,inventory.model,False,[],False
c00041d8a98812df,inventory.csv#4245,TS6282,TS6282,0.98,inventory.model,False,[],False
0e7f1d1765355c08,inventory.csv#4246,TS6284,TS6284,0.98,inventory.model,False,[],False
8e7de17789ec83ca,inventory.csv#4247,TS6290,TS6290,0.98,inventory.model,False,[],False
c972cf3fbecba7f3,inventory.csv#4248,TS6512HD,TS6512HD,0.98,inventory.model,False,[],False
66b30fd81e944a78,inventory.csv#4249,TS6808,TS6808,0.98,inventory.model,False,[],False
d3c0b9c1053fbc95,inventory.csv#425,17_-1,17_-1,0.98,inventory.model,False,[],False
c7a99c901ee3e0e8,inventory.csv#4250,TS7000MHP,TS7000MHP,0.98,inventory.model,False,[],False
aa6a033ffdf84478,inventory.csv#4251,TS7701,TS7701,0.98,inventory.model,False,[],False
7854d106e215834b,inventory.csv#4252,TS7800HD,TS7800HD,0.98,inventory.model,False,[],False
47b9b433cee13e58,inventory.csv#4253,TS7901HD,TS7901HD,0.98,inventory.model,False,[],False
74a3f7eba6f4aa0f,inventory.csv#4254,TS9000tivu,TS9000tivu,0.98,inventory.model,False,[],False
bd3c658f987832e3,inventory.csv#4255,TV LCD Young,TV LCD Young,0.98,inventory.model,False,[],False
83db1b6734343897,inventory.csv#4256,X 9.1,X 9.1,0.98,inventory.model,False,[],False
3b7c9f52d50835bf,inventory.csv#4257,SAT,SAT,0.98,inventory.model,False,[],False
97f74806608a3048,inventory.csv#4258,TW1024,TW1024,0.98,inventory.model,False,[],False
3272a2274c2053a8,inventory.csv#4259,Codes1,Codes1,0.98,inventory.model,False,[],False
7f72cf4576bf4882,inventory.csv#426,17_-1,17_-1,0.98,inventory.model,False,[],False
2afa8ad2dc3bfe0f,inventory.csv#4260,Cinergy-S2-HD,Cinergy-S2-HD,0.98,inventory.model,False,[],False
d5cbaa491144bde2,inventory.csv#4261,Cinergy-T2,Cinergy-T2,0.98,inventory.model,False,[],False
2f19cc5427efcdc9,inventory.csv#4262,Cinergy-TV,Cinergy-TV,0.98,inventory.model,False,[],False
1bcbd6c3fc539cc1,inventory.csv#4263,Noxon2,Noxon2,0.98,inventory.model,False,[],False
d20f7d8ab89431c3,inventory.csv#4264,MCD,MCD,0.98,inventory.model,False,[],False
0f6c2aafa44483d7,inventory.csv#4265,MDVD224,MDVD224,0.98,inventory.model,False,[],False
91f11b71e8c331ab,inventory.csv#4266,Cinebar21,Cinebar21,0.98,inventory.model,False,[],False
1aafe175759c3334,inventory.csv#4267,Cinebar51THX,Cinebar51THX,0.98,inventory.model,False,[],False
d126d70dfa57d770,inventory.csv#4268,DecoderStation3,DecoderStation3,0.98,inventory.model,False,[],False
91655f99f1c0d9d2,inventory.csv#4269,Generic,Generic,0.98,inventory.model,False,[],False
8795d0018271c1c5,inventory.csv#427,1_-1,1_-1,0.98,inventory.model,False,[],False
ed16f926c7dc4a0a,inventory.csv#4270,iDock v3,iDock v3,0.98,inventory.model,False,[],False
0f7c4c7066270119,inventory.csv#4271,Kombo,Kombo,0.98,inventory.model,False,[],False
c061fee438c32096,inventory.csv#4272,PVR8005HDD,PVR8005HDD,0.98,inventory.model,False,[],False
90cd43a0a06570b6,inventory.csv#4273,LTW-Series,LTW-Series,0.98,inventory.model,False,[],False
abd422277ef44111,inventory.csv#4274,TL 2651 BDTP,TL 2651 BDTP,0.98,inventory.model,False,[],False
ab7dbc5c42b97d13,inventory.csv#4275,24FS4246C,24FS4246C,0.98,inventory.model,False,[],False
d26bb030f2807dfb,inventory.csv#4276,THS,THS,0.98,inventory.model,False,[],False
c6eb891de3cd3278,inventory.csv#4277,THS810,THS810,0.98,inventory.model,False,[],False
1ae8ba87f0f6e933,inventory.csv#4278,All-RC5,All-RC5,0.98,inventory.model,False,[],False
cb96835436bcc440,inventory.csv#4279,T6,T6,0.98,inventory.model,False,[],False
550f4822da97291e,inventory.csv#428,7_-1,7_-1,0.98,inventory.model,False,[],False
aa7f7647b9b585c5,inventory.csv#4280,Z-Series,Z-Series,0.98,inventory.model,False,[],False
4914f1943dc17c0d,inventory.csv#4281,O2,O2,0.98,inventory.model,False,[],False
7a72b59cb37ee977,inventory.csv#4282,LED,LED,0.98,inventory.model,False,[],False
b64d7b72b47cf741,inventory.csv#4283,DVB,DVB,0.98,inventory.model,False,[],False
f2d8486fc7791803,inventory.csv#4284,DVB,DVB,0.98,inventory.model,False,[],False
1ecee92ad1640321,inventory.csv#4285,SBX3100,SBX3100,0.98,inventory.model,False,[],False
2cf282d6f02c88a8,inventory.csv#4286,TF3100,TF3100,0.98,inventory.model,False,[],False
4a7486a9343a8509,inventory.csv#4287,TF5000PVR,TF5000PVR,0.98,inventory.model,False,[],False
d262b897af2b20e5,inventory.csv#4288,TF7160,TF7160,0.98,inventory.model,False,[],False
c401b8a5952a6bb4,inventory.csv#4289,TF7700HSCI,TF7700HSCI,0.98,inventory.model,False,[],False
353fc5ad023a19f1,inventory.csv#429,12_-1,12_-1,0.98,inventory.model,False,[],False
ce306ac472ee1c39,inventory.csv#4290,DX7,DX7,0.98,inventory.model,False,[],False
3997062af7095f47,inventory.csv#4291,BDX-BluRay,BDX-BluRay,0.98,inventory.model,False,[],False
2c60713ac6680b27,inventory.csv#4292,CT-90038,CT-90038,0.98,inventory.model,False,[],False
4bb2a4f58b43e285,inventory.csv#4293,CT-90159,CT-90159,0.98,inventory.model,False,[],False
1957ae241ff735d5,inventory.csv#4294,CT-90287-REGZA,CT-90287-REGZA,0.98,inventory.model,False,[],False
6683c0ae294148eb,inventory.csv#4295,CT-90287-TV,CT-90287-TV,0.98,inventory.model,False,[],False
f866aa6d0cdbb65e,inventory.csv#4296,CT-90298,CT-90298,0.98,inventory.model,False,[],False
e42196077975b192,inventory.csv#4297,CT-90302,CT-90302,0.98,inventory.model,False,[],False
3151f20d65f18da4,inventory.csv#4298,CT-90326,CT-90326,0.98,inventory.model,False,[],False
73c9d824184653a1,inventory.csv#4299,RDX-V-Series,RDX-V-Series,0.98,inventory.model,False,[],False
5d01376d7e16bc56,inventory.csv#43,115_0,115_0,0.98,inventory.model,False,[],False
5a839ee26fb7e003,inventory.csv#430,7_-1,7_-1,0.98,inventory.model,False,[],False
c42b9758c8ca9f63,inventory.csv#4300,SBX4250,SBX4250,0.98,inventory.model,False,[],False
f4385dd184488022,inventory.csv#4301,SD-130ESE1,SD-130ESE1,0.98,inventory.model,False,[],False
9ff1392113ff65ad,inventory.csv#4302,VX-990,VX-990,0.98,inventory.model,False,[],False
c250aeb18682deba,inventory.csv#4303,Cepto,Cepto,0.98,inventory.model,False,[],False
e3776d508d222aae,inventory.csv#4304,DVB,DVB,0.98,inventory.model,False,[],False
b967f5ad57be9896,inventory.csv#4305,S-HD 10,S-HD 10,0.98,inventory.model,False,[],False
b3eb10914007c369,inventory.csv#4306,Projector,Projector,0.98,inventory.model,False,[],False
18bcf1f89d61094b,inventory.csv#4307,TM150,TM150,0.98,inventory.model,False,[],False
abaee08570254fec,inventory.csv#4308,BN59-01005A,BN59-01005A,0.98,inventory.model,False,[],False
3d6e4513c2f5b8b2,inventory.csv#4309,Twinhan-DT,Twinhan-DT,0.98,inventory.model,False,[],False
0e5d25902a1bc26f,inventory.csv#431,16_-1,16_-1,0.98,inventory.model,False,[],False
693f6a4f24d30347,inventory.csv#4310,TV,TV,0.98,inventory.model,False,[],False
985bb86fe90bd5cc,inventory.csv#4311,DVB-1,DVB-1,0.98,inventory.model,False,[],False
d82a9587436dc147,inventory.csv#4312,DVB-2,DVB-2,0.98,inventory.model,False,[],False
a0af02f97887af4b,inventory.csv#4313,LTW-26X97,LTW-26X97,0.98,inventory.model,False,[],False
cb3cd2436fcceda9,inventory.csv#4314,TV,TV,0.98,inventory.model,False,[],False
2f604feef0a4dece,inventory.csv#4315,HDC,HDC,0.98,inventory.model,False,[],False
d6db245e66728f8e,inventory.csv#4316,DVD,DVD,0.98,inventory.model,False,[],False
344db1c31bd97f1f,inventory.csv#4317,TV1,TV1,0.98,inventory.model,False,[],False
c56de84e84a782d5,inventory.csv#4318,TV2,TV2,0.98,inventory.model,False,[],False
270781162004b0a1,inventory.csv#4319,VT-94-T-HD IR,VT-94-T-HD IR,0.98,inventory.model,False,[],False
e0f335e3c4bd93ef,inventory.csv#432,192_192,192_192,0.98,inventory.model,False,[],False
4c4ecae36c79a296,inventory.csv#4320,TV-1902LBD,TV-1902LBD,0.98,inventory.model,False,[],False
adff2395ebc0d206,inventory.csv#4321,RC-536,RC-536,0.98,inventory.model,False,[],False
9d12c519a044379a,inventory.csv#4322,DVB-T 4040,DVB-T 4040,0.98,inventory.model,False,[],False
41d79e04ff412133,inventory.csv#4323,SAT,SAT,0.98,inventory.model,False,[],False
ed69af89a878ab61,inventory.csv#4324,TV,TV,0.98,inventory.model,False,[],False
e7788ef26aab23ba,inventory.csv#4325,E4 Air Conditioner,E4 Air Conditioner,0.98,inventory.model,False,[],False
808549c520823a24,inventory.csv#4326,PJ-Series,PJ-Series,0.98,inventory.model,False,[],False
13aab9bb217032be,inventory.csv#4327,TV-1,TV-1,0.98,inventory.model,False,[],False
ae833b0370a8453e,inventory.csv#4328,DVD-5211,DVD-5211,0.98,inventory.model,False,[],False
2f7ae6e98a367b9b,inventory.csv#4329,SAT,SAT,0.98,inventory.model,False,[],False
7acbabad724e1617,inventory.csv#433,192_63,192_63,0.98,inventory.model,False,[],False
80827aa2a8e4d661,inventory.csv#4330,VivControl3,VivControl3,0.98,inventory.model,False,[],False
a4dfc093303112d3,inventory.csv#4331,Projector,Projector,0.98,inventory.model,False,[],False
70a89052d4e06eb0,inventory.csv#4332,BluRay,BluRay,0.98,inventory.model,False,[],False
6e5f6ad788136f1e,inventory.csv#4333,Discrete,Discrete,0.98,inventory.model,False,[],False
50e58f7e28172281,inventory.csv#4334,TV-Generic,TV-Generic,0.98,inventory.model,False,[],False
2183fdce9d3a9865,inventory.csv#4335,VHT-SOUNDBAR,VHT-SOUNDBAR,0.98,inventory.model,False,[],False
1462a7f97e111961,inventory.csv#4336,VP322-HD10A,VP322-HD10A,0.98,inventory.model,False,[],False
d12df975a843605e,inventory.csv#4337,VX37L,VX37L,0.98,inventory.model,False,[],False
b81673100931a59b,inventory.csv#4338,TVCenter1000,TVCenter1000,0.98,inventory.model,False,[],False
d4f4d4d72b1a5d56,inventory.csv#4339,Uno,Uno,0.98,inventory.model,False,[],False
25aa6962201941b2,inventory.csv#434,19_-1,19_-1,0.98,inventory.model,False,[],False
affbe62ddf3e6acb,inventory.csv#4340,Air Conditioner,Air Conditioner,0.98,inventory.model,False,[],False
172dc10500d23236,inventory.csv#4341,WD TV LIVE,WD TV LIVE,0.98,inventory.model,False,[],False
c16270505d01a4f5,inventory.csv#4342,LVM-47W1,LVM-47W1,0.98,inventory.model,False,[],False
932ef950f9eeec20,inventory.csv#4343,RMT-24,RMT-24,0.98,inventory.model,False,[],False
db5994dfd8734598,inventory.csv#4344,OR03S,OR03S,0.98,inventory.model,False,[],False
8999f74563b598f4,inventory.csv#4345,OR191,OR191,0.98,inventory.model,False,[],False
89138b38bf3725ce,inventory.csv#4346,OR252HD,OR252HD,0.98,inventory.model,False,[],False
81a8076fd5402b97,inventory.csv#4347,OR605,OR605,0.98,inventory.model,False,[],False
be9f33bba0555035,inventory.csv#4348,TV 4S,TV 4S,0.98,inventory.model,False,[],False
b48d549b9060c006,inventory.csv#4349,AEP-810,AEP-810,0.98,inventory.model,False,[],False
355bf4189022f063,inventory.csv#435,192_192,192_192,0.98,inventory.model,False,[],False
a09b13bfda5e2283,inventory.csv#4350,AudioDevice,AudioDevice,0.98,inventory.model,False,[],False
659236f67c1f1183,inventory.csv#4351,HRK8750,HRK8750,0.98,inventory.model,False,[],False
6affe9153765019b,inventory.csv#4352,HRS2500,HRS2500,0.98,inventory.model,False,[],False
0a0c77be886697e4,inventory.csv#4353,HRS5500,HRS5500,0.98,inventory.model,False,[],False
7c653e19d597be10,inventory.csv#4354,HRS8530,HRS8530,0.98,inventory.model,False,[],False
b6b032c246e074fe,inventory.csv#4355,HRS8560,HRS8560,0.98,inventory.model,False,[],False
292c5e67b0d483ba,inventory.csv#4356,HRS9100,HRS9100,0.98,inventory.model,False,[],False
8e3b1096a5ef0234,inventory.csv#4357,HRS9500IP,HRS9500IP,0.98,inventory.model,False,[],False
32dd72224cd9214a,inventory.csv#4358,HRT8720,HRT8720,0.98,inventory.model,False,[],False
113b28ad27c482ee,inventory.csv#4359,HRT8730,HRT8730,0.98,inventory.model,False,[],False
4307b45ec55c700b,inventory.csv#436,16_-1,16_-1,0.98,inventory.model,False,[],False
80cfd87fcf91c05b,inventory.csv#4360,HSD-303,HSD-303,0.98,inventory.model,False,[],False
33f142e83e479b2f,inventory.csv#4361,HSD-400,HSD-400,0.98,inventory.model,False,[],False
f4841d528073e14e,inventory.csv#4362,HSD2200,HSD2200,0.98,inventory.model,False,[],False
c2025cc184014d7f,inventory.csv#4363,HTC1525D,HTC1525D,0.98,inventory.model,False,[],False
2eb7c5be1dac574e,inventory.csv#4364,HTL 2435 HD,HTL 2435 HD,0.98,inventory.model,False,[],False
a3dfd56c56471de5,inventory.csv#4365,HTL 3222 W,HTL 3222 W,0.98,inventory.model,False,[],False
c9369001415ff7ef,inventory.csv#4366,ET-Series,ET-Series,0.98,inventory.model,False,[],False
06e17e322bbc68b7,inventory.csv#4367,LCDTV81J,LCDTV81J,0.98,inventory.model,False,[],False
2658bd690e79c23d,inventory.csv#4368,AVPhile-715-RC,AVPhile-715-RC,0.98,inventory.model,False,[],False
0e31b8ff110a9c7a,inventory.csv#4369,CDX-493,CDX-493,0.98,inventory.model,False,[],False
661c00d8bdf57d5b,inventory.csv#437,133_115,133_115,0.98,inventory.model,False,[],False
74f1813f6fff4ad8,inventory.csv#4370,CDX-570,CDX-570,0.98,inventory.model,False,[],False
6a324507afeba145,inventory.csv#4371,CRX-330,CRX-330,0.98,inventory.model,False,[],False
f5a10b96c5235cad,inventory.csv#4372,DSP-A595A,DSP-A595A,0.98,inventory.model,False,[],False
e742dadb57783e40,inventory.csv#4373,DVD-S557,DVD-S557,0.98,inventory.model,False,[],False
8bf1711d01ba9d83,inventory.csv#4374,DVR-S120,DVR-S120,0.98,inventory.model,False,[],False
7702a357cac34c37,inventory.csv#4375,FSR50 WY57780,FSR50 WY57780,0.98,inventory.model,False,[],False
46295b5aa22e7584,inventory.csv#4376,HTR-5xxx,HTR-5xxx,0.98,inventory.model,False,[],False
7d062a589c3910af,inventory.csv#4377,MCR-E810,MCR-E810,0.98,inventory.model,False,[],False
313932d3665ae3ca,inventory.csv#4378,RAV16-WA61770,RAV16-WA61770,0.98,inventory.model,False,[],False
b0f0d945220a1701,inventory.csv#4379,RAV175,RAV175,0.98,inventory.model,False,[],False
0392be94b8757634,inventory.csv#438,10_-1,10_-1,0.98,inventory.model,False,[],False
2a391d34db45666c,inventory.csv#4380,RAV214,RAV214,0.98,inventory.model,False,[],False
66104216649b9b64,inventory.csv#4381,RAV221,RAV221,0.98,inventory.model,False,[],False
de649f02eb5c0315,inventory.csv#4382,RAV252,RAV252,0.98,inventory.model,False,[],False
f35ef6f141e768c4,inventory.csv#4383,RAV283,RAV283,0.98,inventory.model,False,[],False
28be41fb961ddf6c,inventory.csv#4384,RAV304,RAV304,0.98,inventory.model,False,[],False
693135ec4d380f11,inventory.csv#4385,RAV307,RAV307,0.98,inventory.model,False,[],False
67cea54ed63998bf,inventory.csv#4386,RAV325,RAV325,0.98,inventory.model,False,[],False
f83ff3260d62e592,inventory.csv#4387,RAV34,RAV34,0.98,inventory.model,False,[],False
69e2a2218c36798f,inventory.csv#4388,RAV372,RAV372,0.98,inventory.model,False,[],False
569a6429f9b6d908,inventory.csv#4389,RAX101,RAX101,0.98,inventory.model,False,[],False
5ce9f7d8a33c15ee,inventory.csv#439,10_-1,10_-1,0.98,inventory.model,False,[],False
f1638361c92d0440,inventory.csv#4390,RAX21,RAX21,0.98,inventory.model,False,[],False
ffe7973d112884b3,inventory.csv#4391,RAX7,RAX7,0.98,inventory.model,False,[],False
2d317d7cbdde254e,inventory.csv#4392,RAX9,RAX9,0.98,inventory.model,False,[],False
81062f2ad609843d,inventory.csv#4393,RS-CD5,RS-CD5,0.98,inventory.model,False,[],False
c401b858a442e87b,inventory.csv#4394,RX-2067,RX-2067,0.98,inventory.model,False,[],False
6f3d73f088570fbb,inventory.csv#4395,RX-V1400,RX-V1400,0.98,inventory.model,False,[],False
440f4de581d17436,inventory.csv#4396,RX-V3000,RX-V3000,0.98,inventory.model,False,[],False
39592f2de250de3f,inventory.csv#4397,RX-V375-V775,RX-V375-V775,0.98,inventory.model,False,[],False
c227900781c0842e,inventory.csv#4398,RX-V850,RX-V850,0.98,inventory.model,False,[],False
b63baf4c1b022783,inventory.csv#4399,RX-V995,RX-V995,0.98,inventory.model,False,[],False
526d25776a1b7367,inventory.csv#44,118_0,118_0,0.98,inventory.model,False,[],False
a3d890b6bfd8c9fd,inventory.csv#440,10_-1,10_-1,0.98,inventory.model,False,[],False
c4d8be583adaf3d2,inventory.csv#4400,VP59040,VP59040,0.98,inventory.model,False,[],False
aef3598f588f779c,inventory.csv#4401,VS71360,VS71360,0.98,inventory.model,False,[],False
76d823f4971cf184,inventory.csv#4402,VT97430,VT97430,0.98,inventory.model,False,[],False
8b153d4c4a138271,inventory.csv#4403,VU50620,VU50620,0.98,inventory.model,False,[],False
2755f18977ef3b0a,inventory.csv#4404,YSP-Series,YSP-Series,0.98,inventory.model,False,[],False
a8d2544f20ff4a5d,inventory.csv#4405,Boks-Original,Boks-Original,0.98,inventory.model,False,[],False
9d2d4971b8af11c1,inventory.csv#4406,AC,AC,0.98,inventory.model,False,[],False
79393283cb0d5fd6,inventory.csv#4407,HD8000PVR,HD8000PVR,0.98,inventory.model,False,[],False
24b29a9760eff0d3,inventory.csv#4408,DX560,DX560,0.98,inventory.model,False,[],False
19a1ae0d8844b565,inventory.csv#4409,DX860,DX860,0.98,inventory.model,False,[],False
3c23004c4d1bc8c3,inventory.csv#441,133_118,133_118,0.98,inventory.model,False,[],False
6eb2b4fd682647ee,inventory.csv#4410,HX7110U,HX7110U,0.98,inventory.model,False,[],False
b99e75978aab7c18,inventory.csv#4411,HX7130,HX7130,0.98,inventory.model,False,[],False
cd513e2acf1ef84c,inventory.csv#4412,ZX2101,ZX2101,0.98,inventory.model,False,[],False
83f12ee14bf40c4b,inventory.csv#4413,HZ-19S-LCD,HZ-19S-LCD,0.98,inventory.model,False,[],False
9be2039ddc1d1b8a,inventory.csv#4414,DZR20DTT,DZR20DTT,0.98,inventory.model,False,[],False
2c1b19b12b327613,inventory.csv#4415,DZR40PVR DTT V2,DZR40PVR DTT V2,0.98,inventory.model,False,[],False
ddbd32cedaed4f36,inventory.csv#4416,ZDT9000MHP,ZDT9000MHP,0.98,inventory.model,False,[],False
bb4846229bf71b30,inventory.csv#4417,ZBOX-CA320NANO-U1,ZBOX-CA320NANO-U1,0.98,inventory.model,False,[],False
e587b23662c71f59,inventory.csv#4418,Marantz_main_zone,Marantz_main_zone,0.98,inventory.model,False,[],False
a901b26fecfd7458,inventory.csv#4419,RIF6-cube-projector-parsed,RIF6-cube-projector-parsed,0.98,inventory.model,False,[],False
3a01be836a7e5a16,inventory.csv#442,133_118,133_118,0.98,inventory.model,False,[],False
38c20b71ae77fd03,inventory.csv#4420,Power_off,Power_off,0.98,inventory.model,False,[],False
fbfdfe537dd40115,inventory.csv#4421,CATV-8155,CATV-8155,0.98,inventory.model,False,[],False
4d891cd219abc326,inventory.csv#4422,fdc-3412,fdc-3412,0.98,inventory.model,False,[],False
ffe3d9b97240d84d,inventory.csv#4423,HDMI_Matrix,HDMI_Matrix,0.98,inventory.model,False,[],False
05c5ac05a8143280,inventory.csv#4424,HTW1000,HTW1000,0.98,inventory.model,False,[],False
8e884be8fbcfd918,inventory.csv#4425,Security_Camera,Security_Camera,0.98,inventory.model,False,[],False
90bc29834727a62d,inventory.csv#4426,8650_LCD,8650_LCD,0.98,inventory.model,False,[],False
b3a0b609780a505e,inventory.csv#4427,MP-8030-8630-40-50,MP-8030-8630-40-50,0.98,inventory.model,False,[],False
c1bb7d39f0d95484,inventory.csv#4428,MP-8625,MP-8625,0.98,inventory.model,False,[],False
c83f9c1baaf85863,inventory.csv#4429,MP-8660,MP-8660,0.98,inventory.model,False,[],False
c01efb22d3c8cd61,inventory.csv#443,133_118,133_118,0.98,inventory.model,False,[],False
febecd24e4bcf89a,inventory.csv#4430,MP8610,MP8610,0.98,inventory.model,False,[],False
998fa00510482906,inventory.csv#4431,MP8620,MP8620,0.98,inventory.model,False,[],False
3fc4b75d286383de,inventory.csv#4432,MP8650,MP8650,0.98,inventory.model,False,[],False
1ced589d954a73d3,inventory.csv#4433,VCS-3100,VCS-3100,0.98,inventory.model,False,[],False
cddcb5b54967d105,inventory.csv#4434,VIDEO_PROJECTOR,VIDEO_PROJECTOR,0.98,inventory.model,False,[],False
347767e5beabb477,inventory.csv#4435,EIB_REMOTE,EIB_REMOTE,0.98,inventory.model,False,[],False
60279bb9cead8432,inventory.csv#4436,EIB_REMOTE_ODD,EIB_REMOTE_ODD,0.98,inventory.model,False,[],False
eb11c19f6a38794f,inventory.csv#4437,P7500,P7500,0.98,inventory.model,False,[],False
9430ba87b3416d58,inventory.csv#4438,WIL-8458MA,WIL-8458MA,0.98,inventory.model,False,[],False
3baf89a1dd71acc0,inventory.csv#4439,CINEMA_REFERENCE,CINEMA_REFERENCE,0.98,inventory.model,False,[],False
f68192f2eebc0d21,inventory.csv#444,133_118,133_118,0.98,inventory.model,False,[],False
04c7a4972ffd081e,inventory.csv#4440,GENESIS,GENESIS,0.98,inventory.model,False,[],False
aada3d9c902bccd7,inventory.csv#4441,GENESIS_AUDIO_SYSTEM,GENESIS_AUDIO_SYSTEM,0.98,inventory.model,False,[],False
cbe694750bccc30d,inventory.csv#4442,MT-3000,MT-3000,0.98,inventory.model,False,[],False
8e6e456f21c9a3a9,inventory.csv#4443,SSD-66(5.1)_DOLBY_AC-3_PREAMP,SSD-66(5.1)_DOLBY_AC-3_PREAMP,0.98,inventory.model,False,[],False
bb2aeadcd078ec4e,inventory.csv#4444,SSD-66,SSD-66,0.98,inventory.model,False,[],False
d3522d38b86f9063,inventory.csv#4445,System_808-8000,System_808-8000,0.98,inventory.model,False,[],False
310dd2733c9bc8a0,inventory.csv#4446,VS-3,VS-3,0.98,inventory.model,False,[],False
70df6d04f046142d,inventory.csv#4447,DVR_Remote,DVR_Remote,0.98,inventory.model,False,[],False
7a436d41c5e38498,inventory.csv#4448,GDD-1,GDD-1,0.98,inventory.model,False,[],False
f87d8cdea1d04cf0,inventory.csv#4449,GDV-850,GDV-850,0.98,inventory.model,False,[],False
b3f3424b17a2e16f,inventory.csv#445,202_177,202_177,0.98,inventory.model,False,[],False
5396f780f4072cf0,inventory.csv#4450,GTP-500II,GTP-500II,0.98,inventory.model,False,[],False
ad5665c5496da4ce,inventory.csv#4451,GTP-760,GTP-760,0.98,inventory.model,False,[],False
abf0c445f770282b,inventory.csv#4452,GTP-830,GTP-830,0.98,inventory.model,False,[],False
770f952c3e9e5ae8,inventory.csv#4453,GTP-880,GTP-880,0.98,inventory.model,False,[],False
f3e228591f995a82,inventory.csv#4454,GTP9450,GTP9450,0.98,inventory.model,False,[],False
aeebc01237d165d6,inventory.csv#4455,VCT128-A,VCT128-A,0.98,inventory.model,False,[],False
09c5cccc13d89ca2,inventory.csv#4456,VTC128-A,VTC128-A,0.98,inventory.model,False,[],False
5291109df5207e4d,inventory.csv#4457,ADR-707-CASSETTE-DUAL_CAS,ADR-707-CASSETTE-DUAL_CAS,0.98,inventory.model,False,[],False
f5fba63ee2034a03,inventory.csv#4458,HV-MX1,HV-MX1,0.98,inventory.model,False,[],False
aee45d64342c268f,inventory.csv#4459,CD-57,CD-57,0.98,inventory.model,False,[],False
550b2e86af1f2f84,inventory.csv#446,129_6,129_6,0.98,inventory.model,False,[],False
5adb0421c8d1016b,inventory.csv#4460,CT-2870,CT-2870,0.98,inventory.model,False,[],False
28ff2e044a8fe65f,inventory.csv#4461,HX-R435,HX-R435,0.98,inventory.model,False,[],False
e90d0e020656e7b3,inventory.csv#4462,VS-X590,VS-X590,0.98,inventory.model,False,[],False
ccfb1493340dff77,inventory.csv#4463,Mosquito,Mosquito,0.98,inventory.model,False,[],False
eaaea7f23bb96fad,inventory.csv#4464,CRA1655RF,CRA1655RF,0.98,inventory.model,False,[],False
4c11617af7010ca9,inventory.csv#4465,AV81HTC-DD,AV81HTC-DD,0.98,inventory.model,False,[],False
80a1bfd1b322db0a,inventory.csv#4466,R-9,R-9,0.98,inventory.model,False,[],False
c036cd23ca0a9dfc,inventory.csv#4467,T-7_TUNER,T-7_TUNER,0.98,inventory.model,False,[],False
f31eac560c1f9088,inventory.csv#4468,160_LCD_PROJECTOR,160_LCD_PROJECTOR,0.98,inventory.model,False,[],False
2116fd04a6efc462,inventory.csv#4469,2000-3000-4000_PROJECTOR_(ADDED_FUNC_9-96),2000-3000-4000_PROJECTOR_(ADDED_FUNC_9-96),0.98,inventory.model,False,[],False
fc5ec44a713aa805,inventory.csv#447,129_6,129_6,0.98,inventory.model,False,[],False
35d40a96a4ca157a,inventory.csv#4470,2000-3000-4000_SERIES,2000-3000-4000_SERIES,0.98,inventory.model,False,[],False
21670e13722fe62c,inventory.csv#4471,LCD_150,LCD_150,0.98,inventory.model,False,[],False
be2d218b3ef97b8d,inventory.csv#4472,LCD-100,LCD-100,0.98,inventory.model,False,[],False
70863cef089df40a,inventory.csv#4473,AVM-2,AVM-2,0.98,inventory.model,False,[],False
987c0586957a15e7,inventory.csv#4474,AVM_2,AVM_2,0.98,inventory.model,False,[],False
0b5e9b22872e93fd,inventory.csv#4475,AVM_50V,AVM_50V,0.98,inventory.model,False,[],False
dc82d94a3da769e3,inventory.csv#4476,AD-800,AD-800,0.98,inventory.model,False,[],False
df4978bf39d69bbc,inventory.csv#4477,AD600A,AD600A,0.98,inventory.model,False,[],False
4f5e8737a64032f1,inventory.csv#4478,TV,TV,0.98,inventory.model,False,[],False
3f6895d25103a9a4,inventory.csv#4479,AppleTV-v2,AppleTV-v2,0.98,inventory.model,False,[],False
6b1f1acba94aa590,inventory.csv#448,4_250,4_250,0.98,inventory.model,False,[],False
a7845665d600c2c8,inventory.csv#4480,AppleTV,AppleTV,0.98,inventory.model,False,[],False
02779b8732957358,inventory.csv#4481,AppleTV_3rd_Generation,AppleTV_3rd_Generation,0.98,inventory.model,False,[],False
8cb7d72833dd2f30,inventory.csv#4482,AppleTV_4th_Generation,AppleTV_4th_Generation,0.98,inventory.model,False,[],False
e64df753156abf46,inventory.csv#4483,AP-1500X,AP-1500X,0.98,inventory.model,False,[],False
28cb821c7eb11a63,inventory.csv#4484,SOUND_STAGE,SOUND_STAGE,0.98,inventory.model,False,[],False
2c2bc35ca74a783f,inventory.csv#4485,STAGE_ONE,STAGE_ONE,0.98,inventory.model,False,[],False
9fc6b5f2ba7fb8e6,inventory.csv#4486,IMPRESSION_A4_(NO_BALL)_RGB2=SRC1_VIDEO=SRC2,IMPRESSION_A4_(NO_BALL)_RGB2=SRC1_VIDEO=SRC2,0.98,inventory.model,False,[],False
6995cb12a8110470,inventory.csv#4487,P2000,P2000,0.98,inventory.model,False,[],False
5c90f5110e4b936d,inventory.csv#4488,SA-700,SA-700,0.98,inventory.model,False,[],False
d1f5fcf29bbc8391,inventory.csv#4489,MC-0016,MC-0016,0.98,inventory.model,False,[],False
9cb545c88a5fc320,inventory.csv#449,135_123,135_123,0.98,inventory.model,False,[],False
4bce780c4af1c218,inventory.csv#4490,SDD-66[5.1],SDD-66[5.1],0.98,inventory.model,False,[],False
bde69d739c28f54b,inventory.csv#4491,AUDIO_INTERNATIONAL,AUDIO_INTERNATIONAL,0.98,inventory.model,False,[],False
77eb3dc55e8db8eb,inventory.csv#4492,AUDIO_REQUEST,AUDIO_REQUEST,0.98,inventory.model,False,[],False
da15b597632dad24,inventory.csv#4493,MRX,MRX,0.98,inventory.model,False,[],False
d2244902bcd37d2a,inventory.csv#4494,Concert_AVR-4,Concert_AVR-4,0.98,inventory.model,False,[],False
706e164ff5709262,inventory.csv#4495,Maestro_M4,Maestro_M4,0.98,inventory.model,False,[],False
4108b3e611c0b625,inventory.csv#4496,MONACO_(EVEN),MONACO_(EVEN),0.98,inventory.model,False,[],False
dfacfa42b1ad6abd,inventory.csv#4497,MONACO_(ODD),MONACO_(ODD),0.98,inventory.model,False,[],False
c2e014bc815b28f3,inventory.csv#4498,RECEIVER_ONLY_(EVEN),RECEIVER_ONLY_(EVEN),0.98,inventory.model,False,[],False
7a5a05241811308d,inventory.csv#4499,RECEIVER_ONLY_(ODD),RECEIVER_ONLY_(ODD),0.98,inventory.model,False,[],False
ae9882e44c9bfbbc,inventory.csv#45,110_0,110_0,0.98,inventory.model,False,[],False
da41f21f17df851a,inventory.csv#450,"130,111","130,111",0.98,inventory.model,False,[],False
8162594152a5d340,inventory.csv#4500,SP2,SP2,0.98,inventory.model,False,[],False
ef09535b811cf804,inventory.csv#4501,PREAMP-TUNER2,PREAMP-TUNER2,0.98,inventory.model,False,[],False
62f4d0150004622a,inventory.csv#4502,Flinders,Flinders,0.98,inventory.model,False,[],False
895629d9ccf3a527,inventory.csv#4503,Mystar,Mystar,0.98,inventory.model,False,[],False
032e1f749bfb7b8e,inventory.csv#4504,NONE,NONE,0.98,inventory.model,False,[],False
210958fc406bb442,inventory.csv#4505,AUTON,AUTON,0.98,inventory.model,False,[],False
54db4eb7266b0b20,inventory.csv#4506,AVP-AVR_SERIES,AVP-AVR_SERIES,0.98,inventory.model,False,[],False
5d90c72e588f15e1,inventory.csv#4507,AVR202_-_AUDIO,AVR202_-_AUDIO,0.98,inventory.model,False,[],False
77a4cd6cf9d578be,inventory.csv#4508,CT-610,CT-610,0.98,inventory.model,False,[],False
d59f49d9d33a5593,inventory.csv#4509,PT3,PT3,0.98,inventory.model,False,[],False
93d14954488d9af2,inventory.csv#451,135_126,135_126,0.98,inventory.model,False,[],False
36315e7b0999dcc3,inventory.csv#4510,ZONE1_COMPONENTS,ZONE1_COMPONENTS,0.98,inventory.model,False,[],False
fd996aadbd9fb236,inventory.csv#4511,ZONE2_COMPONENTS,ZONE2_COMPONENTS,0.98,inventory.model,False,[],False
bebcb5cec34a113b,inventory.csv#4512,2000,2000,0.98,inventory.model,False,[],False
34c5a2505c431bdf,inventory.csv#4513,AV-4000,AV-4000,0.98,inventory.model,False,[],False
ae65353eac274cbe,inventory.csv#4514,AV-9000,AV-9000,0.98,inventory.model,False,[],False
b37681ac3d751ea0,inventory.csv#4515,AV_7000_CD,AV_7000_CD,0.98,inventory.model,False,[],False
34494fc5b9e47ce4,inventory.csv#4516,AV_7000_LIGHT,AV_7000_LIGHT,0.98,inventory.model,False,[],False
75eef36a84e479c9,inventory.csv#4517,AV_7000_RADIO,AV_7000_RADIO,0.98,inventory.model,False,[],False
8ff3df69fc3d7988,inventory.csv#4518,B&O-4000-CNSP-BAO,B&O-4000-CNSP-BAO,0.98,inventory.model,False,[],False
12d5544204dc2b24,inventory.csv#4519,BEOLINK_1000,BEOLINK_1000,0.98,inventory.model,False,[],False
08ef3c9850a95d8b,inventory.csv#452,18_-1,18_-1,0.98,inventory.model,False,[],False
416d4d3824b133e6,inventory.csv#4520,BEOLINK_5000,BEOLINK_5000,0.98,inventory.model,False,[],False
0fdb5c047244944d,inventory.csv#4521,BEOLINK_5000_(A_RECORD),BEOLINK_5000_(A_RECORD),0.98,inventory.model,False,[],False
e861aead0da9cd5f,inventory.csv#4522,BEOLINK_5000_(ATAPE),BEOLINK_5000_(ATAPE),0.98,inventory.model,False,[],False
e5413c86c41aa1af,inventory.csv#4523,BEOLINK_5000_(CD),BEOLINK_5000_(CD),0.98,inventory.model,False,[],False
f1894baad4608535,inventory.csv#4524,BEOLINK_5000_(CLEAR),BEOLINK_5000_(CLEAR),0.98,inventory.model,False,[],False
2ab675db0c016549,inventory.csv#4525,BEOLINK_5000_(LINK),BEOLINK_5000_(LINK),0.98,inventory.model,False,[],False
201b7c143fea13e1,inventory.csv#4526,BEOLINK_5000_(PHONO),BEOLINK_5000_(PHONO),0.98,inventory.model,False,[],False
e9b689b9867605f1,inventory.csv#4527,BEOLINK_5000_(REC_START),BEOLINK_5000_(REC_START),0.98,inventory.model,False,[],False
73427bfc3af01180,inventory.csv#4528,BEOLINK_5000_(REC_STOP),BEOLINK_5000_(REC_STOP),0.98,inventory.model,False,[],False
21595cc1b4318b68,inventory.csv#4529,BEOLINK_5000_(RETURN),BEOLINK_5000_(RETURN),0.98,inventory.model,False,[],False
004c277f728aae16,inventory.csv#453,135_123,135_123,0.98,inventory.model,False,[],False
69c52234eeb6c2c1,inventory.csv#4530,BEOLINK_5000_(SHIFT),BEOLINK_5000_(SHIFT),0.98,inventory.model,False,[],False
0dca107571e01745,inventory.csv#4531,BEOLINK_5000_(STATUS),BEOLINK_5000_(STATUS),0.98,inventory.model,False,[],False
1e17722bb5e26c09,inventory.csv#4532,BEOLINK_5000_(STORE),BEOLINK_5000_(STORE),0.98,inventory.model,False,[],False
824d31d287ef81c3,inventory.csv#4533,BEOLINK_5000_(TURN),BEOLINK_5000_(TURN),0.98,inventory.model,False,[],False
55035a5225998458,inventory.csv#4534,BEOLINK_5000_(V_RECORD),BEOLINK_5000_(V_RECORD),0.98,inventory.model,False,[],False
68a302f3055f92fb,inventory.csv#4535,BEOLINK_5000_(VTAPE),BEOLINK_5000_(VTAPE),0.98,inventory.model,False,[],False
c29a8d2b6e48b52e,inventory.csv#4536,BEOSOUND_9000-ST-CP,BEOSOUND_9000-ST-CP,0.98,inventory.model,False,[],False
5d08deea6f10afc7,inventory.csv#4537,701S_(ADDRESS_0),701S_(ADDRESS_0),0.98,inventory.model,False,[],False
8ef927a9b3b26d36,inventory.csv#4538,701S_(ADDRESS_1),701S_(ADDRESS_1),0.98,inventory.model,False,[],False
8cc39266e17aeb12,inventory.csv#4539,701S_(ADDRESS_2),701S_(ADDRESS_2),0.98,inventory.model,False,[],False
bba9adaca7811c33,inventory.csv#454,20_-1,20_-1,0.98,inventory.model,False,[],False
e63f9bd90a7f3fe2,inventory.csv#4540,800_SERIES_(ADDRESS_#0),800_SERIES_(ADDRESS_#0),0.98,inventory.model,False,[],False
02839551f17987cd,inventory.csv#4541,LC_3000-8000-9000_SERIES_(ADDRESS_#0),LC_3000-8000-9000_SERIES_(ADDRESS_#0),0.98,inventory.model,False,[],False
f3637b2b77917866,inventory.csv#4542,MULTIDATA,MULTIDATA,0.98,inventory.model,False,[],False
2f21eb36ed6d153f,inventory.csv#4543,DRC_4+4,DRC_4+4,0.98,inventory.model,False,[],False
69c32a96c8b8e550,inventory.csv#4544,IWA-RPM,IWA-RPM,0.98,inventory.model,False,[],False
87a2a6288257844d,inventory.csv#4545,PMX84,PMX84,0.98,inventory.model,False,[],False
e37b0765bf20b779,inventory.csv#4546,SPM412,SPM412,0.98,inventory.model,False,[],False
ef952ef55f980b86,inventory.csv#4547,SPM412E,SPM412E,0.98,inventory.model,False,[],False
c7ac8581e0ca2037,inventory.csv#4548,SPM522D,SPM522D,0.98,inventory.model,False,[],False
97e2cb421df7c1b9,inventory.csv#4549,SPM522D_ADVANTAGE,SPM522D_ADVANTAGE,0.98,inventory.model,False,[],False
e90b12dada984792,inventory.csv#455,42_-1,42_-1,0.98,inventory.model,False,[],False
8647890c50ee25bf,inventory.csv#4550,VSX41,VSX41,0.98,inventory.model,False,[],False
e4b71ea639986217,inventory.csv#4551,CD_Speed_Control,CD_Speed_Control,0.98,inventory.model,False,[],False
0ff9b08317df0034,inventory.csv#4552,Kareoke_Controller,Kareoke_Controller,0.98,inventory.model,False,[],False
76228ea3b248a5c6,inventory.csv#4553,PM_3180,PM_3180,0.98,inventory.model,False,[],False
525e49cd1aa47d6e,inventory.csv#4554,LIFESTYLE_-_ZONE_1,LIFESTYLE_-_ZONE_1,0.98,inventory.model,False,[],False
f7ad67a155aca22c,inventory.csv#4555,LIFESTYLE_-_ZONE_2,LIFESTYLE_-_ZONE_2,0.98,inventory.model,False,[],False
57b74fe267b2ee23,inventory.csv#4556,LIFESTYLE_-_ZONE_3,LIFESTYLE_-_ZONE_3,0.98,inventory.model,False,[],False
17fca70c41dc08ca,inventory.csv#4557,LIFESTYLE_-_ZONE_4,LIFESTYLE_-_ZONE_4,0.98,inventory.model,False,[],False
cca1a3bb457b5b2a,inventory.csv#4558,LC-20,LC-20,0.98,inventory.model,False,[],False
e19f89b4a06480c0,inventory.csv#4559,Lifestyle_235,Lifestyle_235,0.98,inventory.model,False,[],False
eac2c7b9d4f22078,inventory.csv#456,60_-1,60_-1,0.98,inventory.model,False,[],False
ddaac91e22065b2c,inventory.csv#4560,LIFESTYLES_35,LIFESTYLES_35,0.98,inventory.model,False,[],False
14cbcf6bc6574ccb,inventory.csv#4561,MP65E,MP65E,0.98,inventory.model,False,[],False
93e2046bd1f1b81a,inventory.csv#4562,X_Series,X_Series,0.98,inventory.model,False,[],False
d396f856a487e496,inventory.csv#4563,CTGV-4563TCT,CTGV-4563TCT,0.98,inventory.model,False,[],False
d2ec1e18349e2bad,inventory.csv#4564,BTX,BTX,0.98,inventory.model,False,[],False
3c26292c0252b2b5,inventory.csv#4565,WINDOW_COVERING,WINDOW_COVERING,0.98,inventory.model,False,[],False
f6e9d75b35b95306,inventory.csv#4566,CD,CD,0.98,inventory.model,False,[],False
605bf49f4d5f0d06,inventory.csv#4567,CL-25,CL-25,0.98,inventory.model,False,[],False
46e50374d593a748,inventory.csv#4568,CL-5,CL-5,0.98,inventory.model,False,[],False
bc02f52d6cd6f8ec,inventory.csv#4569,CL20,CL20,0.98,inventory.model,False,[],False
a919d307affb7322,inventory.csv#457,68_-1,68_-1,0.98,inventory.model,False,[],False
464f93884da307ae,inventory.csv#4570,DZ-3600U,DZ-3600U,0.98,inventory.model,False,[],False
37fa2b68d6eabd0e,inventory.csv#4571,LV-7260_LV-7365_LV-7265,LV-7260_LV-7365_LV-7265,0.98,inventory.model,False,[],False
b6f223d50b91ee1f,inventory.csv#4572,SX-800,SX-800,0.98,inventory.model,False,[],False
37790dd799e7e716,inventory.csv#4573,VCC-3,VCC-3,0.98,inventory.model,False,[],False
cce6647d66bb9b4f,inventory.csv#4574,VCC1,VCC1,0.98,inventory.model,False,[],False
3af58fa463bd9cb0,inventory.csv#4575,WUX10,WUX10,0.98,inventory.model,False,[],False
9824f4204aa525a2,inventory.csv#4576,(Audio_System),(Audio_System),0.98,inventory.model,False,[],False
0876f4db1c3d3f12,inventory.csv#4577,(Dual_Cassette),(Dual_Cassette),0.98,inventory.model,False,[],False
de39f29ccd11e292,inventory.csv#4578,C20V,C20V,0.98,inventory.model,False,[],False
bcff737d74fface2,inventory.csv#4579,CARVER,CARVER,0.98,inventory.model,False,[],False
7e98d377ef72d7b5,inventory.csv#458,99_0,99_0,0.98,inventory.model,False,[],False
26dd2c23e5667461,inventory.csv#4580,AUDIO_SWITCHER,AUDIO_SWITCHER,0.98,inventory.model,False,[],False
36faa95f841115aa,inventory.csv#4581,CT-17_RECEIVER,CT-17_RECEIVER,0.98,inventory.model,False,[],False
671597586d62fdff,inventory.csv#4582,CT-27V,CT-27V,0.98,inventory.model,False,[],False
4c56b45f887852e7,inventory.csv#4583,CT-28,CT-28,0.98,inventory.model,False,[],False
97e8cfdb2b579b7c,inventory.csv#4584,DEVICE_CONTROLS_(EVEN),DEVICE_CONTROLS_(EVEN),0.98,inventory.model,False,[],False
9da6a0b40f4998d7,inventory.csv#4585,DEVICE_CONTROLS_(ODD),DEVICE_CONTROLS_(ODD),0.98,inventory.model,False,[],False
448d9315e6346bac,inventory.csv#4586,HR895,HR895,0.98,inventory.model,False,[],False
f7e716be9941a729,inventory.csv#4587,MULTI-DISC,MULTI-DISC,0.98,inventory.model,False,[],False
5e685d79fbcf208a,inventory.csv#4588,No_model,No_model,0.98,inventory.model,False,[],False
1a652a04d0cc7679,inventory.csv#4589,NUMERIC_CONTROLS_(EVEN),NUMERIC_CONTROLS_(EVEN),0.98,inventory.model,False,[],False
b87ab5ccc6fc0a93,inventory.csv#459,102_0,102_0,0.98,inventory.model,False,[],False
729284342d18cc22,inventory.csv#4590,NUMERIC_CONTROLS_(ODD),NUMERIC_CONTROLS_(ODD),0.98,inventory.model,False,[],False
9fbe4188c52520f5,inventory.csv#4591,PST-14,PST-14,0.98,inventory.model,False,[],False
c2333db0995e9ed7,inventory.csv#4592,RECEIVER_SURROUND_SOUND_CT-28V,RECEIVER_SURROUND_SOUND_CT-28V,0.98,inventory.model,False,[],False
6a6d59bafb25e8f1,inventory.csv#4593,TD-1550,TD-1550,0.98,inventory.model,False,[],False
9608c87fc5bfef64,inventory.csv#4594,TL-3200,TL-3200,0.98,inventory.model,False,[],False
5b9d1d219ffd66cc,inventory.csv#4595,UNKNOWN,UNKNOWN,0.98,inventory.model,False,[],False
f8bb21d6a2bd9946,inventory.csv#4596,Karaoke,Karaoke,0.98,inventory.model,False,[],False
33d04af5d8d54a56,inventory.csv#4597,ROTATOR_9537,ROTATOR_9537,0.98,inventory.model,False,[],False
30136be837542a75,inventory.csv#4598,D9232,D9232,0.98,inventory.model,False,[],False
81ea11127e9cb8a0,inventory.csv#4599,MONTEREY,MONTEREY,0.98,inventory.model,False,[],False
52cdf29b07c88860,inventory.csv#46,12_-1,12_-1,0.98,inventory.model,False,[],False
59f48771fc187b2a,inventory.csv#460,0_-1,0_-1,0.98,inventory.model,False,[],False
a48015e5b8040973,inventory.csv#4600,C-2R,C-2R,0.98,inventory.model,False,[],False
d2eef4560f430556,inventory.csv#4601,C9R,C9R,0.98,inventory.model,False,[],False
530132a84a1c778e,inventory.csv#4602,CINEMASTER,CINEMASTER,0.98,inventory.model,False,[],False
e7a06dfea932f214,inventory.csv#4603,SIERRA_X650,SIERRA_X650,0.98,inventory.model,False,[],False
4eabedd76f10370d,inventory.csv#4604,38-VIV401-01,38-VIV401-01,0.98,inventory.model,False,[],False
3557288d81201c3c,inventory.csv#4605,DS+305,DS+305,0.98,inventory.model,False,[],False
8fda538fffe6c35d,inventory.csv#4606,LX-55,LX-55,0.98,inventory.model,False,[],False
c815c7ec59d0aef8,inventory.csv#4607,Bass_Matrix,Bass_Matrix,0.98,inventory.model,False,[],False
56436ea4a6fdef46,inventory.csv#4608,CIS430,CIS430,0.98,inventory.model,False,[],False
8dbb4d4b19307c46,inventory.csv#4609,Explorer_8640HDC,Explorer_8640HDC,0.98,inventory.model,False,[],False
6f98795151c696d0,inventory.csv#461,12_-1,12_-1,0.98,inventory.model,False,[],False
dfeaae0ad349ee22,inventory.csv#4610,IPN330HD,IPN330HD,0.98,inventory.model,False,[],False
dc8b6dcbf4989e02,inventory.csv#4611,IPN_4320,IPN_4320,0.98,inventory.model,False,[],False
d2764b1c3a4e27ea,inventory.csv#4612,RNG200,RNG200,0.98,inventory.model,False,[],False
bf626da85b67e374,inventory.csv#4613,VDH9300,VDH9300,0.98,inventory.model,False,[],False
cd3bc681b8c64fb5,inventory.csv#4614,RC-MODEL_4,RC-MODEL_4,0.98,inventory.model,False,[],False
9387bb119158f94d,inventory.csv#4615,SSP-25,SSP-25,0.98,inventory.model,False,[],False
a7368c838d38baaf,inventory.csv#4616,SSP-30,SSP-30,0.98,inventory.model,False,[],False
37a9d98e98ca4e88,inventory.csv#4617,SSP-P50,SSP-P50,0.98,inventory.model,False,[],False
c4629e1047a86c7c,inventory.csv#4618,23WM374,23WM374,0.98,inventory.model,False,[],False
bb1a64123dbcc1db,inventory.csv#4619,X-Arm,X-Arm,0.98,inventory.model,False,[],False
c701ef90c7c9bf02,inventory.csv#462,135_123,135_123,0.98,inventory.model,False,[],False
ff74f2468d0101be,inventory.csv#4620,Cable_-_Basic_Remote,Cable_-_Basic_Remote,0.98,inventory.model,False,[],False
440e01213effd2e1,inventory.csv#4621,Cable_-_DVR,Cable_-_DVR,0.98,inventory.model,False,[],False
16362ee6f13cd7b5,inventory.csv#4622,DVR_-_Universal,DVR_-_Universal,0.98,inventory.model,False,[],False
73adc56639a69f11,inventory.csv#4623,Xfinity,Xfinity,0.98,inventory.model,False,[],False
f359feca7e52c116,inventory.csv#4624,XR11,XR11,0.98,inventory.model,False,[],False
2f7a3095272e2f8f,inventory.csv#4625,AMPLIFIER,AMPLIFIER,0.98,inventory.model,False,[],False
02da61cbf7749e60,inventory.csv#4626,AAS-1-AAS-2-AAS-4,AAS-1-AAS-2-AAS-4,0.98,inventory.model,False,[],False
12014b806e7fc306,inventory.csv#4627,GLPP,GLPP,0.98,inventory.model,False,[],False
387a447ab3da9791,inventory.csv#4628,GLS-ODT-OIR,GLS-ODT-OIR,0.98,inventory.model,False,[],False
109dabfd7ee39133,inventory.csv#4629,iLux,iLux,0.98,inventory.model,False,[],False
2be02e917fcbaea5,inventory.csv#463,16_-1,16_-1,0.98,inventory.model,False,[],False
a6e7ad0bc8c4202a,inventory.csv#4630,SP-RY,SP-RY,0.98,inventory.model,False,[],False
fee6f1ac514c8d5a,inventory.csv#4631,SP-SC,SP-SC,0.98,inventory.model,False,[],False
3790b2cd0e09e3b7,inventory.csv#4632,EZPRO755,EZPRO755,0.98,inventory.model,False,[],False
49573c92d1a921a2,inventory.csv#4633,EZPRO_600,EZPRO_600,0.98,inventory.model,False,[],False
161370cbcc6e553e,inventory.csv#4634,Portable,Portable,0.98,inventory.model,False,[],False
5349f770c06c0e18,inventory.csv#4635,CHMX-42,CHMX-42,0.98,inventory.model,False,[],False
5593b7156e96b48e,inventory.csv#4636,HTW-1000,HTW-1000,0.98,inventory.model,False,[],False
ab3cc6bdc3fc89f4,inventory.csv#4637,INCTEC,INCTEC,0.98,inventory.model,False,[],False
09d6f0cbcbe65977,inventory.csv#4638,DUAL_SCREEN_RELAY,DUAL_SCREEN_RELAY,0.98,inventory.model,False,[],False
c311d29998565e62,inventory.csv#4639,POWERBEAM_3_PROJECTOR,POWERBEAM_3_PROJECTOR,0.98,inventory.model,False,[],False
86429a6b39764dd2,inventory.csv#464,17_-1,17_-1,0.98,inventory.model,False,[],False
c7c4f629609bcd61,inventory.csv#4640,POWERBEAM_5,POWERBEAM_5,0.98,inventory.model,False,[],False
1975aecba61cb159,inventory.csv#4641,Powerbeam_5_extended,Powerbeam_5_extended,0.98,inventory.model,False,[],False
ac39366b66e519e7,inventory.csv#4642,DIGITAL_SATELLITE_RX,DIGITAL_SATELLITE_RX,0.98,inventory.model,False,[],False
8f44e79689625974,inventory.csv#4643,SoloCinema_XTR,SoloCinema_XTR,0.98,inventory.model,False,[],False
4cb8820da622d45c,inventory.csv#4644,W_Studio,W_Studio,0.98,inventory.model,False,[],False
ecb459694b3d533e,inventory.csv#4645,1209S-1409X-1609WX_Projectors,1209S-1409X-1609WX_Projectors,0.98,inventory.model,False,[],False
1264236b0a9d624a,inventory.csv#4646,1409X,1409X,0.98,inventory.model,False,[],False
4d3fec5b3b6e1eb4,inventory.csv#4647,3200MP,3200MP,0.98,inventory.model,False,[],False
eef674cca8af05c9,inventory.csv#4648,4210X,4210X,0.98,inventory.model,False,[],False
663e128455c322cd,inventory.csv#4649,(unknown),(unknown),0.98,inventory.model,False,[],False
75a091cc07768746,inventory.csv#465,20_-1,20_-1,0.98,inventory.model,False,[],False
6832cea5860b24d7,inventory.csv#4650,11_Series,11_Series,0.98,inventory.model,False,[],False
b3822b2f10d14e92,inventory.csv#4651,1560,1560,0.98,inventory.model,False,[],False
4fd7c70011ecaee6,inventory.csv#4652,AVC-2000,AVC-2000,0.98,inventory.model,False,[],False
e80817826e53e0f1,inventory.csv#4653,AVC-3000_(AMP_MODE),AVC-3000_(AMP_MODE),0.98,inventory.model,False,[],False
645429323dcd145a,inventory.csv#4654,AVC-3020,AVC-3020,0.98,inventory.model,False,[],False
e5899b9c75a78e3a,inventory.csv#4655,AVC-700_(AMPLIFIER),AVC-700_(AMPLIFIER),0.98,inventory.model,False,[],False
151253549e864e99,inventory.csv#4656,AVP_8000,AVP_8000,0.98,inventory.model,False,[],False
ec04c6e6b438b655,inventory.csv#4657,AVR's,AVR's,0.98,inventory.model,False,[],False
8699aac853faf9d5,inventory.csv#4658,AVR-1010,AVR-1010,0.98,inventory.model,False,[],False
9b1988e7bb0c6100,inventory.csv#4659,AVR-1612,AVR-1612,0.98,inventory.model,False,[],False
d9807a87435c5eff,inventory.csv#466,21_-1,21_-1,0.98,inventory.model,False,[],False
43c58d676305f5d5,inventory.csv#4660,AVR-1905,AVR-1905,0.98,inventory.model,False,[],False
9488bec611f27496,inventory.csv#4661,AVR-1912,AVR-1912,0.98,inventory.model,False,[],False
423826fa667bf8fd,inventory.csv#4662,AVR-2112CI,AVR-2112CI,0.98,inventory.model,False,[],False
8b40f192293dae55,inventory.csv#4663,AVR-2400-2600,AVR-2400-2600,0.98,inventory.model,False,[],False
87104ec007c3f1d1,inventory.csv#4664,AVR-2801P,AVR-2801P,0.98,inventory.model,False,[],False
36dfb775b3165538,inventory.csv#4665,AVR-2802,AVR-2802,0.98,inventory.model,False,[],False
eb9c69823908e40b,inventory.csv#4666,AVR-3200,AVR-3200,0.98,inventory.model,False,[],False
bf6f2e8192b0379c,inventory.csv#4667,AVR-3300,AVR-3300,0.98,inventory.model,False,[],False
22f640efb0522bd7,inventory.csv#4668,AVR-3312CI,AVR-3312CI,0.98,inventory.model,False,[],False
4dc3016d982bef91,inventory.csv#4669,AVR-3600_CASSETTE,AVR-3600_CASSETTE,0.98,inventory.model,False,[],False
de5fad274b7276e2,inventory.csv#467,23_-1,23_-1,0.98,inventory.model,False,[],False
ca075b966cdae011,inventory.csv#4670,AVR-3600_CD,AVR-3600_CD,0.98,inventory.model,False,[],False
88e9809b546bcfd5,inventory.csv#4671,AVR-3600_LASER_DISC,AVR-3600_LASER_DISC,0.98,inventory.model,False,[],False
8b645be7573e28c9,inventory.csv#4672,AVR-3600_RECEIVER,AVR-3600_RECEIVER,0.98,inventory.model,False,[],False
888822e01fad0cd4,inventory.csv#4673,AVR-3600_VCR,AVR-3600_VCR,0.98,inventory.model,False,[],False
0d49101cb9be9c09,inventory.csv#4674,AVR-3801,AVR-3801,0.98,inventory.model,False,[],False
d77fef878bc7e9e5,inventory.csv#4675,AVR-4311CI,AVR-4311CI,0.98,inventory.model,False,[],False
2bfadac602995e4e,inventory.csv#4676,AVR-5600_-_AUDIO-CASS,AVR-5600_-_AUDIO-CASS,0.98,inventory.model,False,[],False
e28b8514b6224082,inventory.csv#4677,AVR-5600_-_AUDIO-CD,AVR-5600_-_AUDIO-CD,0.98,inventory.model,False,[],False
905fe6fc666122b8,inventory.csv#4678,AVR-5600_-_AUDIO-DAT,AVR-5600_-_AUDIO-DAT,0.98,inventory.model,False,[],False
82bb2c1d0b8f0ed7,inventory.csv#4679,AVR-5600_-_VIDEO-TV,AVR-5600_-_VIDEO-TV,0.98,inventory.model,False,[],False
0ff93f77c9cbf8df,inventory.csv#468,5_-1,5_-1,0.98,inventory.model,False,[],False
e135e73bd48ce322,inventory.csv#4680,AVR-5600_-_VIDEO-VCR,AVR-5600_-_VIDEO-VCR,0.98,inventory.model,False,[],False
96bfcadb55610893,inventory.csv#4681,AVR-5600_-_VIDEO-VDP,AVR-5600_-_VIDEO-VDP,0.98,inventory.model,False,[],False
bcad7c0e67c94058,inventory.csv#4682,AVR-5700,AVR-5700,0.98,inventory.model,False,[],False
c737c6f66db82373,inventory.csv#4683,AVR_Series,AVR_Series,0.98,inventory.model,False,[],False
fd836520264444b7,inventory.csv#4684,DBT-1713UD,DBT-1713UD,0.98,inventory.model,False,[],False
93ce7669f01173f2,inventory.csv#4685,DCM-270,DCM-270,0.98,inventory.model,False,[],False
317ef033246eb7c0,inventory.csv#4686,DCM-370,DCM-370,0.98,inventory.model,False,[],False
105ee2bd75a00493,inventory.csv#4687,DCM-5000,DCM-5000,0.98,inventory.model,False,[],False
31b655da89e4b532,inventory.csv#4688,DCM-520_CD_PLAYER,DCM-520_CD_PLAYER,0.98,inventory.model,False,[],False
efffee1f8a79c460,inventory.csv#4689,AVR-1910,AVR-1910,0.98,inventory.model,False,[],False
4900347da5c3cfa5,inventory.csv#469,0_-1,0_-1,0.98,inventory.model,False,[],False
58ddd1aa7d94d966,inventory.csv#4690,AVR-3200,AVR-3200,0.98,inventory.model,False,[],False
235bcfc7156925e7,inventory.csv#4691,DISCREET_CODES,DISCREET_CODES,0.98,inventory.model,False,[],False
b49376fd0d94ee37,inventory.csv#4692,DMD-1300,DMD-1300,0.98,inventory.model,False,[],False
926e8b0dd5b68d59,inventory.csv#4693,DN-200,DN-200,0.98,inventory.model,False,[],False
b287aa8d4a2dc00a,inventory.csv#4694,DN-H800,DN-H800,0.98,inventory.model,False,[],False
2eb2293e6bc40060,inventory.csv#4695,DN1200F,DN1200F,0.98,inventory.model,False,[],False
73395ae7a42d2052,inventory.csv#4696,DNP-720AE,DNP-720AE,0.98,inventory.model,False,[],False
c5eb6bfd3d869118,inventory.csv#4697,DNT-620,DNT-620,0.98,inventory.model,False,[],False
b79a36e7f85a3b3e,inventory.csv#4698,DR_680,DR_680,0.98,inventory.model,False,[],False
a67746f0e9d5cc42,inventory.csv#4699,DRA-275,DRA-275,0.98,inventory.model,False,[],False
6ce2718588f9f1b6,inventory.csv#47,13_-1,13_-1,0.98,inventory.model,False,[],False
12b738d1b8beb619,inventory.csv#470,12_-1,12_-1,0.98,inventory.model,False,[],False
6741205216e0145b,inventory.csv#4700,DRA-375,DRA-375,0.98,inventory.model,False,[],False
de2a12919aff074a,inventory.csv#4701,DRA-685,DRA-685,0.98,inventory.model,False,[],False
0df4de6d782238d7,inventory.csv#4702,DRA_375_RD,DRA_375_RD,0.98,inventory.model,False,[],False
c80e60c21c788155,inventory.csv#4703,DRR-780,DRR-780,0.98,inventory.model,False,[],False
0f382d7cd6900272,inventory.csv#4704,DUAL_TAPE_DECK,DUAL_TAPE_DECK,0.98,inventory.model,False,[],False
0852527d383f0fb6,inventory.csv#4705,DVD-1800BD,DVD-1800BD,0.98,inventory.model,False,[],False
1ccd30848121dc1f,inventory.csv#4706,DVD-2000,DVD-2000,0.98,inventory.model,False,[],False
cc91cfcb3af53f2a,inventory.csv#4707,DVD-2500BTCI,DVD-2500BTCI,0.98,inventory.model,False,[],False
388f8dc5ad117468,inventory.csv#4708,DVD-2800,DVD-2800,0.98,inventory.model,False,[],False
75011017b883af31,inventory.csv#4709,DVD-3000,DVD-3000,0.98,inventory.model,False,[],False
b0bd47c61eb8164e,inventory.csv#471,135_123,135_123,0.98,inventory.model,False,[],False
a3b7545cff05c83f,inventory.csv#4710,DVD-3800BDCI-DVD-2500BTCI,DVD-3800BDCI-DVD-2500BTCI,0.98,inventory.model,False,[],False
2d0f5545b0247dd9,inventory.csv#4711,DVD-3800BDCI,DVD-3800BDCI,0.98,inventory.model,False,[],False
4cb9592e73932436,inventory.csv#4712,DVD-800,DVD-800,0.98,inventory.model,False,[],False
1b60223a91960fda,inventory.csv#4713,DVD1500,DVD1500,0.98,inventory.model,False,[],False
b7b146f0f9b88bd2,inventory.csv#4714,DVD5000,DVD5000,0.98,inventory.model,False,[],False
86fc6a0780a410c4,inventory.csv#4715,DVD_557,DVD_557,0.98,inventory.model,False,[],False
6114872071e44466,inventory.csv#4716,DVM-1815,DVM-1815,0.98,inventory.model,False,[],False
9f4227fb9d55151d,inventory.csv#4717,DVM-3700,DVM-3700,0.98,inventory.model,False,[],False
7035a715c4cf614a,inventory.csv#4718,FM_TUNER,FM_TUNER,0.98,inventory.model,False,[],False
77782db2c25cf236,inventory.csv#4719,LA-3500_CD_PLAYER,LA-3500_CD_PLAYER,0.98,inventory.model,False,[],False
d868c51a39c08e57,inventory.csv#472,16_-1,16_-1,0.98,inventory.model,False,[],False
d9e008524f63087a,inventory.csv#4720,LA3500_LASER_DISC,LA3500_LASER_DISC,0.98,inventory.model,False,[],False
022f13b83363a87c,inventory.csv#4721,MULTI_-_UNIMOTE,MULTI_-_UNIMOTE,0.98,inventory.model,False,[],False
3d91d1998666876d,inventory.csv#4722,MULTI_LASER_DISC_PLAYER,MULTI_LASER_DISC_PLAYER,0.98,inventory.model,False,[],False
df5a84249321379e,inventory.csv#4723,multiple_AVR_models,multiple_AVR_models,0.98,inventory.model,False,[],False
90f7135e8bcec64b,inventory.csv#4724,No_model,No_model,0.98,inventory.model,False,[],False
b4d20f94f5d01491,inventory.csv#4725,No_model_1,No_model_1,0.98,inventory.model,False,[],False
bc8a4d128e59b48b,inventory.csv#4726,RC-813_DAT,RC-813_DAT,0.98,inventory.model,False,[],False
9068c1ac6c9304eb,inventory.csv#4727,RCU-620,RCU-620,0.98,inventory.model,False,[],False
eaa1b309ca693eb2,inventory.csv#4728,RECEIVER,RECEIVER,0.98,inventory.model,False,[],False
4db8c5e4cb5d5998,inventory.csv#4729,TU-460,TU-460,0.98,inventory.model,False,[],False
e3796d2b06062822,inventory.csv#473,17_-1,17_-1,0.98,inventory.model,False,[],False
6919fdf97841692e,inventory.csv#4730,TU1500RD,TU1500RD,0.98,inventory.model,False,[],False
1deb3d7052c7ea82,inventory.csv#4731,UNIVERSAL_REMOTE_CONTROL,UNIVERSAL_REMOTE_CONTROL,0.98,inventory.model,False,[],False
8c7c0df7303e9fbb,inventory.csv#4732,3GV,3GV,0.98,inventory.model,False,[],False
4bd2f3d69d1e50c1,inventory.csv#4733,Titan_700_Series,Titan_700_Series,0.98,inventory.model,False,[],False
17833b1551f48088,inventory.csv#4734,D10,D10,0.98,inventory.model,False,[],False
b878dfb9881b6caa,inventory.csv#4735,H20-HR20(DVR),H20-HR20(DVR),0.98,inventory.model,False,[],False
6a82725a3663c10c,inventory.csv#4736,H21-HR21(DVR)_Version_3,H21-HR21(DVR)_Version_3,0.98,inventory.model,False,[],False
84848414a260f0fb,inventory.csv#4737,H21,H21,0.98,inventory.model,False,[],False
009704e63016c743,inventory.csv#4738,H24-700,H24-700,0.98,inventory.model,False,[],False
4f8728a3b876a784,inventory.csv#4739,HR24,HR24,0.98,inventory.model,False,[],False
af7d64be250eba20,inventory.csv#474,20_-1,20_-1,0.98,inventory.model,False,[],False
d8d854fed965d5d5,inventory.csv#4740,HR25-100,HR25-100,0.98,inventory.model,False,[],False
f359e6973e062b58,inventory.csv#4741,N-A,N-A,0.98,inventory.model,False,[],False
f8f309b9da3a263e,inventory.csv#4742,RC65X_Remote,RC65X_Remote,0.98,inventory.model,False,[],False
7e9e9ea29e8967cd,inventory.csv#4743,4900,4900,0.98,inventory.model,False,[],False
5f4a31bc29e2a482,inventory.csv#4744,DishNet_DVR_[ir_5.3]_New,DishNet_DVR_[ir_5.3]_New,0.98,inventory.model,False,[],False
57814b76bd70699d,inventory.csv#4745,"HD_ViP622_(DVR),_HD_ViP722_(DVR)","HD_ViP622_(DVR),_HD_ViP722_(DVR)",0.98,inventory.model,False,[],False
53fe56852b11c2e7,inventory.csv#4746,SATTELITE_RECEIVER,SATTELITE_RECEIVER,0.98,inventory.model,False,[],False
77727c12c9f2b608,inventory.csv#4747,"ViP211K_(DVR),_ViP211_(DVR),_411","ViP211K_(DVR),_ViP211_(DVR),_411",0.98,inventory.model,False,[],False
79873e53015c72a3,inventory.csv#4748,VIP622_DVR,VIP622_DVR,0.98,inventory.model,False,[],False
16fef25cce47be14,inventory.csv#4749,DCT-2224,DCT-2224,0.98,inventory.model,False,[],False
7223d670dbe3fced,inventory.csv#475,5_-1,5_-1,0.98,inventory.model,False,[],False
157104289d6d7765,inventory.csv#4750,DR-5000,DR-5000,0.98,inventory.model,False,[],False
6f10339f8b10ea29,inventory.csv#4751,Device_remote,Device_remote,0.98,inventory.model,False,[],False
3c93e20ec75e4c3c,inventory.csv#4752,Generic_IRT,Generic_IRT,0.98,inventory.model,False,[],False
4a886fb50ab4e101,inventory.csv#4753,PROFILE,PROFILE,0.98,inventory.model,False,[],False
7c7352e917d93867,inventory.csv#4754,Sonata,Sonata,0.98,inventory.model,False,[],False
eef7ee9b5e7c31fc,inventory.csv#4755,Multimedia_-_Dream,Multimedia_-_Dream,0.98,inventory.model,False,[],False
349c044048165e25,inventory.csv#4756,Multimedia_-_TV,Multimedia_-_TV,0.98,inventory.model,False,[],False
3fb52031948ff198,inventory.csv#4757,W850R,W850R,0.98,inventory.model,False,[],False
c4705e87173058f8,inventory.csv#4758,8020,8020,0.98,inventory.model,False,[],False
ddaeed561d2669da,inventory.csv#4759,8728A_8711,8728A_8711,0.98,inventory.model,False,[],False
0d43930413ed3385,inventory.csv#476,135_123,135_123,0.98,inventory.model,False,[],False
e3ea09790257d21c,inventory.csv#4760,8756,8756,0.98,inventory.model,False,[],False
fc8ec50a5e597d5d,inventory.csv#4761,HD700,HD700,0.98,inventory.model,False,[],False
87f40b9de11697b1,inventory.csv#4762,HDP-500,HDP-500,0.98,inventory.model,False,[],False
8abea4262309e12c,inventory.csv#4763,LD-5,LD-5,0.98,inventory.model,False,[],False
39d0d2d2cc4a1f43,inventory.csv#4764,SYSTEM_LD2_LINE_DOUBLER_AND_A-V_CONTROL_CENTER,SYSTEM_LD2_LINE_DOUBLER_AND_A-V_CONTROL_CENTER,0.98,inventory.model,False,[],False
b2ca89344fd0a96b,inventory.csv#4765,501,501,0.98,inventory.model,False,[],False
ee7faa021639896b,inventory.csv#4766,DISH,DISH,0.98,inventory.model,False,[],False
5112148518879b0e,inventory.csv#4767,EXPRESS_VU_3100,EXPRESS_VU_3100,0.98,inventory.model,False,[],False
8f6db058fb114559,inventory.csv#4768,MODEL_5000,MODEL_5000,0.98,inventory.model,False,[],False
1efd80f081547fe1,inventory.csv#4769,MODEL_6000,MODEL_6000,0.98,inventory.model,False,[],False
980bdf9631dca593,inventory.csv#477,16_-1,16_-1,0.98,inventory.model,False,[],False
1833dd5327a786a2,inventory.csv#4770,N-A,N-A,0.98,inventory.model,False,[],False
fabbc7a09d4b2531,inventory.csv#4771,No_model,No_model,0.98,inventory.model,False,[],False
d10491baab583ec2,inventory.csv#4772,LC-NB1U,LC-NB1U,0.98,inventory.model,False,[],False
4c62c601e72791e3,inventory.csv#4773,LC-X1U,LC-X1U,0.98,inventory.model,False,[],False
e29106348ed05617,inventory.csv#4774,LC-360,LC-360,0.98,inventory.model,False,[],False
3443c514c38b938e,inventory.csv#4775,LC-4200,LC-4200,0.98,inventory.model,False,[],False
e9def4ff718b942c,inventory.csv#4776,LC-FX1U,LC-FX1U,0.98,inventory.model,False,[],False
e273a21a40e3dcd4,inventory.csv#4777,LC-SVGA860,LC-SVGA860,0.98,inventory.model,False,[],False
c9979af43bd9c9cf,inventory.csv#4778,LC-SX1U,LC-SX1U,0.98,inventory.model,False,[],False
6cf6d20fe5f6c41e,inventory.csv#4779,LCXGA98OUE,LCXGA98OUE,0.98,inventory.model,False,[],False
de069e8843f30a32,inventory.csv#478,17_-1,17_-1,0.98,inventory.model,False,[],False
bfdf29d87fdd9259,inventory.csv#4780,HDR2000,HDR2000,0.98,inventory.model,False,[],False
78fda096ef1153da,inventory.csv#4781,Z_SERIES,Z_SERIES,0.98,inventory.model,False,[],False
938bf972b0692691,inventory.csv#4782,24-192,24-192,0.98,inventory.model,False,[],False
b0001a768e4c85d3,inventory.csv#4783,ECP-3000_4000_4101,ECP-3000_4000_4101,0.98,inventory.model,False,[],False
e86b6bac7abf5038,inventory.csv#4784,ECP-3000_4000_4101_Rev_A,ECP-3000_4000_4101_Rev_A,0.98,inventory.model,False,[],False
b3badaf0ec74cb94,inventory.csv#4785,ECP-4500,ECP-4500,0.98,inventory.model,False,[],False
9bb095cf1f739b0f,inventory.csv#4786,EPS-1024,EPS-1024,0.98,inventory.model,False,[],False
765a0027633fc5dd,inventory.csv#4787,EPS-800,EPS-800,0.98,inventory.model,False,[],False
fa81146064328db6,inventory.csv#4788,MARQUEE_8000,MARQUEE_8000,0.98,inventory.model,False,[],False
523fcaeae5d91765,inventory.csv#4789,MARQUEE_8500,MARQUEE_8500,0.98,inventory.model,False,[],False
cd01b960c9c8df8f,inventory.csv#479,20_-1,20_-1,0.98,inventory.model,False,[],False
20652e38d40b00de,inventory.csv#4790,VISTAPRO+,VISTAPRO+,0.98,inventory.model,False,[],False
17f437a4d6330b84,inventory.csv#4791,VISTAPRO+_1,VISTAPRO+_1,0.98,inventory.model,False,[],False
1820409354fcad87,inventory.csv#4792,USV82,USV82,0.98,inventory.model,False,[],False
75d341f504569953,inventory.csv#4793,90-15_CHANNEL_SENDER,90-15_CHANNEL_SENDER,0.98,inventory.model,False,[],False
7d7a2ed18476f3dd,inventory.csv#4794,IR-90,IR-90,0.98,inventory.model,False,[],False
4e3f0e827a1dbe26,inventory.csv#4795,IR-HANDSENDER,IR-HANDSENDER,0.98,inventory.model,False,[],False
b3e929ba02db8c48,inventory.csv#4796,PRO-70X5FD,PRO-70X5FD,0.98,inventory.model,False,[],False
50a38ae6837447c6,inventory.csv#4797,DT-100AF,DT-100AF,0.98,inventory.model,False,[],False
29ab62c33ca502bb,inventory.csv#4798,EV-4400AF,EV-4400AF,0.98,inventory.model,False,[],False
b009f8468305349f,inventory.csv#4799,EV6000,EV6000,0.98,inventory.model,False,[],False
c2b1ed8e6c57cd83,inventory.csv#48,16_-1,16_-1,0.98,inventory.model,False,[],False
9ddb72eb4cdb1251,inventory.csv#480,4_-1,4_-1,0.98,inventory.model,False,[],False
db196c0ae7f5b81f,inventory.csv#4800,HV-3000XG,HV-3000XG,0.98,inventory.model,False,[],False
d6d5871985ccb387,inventory.csv#4801,TRS-35XG,TRS-35XG,0.98,inventory.model,False,[],False
cf2b15679e64dc45,inventory.csv#4802,Clear_Vision_Clear_Lk_Iowa_Cbl_Box_w-DVR_by_Drew,Clear_Vision_Clear_Lk_Iowa_Cbl_Box_w-DVR_by_Drew,0.98,inventory.model,False,[],False
d3f5e0614e6af944,inventory.csv#4803,8000i,8000i,0.98,inventory.model,False,[],False
3bf840fe1dce278a,inventory.csv#4804,9000i,9000i,0.98,inventory.model,False,[],False
19280c0879659756,inventory.csv#4805,Assorted_ELP_Series,Assorted_ELP_Series,0.98,inventory.model,False,[],False
f615152bda831d22,inventory.csv#4806,ELP-3500-5000XB-7000XB,ELP-3500-5000XB-7000XB,0.98,inventory.model,False,[],False
7f27b324aec01c12,inventory.csv#4807,ELP5000,ELP5000,0.98,inventory.model,False,[],False
ca7d65d0e3325abf,inventory.csv#4808,ELP7300,ELP7300,0.98,inventory.model,False,[],False
0aa64231b1f4db80,inventory.csv#4809,ELP_3000,ELP_3000,0.98,inventory.model,False,[],False
824edd2334e0a607,inventory.csv#481,23_-1,23_-1,0.98,inventory.model,False,[],False
dc090331504cc9dc,inventory.csv#4810,EMP7700,EMP7700,0.98,inventory.model,False,[],False
c73ca6b2c7d20770,inventory.csv#4811,LCD_PROJECTOR_(NO_TOUCHDISC),LCD_PROJECTOR_(NO_TOUCHDISC),0.98,inventory.model,False,[],False
753ab9cc4a168668,inventory.csv#4812,Power_Lite_Pro_G5650W,Power_Lite_Pro_G5650W,0.98,inventory.model,False,[],False
29f12bff63806eb5,inventory.csv#4813,PowerLite_1705c_Projector,PowerLite_1705c_Projector,0.98,inventory.model,False,[],False
8eea503fc0d329bd,inventory.csv#4814,Powerlite_400W,Powerlite_400W,0.98,inventory.model,False,[],False
1853ceaa473b1dd0,inventory.csv#4815,POWERLITE_7250,POWERLITE_7250,0.98,inventory.model,False,[],False
7fba699c6081ea32,inventory.csv#4816,POWERLITE_7350-5350,POWERLITE_7350-5350,0.98,inventory.model,False,[],False
77ed1ddeb83471f7,inventory.csv#4817,PowerLite_7600p,PowerLite_7600p,0.98,inventory.model,False,[],False
1d6b4d409d25383c,inventory.csv#4818,Powerlite_8100,Powerlite_8100,0.98,inventory.model,False,[],False
93e946a60d1bf6c6,inventory.csv#4819,PowerLite_81p_Multimedia_Projector,PowerLite_81p_Multimedia_Projector,0.98,inventory.model,False,[],False
1d96203e137ef3ab,inventory.csv#482,19_-1,19_-1,0.98,inventory.model,False,[],False
3b1daf714e723b2d,inventory.csv#4820,V11H419020,V11H419020,0.98,inventory.model,False,[],False
4b62fde8a142f867,inventory.csv#4821,V11H420320M,V11H420320M,0.98,inventory.model,False,[],False
398f2c9862fa0470,inventory.csv#4822,V11H421020,V11H421020,0.98,inventory.model,False,[],False
7e617c989a1990c3,inventory.csv#4823,FIREBALL,FIREBALL,0.98,inventory.model,False,[],False
8ffc8bf8ceb667e8,inventory.csv#4824,POWER_PLAY,POWER_PLAY,0.98,inventory.model,False,[],False
e72c31e52df695d2,inventory.csv#4825,POWERPLAY,POWERPLAY,0.98,inventory.model,False,[],False
bb1815ab53ad7da9,inventory.csv#4826,TB100,TB100,0.98,inventory.model,False,[],False
1a7880acc4106f2b,inventory.csv#4827,TUNEBASE_100_KEYBOARD,TUNEBASE_100_KEYBOARD,0.98,inventory.model,False,[],False
6e8bb24aadd13069,inventory.csv#4828,TUNEBASE_200,TUNEBASE_200,0.98,inventory.model,False,[],False
b41587357edf808d,inventory.csv#4829,TUNEBASE_2000,TUNEBASE_2000,0.98,inventory.model,False,[],False
a1735c16b748025f,inventory.csv#483,170_-1,170_-1,0.98,inventory.model,False,[],False
931ec64448d5d425,inventory.csv#4830,TUNEBASE_2000_1,TUNEBASE_2000_1,0.98,inventory.model,False,[],False
471c54c51362743c,inventory.csv#4831,DV-60,DV-60,0.98,inventory.model,False,[],False
888bab8f9a344250,inventory.csv#4832,Elite_Plus,Elite_Plus,0.98,inventory.model,False,[],False
24161c399043c388,inventory.csv#4833,SYSTEM_5-CR,SYSTEM_5-CR,0.98,inventory.model,False,[],False
a6cfd0c59b11bf5f,inventory.csv#4834,REMOTE_TUNER_CONTROLLER,REMOTE_TUNER_CONTROLLER,0.98,inventory.model,False,[],False
198692256398159e,inventory.csv#4835,FANSAT,FANSAT,0.98,inventory.model,False,[],False
d29961756937e0fc,inventory.csv#4836,DVD-10,DVD-10,0.98,inventory.model,False,[],False
4cfa4dc92dcb1d21,inventory.csv#4837,VCR-102T,VCR-102T,0.98,inventory.model,False,[],False
03f4b24bbfa9b409,inventory.csv#4838,D-1000,D-1000,0.98,inventory.model,False,[],False
e9d4593ca50c3e25,inventory.csv#4839,DVP2200,DVP2200,0.98,inventory.model,False,[],False
5070b2583f1abccf,inventory.csv#484,0_191,0_191,0.98,inventory.model,False,[],False
d873636456d334cd,inventory.csv#4840,DVP5000,DVP5000,0.98,inventory.model,False,[],False
afba13b2b935446a,inventory.csv#4841,LD-200,LD-200,0.98,inventory.model,False,[],False
d09f31056823bf53,inventory.csv#4842,LD-200_1,LD-200_1,0.98,inventory.model,False,[],False
b44f820b5a5d624c,inventory.csv#4843,VP250_LINE_DOUBLER_-_EVEN,VP250_LINE_DOUBLER_-_EVEN,0.98,inventory.model,False,[],False
41dc011f69dadab4,inventory.csv#4844,VP250_LINE_DOUBLER_-_ODD,VP250_LINE_DOUBLER_-_ODD,0.98,inventory.model,False,[],False
48c3693c31613ea2,inventory.csv#4845,VP251,VP251,0.98,inventory.model,False,[],False
31857c95391098e9,inventory.csv#4846,DAC2403,DAC2403,0.98,inventory.model,False,[],False
ab79bca978bbd7e9,inventory.csv#4847,FVH-839,FVH-839,0.98,inventory.model,False,[],False
34e6a0cef7051b2e,inventory.csv#4848,444-62-40,444-62-40,0.98,inventory.model,False,[],False
47e910380667c426,inventory.csv#4849,MODEL_TWO_SURROUND_PROCESSOR,MODEL_TWO_SURROUND_PROCESSOR,0.98,inventory.model,False,[],False
f3bf95301c436c3d,inventory.csv#485,0_-1,0_-1,0.98,inventory.model,False,[],False
690adc9771b2c5f3,inventory.csv#4850,MODEL_3A,MODEL_3A,0.98,inventory.model,False,[],False
ca344844e86861ff,inventory.csv#4851,MODEL_3A_-_PULSEIR_DRIVER_8991,MODEL_3A_-_PULSEIR_DRIVER_8991,0.98,inventory.model,False,[],False
267d9fa9b4fb69c9,inventory.csv#4852,MODEL_4,MODEL_4,0.98,inventory.model,False,[],False
a3475cdc7f32df3c,inventory.csv#4853,D5,D5,0.98,inventory.model,False,[],False
019f5d87b6cc1f8f,inventory.csv#4854,LITE_TOUCH_108,LITE_TOUCH_108,0.98,inventory.model,False,[],False
f02831da3b6e2714,inventory.csv#4855,IQ2,IQ2,0.98,inventory.model,False,[],False
d6447b3a75a37b0a,inventory.csv#4856,DS4201_PLASMA_DISPLAY,DS4201_PLASMA_DISPLAY,0.98,inventory.model,False,[],False
3bf6e0f0d10a044c,inventory.csv#4857,P50XTA51UB,P50XTA51UB,0.98,inventory.model,False,[],False
eda7bc71487a2b77,inventory.csv#4858,PDS-2173-B,PDS-2173-B,0.98,inventory.model,False,[],False
0351a0a139cde65e,inventory.csv#4859,VCR,VCR,0.98,inventory.model,False,[],False
934a3fd2215cc9d0,inventory.csv#486,0_-1,0_-1,0.98,inventory.model,False,[],False
5d0d4885ea520de8,inventory.csv#4860,32-3221,32-3221,0.98,inventory.model,False,[],False
4e1466bbbcc653b5,inventory.csv#4861,DISCREET_CODES,DISCREET_CODES,0.98,inventory.model,False,[],False
56b9928b840a2faf,inventory.csv#4862,4DTV,4DTV,0.98,inventory.model,False,[],False
c581e5e2e15d5428,inventory.csv#4863,CFT-2000,CFT-2000,0.98,inventory.model,False,[],False
8e5c216e0cf5e56a,inventory.csv#4864,DCT1000,DCT1000,0.98,inventory.model,False,[],False
25f732a3c94209d1,inventory.csv#4865,DCT2224,DCT2224,0.98,inventory.model,False,[],False
e0cc4ffceeaa4da5,inventory.csv#4866,DCT_2244-11611,DCT_2244-11611,0.98,inventory.model,False,[],False
336e559e93f3cbe1,inventory.csv#4867,DXT1134-1151,DXT1134-1151,0.98,inventory.model,False,[],False
50cba3fc1cb6133b,inventory.csv#4868,GIDCTV103,GIDCTV103,0.98,inventory.model,False,[],False
8dedd2f8ee4444c4,inventory.csv#4869,IMPULSE_BOX,IMPULSE_BOX,0.98,inventory.model,False,[],False
726f9cdd39f86c8b,inventory.csv#487,0_-1,0_-1,0.98,inventory.model,False,[],False
c8f435ab7f3f41e7,inventory.csv#4870,INNOVATION_650I_SATELLITE_RECEIVER,INNOVATION_650I_SATELLITE_RECEIVER,0.98,inventory.model,False,[],False
9011148da8e65c73,inventory.csv#4871,MUSIC_CHIOCE_TUNER_DCR-4000,MUSIC_CHIOCE_TUNER_DCR-4000,0.98,inventory.model,False,[],False
be020ede53254e28,inventory.csv#4872,TIME_WARNER_CABLE_BOX_ONLY,TIME_WARNER_CABLE_BOX_ONLY,0.98,inventory.model,False,[],False
a6e565e5588f10ff,inventory.csv#4873,unknown,unknown,0.98,inventory.model,False,[],False
c3678e80bce46a74,inventory.csv#4874,V-There_2000,V-There_2000,0.98,inventory.model,False,[],False
72a3a22f18ff88f1,inventory.csv#4875,V3-2200,V3-2200,0.98,inventory.model,False,[],False
1f48136ebb712a75,inventory.csv#4876,VIEWLINK_RCS,VIEWLINK_RCS,0.98,inventory.model,False,[],False
8581aa4bcebd02d6,inventory.csv#4877,DV3,DV3,0.98,inventory.model,False,[],False
962fd3664c2997e1,inventory.csv#4878,4060_DUAL_VCR,4060_DUAL_VCR,0.98,inventory.model,False,[],False
fc26993f27d72ea9,inventory.csv#4879,GV6060,GV6060,0.98,inventory.model,False,[],False
a9d3ae135658df2f,inventory.csv#488,0_-1,0_-1,0.98,inventory.model,False,[],False
80130ba72d794ce7,inventory.csv#4880,GDI-IRDT200,GDI-IRDT200,0.98,inventory.model,False,[],False
0e97d3032e24dfa6,inventory.csv#4881,P71,P71,0.98,inventory.model,False,[],False
bd63ab8fa9201634,inventory.csv#4882,TUNE_181,TUNE_181,0.98,inventory.model,False,[],False
c9bcccc2670b39a7,inventory.csv#4883,GV_470,GV_470,0.98,inventory.model,False,[],False
10952ef72ea0f7a7,inventory.csv#4884,Set_Top_Box,Set_Top_Box,0.98,inventory.model,False,[],False
02ea053c7519e0fa,inventory.csv#4885,2.0_PROCESSOR_SIGNATURE,2.0_PROCESSOR_SIGNATURE,0.98,inventory.model,False,[],False
32094dd81ea4d9a5,inventory.csv#4886,5.0_CITATION,5.0_CITATION,0.98,inventory.model,False,[],False
fe169c88cb1d13aa,inventory.csv#4887,7.0_CITATION,7.0_CITATION,0.98,inventory.model,False,[],False
07d0cb16de4b4b96,inventory.csv#4888,8.5_PROCESSOR,8.5_PROCESSOR,0.98,inventory.model,False,[],False
db4de4facca38f1e,inventory.csv#4889,AVR-35,AVR-35,0.98,inventory.model,False,[],False
9dc080a62a089e21,inventory.csv#489,4_-1,4_-1,0.98,inventory.model,False,[],False
dc039aebccaa58eb,inventory.csv#4890,AVR-65,AVR-65,0.98,inventory.model,False,[],False
49a02de99ff80a9a,inventory.csv#4891,AVR-75,AVR-75,0.98,inventory.model,False,[],False
353cb1ab81f41716,inventory.csv#4892,AVR-8000,AVR-8000,0.98,inventory.model,False,[],False
b08ed00440cfda5c,inventory.csv#4893,AVR7000,AVR7000,0.98,inventory.model,False,[],False
6ab7032a902b39c5,inventory.csv#4894,AVR70_AUD-VID_RCVER,AVR70_AUD-VID_RCVER,0.98,inventory.model,False,[],False
01beb1ae0897cd11,inventory.csv#4895,AVR8000,AVR8000,0.98,inventory.model,False,[],False
a3390f64c3b4c9ed,inventory.csv#4896,AVR_125,AVR_125,0.98,inventory.model,False,[],False
93f1c75382d75911,inventory.csv#4897,AVR_310,AVR_310,0.98,inventory.model,False,[],False
b418eb8334fc5317,inventory.csv#4898,AVR_500,AVR_500,0.98,inventory.model,False,[],False
cd95696731b5bc9d,inventory.csv#4899,AVR_510,AVR_510,0.98,inventory.model,False,[],False
269b55db83181eee,inventory.csv#49,18_-1,18_-1,0.98,inventory.model,False,[],False
50a8731035cdaacd,inventory.csv#490,21_-1,21_-1,0.98,inventory.model,False,[],False
d26fa27166fec98b,inventory.csv#4900,AVR_80_A-V_RECEIVER,AVR_80_A-V_RECEIVER,0.98,inventory.model,False,[],False
9d3bacb8f30d8271,inventory.csv#4901,CDK-30,CDK-30,0.98,inventory.model,False,[],False
1c4a65a7b867528c,inventory.csv#4902,COMPACT_DISC_CHANGER_FL-8400,COMPACT_DISC_CHANGER_FL-8400,0.98,inventory.model,False,[],False
74367d837a6117b6,inventory.csv#4903,DIGITAL_SERVO_LOGIC_SURROUND_PROCESSOR,DIGITAL_SERVO_LOGIC_SURROUND_PROCESSOR,0.98,inventory.model,False,[],False
d8e057a077b2d093,inventory.csv#4904,DVD47,DVD47,0.98,inventory.model,False,[],False
6656d78aa13c262c,inventory.csv#4905,DVD_5,DVD_5,0.98,inventory.model,False,[],False
2945082af5895093,inventory.csv#4906,FL-8350,FL-8350,0.98,inventory.model,False,[],False
3ccd81a020877d93,inventory.csv#4907,FL-8450,FL-8450,0.98,inventory.model,False,[],False
6035dce930146550,inventory.csv#4908,FL_8380,FL_8380,0.98,inventory.model,False,[],False
199c18fd3c209244,inventory.csv#4909,HD-720,HD-720,0.98,inventory.model,False,[],False
d7a5eba9b440150c,inventory.csv#491,123_2,123_2,0.98,inventory.model,False,[],False
d40bab093409e490,inventory.csv#4910,HK-3270,HK-3270,0.98,inventory.model,False,[],False
f0509132c3cdb8ae,inventory.csv#4911,RECEIVER_AVR-20-MKII,RECEIVER_AVR-20-MKII,0.98,inventory.model,False,[],False
89fda87ea3751bbd,inventory.csv#4912,STEREO_TUNER,STEREO_TUNER,0.98,inventory.model,False,[],False
e869a991d81337e4,inventory.csv#4913,SURROUND_RECEIVER,SURROUND_RECEIVER,0.98,inventory.model,False,[],False
a62514043dcd7afc,inventory.csv#4914,VIDEO_PROJECTOR,VIDEO_PROJECTOR,0.98,inventory.model,False,[],False
f374e3f29df7cc13,inventory.csv#4915,27CY22B,27CY22B,0.98,inventory.model,False,[],False
5d7817bdcc6e119c,inventory.csv#4916,36FX48B,36FX48B,0.98,inventory.model,False,[],False
a923c37023fc7247,inventory.csv#4917,42HDX99,42HDX99,0.98,inventory.model,False,[],False
34362ec0d5da5e29,inventory.csv#4918,53SDX89B,53SDX89B,0.98,inventory.model,False,[],False
2984a3369194770c,inventory.csv#4919,CD-L500,CD-L500,0.98,inventory.model,False,[],False
b37d3001688f2bfb,inventory.csv#492,2_255,2_255,0.98,inventory.model,False,[],False
572f1844411b56b2,inventory.csv#4920,CLU-952MP,CLU-952MP,0.98,inventory.model,False,[],False
c1966c67dfb754b1,inventory.csv#4921,CMP-307XU,CMP-307XU,0.98,inventory.model,False,[],False
4e82b09b42e4476b,inventory.csv#4922,CMP-4221,CMP-4221,0.98,inventory.model,False,[],False
f6f67e52e5527fd5,inventory.csv#4923,CNP-402_PLASMA_DISPLAY,CNP-402_PLASMA_DISPLAY,0.98,inventory.model,False,[],False
c5e4b30fe546cacc,inventory.csv#4924,CP-A100,CP-A100,0.98,inventory.model,False,[],False
684ff1e4cac5d352,inventory.csv#4925,CP-X10000,CP-X10000,0.98,inventory.model,False,[],False
99873e8145740b0a,inventory.csv#4926,CPL850,CPL850,0.98,inventory.model,False,[],False
b39e94ee8db599a1,inventory.csv#4927,CPL850W,CPL850W,0.98,inventory.model,False,[],False
dcbec7a30903aa74,inventory.csv#4928,CPX-320,CPX-320,0.98,inventory.model,False,[],False
b7c3949b79483a98,inventory.csv#4929,CPX960,CPX960,0.98,inventory.model,False,[],False
97c5ac1df470678f,inventory.csv#493,29_-1,29_-1,0.98,inventory.model,False,[],False
648169f3db8a71b5,inventory.csv#4930,CX-A100,CX-A100,0.98,inventory.model,False,[],False
60f14ac30c119808,inventory.csv#4931,DVP415,DVP415,0.98,inventory.model,False,[],False
e05128fa9b561908,inventory.csv#4932,DX815,DX815,0.98,inventory.model,False,[],False
4f20e2c2a7b0ca07,inventory.csv#4933,FX-625,FX-625,0.98,inventory.model,False,[],False
7988a698cbc0cb83,inventory.csv#4934,HDS-100R,HDS-100R,0.98,inventory.model,False,[],False
2653dc6b4892d225,inventory.csv#4935,VCR_VTS-751A,VCR_VTS-751A,0.98,inventory.model,False,[],False
025ce2f5c9dac5a5,inventory.csv#4936,VT-UX625A,VT-UX625A,0.98,inventory.model,False,[],False
0cc19907556c98f2,inventory.csv#4937,MX421,MX421,0.98,inventory.model,False,[],False
f5f54a5921134e3b,inventory.csv#4938,P50H401,P50H401,0.98,inventory.model,False,[],False
a63788f0a9a09ff3,inventory.csv#4939,TV,TV,0.98,inventory.model,False,[],False
37d7eafec6fb24bb,inventory.csv#494,29_-1,29_-1,0.98,inventory.model,False,[],False
e968ae5bbf6d4462,inventory.csv#4940,TV_1,TV_1,0.98,inventory.model,False,[],False
a0bbb3ffd34a640f,inventory.csv#4941,UT_37X902,UT_37X902,0.98,inventory.model,False,[],False
fa10044a8f0d5f95,inventory.csv#4942,UX625,UX625,0.98,inventory.model,False,[],False
efe299da98f15d5e,inventory.csv#4943,UX_617,UX_617,0.98,inventory.model,False,[],False
e0d29426f2febebd,inventory.csv#4944,VCR,VCR,0.98,inventory.model,False,[],False
8d24b968a669fc7f,inventory.csv#4945,VCR_(VCR1)_F330,VCR_(VCR1)_F330,0.98,inventory.model,False,[],False
d7b9df031096f2d6,inventory.csv#4946,VCR_(VCR2)_FC330,VCR_(VCR2)_FC330,0.98,inventory.model,False,[],False
ab470f4f0a524743,inventory.csv#4947,VT-S772A,VT-S772A,0.98,inventory.model,False,[],False
18a9afb53a0a84d4,inventory.csv#4948,VTFX685,VTFX685,0.98,inventory.model,False,[],False
696dfc16b8ea29a8,inventory.csv#4949,VTMX408EM,VTMX408EM,0.98,inventory.model,False,[],False
9d11aaf8c3882618,inventory.csv#495,0_246,0_246,0.98,inventory.model,False,[],False
ec7c9c66b19a42e9,inventory.csv#4950,VTUX-717A,VTUX-717A,0.98,inventory.model,False,[],False
21aca998b1b1c0f9,inventory.csv#4951,SATELLITE_RECEIVER_-_SAT_FUNCTION,SATELLITE_RECEIVER_-_SAT_FUNCTION,0.98,inventory.model,False,[],False
f34831d9f8f157bc,inventory.csv#4952,Media_Center_Control,Media_Center_Control,0.98,inventory.model,False,[],False
cb4812fdff9f2049,inventory.csv#4953,B23_-_DSS,B23_-_DSS,0.98,inventory.model,False,[],False
2272f11b6d2fe235,inventory.csv#4954,E-8,E-8,0.98,inventory.model,False,[],False
940e4bae2accab57,inventory.csv#4955,GAEBOA,GAEBOA,0.98,inventory.model,False,[],False
94774f6c0824fdf7,inventory.csv#4956,GXCEBOT,GXCEBOT,0.98,inventory.model,False,[],False
c4db9a9eebdc9295,inventory.csv#4957,HIRC-EZ_-_HRMC-1,HIRC-EZ_-_HRMC-1,0.98,inventory.model,False,[],False
7186ef0728afb613,inventory.csv#4958,HIRD-B2,HIRD-B2,0.98,inventory.model,False,[],False
859b635c8fb75a73,inventory.csv#4959,HIRD-E86,HIRD-E86,0.98,inventory.model,False,[],False
c4d62c54e15925fa,inventory.csv#496,132_99,132_99,0.98,inventory.model,False,[],False
2e42cf35be56c94b,inventory.csv#4960,HR10-250,HR10-250,0.98,inventory.model,False,[],False
e71eb32b3574d31f,inventory.csv#4961,HRMC-2_(BANK#1),HRMC-2_(BANK#1),0.98,inventory.model,False,[],False
23d1bc320520c8db,inventory.csv#4962,HRMC-2_(BANK#2),HRMC-2_(BANK#2),0.98,inventory.model,False,[],False
0fc71c3580fba6b6,inventory.csv#4963,HIRD-E11,HIRD-E11,0.98,inventory.model,False,[],False
4756d56aff4b66af,inventory.csv#4964,SERIES_100-200_PROJECTOR,SERIES_100-200_PROJECTOR,0.98,inventory.model,False,[],False
c28355f97fe71001,inventory.csv#4965,DRAPES_INCLUDING_NO_ZONE_SELECTION_PRESSES,DRAPES_INCLUDING_NO_ZONE_SELECTION_PRESSES,0.98,inventory.model,False,[],False
d5e423b91a4911b7,inventory.csv#4966,POWER_RISE,POWER_RISE,0.98,inventory.model,False,[],False
769e9cffa4262508,inventory.csv#4967,WINDOW_FASHIONS,WINDOW_FASHIONS,0.98,inventory.model,False,[],False
9dd17ffca579c6a1,inventory.csv#4968,I-POINT,I-POINT,0.98,inventory.model,False,[],False
1ed3e8394782b67f,inventory.csv#4969,8155,8155,0.98,inventory.model,False,[],False
71830f538f6a1d39,inventory.csv#497,49_235,49_235,0.98,inventory.model,False,[],False
fb94bdd54e882fea,inventory.csv#4970,S10000,S10000,0.98,inventory.model,False,[],False
fa630146633815e0,inventory.csv#4971,IN3106_IN5104_,IN3106_IN5104_,0.98,inventory.model,False,[],False
9187ef94bef5590f,inventory.csv#4972,IN3902L,IN3902L,0.98,inventory.model,False,[],False
0d9e4373278b7277,inventory.csv#4973,LITE_PRO_550_LS,LITE_PRO_550_LS,0.98,inventory.model,False,[],False
33669a062077db1b,inventory.csv#4974,LITE_PRO_620,LITE_PRO_620,0.98,inventory.model,False,[],False
866d4e83d2388b9a,inventory.csv#4975,LITE_SHOW,LITE_SHOW,0.98,inventory.model,False,[],False
3d8b6b0e528ed2d7,inventory.csv#4976,LP-1000,LP-1000,0.98,inventory.model,False,[],False
4e0e32e65c23a19c,inventory.csv#4977,LP-290,LP-290,0.98,inventory.model,False,[],False
fe6589a7c8eb8329,inventory.csv#4978,LP-435Z,LP-435Z,0.98,inventory.model,False,[],False
66c75b57083028cc,inventory.csv#4979,LP-730ZV-LP-780,LP-730ZV-LP-780,0.98,inventory.model,False,[],False
68349c87860afd43,inventory.csv#498,128_103,128_103,0.98,inventory.model,False,[],False
3e058e738985a8b2,inventory.csv#4980,SCREENPLAY_7200,SCREENPLAY_7200,0.98,inventory.model,False,[],False
18afb5bb5ccf7a07,inventory.csv#4981,Insignia,Insignia,0.98,inventory.model,False,[],False
f6c0fb25daaa2415,inventory.csv#4982,6.2,6.2,0.98,inventory.model,False,[],False
7e97cc05ef9de013,inventory.csv#4983,9.1,9.1,0.98,inventory.model,False,[],False
afdec88dcc1557d2,inventory.csv#4984,DBS-6.9-DBS-30.1,DBS-6.9-DBS-30.1,0.98,inventory.model,False,[],False
1c961ae6b032c3cb,inventory.csv#4985,DPC-DPS-DV_Series,DPC-DPS-DV_Series,0.98,inventory.model,False,[],False
10b3687d84af4b79,inventory.csv#4986,DPT-1,DPT-1,0.98,inventory.model,False,[],False
9d766daa3f26f82f,inventory.csv#4987,DTR-30.2,DTR-30.2,0.98,inventory.model,False,[],False
d4847ac42cc26286,inventory.csv#4988,DTR-x.9_Series,DTR-x.9_Series,0.98,inventory.model,False,[],False
def0415cfd09dde5,inventory.csv#4989,DTR_.2_series,DTR_.2_series,0.98,inventory.model,False,[],False
45fd385458d0960a,inventory.csv#499,130_19,130_19,0.98,inventory.model,False,[],False
107eb8fabb2c1f54,inventory.csv#4990,xx.2_Series,xx.2_Series,0.98,inventory.model,False,[],False
49450cd8286749b5,inventory.csv#4991,PSD7611,PSD7611,0.98,inventory.model,False,[],False
8dac3e08f1edd3a3,inventory.csv#4992,Karaoke,Karaoke,0.98,inventory.model,False,[],False
65fd93982c655855,inventory.csv#4993,SDP-3,SDP-3,0.98,inventory.model,False,[],False
b2f4f86a0cd3f01d,inventory.csv#4994,SYN._2_SURROUND_PRE-AMP_THX,SYN._2_SURROUND_PRE-AMP_THX,0.98,inventory.model,False,[],False
6bd272bd9679e10f,inventory.csv#4995,CABLE_BOX,CABLE_BOX,0.98,inventory.model,False,[],False
d8699ffe47305556,inventory.csv#4996,DCR3000,DCR3000,0.98,inventory.model,False,[],False
0f76dcfcf3de8b38,inventory.csv#4997,GENERAL_INSTRUMENTS_DPBB7322-RIMI,GENERAL_INSTRUMENTS_DPBB7322-RIMI,0.98,inventory.model,False,[],False
73cd71db36fa3129,inventory.csv#4998,MAG_3800-,MAG_3800-,0.98,inventory.model,False,[],False
a89e16c9a8c9ef58,inventory.csv#4999,MANHTTEN-IMPULSE_CABLE_BOX,MANHTTEN-IMPULSE_CABLE_BOX,0.98,inventory.model,False,[],False
36f132db6c4bbf2e,inventory.csv#5,0_191,0_191,0.98,inventory.model,False,[],False
8dbe011394cc32a9,inventory.csv#50,127_0,127_0,0.98,inventory.model,False,[],False
08880e65c2841fdc,inventory.csv#500,48_-1,48_-1,0.98,inventory.model,False,[],False
5bdd6588d9a07d4d,inventory.csv#5000,RT-T7,RT-T7,0.98,inventory.model,False,[],False
8efcf33e2cb4c8a6,inventory.csv#5001,20910_20'_TV,20910_20'_TV,0.98,inventory.model,False,[],False
12a7f48cc423f870,inventory.csv#5002,32'_TV,32'_TV,0.98,inventory.model,False,[],False
81fd1535f560cdff,inventory.csv#5003,AV-24F702,AV-24F702,0.98,inventory.model,False,[],False
b3812d391e4710ef,inventory.csv#5004,AV-27920,AV-27920,0.98,inventory.model,False,[],False
deb398610df1c48d,inventory.csv#5005,AV-32050,AV-32050,0.98,inventory.model,False,[],False
55230965c77f8fe2,inventory.csv#5006,AV_27850,AV_27850,0.98,inventory.model,False,[],False
1a1cbaf032fa48c7,inventory.csv#5007,BR-7030U,BR-7030U,0.98,inventory.model,False,[],False
5116fbe4e592f50c,inventory.csv#5008,DILA-G1000,DILA-G1000,0.98,inventory.model,False,[],False
6947628e7a6df4f3,inventory.csv#5009,DiLA-HD2K_PROJECTOR,DiLA-HD2K_PROJECTOR,0.98,inventory.model,False,[],False
a149a573a89bda3b,inventory.csv#501,26_0,26_0,0.98,inventory.model,False,[],False
92045b1e6d6133c5,inventory.csv#5010,DISCREET_CODES,DISCREET_CODES,0.98,inventory.model,False,[],False
194662090218391c,inventory.csv#5011,DLA-HD250,DLA-HD250,0.98,inventory.model,False,[],False
61c6383c8422c8fd,inventory.csv#5012,DLA-RS50,DLA-RS50,0.98,inventory.model,False,[],False
a09a8f365c19810e,inventory.csv#5013,DLA-X30,DLA-X30,0.98,inventory.model,False,[],False
dc239952293e5e0c,inventory.csv#5014,DR-MV100B,DR-MV100B,0.98,inventory.model,False,[],False
260d6a28e492f9ce,inventory.csv#5015,DR-MV150,DR-MV150,0.98,inventory.model,False,[],False
3167a44908d16ea2,inventory.csv#5016,DV-S717,DV-S717,0.98,inventory.model,False,[],False
1d4f344492fbb990,inventory.csv#5017,GV-PT2_PRINTER,GV-PT2_PRINTER,0.98,inventory.model,False,[],False
2da6f014efff28fd,inventory.csv#5018,HM-DH300000U,HM-DH300000U,0.98,inventory.model,False,[],False
89bd9c4b4b99acae,inventory.csv#5019,HM-DH30000U,HM-DH30000U,0.98,inventory.model,False,[],False
b548b988d2f9060f,inventory.csv#502,27_1,27_1,0.98,inventory.model,False,[],False
085de8a2ac5da9b8,inventory.csv#5020,HMDH-30000,HMDH-30000,0.98,inventory.model,False,[],False
96dd23b95b05edd9,inventory.csv#5021,HMDSR100DU,HMDSR100DU,0.98,inventory.model,False,[],False
f6bf6bf725a1f568,inventory.csv#5022,HR-6200U,HR-6200U,0.98,inventory.model,False,[],False
7adacce15f860167,inventory.csv#5023,HR-62U,HR-62U,0.98,inventory.model,False,[],False
f2954a75c6261b3e,inventory.csv#5024,HR-S36000,HR-S36000,0.98,inventory.model,False,[],False
5cc0a9257fe45563,inventory.csv#5025,HR-S3604,HR-S3604,0.98,inventory.model,False,[],False
85dcc0b451daaae7,inventory.csv#5026,HR-S3910U,HR-S3910U,0.98,inventory.model,False,[],False
07c1eb2a47e0e24f,inventory.csv#5027,HR-S4700U,HR-S4700U,0.98,inventory.model,False,[],False
5b07d32fc134ec3b,inventory.csv#5028,HR-S4700U_(CODE_B),HR-S4700U_(CODE_B),0.98,inventory.model,False,[],False
d79e99d68737a76f,inventory.csv#5029,HR-S5911U,HR-S5911U,0.98,inventory.model,False,[],False
b9aebadab480022d,inventory.csv#503,17_-1,17_-1,0.98,inventory.model,False,[],False
1b22a3ec978344eb,inventory.csv#5030,HR-S7500,HR-S7500,0.98,inventory.model,False,[],False
a6cb3b3a23d0ef2c,inventory.csv#5031,HR-S9500U,HR-S9500U,0.98,inventory.model,False,[],False
e0c2d82478416dec,inventory.csv#5032,HR-VP770U,HR-VP770U,0.98,inventory.model,False,[],False
f29d3db8f72f1251,inventory.csv#5033,HR-XCC21U,HR-XCC21U,0.98,inventory.model,False,[],False
68c7d9cc44f26f9c,inventory.csv#5034,HR-XVC11B,HR-XVC11B,0.98,inventory.model,False,[],False
7b2205dff9535b86,inventory.csv#5035,HR-XVC16,HR-XVC16,0.98,inventory.model,False,[],False
16f59f9bae07f3aa,inventory.csv#5036,HR-XVCLU,HR-XVCLU,0.98,inventory.model,False,[],False
e1d1eface91accfe,inventory.csv#5037,HRD410U,HRD410U,0.98,inventory.model,False,[],False
28ea64e9afa40e6d,inventory.csv#5038,HRD_257MS,HRD_257MS,0.98,inventory.model,False,[],False
fca642cde7b960a4,inventory.csv#5039,HRD_440U,HRD_440U,0.98,inventory.model,False,[],False
0ddbe3ade9fb1e8b,inventory.csv#504,183_-1,183_-1,0.98,inventory.model,False,[],False
f6cdda358fd8a062,inventory.csv#5040,HRD_520,HRD_520,0.98,inventory.model,False,[],False
96b51594bb107825,inventory.csv#5041,HRD_540_(A_CODE),HRD_540_(A_CODE),0.98,inventory.model,False,[],False
4c767d6488d51fa0,inventory.csv#5042,HRD_6600U_(A_CODE),HRD_6600U_(A_CODE),0.98,inventory.model,False,[],False
f2a74a3c94d72170,inventory.csv#5043,HRD_756U,HRD_756U,0.98,inventory.model,False,[],False
131a3f295a48b0b7,inventory.csv#5044,HRO_405U,HRO_405U,0.98,inventory.model,False,[],False
75a008936cbd8dd2,inventory.csv#5045,HRS-3900U,HRS-3900U,0.98,inventory.model,False,[],False
e845b84f8d993f9a,inventory.csv#5046,HRS-4600U,HRS-4600U,0.98,inventory.model,False,[],False
3905c29dbbae95e1,inventory.csv#5047,HRS-5800_HRD-700,HRS-5800_HRD-700,0.98,inventory.model,False,[],False
16b31f1bf5ceda6e,inventory.csv#5048,HRS-5901U,HRS-5901U,0.98,inventory.model,False,[],False
f03aa5bb7d527aec,inventory.csv#5049,HRS-6800U,HRS-6800U,0.98,inventory.model,False,[],False
ad9c24eb9f1bad2f,inventory.csv#505,26_73,26_73,0.98,inventory.model,False,[],False
8d58b8039a9d048c,inventory.csv#5050,HRS-9600H,HRS-9600H,0.98,inventory.model,False,[],False
54ce865ea731edb5,inventory.csv#5051,HRS2901U,HRS2901U,0.98,inventory.model,False,[],False
65c2befc3e2dad3b,inventory.csv#5052,HRS5300U,HRS5300U,0.98,inventory.model,False,[],False
e90af58c7f1f536e,inventory.csv#5053,HRS5400U,HRS5400U,0.98,inventory.model,False,[],False
b80795b53a9aed78,inventory.csv#5054,HRS7300U_-_CABLE,HRS7300U_-_CABLE,0.98,inventory.model,False,[],False
e1456c9d408d47ea,inventory.csv#5055,HRS7300U_-_TV,HRS7300U_-_TV,0.98,inventory.model,False,[],False
b59296bc6f0ab9da,inventory.csv#5056,HRS7300U_VCR,HRS7300U_VCR,0.98,inventory.model,False,[],False
674fe7e31c45fc2a,inventory.csv#5057,HRS7600V,HRS7600V,0.98,inventory.model,False,[],False
1a9331f385b88e35,inventory.csv#5058,HRS_8000U,HRS_8000U,0.98,inventory.model,False,[],False
8b2b5d34a41ac9e3,inventory.csv#5059,JVC-HR-XVC16B,JVC-HR-XVC16B,0.98,inventory.model,False,[],False
8ddd63b6f88091f6,inventory.csv#506,26_98,26_98,0.98,inventory.model,False,[],False
59d26f64ce77bca7,inventory.csv#5060,JVC-RS25,JVC-RS25,0.98,inventory.model,False,[],False
3a426b090d48655d,inventory.csv#5061,SR-DVM600,SR-DVM600,0.98,inventory.model,False,[],False
ff0846ac391a42dd,inventory.csv#5062,VCR,VCR,0.98,inventory.model,False,[],False
76a1c6603e4618f1,inventory.csv#5063,JX-S700,JX-S700,0.98,inventory.model,False,[],False
345e661c75f24f7d,inventory.csv#5064,LXD5000,LXD5000,0.98,inventory.model,False,[],False
dfa5cdc750522b62,inventory.csv#5065,LXD_1020,LXD_1020,0.98,inventory.model,False,[],False
659a0b1873e1b8a5,inventory.csv#5066,MX-J50,MX-J50,0.98,inventory.model,False,[],False
b7730194720b21d1,inventory.csv#5067,RM-A900,RM-A900,0.98,inventory.model,False,[],False
319b407a8eeeb55b,inventory.csv#5068,RM-C956,RM-C956,0.98,inventory.model,False,[],False
b40fbea027e93603,inventory.csv#5069,RX-8000VBK,RX-8000VBK,0.98,inventory.model,False,[],False
7ce3dd60a43173f9,inventory.csv#507,26_122,26_122,0.98,inventory.model,False,[],False
42e93e5d447c8aa5,inventory.csv#5070,RX-884VBK_-_FM-AM,RX-884VBK_-_FM-AM,0.98,inventory.model,False,[],False
873d425f5883a163,inventory.csv#5071,RX-DP20VBK_ZONE_1,RX-DP20VBK_ZONE_1,0.98,inventory.model,False,[],False
cf00f597ca0b7d64,inventory.csv#5072,RX-DP20VBK_ZONE_2,RX-DP20VBK_ZONE_2,0.98,inventory.model,False,[],False
b42f0ff6bc734495,inventory.csv#5073,RX7000VBK,RX7000VBK,0.98,inventory.model,False,[],False
4967b9a43e2beb96,inventory.csv#5074,RXDP10V,RXDP10V,0.98,inventory.model,False,[],False
006a197f920f412f,inventory.csv#5075,SR-DVD100,SR-DVD100,0.98,inventory.model,False,[],False
cecc734293345c67,inventory.csv#5076,SR-MV45,SR-MV45,0.98,inventory.model,False,[],False
d2994a8b3f2abdba,inventory.csv#5077,SR-TS1U_SUPER_VHS,SR-TS1U_SUPER_VHS,0.98,inventory.model,False,[],False
0f6584f8b34e819a,inventory.csv#5078,SR3360U,SR3360U,0.98,inventory.model,False,[],False
38d9340570bf4116,inventory.csv#5079,SRV-10U,SRV-10U,0.98,inventory.model,False,[],False
540a60bf1a14fd1b,inventory.csv#508,26_73,26_73,0.98,inventory.model,False,[],False
6e358c5e9e2d6fb8,inventory.csv#5080,SX-21,SX-21,0.98,inventory.model,False,[],False
8e41739a203ce700,inventory.csv#5081,TV_MASTERCOMMAND,TV_MASTERCOMMAND,0.98,inventory.model,False,[],False
c1b9cbab5edc54a4,inventory.csv#5082,V2_-_V20,V2_-_V20,0.98,inventory.model,False,[],False
8668a2a25233030a,inventory.csv#5083,VCR,VCR,0.98,inventory.model,False,[],False
fb094250a0724487,inventory.csv#5084,VCR_CODE_A,VCR_CODE_A,0.98,inventory.model,False,[],False
4bd0c193980f6307,inventory.csv#5085,XL-FZ258,XL-FZ258,0.98,inventory.model,False,[],False
03f3a30f276f539d,inventory.csv#5086,XL-M509-508,XL-M509-508,0.98,inventory.model,False,[],False
e4c537a707024af6,inventory.csv#5087,XLM-218BK_CD_PLAYER,XLM-218BK_CD_PLAYER,0.98,inventory.model,False,[],False
822da5487a42df3e,inventory.csv#5088,XLMC22BK_200_CD,XLMC22BK_200_CD,0.98,inventory.model,False,[],False
79d4102af46a13c8,inventory.csv#5089,XU-301,XU-301,0.98,inventory.model,False,[],False
8742dd1d98f4dde1,inventory.csv#509,151_-1,151_-1,0.98,inventory.model,False,[],False
1f916b0283bad9e1,inventory.csv#5090,XV-FA90,XV-FA90,0.98,inventory.model,False,[],False
6450a2438fd97607,inventory.csv#5091,XV-FA902SL,XV-FA902SL,0.98,inventory.model,False,[],False
90b8f220174ad4e2,inventory.csv#5092,XV-LTR1,XV-LTR1,0.98,inventory.model,False,[],False
47de3de0be67f015,inventory.csv#5093,XV-MP1,XV-MP1,0.98,inventory.model,False,[],False
c3ce08f079537883,inventory.csv#5094,XV-N370,XV-N370,0.98,inventory.model,False,[],False
0a5e7f50d10277b4,inventory.csv#5095,XV-N40,XV-N40,0.98,inventory.model,False,[],False
6f15e2250f46a572,inventory.csv#5096,XV-S60,XV-S60,0.98,inventory.model,False,[],False
5f84466f1ef5987b,inventory.csv#5097,XV-SA70BK,XV-SA70BK,0.98,inventory.model,False,[],False
0d02029a669b56c9,inventory.csv#5098,XV523,XV523,0.98,inventory.model,False,[],False
9256dceb3bd21bcb,inventory.csv#5099,XVD-2000,XVD-2000,0.98,inventory.model,False,[],False
1d3c9bf7ad61c95b,inventory.csv#51,127_0,127_0,0.98,inventory.model,False,[],False
7e66f8c7b16e3422,inventory.csv#510,164_-1,164_-1,0.98,inventory.model,False,[],False
d306b070d01f91e1,inventory.csv#5100,XVM-555BK,XVM-555BK,0.98,inventory.model,False,[],False
589aafbd277dff69,inventory.csv#5101,XVM555,XVM555,0.98,inventory.model,False,[],False
2423f6e7e5f723bd,inventory.csv#5102,KD-MSW8X3,KD-MSW8X3,0.98,inventory.model,False,[],False
704e6a8ffc0d81c8,inventory.csv#5103,VFKAVPT,VFKAVPT,0.98,inventory.model,False,[],False
79a93384e74d402a,inventory.csv#5104,(Multiple),(Multiple),0.98,inventory.model,False,[],False
90373b43df8b34ef,inventory.csv#5105,1050MD,1050MD,0.98,inventory.model,False,[],False
4e9eb81c2e2f8db9,inventory.csv#5106,1090VR,1090VR,0.98,inventory.model,False,[],False
4c926115ee4fc6e4,inventory.csv#5107,2280,2280,0.98,inventory.model,False,[],False
496884ea1aa846c5,inventory.csv#5108,405,405,0.98,inventory.model,False,[],False
99b873e7ff06bfbc,inventory.csv#5109,AR404,AR404,0.98,inventory.model,False,[],False
ae8fb17772e3a65c,inventory.csv#511,1_-1,1_-1,0.98,inventory.model,False,[],False
0073946b132b2a2d,inventory.csv#5110,CD-224M,CD-224M,0.98,inventory.model,False,[],False
35f8aa0a9bcf1c3d,inventory.csv#5111,CD-2260M,CD-2260M,0.98,inventory.model,False,[],False
f18569c9c2baf1cf,inventory.csv#5112,DV-4070-B,DV-4070-B,0.98,inventory.model,False,[],False
283674456c33a1dc,inventory.csv#5113,DV-5700,DV-5700,0.98,inventory.model,False,[],False
0cea91085f321440,inventory.csv#5114,DV-5900M,DV-5900M,0.98,inventory.model,False,[],False
438b74b0b106af34,inventory.csv#5115,DV-5900M_1,DV-5900M_1,0.98,inventory.model,False,[],False
10450f343f0ef1ed,inventory.csv#5116,ENTRE_SYSTEM,ENTRE_SYSTEM,0.98,inventory.model,False,[],False
f0a644ff4e47a5eb,inventory.csv#5117,KCX1_SURROUND_SOUND_PROCESSOR_-_UNIVERSAL,KCX1_SURROUND_SOUND_PROCESSOR_-_UNIVERSAL,0.98,inventory.model,False,[],False
4deeef351c5334e8,inventory.csv#5118,KR-A5070,KR-A5070,0.98,inventory.model,False,[],False
1066598102bacf92,inventory.csv#5119,KRV-8050,KRV-8050,0.98,inventory.model,False,[],False
c2f6328ba4ae1905,inventory.csv#512,26_26,26_26,0.98,inventory.model,False,[],False
2c0ddf21d41d0a82,inventory.csv#5120,KRV-8070,KRV-8070,0.98,inventory.model,False,[],False
19a48f2fd45229b5,inventory.csv#5121,KRV990D,KRV990D,0.98,inventory.model,False,[],False
5a414b9ee4c2f818,inventory.csv#5122,RC-7040-RC-7020,RC-7040-RC-7020,0.98,inventory.model,False,[],False
3df84a20e6bc1079,inventory.csv#5123,RC-PC6630,RC-PC6630,0.98,inventory.model,False,[],False
8bc667c92ba66cac,inventory.csv#5124,Sirius_Receiver,Sirius_Receiver,0.98,inventory.model,False,[],False
46cdb47df5f13cda,inventory.csv#5125,SS_RECEIVER,SS_RECEIVER,0.98,inventory.model,False,[],False
7e6e01d86a6ba5a1,inventory.csv#5126,VR-209,VR-209,0.98,inventory.model,False,[],False
8a1e2590e67b71dc,inventory.csv#5127,VR-2090,VR-2090,0.98,inventory.model,False,[],False
1a017b11e1b83e93,inventory.csv#5128,VR-6050,VR-6050,0.98,inventory.model,False,[],False
1abab7353d5b25f7,inventory.csv#5129,C-800_CHIRO_MAIN_ZONE_(EVEN),C-800_CHIRO_MAIN_ZONE_(EVEN),0.98,inventory.model,False,[],False
338189a04948a2a1,inventory.csv#513,84_-1,84_-1,0.98,inventory.model,False,[],False
6bb9d398c543fe6f,inventory.csv#5130,C-800_CHIRO_MAIN_ZONE_(ODD),C-800_CHIRO_MAIN_ZONE_(ODD),0.98,inventory.model,False,[],False
19cb32d3c28b083e,inventory.csv#5131,KSP2,KSP2,0.98,inventory.model,False,[],False
540189bf888b7d53,inventory.csv#5132,KSP3,KSP3,0.98,inventory.model,False,[],False
de4fae8baabcb7ee,inventory.csv#5133,NOVABEAM_100,NOVABEAM_100,0.98,inventory.model,False,[],False
3b6044060e641510,inventory.csv#5134,PHOTO_CD_(EVEN),PHOTO_CD_(EVEN),0.98,inventory.model,False,[],False
7e49d4f4ea2befbd,inventory.csv#5135,PHOTO_CD_(ODD),PHOTO_CD_(ODD),0.98,inventory.model,False,[],False
efc950c43764d287,inventory.csv#5136,AMPLIFIER,AMPLIFIER,0.98,inventory.model,False,[],False
383d87cbed5c9669,inventory.csv#5137,AMPLIFIER_(ODD),AMPLIFIER_(ODD),0.98,inventory.model,False,[],False
b140dd7aa8831e8a,inventory.csv#5138,AVS_PROCESSOR,AVS_PROCESSOR,0.98,inventory.model,False,[],False
005e4204bbc57c7d,inventory.csv#5139,CD_PLAYER,CD_PLAYER,0.98,inventory.model,False,[],False
97be84d55609f537,inventory.csv#514,119_-1,119_-1,0.98,inventory.model,False,[],False
ec969ba9c64efc54,inventory.csv#5140,N-A,N-A,0.98,inventory.model,False,[],False
9fcaa89ac59c8756,inventory.csv#5141,KHS6640,KHS6640,0.98,inventory.model,False,[],False
4431427fee1e4c86,inventory.csv#5142,Lencore_Acoustics,Lencore_Acoustics,0.98,inventory.model,False,[],False
9c3429cbfc68e7b1,inventory.csv#5143,DC-2,DC-2,0.98,inventory.model,False,[],False
a78d934c6cbcca80,inventory.csv#5144,DC-2_PROESSOR,DC-2_PROESSOR,0.98,inventory.model,False,[],False
36339165975f7b92,inventory.csv#5145,DC1-THX,DC1-THX,0.98,inventory.model,False,[],False
c1eb3898016f3fef,inventory.csv#5146,DC1-THX_1,DC1-THX_1,0.98,inventory.model,False,[],False
0e1ae21e663dc643,inventory.csv#5147,MC-12,MC-12,0.98,inventory.model,False,[],False
10881db7e218e8fd,inventory.csv#5148,32LG70(-UA),32LG70(-UA),0.98,inventory.model,False,[],False
ec15acb6acf71105,inventory.csv#5149,42_LH40,42_LH40,0.98,inventory.model,False,[],False
58577b53eec540c9,inventory.csv#515,164_-1,164_-1,0.98,inventory.model,False,[],False
855224fd03618537,inventory.csv#5150,42LK450,42LK450,0.98,inventory.model,False,[],False
c32856ddbb68bd19,inventory.csv#5151,42LK520,42LK520,0.98,inventory.model,False,[],False
e8e6c4aa4c287acb,inventory.csv#5152,42PT350,42PT350,0.98,inventory.model,False,[],False
180ea9092db5759f,inventory.csv#5153,47LW6500,47LW6500,0.98,inventory.model,False,[],False
33f14b4bbc7431ae,inventory.csv#5154,50PZ950,50PZ950,0.98,inventory.model,False,[],False
396d5a960b5c730f,inventory.csv#5155,55LX9500,55LX9500,0.98,inventory.model,False,[],False
ba38f7d2b5f0282c,inventory.csv#5156,BD530,BD530,0.98,inventory.model,False,[],False
cdb6ade56542530e,inventory.csv#5157,BD650,BD650,0.98,inventory.model,False,[],False
295cbf15203c64e1,inventory.csv#5158,BD690,BD690,0.98,inventory.model,False,[],False
89e478bb92f28e9f,inventory.csv#5159,BD_500_series,BD_500_series,0.98,inventory.model,False,[],False
14154c1f83e991bb,inventory.csv#516,1_-1,1_-1,0.98,inventory.model,False,[],False
2f2e7af990f0b797,inventory.csv#5160,BH-100_BH-200,BH-100_BH-200,0.98,inventory.model,False,[],False
6fb0c9deff97a195,inventory.csv#5161,BX580,BX580,0.98,inventory.model,False,[],False
9da437736848a1e0,inventory.csv#5162,BH200,BH200,0.98,inventory.model,False,[],False
705af8686e99ae7c,inventory.csv#5163,LGDVD,LGDVD,0.98,inventory.model,False,[],False
2b929270ad5d25d6,inventory.csv#5164,LGDVD_1,LGDVD_1,0.98,inventory.model,False,[],False
51f340fb781168d3,inventory.csv#5165,LGTV_1,LGTV_1,0.98,inventory.model,False,[],False
d58d634f19081998,inventory.csv#5166,LGTV_10,LGTV_10,0.98,inventory.model,False,[],False
ee9519614098de95,inventory.csv#5167,LGTV_11,LGTV_11,0.98,inventory.model,False,[],False
125bfa1e0e9d0022,inventory.csv#5168,LGTV_12,LGTV_12,0.98,inventory.model,False,[],False
8d9b1540009fb72b,inventory.csv#5169,LGTV_13,LGTV_13,0.98,inventory.model,False,[],False
fc1f4684c78232dd,inventory.csv#517,121_-1,121_-1,0.98,inventory.model,False,[],False
a538c19ca4a8bea4,inventory.csv#5170,LGTV_14,LGTV_14,0.98,inventory.model,False,[],False
adcc575a2a8d6b9f,inventory.csv#5171,LGTV_15,LGTV_15,0.98,inventory.model,False,[],False
662348e409850503,inventory.csv#5172,LGTV_2,LGTV_2,0.98,inventory.model,False,[],False
37aa04d0b89ebbc1,inventory.csv#5173,LGTV_3,LGTV_3,0.98,inventory.model,False,[],False
2d3deff2f4ff2382,inventory.csv#5174,LGTV_4,LGTV_4,0.98,inventory.model,False,[],False
d5536fdeb6ce305d,inventory.csv#5175,LGTV_5,LGTV_5,0.98,inventory.model,False,[],False
57ede8c4be181095,inventory.csv#5176,LGTV_6,LGTV_6,0.98,inventory.model,False,[],False
14d18e8dbb486229,inventory.csv#5177,LGTV_7,LGTV_7,0.98,inventory.model,False,[],False
2bd11aa447f86b3e,inventory.csv#5178,LGTV_8,LGTV_8,0.98,inventory.model,False,[],False
56ff984b23cfd48d,inventory.csv#5179,LGTV_9,LGTV_9,0.98,inventory.model,False,[],False
f066dbb8ca97cb78,inventory.csv#518,144_-1,144_-1,0.98,inventory.model,False,[],False
ea7c7ca5206c3335,inventory.csv#5180,LU-42PX20,LU-42PX20,0.98,inventory.model,False,[],False
c9731b3ff0437db8,inventory.csv#5181,LX_Series,LX_Series,0.98,inventory.model,False,[],False
7df33ecc4f9c4ce3,inventory.csv#5182,Plasma_Discretes,Plasma_Discretes,0.98,inventory.model,False,[],False
76a4a22a8ebabdf0,inventory.csv#5183,LifeSize,LifeSize,0.98,inventory.model,False,[],False
900d509d50c8b229,inventory.csv#5184,1,1,0.98,inventory.model,False,[],False
dfde007a0f55ac52,inventory.csv#5185,2,2,0.98,inventory.model,False,[],False
bdd3f396c691bfea,inventory.csv#5186,TV_lift-Lift_Tech,TV_lift-Lift_Tech,0.98,inventory.model,False,[],False
2337002b0bba169a,inventory.csv#5187,CD_PLAYER,CD_PLAYER,0.98,inventory.model,False,[],False
ff370ad2c2324ac5,inventory.csv#5188,CLASSIK_MOVIE_SYSTEM,CLASSIK_MOVIE_SYSTEM,0.98,inventory.model,False,[],False
11ab361bcc29b232,inventory.csv#5189,CLASSIK_MOVIE_SYSTEM_1,CLASSIK_MOVIE_SYSTEM_1,0.98,inventory.model,False,[],False
fe1eee7bd915421b,inventory.csv#519,16_-1,16_-1,0.98,inventory.model,False,[],False
514ae1dbe305c50b,inventory.csv#5190,CLASSIK_MOVIE_SYSTEM_2,CLASSIK_MOVIE_SYSTEM_2,0.98,inventory.model,False,[],False
a7ca663488bc3704,inventory.csv#5191,CMS,CMS,0.98,inventory.model,False,[],False
7398f0939f15e32b,inventory.csv#5192,KAIRN,KAIRN,0.98,inventory.model,False,[],False
98148fe587573e10,inventory.csv#5193,KAIRN_1,KAIRN_1,0.98,inventory.model,False,[],False
b98cecf8e4164ae5,inventory.csv#5194,LINN5103,LINN5103,0.98,inventory.model,False,[],False
8993b69f101d6320,inventory.csv#5195,N-A,N-A,0.98,inventory.model,False,[],False
3da7822ade19d0fc,inventory.csv#5196,No_model,No_model,0.98,inventory.model,False,[],False
92cfab2d7bb8f914,inventory.csv#5197,SCENARIO,SCENARIO,0.98,inventory.model,False,[],False
35719fad00e38e0d,inventory.csv#5198,ARCADA-CALIDA-PLANUS,ARCADA-CALIDA-PLANUS,0.98,inventory.model,False,[],False
d3254e4f1018f607,inventory.csv#5199,CALIDA,CALIDA,0.98,inventory.model,False,[],False
5434ce763bf8ef17,inventory.csv#52,110_0,110_0,0.98,inventory.model,False,[],False
456a2d210df4fd66,inventory.csv#520,25_107,25_107,0.98,inventory.model,False,[],False
e22aae5ac1b08614,inventory.csv#5200,Squeezebox,Squeezebox,0.98,inventory.model,False,[],False
605e1729a2b23f18,inventory.csv#5201,DC265,DC265,0.98,inventory.model,False,[],False
a1349432ae1bd93e,inventory.csv#5202,5_BUTTON-UP-DN,5_BUTTON-UP-DN,0.98,inventory.model,False,[],False
bd5e1de3392184f1,inventory.csv#5203,AURORA_LIGHTING,AURORA_LIGHTING,0.98,inventory.model,False,[],False
7f5e2371df4b6e04,inventory.csv#5204,GRAFIK_EYE_3000-4000-6000-HOMEWORKS-PERSONNA,GRAFIK_EYE_3000-4000-6000-HOMEWORKS-PERSONNA,0.98,inventory.model,False,[],False
190479b215e61476,inventory.csv#5205,GRAFIK_EYE_3000-4000,GRAFIK_EYE_3000-4000,0.98,inventory.model,False,[],False
cbd42f9368a792d8,inventory.csv#5206,GRX-8IT,GRX-8IT,0.98,inventory.model,False,[],False
872f13cd25efbd53,inventory.csv#5207,SPACER,SPACER,0.98,inventory.model,False,[],False
ce4d71fe736db36e,inventory.csv#5208,SPACER,SPACER,0.98,inventory.model,False,[],False
fa19e96318990e14,inventory.csv#5209,SPS-600,SPS-600,0.98,inventory.model,False,[],False
5a4ff4c6e6d9c27b,inventory.csv#521,25_11,25_11,0.98,inventory.model,False,[],False
f6920c7d5a1cf7f9,inventory.csv#5210,RECEIVER,RECEIVER,0.98,inventory.model,False,[],False
c9e13ac683ba3a50,inventory.csv#5211,Remotes,Remotes,0.98,inventory.model,False,[],False
b944d9931b06f5fe,inventory.csv#5212,2746A-_UR14_N-PIP,2746A-_UR14_N-PIP,0.98,inventory.model,False,[],False
ef1465a3b76e45f5,inventory.csv#5213,2746A-_UR14_N-PIP_1,2746A-_UR14_N-PIP_1,0.98,inventory.model,False,[],False
bb949ec8de25775c,inventory.csv#5214,DP170MWBB,DP170MWBB,0.98,inventory.model,False,[],False
4f30a751f4f4920a,inventory.csv#5215,NB500MG1F,NB500MG1F,0.98,inventory.model,False,[],False
575ae4f90b9966c9,inventory.csv#5216,Recv,Recv,0.98,inventory.model,False,[],False
4e08d2741541e85e,inventory.csv#5217,TP-3273,TP-3273,0.98,inventory.model,False,[],False
1dab01933d7358bd,inventory.csv#5218,VCR,VCR,0.98,inventory.model,False,[],False
5fa416f4c0ed0abe,inventory.csv#5219,VCR_1,VCR_1,0.98,inventory.model,False,[],False
7773a3f7d1966bba,inventory.csv#522,48_-1,48_-1,0.98,inventory.model,False,[],False
32d5e8e66ac33962,inventory.csv#5220,DRAPERY_CONTROL-_2_DRAPES,DRAPERY_CONTROL-_2_DRAPES,0.98,inventory.model,False,[],False
b215ad0e1cb1f776,inventory.csv#5221,DRAPERY_CONTROL-_6_DRAPES,DRAPERY_CONTROL-_6_DRAPES,0.98,inventory.model,False,[],False
eda38c292b47cffb,inventory.csv#5222,52CC,52CC,0.98,inventory.model,False,[],False
9c502c77284cccec,inventory.csv#5223,52CC_1,52CC_1,0.98,inventory.model,False,[],False
bf8eeb9fb231e316,inventory.csv#5224,80SC_TUNER_CONTROLS,80SC_TUNER_CONTROLS,0.98,inventory.model,False,[],False
1ef60e95a01a4048,inventory.csv#5225,92DD,92DD,0.98,inventory.model,False,[],False
676ea9d2cebd6f4c,inventory.csv#5226,AMP1-4_TUNER_1-2_INPUTS_LTD_CMNDS_(EVEN),AMP1-4_TUNER_1-2_INPUTS_LTD_CMNDS_(EVEN),0.98,inventory.model,False,[],False
3b50ef8d7522c14b,inventory.csv#5227,AMP1-4_TUNER_1-2_INPUTS_LTD_CMNDS_(ODD),AMP1-4_TUNER_1-2_INPUTS_LTD_CMNDS_(ODD),0.98,inventory.model,False,[],False
30117b36264c2bd7,inventory.csv#5228,AUDIO_CASSETTE_DECK,AUDIO_CASSETTE_DECK,0.98,inventory.model,False,[],False
e7ef26ec81a41c6a,inventory.csv#5229,AV-500_RECIEVER_(ODD),AV-500_RECIEVER_(ODD),0.98,inventory.model,False,[],False
6b8407b2e54500ba,inventory.csv#523,7_-1,7_-1,0.98,inventory.model,False,[],False
9b06ddc15ae23c63,inventory.csv#5230,AV-9000,AV-9000,0.98,inventory.model,False,[],False
7e65302e12519c1b,inventory.csv#5231,AV550,AV550,0.98,inventory.model,False,[],False
2fbb124228c0f6f6,inventory.csv#5232,BD7003,BD7003,0.98,inventory.model,False,[],False
a7fad0487c4c7c50,inventory.csv#5233,BD_Series,BD_Series,0.98,inventory.model,False,[],False
b78da34e7436a2b1,inventory.csv#5234,CC-4000,CC-4000,0.98,inventory.model,False,[],False
cf620ff0479b6e2a,inventory.csv#5235,CC-870_CD_(EVEN),CC-870_CD_(EVEN),0.98,inventory.model,False,[],False
a48707589385bea4,inventory.csv#5236,CC-870_CD_(ODD),CC-870_CD_(ODD),0.98,inventory.model,False,[],False
444a81fbaf35fea2,inventory.csv#5237,CC38,CC38,0.98,inventory.model,False,[],False
5aba97e721295c5f,inventory.csv#5238,CC38_1,CC38_1,0.98,inventory.model,False,[],False
9742f64b9be3e3d0,inventory.csv#5239,CC4001,CC4001,0.98,inventory.model,False,[],False
e48f5c55757e2631,inventory.csv#524,164_-1,164_-1,0.98,inventory.model,False,[],False
d53fe079a445d4c4,inventory.csv#5240,CC48_EVEN,CC48_EVEN,0.98,inventory.model,False,[],False
bf437e2192c3799a,inventory.csv#5241,CC48_ODD,CC48_ODD,0.98,inventory.model,False,[],False
8bfcc8d515c44f94,inventory.csv#5242,CD-63SE-CC-65SE_(EVEN),CD-63SE-CC-65SE_(EVEN),0.98,inventory.model,False,[],False
e5b7ed4db9ea7c97,inventory.csv#5243,CD-63SE-CC-65SE_(ODD),CD-63SE-CC-65SE_(ODD),0.98,inventory.model,False,[],False
993a0341d9341b24,inventory.csv#5244,CD-63SE_(EVEN),CD-63SE_(EVEN),0.98,inventory.model,False,[],False
05751c7d2bb9943d,inventory.csv#5245,CD-63SE_(ODD),CD-63SE_(ODD),0.98,inventory.model,False,[],False
95a3f0cf7e01dbe9,inventory.csv#5246,CD46,CD46,0.98,inventory.model,False,[],False
5fa9ba7128540913,inventory.csv#5247,DH-9300,DH-9300,0.98,inventory.model,False,[],False
5d5e5f58da2913cd,inventory.csv#5248,DISCREET_CODES,DISCREET_CODES,0.98,inventory.model,False,[],False
f75b6c919a0c5afa,inventory.csv#5249,DV-6200,DV-6200,0.98,inventory.model,False,[],False
beafd5a09d896182,inventory.csv#525,1_-1,1_-1,0.98,inventory.model,False,[],False
28e8f372a30ee3ec,inventory.csv#5250,DV-7000,DV-7000,0.98,inventory.model,False,[],False
1da5ecc22a2ca714,inventory.csv#5251,DV-7010,DV-7010,0.98,inventory.model,False,[],False
fdcf38882f84f6c6,inventory.csv#5252,DV-7100,DV-7100,0.98,inventory.model,False,[],False
91d3453d976769cf,inventory.csv#5253,DV-7110,DV-7110,0.98,inventory.model,False,[],False
bc60782bb5adcb71,inventory.csv#5254,DV-8300,DV-8300,0.98,inventory.model,False,[],False
cc0153a08e78ad08,inventory.csv#5255,DV3100,DV3100,0.98,inventory.model,False,[],False
6d2a9e540036b603,inventory.csv#5256,DVD-930,DVD-930,0.98,inventory.model,False,[],False
abda27d399e6a4a7,inventory.csv#5257,DVD,DVD,0.98,inventory.model,False,[],False
4cbecd1fd407ddf6,inventory.csv#5258,LASER_DISC,LASER_DISC,0.98,inventory.model,False,[],False
31dfdf4095f15180,inventory.csv#5259,LV_500_(LD)_DD92_(DCC)_CC_52_(CD),LV_500_(LD)_DD92_(DCC)_CC_52_(CD),0.98,inventory.model,False,[],False
50fc90c58de7f554,inventory.csv#526,26_26,26_26,0.98,inventory.model,False,[],False
3f013b84005c8749,inventory.csv#5260,LV_500_(SERIAL_CONTROL),LV_500_(SERIAL_CONTROL),0.98,inventory.model,False,[],False
5eeac2c4ab7c5e18,inventory.csv#5261,SA_CD_Player,SA_CD_Player,0.98,inventory.model,False,[],False
c187e1de10343ca4,inventory.csv#5262,MV-5100,MV-5100,0.98,inventory.model,False,[],False
67a5f66619b16b4e,inventory.csv#5263,MV-830,MV-830,0.98,inventory.model,False,[],False
7708ce6e31a48aa6,inventory.csv#5264,MV-8300,MV-8300,0.98,inventory.model,False,[],False
1d3766cdf3f2e794,inventory.csv#5265,MV-880,MV-880,0.98,inventory.model,False,[],False
06e157839fa50f0e,inventory.csv#5266,NA7004,NA7004,0.98,inventory.model,False,[],False
0ee5a3d446e186e7,inventory.csv#5267,NR_Series,NR_Series,0.98,inventory.model,False,[],False
acea743be92038e9,inventory.csv#5268,PD4290D,PD4290D,0.98,inventory.model,False,[],False
21e5e7ae34a0539d,inventory.csv#5269,PDM-510,PDM-510,0.98,inventory.model,False,[],False
52ab4d783091a971,inventory.csv#527,84_-1,84_-1,0.98,inventory.model,False,[],False
9a31cc91d8ac7e36,inventory.csv#5270,PMD-370,PMD-370,0.98,inventory.model,False,[],False
1e1e3f14674fe654,inventory.csv#5271,PMD-512,PMD-512,0.98,inventory.model,False,[],False
43e018b02998ff16,inventory.csv#5272,PMD350_CD-TAPE_UNIT_(CD_FNX),PMD350_CD-TAPE_UNIT_(CD_FNX),0.98,inventory.model,False,[],False
15e8e0e293c276cf,inventory.csv#5273,PMD350_CD-TAPE_UNIT_(CD_FNX)_for_RC-5,PMD350_CD-TAPE_UNIT_(CD_FNX)_for_RC-5,0.98,inventory.model,False,[],False
e0ee307f60a64c5b,inventory.csv#5274,PMD350_CD-TAPE_UNIT_(CD_FNX)_for_RC5,PMD350_CD-TAPE_UNIT_(CD_FNX)_for_RC5,0.98,inventory.model,False,[],False
d2293f59a739afb1,inventory.csv#5275,PMD350_CD-TAPE_UNIT_(TAPE_FNX),PMD350_CD-TAPE_UNIT_(TAPE_FNX),0.98,inventory.model,False,[],False
6a513a7a82952d38,inventory.csv#5276,PMD350_CD-TAPE_UNIT_(TAPE_FNX)_for_RC5,PMD350_CD-TAPE_UNIT_(TAPE_FNX)_for_RC5,0.98,inventory.model,False,[],False
4bc9ae710d6858ae,inventory.csv#5277,PMD370,PMD370,0.98,inventory.model,False,[],False
7563b58e6da37faa,inventory.csv#5278,PMD370_-_ODD,PMD370_-_ODD,0.98,inventory.model,False,[],False
deae19ab58bd6ac5,inventory.csv#5279,PMD500U_(EVEN)_(SERIAL-_RCA_MALE_TIP_=_S)_STEREO_DOUBLE_CASS,PMD500U_(EVEN)_(SERIAL-_RCA_MALE_TIP_=_S)_STEREO_DOUBLE_CASS,0.98,inventory.model,False,[],False
4c217163fe444cb9,inventory.csv#528,2_-1,2_-1,0.98,inventory.model,False,[],False
9164d8587596b7c4,inventory.csv#5280,PMD500U_(ODD)_(SERIAL-_RCA_MALE_TIP_=_S)_STEREO_DOUBLE_CASS,PMD500U_(ODD)_(SERIAL-_RCA_MALE_TIP_=_S)_STEREO_DOUBLE_CASS,0.98,inventory.model,False,[],False
ae9b422506cb5400,inventory.csv#5281,PMD500U_PROFESSIONAL_STEREO_DOUBLE_CASSETTE_DECK,PMD500U_PROFESSIONAL_STEREO_DOUBLE_CASSETTE_DECK,0.98,inventory.model,False,[],False
7e93ce05325dec3a,inventory.csv#5282,PMD500U_PROFESSIONAL_STEREO_DOUBLE_CASSETTE_DECK_1,PMD500U_PROFESSIONAL_STEREO_DOUBLE_CASSETTE_DECK_1,0.98,inventory.model,False,[],False
9d0e340c3effe12d,inventory.csv#5283,RECEIVER,RECEIVER,0.98,inventory.model,False,[],False
aae652cacfce471e,inventory.csv#5284,RECEIVER_1,RECEIVER_1,0.98,inventory.model,False,[],False
bbc7d9f16e72dbab,inventory.csv#5285,RECEIVER_SR870_-_EVEN,RECEIVER_SR870_-_EVEN,0.98,inventory.model,False,[],False
9deea520668fdfe4,inventory.csv#5286,RECEIVER_SR870_-_ODD,RECEIVER_SR870_-_ODD,0.98,inventory.model,False,[],False
fcd9f8fbdf244950,inventory.csv#5287,RECIEVER_AV-500,RECIEVER_AV-500,0.98,inventory.model,False,[],False
c46d8b0754bf6381,inventory.csv#5288,Recv,Recv,0.98,inventory.model,False,[],False
1f5211e82f9d97c8,inventory.csv#5289,Recv_1,Recv_1,0.98,inventory.model,False,[],False
bdeef554a7878db9,inventory.csv#529,35_64,35_64,0.98,inventory.model,False,[],False
3b7353bef505ef22,inventory.csv#5290,Recv_10,Recv_10,0.98,inventory.model,False,[],False
9f50a72acb6be4e0,inventory.csv#5291,Recv_11,Recv_11,0.98,inventory.model,False,[],False
ce14607f704121ea,inventory.csv#5292,Recv_12,Recv_12,0.98,inventory.model,False,[],False
b9a6a389710b2328,inventory.csv#5293,Recv_13,Recv_13,0.98,inventory.model,False,[],False
2f50c4bb1b501088,inventory.csv#5294,Recv_2,Recv_2,0.98,inventory.model,False,[],False
5669d75c204682f8,inventory.csv#5295,Recv_3,Recv_3,0.98,inventory.model,False,[],False
39736df577939407,inventory.csv#5296,Recv_4,Recv_4,0.98,inventory.model,False,[],False
efd2791e8a6af166,inventory.csv#5297,Recv_5,Recv_5,0.98,inventory.model,False,[],False
4b50cb76119c14f0,inventory.csv#5298,Recv_6,Recv_6,0.98,inventory.model,False,[],False
3236ef254141007a,inventory.csv#5299,Recv_7,Recv_7,0.98,inventory.model,False,[],False
777dd7a5cfc84ce1,inventory.csv#53,118_0,118_0,0.98,inventory.model,False,[],False
37e014ec258cf00b,inventory.csv#530,132_66,132_66,0.98,inventory.model,False,[],False
6b21683d1a4ecadf,inventory.csv#5300,Recv_8,Recv_8,0.98,inventory.model,False,[],False
da15296423ca9448,inventory.csv#5301,Recv_9,Recv_9,0.98,inventory.model,False,[],False
ff3b3bb2c512caa7,inventory.csv#5302,SA-12S,SA-12S,0.98,inventory.model,False,[],False
7ae805794c251ede,inventory.csv#5303,SA-14,SA-14,0.98,inventory.model,False,[],False
b51aa6d73dcca3ef,inventory.csv#5304,SD-455_DUAL_CASS.(ODD),SD-455_DUAL_CASS.(ODD),0.98,inventory.model,False,[],False
6bb5d21994ce8e85,inventory.csv#5305,SD-455_DUAL_CASSETTE,SD-455_DUAL_CASSETTE,0.98,inventory.model,False,[],False
1d34ac24350f12be,inventory.csv#5306,SD-525_-PMD320S_(SERIAL_CONTROL),SD-525_-PMD320S_(SERIAL_CONTROL),0.98,inventory.model,False,[],False
4297d0fb1204d91b,inventory.csv#5307,SD-535-555_DUAL_CASS.(EVEN),SD-535-555_DUAL_CASS.(EVEN),0.98,inventory.model,False,[],False
bb18f6596c5032be,inventory.csv#5308,SD455_DUAL_CASS.(EVEN),SD455_DUAL_CASS.(EVEN),0.98,inventory.model,False,[],False
6c1e7f54a2281c68,inventory.csv#5309,SD460-RC430,SD460-RC430,0.98,inventory.model,False,[],False
9a43e04b995da3ac,inventory.csv#531,0_-1,0_-1,0.98,inventory.model,False,[],False
379642f7fd4a78e2,inventory.csv#5310,SD_525-535-PMD_320-500,SD_525-535-PMD_320-500,0.98,inventory.model,False,[],False
bb204945a16902d4,inventory.csv#5311,SD_60,SD_60,0.98,inventory.model,False,[],False
4e81192c99c6ce3d,inventory.csv#5312,SR-19,SR-19,0.98,inventory.model,False,[],False
b02d9646d726ae19,inventory.csv#5313,SR-63_(RECEIVER),SR-63_(RECEIVER),0.98,inventory.model,False,[],False
87e46b58c2895f31,inventory.csv#5314,SR-63_(RECEIVER)_EVEN,SR-63_(RECEIVER)_EVEN,0.98,inventory.model,False,[],False
d05ff6f21750d011,inventory.csv#5315,SR-7000,SR-7000,0.98,inventory.model,False,[],False
b070c04997cf49ae,inventory.csv#5316,SR-7300,SR-7300,0.98,inventory.model,False,[],False
e93a2e1cb6d723cc,inventory.csv#5317,SR-9300,SR-9300,0.98,inventory.model,False,[],False
1ee878849f6a0f1c,inventory.csv#5318,SR580,SR580,0.98,inventory.model,False,[],False
04fe65378a585992,inventory.csv#5319,SR66,SR66,0.98,inventory.model,False,[],False
2306914c76d76d3c,inventory.csv#532,201_-1,201_-1,0.98,inventory.model,False,[],False
2fba4d0ef74f822a,inventory.csv#5320,SR670,SR670,0.98,inventory.model,False,[],False
615d6699c7da7f51,inventory.csv#5321,SR7005,SR7005,0.98,inventory.model,False,[],False
042d77e033412508,inventory.csv#5322,SR7200,SR7200,0.98,inventory.model,False,[],False
99ec85af33247a7f,inventory.csv#5323,SR880MKII_-_MULTICODE,SR880MKII_-_MULTICODE,0.98,inventory.model,False,[],False
baa99f4b92d04e43,inventory.csv#5324,SR9200,SR9200,0.98,inventory.model,False,[],False
fb2ff1fb59286a8b,inventory.csv#5325,SR92MK2_SURROUND_SOUND_PROCESSOR,SR92MK2_SURROUND_SOUND_PROCESSOR,0.98,inventory.model,False,[],False
1c511410ed4baf40,inventory.csv#5326,SR96,SR96,0.98,inventory.model,False,[],False
882401f4ede63853,inventory.csv#5327,SR_Series,SR_Series,0.98,inventory.model,False,[],False
4797779ccf281ea5,inventory.csv#5328,SR_Series_1,SR_Series_1,0.98,inventory.model,False,[],False
e47c23b5649e52f9,inventory.csv#5329,ST-46_TUNER_(EVEN),ST-46_TUNER_(EVEN),0.98,inventory.model,False,[],False
e701b9d0d5e96218,inventory.csv#533,3_-1,3_-1,0.98,inventory.model,False,[],False
b213de3de3b7fac6,inventory.csv#5330,ST-46_TUNER_(ODD),ST-46_TUNER_(ODD),0.98,inventory.model,False,[],False
a6fc3beeb8a2fb4a,inventory.csv#5331,ST-6000,ST-6000,0.98,inventory.model,False,[],False
6daa4e5e06a8108b,inventory.csv#5332,ST_53,ST_53,0.98,inventory.model,False,[],False
ed1745a0d229dbca,inventory.csv#5333,ST_53_(SERIAL_CONTROL),ST_53_(SERIAL_CONTROL),0.98,inventory.model,False,[],False
613cc62475014092,inventory.csv#5334,STEREO_CASS_DECK_PMD500,STEREO_CASS_DECK_PMD500,0.98,inventory.model,False,[],False
f4dd52cebe1abbd7,inventory.csv#5335,TV-VCR,TV-VCR,0.98,inventory.model,False,[],False
686ce4b5dbf7a5a4,inventory.csv#5336,UD5005,UD5005,0.98,inventory.model,False,[],False
637f0bbfc2039aa5,inventory.csv#5337,UD5007,UD5007,0.98,inventory.model,False,[],False
58c2d17e9cf95f11,inventory.csv#5338,UD7006,UD7006,0.98,inventory.model,False,[],False
c23c35ea1f4f9024,inventory.csv#5339,UD9004,UD9004,0.98,inventory.model,False,[],False
4a72dab400c8c423,inventory.csv#534,7_-1,7_-1,0.98,inventory.model,False,[],False
8a7b259e0218aa38,inventory.csv#5340,UD_Series,UD_Series,0.98,inventory.model,False,[],False
4b49c94a56440dae,inventory.csv#5341,VC-8100,VC-8100,0.98,inventory.model,False,[],False
fcad4d399036335b,inventory.csv#5342,VC5000,VC5000,0.98,inventory.model,False,[],False
9a1a9eeb5e521c51,inventory.csv#5343,VCR_MV-610_(EVEN),VCR_MV-610_(EVEN),0.98,inventory.model,False,[],False
f236a92fa9879a3f,inventory.csv#5344,VCR_MV-610_(ODD),VCR_MV-610_(ODD),0.98,inventory.model,False,[],False
de768caa23851429,inventory.csv#5345,VCR_MV-830_(EVEN),VCR_MV-830_(EVEN),0.98,inventory.model,False,[],False
52cd46a919344ab3,inventory.csv#5346,VCR_MV-830_(ODD),VCR_MV-830_(ODD),0.98,inventory.model,False,[],False
32c7e6bebe0db519,inventory.csv#5347,VP12S2,VP12S2,0.98,inventory.model,False,[],False
fe00f0e929bdb756,inventory.csv#5348,VP8100,VP8100,0.98,inventory.model,False,[],False
b8f88524e4e7d22b,inventory.csv#5349,XV5260,XV5260,0.98,inventory.model,False,[],False
de69a9d49746590d,inventory.csv#535,134_97,134_97,0.98,inventory.model,False,[],False
e8fdb5cf94b942f4,inventory.csv#5350,CD-31.5,CD-31.5,0.98,inventory.model,False,[],False
1f51c932b09cbf1f,inventory.csv#5351,ML38S,ML38S,0.98,inventory.model,False,[],False
22a121eb923ef266,inventory.csv#5352,No._502_Media_Console,No._502_Media_Console,0.98,inventory.model,False,[],False
d0100ef31b3c4ff9,inventory.csv#5353,MVP_SERIES,MVP_SERIES,0.98,inventory.model,False,[],False
fd0940789c5a4e4f,inventory.csv#5354,C31V,C31V,0.98,inventory.model,False,[],False
97c5a1db4570a341,inventory.csv#5355,C39_AND_MX130,C39_AND_MX130,0.98,inventory.model,False,[],False
619ee831a5df680f,inventory.csv#5356,CR16A_A-V_CONTROL_SYSTEM,CR16A_A-V_CONTROL_SYSTEM,0.98,inventory.model,False,[],False
b93043b5ecad7dfe,inventory.csv#5357,DISCREET_CODES,DISCREET_CODES,0.98,inventory.model,False,[],False
5ba5037704eb1f69,inventory.csv#5358,HR100,HR100,0.98,inventory.model,False,[],False
67592d92924c17a0,inventory.csv#5359,HR7007,HR7007,0.98,inventory.model,False,[],False
a0d2a879ba6ec57d,inventory.csv#536,20_-1,20_-1,0.98,inventory.model,False,[],False
a54102d3e922cf8d,inventory.csv#5360,LASER_DISC_PLAYER,LASER_DISC_PLAYER,0.98,inventory.model,False,[],False
f4bd4e8ec5286c80,inventory.csv#5361,MCD-205,MCD-205,0.98,inventory.model,False,[],False
025363fdcb3d84e6,inventory.csv#5362,MHT-100,MHT-100,0.98,inventory.model,False,[],False
3031590407ebc6fd,inventory.csv#5363,MLD-7020,MLD-7020,0.98,inventory.model,False,[],False
41dda5206d5c3142,inventory.csv#5364,MVP-831,MVP-831,0.98,inventory.model,False,[],False
9023613d5644fd78,inventory.csv#5365,MX130,MX130,0.98,inventory.model,False,[],False
e40dcbe0b8eb56cc,inventory.csv#5366,MX132,MX132,0.98,inventory.model,False,[],False
cdea81ecd5d20301,inventory.csv#5367,VAL_LUX_600,VAL_LUX_600,0.98,inventory.model,False,[],False
c110efc17e4338dd,inventory.csv#5368,ULTRABEAM_PROJECTOR,ULTRABEAM_PROJECTOR,0.98,inventory.model,False,[],False
da0b50eff7251ba6,inventory.csv#5369,ULTRABEAM_PROJECTOR_228,ULTRABEAM_PROJECTOR_228,0.98,inventory.model,False,[],False
d8714020e0693431,inventory.csv#537,16_-1,16_-1,0.98,inventory.model,False,[],False
deeaf6c4d909c484,inventory.csv#5370,562+565,562+565,0.98,inventory.model,False,[],False
32ec1986ea4df077,inventory.csv#5371,562,562,0.98,inventory.model,False,[],False
a375a01b36e0d437,inventory.csv#5372,586_DVD_(SAME_AS_TOSHIBA_SE-R3006),586_DVD_(SAME_AS_TOSHIBA_SE-R3006),0.98,inventory.model,False,[],False
b14b2322ecc1c348,inventory.csv#5373,861,861,0.98,inventory.model,False,[],False
2b9d1e638939c10a,inventory.csv#5374,986,986,0.98,inventory.model,False,[],False
a7e4b59285f53726,inventory.csv#5375,DVD-596,DVD-596,0.98,inventory.model,False,[],False
615da99a8bd53d91,inventory.csv#5376,XBOX,XBOX,0.98,inventory.model,False,[],False
f8453c5a610b206e,inventory.csv#5377,XBOX360,XBOX360,0.98,inventory.model,False,[],False
5895ebc8cd8287f1,inventory.csv#5378,IR55,IR55,0.98,inventory.model,False,[],False
0dd37c9ec1abd44f,inventory.csv#5379,IR-90_-_MAIN_FCNS,IR-90_-_MAIN_FCNS,0.98,inventory.model,False,[],False
c57b35ac0d1e5859,inventory.csv#538,17_-1,17_-1,0.98,inventory.model,False,[],False
183681e128196546,inventory.csv#5380,MOUSE,MOUSE,0.98,inventory.model,False,[],False
619b5d579eccd080,inventory.csv#5381,AIR_CONDITIONING(CONT._S10079A.IR),AIR_CONDITIONING(CONT._S10079A.IR),0.98,inventory.model,False,[],False
54c5b7a67f807f53,inventory.csv#5382,AIR_CONDITIONING,AIR_CONDITIONING,0.98,inventory.model,False,[],False
1def248c25731876,inventory.csv#5383,AM4201R_RGB_MONITOR,AM4201R_RGB_MONITOR,0.98,inventory.model,False,[],False
9f38ff49db62ca13,inventory.csv#5384,CD-500,CD-500,0.98,inventory.model,False,[],False
5203dc257137e260,inventory.csv#5385,CS-2047,CS-2047,0.98,inventory.model,False,[],False
7738f2c6927d1d91,inventory.csv#5386,CS-3505R_(TV+VCRA+VCRB+MASTER),CS-3505R_(TV+VCRA+VCRB+MASTER),0.98,inventory.model,False,[],False
39446ef4504a1d30,inventory.csv#5387,CS13103_(VOL&CH=ARROWS),CS13103_(VOL&CH=ARROWS),0.98,inventory.model,False,[],False
e58092680276cacd,inventory.csv#5388,CS36309_TV,CS36309_TV,0.98,inventory.model,False,[],False
9373f0f9fc7cb2b1,inventory.csv#5389,CS_40503_TV_ONLY,CS_40503_TV_ONLY,0.98,inventory.model,False,[],False
0354f8e66555cc74,inventory.csv#539,20_-1,20_-1,0.98,inventory.model,False,[],False
c4a4b5d5e06d701d,inventory.csv#5390,DD-2000,DD-2000,0.98,inventory.model,False,[],False
72ef5dd53096c3c6,inventory.csv#5391,DD-4020,DD-4020,0.98,inventory.model,False,[],False
dc3b33918ba5e2cb,inventory.csv#5392,DD-6000,DD-6000,0.98,inventory.model,False,[],False
e35c97c772171908,inventory.csv#5393,DISCREET_CODES,DISCREET_CODES,0.98,inventory.model,False,[],False
c97fa01f89cc1092,inventory.csv#5394,DVD,DVD,0.98,inventory.model,False,[],False
d0c62201e3698464,inventory.csv#5395,HS-U790,HS-U790,0.98,inventory.model,False,[],False
08def1c9d6bb5b89,inventory.csv#5396,HSU-110_VCR+TV,HSU-110_VCR+TV,0.98,inventory.model,False,[],False
c5d4a7f3b92126c9,inventory.csv#5397,HSU-110_VCR+TV_1,HSU-110_VCR+TV_1,0.98,inventory.model,False,[],False
2f179ab0acc6f3d0,inventory.csv#5398,HSU-34,HSU-34,0.98,inventory.model,False,[],False
591a0f287f090b9f,inventory.csv#5399,HSU-590,HSU-590,0.98,inventory.model,False,[],False
1d6b409475cc1648,inventory.csv#54,127_0,127_0,0.98,inventory.model,False,[],False
080bf1ced87fb85d,inventory.csv#540,12_-1,12_-1,0.98,inventory.model,False,[],False
29561c7f32db83ba,inventory.csv#5400,HSU-747,HSU-747,0.98,inventory.model,False,[],False
8465188ff3f673a1,inventory.csv#5401,HSU-760,HSU-760,0.98,inventory.model,False,[],False
e27f5455e9ced014,inventory.csv#5402,HSU-770_VHS_VCR,HSU-770_VHS_VCR,0.98,inventory.model,False,[],False
082c4d5c9b2e921b,inventory.csv#5403,HSU-776,HSU-776,0.98,inventory.model,False,[],False
3a4bee1a19b07eec,inventory.csv#5404,HSU-780_VHS_VCR,HSU-780_VHS_VCR,0.98,inventory.model,False,[],False
9d3215ecccc5865f,inventory.csv#5405,HSU-781,HSU-781,0.98,inventory.model,False,[],False
741a65b64193d55d,inventory.csv#5406,HSU746,HSU746,0.98,inventory.model,False,[],False
aa4e5b0bc28a46a8,inventory.csv#5407,HSV-51,HSV-51,0.98,inventory.model,False,[],False
697ea3f87bdf5c3c,inventory.csv#5408,LT_40148,LT_40148,0.98,inventory.model,False,[],False
8de3d851001b4c16,inventory.csv#5409,LT_46164,LT_46164,0.98,inventory.model,False,[],False
f74030f812253bbc,inventory.csv#541,200_-1,200_-1,0.98,inventory.model,False,[],False
f862d220f3b8e915,inventory.csv#5410,LT_55265,LT_55265,0.98,inventory.model,False,[],False
f74a82025c9636bc,inventory.csv#5411,PROJECTOR,PROJECTOR,0.98,inventory.model,False,[],False
8d7b32414b837723,inventory.csv#5412,RM_59107,RM_59107,0.98,inventory.model,False,[],False
34c19f6c2ff038dd,inventory.csv#5413,SR-SD1,SR-SD1,0.98,inventory.model,False,[],False
5da9c7f643db779a,inventory.csv#5414,SRHD500,SRHD500,0.98,inventory.model,False,[],False
8d1e50f4e622c3c1,inventory.csv#5415,TS4545_&_CS40509_-_TV_MODE,TS4545_&_CS40509_-_TV_MODE,0.98,inventory.model,False,[],False
e3e55b11cb231eae,inventory.csv#5416,TS50811_-_TV_MODE,TS50811_-_TV_MODE,0.98,inventory.model,False,[],False
2b36c190672c420c,inventory.csv#5417,V-62,V-62,0.98,inventory.model,False,[],False
694158ae67ebc4dc,inventory.csv#5418,VS-6043,VS-6043,0.98,inventory.model,False,[],False
eb2ee9b07c099236,inventory.csv#5419,VS-60601,VS-60601,0.98,inventory.model,False,[],False
7c9b87330938b383,inventory.csv#542,20_-1,20_-1,0.98,inventory.model,False,[],False
031fb29aeb2dc823,inventory.csv#5420,VS-6087_VCR_1,VS-6087_VCR_1,0.98,inventory.model,False,[],False
112a1a6222504dde,inventory.csv#5421,VS-6087_VCR_2,VS-6087_VCR_2,0.98,inventory.model,False,[],False
ebf5ed70146190f4,inventory.csv#5422,VS-70601,VS-70601,0.98,inventory.model,False,[],False
56794945f7e4736b,inventory.csv#5423,VS-70707,VS-70707,0.98,inventory.model,False,[],False
c712a139684694e0,inventory.csv#5424,VTUX6570,VTUX6570,0.98,inventory.model,False,[],False
8bb2f49beb01ed41,inventory.csv#5425,WS65809,WS65809,0.98,inventory.model,False,[],False
c331cc3f21580316,inventory.csv#5426,WS73903,WS73903,0.98,inventory.model,False,[],False
aefbec277028eef7,inventory.csv#5427,X120_PROJECTOR,X120_PROJECTOR,0.98,inventory.model,False,[],False
14b0e3a84059c1fd,inventory.csv#5428,X400,X400,0.98,inventory.model,False,[],False
435b3ad2b79c9046,inventory.csv#5429,XC3717C,XC3717C,0.98,inventory.model,False,[],False
fb0d359c6f4fe0d9,inventory.csv#543,25_-1,25_-1,0.98,inventory.model,False,[],False
4880c81998cc7610,inventory.csv#5430,XD250U,XD250U,0.98,inventory.model,False,[],False
f3e87aae566c580f,inventory.csv#5431,XL-5010,XL-5010,0.98,inventory.model,False,[],False
c6894a1ba97809ed,inventory.csv#5432,DM5948-D_MONITOR-RECEIVER,DM5948-D_MONITOR-RECEIVER,0.98,inventory.model,False,[],False
4b2c5b0831ecacbb,inventory.csv#5433,DM77525TC,DM77525TC,0.98,inventory.model,False,[],False
1776256e6cf45100,inventory.csv#5434,TV_MODEL#_DMM7748,TV_MODEL#_DMM7748,0.98,inventory.model,False,[],False
596e3a318c430855,inventory.csv#5435,4DTV,4DTV,0.98,inventory.model,False,[],False
02809ee9305df54a,inventory.csv#5436,BMC_9012,BMC_9012,0.98,inventory.model,False,[],False
11f3bcc54f72a984,inventory.csv#5437,COMCAST_DCT6412,COMCAST_DCT6412,0.98,inventory.model,False,[],False
2fe85454954b945e,inventory.csv#5438,DCH-3200,DCH-3200,0.98,inventory.model,False,[],False
d23eb70f1dba7663,inventory.csv#5439,"DCH-3412_(DVR),_DCH-3416_(DVR)","DCH-3412_(DVR),_DCH-3416_(DVR)",0.98,inventory.model,False,[],False
ffd18723798c4c76,inventory.csv#544,4_-1,4_-1,0.98,inventory.model,False,[],False
ce809f1f9a4d962e,inventory.csv#5440,DCH3416_110708,DCH3416_110708,0.98,inventory.model,False,[],False
40d6cdb2bd0d0f55,inventory.csv#5441,DCH3416_DVR,DCH3416_DVR,0.98,inventory.model,False,[],False
98f0281996fb2c50,inventory.csv#5442,DCT-2224,DCT-2224,0.98,inventory.model,False,[],False
57e06472e773a9d3,inventory.csv#5443,DCT2500,DCT2500,0.98,inventory.model,False,[],False
721f10b503965260,inventory.csv#5444,DCT6412,DCT6412,0.98,inventory.model,False,[],False
c40565404207eaf9,inventory.csv#5445,DCT700,DCT700,0.98,inventory.model,False,[],False
ee32e4348fd83068,inventory.csv#5446,DCX3400,DCX3400,0.98,inventory.model,False,[],False
88b770c75e193ffc,inventory.csv#5447,DCX3400_DVR,DCX3400_DVR,0.98,inventory.model,False,[],False
f25d5ac810daab24,inventory.csv#5448,DRC-400-425,DRC-400-425,0.98,inventory.model,False,[],False
302291a5cf499b89,inventory.csv#5449,DTA100-2305-000,DTA100-2305-000,0.98,inventory.model,False,[],False
894dfa8dd12e8b1e,inventory.csv#545,7_-1,7_-1,0.98,inventory.model,False,[],False
5397550a7778b2b5,inventory.csv#5450,QIP2500_-_Verizon_FIOS,QIP2500_-_Verizon_FIOS,0.98,inventory.model,False,[],False
e90daec5c859bf42,inventory.csv#5451,QIP6416(DVR),QIP6416(DVR),0.98,inventory.model,False,[],False
3988c60d3a6ea20c,inventory.csv#5452,QIP7200(DVR),QIP7200(DVR),0.98,inventory.model,False,[],False
654b541db901a293,inventory.csv#5453,QIP7216(DVR),QIP7216(DVR),0.98,inventory.model,False,[],False
2788f11f92ab010f,inventory.csv#5454,QIP7216(HDDVR),QIP7216(HDDVR),0.98,inventory.model,False,[],False
fedbbec77dd493d8,inventory.csv#5455,QIP7216_(HD_DVR),QIP7216_(HD_DVR),0.98,inventory.model,False,[],False
d3c8ad1ebd6a43c6,inventory.csv#5456,QIP7232,QIP7232,0.98,inventory.model,False,[],False
c5f1352984f7ce9e,inventory.csv#5457,SHAW_DIRECT_DVR,SHAW_DIRECT_DVR,0.98,inventory.model,False,[],False
8b18c8146d2b96b3,inventory.csv#5458,Xfinity_RNG110,Xfinity_RNG110,0.98,inventory.model,False,[],False
c6a5e93d2f26469b,inventory.csv#5459,HD_DVR,HD_DVR,0.98,inventory.model,False,[],False
edea3f3e7cd872fe,inventory.csv#546,7_-1,7_-1,0.98,inventory.model,False,[],False
6c7707f79f915757,inventory.csv#5460,BASS_LEVEL_CONTROL,BASS_LEVEL_CONTROL,0.98,inventory.model,False,[],False
7c42d78e2711b3a7,inventory.csv#5461,IDM5938V,IDM5938V,0.98,inventory.model,False,[],False
01a2a7401ef072b3,inventory.csv#5462,450,450,0.98,inventory.model,False,[],False
b2051c07dc2b78d5,inventory.csv#5463,C446,C446,0.98,inventory.model,False,[],False
238190124cd69d29,inventory.csv#5464,DISCREET_CODES,DISCREET_CODES,0.98,inventory.model,False,[],False
bedc5b3340cad761,inventory.csv#5465,MISC,MISC,0.98,inventory.model,False,[],False
6df1f6a171b32784,inventory.csv#5466,N-A,N-A,0.98,inventory.model,False,[],False
1dc649b57159260f,inventory.csv#5467,NAD712,NAD712,0.98,inventory.model,False,[],False
9208d9c74413d87c,inventory.csv#5468,PLC-750_LCD_PROJECTOR,PLC-750_LCD_PROJECTOR,0.98,inventory.model,False,[],False
1be0781ef7cd8fe7,inventory.csv#5469,T-451,T-451,0.98,inventory.model,False,[],False
55ec9f49d9c29b1a,inventory.csv#547,16_-1,16_-1,0.98,inventory.model,False,[],False
fdef77567ef6b54b,inventory.csv#5470,T-760,T-760,0.98,inventory.model,False,[],False
b39e7c3586d01d1f,inventory.csv#5471,T562,T562,0.98,inventory.model,False,[],False
c9a8c2e4df0e9923,inventory.csv#5472,T567,T567,0.98,inventory.model,False,[],False
f9fd331c703becc2,inventory.csv#5473,T748,T748,0.98,inventory.model,False,[],False
c2be07423089aedf,inventory.csv#5474,T785-T775-T765,T785-T775-T765,0.98,inventory.model,False,[],False
f8b895c788236ef3,inventory.csv#5475,T_757,T_757,0.98,inventory.model,False,[],False
4148c17f24a1b1c0,inventory.csv#5476,T_770,T_770,0.98,inventory.model,False,[],False
c34fa658873da97e,inventory.csv#5477,1000MB_CD_PLAYER,1000MB_CD_PLAYER,0.98,inventory.model,False,[],False
587efcf2843003a1,inventory.csv#5478,1000MB_CD_PLAYER_1,1000MB_CD_PLAYER_1,0.98,inventory.model,False,[],False
2deb9377bbdb6cac,inventory.csv#5479,AV-10,AV-10,0.98,inventory.model,False,[],False
c358d7752149f2df,inventory.csv#548,200_-1,200_-1,0.98,inventory.model,False,[],False
07b1a4c41780652f,inventory.csv#5480,AV-8,AV-8,0.98,inventory.model,False,[],False
146e40a6a45108c8,inventory.csv#5481,CA-1,CA-1,0.98,inventory.model,False,[],False
db6147d8df37d6b8,inventory.csv#5482,CA-7A,CA-7A,0.98,inventory.model,False,[],False
34295241599f9442,inventory.csv#5483,CD_PLAYER,CD_PLAYER,0.98,inventory.model,False,[],False
0d71b12c0ac96ec7,inventory.csv#5484,CDC4A,CDC4A,0.98,inventory.model,False,[],False
f5f6929bb73c8504,inventory.csv#5485,CR7A,CR7A,0.98,inventory.model,False,[],False
8541555c81c300fe,inventory.csv#5486,DR-1,DR-1,0.98,inventory.model,False,[],False
7bfa72b59aa66434,inventory.csv#5487,DVD-10,DVD-10,0.98,inventory.model,False,[],False
30bfcebe41547e86,inventory.csv#5488,MB-3,MB-3,0.98,inventory.model,False,[],False
e63f6d566c848d47,inventory.csv#5489,No_model,No_model,0.98,inventory.model,False,[],False
03a822ba08a48897,inventory.csv#549,25_-1,25_-1,0.98,inventory.model,False,[],False
891bf4f2267f6fa2,inventory.csv#5490,No_model_1,No_model_1,0.98,inventory.model,False,[],False
173a9228a2d20234,inventory.csv#5491,RE-10,RE-10,0.98,inventory.model,False,[],False
0b776a8e67de4656,inventory.csv#5492,RECEIVER_3,RECEIVER_3,0.98,inventory.model,False,[],False
634f469f291b58ca,inventory.csv#5493,RX505,RX505,0.98,inventory.model,False,[],False
9ffe156cd8003cfa,inventory.csv#5494,AIR_CONDITIONER,AIR_CONDITIONER,0.98,inventory.model,False,[],False
4d29c8c4da8c1ad2,inventory.csv#5495,1020,1020,0.98,inventory.model,False,[],False
9470803b29f243d1,inventory.csv#5496,2940,2940,0.98,inventory.model,False,[],False
6d05ca7c02d4bd59,inventory.csv#5497,4200W,4200W,0.98,inventory.model,False,[],False
08d4161a2ef27d9d,inventory.csv#5498,42XP10,42XP10,0.98,inventory.model,False,[],False
8c47782a11fa2cfa,inventory.csv#5499,50-MP1,50-MP1,0.98,inventory.model,False,[],False
c2debb1321f74f22,inventory.csv#55,72_0,72_0,0.98,inventory.model,False,[],False
1e9b3f7ec78b1ce2,inventory.csv#550,3_-1,3_-1,0.98,inventory.model,False,[],False
14d0cb17a1c2fb09,inventory.csv#5500,50-MP2,50-MP2,0.98,inventory.model,False,[],False
6dbd3eb4335815ee,inventory.csv#5501,ELP-7250,ELP-7250,0.98,inventory.model,False,[],False
6b6d641031fadef0,inventory.csv#5502,GT-1150,GT-1150,0.98,inventory.model,False,[],False
5656011ccb5d81ed,inventory.csv#5503,GT-150,GT-150,0.98,inventory.model,False,[],False
a245e84def0e1f7f,inventory.csv#5504,GT2000,GT2000,0.98,inventory.model,False,[],False
cdd27b2dceb0de5d,inventory.csv#5505,HT-1000,HT-1000,0.98,inventory.model,False,[],False
07eef6c25eb93c1b,inventory.csv#5506,ISS-6020,ISS-6020,0.98,inventory.model,False,[],False
7c8b7b9bb5acb4bb,inventory.csv#5507,LC600-800,LC600-800,0.98,inventory.model,False,[],False
8ba59c49affbc286,inventory.csv#5508,MS-100,MS-100,0.98,inventory.model,False,[],False
d93f7a27ff80ab8f,inventory.csv#5509,MT-1040,MT-1040,0.98,inventory.model,False,[],False
83549ce45f957eae,inventory.csv#551,7_-1,7_-1,0.98,inventory.model,False,[],False
b10de822c98c2ce7,inventory.csv#5510,MT-1060,MT-1060,0.98,inventory.model,False,[],False
ad02c3694e3fc07b,inventory.csv#5511,MT-820,MT-820,0.98,inventory.model,False,[],False
00b71254b0317878,inventory.csv#5512,MT-LT_SERIES,MT-LT_SERIES,0.98,inventory.model,False,[],False
348d9ed85cb675bd,inventory.csv#5513,MT600-MT800,MT600-MT800,0.98,inventory.model,False,[],False
c1bc1366773f2330,inventory.csv#5514,MULTISYN_PROJECTION_MONITOR,MULTISYN_PROJECTION_MONITOR,0.98,inventory.model,False,[],False
8761652f634a8999,inventory.csv#5515,N915U-LPJ4650,N915U-LPJ4650,0.98,inventory.model,False,[],False
3b84176c1b6f9f52,inventory.csv#5516,N915U_-_PJ4650EN,N915U_-_PJ4650EN,0.98,inventory.model,False,[],False
aa0df1ea016af4c5,inventory.csv#5517,NP40,NP40,0.98,inventory.model,False,[],False
f95d2da7f4935d6b,inventory.csv#5518,PLASMA_SYNC_3300,PLASMA_SYNC_3300,0.98,inventory.model,False,[],False
779da546f568151a,inventory.csv#5519,RD-363E,RD-363E,0.98,inventory.model,False,[],False
642de0a3255f051b,inventory.csv#552,20_-1,20_-1,0.98,inventory.model,False,[],False
18a5b0f29ff6bb52,inventory.csv#5520,VU-1210S_DP-1200S,VU-1210S_DP-1200S,0.98,inventory.model,False,[],False
2f79be0a937741ff,inventory.csv#5521,XG-135LC-85,XG-135LC-85,0.98,inventory.model,False,[],False
0936080ec1c9083e,inventory.csv#5522,XM-XP29_Plus,XM-XP29_Plus,0.98,inventory.model,False,[],False
5ac1876de7e26eb1,inventory.csv#5523,XM-XP_SERIES,XM-XP_SERIES,0.98,inventory.model,False,[],False
8869c7374fe2bc0a,inventory.csv#5524,XM2950,XM2950,0.98,inventory.model,False,[],False
5925a096d879c5f6,inventory.csv#5525,XM29_EXTRA,XM29_EXTRA,0.98,inventory.model,False,[],False
074996a7ac183738,inventory.csv#5526,XV2930,XV2930,0.98,inventory.model,False,[],False
229ad411126aa0f5,inventory.csv#5527,NCC-500,NCC-500,0.98,inventory.model,False,[],False
4763f973c05f6844,inventory.csv#5528,(space_redefined),(space_redefined),0.98,inventory.model,False,[],False
bc8ddcd4ae46c410,inventory.csv#5529,NA_150_INTEGRATED_AMP,NA_150_INTEGRATED_AMP,0.98,inventory.model,False,[],False
2580ec49345cebd9,inventory.csv#553,7_-1,7_-1,0.98,inventory.model,False,[],False
e3dba14161a344c5,inventory.csv#5530,NCD_1050R,NCD_1050R,0.98,inventory.model,False,[],False
6f9f34a56ac4060d,inventory.csv#5531,INTELLICONTROL_LEFT-FIFTH_BUTTON,INTELLICONTROL_LEFT-FIFTH_BUTTON,0.98,inventory.model,False,[],False
fe00ee070827ee3e,inventory.csv#5532,INTELLICONTROL_LEFT-FOURTH_BUTTON,INTELLICONTROL_LEFT-FOURTH_BUTTON,0.98,inventory.model,False,[],False
2866b8eb2fbf880a,inventory.csv#5533,INTELLICONTROL_LEFT-THIRD_BUTTON,INTELLICONTROL_LEFT-THIRD_BUTTON,0.98,inventory.model,False,[],False
3a2a212cc497a44d,inventory.csv#5534,INTELLICONTROL_LEFT_FIRST,INTELLICONTROL_LEFT_FIRST,0.98,inventory.model,False,[],False
2ddb8c94f4abd17f,inventory.csv#5535,INTELLICONTROL_LEFT_SECOND,INTELLICONTROL_LEFT_SECOND,0.98,inventory.model,False,[],False
e61c5cd2ca9e8a82,inventory.csv#5536,INTELLICONTROL_RIGHT-FIFTH_BUTTON,INTELLICONTROL_RIGHT-FIFTH_BUTTON,0.98,inventory.model,False,[],False
9e01d4872a4a6f26,inventory.csv#5537,INTELLICONTROL_RIGHT-FIRST_BUTTON,INTELLICONTROL_RIGHT-FIRST_BUTTON,0.98,inventory.model,False,[],False
3e384457fe0434bc,inventory.csv#5538,INTELLICONTROL_RIGHT-FOURTH_BUTTON,INTELLICONTROL_RIGHT-FOURTH_BUTTON,0.98,inventory.model,False,[],False
fbe82f977d0e4599,inventory.csv#5539,INTELLICONTROL_RIGHT-SECOND_BUTTON,INTELLICONTROL_RIGHT-SECOND_BUTTON,0.98,inventory.model,False,[],False
b54726e04ced0285,inventory.csv#554,116_-1,116_-1,0.98,inventory.model,False,[],False
7e70361da1c97586,inventory.csv#5540,INTELLICONTROL_RIGHT-THIRD_BUTTON,INTELLICONTROL_RIGHT-THIRD_BUTTON,0.98,inventory.model,False,[],False
f50badd9187ea17c,inventory.csv#5541,IRD-8,IRD-8,0.98,inventory.model,False,[],False
dd382a1ebea19005,inventory.csv#5542,No_model,No_model,0.98,inventory.model,False,[],False
0fc004f5d1a9ab3b,inventory.csv#5543,MRC3,MRC3,0.98,inventory.model,False,[],False
389553e4f4745058,inventory.csv#5544,CD_3101,CD_3101,0.98,inventory.model,False,[],False
d6f78b11d501c26e,inventory.csv#5545,CD_3101_(EVEN)(SERIAL_CONTROL),CD_3101_(EVEN)(SERIAL_CONTROL),0.98,inventory.model,False,[],False
a9831207a3f807ea,inventory.csv#5546,CD_3101_(ODD)(SERIAL_CONTROL),CD_3101_(ODD)(SERIAL_CONTROL),0.98,inventory.model,False,[],False
cc04b94ee6d54d29,inventory.csv#5547,NVDV3-8500N,NVDV3-8500N,0.98,inventory.model,False,[],False
d2da3cfecd73da34,inventory.csv#5548,VERTICAL_BLIND,VERTICAL_BLIND,0.98,inventory.model,False,[],False
d2e1306386ac6bff,inventory.csv#5549,DLP_D705Z,DLP_D705Z,0.98,inventory.model,False,[],False
823e172f795e5947,inventory.csv#555,200_-1,200_-1,0.98,inventory.model,False,[],False
895c188e09df2881,inventory.csv#5550,DLP_D705Z_1,DLP_D705Z_1,0.98,inventory.model,False,[],False
9f406a993831be73,inventory.csv#5551,NYCO_PS3_codes,NYCO_PS3_codes,0.98,inventory.model,False,[],False
3b66b1f400b119b4,inventory.csv#5552,SIGMA_ONE,SIGMA_ONE,0.98,inventory.model,False,[],False
72dcd0e18607a06f,inventory.csv#5553,537i_B12,537i_B12,0.98,inventory.model,False,[],False
5a025fd1a02f778f,inventory.csv#5554,232T_720P,232T_720P,0.98,inventory.model,False,[],False
8e8ec523ab70891c,inventory.csv#5555,035-IDS,035-IDS,0.98,inventory.model,False,[],False
75c7e3d59f99c822,inventory.csv#5556,PORTAL_GOLD,PORTAL_GOLD,0.98,inventory.model,False,[],False
56c1902b10e8c220,inventory.csv#5557,The_Portal_Gold_Medialink,The_Portal_Gold_Medialink,0.98,inventory.model,False,[],False
d1f81fedb3f98e23,inventory.csv#5558,A-SV610-TX-SV727_RECEIVER,A-SV610-TX-SV727_RECEIVER,0.98,inventory.model,False,[],False
2605be11bf560f18,inventory.csv#5559,BD-SP808,BD-SP808,0.98,inventory.model,False,[],False
0aa4d10e304af0d6,inventory.csv#556,25_-1,25_-1,0.98,inventory.model,False,[],False
c20983e5ed69ba8f,inventory.csv#5560,BD_Series,BD_Series,0.98,inventory.model,False,[],False
1f0ab4fd11fbec01,inventory.csv#5561,CASSETTE_DECK,CASSETTE_DECK,0.98,inventory.model,False,[],False
ed9c687c614a3bf2,inventory.csv#5562,CD_PLAYER_DX-606,CD_PLAYER_DX-606,0.98,inventory.model,False,[],False
63bed62a9872db31,inventory.csv#5563,DISCREET_CODES,DISCREET_CODES,0.98,inventory.model,False,[],False
bbbaa18120819b77,inventory.csv#5564,DPC-5.1,DPC-5.1,0.98,inventory.model,False,[],False
8ca64fdf21c4d9ef,inventory.csv#5565,DV-BD606,DV-BD606,0.98,inventory.model,False,[],False
87b927d5d887a33d,inventory.csv#5566,DV-M301,DV-M301,0.98,inventory.model,False,[],False
c569941e023ea1b3,inventory.csv#5567,DV-S501,DV-S501,0.98,inventory.model,False,[],False
b0ece973210e49a7,inventory.csv#5568,DV-SP406,DV-SP406,0.98,inventory.model,False,[],False
fb4e2da59c3c6171,inventory.csv#5569,DVC-503,DVC-503,0.98,inventory.model,False,[],False
6e6643d85a2aa221,inventory.csv#557,116_-1,116_-1,0.98,inventory.model,False,[],False
c27a17233163ca33,inventory.csv#5570,DVCP-500,DVCP-500,0.98,inventory.model,False,[],False
439dd83a237b8398,inventory.csv#5571,DVP-S500,DVP-S500,0.98,inventory.model,False,[],False
5e3f6f29ca526585,inventory.csv#5572,DVS-525,DVS-525,0.98,inventory.model,False,[],False
a4def83bb2c63a6c,inventory.csv#5573,DX-708_TAPE,DX-708_TAPE,0.98,inventory.model,False,[],False
589085a975082ede,inventory.csv#5574,DX-C220,DX-C220,0.98,inventory.model,False,[],False
e255e5ee3bca6a7a,inventory.csv#5575,DX-C370,DX-C370,0.98,inventory.model,False,[],False
8b469a80d4731cbe,inventory.csv#5576,DX-C909_CD,DX-C909_CD,0.98,inventory.model,False,[],False
ed8459f91dcbe1fc,inventory.csv#5577,DXC606_CD-DAT,DXC606_CD-DAT,0.98,inventory.model,False,[],False
2759530e0a4659ff,inventory.csv#5578,LASER_DISC,LASER_DISC,0.98,inventory.model,False,[],False
43c3f5d38518ae00,inventory.csv#5579,Onkyo,Onkyo,0.98,inventory.model,False,[],False
7a608e9a63db5a17,inventory.csv#558,200_-1,200_-1,0.98,inventory.model,False,[],False
bed728d0b166bc7e,inventory.csv#5580,1,1,0.98,inventory.model,False,[],False
39393b0509ef15bf,inventory.csv#5581,2,2,0.98,inventory.model,False,[],False
67bc1674be1e55e5,inventory.csv#5582,3,3,0.98,inventory.model,False,[],False
5ceed7927e7b82d3,inventory.csv#5583,OnkyoRecv,OnkyoRecv,0.98,inventory.model,False,[],False
f30629954e7f0025,inventory.csv#5584,OnkyoRecv_1,OnkyoRecv_1,0.98,inventory.model,False,[],False
e13f704c02cc5e26,inventory.csv#5585,OnkyoRecv_2,OnkyoRecv_2,0.98,inventory.model,False,[],False
9ee92e8c69ffc066,inventory.csv#5586,OnkyoRecv_3,OnkyoRecv_3,0.98,inventory.model,False,[],False
3d61686268719d3b,inventory.csv#5587,OnkyoRecv_4,OnkyoRecv_4,0.98,inventory.model,False,[],False
7994402a9ce7d387,inventory.csv#5588,RC-322C_-_CD_SELECTED,RC-322C_-_CD_SELECTED,0.98,inventory.model,False,[],False
8db32913d0141a98,inventory.csv#5589,RECEIVER_TX-SV727,RECEIVER_TX-SV727,0.98,inventory.model,False,[],False
d34d006345c65ef4,inventory.csv#559,17_-1,17_-1,0.98,inventory.model,False,[],False
5f219d802dc49fdf,inventory.csv#5590,Recv,Recv,0.98,inventory.model,False,[],False
af8e215cffa61a7f,inventory.csv#5591,Recv_1,Recv_1,0.98,inventory.model,False,[],False
e3687e621d8e8bc5,inventory.csv#5592,Recv_10,Recv_10,0.98,inventory.model,False,[],False
d99d32e06f4e304c,inventory.csv#5593,Recv_11,Recv_11,0.98,inventory.model,False,[],False
1ffe81f885628dc4,inventory.csv#5594,Recv_12,Recv_12,0.98,inventory.model,False,[],False
842edaf4dbcd2fdc,inventory.csv#5595,Recv_2,Recv_2,0.98,inventory.model,False,[],False
94ec5464a5f709e4,inventory.csv#5596,Recv_3,Recv_3,0.98,inventory.model,False,[],False
3206d910ae0e0b52,inventory.csv#5597,Recv_4,Recv_4,0.98,inventory.model,False,[],False
f57b8399979628f1,inventory.csv#5598,Recv_5,Recv_5,0.98,inventory.model,False,[],False
9c58d16359b7c899,inventory.csv#5599,Recv_6,Recv_6,0.98,inventory.model,False,[],False
863ba801d5b56452,inventory.csv#56,128_123,128_123,0.98,inventory.model,False,[],False
d672231d9a56b6bc,inventory.csv#560,7_-1,7_-1,0.98,inventory.model,False,[],False
61745980a5d962ef,inventory.csv#5600,Recv_7,Recv_7,0.98,inventory.model,False,[],False
e0e86cf509862c74,inventory.csv#5601,Recv_8,Recv_8,0.98,inventory.model,False,[],False
aa9a61a8ba75962f,inventory.csv#5602,Recv_9,Recv_9,0.98,inventory.model,False,[],False
0edd0d9b5399adb1,inventory.csv#5603,RV-400,RV-400,0.98,inventory.model,False,[],False
934fc29c6de1eee6,inventory.csv#5604,T-4555,T-4555,0.98,inventory.model,False,[],False
8664b7980a9693ef,inventory.csv#5605,TA-28XX,TA-28XX,0.98,inventory.model,False,[],False
e7a6f93d8583d70f,inventory.csv#5606,TA-R401_CASSETTE_DECK,TA-R401_CASSETTE_DECK,0.98,inventory.model,False,[],False
c08353aa0aaf48c0,inventory.csv#5607,TARW-909_DUAL_CASSETTE_DECK_A_B,TARW-909_DUAL_CASSETTE_DECK_A_B,0.98,inventory.model,False,[],False
b43309af472d356c,inventory.csv#5608,TARW_490,TARW_490,0.98,inventory.model,False,[],False
0c6ea401192a2f1a,inventory.csv#5609,TSXR-607,TSXR-607,0.98,inventory.model,False,[],False
2cca126744c00708,inventory.csv#561,0_-1,0_-1,0.98,inventory.model,False,[],False
f27385e75317bad0,inventory.csv#5610,TX-DS939,TX-DS939,0.98,inventory.model,False,[],False
bc6b6a77e9483e59,inventory.csv#5611,TX-NR1009,TX-NR1009,0.98,inventory.model,False,[],False
5587799395c6331c,inventory.csv#5612,TX-NR3009,TX-NR3009,0.98,inventory.model,False,[],False
fd526026196c8fe0,inventory.csv#5613,TX-NR609,TX-NR609,0.98,inventory.model,False,[],False
ad54175273a87b27,inventory.csv#5614,TX-NR809,TX-NR809,0.98,inventory.model,False,[],False
3bc44a00478a5df6,inventory.csv#5615,TX-NR_Series,TX-NR_Series,0.98,inventory.model,False,[],False
7678ca0ba157f58a,inventory.csv#5616,TX_NR709,TX_NR709,0.98,inventory.model,False,[],False
ebf371094e55d3ca,inventory.csv#5617,TXDS-656,TXDS-656,0.98,inventory.model,False,[],False
eb4bbd778f75ef0f,inventory.csv#5618,TXDS-797,TXDS-797,0.98,inventory.model,False,[],False
f77f568400577504,inventory.csv#5619,TXSR-700,TXSR-700,0.98,inventory.model,False,[],False
afb4617eb08114c5,inventory.csv#562,0_127,0_127,0.98,inventory.model,False,[],False
c745355da2d550b1,inventory.csv#5620,BDP-83,BDP-83,0.98,inventory.model,False,[],False
fde83a3bcad6277f,inventory.csv#5621,BDP-93,BDP-93,0.98,inventory.model,False,[],False
6ff0d892c487c077,inventory.csv#5622,DV-981HD,DV-981HD,0.98,inventory.model,False,[],False
e888cd8eb50a44c3,inventory.csv#5623,EH1060,EH1060,0.98,inventory.model,False,[],False
f9d29c7b7c22e224,inventory.csv#5624,EH7500,EH7500,0.98,inventory.model,False,[],False
82bee75beae7b078,inventory.csv#5625,OPT_HD2200,OPT_HD2200,0.98,inventory.model,False,[],False
af638521f0bdd6ef,inventory.csv#5626,DC50,DC50,0.98,inventory.model,False,[],False
aca59e44f60622e4,inventory.csv#5627,DVR-500,DVR-500,0.98,inventory.model,False,[],False
ca9d3aff92c0a084,inventory.csv#5628,MSS-101,MSS-101,0.98,inventory.model,False,[],False
9409a74a49c21152,inventory.csv#5629,MSS_SERIES,MSS_SERIES,0.98,inventory.model,False,[],False
bbbb4bc50a27c325,inventory.csv#563,110_146,110_146,0.98,inventory.model,False,[],False
32d6e5b6fbe3c483,inventory.csv#5630,MSS_SERIES_1,MSS_SERIES_1,0.98,inventory.model,False,[],False
fd830dba8be4e6cd,inventory.csv#5631,MSS_SERIES_SATELLITE_RECEIVERS,MSS_SERIES_SATELLITE_RECEIVERS,0.98,inventory.model,False,[],False
ab865f593f93ddd9,inventory.csv#5632,DSS_+_TV,DSS_+_TV,0.98,inventory.model,False,[],False
23777135ff3faeae,inventory.csv#5633,SATELLITE_RECEIVER,SATELLITE_RECEIVER,0.98,inventory.model,False,[],False
153d8a20694ae05a,inventory.csv#5634,2850,2850,0.98,inventory.model,False,[],False
761089b97f866a0f,inventory.csv#5635,50_HDTV,50_HDTV,0.98,inventory.model,False,[],False
f13e37df01404593,inventory.csv#5636,7X-37A2D_MONITOR,7X-37A2D_MONITOR,0.98,inventory.model,False,[],False
071a1dece03ac968,inventory.csv#5637,A-110,A-110,0.98,inventory.model,False,[],False
99bf1db08e749ce9,inventory.csv#5638,A310,A310,0.98,inventory.model,False,[],False
f274b279c17b41e6,inventory.csv#5639,A6-DV2000P,A6-DV2000P,0.98,inventory.model,False,[],False
14fdbb45a6818168,inventory.csv#564,0_-1,0_-1,0.98,inventory.model,False,[],False
b016c28c6d2e018a,inventory.csv#5640,AG-1330,AG-1330,0.98,inventory.model,False,[],False
bf1ad5f5f211fb4b,inventory.csv#5641,AG-1330P,AG-1330P,0.98,inventory.model,False,[],False
15ae2780451e7f3c,inventory.csv#5642,AG-1970-1980,AG-1970-1980,0.98,inventory.model,False,[],False
c4f2c41d6274e54e,inventory.csv#5643,AG-1970,AG-1970,0.98,inventory.model,False,[],False
77ce20cfd18591e3,inventory.csv#5644,AG-2560,AG-2560,0.98,inventory.model,False,[],False
f81678fdcd1eaaf3,inventory.csv#5645,AG-2570,AG-2570,0.98,inventory.model,False,[],False
f26000336caa09fa,inventory.csv#5646,AG-2580,AG-2580,0.98,inventory.model,False,[],False
3b58a1885f78fe82,inventory.csv#5647,AG-2900,AG-2900,0.98,inventory.model,False,[],False
556e1b2a49370f27,inventory.csv#5648,AG-500_CD_PLAYER,AG-500_CD_PLAYER,0.98,inventory.model,False,[],False
9fcb4ae200102dfe,inventory.csv#5649,AG-520A_TVCR_COMBO,AG-520A_TVCR_COMBO,0.98,inventory.model,False,[],False
8a12c44565c95553,inventory.csv#565,14_-1,14_-1,0.98,inventory.model,False,[],False
b0e8193eedd9e561,inventory.csv#5650,AG-W3,AG-W3,0.98,inventory.model,False,[],False
3c9024db5c3f232e,inventory.csv#5651,AG1310,AG1310,0.98,inventory.model,False,[],False
72cb0afbd804ab9b,inventory.csv#5652,AG7330E,AG7330E,0.98,inventory.model,False,[],False
e2e6a1c3309a4ee7,inventory.csv#5653,AGVP310,AGVP310,0.98,inventory.model,False,[],False
c6e3f383ef520a3c,inventory.csv#5654,AW-HE100N,AW-HE100N,0.98,inventory.model,False,[],False
5a3fefcd5d50fd05,inventory.csv#5655,CT-1383VY,CT-1383VY,0.98,inventory.model,False,[],False
eeb191407c0015d0,inventory.csv#5656,CT-27613W,CT-27613W,0.98,inventory.model,False,[],False
3ec1e84559a0ae97,inventory.csv#5657,CT-2787V4,CT-2787V4,0.98,inventory.model,False,[],False
77b1da81d60b8939,inventory.csv#5658,CT-32XF56,CT-32XF56,0.98,inventory.model,False,[],False
0e53e4a9de9a2c9b,inventory.csv#5659,CT27G14,CT27G14,0.98,inventory.model,False,[],False
933c1d8ef436e5db,inventory.csv#566,15_-1,15_-1,0.98,inventory.model,False,[],False
d4a0d40bea205cbb,inventory.csv#5660,CT35S31,CT35S31,0.98,inventory.model,False,[],False
97a0561d7240a560,inventory.csv#5661,CT36VG50V,CT36VG50V,0.98,inventory.model,False,[],False
0fbcb977277bca48,inventory.csv#5662,CTP-25280S2_(TV),CTP-25280S2_(TV),0.98,inventory.model,False,[],False
97abed7d96a0a29c,inventory.csv#5663,DISCREET_CODES,DISCREET_CODES,0.98,inventory.model,False,[],False
f3ea22a8c0e41e9c,inventory.csv#5664,DMP-BD30K,DMP-BD30K,0.98,inventory.model,False,[],False
6187cb1c414a8130,inventory.csv#5665,DMP-BD70,DMP-BD70,0.98,inventory.model,False,[],False
b926ce6872f12c0f,inventory.csv#5666,DMP-BD75,DMP-BD75,0.98,inventory.model,False,[],False
67e9e3904220eb2d,inventory.csv#5667,DMP-BDT110,DMP-BDT110,0.98,inventory.model,False,[],False
2dc96cd2c9a4eed1,inventory.csv#5668,DMP-BDT210,DMP-BDT210,0.98,inventory.model,False,[],False
463fd2931f727050,inventory.csv#5669,DMP-BDT300,DMP-BDT300,0.98,inventory.model,False,[],False
b060381c1b06d6a4,inventory.csv#567,1_-1,1_-1,0.98,inventory.model,False,[],False
1dda859731fcd5a8,inventory.csv#5670,DMR-E10,DMR-E10,0.98,inventory.model,False,[],False
855b2d2fce6b5527,inventory.csv#5671,DMR-E50,DMR-E50,0.98,inventory.model,False,[],False
0f0eb4ec31cdb4f1,inventory.csv#5672,DMR-EZ37VS,DMR-EZ37VS,0.98,inventory.model,False,[],False
af4172eeb5ab34f2,inventory.csv#5673,DMREA18,DMREA18,0.98,inventory.model,False,[],False
afec6dd00b03cebe,inventory.csv#5674,DMREZ17,DMREZ17,0.98,inventory.model,False,[],False
8f1ec0d793a7fde7,inventory.csv#5675,DMREZ27,DMREZ27,0.98,inventory.model,False,[],False
ee0e2d880a89ae8c,inventory.csv#5676,DMREZ28,DMREZ28,0.98,inventory.model,False,[],False
70a88b8de4108b1e,inventory.csv#5677,DMREZ37,DMREZ37,0.98,inventory.model,False,[],False
5041ffd03d53c614,inventory.csv#5678,DMREZ38,DMREZ38,0.98,inventory.model,False,[],False
7e316230aac18bd3,inventory.csv#5679,DMREZ47,DMREZ47,0.98,inventory.model,False,[],False
17facf92545267fc,inventory.csv#568,27_-1,27_-1,0.98,inventory.model,False,[],False
e3e6a75d33eda3e2,inventory.csv#5680,DMREZ48,DMREZ48,0.98,inventory.model,False,[],False
b2a968e096168193,inventory.csv#5681,DMREZ485,DMREZ485,0.98,inventory.model,False,[],False
7a9f4098cc455fda,inventory.csv#5682,DSS_UNIT_DBS-20,DSS_UNIT_DBS-20,0.98,inventory.model,False,[],False
337c39a54a0dd4a0,inventory.csv#5683,DT-2730MS,DT-2730MS,0.98,inventory.model,False,[],False
2f5b0a37ee143b0a,inventory.csv#5684,DVD-A120,DVD-A120,0.98,inventory.model,False,[],False
55b455e8348806b5,inventory.csv#5685,DVD-CV50U,DVD-CV50U,0.98,inventory.model,False,[],False
ebab8c19916d77d1,inventory.csv#5686,DVD-CV52,DVD-CV52,0.98,inventory.model,False,[],False
93c6adbc3d8477f0,inventory.csv#5687,DVD-K510,DVD-K510,0.98,inventory.model,False,[],False
4223ee56c7e17f1d,inventory.csv#5688,DVD-RV31F,DVD-RV31F,0.98,inventory.model,False,[],False
6880c91ec526da8f,inventory.csv#5689,DVD-RV32K,DVD-RV32K,0.98,inventory.model,False,[],False
daec66734b6dd6c9,inventory.csv#569,62_16,62_16,0.98,inventory.model,False,[],False
95bdf6e37ecbf197,inventory.csv#5690,DVD-RV65U,DVD-RV65U,0.98,inventory.model,False,[],False
4c527ad2977defa1,inventory.csv#5691,DVD-S35,DVD-S35,0.98,inventory.model,False,[],False
6ab3b921219ec752,inventory.csv#5692,DVD,DVD,0.98,inventory.model,False,[],False
643a986de5a21e54,inventory.csv#5693,DVD_T2000,DVD_T2000,0.98,inventory.model,False,[],False
31482c3e2b434f86,inventory.csv#5694,DVD_Video_Recorder_DMR-E85H,DVD_Video_Recorder_DMR-E85H,0.98,inventory.model,False,[],False
2ac0697f87a5e01a,inventory.csv#5695,DVDA320,DVDA320,0.98,inventory.model,False,[],False
cfe2be038425167a,inventory.csv#5696,DVDRPD,DVDRPD,0.98,inventory.model,False,[],False
f979b8731ed1f522,inventory.csv#5697,DVP-4762,DVP-4762,0.98,inventory.model,False,[],False
fc144cbb050a6077,inventory.csv#5698,LASER_DISCS,LASER_DISCS,0.98,inventory.model,False,[],False
76140c3710648389,inventory.csv#5699,LX-1000,LX-1000,0.98,inventory.model,False,[],False
4765406000fa6b65,inventory.csv#57,112_0,112_0,0.98,inventory.model,False,[],False
cd074f16eec54de2,inventory.csv#570,15_-1,15_-1,0.98,inventory.model,False,[],False
a5c3ec15b990b255,inventory.csv#5700,CPVT25,CPVT25,0.98,inventory.model,False,[],False
dfb1024588b5be1c,inventory.csv#5701,PROGRAM_DIRECTOR,PROGRAM_DIRECTOR,0.98,inventory.model,False,[],False
e606642c602e7da1,inventory.csv#5702,PROJECTOR,PROJECTOR,0.98,inventory.model,False,[],False
f874bed393b23b72,inventory.csv#5703,PT-B2010U,PT-B2010U,0.98,inventory.model,False,[],False
227f3f36241ecf7a,inventory.csv#5704,PT421P1_-_PLASMA,PT421P1_-_PLASMA,0.98,inventory.model,False,[],False
3089b50392b92485,inventory.csv#5705,PT52DL10,PT52DL10,0.98,inventory.model,False,[],False
e894b5fa01b8a469,inventory.csv#5706,PTL5-556U,PTL5-556U,0.98,inventory.model,False,[],False
ae2915f48899ee55,inventory.csv#5707,PTL595U,PTL595U,0.98,inventory.model,False,[],False
7968f504bf048337,inventory.csv#5708,PTL795U,PTL795U,0.98,inventory.model,False,[],False
11897f0070228dae,inventory.csv#5709,PV-4401,PV-4401,0.98,inventory.model,False,[],False
cda6acfa5e6e8d70,inventory.csv#571,27_-1,27_-1,0.98,inventory.model,False,[],False
a32448e2dc2a1152,inventory.csv#5710,PV-4451,PV-4451,0.98,inventory.model,False,[],False
d8e1858e0084c3b9,inventory.csv#5711,PV-4480,PV-4480,0.98,inventory.model,False,[],False
d3e420cf55127313,inventory.csv#5712,PV-8451,PV-8451,0.98,inventory.model,False,[],False
e5bf998afd81aa9c,inventory.csv#5713,PV-9450,PV-9450,0.98,inventory.model,False,[],False
779bd6183bc104af,inventory.csv#5714,PV-D4742,PV-D4742,0.98,inventory.model,False,[],False
ac6118c6b3f29bf7,inventory.csv#5715,PV-F980,PV-F980,0.98,inventory.model,False,[],False
f6c46b9053a77e94,inventory.csv#5716,PV-HD1000,PV-HD1000,0.98,inventory.model,False,[],False
fd85495142dca014,inventory.csv#5717,PV-V4020,PV-V4020,0.98,inventory.model,False,[],False
695c43abf41a965a,inventory.csv#5718,PV-V4520,PV-V4520,0.98,inventory.model,False,[],False
0314c7c64c37929d,inventory.csv#5719,PV-V4820,PV-V4820,0.98,inventory.model,False,[],False
926c0acc599be970,inventory.csv#572,0_-1,0_-1,0.98,inventory.model,False,[],False
7682a63f4e840307,inventory.csv#5720,PV-VS4820,PV-VS4820,0.98,inventory.model,False,[],False
be30b8fa29a18c57,inventory.csv#5721,PV8664,PV8664,0.98,inventory.model,False,[],False
182fbf022b12aecf,inventory.csv#5722,PV9451,PV9451,0.98,inventory.model,False,[],False
05f620535e62bc4e,inventory.csv#5723,PVS-7880,PVS-7880,0.98,inventory.model,False,[],False
ae2d345d9d2e5d5c,inventory.csv#5724,PVS-9670,PVS-9670,0.98,inventory.model,False,[],False
9490c88e5f10b097,inventory.csv#5725,PVS-9760,PVS-9760,0.98,inventory.model,False,[],False
9f662e2e47909b97,inventory.csv#5726,PVS4680,PVS4680,0.98,inventory.model,False,[],False
f41837e963827aa7,inventory.csv#5727,PVU-4020,PVU-4020,0.98,inventory.model,False,[],False
eab01757594dd0c4,inventory.csv#5728,PVV4620,PVV4620,0.98,inventory.model,False,[],False
b1d691598535d1e1,inventory.csv#5729,RP56,RP56,0.98,inventory.model,False,[],False
814392645c273007,inventory.csv#573,14_-1,14_-1,0.98,inventory.model,False,[],False
677fdd4058dfaa67,inventory.csv#5730,SC-HT920,SC-HT920,0.98,inventory.model,False,[],False
1b1b34e965eed1c3,inventory.csv#5731,SV-3700_(DIGITAL_AUDIO_TAPE),SV-3700_(DIGITAL_AUDIO_TAPE),0.98,inventory.model,False,[],False
85e42256ef04dbe1,inventory.csv#5732,SV-4100_(DIGITAL_AUDIO_TAPE),SV-4100_(DIGITAL_AUDIO_TAPE),0.98,inventory.model,False,[],False
4f79b5419d21a0cf,inventory.csv#5733,SV3800,SV3800,0.98,inventory.model,False,[],False
43f0126a7f978d37,inventory.csv#5734,TBD,TBD,0.98,inventory.model,False,[],False
2e882f75bfa9e2ad,inventory.csv#5735,TC-215V10H_G-CODE,TC-215V10H_G-CODE,0.98,inventory.model,False,[],False
6dc6f8a56545d56a,inventory.csv#5736,TC-L47WT50,TC-L47WT50,0.98,inventory.model,False,[],False
94db35e7e4fbce83,inventory.csv#5737,TC-P42ST30,TC-P42ST30,0.98,inventory.model,False,[],False
1c3f86c25964fc99,inventory.csv#5738,TC-P42X3,TC-P42X3,0.98,inventory.model,False,[],False
154d377cbeae01a2,inventory.csv#5739,TC-P46S30,TC-P46S30,0.98,inventory.model,False,[],False
627c89439ef39307,inventory.csv#574,0_-1,0_-1,0.98,inventory.model,False,[],False
dbbea5e29c0fb7fa,inventory.csv#5740,TC-P46X3,TC-P46X3,0.98,inventory.model,False,[],False
4bde28e70723e44a,inventory.csv#5741,TC-P50GT30,TC-P50GT30,0.98,inventory.model,False,[],False
c72cf199d1175a44,inventory.csv#5742,TC-P50X3,TC-P50X3,0.98,inventory.model,False,[],False
ed366a05d57a385a,inventory.csv#5743,TC-P55VT30,TC-P55VT30,0.98,inventory.model,False,[],False
a96daedf4191fcd4,inventory.csv#5744,TC-P65S1,TC-P65S1,0.98,inventory.model,False,[],False
8cce8ce48297ac58,inventory.csv#5745,TH-42PCZ85U,TH-42PCZ85U,0.98,inventory.model,False,[],False
0e146170ee224769,inventory.csv#5746,TNQE239,TNQE239,0.98,inventory.model,False,[],False
48c1a7c71fb3d208,inventory.csv#5747,TU-HDS20,TU-HDS20,0.98,inventory.model,False,[],False
a270163e75e38b07,inventory.csv#5748,TV-4640,TV-4640,0.98,inventory.model,False,[],False
63d81b952e1b9909,inventory.csv#5749,TZ-PC175,TZ-PC175,0.98,inventory.model,False,[],False
a7d1fd13d76e94cd,inventory.csv#575,128_126,128_126,0.98,inventory.model,False,[],False
95e31da966922737,inventory.csv#5750,TZ-PC175_CABLE_BOX,TZ-PC175_CABLE_BOX,0.98,inventory.model,False,[],False
8a9453352f028a41,inventory.csv#5751,UNKNOWN,UNKNOWN,0.98,inventory.model,False,[],False
c5a99f279b232ab6,inventory.csv#5752,VCR-TV-CATV,VCR-TV-CATV,0.98,inventory.model,False,[],False
01a4c37c50c98753,inventory.csv#5753,VCR-TV-CATV_1,VCR-TV-CATV_1,0.98,inventory.model,False,[],False
5f67d398791063bf,inventory.csv#5754,VCR-TV-CATV_2,VCR-TV-CATV_2,0.98,inventory.model,False,[],False
84c0b4db50c51240,inventory.csv#5755,VCR_VTR1,VCR_VTR1,0.98,inventory.model,False,[],False
e88d094acbf67530,inventory.csv#5756,VCR_VTR_2,VCR_VTR_2,0.98,inventory.model,False,[],False
b5345476e19570b6,inventory.csv#5757,VIDEO_FLOPPY_UNIT-PLAYER,VIDEO_FLOPPY_UNIT-PLAYER,0.98,inventory.model,False,[],False
6e84b68b9f1e7498,inventory.csv#5758,VT_series,VT_series,0.98,inventory.model,False,[],False
f58d14033d8f531d,inventory.csv#5759,AVC-1800,AVC-1800,0.98,inventory.model,False,[],False
42d75f2ad0f226ba,inventory.csv#576,4_15,4_15,0.98,inventory.model,False,[],False
ec46beaf624b3c91,inventory.csv#5760,AVC-2500,AVC-2500,0.98,inventory.model,False,[],False
dcb91d5dc4ec5009,inventory.csv#5761,C-DP1000,C-DP1000,0.98,inventory.model,False,[],False
545b51d51ef9cbfa,inventory.csv#5762,P-DD-1500,P-DD-1500,0.98,inventory.model,False,[],False
f0192eb71e1084fc,inventory.csv#5763,P-LD1100,P-LD1100,0.98,inventory.model,False,[],False
6940c012381379bb,inventory.csv#5764,R-5,R-5,0.98,inventory.model,False,[],False
b24b578870655f75,inventory.csv#5765,TDQ-1600,TDQ-1600,0.98,inventory.model,False,[],False
6952f068a167634a,inventory.csv#5766,ZPRE,ZPRE,0.98,inventory.model,False,[],False
c4032cce865fe6e2,inventory.csv#5767,1DTV100HZ_Digital_scan,1DTV100HZ_Digital_scan,0.98,inventory.model,False,[],False
9228e7863c22016a,inventory.csv#5768,32FD9954,32FD9954,0.98,inventory.model,False,[],False
6323a181ebe6d6da,inventory.csv#5769,42FD9932,42FD9932,0.98,inventory.model,False,[],False
fd0d165d9058764a,inventory.csv#577,56_-1,56_-1,0.98,inventory.model,False,[],False
ac92a011b31d672e,inventory.csv#5770,42FD9954,42FD9954,0.98,inventory.model,False,[],False
6ec4cd2c757f1085,inventory.csv#5771,5141,5141,0.98,inventory.model,False,[],False
ca5a5c24059438b5,inventory.csv#5772,64PH9905,64PH9905,0.98,inventory.model,False,[],False
a89e2d7bffc0ac9b,inventory.csv#5773,64PP990,64PP990,0.98,inventory.model,False,[],False
9adb63dfc9d10728,inventory.csv#5774,DSR-6000-R01,DSR-6000-R01,0.98,inventory.model,False,[],False
307a1d115ffd162f,inventory.csv#5775,DSR6000-RO1,DSR6000-RO1,0.98,inventory.model,False,[],False
9e21e082f8fb52b5,inventory.csv#5776,DSX5353R,DSX5353R,0.98,inventory.model,False,[],False
9040b124632184b2,inventory.csv#5777,DVD-170,DVD-170,0.98,inventory.model,False,[],False
44fdf21978f6ff3b,inventory.csv#5778,DVD-175,DVD-175,0.98,inventory.model,False,[],False
2b95027e1063ff8d,inventory.csv#5779,DVD-711AT,DVD-711AT,0.98,inventory.model,False,[],False
f5c75460f7aa13f4,inventory.csv#578,0_-1,0_-1,0.98,inventory.model,False,[],False
2684b717f7188de0,inventory.csv#5780,DVD-727,DVD-727,0.98,inventory.model,False,[],False
2c502586e2158a64,inventory.csv#5781,DVD-825,DVD-825,0.98,inventory.model,False,[],False
87e63172caf38a85,inventory.csv#5782,DVD-905,DVD-905,0.98,inventory.model,False,[],False
58340175fd35cc3e,inventory.csv#5783,DVD-950,DVD-950,0.98,inventory.model,False,[],False
3d953ec09210ba51,inventory.csv#5784,DVD400AT,DVD400AT,0.98,inventory.model,False,[],False
b463b29f04ff4369,inventory.csv#5785,DVD750VR-17,DVD750VR-17,0.98,inventory.model,False,[],False
0f3846bc005ca6e7,inventory.csv#5786,DVDR850,DVDR850,0.98,inventory.model,False,[],False
af4a9e5289ce0fa4,inventory.csv#5787,DVDR985,DVDR985,0.98,inventory.model,False,[],False
66279a302c345260,inventory.csv#5788,DVP-3340P,DVP-3340P,0.98,inventory.model,False,[],False
8f49ac52c8017698,inventory.csv#5789,DVP3982-DVP3980,DVP3982-DVP3980,0.98,inventory.model,False,[],False
40ae908d399ac833,inventory.csv#579,65_0,65_0,0.98,inventory.model,False,[],False
c7fdab73ae4a941a,inventory.csv#5790,DVP5140,DVP5140,0.98,inventory.model,False,[],False
b581a38d065a1e14,inventory.csv#5791,DVX8000,DVX8000,0.98,inventory.model,False,[],False
08bafe7aac9eb44f,inventory.csv#5792,DVX8000_(EVEN),DVX8000_(EVEN),0.98,inventory.model,False,[],False
80b9e61201d65812,inventory.csv#5793,DVX8000_(ODD),DVX8000_(ODD),0.98,inventory.model,False,[],False
10d974ab6c0243ec,inventory.csv#5794,DVX8000_TUNER_ONLY,DVX8000_TUNER_ONLY,0.98,inventory.model,False,[],False
0a99b648e85394e3,inventory.csv#5795,FPR-9964,FPR-9964,0.98,inventory.model,False,[],False
e7003bfeca2c2077,inventory.csv#5796,FTR-9964,FTR-9964,0.98,inventory.model,False,[],False
8dd2b43a6d602770,inventory.csv#5797,LC-3500,LC-3500,0.98,inventory.model,False,[],False
b7bdd7892f8cfe48,inventory.csv#5798,LC-3500_(ODD),LC-3500_(ODD),0.98,inventory.model,False,[],False
b7b1e2fa25ef52c4,inventory.csv#5799,LC-4500_PROSCREEN,LC-4500_PROSCREEN,0.98,inventory.model,False,[],False
a302c88a1d120b8c,inventory.csv#58,112_0,112_0,0.98,inventory.model,False,[],False
75d31ea0c476b68d,inventory.csv#580,64_64,64_64,0.98,inventory.model,False,[],False
9f0f842430ea7161,inventory.csv#5800,LRD_800,LRD_800,0.98,inventory.model,False,[],False
4a8a613507dd6ea7,inventory.csv#5801,MAT972A1(WEB_MODE),MAT972A1(WEB_MODE),0.98,inventory.model,False,[],False
db4ad1e26c155aa0,inventory.csv#5802,N-A,N-A,0.98,inventory.model,False,[],False
ff5f7ac592b159e3,inventory.csv#5803,No_model,No_model,0.98,inventory.model,False,[],False
9af4dfc26ed9e64b,inventory.csv#5804,PD-5029C_MONITOR,PD-5029C_MONITOR,0.98,inventory.model,False,[],False
6cca6f14073a5ce5,inventory.csv#5805,PFL3603D,PFL3603D,0.98,inventory.model,False,[],False
363d26dd7debb2c8,inventory.csv#5806,42PFL3603D-27,42PFL3603D-27,0.98,inventory.model,False,[],False
87e3e4c2ba52f064,inventory.csv#5807,PR139,PR139,0.98,inventory.model,False,[],False
0493712abec56191,inventory.csv#5808,PROSCREEN_4500-4600,PROSCREEN_4500-4600,0.98,inventory.model,False,[],False
53872520ad93e4f5,inventory.csv#5809,PROSCREEN_4700,PROSCREEN_4700,0.98,inventory.model,False,[],False
b140614eb3860103,inventory.csv#581,1_-1,1_-1,0.98,inventory.model,False,[],False
6c3c51986f88d289,inventory.csv#5810,PTV-300,PTV-300,0.98,inventory.model,False,[],False
d8c8352152c8f441,inventory.csv#5811,R24080,R24080,0.98,inventory.model,False,[],False
5a3a69252dfadef5,inventory.csv#5812,S-VHS_VR_967,S-VHS_VR_967,0.98,inventory.model,False,[],False
6e368aa8644d3256,inventory.csv#5813,SV201,SV201,0.98,inventory.model,False,[],False
88dd6c8d716f524b,inventory.csv#5814,TIVO,TIVO,0.98,inventory.model,False,[],False
dc02b1d884003107,inventory.csv#5815,TP2784C101,TP2784C101,0.98,inventory.model,False,[],False
165b1b2d1f9a4fbf,inventory.csv#5816,TV_PA3627C,TV_PA3627C,0.98,inventory.model,False,[],False
7b287f2358654c95,inventory.csv#5817,Universal_LCD-Plasma,Universal_LCD-Plasma,0.98,inventory.model,False,[],False
cbfc23da91fafb04,inventory.csv#5818,VR969,VR969,0.98,inventory.model,False,[],False
a1ea4061871f64f5,inventory.csv#5819,VRA-999,VRA-999,0.98,inventory.model,False,[],False
2cbdcfa980472205,inventory.csv#582,128_114,128_114,0.98,inventory.model,False,[],False
7fdeb1953c02ba0d,inventory.csv#5820,Plus,Plus,0.98,inventory.model,False,[],False
6cae218e0040e5df,inventory.csv#5821,4500,4500,0.98,inventory.model,False,[],False
01654fb01eb7cce4,inventory.csv#5822,960,960,0.98,inventory.model,False,[],False
b8ffe73147f8d972,inventory.csv#5823,VENUE_2000,VENUE_2000,0.98,inventory.model,False,[],False
a465862791e7b594,inventory.csv#5824,NET_TV,NET_TV,0.98,inventory.model,False,[],False
e75d09aa2d7bd469,inventory.csv#5825,Media_Star,Media_Star,0.98,inventory.model,False,[],False
bdd44d085c55f997,inventory.csv#5826,50_DISC,50_DISC,0.98,inventory.model,False,[],False
350973086431bacf,inventory.csv#5827,AC-5_PREAMP,AC-5_PREAMP,0.98,inventory.model,False,[],False
277031619707ab07,inventory.csv#5828,BDP-41FD,BDP-41FD,0.98,inventory.model,False,[],False
bac30d67ade25f2c,inventory.csv#5829,BDP-43FD,BDP-43FD,0.98,inventory.model,False,[],False
68c9c3624b6c45d9,inventory.csv#583,129_49,129_49,0.98,inventory.model,False,[],False
14064575bc604f93,inventory.csv#5830,BDP-95FD,BDP-95FD,0.98,inventory.model,False,[],False
29647e55b6cdf822,inventory.csv#5831,BDP_Series,BDP_Series,0.98,inventory.model,False,[],False
9273ba8374a7f75c,inventory.csv#5832,CABLE_BOX,CABLE_BOX,0.98,inventory.model,False,[],False
fd4954e3051dbdc6,inventory.csv#5833,CD,CD,0.98,inventory.model,False,[],False
73f23a867e564ff1,inventory.csv#5834,CD_CDV_LD_PLAYER,CD_CDV_LD_PLAYER,0.98,inventory.model,False,[],False
0e3a463417710c2c,inventory.csv#5835,CLD-0604,CLD-0604,0.98,inventory.model,False,[],False
74e4a4022ebcf985,inventory.csv#5836,CLD-1070,CLD-1070,0.98,inventory.model,False,[],False
db85fc00a74301bb,inventory.csv#5837,CLD-702_LASER_DISC,CLD-702_LASER_DISC,0.98,inventory.model,False,[],False
089293a4a4724611,inventory.csv#5838,CLD-720,CLD-720,0.98,inventory.model,False,[],False
b7efd5db0b80b819,inventory.csv#5839,CLD-79,CLD-79,0.98,inventory.model,False,[],False
1c3ec48a707782da,inventory.csv#584,27_-1,27_-1,0.98,inventory.model,False,[],False
43b02c61c900f2d4,inventory.csv#5840,CLD-95,CLD-95,0.98,inventory.model,False,[],False
ac8a327f154a68fc,inventory.csv#5841,CLD-97,CLD-97,0.98,inventory.model,False,[],False
a0c488e6474ea8a9,inventory.csv#5842,CLD-D501_LASERDISC_&_CLD-D550,CLD-D501_LASERDISC_&_CLD-D550,0.98,inventory.model,False,[],False
77e320c75fce0d5a,inventory.csv#5843,CLD-D704_LASER_DISC,CLD-D704_LASER_DISC,0.98,inventory.model,False,[],False
4dd0cb45e3d08772,inventory.csv#5844,CLD-M301,CLD-M301,0.98,inventory.model,False,[],False
8c55e950837f7287,inventory.csv#5845,CLD-M401,CLD-M401,0.98,inventory.model,False,[],False
4b933bf591c2d611,inventory.csv#5846,CLD-V2600,CLD-V2600,0.98,inventory.model,False,[],False
c5128adf86a0e2ae,inventory.csv#5847,CLD-V2800,CLD-V2800,0.98,inventory.model,False,[],False
574e802dde672fdc,inventory.csv#5848,CLD-V2800LB,CLD-V2800LB,0.98,inventory.model,False,[],False
8f1e42bbb72691f9,inventory.csv#5849,CLD-V820,CLD-V820,0.98,inventory.model,False,[],False
b528c74975f5d0f0,inventory.csv#585,2_-1,2_-1,0.98,inventory.model,False,[],False
f8cd351dbc07135b,inventory.csv#5850,CLD-V860,CLD-V860,0.98,inventory.model,False,[],False
5dc9606ebd5fd78d,inventory.csv#5851,CLD069,CLD069,0.98,inventory.model,False,[],False
ff121e42dd08cc12,inventory.csv#5852,CLD99,CLD99,0.98,inventory.model,False,[],False
3fbc78a2ab37043a,inventory.csv#5853,CU-B159,CU-B159,0.98,inventory.model,False,[],False
e8e37568dc07914f,inventory.csv#5854,CU-V151,CU-V151,0.98,inventory.model,False,[],False
f211fea4a9cedd03,inventory.csv#5855,CU-V155,CU-V155,0.98,inventory.model,False,[],False
56f92909e16016b3,inventory.csv#5856,CU-VXX115,CU-VXX115,0.98,inventory.model,False,[],False
7e7989097d58da5a,inventory.csv#5857,DISCREET_CODES,DISCREET_CODES,0.98,inventory.model,False,[],False
e77ce73efd1f470a,inventory.csv#5858,DV-434,DV-434,0.98,inventory.model,False,[],False
d9e50580f5d94e53,inventory.csv#5859,DV-45A,DV-45A,0.98,inventory.model,False,[],False
5f062bdcb8581f1e,inventory.csv#586,0_-1,0_-1,0.98,inventory.model,False,[],False
4a979fb0d4b36a5e,inventory.csv#5860,DV-46AV,DV-46AV,0.98,inventory.model,False,[],False
cd4edff1af5a327f,inventory.csv#5861,DV-525,DV-525,0.98,inventory.model,False,[],False
5eba7ecad117f0fa,inventory.csv#5862,DV-626D,DV-626D,0.98,inventory.model,False,[],False
c797dbdb4954a51b,inventory.csv#5863,DV-AX10,DV-AX10,0.98,inventory.model,False,[],False
4789ee8874747016,inventory.csv#5864,DV-F727,DV-F727,0.98,inventory.model,False,[],False
66e84bd3a8120fa4,inventory.csv#5865,DV-Series,DV-Series,0.98,inventory.model,False,[],False
39f1f3662d354d91,inventory.csv#5866,DV05,DV05,0.98,inventory.model,False,[],False
75dad0512c2bc8ee,inventory.csv#5867,DV09,DV09,0.98,inventory.model,False,[],False
55a7984b92c3074c,inventory.csv#5868,DV38A,DV38A,0.98,inventory.model,False,[],False
95d5631047cd577e,inventory.csv#5869,DVC-36,DVC-36,0.98,inventory.model,False,[],False
e18422205bda6325,inventory.csv#587,1_-1,1_-1,0.98,inventory.model,False,[],False
6f627f9f6b655e5a,inventory.csv#5870,DVC503,DVC503,0.98,inventory.model,False,[],False
aa11f6dd66167496,inventory.csv#5871,DVD-V7200,DVD-V7200,0.98,inventory.model,False,[],False
36f3392cf162ebe9,inventory.csv#5872,DVD-V7400_(wired),DVD-V7400_(wired),0.98,inventory.model,False,[],False
70c933d24d42e591,inventory.csv#5873,DVD500,DVD500,0.98,inventory.model,False,[],False
32de449481497e9b,inventory.csv#5874,DVD505,DVD505,0.98,inventory.model,False,[],False
625fd68e5d9b2ba7,inventory.csv#5875,DVF07,DVF07,0.98,inventory.model,False,[],False
89840573e14623c0,inventory.csv#5876,DVL-V888,DVL-V888,0.98,inventory.model,False,[],False
7df9d887efa94ce7,inventory.csv#5877,DVL700_(DVD),DVL700_(DVD),0.98,inventory.model,False,[],False
d43d378d118bd892,inventory.csv#5878,DVL90,DVL90,0.98,inventory.model,False,[],False
9de00236e9eb41f8,inventory.csv#5879,DVL909,DVL909,0.98,inventory.model,False,[],False
570a3c04804544ee,inventory.csv#588,134_107,134_107,0.98,inventory.model,False,[],False
64f8f96ddaec6c7d,inventory.csv#5880,DVL91,DVL91,0.98,inventory.model,False,[],False
b75a638bcc9b4961,inventory.csv#5881,DVL919,DVL919,0.98,inventory.model,False,[],False
be9a25d35d7f243e,inventory.csv#5882,DVR-640H-S,DVR-640H-S,0.98,inventory.model,False,[],False
61ee8794da5defb9,inventory.csv#5883,ELITE_PRO_610_TV,ELITE_PRO_610_TV,0.98,inventory.model,False,[],False
4277bca2d25c704c,inventory.csv#5884,ELITE_PRO_620,ELITE_PRO_620,0.98,inventory.model,False,[],False
5e391af87b776669,inventory.csv#5885,ELITE_PRO_710,ELITE_PRO_710,0.98,inventory.model,False,[],False
bec35120c010ec1c,inventory.csv#5886,ELITE_SP-99D,ELITE_SP-99D,0.98,inventory.model,False,[],False
204b45b6b03161cf,inventory.csv#5887,FILE_TYPE_CD_PLAYER,FILE_TYPE_CD_PLAYER,0.98,inventory.model,False,[],False
2ea98ac7739303db,inventory.csv#5888,IDK-01,IDK-01,0.98,inventory.model,False,[],False
0d3aa895ef40ecf6,inventory.csv#5889,LD-700,LD-700,0.98,inventory.model,False,[],False
342eeb4fd506cf70,inventory.csv#589,193_68,193_68,0.98,inventory.model,False,[],False
74950d8c91b59034,inventory.csv#5890,LD-S2,LD-S2,0.98,inventory.model,False,[],False
61fde4ead969e114,inventory.csv#5891,LD-V8000-LD-6010,LD-V8000-LD-6010,0.98,inventory.model,False,[],False
96730f43e60c9596,inventory.csv#5892,LD_PLAYER,LD_PLAYER,0.98,inventory.model,False,[],False
ae873727ca46fcd4,inventory.csv#5893,LDW-1,LDW-1,0.98,inventory.model,False,[],False
b828e898541f9040,inventory.csv#5894,N-A,N-A,0.98,inventory.model,False,[],False
0cced70f3ceaa179,inventory.csv#5895,PD-F1039,PD-F1039,0.98,inventory.model,False,[],False
c526d2ff0a0db0d7,inventory.csv#5896,PD-F17,PD-F17,0.98,inventory.model,False,[],False
8dedc57cb54037e6,inventory.csv#5897,PD-F906,PD-F906,0.98,inventory.model,False,[],False
7dcae9ac1ee0e6e6,inventory.csv#5898,PD-F958,PD-F958,0.98,inventory.model,False,[],False
af4a60ecfa0f2019,inventory.csv#5899,PDF-1007,PDF-1007,0.98,inventory.model,False,[],False
e1d3c3ffefeb38e5,inventory.csv#59,112_0,112_0,0.98,inventory.model,False,[],False
85a1e1448da64388,inventory.csv#590,33_172,33_172,0.98,inventory.model,False,[],False
fd61185c857a5d5e,inventory.csv#5900,PDF-19,PDF-19,0.98,inventory.model,False,[],False
4013d64a30ceeea7,inventory.csv#5901,PDM-435,PDM-435,0.98,inventory.model,False,[],False
36a4ed786abd50eb,inventory.csv#5902,PDP-4330HD,PDP-4330HD,0.98,inventory.model,False,[],False
ee8329d6949e6c7f,inventory.csv#5903,PDP-501MX,PDP-501MX,0.98,inventory.model,False,[],False
b7f6652a08d8b55c,inventory.csv#5904,PDP-R03U,PDP-R03U,0.98,inventory.model,False,[],False
c0a78c463bdec23d,inventory.csv#5905,PDR-555RW,PDR-555RW,0.98,inventory.model,False,[],False
6d02e06620b0450d,inventory.csv#5906,PR0510,PR0510,0.98,inventory.model,False,[],False
4288fddd504b6cf9,inventory.csv#5907,PRO-1000,PRO-1000,0.98,inventory.model,False,[],False
0e053c7492471ff5,inventory.csv#5908,PRO-1008W,PRO-1008W,0.98,inventory.model,False,[],False
8881bc2f3036dd33,inventory.csv#5909,PRO-99,PRO-99,0.98,inventory.model,False,[],False
170ecdd525dcc1bf,inventory.csv#591,33_172,33_172,0.98,inventory.model,False,[],False
2a4881d1a93adcaa,inventory.csv#5910,PRO700HD,PRO700HD,0.98,inventory.model,False,[],False
d1f9964721ac8683,inventory.csv#5911,PRO_1000_HD,PRO_1000_HD,0.98,inventory.model,False,[],False
b42c70f273952fdd,inventory.csv#5912,PRO_107_TV_CONTROLS,PRO_107_TV_CONTROLS,0.98,inventory.model,False,[],False
72236bae49b60af5,inventory.csv#5913,PRO_117,PRO_117,0.98,inventory.model,False,[],False
cc1a1c49f62ef35f,inventory.csv#5914,PRO_119,PRO_119,0.98,inventory.model,False,[],False
fa6cfcab46fd86b9,inventory.csv#5915,PRO_720HD,PRO_720HD,0.98,inventory.model,False,[],False
7aa90ce3aa39f512,inventory.csv#5916,PROJECTION_MONITOR,PROJECTION_MONITOR,0.98,inventory.model,False,[],False
5af8949099144f95,inventory.csv#5917,PROJECTION_MONITOR_RECEIVER,PROJECTION_MONITOR_RECEIVER,0.98,inventory.model,False,[],False
efb82abe7e29b64b,inventory.csv#5918,PRV-9000,PRV-9000,0.98,inventory.model,False,[],False
a69cc05af6aa77ea,inventory.csv#5919,RECEIVER,RECEIVER,0.98,inventory.model,False,[],False
472b719964fc9eff,inventory.csv#592,193_68,193_68,0.98,inventory.model,False,[],False
51cffe02f10f8646,inventory.csv#5920,SC-55,SC-55,0.98,inventory.model,False,[],False
3dcb612b25731932,inventory.csv#5921,SC-57,SC-57,0.98,inventory.model,False,[],False
e1df698fa672902b,inventory.csv#5922,SC_Series,SC_Series,0.98,inventory.model,False,[],False
1fd41a4b672120f7,inventory.csv#5923,SD582HD5_HDTV,SD582HD5_HDTV,0.98,inventory.model,False,[],False
23d61eac5bcfb17b,inventory.csv#5924,SD641HD5_HDTV,SD641HD5_HDTV,0.98,inventory.model,False,[],False
a70f4bea9a553b14,inventory.csv#5925,SX255R_RECIEVER,SX255R_RECIEVER,0.98,inventory.model,False,[],False
9c44219add3eb51b,inventory.csv#5926,Universal_LCD-Plasma,Universal_LCD-Plasma,0.98,inventory.model,False,[],False
22b792b071dc5589,inventory.csv#5927,V7400,V7400,0.98,inventory.model,False,[],False
c67e5c1b1d23aaa6,inventory.csv#5928,VS-X305_RECIEVER,VS-X305_RECIEVER,0.98,inventory.model,False,[],False
2dcf36afcdf1d9ef,inventory.csv#5929,VSX-1019AH-VSX-919AH-VSX-819H-VSX-519V,VSX-1019AH-VSX-919AH-VSX-819H-VSX-519V,0.98,inventory.model,False,[],False
c77e3ed823f7f1bd,inventory.csv#593,193_68,193_68,0.98,inventory.model,False,[],False
5861e90c991aac16,inventory.csv#5930,VSX-1021,VSX-1021,0.98,inventory.model,False,[],False
1ccf1401e1c885a7,inventory.csv#5931,VSX-29TX,VSX-29TX,0.98,inventory.model,False,[],False
ce59b7d6ac40c751,inventory.csv#5932,VSX-49TXI,VSX-49TXI,0.98,inventory.model,False,[],False
f3c499e0018085cb,inventory.csv#5933,VSX-502,VSX-502,0.98,inventory.model,False,[],False
0d52dc28cbbcfa23,inventory.csv#5934,VSX-51,VSX-51,0.98,inventory.model,False,[],False
e9f8b8c62b5ea952,inventory.csv#5935,VSX-52,VSX-52,0.98,inventory.model,False,[],False
fc626e8744335328,inventory.csv#5936,VSX-55TXI,VSX-55TXI,0.98,inventory.model,False,[],False
09aee3c1521f62f5,inventory.csv#5937,VSX-606S_RECEIVER_AND_TUNER_CONTROL_ONLY,VSX-606S_RECEIVER_AND_TUNER_CONTROL_ONLY,0.98,inventory.model,False,[],False
326ef762f3d57dd3,inventory.csv#5938,VSX-906_RECEIVER_AND_TUNER_CONTROL_ONLY,VSX-906_RECEIVER_AND_TUNER_CONTROL_ONLY,0.98,inventory.model,False,[],False
b851f872cdb89883,inventory.csv#5939,VSX-95,VSX-95,0.98,inventory.model,False,[],False
2708d5b4a018138c,inventory.csv#594,193_68,193_68,0.98,inventory.model,False,[],False
ba320905ba41e31a,inventory.csv#5940,VSX-97_RECEIVER_AND_TUNER_CONTROL_ONLY,VSX-97_RECEIVER_AND_TUNER_CONTROL_ONLY,0.98,inventory.model,False,[],False
224d5d69f34a682a,inventory.csv#5941,VSX-99_-_TUNER,VSX-99_-_TUNER,0.98,inventory.model,False,[],False
5b3689ab9a9ee263,inventory.csv#5942,VSX-D307,VSX-D307,0.98,inventory.model,False,[],False
f3baf65618bd7221,inventory.csv#5943,VSX-D903S,VSX-D903S,0.98,inventory.model,False,[],False
581c3fa96a8f850d,inventory.csv#5944,VSX-D906S,VSX-D906S,0.98,inventory.model,False,[],False
be48a1aa4426b773,inventory.csv#5945,VSX-DSP,VSX-DSP,0.98,inventory.model,False,[],False
dce3e99c1330e506,inventory.csv#5946,VSX09TX,VSX09TX,0.98,inventory.model,False,[],False
0829c0f3c2eb86b7,inventory.csv#5947,VSX_Series,VSX_Series,0.98,inventory.model,False,[],False
a6a8e3168b99dbae,inventory.csv#5948,Generic_Display_Remote,Generic_Display_Remote,0.98,inventory.model,False,[],False
433197f193fff43e,inventory.csv#5949,UP-800R,UP-800R,0.98,inventory.model,False,[],False
803bd7ed44604abb,inventory.csv#595,193_68,193_68,0.98,inventory.model,False,[],False
314cb18e0126eea8,inventory.csv#5950,MODEL_#315,MODEL_#315,0.98,inventory.model,False,[],False
8ef70fa9670bf340,inventory.csv#5951,No_model,No_model,0.98,inventory.model,False,[],False
b7354ea7b6ddb797,inventory.csv#5952,Omni_SB1,Omni_SB1,0.98,inventory.model,False,[],False
2c9bb75ae4cedb5c,inventory.csv#5953,128,128,0.98,inventory.model,False,[],False
5ea7b2a115df55c0,inventory.csv#5954,512_VIDEO,512_VIDEO,0.98,inventory.model,False,[],False
6aaff70a2db37d2a,inventory.csv#5955,HDX-7000,HDX-7000,0.98,inventory.model,False,[],False
03d315d1c7c4afd4,inventory.csv#5956,SOUND_STATION_PERMIERE,SOUND_STATION_PERMIERE,0.98,inventory.model,False,[],False
745cb64dcf579693,inventory.csv#5957,ViewStation,ViewStation,0.98,inventory.model,False,[],False
bc1c9556e9115ecc,inventory.csv#5958,Viewstation_1,Viewstation_1,0.98,inventory.model,False,[],False
bd92baf1a4aeb259,inventory.csv#5959,VS-4000,VS-4000,0.98,inventory.model,False,[],False
0148046b29c9b063,inventory.csv#596,193_68,193_68,0.98,inventory.model,False,[],False
2049609bb53c0386,inventory.csv#5960,A30.1-A20,A30.1-A20,0.98,inventory.model,False,[],False
d9523d68c1cc7783,inventory.csv#5961,D30.2-D20,D30.2-D20,0.98,inventory.model,False,[],False
4d9c66d640cb590b,inventory.csv#5962,MISC_C31_CODE_SET_2,MISC_C31_CODE_SET_2,0.98,inventory.model,False,[],False
6a670a4210414002,inventory.csv#5963,MISC_CODE_SET_1,MISC_CODE_SET_1,0.98,inventory.model,False,[],False
e1fd2850af57de13,inventory.csv#5964,MISC_CODE_SET_3,MISC_CODE_SET_3,0.98,inventory.model,False,[],False
17ff4746ad34a3c7,inventory.csv#5965,PRE30,PRE30,0.98,inventory.model,False,[],False
ba9b4eedfd0dd74d,inventory.csv#5966,SP31.7,SP31.7,0.98,inventory.model,False,[],False
3c7e0d2917286c73,inventory.csv#5967,T21-T30,T21-T30,0.98,inventory.model,False,[],False
3b311fc21f3a725f,inventory.csv#5968,V25,V25,0.98,inventory.model,False,[],False
583564de08fc3024,inventory.csv#5969,3000D,3000D,0.98,inventory.model,False,[],False
52397e077d724748,inventory.csv#597,0_-1,0_-1,0.98,inventory.model,False,[],False
728a88b2d0d8f428,inventory.csv#5970,AF3.0HD,AF3.0HD,0.98,inventory.model,False,[],False
37644f6bef23ed58,inventory.csv#5971,AR3.6T,AR3.6T,0.98,inventory.model,False,[],False
aec895e14aa8149f,inventory.csv#5972,AR3.6T_1,AR3.6T_1,0.98,inventory.model,False,[],False
48889a02fc1c9684,inventory.csv#5973,COMPUTER_INTERFACE,COMPUTER_INTERFACE,0.98,inventory.model,False,[],False
b3117fd15e33491f,inventory.csv#5974,AVP,AVP,0.98,inventory.model,False,[],False
16ce7ed18ac8f236,inventory.csv#5975,CDP,CDP,0.98,inventory.model,False,[],False
1921e3804038081c,inventory.csv#5976,LASER_DISC,LASER_DISC,0.98,inventory.model,False,[],False
cdd78bd3f96a5e61,inventory.csv#5977,Pav-Posp,Pav-Posp,0.98,inventory.model,False,[],False
b38ea926708a41bf,inventory.csv#5978,PAV,PAV,0.98,inventory.model,False,[],False
b8d6dee42ea03ba4,inventory.csv#5979,PAV_W-DSD,PAV_W-DSD,0.98,inventory.model,False,[],False
13ed54e8b089edce,inventory.csv#598,1_-1,1_-1,0.98,inventory.model,False,[],False
e45c92eefe2d2c8b,inventory.csv#5980,PMDT,PMDT,0.98,inventory.model,False,[],False
1593851a56dca6b9,inventory.csv#5981,PR-MDT,PR-MDT,0.98,inventory.model,False,[],False
9ffebe46b4672b7c,inventory.csv#5982,98100-106_DHT-2,98100-106_DHT-2,0.98,inventory.model,False,[],False
04fe611e05f5b573,inventory.csv#5983,36700-367100,36700-367100,0.98,inventory.model,False,[],False
69f04f47a4a195a2,inventory.csv#5984,8610P,8610P,0.98,inventory.model,False,[],False
2f12ab1800b0f6af,inventory.csv#5985,8640P,8640P,0.98,inventory.model,False,[],False
c89a5f65ab1c85ad,inventory.csv#5986,DISCREET_CODES,DISCREET_CODES,0.98,inventory.model,False,[],False
206a16ab384b3e49,inventory.csv#5987,DVD,DVD,0.98,inventory.model,False,[],False
b9236b5d0248cd7a,inventory.csv#5988,PS-868OZ,PS-868OZ,0.98,inventory.model,False,[],False
cf85f8121829f3e5,inventory.csv#5989,PS68602,PS68602,0.98,inventory.model,False,[],False
65f1a04fb221dfb5,inventory.csv#599,2_-1,2_-1,0.98,inventory.model,False,[],False
cfffb31fe5eff928,inventory.csv#5990,PSV-R57,PSV-R57,0.98,inventory.model,False,[],False
8f100ccf623dab76,inventory.csv#5991,TV,TV,0.98,inventory.model,False,[],False
4e18029cc9c2161f,inventory.csv#5992,(Multiple),(Multiple),0.98,inventory.model,False,[],False
1b8ddda5496fbba2,inventory.csv#5993,(TV),(TV),0.98,inventory.model,False,[],False
60ce594d9830a0b6,inventory.csv#5994,AH481_CD_PLAYER,AH481_CD_PLAYER,0.98,inventory.model,False,[],False
b039cfd83154ea82,inventory.csv#5995,CABLE_BOX,CABLE_BOX,0.98,inventory.model,False,[],False
9fb748bde1df78c6,inventory.csv#5996,N-A,N-A,0.98,inventory.model,False,[],False
074e5b67cbfc1d3c,inventory.csv#5997,V-215R,V-215R,0.98,inventory.model,False,[],False
c9b89787d7155a22,inventory.csv#5998,VT-290,VT-290,0.98,inventory.model,False,[],False
e47a62fe488e3195,inventory.csv#5999,VT_210,VT_210,0.98,inventory.model,False,[],False
715be673598c4d76,inventory.csv#6,31_-1,31_-1,0.98,inventory.model,False,[],False
bfe03775108eaf6d,inventory.csv#60,110_0,110_0,0.98,inventory.model,False,[],False
7ceeaad729cd0cf9,inventory.csv#600,3_-1,3_-1,0.98,inventory.model,False,[],False
a6f444dd890c5b40,inventory.csv#6000,VT_218-DT3660,VT_218-DT3660,0.98,inventory.model,False,[],False
3fa85c4d541ccdec,inventory.csv#6001,4100-4200-9100-LIGHTBOOK10-20,4100-4200-9100-LIGHTBOOK10-20,0.98,inventory.model,False,[],False
3196e988e826ec66,inventory.csv#6002,9260-Sanyo,9260-Sanyo,0.98,inventory.model,False,[],False
6de066b729025c61,inventory.csv#6003,9400+_Sanyo,9400+_Sanyo,0.98,inventory.model,False,[],False
7d1e4bffeeac5aed,inventory.csv#6004,DESKTOP_5610,DESKTOP_5610,0.98,inventory.model,False,[],False
fc48989ccbea7b9e,inventory.csv#6005,DESKTOP_9310,DESKTOP_9310,0.98,inventory.model,False,[],False
8c2cc0a3cc37d175,inventory.csv#6006,DESKTOP_PROJECTOR_5100,DESKTOP_PROJECTOR_5100,0.98,inventory.model,False,[],False
e2648ebf48ddd41b,inventory.csv#6007,DP-5950,DP-5950,0.98,inventory.model,False,[],False
850edcde053f3c2c,inventory.csv#6008,DP-8000,DP-8000,0.98,inventory.model,False,[],False
3b13aacb299d529a,inventory.csv#6009,DP-9300,DP-9300,0.98,inventory.model,False,[],False
00b3c51869fa63a5,inventory.csv#601,4_-1,4_-1,0.98,inventory.model,False,[],False
9fdaac5f1d74c194,inventory.csv#6010,DP-9500,DP-9500,0.98,inventory.model,False,[],False
d8e545315eaf6911,inventory.csv#6011,DP5600_LCD_(NO_TOUCH_PAD),DP5600_LCD_(NO_TOUCH_PAD),0.98,inventory.model,False,[],False
2f5dd6a9102a3c7c,inventory.csv#6012,DP5900,DP5900,0.98,inventory.model,False,[],False
e6fccc6930892e39,inventory.csv#6013,DX-1,DX-1,0.98,inventory.model,False,[],False
16a0472a4bcf1538,inventory.csv#6014,LB-30,LB-30,0.98,inventory.model,False,[],False
6157bde520ea0a35,inventory.csv#6015,SX-1,SX-1,0.98,inventory.model,False,[],False
b01dc73051720017,inventory.csv#6016,PIANOMATION,PIANOMATION,0.98,inventory.model,False,[],False
7a575f072a1321b2,inventory.csv#6017,VHQ840,VHQ840,0.98,inventory.model,False,[],False
aebc18183a6070ab,inventory.csv#6018,VV2017W,VV2017W,0.98,inventory.model,False,[],False
e96b59f35fc14821,inventory.csv#6019,DISCREET_CODES,DISCREET_CODES,0.98,inventory.model,False,[],False
f08210044adf88af,inventory.csv#602,30_-1,30_-1,0.98,inventory.model,False,[],False
ec78713df4888abc,inventory.csv#6020,DRD-420,DRD-420,0.98,inventory.model,False,[],False
0b4b2f2b0cf57bcb,inventory.csv#6021,DRD-430RG,DRD-430RG,0.98,inventory.model,False,[],False
2c72bd86133cdc4a,inventory.csv#6022,DRD-450RG,DRD-450RG,0.98,inventory.model,False,[],False
9a25bd874db8f599,inventory.csv#6023,DRD30312A,DRD30312A,0.98,inventory.model,False,[],False
c5b79c40e695b9da,inventory.csv#6024,DRD4430RA,DRD4430RA,0.98,inventory.model,False,[],False
6e4307c00a7dddb5,inventory.csv#6025,DRD515,DRD515,0.98,inventory.model,False,[],False
f0e5716cac5302d8,inventory.csv#6026,DRD515RB,DRD515RB,0.98,inventory.model,False,[],False
b174c830ed581e9b,inventory.csv#6027,DS-4240,DS-4240,0.98,inventory.model,False,[],False
456343d826411871,inventory.csv#6028,DSS-DRD480RE,DSS-DRD480RE,0.98,inventory.model,False,[],False
5db8259361e1ff2a,inventory.csv#6029,DSS,DSS,0.98,inventory.model,False,[],False
efd8ebd6276707c1,inventory.csv#603,14_-1,14_-1,0.98,inventory.model,False,[],False
1c56b7664339ccca,inventory.csv#6030,DSS_-_TV,DSS_-_TV,0.98,inventory.model,False,[],False
cb708682c8e1f707,inventory.csv#6031,DSS_VCR1,DSS_VCR1,0.98,inventory.model,False,[],False
8aee3b0f10841678,inventory.csv#6032,DSS_VCR2,DSS_VCR2,0.98,inventory.model,False,[],False
92922c8771c16966,inventory.csv#6033,DTC-100,DTC-100,0.98,inventory.model,False,[],False
1e07eb47d6639ced,inventory.csv#6034,DWD-490RE,DWD-490RE,0.98,inventory.model,False,[],False
266a0d67b6384220,inventory.csv#6035,HOME_CONTROL,HOME_CONTROL,0.98,inventory.model,False,[],False
835de9d7424daa2d,inventory.csv#6036,RC-5200P,RC-5200P,0.98,inventory.model,False,[],False
bb9e4d0fa378c86e,inventory.csv#6037,RV-379IF,RV-379IF,0.98,inventory.model,False,[],False
896d0529bf6523f7,inventory.csv#6038,RV-379IF_ACR1_FNX,RV-379IF_ACR1_FNX,0.98,inventory.model,False,[],False
b1857d479de66fab,inventory.csv#6039,RV-379IF_CAB_FNX,RV-379IF_CAB_FNX,0.98,inventory.model,False,[],False
bb10b14e6524d9c0,inventory.csv#604,202_20,202_20,0.98,inventory.model,False,[],False
fa0119e71cfc67a1,inventory.csv#6040,RV-379IF_CD,RV-379IF_CD,0.98,inventory.model,False,[],False
0bf0c824d643da34,inventory.csv#6041,RV-379IF_TV_FNX,RV-379IF_TV_FNX,0.98,inventory.model,False,[],False
72e1a46bd1279c89,inventory.csv#6042,RV-379IF_VCR1_FNX,RV-379IF_VCR1_FNX,0.98,inventory.model,False,[],False
42ccf2071703f635,inventory.csv#6043,RV-379IF_VCR2-LD_FNX,RV-379IF_VCR2-LD_FNX,0.98,inventory.model,False,[],False
9fbc1ffd3ca48c75,inventory.csv#6044,RV3681,RV3681,0.98,inventory.model,False,[],False
1dedd01f19c67437,inventory.csv#6045,TV_UNIVERSAL,TV_UNIVERSAL,0.98,inventory.model,False,[],False
79ae6a690648b03c,inventory.csv#6046,UNIVERSAL,UNIVERSAL,0.98,inventory.model,False,[],False
66d2c3541c7fc1cc,inventory.csv#6047,UNIVERSAL_-_DSS_AUX,UNIVERSAL_-_DSS_AUX,0.98,inventory.model,False,[],False
e8b5734bb92f5914,inventory.csv#6048,VCR1_UNIVERSAL,VCR1_UNIVERSAL,0.98,inventory.model,False,[],False
1aba42e8cd0adae2,inventory.csv#6049,VCR25HF,VCR25HF,0.98,inventory.model,False,[],False
8fc0fd71a86d19a2,inventory.csv#605,0_-1,0_-1,0.98,inventory.model,False,[],False
ac868e9d362b64a2,inventory.csv#6050,VCR_UNIVERSAL,VCR_UNIVERSAL,0.98,inventory.model,False,[],False
5e1e422f1a48fcc1,inventory.csv#6051,VR605HF,VR605HF,0.98,inventory.model,False,[],False
67e2465eb0ca662e,inventory.csv#6052,VR708HF,VR708HF,0.98,inventory.model,False,[],False
7d551319c99b27d9,inventory.csv#6053,VR730HF,VR730HF,0.98,inventory.model,False,[],False
52ed5b32d5eea227,inventory.csv#6054,No_model,No_model,0.98,inventory.model,False,[],False
82a69555c5c115f6,inventory.csv#6055,DISCREET_CODES,DISCREET_CODES,0.98,inventory.model,False,[],False
ac740cad4ec1b631,inventory.csv#6056,ARQ_PRO-ZONE_CODE_SET_1,ARQ_PRO-ZONE_CODE_SET_1,0.98,inventory.model,False,[],False
127623b952e488f6,inventory.csv#6057,ARQ_PRO-ZONE_CODE_SET_2,ARQ_PRO-ZONE_CODE_SET_2,0.98,inventory.model,False,[],False
f67ad264ad8d53d7,inventory.csv#6058,Video_Request,Video_Request,0.98,inventory.model,False,[],False
182afe9ae0221c63,inventory.csv#6059,S42LTD,S42LTD,0.98,inventory.model,False,[],False
3256e6ca43c91a5c,inventory.csv#606,0_-1,0_-1,0.98,inventory.model,False,[],False
847961781f51c5f4,inventory.csv#6060,B-22_CD_PLAYER,B-22_CD_PLAYER,0.98,inventory.model,False,[],False
84d02421e2a95c1c,inventory.csv#6061,B-26_FM-TUNER,B-26_FM-TUNER,0.98,inventory.model,False,[],False
56f0d8aad00f2cbb,inventory.csv#6062,B205,B205,0.98,inventory.model,False,[],False
3becf8b7480d195f,inventory.csv#6063,B208,B208,0.98,inventory.model,False,[],False
32c9f6c620709cdb,inventory.csv#6064,PREAMP,PREAMP,0.98,inventory.model,False,[],False
e0a6bd1fc8b6a0f0,inventory.csv#6065,GEN_SAT,GEN_SAT,0.98,inventory.model,False,[],False
1847c503d85ff4f6,inventory.csv#6066,GEN_SAT_1,GEN_SAT_1,0.98,inventory.model,False,[],False
b4b132c2798c27f5,inventory.csv#6067,GEN_TV,GEN_TV,0.98,inventory.model,False,[],False
3923c6a34254058d,inventory.csv#6068,GEN_TV_1,GEN_TV_1,0.98,inventory.model,False,[],False
3de4ff0ba3e3762d,inventory.csv#6069,GEN_TV_2,GEN_TV_2,0.98,inventory.model,False,[],False
844eaa4e5f5966c6,inventory.csv#607,144_0,144_0,0.98,inventory.model,False,[],False
76b01c5d9f899c0d,inventory.csv#6070,RJ-200BK,RJ-200BK,0.98,inventory.model,False,[],False
f4bb6db426c6d728,inventory.csv#6071,CD-8_JUKEBOX,CD-8_JUKEBOX,0.98,inventory.model,False,[],False
99363dae567101e9,inventory.csv#6072,XD-S,XD-S,0.98,inventory.model,False,[],False
b59f67585ae390e8,inventory.csv#6073,XS,XS,0.98,inventory.model,False,[],False
f089cd37a5215590,inventory.csv#6074,AMPLIFIER,AMPLIFIER,0.98,inventory.model,False,[],False
b5ec13bb13dbe43c,inventory.csv#6075,CD_PLAYER,CD_PLAYER,0.98,inventory.model,False,[],False
b8d736a095e92312,inventory.csv#6076,N-A,N-A,0.98,inventory.model,False,[],False
faaca8de831518d9,inventory.csv#6077,RCC-955,RCC-955,0.98,inventory.model,False,[],False
712f7b31709ea9d4,inventory.csv#6078,RCD-1072,RCD-1072,0.98,inventory.model,False,[],False
9de81e029e153d4c,inventory.csv#6079,RCD-1520,RCD-1520,0.98,inventory.model,False,[],False
eff9cde1aa0f37c6,inventory.csv#608,144_1,144_1,0.98,inventory.model,False,[],False
9ac78e1637895a7f,inventory.csv#6080,RCD-991,RCD-991,0.98,inventory.model,False,[],False
cf30417cc57a5813,inventory.csv#6081,RDV-1080,RDV-1080,0.98,inventory.model,False,[],False
dbace42e61f3a5cd,inventory.csv#6082,RDV-830,RDV-830,0.98,inventory.model,False,[],False
0c60b269d2353ffa,inventory.csv#6083,RDV-995,RDV-995,0.98,inventory.model,False,[],False
92e6b5bcbcf0f98b,inventory.csv#6084,RECEIVER,RECEIVER,0.98,inventory.model,False,[],False
7afc3de49210f589,inventory.csv#6085,RR-976,RR-976,0.98,inventory.model,False,[],False
466a2dbb90afefcf,inventory.csv#6086,RR950,RR950,0.98,inventory.model,False,[],False
14f4a908ebe354f1,inventory.csv#6087,RSP-1572,RSP-1572,0.98,inventory.model,False,[],False
2226327ab36068c7,inventory.csv#6088,RSP-960AX,RSP-960AX,0.98,inventory.model,False,[],False
36ba205e721a56ef,inventory.csv#6089,RSP-970,RSP-970,0.98,inventory.model,False,[],False
abfb8d7f63598ac6,inventory.csv#609,114_205,114_205,0.98,inventory.model,False,[],False
62a23ae3e292e616,inventory.csv#6090,RSP-980,RSP-980,0.98,inventory.model,False,[],False
e4d433c88f7f757f,inventory.csv#6091,RSP985,RSP985,0.98,inventory.model,False,[],False
8dfc9e46f3ef12c3,inventory.csv#6092,RSX-1065,RSX-1065,0.98,inventory.model,False,[],False
da822df8657f8c64,inventory.csv#6093,RSX-1560,RSX-1560,0.98,inventory.model,False,[],False
ac542eb828224615,inventory.csv#6094,RT-1084,RT-1084,0.98,inventory.model,False,[],False
7e33bdf7206e4a5b,inventory.csv#6095,RT-940SX,RT-940SX,0.98,inventory.model,False,[],False
8bdf33d5766e4c8c,inventory.csv#6096,RTC-970,RTC-970,0.98,inventory.model,False,[],False
67d34b9fe6224aaa,inventory.csv#6097,W850R,W850R,0.98,inventory.model,False,[],False
d9b9eb9c4be4bfcc,inventory.csv#6098,4050,4050,0.98,inventory.model,False,[],False
920b77d7b56391ad,inventory.csv#6099,760W,760W,0.98,inventory.model,False,[],False
b59a27d94b2dc26c,inventory.csv#61,110_0,110_0,0.98,inventory.model,False,[],False
f47361350dda2520,inventory.csv#610,114_205,114_205,0.98,inventory.model,False,[],False
c8ad88191bd5a2a5,inventory.csv#6100,864,864,0.98,inventory.model,False,[],False
03223e785ca1a26e,inventory.csv#6101,980_-_TV_FNX,980_-_TV_FNX,0.98,inventory.model,False,[],False
bc5c382633a5ff46,inventory.csv#6102,980_-_VCR_FNX,980_-_VCR_FNX,0.98,inventory.model,False,[],False
748e0e21258ea457,inventory.csv#6103,991,991,0.98,inventory.model,False,[],False
49b2cb411dd8573a,inventory.csv#6104,CINEMA_PRO_750,CINEMA_PRO_750,0.98,inventory.model,False,[],False
ebfc563325cb6f6f,inventory.csv#6105,DLP_SERIES,DLP_SERIES,0.98,inventory.model,False,[],False
1dcf6e46117434e1,inventory.csv#6106,DTV_852,DTV_852,0.98,inventory.model,False,[],False
d4c09ce5a22d3954,inventory.csv#6107,DTV_991_ULTRA,DTV_991_ULTRA,0.98,inventory.model,False,[],False
90001293c635470f,inventory.csv#6108,DVP-940,DVP-940,0.98,inventory.model,False,[],False
516c0fb5f4fe01a0,inventory.csv#6109,DXVC-1000,DXVC-1000,0.98,inventory.model,False,[],False
e55307ab25328cf2,inventory.csv#611,114_205,114_205,0.98,inventory.model,False,[],False
a2cdb5b2d24eaa1c,inventory.csv#6110,IDP-980_(VPROJ),IDP-980_(VPROJ),0.98,inventory.model,False,[],False
b5af7f34479e935d,inventory.csv#6111,LCP550,LCP550,0.98,inventory.model,False,[],False
28d76417bab63bab,inventory.csv#6112,LJ-2_LASER_DISK,LJ-2_LASER_DISK,0.98,inventory.model,False,[],False
cb516c13da6b06a6,inventory.csv#6113,PROJECTOR-850,PROJECTOR-850,0.98,inventory.model,False,[],False
36989337b32d86d2,inventory.csv#6114,SAN_CONVERTER,SAN_CONVERTER,0.98,inventory.model,False,[],False
87d00f7769a0e6ea,inventory.csv#6115,SC-4050_QUAD,SC-4050_QUAD,0.98,inventory.model,False,[],False
25e4362fd0fcbe26,inventory.csv#6116,SC-4200,SC-4200,0.98,inventory.model,False,[],False
c021ed31249db34d,inventory.csv#6117,SC2050_SCAN_CONVERTER,SC2050_SCAN_CONVERTER,0.98,inventory.model,False,[],False
1648b1daa94af8a6,inventory.csv#6118,SCAN_CONVERTER_SC-3050,SCAN_CONVERTER_SC-3050,0.98,inventory.model,False,[],False
5e7f5eb809389108,inventory.csv#6119,SUPER_IDTV_900,SUPER_IDTV_900,0.98,inventory.model,False,[],False
db0e1e6a17e9b625,inventory.csv#612,114_205,114_205,0.98,inventory.model,False,[],False
26eb0b7e635e7e7a,inventory.csv#6120,SUPER_IDTV_II,SUPER_IDTV_II,0.98,inventory.model,False,[],False
a4a33e33aac461a3,inventory.csv#6121,SUPER_IDTV_SCAN_CONVERTER_(LINE_DOUBLER),SUPER_IDTV_SCAN_CONVERTER_(LINE_DOUBLER),0.98,inventory.model,False,[],False
f357c987e91e51d6,inventory.csv#6122,UNKNOWN,UNKNOWN,0.98,inventory.model,False,[],False
6909e470e1a435dd,inventory.csv#6123,VX-1C,VX-1C,0.98,inventory.model,False,[],False
86a8cfc39296d907,inventory.csv#6124,VX3_DLP,VX3_DLP,0.98,inventory.model,False,[],False
debeb742d8905b71,inventory.csv#6125,VX3C,VX3C,0.98,inventory.model,False,[],False
b0509f997184a777,inventory.csv#6126,PR-4Z,PR-4Z,0.98,inventory.model,False,[],False
a48359c4dc7bfd11,inventory.csv#6127,ST2S_Smart_Tuner,ST2S_Smart_Tuner,0.98,inventory.model,False,[],False
b40d846a17301dfe,inventory.csv#6128,DY70114-13,DY70114-13,0.98,inventory.model,False,[],False
d8a190a75afc13d7,inventory.csv#6129,171MP,171MP,0.98,inventory.model,False,[],False
e9cd999590e72f72,inventory.csv#613,114_205,114_205,0.98,inventory.model,False,[],False
f413ea18eeb75c60,inventory.csv#6130,BD-P1000,BD-P1000,0.98,inventory.model,False,[],False
f87425a363a97339,inventory.csv#6131,BD-P1200,BD-P1200,0.98,inventory.model,False,[],False
7350bd4fcd5deb13,inventory.csv#6132,BD-P1400,BD-P1400,0.98,inventory.model,False,[],False
fad5a602312a668d,inventory.csv#6133,BD-P1500,BD-P1500,0.98,inventory.model,False,[],False
e5356e7127dc30c4,inventory.csv#6134,BD-UP5000,BD-UP5000,0.98,inventory.model,False,[],False
707cd2a7432b1558,inventory.csv#6135,BD_D7500,BD_D7500,0.98,inventory.model,False,[],False
074ddeabc5347906,inventory.csv#6136,BD_Series,BD_Series,0.98,inventory.model,False,[],False
38eaf0b1f134218d,inventory.csv#6137,DVD-907,DVD-907,0.98,inventory.model,False,[],False
5fc20f5438bece85,inventory.csv#6138,DVD-P421,DVD-P421,0.98,inventory.model,False,[],False
23698a623d36c6b0,inventory.csv#6139,DVD-V2000,DVD-V2000,0.98,inventory.model,False,[],False
b0c186cd822ba732,inventory.csv#614,114_205,114_205,0.98,inventory.model,False,[],False
c7ea2d7892f574c0,inventory.csv#6140,DVD-V6800,DVD-V6800,0.98,inventory.model,False,[],False
91af6817d06115ef,inventory.csv#6141,DVD-VR375,DVD-VR375,0.98,inventory.model,False,[],False
5a1b5f6dd885b954,inventory.csv#6142,HL-S5687W,HL-S5687W,0.98,inventory.model,False,[],False
020fca2cb554534b,inventory.csv#6143,HLN_Series_Discretes,HLN_Series_Discretes,0.98,inventory.model,False,[],False
596557eb0a0bb545,inventory.csv#6144,LN-T4069,LN-T4069,0.98,inventory.model,False,[],False
dbb21b3b41b2877a,inventory.csv#6145,LN32A450,LN32A450,0.98,inventory.model,False,[],False
1bf71b61211060c8,inventory.csv#6146,LN40D550,LN40D550,0.98,inventory.model,False,[],False
9f083ae23e1d6948,inventory.csv#6147,LN46D550,LN46D550,0.98,inventory.model,False,[],False
e453fa2938b62998,inventory.csv#6148,LN_Series,LN_Series,0.98,inventory.model,False,[],False
307eff14eb42511e,inventory.csv#6149,LTM-1575W,LTM-1575W,0.98,inventory.model,False,[],False
938723997dede71e,inventory.csv#615,114_205,114_205,0.98,inventory.model,False,[],False
fe475cc043285099,inventory.csv#6150,LTM1555,LTM1555,0.98,inventory.model,False,[],False
d3b05f78da594654,inventory.csv#6151,M101,M101,0.98,inventory.model,False,[],False
c5cac7dcd07077b6,inventory.csv#6152,NR-5238,NR-5238,0.98,inventory.model,False,[],False
2dcfb0cd0c53fd1c,inventory.csv#6153,PLH-403WC,PLH-403WC,0.98,inventory.model,False,[],False
4d50a7be42242a2b,inventory.csv#6154,PN51D450,PN51D450,0.98,inventory.model,False,[],False
a5f3d1849b06c66a,inventory.csv#6155,PN51D490,PN51D490,0.98,inventory.model,False,[],False
e09d5d9371c41a9a,inventory.csv#6156,PN51D530,PN51D530,0.98,inventory.model,False,[],False
ff2b8018c0ad4293,inventory.csv#6157,PN51D540,PN51D540,0.98,inventory.model,False,[],False
7feccbf971ee3691,inventory.csv#6158,PN51D550,PN51D550,0.98,inventory.model,False,[],False
373a3eb25e3da3a7,inventory.csv#6159,PN51D8000,PN51D8000,0.98,inventory.model,False,[],False
f7f028512ee10518,inventory.csv#616,64_175,64_175,0.98,inventory.model,False,[],False
db5c66bc4501714c,inventory.csv#6160,PN64D8000,PN64D8000,0.98,inventory.model,False,[],False
3d0a6c838554d66e,inventory.csv#6161,PN_Series,PN_Series,0.98,inventory.model,False,[],False
8d2de55bff63a163,inventory.csv#6162,SIR-T150,SIR-T150,0.98,inventory.model,False,[],False
e251e7e14b9650d1,inventory.csv#6163,SIR-TS160,SIR-TS160,0.98,inventory.model,False,[],False
0ebf1c11964f3d3f,inventory.csv#6164,SIR-TS360,SIR-TS360,0.98,inventory.model,False,[],False
e425c0a464aad7ef,inventory.csv#6165,SIT-TS150,SIT-TS150,0.98,inventory.model,False,[],False
c419859084ad384a,inventory.csv#6166,SMT-H3050,SMT-H3050,0.98,inventory.model,False,[],False
8196e56725896f76,inventory.csv#6167,SMT-H3262,SMT-H3262,0.98,inventory.model,False,[],False
e96039a9106e5f31,inventory.csv#6168,SMT-H3272,SMT-H3272,0.98,inventory.model,False,[],False
175a0a3061e995d3,inventory.csv#6169,SV-7000W,SV-7000W,0.98,inventory.model,False,[],False
b2fc9c96e2423406,inventory.csv#617,2_189,2_189,0.98,inventory.model,False,[],False
9f45fb11de9a771f,inventory.csv#6170,SV4000_VCR,SV4000_VCR,0.98,inventory.model,False,[],False
dcafb69fedfbbbf4,inventory.csv#6171,SV500W,SV500W,0.98,inventory.model,False,[],False
1f9adbb3d818dd07,inventory.csv#6172,SVP-6000,SVP-6000,0.98,inventory.model,False,[],False
be9a7ab5b3737645,inventory.csv#6173,SVP5200N,SVP5200N,0.98,inventory.model,False,[],False
b06496f742e74a6c,inventory.csv#6174,SYNC_MASTER_210T,SYNC_MASTER_210T,0.98,inventory.model,False,[],False
e98bd13dbed54172,inventory.csv#6175,SYNC_MASTER_403T,SYNC_MASTER_403T,0.98,inventory.model,False,[],False
ecbb062ff53324b4,inventory.csv#6176,TM-51,TM-51,0.98,inventory.model,False,[],False
e1e6e8b0fa409ec9,inventory.csv#6177,TV_FUNCTIONS,TV_FUNCTIONS,0.98,inventory.model,False,[],False
13fe338f61b5ecf2,inventory.csv#6178,UN22D5000,UN22D5000,0.98,inventory.model,False,[],False
955d4d4a6b540dd9,inventory.csv#6179,UN40D5500,UN40D5500,0.98,inventory.model,False,[],False
3f3143cd2bde1434,inventory.csv#618,8_230,8_230,0.98,inventory.model,False,[],False
21014106d0fe5065,inventory.csv#6180,UN46D6300,UN46D6300,0.98,inventory.model,False,[],False
1c2b4c7f287228c0,inventory.csv#6181,UN46D6500,UN46D6500,0.98,inventory.model,False,[],False
6fb315073d76729d,inventory.csv#6182,UN46D7000,UN46D7000,0.98,inventory.model,False,[],False
07369512d174dc8b,inventory.csv#6183,UN46D8000,UN46D8000,0.98,inventory.model,False,[],False
1d9c33579216c4e6,inventory.csv#6184,UN55C7000,UN55C7000,0.98,inventory.model,False,[],False
b4225ff26a578a6f,inventory.csv#6185,UN55D7000,UN55D7000,0.98,inventory.model,False,[],False
9a6de7feb4c14e5e,inventory.csv#6186,UN55ES8000FXZA,UN55ES8000FXZA,0.98,inventory.model,False,[],False
c92afe34ee6b8607,inventory.csv#6187,UN_Series,UN_Series,0.98,inventory.model,False,[],False
3c67ffef64b0980d,inventory.csv#6188,Universal_Discrete,Universal_Discrete,0.98,inventory.model,False,[],False
e091ab1819ab2fc1,inventory.csv#6189,VCR_FUNCTIONS,VCR_FUNCTIONS,0.98,inventory.model,False,[],False
f5524cef05b76e48,inventory.csv#619,8_231,8_231,0.98,inventory.model,False,[],False
dc678c36f6548814,inventory.csv#6190,VR-5710,VR-5710,0.98,inventory.model,False,[],False
b49eecb0143c8732,inventory.csv#6191,VR8508,VR8508,0.98,inventory.model,False,[],False
56ce641f786494e4,inventory.csv#6192,VS-3500,VS-3500,0.98,inventory.model,False,[],False
570f660f7cc02af1,inventory.csv#6193,5600N,5600N,0.98,inventory.model,False,[],False
8748707035107431,inventory.csv#6194,AVM-2052,AVM-2052,0.98,inventory.model,False,[],False
07d2520fd5b9f089,inventory.csv#6195,DVD-7000,DVD-7000,0.98,inventory.model,False,[],False
aaadee350e0e9c21,inventory.csv#6196,LCD_PROJ_(NO_TOUCHDISC),LCD_PROJ_(NO_TOUCHDISC),0.98,inventory.model,False,[],False
773ed46e09498ee5,inventory.csv#6197,PLC-750_LCD_PROJECTOR,PLC-750_LCD_PROJECTOR,0.98,inventory.model,False,[],False
f171121c36e45fde,inventory.csv#6198,PLC-9000N,PLC-9000N,0.98,inventory.model,False,[],False
d5e0996af1a95b04,inventory.csv#6199,PLC-XP07N,PLC-XP07N,0.98,inventory.model,False,[],False
bef1db7fd8961e3e,inventory.csv#62,110_0,110_0,0.98,inventory.model,False,[],False
a31edd9382ec62f2,inventory.csv#620,18_37,18_37,0.98,inventory.model,False,[],False
f811c63f3ea405c0,inventory.csv#6200,PLC-XT30,PLC-XT30,0.98,inventory.model,False,[],False
d2226c61208a886a,inventory.csv#6201,PLC5500NA,PLC5500NA,0.98,inventory.model,False,[],False
99978dc47f3d2e11,inventory.csv#6202,PLCSU20,PLCSU20,0.98,inventory.model,False,[],False
2a5dfb1f0b743fb5,inventory.csv#6203,PLCXF10NZ,PLCXF10NZ,0.98,inventory.model,False,[],False
922e24c280eeae29,inventory.csv#6204,PLCXP10NA,PLCXP10NA,0.98,inventory.model,False,[],False
64d4b315fe0f0f42,inventory.csv#6205,PLV-Z2000,PLV-Z2000,0.98,inventory.model,False,[],False
cecddd6fadd86409,inventory.csv#6206,3250HD,3250HD,0.98,inventory.model,False,[],False
a1d1cc75f45366a4,inventory.csv#6207,"8300HD_(DVR),_8540HD_(DVR)","8300HD_(DVR),_8540HD_(DVR)",0.98,inventory.model,False,[],False
4dc3162e854296d8,inventory.csv#6208,8580338-05,8580338-05,0.98,inventory.model,False,[],False
d235b1aca8d67e8e,inventory.csv#6209,8610,8610,0.98,inventory.model,False,[],False
24a05b054ec51eec,inventory.csv#621,8_230,8_230,0.98,inventory.model,False,[],False
6e72d2ed2c34f4b2,inventory.csv#6210,CABLE_BOX,CABLE_BOX,0.98,inventory.model,False,[],False
00936ad9acdac867,inventory.csv#6211,DCT4540_4200HD,DCT4540_4200HD,0.98,inventory.model,False,[],False
618f8a58eae9a27f,inventory.csv#6212,DIGITAL_MUSIC_EXPRESS,DIGITAL_MUSIC_EXPRESS,0.98,inventory.model,False,[],False
2918698d9a12449e,inventory.csv#6213,DIGITAL_MUSIC_EXPRESS_(CABLE),DIGITAL_MUSIC_EXPRESS_(CABLE),0.98,inventory.model,False,[],False
0411b3596cbc765a,inventory.csv#6214,DIGITAL_MUSIC_EXPRESS_(DMX),DIGITAL_MUSIC_EXPRESS_(DMX),0.98,inventory.model,False,[],False
3276dcbcc448392c,inventory.csv#6215,EXPLORER_2000,EXPLORER_2000,0.98,inventory.model,False,[],False
1315b5fe0b95fbf0,inventory.csv#6216,EXPLORER_3100HD,EXPLORER_3100HD,0.98,inventory.model,False,[],False
f42140b35f4923d2,inventory.csv#6217,EXPLORER_4200HD,EXPLORER_4200HD,0.98,inventory.model,False,[],False
74c785caffd621d7,inventory.csv#6218,Explorer_4240C,Explorer_4240C,0.98,inventory.model,False,[],False
a17b00f8cf5693e8,inventory.csv#6219,Explorer_4250HD,Explorer_4250HD,0.98,inventory.model,False,[],False
9cf97ac594aec389,inventory.csv#622,8_230,8_230,0.98,inventory.model,False,[],False
d0a48680ed7a7a9b,inventory.csv#6220,Explorer_8300HD,Explorer_8300HD,0.98,inventory.model,False,[],False
39362f6ef33489a3,inventory.csv#6221,Explorer_8300HDC,Explorer_8300HDC,0.98,inventory.model,False,[],False
7351754fa6da01c8,inventory.csv#6222,EXPLORER_CABLE_BOX,EXPLORER_CABLE_BOX,0.98,inventory.model,False,[],False
09e007d9a387cd15,inventory.csv#6223,No_model,No_model,0.98,inventory.model,False,[],False
6c595267061bcb6c,inventory.csv#6224,LX1,LX1,0.98,inventory.model,False,[],False
e92afd364c43a0c8,inventory.csv#6225,DATA_700,DATA_700,0.98,inventory.model,False,[],False
d899f3a5268a0d31,inventory.csv#6226,SDG-900,SDG-900,0.98,inventory.model,False,[],False
308658d274dea060,inventory.csv#6227,SIM_2_HT-300,SIM_2_HT-300,0.98,inventory.model,False,[],False
87faa7c4e9d37d6e,inventory.csv#6228,SVP-400HT,SVP-400HT,0.98,inventory.model,False,[],False
42d8fcf770f7e276,inventory.csv#6229,27L_0S180B,27L_0S180B,0.98,inventory.model,False,[],False
868a2aa34a2561a6,inventory.csv#623,130_19,130_19,0.98,inventory.model,False,[],False
870bd8c1317b317e,inventory.csv#6230,64_LHP_5000_TV,64_LHP_5000_TV,0.98,inventory.model,False,[],False
d7db80e24679a43e,inventory.csv#6231,AQUOS,AQUOS,0.98,inventory.model,False,[],False
d2feb5965d6db826,inventory.csv#6232,AT-100,AT-100,0.98,inventory.model,False,[],False
cee16e8e63b18eca,inventory.csv#6233,BD-HP20S,BD-HP20S,0.98,inventory.model,False,[],False
543b259f1670d033,inventory.csv#6234,BD-HP20U,BD-HP20U,0.98,inventory.model,False,[],False
37c919261963e835,inventory.csv#6235,BD-HP50U,BD-HP50U,0.98,inventory.model,False,[],False
d94a0102bb4f16de,inventory.csv#6236,BD-HP70,BD-HP70,0.98,inventory.model,False,[],False
347ddcd6ff400aeb,inventory.csv#6237,BD-HP75U,BD-HP75U,0.98,inventory.model,False,[],False
f93d030aacccb8c9,inventory.csv#6238,BD-P75U,BD-P75U,0.98,inventory.model,False,[],False
317b30554379f877,inventory.csv#6239,BDP-52,BDP-52,0.98,inventory.model,False,[],False
14cc0d7713a7cdd4,inventory.csv#624,0_-1,0_-1,0.98,inventory.model,False,[],False
43cffc8571b846c7,inventory.csv#6240,DISCREET_CODES,DISCREET_CODES,0.98,inventory.model,False,[],False
190fa7dd4893f185,inventory.csv#6241,DV-550U,DV-550U,0.98,inventory.model,False,[],False
2f7b32e87350f91a,inventory.csv#6242,DV-710,DV-710,0.98,inventory.model,False,[],False
83288d859c81047c,inventory.csv#6243,LC-20VM2,LC-20VM2,0.98,inventory.model,False,[],False
e60a816273743477,inventory.csv#6244,LC-30HV2U,LC-30HV2U,0.98,inventory.model,False,[],False
765f1a37d4efe5b7,inventory.csv#6245,LC-30HV4U,LC-30HV4U,0.98,inventory.model,False,[],False
845536c1b2acdc7f,inventory.csv#6246,LC-32D64U,LC-32D64U,0.98,inventory.model,False,[],False
2a318d4fabd3b6d0,inventory.csv#6247,LC-40LE700UN,LC-40LE700UN,0.98,inventory.model,False,[],False
7e894817cd28dc32,inventory.csv#6248,LC-46D82U,LC-46D82U,0.98,inventory.model,False,[],False
50b725b6203fa3d9,inventory.csv#6249,LC-52LE820UN,LC-52LE820UN,0.98,inventory.model,False,[],False
f46bea402e49dd01,inventory.csv#625,128_38,128_38,0.98,inventory.model,False,[],False
25508e5f16652a38,inventory.csv#6250,LC-UN_series,LC-UN_series,0.98,inventory.model,False,[],False
1ff6214b24755931,inventory.csv#6251,LC70LE632U,LC70LE632U,0.98,inventory.model,False,[],False
3aa6063350f28666,inventory.csv#6252,LC70LE734U,LC70LE734U,0.98,inventory.model,False,[],False
579e0f08b3553c7a,inventory.csv#6253,LC80LE632U,LC80LE632U,0.98,inventory.model,False,[],False
f86bde337e5b87cb,inventory.csv#6254,LCD_PROJECTOR,LCD_PROJECTOR,0.98,inventory.model,False,[],False
2032c4b5eaa7e98c,inventory.csv#6255,LCD_PROJECTOR_XG1000,LCD_PROJECTOR_XG1000,0.98,inventory.model,False,[],False
3e55c1b962357f4c,inventory.csv#6256,PG-D100U,PG-D100U,0.98,inventory.model,False,[],False
96a113efff33477c,inventory.csv#6257,PG-F320W,PG-F320W,0.98,inventory.model,False,[],False
84dd6a55f39de6e5,inventory.csv#6258,SD-WH1000,SD-WH1000,0.98,inventory.model,False,[],False
a5beb97e0616bb85,inventory.csv#6259,Sharp,Sharp,0.98,inventory.model,False,[],False
b6182f2778a9f98d,inventory.csv#626,21_-1,21_-1,0.98,inventory.model,False,[],False
6f9ec21fb86f95fe,inventory.csv#6260,SHARPDVD,SHARPDVD,0.98,inventory.model,False,[],False
f5c7914d55b64e9c,inventory.csv#6261,SharpTV,SharpTV,0.98,inventory.model,False,[],False
b2f59194b1ba75b5,inventory.csv#6262,SharpTV_1,SharpTV_1,0.98,inventory.model,False,[],False
42f6e21f3f19aba2,inventory.csv#6263,SharpTV_2,SharpTV_2,0.98,inventory.model,False,[],False
82abbce4485e0c61,inventory.csv#6264,SharpTV_3,SharpTV_3,0.98,inventory.model,False,[],False
07f3f4e9ff419090,inventory.csv#6265,SharpTV_4,SharpTV_4,0.98,inventory.model,False,[],False
b1fe9f795f95e382,inventory.csv#6266,SharpTV_5,SharpTV_5,0.98,inventory.model,False,[],False
03c5d373b2292055,inventory.csv#6267,SharpTV_6,SharpTV_6,0.98,inventory.model,False,[],False
33a145d557b36217,inventory.csv#6268,SharpTV_7,SharpTV_7,0.98,inventory.model,False,[],False
a5607359384aa5df,inventory.csv#6269,SharpTV_8,SharpTV_8,0.98,inventory.model,False,[],False
db8fcc90304a59da,inventory.csv#627,20_-1,20_-1,0.98,inventory.model,False,[],False
69922e4eebb65a6b,inventory.csv#6270,SharpTV_9,SharpTV_9,0.98,inventory.model,False,[],False
dd21dcda93e0a68c,inventory.csv#6271,Universal_LCD-Plasma,Universal_LCD-Plasma,0.98,inventory.model,False,[],False
fccde1af0d6c6598,inventory.csv#6272,VC-A588U,VC-A588U,0.98,inventory.model,False,[],False
ac7b43d02457cf18,inventory.csv#6273,VC-NX1,VC-NX1,0.98,inventory.model,False,[],False
4eb9ca48bdd34569,inventory.csv#6274,VCH-972,VCH-972,0.98,inventory.model,False,[],False
20db93963fadaff6,inventory.csv#6275,VCR_PLUS+,VCR_PLUS+,0.98,inventory.model,False,[],False
a502b2e256a269cd,inventory.csv#6276,VT-2118M_(ASIA),VT-2118M_(ASIA),0.98,inventory.model,False,[],False
3fdd9f6e6306cbc4,inventory.csv#6277,XA-100-XA-305,XA-100-XA-305,0.98,inventory.model,False,[],False
b87967d847b12c86,inventory.csv#6278,XA-2500S,XA-2500S,0.98,inventory.model,False,[],False
ec1f965a66ee1a3e,inventory.csv#6279,XA-300,XA-300,0.98,inventory.model,False,[],False
4f35ef332eb0e8d5,inventory.csv#628,4_-1,4_-1,0.98,inventory.model,False,[],False
4544414da846652c,inventory.csv#6280,XA-405_XA-310,XA-405_XA-310,0.98,inventory.model,False,[],False
01c5aa7ce8327483,inventory.csv#6281,XA-510_VCR,XA-510_VCR,0.98,inventory.model,False,[],False
5316db6b5ae82361,inventory.csv#6282,XC-3600E,XC-3600E,0.98,inventory.model,False,[],False
02fa61022efef550,inventory.csv#6283,XG-C50X,XG-C50X,0.98,inventory.model,False,[],False
c3d4138205581e1e,inventory.csv#6284,XG-E1100U,XG-E1100U,0.98,inventory.model,False,[],False
135713840529a5c3,inventory.csv#6285,XG-E1200,XG-E1200,0.98,inventory.model,False,[],False
e577ff9fba9e43b4,inventory.csv#6286,XG-E1200U,XG-E1200U,0.98,inventory.model,False,[],False
b4ed1c22f29fbbd7,inventory.csv#6287,XG-E1200U_LCD_PROJECTOR,XG-E1200U_LCD_PROJECTOR,0.98,inventory.model,False,[],False
9d26ac5f04d915f2,inventory.csv#6288,XG-E1200U_LCD_PROJECTOR_-_ADJ_MODE,XG-E1200U_LCD_PROJECTOR_-_ADJ_MODE,0.98,inventory.model,False,[],False
ed5fac188dd47483,inventory.csv#6289,XG-E3000U,XG-E3000U,0.98,inventory.model,False,[],False
7503b7526a75fe2e,inventory.csv#629,6_6,6_6,0.98,inventory.model,False,[],False
2d1147e982e94491,inventory.csv#6290,XG-NV1U,XG-NV1U,0.98,inventory.model,False,[],False
7711f894338df15b,inventory.csv#6291,XG-NV2U,XG-NV2U,0.98,inventory.model,False,[],False
e51c4ae23b3da577,inventory.csv#6292,XG-NV3XU_LCD_PROJECTOR_-_ADJ_MODE,XG-NV3XU_LCD_PROJECTOR_-_ADJ_MODE,0.98,inventory.model,False,[],False
93f797ea662db735,inventory.csv#6293,XG-NV5XU,XG-NV5XU,0.98,inventory.model,False,[],False
62b89c84911389bf,inventory.csv#6294,XG-P10XU,XG-P10XU,0.98,inventory.model,False,[],False
07cc631774e18228,inventory.csv#6295,XG-V10WU,XG-V10WU,0.98,inventory.model,False,[],False
caa1afac611678fd,inventory.csv#6296,XV-S96U,XV-S96U,0.98,inventory.model,False,[],False
1ccef092466bf120,inventory.csv#6297,XV-Z17000,XV-Z17000,0.98,inventory.model,False,[],False
f9c43196dba8b25e,inventory.csv#6298,XV-Z9000U,XV-Z9000U,0.98,inventory.model,False,[],False
f39938c343f9250e,inventory.csv#6299,XVZW-99U,XVZW-99U,0.98,inventory.model,False,[],False
3c107f7758fb3c05,inventory.csv#63,123_0,123_0,0.98,inventory.model,False,[],False
63ac8931984f031d,inventory.csv#630,0_-1,0_-1,0.98,inventory.model,False,[],False
90e471b85320690c,inventory.csv#6300,Z-9000,Z-9000,0.98,inventory.model,False,[],False
3f9f21ac9d1376b6,inventory.csv#6301,IWA-1,IWA-1,0.98,inventory.model,False,[],False
4d0d769b423c2ff0,inventory.csv#6302,T100RDS,T100RDS,0.98,inventory.model,False,[],False
d19efd14fec8bb71,inventory.csv#6303,R945,R945,0.98,inventory.model,False,[],False
21d15b5455e53e6a,inventory.csv#6304,R945_1,R945_1,0.98,inventory.model,False,[],False
541e479025e172a3,inventory.csv#6305,REMOCON_UNIT,REMOCON_UNIT,0.98,inventory.model,False,[],False
3da81640c5559d54,inventory.csv#6306,RM-CDC-31,RM-CDC-31,0.98,inventory.model,False,[],False
d92b603a13e835a8,inventory.csv#6307,V756,V756,0.98,inventory.model,False,[],False
ba3f31dd515401c2,inventory.csv#6308,HTS-5300,HTS-5300,0.98,inventory.model,False,[],False
8c62f3b5aa4f1789,inventory.csv#6309,5575,5575,0.98,inventory.model,False,[],False
182b0cd52e37dd29,inventory.csv#631,21_-1,21_-1,0.98,inventory.model,False,[],False
dfd88d9bc455cb92,inventory.csv#6310,SVS4D,SVS4D,0.98,inventory.model,False,[],False
cff8f672d8b2deb7,inventory.csv#6311,SKY,SKY,0.98,inventory.model,False,[],False
6ec366a64e34858a,inventory.csv#6312,SATELLITE_RECEIVER,SATELLITE_RECEIVER,0.98,inventory.model,False,[],False
f4aebaa692558ecf,inventory.csv#6313,UK_Sky+_HD,UK_Sky+_HD,0.98,inventory.model,False,[],False
29b12e71588c61c3,inventory.csv#6314,SLTV15MS1K,SLTV15MS1K,0.98,inventory.model,False,[],False
c7e0dbf54ca0fe31,inventory.csv#6315,DRAPE_CONTROL,DRAPE_CONTROL,0.98,inventory.model,False,[],False
9badef5d4074e1f7,inventory.csv#6316,HORIZONTAL_MASKING,HORIZONTAL_MASKING,0.98,inventory.model,False,[],False
d5f0bc5528f044fa,inventory.csv#6317,LT-30,LT-30,0.98,inventory.model,False,[],False
989fdcc5cfd05e19,inventory.csv#6318,SCREEN_CONTROL_(EVEN),SCREEN_CONTROL_(EVEN),0.98,inventory.model,False,[],False
50d4f7d0d8e5fab3,inventory.csv#6319,SCREEN_CONTROL_(ODD),SCREEN_CONTROL_(ODD),0.98,inventory.model,False,[],False
c18935b7aa7a899b,inventory.csv#632,21_-1,21_-1,0.98,inventory.model,False,[],False
ccf83c8b795b311e,inventory.csv#6320,iPort,iPort,0.98,inventory.model,False,[],False
7ff8241a772c8d74,inventory.csv#6321,REPLAY_4000,REPLAY_4000,0.98,inventory.model,False,[],False
26272e3faaf02ceb,inventory.csv#6322,RTV-4160,RTV-4160,0.98,inventory.model,False,[],False
5b8dcc5de2d7841b,inventory.csv#6323,100_DISC_CD_CDP-CX153,100_DISC_CD_CDP-CX153,0.98,inventory.model,False,[],False
1b81897b71f24122,inventory.csv#6324,1ST_5_SOURCE_SELECTIONS_ARE_2_COMMANDS_IN_A_ROW._A_THEN_B,1ST_5_SOURCE_SELECTIONS_ARE_2_COMMANDS_IN_A_ROW._A_THEN_B,0.98,inventory.model,False,[],False
5ae27ec9112167f6,inventory.csv#6325,200_DISC_CHANGER_-_CD_1,200_DISC_CHANGER_-_CD_1,0.98,inventory.model,False,[],False
eb3fceae5ad33835,inventory.csv#6326,200_DISC_CHANGER_-_CD_2,200_DISC_CHANGER_-_CD_2,0.98,inventory.model,False,[],False
1ff889d8f8be3f7e,inventory.csv#6327,200_DISC_CHANGER_-_CD_3,200_DISC_CHANGER_-_CD_3,0.98,inventory.model,False,[],False
488ab8509600b5ed,inventory.csv#6328,4K_Media_Player,4K_Media_Player,0.98,inventory.model,False,[],False
86f35a3c500b6db8,inventory.csv#6329,AUDIO(TC-WR99ES_ST-S550ES)-TV-VTR,AUDIO(TC-WR99ES_ST-S550ES)-TV-VTR,0.98,inventory.model,False,[],False
dd0b0e3071bfac1a,inventory.csv#633,21_-1,21_-1,0.98,inventory.model,False,[],False
674b7881c0749ed4,inventory.csv#6330,AUDIO(TC-WR99ES_ST-S550ES)-TV-VTR_(WIRED_CTRL-S_CONTROL),AUDIO(TC-WR99ES_ST-S550ES)-TV-VTR_(WIRED_CTRL-S_CONTROL),0.98,inventory.model,False,[],False
9ab99496709cb694,inventory.csv#6331,BDP-CX7000ES,BDP-CX7000ES,0.98,inventory.model,False,[],False
d9134d0755d4b22c,inventory.csv#6332,BDP-S17000ES,BDP-S17000ES,0.98,inventory.model,False,[],False
ec3699a854c58af5,inventory.csv#6333,BDP-S1700ES,BDP-S1700ES,0.98,inventory.model,False,[],False
9447219e2fd2499e,inventory.csv#6334,BDP-S480,BDP-S480,0.98,inventory.model,False,[],False
7ba2ba7668a99562,inventory.csv#6335,BDP-S580,BDP-S580,0.98,inventory.model,False,[],False
db3c9fdc765a3f2e,inventory.csv#6336,BDP-S780,BDP-S780,0.98,inventory.model,False,[],False
2a193917b2e197ae,inventory.csv#6337,BDP-x_series,BDP-x_series,0.98,inventory.model,False,[],False
e0915e933b029553,inventory.csv#6338,BDP_Series,BDP_Series,0.98,inventory.model,False,[],False
1d9510482f8495bc,inventory.csv#6339,BDPS1,BDPS1,0.98,inventory.model,False,[],False
188129a8db86ba65,inventory.csv#634,0_-1,0_-1,0.98,inventory.model,False,[],False
7d56cb5456b2b13e,inventory.csv#6340,BR-700,BR-700,0.98,inventory.model,False,[],False
048f90f1c1d65f36,inventory.csv#6341,BVW-22,BVW-22,0.98,inventory.model,False,[],False
62b9369f0fbe855a,inventory.csv#6342,CD-LASER_DISC-TV,CD-LASER_DISC-TV,0.98,inventory.model,False,[],False
0324dc328a5cf934,inventory.csv#6343,CD-LASER_DISC-TV_1,CD-LASER_DISC-TV_1,0.98,inventory.model,False,[],False
08ddf5f722f0f349,inventory.csv#6344,CD-PCX100_100_DISC_CD_CHANGER,CD-PCX100_100_DISC_CD_CHANGER,0.98,inventory.model,False,[],False
e689e998ebc6c9b9,inventory.csv#6345,CD_CDV_LD_PLAYER,CD_CDV_LD_PLAYER,0.98,inventory.model,False,[],False
8439024f92fe5dbc,inventory.csv#6346,CD_PLAYER,CD_PLAYER,0.98,inventory.model,False,[],False
0815f47ed78d9c4f,inventory.csv#6347,CD_PLAYER_1,CD_PLAYER_1,0.98,inventory.model,False,[],False
e385f3e42dd71d49,inventory.csv#6348,CDP--55DX_50_DISC_(CD1),CDP--55DX_50_DISC_(CD1),0.98,inventory.model,False,[],False
3726787f5d868fa4,inventory.csv#6349,CDP--55DX_50_DISC_(CD2),CDP--55DX_50_DISC_(CD2),0.98,inventory.model,False,[],False
531067f49bf4073a,inventory.csv#635,21_-1,21_-1,0.98,inventory.model,False,[],False
c98bef83739d3460,inventory.csv#6350,CDP--55DX_50_DISC_(CD3),CDP--55DX_50_DISC_(CD3),0.98,inventory.model,False,[],False
288d73de369d1a89,inventory.csv#6351,CDP-C445,CDP-C445,0.98,inventory.model,False,[],False
fa830cfb8190de91,inventory.csv#6352,CDP-CA70ES,CDP-CA70ES,0.98,inventory.model,False,[],False
2d56b5ce01f967c2,inventory.csv#6353,CDP-CA70ES_1,CDP-CA70ES_1,0.98,inventory.model,False,[],False
8bae6ecfc4c8d415,inventory.csv#6354,CDP-CE545,CDP-CE545,0.98,inventory.model,False,[],False
f6236537430f8b96,inventory.csv#6355,CDP-CE545_1,CDP-CE545_1,0.98,inventory.model,False,[],False
69afd878251cadee,inventory.csv#6356,CDP-CX455,CDP-CX455,0.98,inventory.model,False,[],False
c568d9cfc4c955eb,inventory.csv#6357,CDP-CX850D,CDP-CX850D,0.98,inventory.model,False,[],False
f19aa5cd41d04d7b,inventory.csv#6358,CDP-CX90ES_200_DISC,CDP-CX90ES_200_DISC,0.98,inventory.model,False,[],False
0dfafdd660fd3cd7,inventory.csv#6359,CDP-CX90ES_200_DISC_CD_1,CDP-CX90ES_200_DISC_CD_1,0.98,inventory.model,False,[],False
d531db89ba9f7f20,inventory.csv#636,17_-1,17_-1,0.98,inventory.model,False,[],False
a4e4775b81d480c2,inventory.csv#6360,CDP-CX90ES_200_DISC_CD_2,CDP-CX90ES_200_DISC_CD_2,0.98,inventory.model,False,[],False
94b306e921e606b4,inventory.csv#6361,CDP-CX90ES_2OO_DISC_CD_3,CDP-CX90ES_2OO_DISC_CD_3,0.98,inventory.model,False,[],False
8d6ff5f79da98658,inventory.csv#6362,CDP-D85ES,CDP-D85ES,0.98,inventory.model,False,[],False
89079f56b5a52559,inventory.csv#6363,CDP-XE500,CDP-XE500,0.98,inventory.model,False,[],False
c5f3e969c789ce69,inventory.csv#6364,CDPC601ES_-_CD_PLAYER,CDPC601ES_-_CD_PLAYER,0.98,inventory.model,False,[],False
0bcc10f2fb282798,inventory.csv#6365,CDPCE315_MULTI_DISK_CD_PLAYER,CDPCE315_MULTI_DISK_CD_PLAYER,0.98,inventory.model,False,[],False
f7ae9be680761b26,inventory.csv#6366,CDPCX400,CDPCX400,0.98,inventory.model,False,[],False
05a4ec0485466b0c,inventory.csv#6367,CDPCX400_1,CDPCX400_1,0.98,inventory.model,False,[],False
f97868daca79823f,inventory.csv#6368,CDPCX450,CDPCX450,0.98,inventory.model,False,[],False
26de4181780def5e,inventory.csv#6369,CX-555ES,CX-555ES,0.98,inventory.model,False,[],False
96f6967f799a4fd1,inventory.csv#637,21_-1,21_-1,0.98,inventory.model,False,[],False
aae5f0c644982604,inventory.csv#6370,DA-3100ES,DA-3100ES,0.98,inventory.model,False,[],False
e4498b87c395acae,inventory.csv#6371,DA90ESG,DA90ESG,0.98,inventory.model,False,[],False
d67160a3ddd078dd,inventory.csv#6372,DCR-TRV900,DCR-TRV900,0.98,inventory.model,False,[],False
a6fda1d1ccd0af46,inventory.csv#6373,DHR-1000,DHR-1000,0.98,inventory.model,False,[],False
b83a9b032a73a456,inventory.csv#6374,DIGITAL_AUDIO_TAPE_DECK,DIGITAL_AUDIO_TAPE_DECK,0.98,inventory.model,False,[],False
b01f719abfa54d41,inventory.csv#6375,DIGITAL_VIDEO_PROCESSOR,DIGITAL_VIDEO_PROCESSOR,0.98,inventory.model,False,[],False
fc199683da14c6e6,inventory.csv#6376,DISCREET_CODES,DISCREET_CODES,0.98,inventory.model,False,[],False
290645c0fc2821d8,inventory.csv#6377,DLSM1,DLSM1,0.98,inventory.model,False,[],False
285672d34a972c2f,inventory.csv#6378,DSR-11,DSR-11,0.98,inventory.model,False,[],False
dda604de874ccafb,inventory.csv#6379,DSR-30,DSR-30,0.98,inventory.model,False,[],False
6ee45a0aa9b64597,inventory.csv#638,21_-1,21_-1,0.98,inventory.model,False,[],False
509631c1371ce3f8,inventory.csv#6380,DSR-30_1,DSR-30_1,0.98,inventory.model,False,[],False
aa73be43de16dd7f,inventory.csv#6381,DSS,DSS,0.98,inventory.model,False,[],False
a93e147d82390d02,inventory.csv#6382,DSS_(CTRL-S),DSS_(CTRL-S),0.98,inventory.model,False,[],False
97f06e39cd67b473,inventory.csv#6383,DSS_1,DSS_1,0.98,inventory.model,False,[],False
7fd030d3e3dbb48e,inventory.csv#6384,DSS_2,DSS_2,0.98,inventory.model,False,[],False
8ef9378a13ea080e,inventory.csv#6385,DST_-_RMR-TP1_ROOM_UNIT_(CONTROLLING_DM1000ES),DST_-_RMR-TP1_ROOM_UNIT_(CONTROLLING_DM1000ES),0.98,inventory.model,False,[],False
d84a27dfa5714e30,inventory.csv#6386,DST_-_RMR-TP1_ROOM_UNIT_(CONTROLLING_DM1000ES)_1,DST_-_RMR-TP1_ROOM_UNIT_(CONTROLLING_DM1000ES)_1,0.98,inventory.model,False,[],False
f8cb549d4386333b,inventory.csv#6387,DVD-S57000,DVD-S57000,0.98,inventory.model,False,[],False
42192134569d2366,inventory.csv#6388,DVDS-7OOO,DVDS-7OOO,0.98,inventory.model,False,[],False
f753b03624b8960e,inventory.csv#6389,DVP-C560D,DVP-C560D,0.98,inventory.model,False,[],False
1c02f0bd0c23a5c3,inventory.csv#639,32_-1,32_-1,0.98,inventory.model,False,[],False
cb8efda5a293b4e6,inventory.csv#6390,DVP-C660,DVP-C660,0.98,inventory.model,False,[],False
e9f1585b0c0abec4,inventory.csv#6391,DVP-CX7000ES,DVP-CX7000ES,0.98,inventory.model,False,[],False
be3e1a8d5f008a37,inventory.csv#6392,DVP-CX870D,DVP-CX870D,0.98,inventory.model,False,[],False
924da4d98bea89b3,inventory.csv#6393,DVP-F360,DVP-F360,0.98,inventory.model,False,[],False
6125ae2ebbf66c66,inventory.csv#6394,DVP-NC665P,DVP-NC665P,0.98,inventory.model,False,[],False
59d43281474a64f9,inventory.csv#6395,DVP-NS315,DVP-NS315,0.98,inventory.model,False,[],False
f8080464825d9bc9,inventory.csv#6396,DVP-S330D,DVP-S330D,0.98,inventory.model,False,[],False
45e35b970d40a247,inventory.csv#6397,DVP-S360,DVP-S360,0.98,inventory.model,False,[],False
ac536c24c89f18b5,inventory.csv#6398,DVP-S400D,DVP-S400D,0.98,inventory.model,False,[],False
d47c9ec98caad14b,inventory.csv#6399,DVP-S500D,DVP-S500D,0.98,inventory.model,False,[],False
c5aa7df1c73ba949,inventory.csv#64,110_-1,110_-1,0.98,inventory.model,False,[],False
9060e59785c6bdc6,inventory.csv#640,0_-1,0_-1,0.98,inventory.model,False,[],False
1bfe556acea9c08a,inventory.csv#6400,DVP-S550D,DVP-S550D,0.98,inventory.model,False,[],False
706eacd6c1b3981b,inventory.csv#6401,DVP-S560,DVP-S560,0.98,inventory.model,False,[],False
c91f07a4caab26ea,inventory.csv#6402,DVP-S7000_DVD_PLAYER,DVP-S7000_DVD_PLAYER,0.98,inventory.model,False,[],False
919e17b5ddc136e2,inventory.csv#6403,DVP-S7700,DVP-S7700,0.98,inventory.model,False,[],False
e629914f2b0be3fa,inventory.csv#6404,DVPC-600D,DVPC-600D,0.98,inventory.model,False,[],False
949952bf9257eb79,inventory.csv#6405,EV-S1,EV-S1,0.98,inventory.model,False,[],False
d0928b9eca614a02,inventory.csv#6406,EV-S3000,EV-S3000,0.98,inventory.model,False,[],False
fa42d36ee1fde9d4,inventory.csv#6407,EVC-200,EVC-200,0.98,inventory.model,False,[],False
8c53f862bbdd0248,inventory.csv#6408,EVI-D30_(CAMERA_1),EVI-D30_(CAMERA_1),0.98,inventory.model,False,[],False
e2f6799896992c5b,inventory.csv#6409,EVI-D30_(CAMERA_2),EVI-D30_(CAMERA_2),0.98,inventory.model,False,[],False
b49e14f4b97baa60,inventory.csv#641,20_-1,20_-1,0.98,inventory.model,False,[],False
c707013415863a2a,inventory.csv#6410,EVI-D30_(CAMERA_3),EVI-D30_(CAMERA_3),0.98,inventory.model,False,[],False
d263c7bb456e4000,inventory.csv#6411,EVI-D30_CAMERA_2,EVI-D30_CAMERA_2,0.98,inventory.model,False,[],False
c0c4a3e94aff6570,inventory.csv#6412,EVI-D30_CAMERA_3,EVI-D30_CAMERA_3,0.98,inventory.model,False,[],False
a29357eb6277e5f9,inventory.csv#6413,EVO-9500_(HI-8),EVO-9500_(HI-8),0.98,inventory.model,False,[],False
bfb5e2cad8b404f7,inventory.csv#6414,EVS-2000_HI-8_(CONTROL_S)_(VTR1),EVS-2000_HI-8_(CONTROL_S)_(VTR1),0.98,inventory.model,False,[],False
a6c26b011ad236b1,inventory.csv#6415,EVS5000_VTR1,EVS5000_VTR1,0.98,inventory.model,False,[],False
70c70c8a110cad31,inventory.csv#6416,EVS5000_VTR3,EVS5000_VTR3,0.98,inventory.model,False,[],False
909dbda7faf2dcb4,inventory.csv#6417,EVS5000_VTR_2,EVS5000_VTR_2,0.98,inventory.model,False,[],False
abb78d357fb341c3,inventory.csv#6418,HT-BD1250(BD_Control),HT-BD1250(BD_Control),0.98,inventory.model,False,[],False
8a5b6f0630c85a56,inventory.csv#6419,HT-BD1250(TV_Control),HT-BD1250(TV_Control),0.98,inventory.model,False,[],False
0044d690760e5966,inventory.csv#642,20_-1,20_-1,0.98,inventory.model,False,[],False
0acf291812e33bef,inventory.csv#6420,HVR-M15U,HVR-M15U,0.98,inventory.model,False,[],False
3872d7fb9209ae2e,inventory.csv#6421,KDL-32BX320,KDL-32BX320,0.98,inventory.model,False,[],False
8c34182221b275a7,inventory.csv#6422,KDL-32BX420,KDL-32BX420,0.98,inventory.model,False,[],False
8c7a5116413028de,inventory.csv#6423,KDL-32EX523,KDL-32EX523,0.98,inventory.model,False,[],False
7d7ae54d36baecfc,inventory.csv#6424,KDL-32EX720,KDL-32EX720,0.98,inventory.model,False,[],False
82a21570298c10c1,inventory.csv#6425,KDL-32XBR6,KDL-32XBR6,0.98,inventory.model,False,[],False
b4f6d79aca680bf3,inventory.csv#6426,KDL-40BX420,KDL-40BX420,0.98,inventory.model,False,[],False
e8121b48f76221fc,inventory.csv#6427,KDL-40EX500,KDL-40EX500,0.98,inventory.model,False,[],False
052bccf775872ddb,inventory.csv#6428,KDL-40EX720,KDL-40EX720,0.98,inventory.model,False,[],False
a2fd04b66ad44b6e,inventory.csv#6429,KDL-40SL140,KDL-40SL140,0.98,inventory.model,False,[],False
ddadcd02933b6c7c,inventory.csv#643,20_-1,20_-1,0.98,inventory.model,False,[],False
665f0eeac4173235,inventory.csv#6430,KDL-40XBR4,KDL-40XBR4,0.98,inventory.model,False,[],False
5ace442677d96bfb,inventory.csv#6431,KDL-40XBR7,KDL-40XBR7,0.98,inventory.model,False,[],False
05a1cfa6819b0d36,inventory.csv#6432,KDL-46EX500,KDL-46EX500,0.98,inventory.model,False,[],False
a33aa79a93ba6fa5,inventory.csv#6433,KDL-46EX720,KDL-46EX720,0.98,inventory.model,False,[],False
1597c93fb9f25cd7,inventory.csv#6434,KDL-46HX729,KDL-46HX729,0.98,inventory.model,False,[],False
e7974af89ae65ea3,inventory.csv#6435,KDL-46HX820,KDL-46HX820,0.98,inventory.model,False,[],False
3797fb50df28c557,inventory.csv#6436,KDL-46NX810,KDL-46NX810,0.98,inventory.model,False,[],False
6e79e1a05383b31b,inventory.csv#6437,KP-53V35,KP-53V35,0.98,inventory.model,False,[],False
b0e41b3a80f50d61,inventory.csv#6438,KP-53XBR200,KP-53XBR200,0.98,inventory.model,False,[],False
360c4d546f44320d,inventory.csv#6439,KP-53XBR200_1,KP-53XBR200_1,0.98,inventory.model,False,[],False
e9a00280026777ad,inventory.csv#644,20_-1,20_-1,0.98,inventory.model,False,[],False
d0667ffe17b3fa80,inventory.csv#6440,KP-57HW40,KP-57HW40,0.98,inventory.model,False,[],False
fe33c31246b8a760,inventory.csv#6441,KP-61XBR48,KP-61XBR48,0.98,inventory.model,False,[],False
a163d38506cf95b5,inventory.csv#6442,KV-36FV1,KV-36FV1,0.98,inventory.model,False,[],False
4cffe20fedbbb8a5,inventory.csv#6443,KV-S45,KV-S45,0.98,inventory.model,False,[],False
879709ef6191d3f2,inventory.csv#6444,KV20VM30,KV20VM30,0.98,inventory.model,False,[],False
72683062b5eb42bb,inventory.csv#6445,KV27-XBR,KV27-XBR,0.98,inventory.model,False,[],False
34b16991bd5177b9,inventory.csv#6446,KV27V20_TV,KV27V20_TV,0.98,inventory.model,False,[],False
29cbc877d27de11f,inventory.csv#6447,KV32TS36_-_TRINITRON,KV32TS36_-_TRINITRON,0.98,inventory.model,False,[],False
b946a63621db01f6,inventory.csv#6448,KV40XBR,KV40XBR,0.98,inventory.model,False,[],False
7e84aedd50fb1ebe,inventory.csv#6449,KW-34HD1(DTV_TUNER),KW-34HD1(DTV_TUNER),0.98,inventory.model,False,[],False
320979fc37e1ba1b,inventory.csv#645,21_-1,21_-1,0.98,inventory.model,False,[],False
db87d3a7491a80bf,inventory.csv#6450,KW-34HD1(NTSC_TUNER),KW-34HD1(NTSC_TUNER),0.98,inventory.model,False,[],False
a185972d3d8e43cb,inventory.csv#6451,MDP-455,MDP-455,0.98,inventory.model,False,[],False
905960c9318d1312,inventory.csv#6452,MDP-650_LASER_DISC,MDP-650_LASER_DISC,0.98,inventory.model,False,[],False
1608f1eba7853fef,inventory.csv#6453,MDP-650_LASER_DISC_(CTRL-S),MDP-650_LASER_DISC_(CTRL-S),0.98,inventory.model,False,[],False
40a07320bae14d5e,inventory.csv#6454,MDP-800_LD_PLAYER_(CONTROL_S),MDP-800_LD_PLAYER_(CONTROL_S),0.98,inventory.model,False,[],False
f0d144aa099de4b4,inventory.csv#6455,MDP-K5_KARAOKE,MDP-K5_KARAOKE,0.98,inventory.model,False,[],False
d69a66f78d62ade9,inventory.csv#6456,MDS-302,MDS-302,0.98,inventory.model,False,[],False
905f4548d1c95777,inventory.csv#6457,MDS-501,MDS-501,0.98,inventory.model,False,[],False
f3e48ebde5afd236,inventory.csv#6458,MHC-405_MINI_STEREO,MHC-405_MINI_STEREO,0.98,inventory.model,False,[],False
bbbafe560e09fad1,inventory.csv#6459,N-A,N-A,0.98,inventory.model,False,[],False
47d07ba3cb9bff3e,inventory.csv#646,49_-1,49_-1,0.98,inventory.model,False,[],False
d83fb9a9e302e36c,inventory.csv#6460,NSP-100,NSP-100,0.98,inventory.model,False,[],False
65a0b8d150ab920b,inventory.csv#6461,PC1271,PC1271,0.98,inventory.model,False,[],False
1dbf43571d2f7292,inventory.csv#6462,PCS-6000,PCS-6000,0.98,inventory.model,False,[],False
1d389321d4805dbd,inventory.csv#6463,PFM-42B2,PFM-42B2,0.98,inventory.model,False,[],False
030c6d73435a88ba,inventory.csv#6464,PfM-W500A,PfM-W500A,0.98,inventory.model,False,[],False
c3527569e2b765a6,inventory.csv#6465,Playstation_3,Playstation_3,0.98,inventory.model,False,[],False
f014793ea55345f8,inventory.csv#6466,PSM500A1WU,PSM500A1WU,0.98,inventory.model,False,[],False
2badb66cfe0918a3,inventory.csv#6467,PVM-2950Q,PVM-2950Q,0.98,inventory.model,False,[],False
fee5af878912b4bb,inventory.csv#6468,PVM-4300,PVM-4300,0.98,inventory.model,False,[],False
c11000858fc2cecb,inventory.csv#6469,RDR-DX560,RDR-DX560,0.98,inventory.model,False,[],False
92169296bf9ee257,inventory.csv#647,20_-1,20_-1,0.98,inventory.model,False,[],False
ef5b3d53fec0429a,inventory.csv#6470,RDR-GX380,RDR-GX380,0.98,inventory.model,False,[],False
c3baa2877a37c909,inventory.csv#6471,RDR-GX7,RDR-GX7,0.98,inventory.model,False,[],False
5cf026ae5d38cf4e,inventory.csv#6472,RDR-VX530,RDR-VX530,0.98,inventory.model,False,[],False
cf8888bc8e15e4dd,inventory.csv#6473,RECEIVER,RECEIVER,0.98,inventory.model,False,[],False
c1491eed674e2941,inventory.csv#6474,REMOTE_COMMANDER_-_CASSETTE_MODE,REMOTE_COMMANDER_-_CASSETTE_MODE,0.98,inventory.model,False,[],False
3710b579fe49cd61,inventory.csv#6475,RM-SC100,RM-SC100,0.98,inventory.model,False,[],False
4d894d1bceb61d2a,inventory.csv#6476,RM9284,RM9284,0.98,inventory.model,False,[],False
e430967dd1d4ec5f,inventory.csv#6477,RMT-3000,RMT-3000,0.98,inventory.model,False,[],False
56778a3827aa0043,inventory.csv#6478,RVP-4010,RVP-4010,0.98,inventory.model,False,[],False
b251541bbb6161f4,inventory.csv#6479,RVP-4010_(CONTROL-S),RVP-4010_(CONTROL-S),0.98,inventory.model,False,[],False
d3b4743bc2ce2f5c,inventory.csv#648,21_-1,21_-1,0.98,inventory.model,False,[],False
684699fcadd02383,inventory.csv#6480,RW-33,RW-33,0.98,inventory.model,False,[],False
daecdd76f9f475eb,inventory.csv#6481,SAT-A3_-_DSS_SELECTED,SAT-A3_-_DSS_SELECTED,0.98,inventory.model,False,[],False
ea41512c31f21d4e,inventory.csv#6482,SAT-A50,SAT-A50,0.98,inventory.model,False,[],False
6cc53c0d0c7210bb,inventory.csv#6483,SAT-A61,SAT-A61,0.98,inventory.model,False,[],False
508a41c199a73960,inventory.csv#6484,SAT-B1,SAT-B1,0.98,inventory.model,False,[],False
080636ad1968d664,inventory.csv#6485,SAT-B55,SAT-B55,0.98,inventory.model,False,[],False
2cb08f740531b092,inventory.csv#6486,SAT-HD-100,SAT-HD-100,0.98,inventory.model,False,[],False
86de97d2b0097031,inventory.csv#6487,SAT-T60,SAT-T60,0.98,inventory.model,False,[],False
20156bf32bc06ef6,inventory.csv#6488,SAT_B55,SAT_B55,0.98,inventory.model,False,[],False
9ad453e67bd03d4d,inventory.csv#6489,SATB3_-_DSS,SATB3_-_DSS,0.98,inventory.model,False,[],False
46c5b56d301712a9,inventory.csv#649,0_-1,0_-1,0.98,inventory.model,False,[],False
1595ee9482564664,inventory.csv#6490,SCD-CE775,SCD-CE775,0.98,inventory.model,False,[],False
d16a5920a58df087,inventory.csv#6491,SCD-CE775_1,SCD-CE775_1,0.98,inventory.model,False,[],False
460295f52a37615e,inventory.csv#6492,SDPEP9ES,SDPEP9ES,0.98,inventory.model,False,[],False
a0046dad33ae7657,inventory.csv#6493,SLV-100,SLV-100,0.98,inventory.model,False,[],False
0c9f374ed1c9a877,inventory.csv#6494,SLV-1000,SLV-1000,0.98,inventory.model,False,[],False
82513eac7af6cb1f,inventory.csv#6495,SLV-595,SLV-595,0.98,inventory.model,False,[],False
14b739aacec0e656,inventory.csv#6496,SLV-620HF,SLV-620HF,0.98,inventory.model,False,[],False
104314af359e6e9e,inventory.csv#6497,SLV-640HF,SLV-640HF,0.98,inventory.model,False,[],False
1726ac16723cf81b,inventory.csv#6498,SLV-705_ETC,SLV-705_ETC,0.98,inventory.model,False,[],False
b92e2f46db7be9bf,inventory.csv#6499,SLV-790HF(PLS),SLV-790HF(PLS),0.98,inventory.model,False,[],False
bd62fbd5fa74be2a,inventory.csv#65,118_0,118_0,0.98,inventory.model,False,[],False
06f61ac887f54b45,inventory.csv#650,0_-1,0_-1,0.98,inventory.model,False,[],False
c144bf49afd4c489,inventory.csv#6500,SLV-795HF,SLV-795HF,0.98,inventory.model,False,[],False
74048f32197b5db9,inventory.csv#6501,SLV-795HF_1,SLV-795HF_1,0.98,inventory.model,False,[],False
1eeebcd1e7b28e28,inventory.csv#6502,SLV-799HF,SLV-799HF,0.98,inventory.model,False,[],False
ecaf5f75b1fe3e71,inventory.csv#6503,SLV-799HF_1,SLV-799HF_1,0.98,inventory.model,False,[],False
3d075075198ee9de,inventory.csv#6504,SLV-BL100,SLV-BL100,0.98,inventory.model,False,[],False
775ea1bacf62a50c,inventory.csv#6505,SLV-D500P,SLV-D500P,0.98,inventory.model,False,[],False
421c5b138f63c92d,inventory.csv#6506,SLV-D500P_1,SLV-D500P_1,0.98,inventory.model,False,[],False
67e43b8411bb541b,inventory.csv#6507,SLV-ED60,SLV-ED60,0.98,inventory.model,False,[],False
102b9a22ce79a919,inventory.csv#6508,SLV-N500,SLV-N500,0.98,inventory.model,False,[],False
3eb857f537cfa25b,inventory.csv#6509,SLV-N55,SLV-N55,0.98,inventory.model,False,[],False
05e50a46f322bb1f,inventory.csv#651,4_-1,4_-1,0.98,inventory.model,False,[],False
eba9bedaf1d6ea6a,inventory.csv#6510,SLV-N70,SLV-N70,0.98,inventory.model,False,[],False
fe2fe6ad9b70fa21,inventory.csv#6511,SLV-N88,SLV-N88,0.98,inventory.model,False,[],False
85bbe710d4212c00,inventory.csv#6512,SLV-N900,SLV-N900,0.98,inventory.model,False,[],False
9dcc4db84778bd19,inventory.csv#6513,SLV-NS1,SLV-NS1,0.98,inventory.model,False,[],False
a96874f0d7fb769a,inventory.csv#6514,SLV-NV60,SLV-NV60,0.98,inventory.model,False,[],False
b15b31bd7ef12442,inventory.csv#6515,SLV-R5UC,SLV-R5UC,0.98,inventory.model,False,[],False
5989d3091a418d82,inventory.csv#6516,SLV700HF,SLV700HF,0.98,inventory.model,False,[],False
c6e7c0ea1a136b6f,inventory.csv#6517,SLV908HF,SLV908HF,0.98,inventory.model,False,[],False
977ed2b8dbdf579a,inventory.csv#6518,SLVD-300P,SLVD-300P,0.98,inventory.model,False,[],False
0711d55524f760c2,inventory.csv#6519,SLVM20HF,SLVM20HF,0.98,inventory.model,False,[],False
cd642aa33da1e677,inventory.csv#652,2_-1,2_-1,0.98,inventory.model,False,[],False
e75cf69314e68061,inventory.csv#6520,SLVR-1000,SLVR-1000,0.98,inventory.model,False,[],False
1d9c83b7ee0f4441,inventory.csv#6521,SMP-N200,SMP-N200,0.98,inventory.model,False,[],False
7e4822233bb566cf,inventory.csv#6522,DSS_PLUS_TV_COMMANDS,DSS_PLUS_TV_COMMANDS,0.98,inventory.model,False,[],False
a872ab9f4c376167,inventory.csv#6523,RDR-VX515,RDR-VX515,0.98,inventory.model,False,[],False
0f615c919b01202e,inventory.csv#6524,TV,TV,0.98,inventory.model,False,[],False
f8bf8fdd1b35b680,inventory.csv#6525,SonyDVD,SonyDVD,0.98,inventory.model,False,[],False
cf2595d3b6c62c5c,inventory.csv#6526,SonyDVD_1,SonyDVD_1,0.98,inventory.model,False,[],False
de641ec9ca1b8b5b,inventory.csv#6527,SonyDVD_10,SonyDVD_10,0.98,inventory.model,False,[],False
c23577b66f0d26bf,inventory.csv#6528,SonyDVD_2,SonyDVD_2,0.98,inventory.model,False,[],False
ce23bb94357b6d06,inventory.csv#6529,SonyDVD_3,SonyDVD_3,0.98,inventory.model,False,[],False
98455ae96c16d0a3,inventory.csv#653,4_-1,4_-1,0.98,inventory.model,False,[],False
7989d535eff0d2fd,inventory.csv#6530,SonyDVD_4,SonyDVD_4,0.98,inventory.model,False,[],False
b83042d91363d68f,inventory.csv#6531,SonyDVD_5,SonyDVD_5,0.98,inventory.model,False,[],False
402a722ce4b0326b,inventory.csv#6532,SonyDVD_6,SonyDVD_6,0.98,inventory.model,False,[],False
0ea25221bc4b9a37,inventory.csv#6533,SonyDVD_7,SonyDVD_7,0.98,inventory.model,False,[],False
dc10eaa02b18a1a8,inventory.csv#6534,SonyDVD_8,SonyDVD_8,0.98,inventory.model,False,[],False
056a8b0a310c4d01,inventory.csv#6535,SonyDVD_9,SonyDVD_9,0.98,inventory.model,False,[],False
c23eb7c40db24443,inventory.csv#6536,SonyTV,SonyTV,0.98,inventory.model,False,[],False
da7af43a0ad771d7,inventory.csv#6537,SonyTV_1,SonyTV_1,0.98,inventory.model,False,[],False
f5dea9d7f2ce0cd1,inventory.csv#6538,SonyTV_2,SonyTV_2,0.98,inventory.model,False,[],False
1704eb844681c2dc,inventory.csv#6539,SonyTV_3,SonyTV_3,0.98,inventory.model,False,[],False
eee38353ce144006,inventory.csv#654,0_28,0_28,0.98,inventory.model,False,[],False
1f89ab7d9c29e9b5,inventory.csv#6540,SonyTV_4,SonyTV_4,0.98,inventory.model,False,[],False
07aab5a4c5295235,inventory.csv#6541,SonyTV_5,SonyTV_5,0.98,inventory.model,False,[],False
9beb9a2d81ee1b32,inventory.csv#6542,SonyTV_6,SonyTV_6,0.98,inventory.model,False,[],False
3067700d7ef98b13,inventory.csv#6543,SonyTV_7,SonyTV_7,0.98,inventory.model,False,[],False
1bf05f6a2fa18b3a,inventory.csv#6544,SonyTV_8,SonyTV_8,0.98,inventory.model,False,[],False
39d50777017e9f3c,inventory.csv#6545,ST-72TV_TTV-8U_REDO,ST-72TV_TTV-8U_REDO,0.98,inventory.model,False,[],False
8c930a71b07fe481,inventory.csv#6546,ST-92TV_(CONTROL-S),ST-92TV_(CONTROL-S),0.98,inventory.model,False,[],False
633fb22d8651eee8,inventory.csv#6547,STR-3070,STR-3070,0.98,inventory.model,False,[],False
624b034d5148dc82,inventory.csv#6548,STR-BE695,STR-BE695,0.98,inventory.model,False,[],False
be819b9a9c2956e1,inventory.csv#6549,STR-DA1800ES,STR-DA1800ES,0.98,inventory.model,False,[],False
5e2bf4aaec1ef992,inventory.csv#655,43_28,43_28,0.98,inventory.model,False,[],False
5db7041eda729cfd,inventory.csv#6550,str-da3100es,str-da3100es,0.98,inventory.model,False,[],False
7d2542b78072c1a5,inventory.csv#6551,STR-DA4600ES,STR-DA4600ES,0.98,inventory.model,False,[],False
2cffb605c141a364,inventory.csv#6552,STR-DA5300ES,STR-DA5300ES,0.98,inventory.model,False,[],False
ef4b8342150e7a64,inventory.csv#6553,STR-DA5700ES,STR-DA5700ES,0.98,inventory.model,False,[],False
d55cc3a83bb82971,inventory.csv#6554,STR-DA5ES,STR-DA5ES,0.98,inventory.model,False,[],False
4b2213d8ee56f3d4,inventory.csv#6555,STR-DA5ES_1,STR-DA5ES_1,0.98,inventory.model,False,[],False
61598ceeee689275,inventory.csv#6556,STR-DA5ES_2,STR-DA5ES_2,0.98,inventory.model,False,[],False
0e883db9a660f8ad,inventory.csv#6557,STR-DA5ES_3,STR-DA5ES_3,0.98,inventory.model,False,[],False
a70b7a77550349d4,inventory.csv#6558,STR-DA5ES_4,STR-DA5ES_4,0.98,inventory.model,False,[],False
4a07084c516f6d0b,inventory.csv#6559,STR-DA90ESG,STR-DA90ESG,0.98,inventory.model,False,[],False
1fbd6c1fc954f25a,inventory.csv#656,79_80,79_80,0.98,inventory.model,False,[],False
cc52f0a91acc6fe4,inventory.csv#6560,STR-DAx400ES,STR-DAx400ES,0.98,inventory.model,False,[],False
6e21192d8e644601,inventory.csv#6561,STR-DE505_(RECEIVER_AND_TUNER_ONLY),STR-DE505_(RECEIVER_AND_TUNER_ONLY),0.98,inventory.model,False,[],False
df7e5eed18fe00ab,inventory.csv#6562,STR-DE525,STR-DE525,0.98,inventory.model,False,[],False
9d1bcf8a0b46d89c,inventory.csv#6563,STR-DE598,STR-DE598,0.98,inventory.model,False,[],False
e961bca51087b036,inventory.csv#6564,STR-DE805G,STR-DE805G,0.98,inventory.model,False,[],False
179c1047beb2a549,inventory.csv#6565,STR-DE915,STR-DE915,0.98,inventory.model,False,[],False
046cb5d42c3e3a7f,inventory.csv#6566,STR-DE925,STR-DE925,0.98,inventory.model,False,[],False
752ae77047f2b9dd,inventory.csv#6567,STR-DE925_1,STR-DE925_1,0.98,inventory.model,False,[],False
c468a12467944539,inventory.csv#6568,STR-DE935,STR-DE935,0.98,inventory.model,False,[],False
d5b3f497e62d497b,inventory.csv#6569,STR-DE945,STR-DE945,0.98,inventory.model,False,[],False
11c47febcbe4bd8b,inventory.csv#657,27_-1,27_-1,0.98,inventory.model,False,[],False
ff783bfc2b363146,inventory.csv#6570,STR-DE945_1,STR-DE945_1,0.98,inventory.model,False,[],False
cd89e0b230286da5,inventory.csv#6571,STR-DE985,STR-DE985,0.98,inventory.model,False,[],False
32d70474a8ee1e72,inventory.csv#6572,STR-DH520,STR-DH520,0.98,inventory.model,False,[],False
b6942ef91aae5155,inventory.csv#6573,STR-DH720,STR-DH720,0.98,inventory.model,False,[],False
cbca058fa17118ff,inventory.csv#6574,STR-DH820,STR-DH820,0.98,inventory.model,False,[],False
ae096807cd47117f,inventory.csv#6575,STR-DH_Series,STR-DH_Series,0.98,inventory.model,False,[],False
dab922dbdb417c58,inventory.csv#6576,STR-DN1020,STR-DN1020,0.98,inventory.model,False,[],False
1280403d22e0152d,inventory.csv#6577,STR-GA8ES_-_CD_FNX,STR-GA8ES_-_CD_FNX,0.98,inventory.model,False,[],False
df51e3f54178fa71,inventory.csv#6578,STR-GA8ES_DATA_FNX,STR-GA8ES_DATA_FNX,0.98,inventory.model,False,[],False
db73379288cd5ef2,inventory.csv#6579,STR-GA8ES_RECEIVER_FNX,STR-GA8ES_RECEIVER_FNX,0.98,inventory.model,False,[],False
9b71a0e760df92e7,inventory.csv#658,12_-1,12_-1,0.98,inventory.model,False,[],False
0cdab52365a51e5e,inventory.csv#6580,STR-GA8ES_TAPE_FNX,STR-GA8ES_TAPE_FNX,0.98,inventory.model,False,[],False
c0bc71293fcb4a48,inventory.csv#6581,STR-GA8ES_TUNER_FNX,STR-GA8ES_TUNER_FNX,0.98,inventory.model,False,[],False
2853146b87d97532,inventory.csv#6582,STR-GX909ES,STR-GX909ES,0.98,inventory.model,False,[],False
08e7ec32afe76e19,inventory.csv#6583,STR-V444ES,STR-V444ES,0.98,inventory.model,False,[],False
7684783fbfbaf1f7,inventory.csv#6584,STR,STR,0.98,inventory.model,False,[],False
ce8d5d9296278133,inventory.csv#6585,STRAV-720,STRAV-720,0.98,inventory.model,False,[],False
6e52b182716b5952,inventory.csv#6586,STRDE-50-30ES,STRDE-50-30ES,0.98,inventory.model,False,[],False
52179a034f859155,inventory.csv#6587,STRGX7ES_(TUNER_VTR_CD),STRGX7ES_(TUNER_VTR_CD),0.98,inventory.model,False,[],False
a5d8a84c6e8ddf5b,inventory.csv#6588,STRGX99_AUDIO-TV-VTR-LDP,STRGX99_AUDIO-TV-VTR-LDP,0.98,inventory.model,False,[],False
8ef26195aea2ed02,inventory.csv#6589,STS-200E,STS-200E,0.98,inventory.model,False,[],False
8e88a68da9d5002f,inventory.csv#659,2_-1,2_-1,0.98,inventory.model,False,[],False
3f4b1f3d1a065804,inventory.csv#6590,SV778,SV778,0.98,inventory.model,False,[],False
93059a524e7bf0a3,inventory.csv#6591,SVO-1500,SVO-1500,0.98,inventory.model,False,[],False
f4d2ae3cd24cab55,inventory.csv#6592,SVO-1620,SVO-1620,0.98,inventory.model,False,[],False
bdbb1d78f34444a5,inventory.csv#6593,SVO-1620_1,SVO-1620_1,0.98,inventory.model,False,[],False
b562a95b120bac11,inventory.csv#6594,SVO-1630,SVO-1630,0.98,inventory.model,False,[],False
01f8b799aaff18c4,inventory.csv#6595,SVO-1630_1,SVO-1630_1,0.98,inventory.model,False,[],False
b8bb3f8c02c03153,inventory.csv#6596,SVO-8MM,SVO-8MM,0.98,inventory.model,False,[],False
fd3f6078c0a65d62,inventory.csv#6597,SVO_&_SVP_SERIES_(VTR-3),SVO_&_SVP_SERIES_(VTR-3),0.98,inventory.model,False,[],False
44f674461d3d74cd,inventory.csv#6598,SWK-8630_WEBTV,SWK-8630_WEBTV,0.98,inventory.model,False,[],False
d45dd4a94ce3dbd8,inventory.csv#6599,TA-AV570,TA-AV570,0.98,inventory.model,False,[],False
2675e72bf24301c5,inventory.csv#66,118_0,118_0,0.98,inventory.model,False,[],False
b7df70e384c65ad0,inventory.csv#660,4_-1,4_-1,0.98,inventory.model,False,[],False
e215e9cb13448449,inventory.csv#6600,TA-E2000ES,TA-E2000ES,0.98,inventory.model,False,[],False
b6ff55bc366e1edf,inventory.csv#6601,TA-E9000ES,TA-E9000ES,0.98,inventory.model,False,[],False
5e5c4b3d64e90f5e,inventory.csv#6602,TA-F707ES,TA-F707ES,0.98,inventory.model,False,[],False
8265d907a26908d1,inventory.csv#6603,TBD,TBD,0.98,inventory.model,False,[],False
c8cfbee2ef74a801,inventory.csv#6604,TBD_1,TBD_1,0.98,inventory.model,False,[],False
f63cf5c422279b2a,inventory.csv#6605,TC-WE8358,TC-WE8358,0.98,inventory.model,False,[],False
9dfdf0a9b5dfab5b,inventory.csv#6606,TC-WR90ES_TAPE_DECK_ST-550ES_TUNER_(VTR3),TC-WR90ES_TAPE_DECK_ST-550ES_TUNER_(VTR3),0.98,inventory.model,False,[],False
7af789aa5e801478,inventory.csv#6607,TC-WR90ES_TAPE_DECK_ST-550ES_TUNER_(VTR3)_CTRL-S,TC-WR90ES_TAPE_DECK_ST-550ES_TUNER_(VTR3)_CTRL-S,0.98,inventory.model,False,[],False
c29dc7616fe7c3a6,inventory.csv#6608,TCK-650,TCK-650,0.98,inventory.model,False,[],False
244f562e6ba9b6e2,inventory.csv#6609,TCWA8_CASSETTE,TCWA8_CASSETTE,0.98,inventory.model,False,[],False
d6839359b06ab171,inventory.csv#661,6_-1,6_-1,0.98,inventory.model,False,[],False
c60e6184867a8c3b,inventory.csv#6610,TCWR-790_CASSETTE,TCWR-790_CASSETTE,0.98,inventory.model,False,[],False
473ad816260e2009,inventory.csv#6611,TIVO_SVR-2000,TIVO_SVR-2000,0.98,inventory.model,False,[],False
88bb709ce8c154d9,inventory.csv#6612,TS_SERIES_TELEVISIONS,TS_SERIES_TELEVISIONS,0.98,inventory.model,False,[],False
4aaecd8a1f55a0ec,inventory.csv#6613,TU-1041,TU-1041,0.98,inventory.model,False,[],False
d4af75e938289047,inventory.csv#6614,TU_1041_TV_TUNER,TU_1041_TV_TUNER,0.98,inventory.model,False,[],False
d0afc83367104a14,inventory.csv#6615,TV_61'__KP-61XBR48_FUNCTION_TV,TV_61'__KP-61XBR48_FUNCTION_TV,0.98,inventory.model,False,[],False
855a325d0fdd858d,inventory.csv#6616,TV_61'__KP-61XBR48_FUNCTION_TV_1,TV_61'__KP-61XBR48_FUNCTION_TV_1,0.98,inventory.model,False,[],False
14032fc215e818d8,inventory.csv#6617,TV_GENERIC_DRIVER,TV_GENERIC_DRIVER,0.98,inventory.model,False,[],False
bdd91bad3871f4d3,inventory.csv#6618,TV_GENERIC_DRIVER_1,TV_GENERIC_DRIVER_1,0.98,inventory.model,False,[],False
8d8a25f2b5d8190e,inventory.csv#6619,TV_KVU2120V,TV_KVU2120V,0.98,inventory.model,False,[],False
893f51dce9b44282,inventory.csv#662,8_-1,8_-1,0.98,inventory.model,False,[],False
7cec364a83801bfa,inventory.csv#6620,TV_MN-KV13V50,TV_MN-KV13V50,0.98,inventory.model,False,[],False
d3dcd83da2cc5a62,inventory.csv#6621,Universal_LCD-Plasma,Universal_LCD-Plasma,0.98,inventory.model,False,[],False
0550f95b9908a5f8,inventory.csv#6622,UP1200R,UP1200R,0.98,inventory.model,False,[],False
46a8110f8cbea694,inventory.csv#6623,UVW-1800,UVW-1800,0.98,inventory.model,False,[],False
cf80e9212652e4d2,inventory.csv#6624,VCR,VCR,0.98,inventory.model,False,[],False
df19bdd3c7ee1612,inventory.csv#6625,VCR_SLV-940HE_COMMAND_MODE_VTR-1,VCR_SLV-940HE_COMMAND_MODE_VTR-1,0.98,inventory.model,False,[],False
165fd75f42ea33fa,inventory.csv#6626,VCR_SLV-940HE_COMMAND_MODE_VTR-2,VCR_SLV-940HE_COMMAND_MODE_VTR-2,0.98,inventory.model,False,[],False
5b908fdd59d37953,inventory.csv#6627,VCR_SLV-960HV_COMMAND_MODE_VTR-1,VCR_SLV-960HV_COMMAND_MODE_VTR-1,0.98,inventory.model,False,[],False
ef2a03c338d8c675,inventory.csv#6628,VCR_SLV-960HV_COMMAND_MODE_VTR-2,VCR_SLV-960HV_COMMAND_MODE_VTR-2,0.98,inventory.model,False,[],False
a7eefa477f47ab30,inventory.csv#6629,VCR_SLV-960HV_COMMAND_MODE_VTR-3,VCR_SLV-960HV_COMMAND_MODE_VTR-3,0.98,inventory.model,False,[],False
e8b37c7aae5e54bb,inventory.csv#663,12_-1,12_-1,0.98,inventory.model,False,[],False
bdc32efccb63c83f,inventory.csv#6630,VIDEO_CONFERENCING_CONTROLLER,VIDEO_CONFERENCING_CONTROLLER,0.98,inventory.model,False,[],False
3de3dfda23c90abd,inventory.csv#6631,VLP-S500Q,VLP-S500Q,0.98,inventory.model,False,[],False
9fe30ee76265b118,inventory.csv#6632,VP-VO_5000_6000_7000_9000_SERIES,VP-VO_5000_6000_7000_9000_SERIES,0.98,inventory.model,False,[],False
1a2fce6e83c3499c,inventory.csv#6633,VPH-1270Q-PC-1270,VPH-1270Q-PC-1270,0.98,inventory.model,False,[],False
235b6de578d05103,inventory.csv#6634,VPH-D50Q,VPH-D50Q,0.98,inventory.model,False,[],False
3c70de1d87108c98,inventory.csv#6635,VPH-G70Q,VPH-G70Q,0.98,inventory.model,False,[],False
8509e6c6cc4bffe4,inventory.csv#6636,VPH-G90U,VPH-G90U,0.98,inventory.model,False,[],False
de13dd54a14cf64c,inventory.csv#6637,VPL-500Q,VPL-500Q,0.98,inventory.model,False,[],False
b361bbf7c85299d5,inventory.csv#6638,VPL-600U,VPL-600U,0.98,inventory.model,False,[],False
a5823440711700c2,inventory.csv#6639,VPL-CX5,VPL-CX5,0.98,inventory.model,False,[],False
aaabd948feb68ba5,inventory.csv#664,2_-1,2_-1,0.98,inventory.model,False,[],False
41420fe61bcb13c2,inventory.csv#6640,VPL-EX175,VPL-EX175,0.98,inventory.model,False,[],False
dd7f960fd322114a,inventory.csv#6641,VPL-EX3,VPL-EX3,0.98,inventory.model,False,[],False
57ba4b55b84d21a4,inventory.csv#6642,VPL-FX200,VPL-FX200,0.98,inventory.model,False,[],False
e4d77762cbe7db04,inventory.csv#6643,VPL-FX30,VPL-FX30,0.98,inventory.model,False,[],False
ff9cbc9f48b69b02,inventory.csv#6644,VPL-HW30AES,VPL-HW30AES,0.98,inventory.model,False,[],False
dac602543e82d076,inventory.csv#6645,VPL-PX15,VPL-PX15,0.98,inventory.model,False,[],False
5f98f7098eb751a9,inventory.csv#6646,VPL-S800U,VPL-S800U,0.98,inventory.model,False,[],False
365e399bb3e4d842,inventory.csv#6647,VPL-VW1000ES,VPL-VW1000ES,0.98,inventory.model,False,[],False
62a85eefef3d481d,inventory.csv#6648,VPL-VW10HT,VPL-VW10HT,0.98,inventory.model,False,[],False
1915c3bc704746f9,inventory.csv#6649,VPL-VW85,VPL-VW85,0.98,inventory.model,False,[],False
77170cc01bee8ec4,inventory.csv#665,4_-1,4_-1,0.98,inventory.model,False,[],False
bea4b65e667f12aa,inventory.csv#6650,VPL-VW95ES,VPL-VW95ES,0.98,inventory.model,False,[],False
0d234f3dd076c662,inventory.csv#6651,VPL-X1000U,VPL-X1000U,0.98,inventory.model,False,[],False
90c442ba6434767c,inventory.csv#6652,VPL-X2000U,VPL-X2000U,0.98,inventory.model,False,[],False
efcee865ff40e293,inventory.csv#6653,VPL-X2000U_1,VPL-X2000U_1,0.98,inventory.model,False,[],False
df737a741cbcdba9,inventory.csv#6654,VPL-X600U,VPL-X600U,0.98,inventory.model,False,[],False
e479589f2ea409ae,inventory.csv#6655,VPL-X600U_-_CONTROL_S,VPL-X600U_-_CONTROL_S,0.98,inventory.model,False,[],False
ce4c0f9052480223,inventory.csv#6656,VPLCS5,VPLCS5,0.98,inventory.model,False,[],False
e6669230bb78edb7,inventory.csv#6657,VPLFX30_MODE1,VPLFX30_MODE1,0.98,inventory.model,False,[],False
65257728739403ca,inventory.csv#6658,VPLFX30_MODE2,VPLFX30_MODE2,0.98,inventory.model,False,[],False
c1b1b44dc5faf638,inventory.csv#6659,VTR1_VTR2_VTR3_ACR(TC)_DISCRETE_POWER,VTR1_VTR2_VTR3_ACR(TC)_DISCRETE_POWER,0.98,inventory.model,False,[],False
f740dfe591ab67a8,inventory.csv#666,2_1,2_1,0.98,inventory.model,False,[],False
6059b9e173034aaa,inventory.csv#6660,VTX-100_TUNER,VTX-100_TUNER,0.98,inventory.model,False,[],False
8e89692b4c5306d4,inventory.csv#6661,X9200_MULTISCAN,X9200_MULTISCAN,0.98,inventory.model,False,[],False
65b237c0d50a510c,inventory.csv#6662,XBR-46HX909,XBR-46HX909,0.98,inventory.model,False,[],False
eb2c5f18f34af9c5,inventory.csv#6663,XBR-84X900,XBR-84X900,0.98,inventory.model,False,[],False
eba3db9b38d0843d,inventory.csv#6664,XBR7_Series,XBR7_Series,0.98,inventory.model,False,[],False
4239fec2ac570c4c,inventory.csv#6665,C-2000_PREAMP_(EVEN),C-2000_PREAMP_(EVEN),0.98,inventory.model,False,[],False
c3e3ab8d2a79e012,inventory.csv#6666,C-2000_PREAMP_(ODD),C-2000_PREAMP_(ODD),0.98,inventory.model,False,[],False
cee0c42e346c8c35,inventory.csv#6667,No_model,No_model,0.98,inventory.model,False,[],False
ed0dd39e89fb198b,inventory.csv#6668,N-A,N-A,0.98,inventory.model,False,[],False
e6695574992129de,inventory.csv#6669,3220HD_-_2310HD,3220HD_-_2310HD,0.98,inventory.model,False,[],False
a4c954079f05596e,inventory.csv#667,12_-1,12_-1,0.98,inventory.model,False,[],False
c3268de4b93f2d6c,inventory.csv#6670,Model_3230HD,Model_3230HD,0.98,inventory.model,False,[],False
4e510208ab30e744,inventory.csv#6671,SB-3220HD,SB-3220HD,0.98,inventory.model,False,[],False
fad1bca9c5b73216,inventory.csv#6672,SB-4610_HD,SB-4610_HD,0.98,inventory.model,False,[],False
88f795c202f2a5e9,inventory.csv#6673,THEATER_GRAND,THEATER_GRAND,0.98,inventory.model,False,[],False
1c5cd9c5c9a9e2de,inventory.csv#6674,BLINDS,BLINDS,0.98,inventory.model,False,[],False
ab058166cbc3d2a8,inventory.csv#6675,F3_SERIES_THEATRE_AV32R,F3_SERIES_THEATRE_AV32R,0.98,inventory.model,False,[],False
b077e74187833e72,inventory.csv#6676,T32R,T32R,0.98,inventory.model,False,[],False
73cadf3325864cc4,inventory.csv#6677,6000,6000,0.98,inventory.model,False,[],False
f193d0978efa2872,inventory.csv#6678,Codec_C90,Codec_C90,0.98,inventory.model,False,[],False
7b09587d650d8284,inventory.csv#6679,VISION_5000,VISION_5000,0.98,inventory.model,False,[],False
b68b5657df5b5ad2,inventory.csv#668,2_-1,2_-1,0.98,inventory.model,False,[],False
030b25a301d079f5,inventory.csv#6680,302_DUAL_WELL_CASSETTE_WIRED_REMOTE,302_DUAL_WELL_CASSETTE_WIRED_REMOTE,0.98,inventory.model,False,[],False
b633dd14cbc57cc9,inventory.csv#6681,6500,6500,0.98,inventory.model,False,[],False
06a16489e8ea7879,inventory.csv#6682,CD-450_(WIRED),CD-450_(WIRED),0.98,inventory.model,False,[],False
23d69f3eabf6d62c,inventory.csv#6683,CD-A700,CD-A700,0.98,inventory.model,False,[],False
15b0cca0bda82e78,inventory.csv#6684,CD-RW2000,CD-RW2000,0.98,inventory.model,False,[],False
291310b727ef449e,inventory.csv#6685,CD-RW5000_(WIRED),CD-RW5000_(WIRED),0.98,inventory.model,False,[],False
27fe395991bc3b3a,inventory.csv#6686,CD-RW700,CD-RW700,0.98,inventory.model,False,[],False
a1ddd4effde99d96,inventory.csv#6687,CD_305,CD_305,0.98,inventory.model,False,[],False
1c0002bde20f75e1,inventory.csv#6688,CDA-700,CDA-700,0.98,inventory.model,False,[],False
4479b17d2d15a053,inventory.csv#6689,DA20MK2,DA20MK2,0.98,inventory.model,False,[],False
7170e43d8de4cf1d,inventory.csv#669,4_-1,4_-1,0.98,inventory.model,False,[],False
75152a07734c459f,inventory.csv#6690,DV-L84H_DVR,DV-L84H_DVR,0.98,inventory.model,False,[],False
83bdadbdb6eb88af,inventory.csv#6691,AG-D9320,AG-D9320,0.98,inventory.model,False,[],False
7856595d8a6aecab,inventory.csv#6692,AGV-8600,AGV-8600,0.98,inventory.model,False,[],False
38af41427f1ed97a,inventory.csv#6693,CD_PLAYER,CD_PLAYER,0.98,inventory.model,False,[],False
ff03c4321d916383,inventory.csv#6694,CDP-1440,CDP-1440,0.98,inventory.model,False,[],False
b9f8f8646554c203,inventory.csv#6695,PAD-500(ACR_FNX),PAD-500(ACR_FNX),0.98,inventory.model,False,[],False
bc1a81b615b19597,inventory.csv#6696,PAD-500(CD_FNX),PAD-500(CD_FNX),0.98,inventory.model,False,[],False
13e6773f7fbe65d2,inventory.csv#6697,PCDP1100,PCDP1100,0.98,inventory.model,False,[],False
23dcfd2026b3fa44,inventory.csv#6698,PD-D2400,PD-D2400,0.98,inventory.model,False,[],False
b07535d4c10b1c76,inventory.csv#6699,PD-D2750,PD-D2750,0.98,inventory.model,False,[],False
63e47ccdf589448c,inventory.csv#67,110_0,110_0,0.98,inventory.model,False,[],False
27b727f4adac0669,inventory.csv#670,8_-1,8_-1,0.98,inventory.model,False,[],False
bb4f344ca1aea6ed,inventory.csv#6700,PDD-2200,PDD-2200,0.98,inventory.model,False,[],False
3f082350ae0857c4,inventory.csv#6701,PPDD2681,PPDD2681,0.98,inventory.model,False,[],False
2fe3c40ba609e3fc,inventory.csv#6702,PR-565,PR-565,0.98,inventory.model,False,[],False
066a8e0f43873b06,inventory.csv#6703,ACDD3TS,ACDD3TS,0.98,inventory.model,False,[],False
c1cb76b206145d47,inventory.csv#6704,AUDIO_REMOTE_FOR_TV,AUDIO_REMOTE_FOR_TV,0.98,inventory.model,False,[],False
dec871b201b25102,inventory.csv#6705,AUDIO_REMOTE_FOR_VCR,AUDIO_REMOTE_FOR_VCR,0.98,inventory.model,False,[],False
95013e5f6df43465,inventory.csv#6706,AUDIO_REMOTE_FOR_VDP,AUDIO_REMOTE_FOR_VDP,0.98,inventory.model,False,[],False
3d8f6a0484e2a7b8,inventory.csv#6707,DISCREET_CODES,DISCREET_CODES,0.98,inventory.model,False,[],False
0687ee6961b3ed46,inventory.csv#6708,RECEIVER,RECEIVER,0.98,inventory.model,False,[],False
06ab86384e80cfda,inventory.csv#6709,RSTR575,RSTR575,0.98,inventory.model,False,[],False
dbd79daa693e54e1,inventory.csv#671,4_-1,4_-1,0.98,inventory.model,False,[],False
84e692d394a19be8,inventory.csv#6710,SA-AX610,SA-AX610,0.98,inventory.model,False,[],False
ea12340a9bb7e6c2,inventory.csv#6711,SA-AX710,SA-AX710,0.98,inventory.model,False,[],False
6363bf7bf8cc999d,inventory.csv#6712,SAAX530,SAAX530,0.98,inventory.model,False,[],False
3bca024254f02f48,inventory.csv#6713,SADX930,SADX930,0.98,inventory.model,False,[],False
6ae2009c99588004,inventory.csv#6714,SADX940,SADX940,0.98,inventory.model,False,[],False
625e00f0f3c670ce,inventory.csv#6715,SAGX-140,SAGX-140,0.98,inventory.model,False,[],False
5377b07bc72873ae,inventory.csv#6716,SH-AC500D_Surround_Sound_Processor,SH-AC500D_Surround_Sound_Processor,0.98,inventory.model,False,[],False
1d4e8bcd9cd91772,inventory.csv#6717,SL-MC410_CD_CHANGER,SL-MC410_CD_CHANGER,0.98,inventory.model,False,[],False
82ae7b284fd95b7e,inventory.csv#6718,SL-MC7,SL-MC7,0.98,inventory.model,False,[],False
f85ef6e6fc34b036,inventory.csv#6719,SL-P300,SL-P300,0.98,inventory.model,False,[],False
64ad432898fbe9b2,inventory.csv#672,8_-1,8_-1,0.98,inventory.model,False,[],False
b411d35122ffe7f8,inventory.csv#6720,SLPD-887_CD_CHANGER,SLPD-887_CD_CHANGER,0.98,inventory.model,False,[],False
ebc7c4e644ad35c8,inventory.csv#6721,SLPD8,SLPD8,0.98,inventory.model,False,[],False
64472b91c6a9abfa,inventory.csv#6722,THX_PROCESSOR,THX_PROCESSOR,0.98,inventory.model,False,[],False
3aba7e62676cb061,inventory.csv#6723,THX_PROCESSOR_-_CASSETTE,THX_PROCESSOR_-_CASSETTE,0.98,inventory.model,False,[],False
e9a6aaad1a871822,inventory.csv#6724,THX_PROCESSOR_-_CD,THX_PROCESSOR_-_CD,0.98,inventory.model,False,[],False
66ff297bf3fa18e9,inventory.csv#6725,THX_PROCESSOR_-_DAT,THX_PROCESSOR_-_DAT,0.98,inventory.model,False,[],False
13f9de8fce9be466,inventory.csv#6726,THX_PROCESSOR_-_LASER,THX_PROCESSOR_-_LASER,0.98,inventory.model,False,[],False
7b6b1d54ac085a76,inventory.csv#6727,THX_PROCESSOR_-_LASER_2,THX_PROCESSOR_-_LASER_2,0.98,inventory.model,False,[],False
584e8d1803db8902,inventory.csv#6728,THX_PROCESSOR_-_PROCESSOR_FUNCTIONS,THX_PROCESSOR_-_PROCESSOR_FUNCTIONS,0.98,inventory.model,False,[],False
4b773175b89f0058,inventory.csv#6729,THX_PROCESSOR_-_TUNER,THX_PROCESSOR_-_TUNER,0.98,inventory.model,False,[],False
8ff6010fdde5d550,inventory.csv#673,168_-1,168_-1,0.98,inventory.model,False,[],False
f4c53054a17b48e7,inventory.csv#6730,THX_PROCESSOR_-_TV,THX_PROCESSOR_-_TV,0.98,inventory.model,False,[],False
e874e93379248739,inventory.csv#6731,THX_PROCESSOR_-_VCR_1,THX_PROCESSOR_-_VCR_1,0.98,inventory.model,False,[],False
dcf80915fdb10632,inventory.csv#6732,THX_PROCESSOR_-_VCR_2,THX_PROCESSOR_-_VCR_2,0.98,inventory.model,False,[],False
ca1db4d15cfc6a50,inventory.csv#6733,P170V,P170V,0.98,inventory.model,False,[],False
5ac2aa9a512bb478,inventory.csv#6734,Telus-AT6400,Telus-AT6400,0.98,inventory.model,False,[],False
f61da2523d2f088d,inventory.csv#6735,PROCESSOR,PROCESSOR,0.98,inventory.model,False,[],False
a21bddc8a3cbc20e,inventory.csv#6736,CASABLANCA,CASABLANCA,0.98,inventory.model,False,[],False
d0de838432490c69,inventory.csv#6737,DATA_3,DATA_3,0.98,inventory.model,False,[],False
2ffa874499db3a05,inventory.csv#6738,DaViD,DaViD,0.98,inventory.model,False,[],False
f802ae4447e4f8b3,inventory.csv#6739,No_model,No_model,0.98,inventory.model,False,[],False
f2d62c6ca49baf22,inventory.csv#674,175_-1,175_-1,0.98,inventory.model,False,[],False
ef9fa3331ec75734,inventory.csv#6740,HD_DVR_Series_4,HD_DVR_Series_4,0.98,inventory.model,False,[],False
7d5b6e1b0dadf26f,inventory.csv#6741,Premiere,Premiere,0.98,inventory.model,False,[],False
a24a34d01c7c80ad,inventory.csv#6742,32_SL400U,32_SL400U,0.98,inventory.model,False,[],False
b71346a5551ec0fd,inventory.csv#6743,32SL415U,32SL415U,0.98,inventory.model,False,[],False
1cc08f727b16319d,inventory.csv#6744,40E21U,40E21U,0.98,inventory.model,False,[],False
3da27c522b0dfded,inventory.csv#6745,42HDX82,42HDX82,0.98,inventory.model,False,[],False
5cf0ed27e53d0522,inventory.csv#6746,46G310U,46G310U,0.98,inventory.model,False,[],False
38ff5e91531b513c,inventory.csv#6747,46RV525U,46RV525U,0.98,inventory.model,False,[],False
e7ed5a8fc01ec3e9,inventory.csv#6748,46SL417U,46SL417U,0.98,inventory.model,False,[],False
d86ece578b81245d,inventory.csv#6749,55G310U,55G310U,0.98,inventory.model,False,[],False
8ba056dfd788d54a,inventory.csv#675,4_-1,4_-1,0.98,inventory.model,False,[],False
84c92d117cf1f1fc,inventory.csv#6750,BDX2150,BDX2150,0.98,inventory.model,False,[],False
1d3641b9db723781,inventory.csv#6751,BDX5200,BDX5200,0.98,inventory.model,False,[],False
3e4e82ae53c28c5b,inventory.csv#6752,CF3060K,CF3060K,0.98,inventory.model,False,[],False
7eca89055b87d2a8,inventory.csv#6753,CT-9726,CT-9726,0.98,inventory.model,False,[],False
504c150ae340cb34,inventory.csv#6754,CZ36V61,CZ36V61,0.98,inventory.model,False,[],False
3cf160673f1c6bbf,inventory.csv#6755,D-VR650,D-VR650,0.98,inventory.model,False,[],False
05174c7d2ef2055a,inventory.csv#6756,DSS,DSS,0.98,inventory.model,False,[],False
ca626341e7bb177c,inventory.csv#6757,DSS_TSR-202,DSS_TSR-202,0.98,inventory.model,False,[],False
8626b903f4feaade,inventory.csv#6758,DST-3000,DST-3000,0.98,inventory.model,False,[],False
e9a5bc0b9b8f189e,inventory.csv#6759,DVD,DVD,0.98,inventory.model,False,[],False
4ba6d59026653ce9,inventory.csv#676,6_-1,6_-1,0.98,inventory.model,False,[],False
9bf5034f2e30e823,inventory.csv#6760,HDA2,HDA2,0.98,inventory.model,False,[],False
5fd2fa059b36cf4d,inventory.csv#6761,M-501,M-501,0.98,inventory.model,False,[],False
efbbb1c4791d13b0,inventory.csv#6762,M-752,M-752,0.98,inventory.model,False,[],False
47fc88189e808944,inventory.csv#6763,M-764,M-764,0.98,inventory.model,False,[],False
b0a2394abb57e84f,inventory.csv#6764,M461_VCR,M461_VCR,0.98,inventory.model,False,[],False
de4f678c220db0ec,inventory.csv#6765,M683,M683,0.98,inventory.model,False,[],False
3cc1814abc3268ad,inventory.csv#6766,M9485_VCR,M9485_VCR,0.98,inventory.model,False,[],False
f140163240bf7d5a,inventory.csv#6767,N-A,N-A,0.98,inventory.model,False,[],False
729855422466cdc9,inventory.csv#6768,SD-3109,SD-3109,0.98,inventory.model,False,[],False
bb3591558b9c9765,inventory.csv#6769,SD-6200,SD-6200,0.98,inventory.model,False,[],False
95696ae2737f0410,inventory.csv#677,8_-1,8_-1,0.98,inventory.model,False,[],False
37603c40dba96aa9,inventory.csv#6770,SD-9200,SD-9200,0.98,inventory.model,False,[],False
c0a8100a44885c80,inventory.csv#6771,SD-D100,SD-D100,0.98,inventory.model,False,[],False
e01391efd4bc3143,inventory.csv#6772,SD3806,SD3806,0.98,inventory.model,False,[],False
e2b1e5fd0baed5f6,inventory.csv#6773,SDV296KU,SDV296KU,0.98,inventory.model,False,[],False
d3af803ede48ea51,inventory.csv#6774,SE-R3006_(SAME_AS_MERIDIAN_586),SE-R3006_(SAME_AS_MERIDIAN_586),0.98,inventory.model,False,[],False
5bcd7fcec5f0370a,inventory.csv#6775,SE-R3006_(SAME_AS_MERIDIAN_586)_1,SE-R3006_(SAME_AS_MERIDIAN_586)_1,0.98,inventory.model,False,[],False
3dad6736f5556c21,inventory.csv#6776,TLP-B2U,TLP-B2U,0.98,inventory.model,False,[],False
d1ec08c748d01a86,inventory.csv#6777,TLP450,TLP450,0.98,inventory.model,False,[],False
cb983b3a8e1f8637,inventory.csv#6778,TLP710U,TLP710U,0.98,inventory.model,False,[],False
606f598cb51ecee4,inventory.csv#6779,TN-43V71_PROJECTION_TV,TN-43V71_PROJECTION_TV,0.98,inventory.model,False,[],False
e040caa0522192df,inventory.csv#678,12_-1,12_-1,0.98,inventory.model,False,[],False
e210f576b4c66348,inventory.csv#6780,TRX-1420,TRX-1420,0.98,inventory.model,False,[],False
e482fd239c464b90,inventory.csv#6781,TRX-80,TRX-80,0.98,inventory.model,False,[],False
21297e33659f541e,inventory.csv#6782,TRX1820,TRX1820,0.98,inventory.model,False,[],False
3b69dbcee7a85d79,inventory.csv#6783,TSR-101,TSR-101,0.98,inventory.model,False,[],False
31a70fa83effe9ff,inventory.csv#6784,TV'2',TV'2',0.98,inventory.model,False,[],False
47814b164e3087d8,inventory.csv#6785,TW40F80_PROJECTOR_TV,TW40F80_PROJECTOR_TV,0.98,inventory.model,False,[],False
b0564ff7b1a24ae7,inventory.csv#6786,TW65H80_TV,TW65H80_TV,0.98,inventory.model,False,[],False
2192afcb11b7a800,inventory.csv#6787,VCR'2',VCR'2',0.98,inventory.model,False,[],False
e2b41cfdf8e6d7a8,inventory.csv#6788,VCR_M781,VCR_M781,0.98,inventory.model,False,[],False
5948a06902d6d42e,inventory.csv#6789,VX990,VX990,0.98,inventory.model,False,[],False
056985bc1851f189,inventory.csv#679,4_-1,4_-1,0.98,inventory.model,False,[],False
f2ebd2cb2a940bcc,inventory.csv#6790,LCD1210VT,LCD1210VT,0.98,inventory.model,False,[],False
b1e85d7ef6423f38,inventory.csv#6791,Model_250,Model_250,0.98,inventory.model,False,[],False
d25c269827491ab2,inventory.csv#6792,HX410,HX410,0.98,inventory.model,False,[],False
4f5f4ee51555c19c,inventory.csv#6793,AUDIOTRON,AUDIOTRON,0.98,inventory.model,False,[],False
a7f7e312247b5cc9,inventory.csv#6794,1T-SW8X1CVB,1T-SW8X1CVB,0.98,inventory.model,False,[],False
390a5a49206368f6,inventory.csv#6795,1T-SW8x1CVR,1T-SW8x1CVR,0.98,inventory.model,False,[],False
03ffe486847dd2e8,inventory.csv#6796,AVT-8025,AVT-8025,0.98,inventory.model,False,[],False
7e597b2380e0e399,inventory.csv#6797,AVT-8025_1,AVT-8025_1,0.98,inventory.model,False,[],False
68db584a796c129a,inventory.csv#6798,DSS_-_AUX_FNX,DSS_-_AUX_FNX,0.98,inventory.model,False,[],False
36d7a1ab0391dc79,inventory.csv#6799,DSS_-_DSS_FNX,DSS_-_DSS_FNX,0.98,inventory.model,False,[],False
d9124c43ec2e5442,inventory.csv#68,112_0,112_0,0.98,inventory.model,False,[],False
d264face28ba1f4c,inventory.csv#680,6_-1,6_-1,0.98,inventory.model,False,[],False
ac32876a2f121436,inventory.csv#6800,DSS_-_TV_FNX,DSS_-_TV_FNX,0.98,inventory.model,False,[],False
6c63ecccf902a674,inventory.csv#6801,DSS_-_VCR_FNX,DSS_-_VCR_FNX,0.98,inventory.model,False,[],False
ca94d1898ff9ab2f,inventory.csv#6802,No_model,No_model,0.98,inventory.model,False,[],False
9fe261ef57b4f544,inventory.csv#6803,UST_4400_SUPER_R,UST_4400_SUPER_R,0.98,inventory.model,False,[],False
75749aa2f340f355,inventory.csv#6804,Cox_Universal_Remote_Control,Cox_Universal_Remote_Control,0.98,inventory.model,False,[],False
350bfb9aa39131b5,inventory.csv#6805,CFT-2200,CFT-2200,0.98,inventory.model,False,[],False
7af9c19d4dbb8ff7,inventory.csv#6806,DPBB7522,DPBB7522,0.98,inventory.model,False,[],False
a504f6f276ca92d9,inventory.csv#6807,JEROLD_CABLE_BOX,JEROLD_CABLE_BOX,0.98,inventory.model,False,[],False
081eb0c016c2d339,inventory.csv#6808,No_model,No_model,0.98,inventory.model,False,[],False
bd1daf7f5abd9112,inventory.csv#6809,UTVX2000-E,UTVX2000-E,0.98,inventory.model,False,[],False
84ecebde2195db46,inventory.csv#681,8_-1,8_-1,0.98,inventory.model,False,[],False
b1f20a9422f3b720,inventory.csv#6810,UX550,UX550,0.98,inventory.model,False,[],False
6ab684f750feed7a,inventory.csv#6811,HOME_SYSTEM,HOME_SYSTEM,0.98,inventory.model,False,[],False
70208206071b6e4b,inventory.csv#6812,LATTIS,LATTIS,0.98,inventory.model,False,[],False
6d05acb6f0619d74,inventory.csv#6813,DEQ_Series,DEQ_Series,0.98,inventory.model,False,[],False
865c0d299cd24917,inventory.csv#6814,Digital_Drive_Series,Digital_Drive_Series,0.98,inventory.model,False,[],False
f7708842402e5358,inventory.csv#6815,DLSR_Series,DLSR_Series,0.98,inventory.model,False,[],False
aed82f084ecb08fc,inventory.csv#6816,Optimum_Series,Optimum_Series,0.98,inventory.model,False,[],False
8f534e7f37beea87,inventory.csv#6817,SE_and_SPLR_Series,SE_and_SPLR_Series,0.98,inventory.model,False,[],False
a4b4597a996e57bd,inventory.csv#6818,SUBWOOFER,SUBWOOFER,0.98,inventory.model,False,[],False
3bcadc5c67398baf,inventory.csv#6819,VDY_SC600,VDY_SC600,0.98,inventory.model,False,[],False
8574ff45a55f243b,inventory.csv#682,4_-1,4_-1,0.98,inventory.model,False,[],False
d17d21488d11845d,inventory.csv#6820,CEILING,CEILING,0.98,inventory.model,False,[],False
72239c2749fccff3,inventory.csv#6821,CEILING_CAMERA,CEILING_CAMERA,0.98,inventory.model,False,[],False
8c624787212511a7,inventory.csv#6822,CRYSTAL_3_PROJECTOR,CRYSTAL_3_PROJECTOR,0.98,inventory.model,False,[],False
06134e34e391224b,inventory.csv#6823,CRYSTAL_ONE_PROJECTOR,CRYSTAL_ONE_PROJECTOR,0.98,inventory.model,False,[],False
89ea4e3717cdcc58,inventory.csv#6824,EPIC_300-400,EPIC_300-400,0.98,inventory.model,False,[],False
a57eb810bba4e987,inventory.csv#6825,HD40-50,HD40-50,0.98,inventory.model,False,[],False
1593ffdbb306810d,inventory.csv#6826,HELIOS,HELIOS,0.98,inventory.model,False,[],False
feff1c43cf86ffd5,inventory.csv#6827,IMAGE_II,IMAGE_II,0.98,inventory.model,False,[],False
2a3ea73db1b7df78,inventory.csv#6828,TGS200HP,TGS200HP,0.98,inventory.model,False,[],False
d3ed61253af465c8,inventory.csv#6829,VISION_1,VISION_1,0.98,inventory.model,False,[],False
f976492f7d8d6dae,inventory.csv#683,176_0,176_0,0.98,inventory.model,False,[],False
d6b44e08db025c38,inventory.csv#6830,VP-20,VP-20,0.98,inventory.model,False,[],False
5724b31a942f99df,inventory.csv#6831,VPF-40_HD_VIDEO_PROJECTOR,VPF-40_HD_VIDEO_PROJECTOR,0.98,inventory.model,False,[],False
faf40e9bab809208,inventory.csv#6832,VPF-40SGL_VIDEO_PROJECTOR,VPF-40SGL_VIDEO_PROJECTOR,0.98,inventory.model,False,[],False
f62f5429e3a14386,inventory.csv#6833,VPF-40SGL_VIDEO_PROJECTOR_1,VPF-40SGL_VIDEO_PROJECTOR_1,0.98,inventory.model,False,[],False
f239153116cc0753,inventory.csv#6834,VPF-40SGL_VIDEO_PROJECTOR_2,VPF-40SGL_VIDEO_PROJECTOR_2,0.98,inventory.model,False,[],False
c746283af803cba2,inventory.csv#6835,PROJECTOR_(NO_PAD),PROJECTOR_(NO_PAD),0.98,inventory.model,False,[],False
a8f7bfae1d47f007,inventory.csv#6836,RC00070P,RC00070P,0.98,inventory.model,False,[],False
52931731ae3f3223,inventory.csv#6837,SCREEN,SCREEN,0.98,inventory.model,False,[],False
7cb5fa82288e3929,inventory.csv#6838,GENERIC,GENERIC,0.98,inventory.model,False,[],False
18cb060fa6cffbc3,inventory.csv#6839,VO42LFHDTV,VO42LFHDTV,0.98,inventory.model,False,[],False
3d41d3a8dbb45662,inventory.csv#684,2_-1,2_-1,0.98,inventory.model,False,[],False
44ac71a425d6ed5a,inventory.csv#6840,XVT3D424SV,XVT3D424SV,0.98,inventory.model,False,[],False
808119a5e9987e10,inventory.csv#6841,SCREEN,SCREEN,0.98,inventory.model,False,[],False
080a9e1fb3ca03dc,inventory.csv#6842,Vutec,Vutec,0.98,inventory.model,False,[],False
48536ab56df7a95f,inventory.csv#6843,1,1,0.98,inventory.model,False,[],False
6a6f30374bdf8f62,inventory.csv#6844,Vision,Vision,0.98,inventory.model,False,[],False
1b8d6e1ca79807e7,inventory.csv#6845,WD_TV_LIVE,WD_TV_LIVE,0.98,inventory.model,False,[],False
f838ce20a1beb9d9,inventory.csv#6846,WesternDigital_HD,WesternDigital_HD,0.98,inventory.model,False,[],False
0ae8b3e9fb7c1abf,inventory.csv#6847,SK-26H240S,SK-26H240S,0.98,inventory.model,False,[],False
518da0fb7f03302b,inventory.csv#6848,CHISOLM-AURORA-S500,CHISOLM-AURORA-S500,0.98,inventory.model,False,[],False
cfcd5e991c45beba,inventory.csv#6849,WC-8801,WC-8801,0.98,inventory.model,False,[],False
2c206089c70b1e1f,inventory.csv#685,2_1,2_1,0.98,inventory.model,False,[],False
8d4494a43095c84b,inventory.csv#6850,VZ-7,VZ-7,0.98,inventory.model,False,[],False
c7cb6e6c19016ebd,inventory.csv#6851,X-10,X-10,0.98,inventory.model,False,[],False
a61c6864fb12b5d0,inventory.csv#6852,16_BUTTON_BOX,16_BUTTON_BOX,0.98,inventory.model,False,[],False
ab1e04ef97eb4330,inventory.csv#6853,680-10_(ID=88),680-10_(ID=88),0.98,inventory.model,False,[],False
16776f3e81361322,inventory.csv#6854,686-10_(ID=98),686-10_(ID=98),0.98,inventory.model,False,[],False
ecc8771a043d5c77,inventory.csv#6855,CC12_(ID=50),CC12_(ID=50),0.98,inventory.model,False,[],False
f093082d4b52d32d,inventory.csv#6856,ID=50,ID=50,0.98,inventory.model,False,[],False
a9467623d3fdf06e,inventory.csv#6857,RC68_ID68_STRIPCAR,RC68_ID68_STRIPCAR,0.98,inventory.model,False,[],False
f5761f5b599d205e,inventory.csv#6858,RC68_PROGRAMMER_ID00,RC68_PROGRAMMER_ID00,0.98,inventory.model,False,[],False
631a80bb132ecf19,inventory.csv#6859,RC68_PROGRAMMER_ID68,RC68_PROGRAMMER_ID68,0.98,inventory.model,False,[],False
8b9ac236f81ce017,inventory.csv#686,4_-1,4_-1,0.98,inventory.model,False,[],False
9eb420339abf39df,inventory.csv#6860,RP-41AV,RP-41AV,0.98,inventory.model,False,[],False
25b4cee6992b7092,inventory.csv#6861,RT16-10_(ID=70),RT16-10_(ID=70),0.98,inventory.model,False,[],False
7c5aacb8dce71e1b,inventory.csv#6862,SR21_(ID=50),SR21_(ID=50),0.98,inventory.model,False,[],False
9525052d23b1aeac,inventory.csv#6863,integra,integra,0.98,inventory.model,False,[],False
2c385e29e9b7168b,inventory.csv#6864,AVC-50,AVC-50,0.98,inventory.model,False,[],False
729a49b32c574b7b,inventory.csv#6865,BD-A1010,BD-A1010,0.98,inventory.model,False,[],False
4c15762f315786af,inventory.csv#6866,BD-S2900,BD-S2900,0.98,inventory.model,False,[],False
537a0528523bcc44,inventory.csv#6867,BD-S671,BD-S671,0.98,inventory.model,False,[],False
b168fe4f177f4373,inventory.csv#6868,CDC-845_CD_PLAYER,CDC-845_CD_PLAYER,0.98,inventory.model,False,[],False
298e204ab5626834,inventory.csv#6869,CDM-900,CDM-900,0.98,inventory.model,False,[],False
a37dc48b03302925,inventory.csv#687,6_-1,6_-1,0.98,inventory.model,False,[],False
9c7f53c3287ed90d,inventory.csv#6870,CDX-390,CDX-390,0.98,inventory.model,False,[],False
1cf7ac143d81b4a5,inventory.csv#6871,DISCKLAVIER_GRAND_PIANO,DISCKLAVIER_GRAND_PIANO,0.98,inventory.model,False,[],False
c0e19a5bbf838d32,inventory.csv#6872,DISCREET_CODES,DISCREET_CODES,0.98,inventory.model,False,[],False
14828f6480e15344,inventory.csv#6873,DPX-1,DPX-1,0.98,inventory.model,False,[],False
680b11c6eb00e189,inventory.csv#6874,DSP-A1,DSP-A1,0.98,inventory.model,False,[],False
a46af21d2f8ec4eb,inventory.csv#6875,DSPA-3090,DSPA-3090,0.98,inventory.model,False,[],False
a0fed27aaed2c83e,inventory.csv#6876,DSPE390,DSPE390,0.98,inventory.model,False,[],False
885f771efba641e3,inventory.csv#6877,DUAL_CASSETTE_DECK,DUAL_CASSETTE_DECK,0.98,inventory.model,False,[],False
cfdf56331c6ff9bc,inventory.csv#6878,DVD-C900,DVD-C900,0.98,inventory.model,False,[],False
ddfd57ab1d4c2f41,inventory.csv#6879,DVD-C996,DVD-C996,0.98,inventory.model,False,[],False
84e5fb62ab536901,inventory.csv#688,8_-1,8_-1,0.98,inventory.model,False,[],False
f4685dfdf831c0ca,inventory.csv#6880,DVD-S1200,DVD-S1200,0.98,inventory.model,False,[],False
d766f6cccd955bb1,inventory.csv#6881,DVD-S2700,DVD-S2700,0.98,inventory.model,False,[],False
1085c9bc4546a12c,inventory.csv#6882,DVD_1000,DVD_1000,0.98,inventory.model,False,[],False
c1648e48a77b6e62,inventory.csv#6883,HTR5450,HTR5450,0.98,inventory.model,False,[],False
044e0eca742797a7,inventory.csv#6884,KX_3000,KX_3000,0.98,inventory.model,False,[],False
736bb90918c8fc6b,inventory.csv#6885,KXW-421,KXW-421,0.98,inventory.model,False,[],False
14c631c0784b2321,inventory.csv#6886,LASER_DISC,LASER_DISC,0.98,inventory.model,False,[],False
5f43a5daf0ffb825,inventory.csv#6887,PROLOGIC_RECEIVER,PROLOGIC_RECEIVER,0.98,inventory.model,False,[],False
b3f1c99548695ea1,inventory.csv#6888,RECEIVER,RECEIVER,0.98,inventory.model,False,[],False
ce7f8fa05ca5173d,inventory.csv#6889,RX-A1010,RX-A1010,0.98,inventory.model,False,[],False
413b03ee1b8a0d61,inventory.csv#689,168_-1,168_-1,0.98,inventory.model,False,[],False
7f63ef137b11f558,inventory.csv#6890,RX-A3000,RX-A3000,0.98,inventory.model,False,[],False
c05ca3151c929ca2,inventory.csv#6891,RX-A3010,RX-A3010,0.98,inventory.model,False,[],False
b86332df04b53817,inventory.csv#6892,RX-A710,RX-A710,0.98,inventory.model,False,[],False
885d8d3c199ebc60,inventory.csv#6893,RX-A810,RX-A810,0.98,inventory.model,False,[],False
cd6891c94f30b98b,inventory.csv#6894,RX-V1000,RX-V1000,0.98,inventory.model,False,[],False
6d11d64a2552d20d,inventory.csv#6895,RX-V2020,RX-V2020,0.98,inventory.model,False,[],False
f15c98ceb81b3147,inventory.csv#6896,RX-V2095,RX-V2095,0.98,inventory.model,False,[],False
e9d62444ee57235b,inventory.csv#6897,RX-V3000,RX-V3000,0.98,inventory.model,False,[],False
027ba65d304cb8ae,inventory.csv#6898,RX-V365-HTR-6230,RX-V365-HTR-6230,0.98,inventory.model,False,[],False
689069c946c0587e,inventory.csv#6899,RX-V371,RX-V371,0.98,inventory.model,False,[],False
3d4846efcd0d8276,inventory.csv#69,110_0,110_0,0.98,inventory.model,False,[],False
14dacf16ab5976b1,inventory.csv#690,6_-1,6_-1,0.98,inventory.model,False,[],False
5b6f159feb1dede1,inventory.csv#6900,RX-V420,RX-V420,0.98,inventory.model,False,[],False
8a1d6863e4bc8def,inventory.csv#6901,RX-V471,RX-V471,0.98,inventory.model,False,[],False
5e0dbc9f51c5fa1a,inventory.csv#6902,RX-V563-RX-V463-RX-V363-HTR-6150-HTR-6140-HTR-6130,RX-V563-RX-V463-RX-V363-HTR-6150-HTR-6140-HTR-6130,0.98,inventory.model,False,[],False
65bea244fc8f7e8a,inventory.csv#6903,RX-V571,RX-V571,0.98,inventory.model,False,[],False
c38be04dc9967083,inventory.csv#6904,RX-V620,RX-V620,0.98,inventory.model,False,[],False
529af1e6ed68b777,inventory.csv#6905,RX-V667,RX-V667,0.98,inventory.model,False,[],False
fe850a2cc2760831,inventory.csv#6906,RX-V671,RX-V671,0.98,inventory.model,False,[],False
4422d71a5285e6de,inventory.csv#6907,RX-V863-RX-V663-HTR-6180-HTR-6160,RX-V863-RX-V663-HTR-6180-HTR-6160,0.98,inventory.model,False,[],False
f3ce8d85ef41cfe5,inventory.csv#6908,RX-V870,RX-V870,0.98,inventory.model,False,[],False
2fcf4a87f5f2eb1d,inventory.csv#6909,RX-V871,RX-V871,0.98,inventory.model,False,[],False
780d358d46244aef,inventory.csv#691,12_-1,12_-1,0.98,inventory.model,False,[],False
e80c06eda1e86536,inventory.csv#6910,RX-V995,RX-V995,0.98,inventory.model,False,[],False
4d2feb24822a030b,inventory.csv#6911,RX-V_Series,RX-V_Series,0.98,inventory.model,False,[],False
4d51edf8aedea0a3,inventory.csv#6912,RX-Vx65,RX-Vx65,0.98,inventory.model,False,[],False
eb82d03cb64451f6,inventory.csv#6913,RX-Zx-RX-Vx900,RX-Zx-RX-Vx900,0.98,inventory.model,False,[],False
b0d91bce30427a9a,inventory.csv#6914,RX495_CD_TAPE_TUNER,RX495_CD_TAPE_TUNER,0.98,inventory.model,False,[],False
f0bb12f5c5816ff2,inventory.csv#6915,RXV-1200,RXV-1200,0.98,inventory.model,False,[],False
15e71b984eecb5e9,inventory.csv#6916,RXV-2090,RXV-2090,0.98,inventory.model,False,[],False
56d647915672153a,inventory.csv#6917,RXV2090,RXV2090,0.98,inventory.model,False,[],False
79a404e8d49d8e10,inventory.csv#6918,YM270S,YM270S,0.98,inventory.model,False,[],False
0e61120fe0b3d3b6,inventory.csv#6919,YSP-5100,YSP-5100,0.98,inventory.model,False,[],False
b6845004b288a3de,inventory.csv#692,2_-1,2_-1,0.98,inventory.model,False,[],False
8cebfae4aa2e0aa4,inventory.csv#6920,ZvPro-250_ZVPro-150,ZvPro-250_ZVPro-150,0.98,inventory.model,False,[],False
961d1e0067025df1,inventory.csv#6921,(Cable_Tuner),(Cable_Tuner),0.98,inventory.model,False,[],False
3807994d5da47ce7,inventory.csv#6922,2200,2200,0.98,inventory.model,False,[],False
5aef99c65f526645,inventory.csv#6923,C27A24T,C27A24T,0.98,inventory.model,False,[],False
3a7127c121961742,inventory.csv#6924,DSV-110,DSV-110,0.98,inventory.model,False,[],False
e8cd0eb32ebd9f84,inventory.csv#6925,DTV-1100,DTV-1100,0.98,inventory.model,False,[],False
22250ee517185c4d,inventory.csv#6926,H27E46DT,H27E46DT,0.98,inventory.model,False,[],False
a178dce9aabc83b0,inventory.csv#6927,HDSAT-520,HDSAT-520,0.98,inventory.model,False,[],False
3ca46830ff0a1957,inventory.csv#6928,IQB64W10W,IQB64W10W,0.98,inventory.model,False,[],False
d325c24cf4632b11,inventory.csv#6929,IZQ36Z46D,IZQ36Z46D,0.98,inventory.model,False,[],False
7a7dc73c62702c3c,inventory.csv#693,12_-1,12_-1,0.98,inventory.model,False,[],False
2f6eecfd19c2ec92,inventory.csv#6930,L30W36,L30W36,0.98,inventory.model,False,[],False
7b124a75bf633ed2,inventory.csv#6931,N-A,N-A,0.98,inventory.model,False,[],False
7932348656213808,inventory.csv#6932,P42W24,P42W24,0.98,inventory.model,False,[],False
03937a8122e89f50,inventory.csv#6933,PRO_900,PRO_900,0.98,inventory.model,False,[],False
168a14c0f37d25f3,inventory.csv#6934,PRO_900X,PRO_900X,0.98,inventory.model,False,[],False
63a2635a922d5aef,inventory.csv#6935,RTV,RTV,0.98,inventory.model,False,[],False
356e05e2f6adde32,inventory.csv#6936,TV_TUNER,TV_TUNER,0.98,inventory.model,False,[],False
ace17bab0612caf1,inventory.csv#6937,VR2420HF,VR2420HF,0.98,inventory.model,False,[],False
26acb4e0b6f476fe,inventory.csv#6938,VRC-421,VRC-421,0.98,inventory.model,False,[],False
3b076c113c9c623b,inventory.csv#6939,VRM4250HS,VRM4250HS,0.98,inventory.model,False,[],False
5a8f6d47d268c586,inventory.csv#694,2_-1,2_-1,0.98,inventory.model,False,[],False
0c1b148c9264c599,inventory.csv#6940,XVB342,XVB342,0.98,inventory.model,False,[],False
7d8313e5dfad92de,inventory.csv#6941,XVB342_1,XVB342_1,0.98,inventory.model,False,[],False
cad03455a659bac0,inventory.csv#6942,Z37LC6D,Z37LC6D,0.98,inventory.model,False,[],False
449e0e46a94b199b,inventory.csv#6943,Satellite_Receiver,Satellite_Receiver,0.98,inventory.model,False,[],False
236d071c93bf0406,inventory.csv#6944,AC,AC,0.98,inventory.model,False,[],False
2c8b2462b06a71c6,inventory.csv#6945,AFSW-12HAR1RCIO,AFSW-12HAR1RCIO,0.98,inventory.model,False,[],False
48e98fe7bad6ec66,inventory.csv#6946,Airmax,Airmax,0.98,inventory.model,False,[],False
183b01fd036d603c,inventory.csv#6947,ac,ac,0.98,inventory.model,False,[],False
30b57d2eaebad297,inventory.csv#6948,Airwell,Airwell,0.98,inventory.model,False,[],False
d2a35cb7fe6d9655,inventory.csv#6949,AWSI-PNXA012-N11,AWSI-PNXA012-N11,0.98,inventory.model,False,[],False
682295a0f37389f1,inventory.csv#695,4_-1,4_-1,0.98,inventory.model,False,[],False
f7b439299a4fd15e,inventory.csv#6950,Easy_Home_Portable_Air_Cooler,Easy_Home_Portable_Air_Cooler,0.98,inventory.model,False,[],False
0d8278870c098f4f,inventory.csv#6951,AC,AC,0.98,inventory.model,False,[],False
c783f7e9d4e9f181,inventory.csv#6952,RG15B1,RG15B1,0.98,inventory.model,False,[],False
074829b773d7e3c7,inventory.csv#6953,ac,ac,0.98,inventory.model,False,[],False
21e2af3bbe0374fa,inventory.csv#6954,zelos,zelos,0.98,inventory.model,False,[],False
fccef61c674f0b4b,inventory.csv#6955,AC_A-MW09-IGX,AC_A-MW09-IGX,0.98,inventory.model,False,[],False
591cfafe55fd2f05,inventory.csv#6956,R05-BGE,R05-BGE,0.98,inventory.model,False,[],False
48bec54e9ae6a805,inventory.csv#6957,Beko,Beko,0.98,inventory.model,False,[],False
5ac2babf470e9722,inventory.csv#6958,Portable,Portable,0.98,inventory.model,False,[],False
40c7fcaa9325cb46,inventory.csv#6959,DurangoAC,DurangoAC,0.98,inventory.model,False,[],False
a307916594875320,inventory.csv#696,4_1,4_1,0.98,inventory.model,False,[],False
39088bb753468418,inventory.csv#6960,MSAB_09CR,MSAB_09CR,0.98,inventory.model,False,[],False
d1132afe5e4e8878,inventory.csv#6961,BL-168DLR,BL-168DLR,0.98,inventory.model,False,[],False
cf91d462098aba96,inventory.csv#6962,AC,AC,0.98,inventory.model,False,[],False
f01255c922d85f8e,inventory.csv#6963,orlen_ac,orlen_ac,0.98,inventory.model,False,[],False
3af198de4260b1a9,inventory.csv#6964,CS-21H3A-B155AF,CS-21H3A-B155AF,0.98,inventory.model,False,[],False
3548f0c853ab4b87,inventory.csv#6965,KRF-51G_79F,KRF-51G_79F,0.98,inventory.model,False,[],False
20e6d4c2ebe283d0,inventory.csv#6966,AC,AC,0.98,inventory.model,False,[],False
736ec9b542d5cce1,inventory.csv#6967,RG57A6,RG57A6,0.98,inventory.model,False,[],False
d57764275e9f7424,inventory.csv#6968,Cortlitec_portable_ac,Cortlitec_portable_ac,0.98,inventory.model,False,[],False
42231d5698f235ed,inventory.csv#6969,MPPH-08CRN7-QB6_AC,MPPH-08CRN7-QB6_AC,0.98,inventory.model,False,[],False
1bfb45b27be84f23,inventory.csv#697,4_3,4_3,0.98,inventory.model,False,[],False
44f3b68017bf3fec,inventory.csv#6970,AC,AC,0.98,inventory.model,False,[],False
e12d2fa31a9c3d27,inventory.csv#6971,AC_industrial_TB,AC_industrial_TB,0.98,inventory.model,False,[],False
9a549b51c190b2c0,inventory.csv#6972,AC_unknownModel,AC_unknownModel,0.98,inventory.model,False,[],False
6d6e0e475f7efe74,inventory.csv#6973,ARC480A41,ARC480A41,0.98,inventory.model,False,[],False
44078eb35f6e834e,inventory.csv#6974,ARC480A53,ARC480A53,0.98,inventory.model,False,[],False
08cf23c063994c51,inventory.csv#6975,FTE35KV1,FTE35KV1,0.98,inventory.model,False,[],False
dd25a57371568593,inventory.csv#6976,FTX50GV1B,FTX50GV1B,0.98,inventory.model,False,[],False
0cbee01570ad3c1f,inventory.csv#6977,FTXM95PVMA,FTXM95PVMA,0.98,inventory.model,False,[],False
0957f385f71df38a,inventory.csv#6978,FTXS25KVMA,FTXS25KVMA,0.98,inventory.model,False,[],False
8e581b2eeb626594,inventory.csv#6979,Danby DAC060EB7WDB,Danby DAC060EB7WDB,0.98,inventory.model,False,[],False
e664ac4a2851dd41,inventory.csv#698,4_5,4_5,0.98,inventory.model,False,[],False
c793c13575144868,inventory.csv#6980,Delonghi_portable_Pinguino-Air-to-Air-PAC-N81_ac,Delonghi_portable_Pinguino-Air-to-Air-PAC-N81_ac,0.98,inventory.model,False,[],False
19ab3ddf5c57d037,inventory.csv#6981,Pinguino_EL290HLWKC,Pinguino_EL290HLWKC,0.98,inventory.model,False,[],False
771ed80bcc2c1739,inventory.csv#6982,Pinguino_PAC_EL275HGRKC,Pinguino_PAC_EL275HGRKC,0.98,inventory.model,False,[],False
6d220f2e31e6b3a3,inventory.csv#6983,Pinguino_PAC_EL92_SILENT,Pinguino_PAC_EL92_SILENT,0.98,inventory.model,False,[],False
c529c035cfa2b451,inventory.csv#6984,RIO_R29E1,RIO_R29E1,0.98,inventory.model,False,[],False
286fa68063509e4b,inventory.csv#6985,CoolAir_7+_EQCA7+2900824,CoolAir_7+_EQCA7+2900824,0.98,inventory.model,False,[],False
c11f811c3d9256a6,inventory.csv#6986,electra_smart,electra_smart,0.98,inventory.model,False,[],False
4730805344952962,inventory.csv#6987,P15C-V2,P15C-V2,0.98,inventory.model,False,[],False
027e30a84ea6f7d7,inventory.csv#6988,Electrol_ESV09CRO_B2I,Electrol_ESV09CRO_B2I,0.98,inventory.model,False,[],False
49ca0bd04a50e296,inventory.csv#6989,EARC8RE1_ac,EARC8RE1_ac,0.98,inventory.model,False,[],False
73bec3452ceca57e,inventory.csv#699,12_-1,12_-1,0.98,inventory.model,False,[],False
d5f94e59bbec7bb6,inventory.csv#6990,Quiet_Kool_AC,Quiet_Kool_AC,0.98,inventory.model,False,[],False
590e891d9b23a8e5,inventory.csv#6991,PAC_9.2,PAC_9.2,0.98,inventory.model,False,[],False
36b02b0ac92203a5,inventory.csv#6992,Tristar_AC,Tristar_AC,0.98,inventory.model,False,[],False
edf5cb6646a06c6c,inventory.csv#6993,Ferroli,Ferroli,0.98,inventory.model,False,[],False
75650c3d06ccf407,inventory.csv#6994,AAS2500,AAS2500,0.98,inventory.model,False,[],False
486be47fa4d414e0,inventory.csv#6995,PA2510E08,PA2510E08,0.98,inventory.model,False,[],False
1d8ea9c46b8f9359,inventory.csv#6996,Friedrich,Friedrich,0.98,inventory.model,False,[],False
211cff31abebb79f,inventory.csv#6997,4235h,4235h,0.98,inventory.model,False,[],False
2663ade378eea74c,inventory.csv#6998,AKB73756214,AKB73756214,0.98,inventory.model,False,[],False
f19bc690f3450726,inventory.csv#6999,AC,AC,0.98,inventory.model,False,[],False
400a57e8a9fdc585,inventory.csv#7,0_-1,0_-1,0.98,inventory.model,False,[],False
110a4424ca41624a,inventory.csv#70,110_0,110_0,0.98,inventory.model,False,[],False
980849e7b64b1f3e,inventory.csv#700,2_-1,2_-1,0.98,inventory.model,False,[],False
c8e641eb8b9962ed,inventory.csv#7000,RG15D_AC,RG15D_AC,0.98,inventory.model,False,[],False
bfa5845e70617f35,inventory.csv#7001,FEA5001_AC,FEA5001_AC,0.98,inventory.model,False,[],False
ee7edb6f8887ebd3,inventory.csv#7002,AC,AC,0.98,inventory.model,False,[],False
38056289bed56049,inventory.csv#7003,AC_ASU18RLF,AC_ASU18RLF,0.98,inventory.model,False,[],False
9377bcb6e8df97df,inventory.csv#7004,GE_AC,GE_AC,0.98,inventory.model,False,[],False
ccbf0827c9a6548d,inventory.csv#7005,GE_Window_AC,GE_Window_AC,0.98,inventory.model,False,[],False
765d582dd42e480e,inventory.csv#7006,FDP15,FDP15,0.98,inventory.model,False,[],False
0de9c0fe51a23e8a,inventory.csv#7007,Gree_airco,Gree_airco,0.98,inventory.model,False,[],False
41ff17c22192d62c,inventory.csv#7008,Gree_airco_lightoff,Gree_airco_lightoff,0.98,inventory.model,False,[],False
dbf960481e0d9052,inventory.csv#7009,Gree_KFR-70G-A1,Gree_KFR-70G-A1,0.98,inventory.model,False,[],False
fbc98a0c0f4cf3fe,inventory.csv#701,2_3,2_3,0.98,inventory.model,False,[],False
3470887b2bdc2ad6,inventory.csv#7010,YAPOF,YAPOF,0.98,inventory.model,False,[],False
a96c1e0e06486073,inventory.csv#7011,AC_AS18GD3HRA,AC_AS18GD3HRA,0.98,inventory.model,False,[],False
c96101a4d155b450,inventory.csv#7012,AC_HPD10XCM-LW,AC_HPD10XCM-LW,0.98,inventory.model,False,[],False
34eabfe092212561,inventory.csv#7013,AC_HWE08XCR-L,AC_HWE08XCR-L,0.98,inventory.model,False,[],False
a4ed656e0bf6c2b0,inventory.csv#7014,DG11J1-99_celsius,DG11J1-99_celsius,0.98,inventory.model,False,[],False
2bf8cbf828a95008,inventory.csv#7015,DG11J1-99_fahrenheit,DG11J1-99_fahrenheit,0.98,inventory.model,False,[],False
838833b670292d88,inventory.csv#7016,room_AC,room_AC,0.98,inventory.model,False,[],False
ecf73c1ac0c21fef,inventory.csv#7017,window_AC,window_AC,0.98,inventory.model,False,[],False
966fa91095eb686a,inventory.csv#7018,Hitach_RAK-18QH8,Hitach_RAK-18QH8,0.98,inventory.model,False,[],False
5613b0e3685b4aa1,inventory.csv#7019,RAK35,RAK35,0.98,inventory.model,False,[],False
75756dc6d4b3f146,inventory.csv#702,4_-1,4_-1,0.98,inventory.model,False,[],False
e6e219ef9b55b8c5,inventory.csv#7020,MN10CESS,MN10CESS,0.98,inventory.model,False,[],False
fe85f3d6fe58551b,inventory.csv#7021,2.0,2.0,0.98,inventory.model,False,[],False
bc5d96a686ba1b6f,inventory.csv#7022,AC_NSRC2AC9,AC_NSRC2AC9,0.98,inventory.model,False,[],False
4e34c17112a0fddd,inventory.csv#7023,Insignia_NS-AC8PWH9-C_AC,Insignia_NS-AC8PWH9-C_AC,0.98,inventory.model,False,[],False
ebb699b4b651721a,inventory.csv#7024,AC,AC,0.98,inventory.model,False,[],False
0e55c89794655d26,inventory.csv#7025,AS-24HR4SQJUL,AS-24HR4SQJUL,0.98,inventory.model,False,[],False
1feb51e46a1f65aa,inventory.csv#7026,AC,AC,0.98,inventory.model,False,[],False
c255349fb639f06b,inventory.csv#7027,Metrobreeze_Miami,Metrobreeze_Miami,0.98,inventory.model,False,[],False
20de1c1d7fa912e8,inventory.csv#7028,Skyscraper,Skyscraper,0.98,inventory.model,False,[],False
6be505debd61753c,inventory.csv#7029,WAC12001,WAC12001,0.98,inventory.model,False,[],False
5fa60728703ce958,inventory.csv#703,4_1,4_1,0.98,inventory.model,False,[],False
4775b988ca41b74d,inventory.csv#7030,Unknown_Model_1,Unknown_Model_1,0.98,inventory.model,False,[],False
cf8cc45056c7e033,inventory.csv#7031,LE-F30RH-IN,LE-F30RH-IN,0.98,inventory.model,False,[],False
06637fce9817e2a5,inventory.csv#7032,AC,AC,0.98,inventory.model,False,[],False
d31a7bb1e854ed29,inventory.csv#7033,AC,AC,0.98,inventory.model,False,[],False
3f3756a4c735c399,inventory.csv#7034,AC_2,AC_2,0.98,inventory.model,False,[],False
36e45cc17e857235,inventory.csv#7035,COV30332906_AC,COV30332906_AC,0.98,inventory.model,False,[],False
73fe3db7015bde0d,inventory.csv#7036,LP0817WSR,LP0817WSR,0.98,inventory.model,False,[],False
11672e3a929adc4b,inventory.csv#7037,LP1015WNR_AC,LP1015WNR_AC,0.98,inventory.model,False,[],False
d3dcbc0f7e9bd6b1,inventory.csv#7038,LP1417GSR_AC,LP1417GSR_AC,0.98,inventory.model,False,[],False
66e776a7b832fe75,inventory.csv#7039,LP1419IVSM,LP1419IVSM,0.98,inventory.model,False,[],False
89964cb07354be2e,inventory.csv#704,4_2,4_2,0.98,inventory.model,False,[],False
e20318a6b53defcc,inventory.csv#7040,R12AWN-NB11,R12AWN-NB11,0.98,inventory.model,False,[],False
e1ee28a2c146563e,inventory.csv#7041,SX122CL,SX122CL,0.98,inventory.model,False,[],False
319c640928a5b88a,inventory.csv#7042,Lifetime_Air,Lifetime_Air,0.98,inventory.model,False,[],False
1a175ad35722f46d,inventory.csv#7043,HLF-20R,HLF-20R,0.98,inventory.model,False,[],False
aab7079fba59d38b,inventory.csv#7044,M6X06F2A,M6X06F2A,0.98,inventory.model,False,[],False
c2965b44fa6f7b1b,inventory.csv#7045,AC_MAW05R1WBL,AC_MAW05R1WBL,0.98,inventory.model,False,[],False
4cbf14334d80ff32,inventory.csv#7046,MP12SVKBA3RCM,MP12SVKBA3RCM,0.98,inventory.model,False,[],False
2f8e24c385d0463c,inventory.csv#7047,silent_cool_26_pro,silent_cool_26_pro,0.98,inventory.model,False,[],False
a6a177a908dab405,inventory.csv#7048,WWK08CR81N,WWK08CR81N,0.98,inventory.model,False,[],False
6a6b9ed0cbc09043,inventory.csv#7049,mitsubishi-MSY-GE10VA,mitsubishi-MSY-GE10VA,0.98,inventory.model,False,[],False
b2c841c0f0b78aa9,inventory.csv#705,4_3,4_3,0.98,inventory.model,False,[],False
527a65b4b58b3031,inventory.csv#7050,MSH-30RV,MSH-30RV,0.98,inventory.model,False,[],False
15f34321279973d3,inventory.csv#7051,MSH_GA71VB,MSH_GA71VB,0.98,inventory.model,False,[],False
acd5c2a2c2bd37c5,inventory.csv#7052,SRK20ZJ-S,SRK20ZJ-S,0.98,inventory.model,False,[],False
08ede57340d97d36,inventory.csv#7053,SRK35ZS-W,SRK35ZS-W,0.98,inventory.model,False,[],False
7c2ada1a5cd27f48,inventory.csv#7054,Air_Cooler,Air_Cooler,0.98,inventory.model,False,[],False
321e502d6405bee3,inventory.csv#7055,Ok_AC_OAC_7020,Ok_AC_OAC_7020,0.98,inventory.model,False,[],False
a9dd62e87e7588c7,inventory.csv#7056,AIR12GU,AIR12GU,0.98,inventory.model,False,[],False
f06581ae98a1f855,inventory.csv#7057,CH_09_DSBP,CH_09_DSBP,0.98,inventory.model,False,[],False
e3588a926f04825c,inventory.csv#7058,A75C4187,A75C4187,0.98,inventory.model,False,[],False
656a0f459aaa6e68,inventory.csv#7059,Climate_A75C2600,Climate_A75C2600,0.98,inventory.model,False,[],False
b2f1c2f46ae53bd4,inventory.csv#706,4_5,4_5,0.98,inventory.model,False,[],False
6a347fbf05759c61,inventory.csv#7060,CS-E9HKR,CS-E9HKR,0.98,inventory.model,False,[],False
7be59b148714043b,inventory.csv#7061,CS-UE12RKE,CS-UE12RKE,0.98,inventory.model,False,[],False
fffe77aafb2dc63b,inventory.csv#7062,CWA75C4179,CWA75C4179,0.98,inventory.model,False,[],False
5db200bd5e7c3713,inventory.csv#7063,PioneerMiniSplit,PioneerMiniSplit,0.98,inventory.model,False,[],False
c87a3c983bb5fc13,inventory.csv#7064,AC,AC,0.98,inventory.model,False,[],False
29074dc6d99ff059,inventory.csv#7065,RKL,RKL,0.98,inventory.model,False,[],False
f9a2e5c21236f5ef,inventory.csv#7066,AC,AC,0.98,inventory.model,False,[],False
bc35cb2b81afa318,inventory.csv#7067,RC-TWN55HN,RC-TWN55HN,0.98,inventory.model,False,[],False
9f034bac262582a7,inventory.csv#7068,AC_AR12K,AC_AR12K,0.98,inventory.model,False,[],False
2224f7d3f40e2fef,inventory.csv#7069,AR13TYHZCWKN,AR13TYHZCWKN,0.98,inventory.model,False,[],False
460d8aff7a2f431c,inventory.csv#707,4_7,4_7,0.98,inventory.model,False,[],False
60cc88d2465f46e8,inventory.csv#7070,Wind-Free,Wind-Free,0.98,inventory.model,False,[],False
c08a02193b83b2af,inventory.csv#7071,SLPAC8,SLPAC8,0.98,inventory.model,False,[],False
a56cfc75afa2a2a8,inventory.csv#7072,Sharp AH-A9UCD,Sharp AH-A9UCD,0.98,inventory.model,False,[],False
96af0773c1c8940e,inventory.csv#7073,AH_X9VEW_AC,AH_X9VEW_AC,0.98,inventory.model,False,[],False
8b9a1437e7e7cbb2,inventory.csv#7074,CVP10MX,CVP10MX,0.98,inventory.model,False,[],False
dd6e1fefc90f8ba0,inventory.csv#7075,SSA18002,SSA18002,0.98,inventory.model,False,[],False
189cd75347519f93,inventory.csv#7076,ASH13BIF2,ASH13BIF2,0.98,inventory.model,False,[],False
0f08fffb15e1d8ad,inventory.csv#7077,SoleusAir,SoleusAir,0.98,inventory.model,False,[],False
0bfdc9c7a918e7b7,inventory.csv#7078,Portable,Portable,0.98,inventory.model,False,[],False
892ec9bd67633c12,inventory.csv#7079,in-07HN1,in-07HN1,0.98,inventory.model,False,[],False
04f9d289091789dd,inventory.csv#708,6_-1,6_-1,0.98,inventory.model,False,[],False
9b9b4a54536bb31a,inventory.csv#7080,Suedwind,Suedwind,0.98,inventory.model,False,[],False
9fc19b5e8623b2c1,inventory.csv#7081,Transform_AC,Transform_AC,0.98,inventory.model,False,[],False
b8b0efc153b43ac5,inventory.csv#7082,Tcl,Tcl,0.98,inventory.model,False,[],False
8a3ae87f5308bf7a,inventory.csv#7083,RG05D4-BGE,RG05D4-BGE,0.98,inventory.model,False,[],False
af5c38288572488b,inventory.csv#7084,TS_16-Classic,TS_16-Classic,0.98,inventory.model,False,[],False
30da014d1d334de8,inventory.csv#7085,AC,AC,0.98,inventory.model,False,[],False
a1f1d85e348a2822,inventory.csv#7086,RAS13SKV2E,RAS13SKV2E,0.98,inventory.model,False,[],False
889412c2eda27161,inventory.csv#7087,RASB10BKVG-E,RASB10BKVG-E,0.98,inventory.model,False,[],False
695ea2271604c1ba,inventory.csv#7088,RG57H4,RG57H4,0.98,inventory.model,False,[],False
8118baafabc5de40,inventory.csv#7089,T24H-ILF,T24H-ILF,0.98,inventory.model,False,[],False
b2147c6eef28831a,inventory.csv#709,7_4,7_4,0.98,inventory.model,False,[],False
a789518100d879bb,inventory.csv#7090,AC,AC,0.98,inventory.model,False,[],False
343d4f0871409f6f,inventory.csv#7091,PAC2600X,PAC2600X,0.98,inventory.model,False,[],False
d3d907989bfc8a82,inventory.csv#7092,Vornado,Vornado,0.98,inventory.model,False,[],False
86e38ed516422a4f,inventory.csv#7093,AC,AC,0.98,inventory.model,False,[],False
bb4bf502c7a7e089,inventory.csv#7094,Ac_test,Ac_test,0.98,inventory.model,False,[],False
cf640bca9479f21d,inventory.csv#7095,Actest2,Actest2,0.98,inventory.model,False,[],False
1fcff42cd6de78f4,inventory.csv#7096,Remote3,Remote3,0.98,inventory.model,False,[],False
28be9837970cc941,inventory.csv#7097,AC,AC,0.98,inventory.model,False,[],False
71dc102bd63a9918,inventory.csv#7098,AC,AC,0.98,inventory.model,False,[],False
c3750cfbb50dcd54,inventory.csv#7099,full_working,full_working,0.98,inventory.model,False,[],False
4ec43698f818e07b,inventory.csv#71,110_0,110_0,0.98,inventory.model,False,[],False
8aec1a8f26f32111,inventory.csv#710,7_5,7_5,0.98,inventory.model,False,[],False
760a95ac8420f33e,inventory.csv#7100,AC,AC,0.98,inventory.model,False,[],False
d4c7d70cc7965c71,inventory.csv#7101,ZPO9001H_AC,ZPO9001H_AC,0.98,inventory.model,False,[],False
a9ed837d05b647aa,inventory.csv#7102,Air_Purifier,Air_Purifier,0.98,inventory.model,False,[],False
bf5c8a854a80a8f7,inventory.csv#7103,T10i_T20i,T10i_T20i,0.98,inventory.model,False,[],False
51841a57a3f896dc,inventory.csv#7104,HotCool_HP02,HotCool_HP02,0.98,inventory.model,False,[],False
65c30ae95c4b7a48,inventory.csv#7105,HotCool_HP04,HotCool_HP04,0.98,inventory.model,False,[],False
0afbabe6ac352756,inventory.csv#7106,HotCool_HP07,HotCool_HP07,0.98,inventory.model,False,[],False
da4ef1b63bb4a112,inventory.csv#7107,PureCool_TP00,PureCool_TP00,0.98,inventory.model,False,[],False
bf517e63e27b9ce3,inventory.csv#7108,PureCool_TP4A,PureCool_TP4A,0.98,inventory.model,False,[],False
f14896f6bf467e33,inventory.csv#7109,Purifier_Cool_Autoreact_TP7A,Purifier_Cool_Autoreact_TP7A,0.98,inventory.model,False,[],False
6a7d22bf5a4f2394,inventory.csv#711,7_6,7_6,0.98,inventory.model,False,[],False
234bd20ee2961583,inventory.csv#7110,Purifier_Cool_TP10,Purifier_Cool_TP10,0.98,inventory.model,False,[],False
e28113ecb90c9f15,inventory.csv#7111,Purifier_Humidify+Cool_Autoreact_PH3A,Purifier_Humidify+Cool_Autoreact_PH3A,0.98,inventory.model,False,[],False
f9ff0c9c66523e2a,inventory.csv#7112,PurifiyHumidify_PH04,PurifiyHumidify_PH04,0.98,inventory.model,False,[],False
cdad3fc74c223847,inventory.csv#7113,GC_Series,GC_Series,0.98,inventory.model,False,[],False
d5d9a9a72c8cb8eb,inventory.csv#7114,Minusa2,Minusa2,0.98,inventory.model,False,[],False
966a4ce12020bf38,inventory.csv#7115,R-9400,R-9400,0.98,inventory.model,False,[],False
097052e813343af2,inventory.csv#7116,Air_Purifier,Air_Purifier,0.98,inventory.model,False,[],False
941b77190b7aaea9,inventory.csv#7117,AirgoClean_350_E,AirgoClean_350_E,0.98,inventory.model,False,[],False
4a942d46489bbede,inventory.csv#7118,3417,3417,0.98,inventory.model,False,[],False
5d446c1357cec98c,inventory.csv#7119,Winix WAC5500,Winix WAC5500,0.98,inventory.model,False,[],False
0199f60aaf72d016,inventory.csv#712,7_7,7_7,0.98,inventory.model,False,[],False
1e1537dc84f25083,inventory.csv#7120,Air_Purifiers,Air_Purifiers,0.98,inventory.model,False,[],False
5b901d2f97888d7a,inventory.csv#7121,WA215,WA215,0.98,inventory.model,False,[],False
5b047a20b5d3f714,inventory.csv#7122,GTP500II,GTP500II,0.98,inventory.model,False,[],False
12b8edf2089b740c,inventory.csv#7123,RC-T506,RC-T506,0.98,inventory.model,False,[],False
9962f0cce494ae8d,inventory.csv#7124,XR-EM300,XR-EM300,0.98,inventory.model,False,[],False
fd272e8ce7e0b6be,inventory.csv#7125,EMITTER1HD,EMITTER1HD,0.98,inventory.model,False,[],False
7eadb02ac664e326,inventory.csv#7126,AV2_CD508,AV2_CD508,0.98,inventory.model,False,[],False
88e6d458a987b3bd,inventory.csv#7127,650A,650A,0.98,inventory.model,False,[],False
149a95b7f6767e18,inventory.csv#7128,AVR-2113CI_Main,AVR-2113CI_Main,0.98,inventory.model,False,[],False
b4903e14964d97bd,inventory.csv#7129,AVR-2113CI_Zone_2,AVR-2113CI_Zone_2,0.98,inventory.model,False,[],False
c166ad58060b37ec,inventory.csv#713,7_8,7_8,0.98,inventory.model,False,[],False
3160bdaefc274f5a,inventory.csv#7130,AVR_Receiver,AVR_Receiver,0.98,inventory.model,False,[],False
ad1669b929fdd2b8,inventory.csv#7131,DRA_365R,DRA_365R,0.98,inventory.model,False,[],False
b8cd9cfe120963f8,inventory.csv#7132,RC1253,RC1253,0.98,inventory.model,False,[],False
de5e7645c2975cfa,inventory.csv#7133,Douk_ST-01_Pro,Douk_ST-01_Pro,0.98,inventory.model,False,[],False
047857a3ce3d09ae,inventory.csv#7134,r1280t,r1280t,0.98,inventory.model,False,[],False
a89f4f9d30714da6,inventory.csv#7135,r1700bt,r1700bt,0.98,inventory.model,False,[],False
a2e956e2ff7f1c75,inventory.csv#7136,r1855db,r1855db,0.98,inventory.model,False,[],False
e9cfe63968518707,inventory.csv#7137,r2000db,r2000db,0.98,inventory.model,False,[],False
b5cc7f0d20b88dd2,inventory.csv#7138,EA101EQ-G,EA101EQ-G,0.98,inventory.model,False,[],False
dd0db85dc36ea168,inventory.csv#7139,PT100_TA100,PT100_TA100,0.98,inventory.model,False,[],False
b4f342d1be7af71f,inventory.csv#714,80_-1,80_-1,0.98,inventory.model,False,[],False
27ad5d9940d526f9,inventory.csv#7140,ZD3,ZD3,0.98,inventory.model,False,[],False
78521ed0da470c24,inventory.csv#7141,Fossi_Audio_ZH3,Fossi_Audio_ZH3,0.98,inventory.model,False,[],False
0bd07068c489d5b2,inventory.csv#7142,Gpx_hc221b,Gpx_hc221b,0.98,inventory.model,False,[],False
24a4fc99bf004e51,inventory.csv#7143,CMS_5000,CMS_5000,0.98,inventory.model,False,[],False
08ccbae5d61ef98b,inventory.csv#7144,Harman Kardon_AVI200,Harman Kardon_AVI200,0.98,inventory.model,False,[],False
ca8e2c02f9ebb039,inventory.csv#7145,Harman Kardon_bds580,Harman Kardon_bds580,0.98,inventory.model,False,[],False
4bee3cddf82adb4c,inventory.csv#7146,AVR130,AVR130,0.98,inventory.model,False,[],False
12887c7e6230b83a,inventory.csv#7147,DTR-7,DTR-7,0.98,inventory.model,False,[],False
edd2bd204c72f5e1,inventory.csv#7148,CA-D851TR,CA-D851TR,0.98,inventory.model,False,[],False
2c260952865f1152,inventory.csv#7149,Z906,Z906,0.98,inventory.model,False,[],False
fed040b73ae49a52,inventory.csv#715,8_-1,8_-1,0.98,inventory.model,False,[],False
79a29ed0af1350e7,inventory.csv#7150,RC042SR,RC042SR,0.98,inventory.model,False,[],False
7ab62cd756374944,inventory.csv#7151,SR_7009_(RC026SR),SR_7009_(RC026SR),0.98,inventory.model,False,[],False
4012ec5eaeb32495,inventory.csv#7152,MCM_Volume_Control_50-8394,MCM_Volume_Control_50-8394,0.98,inventory.model,False,[],False
352142bb3455c1e4,inventory.csv#7153,NAD712,NAD712,0.98,inventory.model,False,[],False
4f62cad4563bdb9c,inventory.csv#7154,Amp_1,Amp_1,0.98,inventory.model,False,[],False
0b27c3272091fdd5,inventory.csv#7155,DR2_D3020V1,DR2_D3020V1,0.98,inventory.model,False,[],False
4e51473ad36949b1,inventory.csv#7156,RM_4TA,RM_4TA,0.98,inventory.model,False,[],False
701c4188a7a3978c,inventory.csv#7157,Onkyo,Onkyo,0.98,inventory.model,False,[],False
75afddaf769991e2,inventory.csv#7158,RC627S,RC627S,0.98,inventory.model,False,[],False
74212e4aef4b0083,inventory.csv#7159,RC866M_Receiver,RC866M_Receiver,0.98,inventory.model,False,[],False
2ba21bc82cb1a772,inventory.csv#716,96_-1,96_-1,0.98,inventory.model,False,[],False
f34edaaf55fb614e,inventory.csv#7160,RC898M,RC898M,0.98,inventory.model,False,[],False
114a3c09f27a2b6b,inventory.csv#7161,RC972R,RC972R,0.98,inventory.model,False,[],False
21db821b52bf5c13,inventory.csv#7162,tx_nr686,tx_nr686,0.98,inventory.model,False,[],False
9ebb49aa2be5e722,inventory.csv#7163,N2QAYB000145,N2QAYB000145,0.98,inventory.model,False,[],False
fe33f4cba98a1401,inventory.csv#7164,N2QAYB000210,N2QAYB000210,0.98,inventory.model,False,[],False
736bc1d6ce68e1bc,inventory.csv#7165,N2QAYB001009,N2QAYB001009,0.98,inventory.model,False,[],False
e39d8fe7cca203cd,inventory.csv#7166,SA_PM602,SA_PM602,0.98,inventory.model,False,[],False
c00d88f7e3d196e6,inventory.csv#7167,SA_PT660,SA_PT660,0.98,inventory.model,False,[],False
ec3ab6e5324f9317,inventory.csv#7168,SC-AK15,SC-AK15,0.98,inventory.model,False,[],False
a725c2107e80495f,inventory.csv#7169,SC-PMX92-94,SC-PMX92-94,0.98,inventory.model,False,[],False
fbf2e838ae55e2d7,inventory.csv#717,97_-1,97_-1,0.98,inventory.model,False,[],False
72d215055cdda3a8,inventory.csv#7170,Bose_LifestyleV35,Bose_LifestyleV35,0.98,inventory.model,False,[],False
8adc90f33579ca2f,inventory.csv#7171,Philips Soundbar-HTL2060_94,Philips Soundbar-HTL2060_94,0.98,inventory.model,False,[],False
23b189e7c7efdee8,inventory.csv#7172,BTD2180,BTD2180,0.98,inventory.model,False,[],False
effdd28e7d210f3a,inventory.csv#7173,CD_Player_723,CD_Player_723,0.98,inventory.model,False,[],False
b22b64d1b1465194,inventory.csv#7174,FW-M55,FW-M55,0.98,inventory.model,False,[],False
9a418db62add2cd8,inventory.csv#7175,FW21,FW21,0.98,inventory.model,False,[],False
90330026df10b6a4,inventory.csv#7176,FW750c,FW750c,0.98,inventory.model,False,[],False
e08ae825561a5e02,inventory.csv#7177,FX55_HiFi,FX55_HiFi,0.98,inventory.model,False,[],False
ed33eca04f114e3c,inventory.csv#7178,HTS8010S,HTS8010S,0.98,inventory.model,False,[],False
70e83298bea845da,inventory.csv#7179,MZ-3,MZ-3,0.98,inventory.model,False,[],False
cd446f80e6c6cda8,inventory.csv#718,12_-1,12_-1,0.98,inventory.model,False,[],False
0c822ee4b3c56701,inventory.csv#7180,Pioneer SX-Q180,Pioneer SX-Q180,0.98,inventory.model,False,[],False
0d63da455588b669,inventory.csv#7181,AXD7741,AXD7741,0.98,inventory.model,False,[],False
f44d2a15f642b792,inventory.csv#7182,RC-974R,RC-974R,0.98,inventory.model,False,[],False
69a8d0b18527fda3,inventory.csv#7183,VSX-D1-S,VSX-D1-S,0.98,inventory.model,False,[],False
4ac3da5414a12d86,inventory.csv#7184,XXD3089,XXD3089,0.98,inventory.model,False,[],False
1528063adecf41c5,inventory.csv#7185,XXD3105,XXD3105,0.98,inventory.model,False,[],False
61e7d94f6e2239da,inventory.csv#7186,Toslink_Audio_Switcher,Toslink_Audio_Switcher,0.98,inventory.model,False,[],False
9106aac885b677ca,inventory.csv#7187,P2203ABTU,P2203ABTU,0.98,inventory.model,False,[],False
eb1e7b58408a705f,inventory.csv#7188,IO,IO,0.98,inventory.model,False,[],False
451bb9e78978018c,inventory.csv#7189,Superconnect_BZAWDFB0315H2,Superconnect_BZAWDFB0315H2,0.98,inventory.model,False,[],False
d2e2966467fface5,inventory.csv#719,2_-1,2_-1,0.98,inventory.model,False,[],False
d856bf1c37dec491,inventory.csv#7190,Sonic_Blue_059PXC,Sonic_Blue_059PXC,0.98,inventory.model,False,[],False
29fc69037917844d,inventory.csv#7191,Onyx_EZR,Onyx_EZR,0.98,inventory.model,False,[],False
01994394adabf6df,inventory.csv#7192,RC-8A,RC-8A,0.98,inventory.model,False,[],False
81ed6f8b77b454cf,inventory.csv#7193,RC-8C,RC-8C,0.98,inventory.model,False,[],False
a5d2583005b8093b,inventory.csv#7194,Amp,Amp,0.98,inventory.model,False,[],False
adcd177469342321,inventory.csv#7195,CMT-EH10,CMT-EH10,0.98,inventory.model,False,[],False
7870ab4482708b36,inventory.csv#7196,I-WXH-80,I-WXH-80,0.98,inventory.model,False,[],False
d15efd2e34dd8625,inventory.csv#7197,MHC-EC69,MHC-EC69,0.98,inventory.model,False,[],False
d71b2e9cea938415,inventory.csv#7198,MHC-GS300AV,MHC-GS300AV,0.98,inventory.model,False,[],False
c9bec7f5569381ad,inventory.csv#7199,MHC_GSX75,MHC_GSX75,0.98,inventory.model,False,[],False
597541c8652f96f8,inventory.csv#72,112_0,112_0,0.98,inventory.model,False,[],False
114a112c0eef7832,inventory.csv#720,176_0,176_0,0.98,inventory.model,False,[],False
ec4f553d0271b8a1,inventory.csv#7200,RM-AAP103,RM-AAP103,0.98,inventory.model,False,[],False
95b9129999345d0a,inventory.csv#7201,RM-AAU130_AV,RM-AAU130_AV,0.98,inventory.model,False,[],False
e036b134880215a9,inventory.csv#7202,RM-SC30,RM-SC30,0.98,inventory.model,False,[],False
979bb36a48c623dd,inventory.csv#7203,RM-SCU37,RM-SCU37,0.98,inventory.model,False,[],False
6c8556a23dcfa4a6,inventory.csv#7204,RM_AMU009_Sony_Audio_System_CMT,RM_AMU009_Sony_Audio_System_CMT,0.98,inventory.model,False,[],False
e8ef81a553a28f48,inventory.csv#7205,RMT-AA320U_AV,RMT-AA320U_AV,0.98,inventory.model,False,[],False
3369b06cf564c157,inventory.csv#7206,RMT-AA400U,RMT-AA400U,0.98,inventory.model,False,[],False
868c0f2889c96362,inventory.csv#7207,STR-DH550,STR-DH550,0.98,inventory.model,False,[],False
f186f84c4876afb2,inventory.csv#7208,STR-DH590,STR-DH590,0.98,inventory.model,False,[],False
92d77a1365cbd9d8,inventory.csv#7209,TA-F261R,TA-F261R,0.98,inventory.model,False,[],False
e05309073f2b9669,inventory.csv#721,8_-1,8_-1,0.98,inventory.model,False,[],False
3f753ceccc311525,inventory.csv#7210,EUR646496,EUR646496,0.98,inventory.model,False,[],False
dc9567f9a7e27c5b,inventory.csv#7211,terratec_m3po,terratec_m3po,0.98,inventory.model,False,[],False
d9cefe6675b9a435,inventory.csv#7212,X4_TECH_TU-1200,X4_TECH_TU-1200,0.98,inventory.model,False,[],False
46428018d56f7d09,inventory.csv#7213,A-S201,A-S201,0.98,inventory.model,False,[],False
967a32ff33af2916,inventory.csv#7214,AX-380,AX-380,0.98,inventory.model,False,[],False
85fec7eaa836a282,inventory.csv#7215,AX-396,AX-396,0.98,inventory.model,False,[],False
8f628f1d14ee7344,inventory.csv#7216,HTR3063,HTR3063,0.98,inventory.model,False,[],False
e3c1c3e3d93f38d7,inventory.csv#7217,RAS5,RAS5,0.98,inventory.model,False,[],False
fd78f03ea1c8ad2a,inventory.csv#7218,RAV203_V473170_US,RAV203_V473170_US,0.98,inventory.model,False,[],False
4578ecf311f94208,inventory.csv#7219,RX-V795RDS,RX-V795RDS,0.98,inventory.model,False,[],False
ae97da416c537e70,inventory.csv#722,8_-1,8_-1,0.98,inventory.model,False,[],False
6edb3a2dc94a5716,inventory.csv#7220,RXA770,RXA770,0.98,inventory.model,False,[],False
0353e68c861aca18,inventory.csv#7221,RXA860,RXA860,0.98,inventory.model,False,[],False
2a680e98565ea535,inventory.csv#7222,WS19340,WS19340,0.98,inventory.model,False,[],False
82f05431af26007d,inventory.csv#7223,ZP45780,ZP45780,0.98,inventory.model,False,[],False
64411c69ad0a44f4,inventory.csv#7224,BB-2000,BB-2000,0.98,inventory.model,False,[],False
93a1c7ce95049854,inventory.csv#7225,biobidet_bb2000,biobidet_bb2000,0.98,inventory.model,False,[],False
aca69da5ee31fdef,inventory.csv#7226,Toto,Toto,0.98,inventory.model,False,[],False
29520663573bd1c4,inventory.csv#7227,DR802,DR802,0.98,inventory.model,False,[],False
3727e91bf603a006,inventory.csv#7228,NSWBRDVD2,NSWBRDVD2,0.98,inventory.model,False,[],False
95744a04ac25b8dd,inventory.csv#7229,XVBP1,XVBP1,0.98,inventory.model,False,[],False
44befc47d1238110,inventory.csv#723,91_-1,91_-1,0.98,inventory.model,False,[],False
e6202105a9b57779,inventory.csv#7230,AKB73495301,AKB73495301,0.98,inventory.model,False,[],False
5e2c14a9cc782c04,inventory.csv#7231,AKB73775801,AKB73775801,0.98,inventory.model,False,[],False
5f8cfd80bfea4d85,inventory.csv#7232,BD650L,BD650L,0.98,inventory.model,False,[],False
fc9166a124b6424d,inventory.csv#7233,BD690,BD690,0.98,inventory.model,False,[],False
b9c45ce444815b75,inventory.csv#7234,BH9520TW,BH9520TW,0.98,inventory.model,False,[],False
1907e0843fd903fc,inventory.csv#7235,BlueRay,BlueRay,0.98,inventory.model,False,[],False
a4d48828da447a08,inventory.csv#7236,LHB655,LHB655,0.98,inventory.model,False,[],False
f021875e7723171c,inventory.csv#7237,UBK80,UBK80,0.98,inventory.model,False,[],False
9d5d062e086245e7,inventory.csv#7238,BD8002,BD8002,0.98,inventory.model,False,[],False
82fe3d3b76760b8b,inventory.csv#7239,UD7007_(RC006UD),UD7007_(RC006UD),0.98,inventory.model,False,[],False
9adaa7aef4108fb1,inventory.csv#724,8_-1,8_-1,0.98,inventory.model,False,[],False
9e87debbf15d588c,inventory.csv#7240,T557,T557,0.98,inventory.model,False,[],False
48303d955479cdd4,inventory.csv#7241,BDP103,BDP103,0.98,inventory.model,False,[],False
2c1a404fdb608444,inventory.csv#7242,BDP93,BDP93,0.98,inventory.model,False,[],False
b30295c04befc6b5,inventory.csv#7243,DMP_BD75,DMP_BD75,0.98,inventory.model,False,[],False
5c36cb15ddf321a9,inventory.csv#7244,DMPBDT167,DMPBDT167,0.98,inventory.model,False,[],False
3604081491ecbe11,inventory.csv#7245,DMRBWT720,DMRBWT720,0.98,inventory.model,False,[],False
791ec290bbbf5db9,inventory.csv#7246,DPUB420,DPUB420,0.98,inventory.model,False,[],False
809531a52161c3ab,inventory.csv#7247,DPUB820,DPUB820,0.98,inventory.model,False,[],False
6f36c2b8d2c84fb9,inventory.csv#7248,Region_Unlock,Region_Unlock,0.98,inventory.model,False,[],False
944fa2ab0c02aae4,inventory.csv#7249,BDP2501F7,BDP2501F7,0.98,inventory.model,False,[],False
8a26592fa0ec56a8,inventory.csv#725,8_-1,8_-1,0.98,inventory.model,False,[],False
b7fb5f072b2ee947,inventory.csv#7250,BDP2700,BDP2700,0.98,inventory.model,False,[],False
831f58f093423dbf,inventory.csv#7251,BDP7302,BDP7302,0.98,inventory.model,False,[],False
a4c5abc2d52cd499,inventory.csv#7252,BDP150,BDP150,0.98,inventory.model,False,[],False
0c4e1b76805c98a9,inventory.csv#7253,BDP320,BDP320,0.98,inventory.model,False,[],False
1a126804b10324ea,inventory.csv#7254,BDP43FD,BDP43FD,0.98,inventory.model,False,[],False
d0ed97963b4693c1,inventory.csv#7255,AK59_00149A,AK59_00149A,0.98,inventory.model,False,[],False
a155be4bd520cf52,inventory.csv#7256,B59-01301A,B59-01301A,0.98,inventory.model,False,[],False
41f5297914dea491,inventory.csv#7257,BD-D5300,BD-D5300,0.98,inventory.model,False,[],False
d81c30340b2e8403,inventory.csv#7258,BDD7500,BDD7500,0.98,inventory.model,False,[],False
97a85f73e3a4590a,inventory.csv#7259,BDE5300,BDE5300,0.98,inventory.model,False,[],False
104e4de55169ba63,inventory.csv#726,8_-1,8_-1,0.98,inventory.model,False,[],False
6ee56b9f4c3b4c90,inventory.csv#7260,UBDK8500,UBDK8500,0.98,inventory.model,False,[],False
a8f2f64fcac6466c,inventory.csv#7261,Bluray_NC088,Bluray_NC088,0.98,inventory.model,False,[],False
675dc3b5c5059ba9,inventory.csv#7262,BDHP20,BDHP20,0.98,inventory.model,False,[],False
3f07878a0488bdfc,inventory.csv#7263,BDHP70U,BDHP70U,0.98,inventory.model,False,[],False
1943b10b0e6b595d,inventory.csv#7264,B100,B100,0.98,inventory.model,False,[],False
5148d38581756347,inventory.csv#7265,RMT_VB201U,RMT_VB201U,0.98,inventory.model,False,[],False
a1ffec452bdac0d7,inventory.csv#7266,BD_RMT_B110A,BD_RMT_B110A,0.98,inventory.model,False,[],False
e4c75896d9706c36,inventory.csv#7267,BDP-N460_Blu-Ray,BDP-N460_Blu-Ray,0.98,inventory.model,False,[],False
08d0bf00bc863faa,inventory.csv#7268,BDP-S370,BDP-S370,0.98,inventory.model,False,[],False
b8974893aed98c69,inventory.csv#7269,BDP-S5200,BDP-S5200,0.98,inventory.model,False,[],False
93c6ec77728cf289,inventory.csv#727,176_0,176_0,0.98,inventory.model,False,[],False
c87396021bc5328f,inventory.csv#7270,BDPBX120,BDPBX120,0.98,inventory.model,False,[],False
401365608faeee7a,inventory.csv#7271,BDPS1700,BDPS1700,0.98,inventory.model,False,[],False
a669568bab6e1cb8,inventory.csv#7272,BDPS360,BDPS360,0.98,inventory.model,False,[],False
11cb13cb151c1890,inventory.csv#7273,BDPS770,BDPS770,0.98,inventory.model,False,[],False
be767023f2e1fabd,inventory.csv#7274,BR_RMT_B120P,BR_RMT_B120P,0.98,inventory.model,False,[],False
59b56be2bd78ceb5,inventory.csv#7275,RMT_VB100I,RMT_VB100I,0.98,inventory.model,False,[],False
2663277165558408,inventory.csv#7276,RMT_VB100U,RMT_VB100U,0.98,inventory.model,False,[],False
6be5b12db02280ec,inventory.csv#7277,RMT_VB310E,RMT_VB310E,0.98,inventory.model,False,[],False
60ad2ce0ee8177b7,inventory.csv#7278,UBPX700,UBPX700,0.98,inventory.model,False,[],False
1019faf86cebc13a,inventory.csv#7279,SDVD1111,SDVD1111,0.98,inventory.model,False,[],False
d14c990240aab8b8,inventory.csv#728,2_2,2_2,0.98,inventory.model,False,[],False
ee06834b577b0986,inventory.csv#7280,SE-R0398,SE-R0398,0.98,inventory.model,False,[],False
87eaee9d9d341b12,inventory.csv#7281,VBR220,VBR220,0.98,inventory.model,False,[],False
067fc05718f46cc5,inventory.csv#7282,VBR333,VBR333,0.98,inventory.model,False,[],False
a9d1d20f0924c117,inventory.csv#7283,BDS667,BDS667,0.98,inventory.model,False,[],False
98ccd397d93d9fff,inventory.csv#7284,Amigo,Amigo,0.98,inventory.model,False,[],False
ae69454e7e1226cb,inventory.csv#7285,HMB2260,HMB2260,0.98,inventory.model,False,[],False
a8c358e9c53b0bdc,inventory.csv#7286,Arris,Arris,0.98,inventory.model,False,[],False
b829b41f8f743588,inventory.csv#7287,VIP_2952_V2,VIP_2952_V2,0.98,inventory.model,False,[],False
dad35e89dc51f136,inventory.csv#7288,VIP_4302,VIP_4302,0.98,inventory.model,False,[],False
c2472f0ed28b36dd,inventory.csv#7289,URC1056,URC1056,0.98,inventory.model,False,[],False
7ebf0100bb76128d,inventory.csv#729,6_-1,6_-1,0.98,inventory.model,False,[],False
63c6b5ce0988ef36,inventory.csv#7290,Sat_CAN,Sat_CAN,0.98,inventory.model,False,[],False
c89b7ab8abdcaff6,inventory.csv#7291,Bbox_4K,Bbox_4K,0.98,inventory.model,False,[],False
b60b39b2008360e3,inventory.csv#7292,TVS_7900HD_TNT_Sat,TVS_7900HD_TNT_Sat,0.98,inventory.model,False,[],False
117f42055c6dcace,inventory.csv#7293,Fujian_Newland_TV_Box,Fujian_Newland_TV_Box,0.98,inventory.model,False,[],False
4da5dcec2f730a54,inventory.csv#7294,Cable_Box_CAN,Cable_Box_CAN,0.98,inventory.model,False,[],False
70baefb1807d97d5,inventory.csv#7295,Xfinity_XiOneSC-b,Xfinity_XiOneSC-b,0.98,inventory.model,False,[],False
29f56684d95b8dd2,inventory.csv#7296,Cisco_DTA250HD,Cisco_DTA250HD,0.98,inventory.model,False,[],False
b2b591a1dfce65d8,inventory.csv#7297,Direct_TV_RC65,Direct_TV_RC65,0.98,inventory.model,False,[],False
073a3d8aceb2ebb4,inventory.csv#7298,DIRECTV,DIRECTV,0.98,inventory.model,False,[],False
f737ae387b20a604,inventory.csv#7299,EXPLORER,EXPLORER,0.98,inventory.model,False,[],False
2ceeba5cbaa6f3ef,inventory.csv#73,110_0,110_0,0.98,inventory.model,False,[],False
6fb5b5ca4dcfd348,inventory.csv#730,4_-1,4_-1,0.98,inventory.model,False,[],False
c28d13196f669cd9,inventory.csv#7300,Elisa_viihde,Elisa_viihde,0.98,inventory.model,False,[],False
787cb907828862a8,inventory.csv#7301,TH100,TH100,0.98,inventory.model,False,[],False
73fd0bdd6a5b493a,inventory.csv#7302,EVO4,EVO4,0.98,inventory.model,False,[],False
5ec41b34fbc3f972,inventory.csv#7303,DTA-Cable_DM8-1002-CA,DTA-Cable_DM8-1002-CA,0.98,inventory.model,False,[],False
7ddf2b6f820d818e,inventory.csv#7304,Foxtel_IQ2-IQ3,Foxtel_IQ2-IQ3,0.98,inventory.model,False,[],False
9ffad427ced6abe1,inventory.csv#7305,Mini,Mini,0.98,inventory.model,False,[],False
b0fb5a12eeebfccb,inventory.csv#7306,dn300_mgts(mts),dn300_mgts(mts),0.98,inventory.model,False,[],False
ffa74e8f530bcc61,inventory.csv#7307,generic_cable_box,generic_cable_box,0.98,inventory.model,False,[],False
35dc812b4574198b,inventory.csv#7308,LD2500,LD2500,0.98,inventory.model,False,[],False
5492a797c6934769,inventory.csv#7309,TVbox_Remote,TVbox_Remote,0.98,inventory.model,False,[],False
c46d6b77941f2744,inventory.csv#731,0_-1,0_-1,0.98,inventory.model,False,[],False
83ed52b096510055,inventory.csv#7310,Cable_Box,Cable_Box,0.98,inventory.model,False,[],False
264aa24fd04572a3,inventory.csv#7311,SpeckG2,SpeckG2,0.98,inventory.model,False,[],False
25c1dfe8fce9d9c4,inventory.csv#7312,DR5-PVR,DR5-PVR,0.98,inventory.model,False,[],False
e8e06cc496616b3b,inventory.csv#7313,7700_Cable_Box,7700_Cable_Box,0.98,inventory.model,False,[],False
6451373fbaa75a1a,inventory.csv#7314,generic_cable_box,generic_cable_box,0.98,inventory.model,False,[],False
d10554b2aa356cdc,inventory.csv#7315,Cable_Box,Cable_Box,0.98,inventory.model,False,[],False
71a0f2f70e2ece93,inventory.csv#7316,41101445,41101445,0.98,inventory.model,False,[],False
ab630c4a7f8582d8,inventory.csv#7317,Wink_STB,Wink_STB,0.98,inventory.model,False,[],False
99e85daf7831e056,inventory.csv#7318,SkyQ,SkyQ,0.98,inventory.model,False,[],False
8bc9a5bcc5fcd48d,inventory.csv#7319,SamsungTV,SamsungTV,0.98,inventory.model,False,[],False
00526c2993d7f8e7,inventory.csv#732,0_191,0_191,0.98,inventory.model,False,[],False
c6e9a18664fc089b,inventory.csv#7320,9947_HD,9947_HD,0.98,inventory.model,False,[],False
295a48371e579a64,inventory.csv#7321,SAT1,SAT1,0.98,inventory.model,False,[],False
856b06365336c642,inventory.csv#7322,TechniStar_S2,TechniStar_S2,0.98,inventory.model,False,[],False
1853150ebfa96f30,inventory.csv#7323,telenet,telenet,0.98,inventory.model,False,[],False
9f0dbd958b730fa9,inventory.csv#7324,OptikTV,OptikTV,0.98,inventory.model,False,[],False
ba5aff1cbe0071f4,inventory.csv#7325,THT501,THT501,0.98,inventory.model,False,[],False
4def9f6b9dcd350c,inventory.csv#7326,RNG_DCX,RNG_DCX,0.98,inventory.model,False,[],False
ed094661a9a6ec56,inventory.csv#7327,XR11,XR11,0.98,inventory.model,False,[],False
6e124e8daa96d1d5,inventory.csv#7328,XR15-2,XR15-2,0.98,inventory.model,False,[],False
5f6f0ee9920e0ffc,inventory.csv#7329,XR15-3,XR15-3,0.98,inventory.model,False,[],False
9456068c1b50edea,inventory.csv#733,0_191,0_191,0.98,inventory.model,False,[],False
5f6db4dc5a67bd07,inventory.csv#7330,XR15,XR15,0.98,inventory.model,False,[],False
8c57fc775d35de6c,inventory.csv#7331,XR15_V2-UQ,XR15_V2-UQ,0.98,inventory.model,False,[],False
799a055dc9705edc,inventory.csv#7332,XR2,XR2,0.98,inventory.model,False,[],False
89e5eafa54a7d71f,inventory.csv#7333,config01,config01,0.98,inventory.model,False,[],False
4083aefa32f6c200,inventory.csv#7334,Camera_JJC RM-E6A,Camera_JJC RM-E6A,0.98,inventory.model,False,[],False
af5c960f30ea5ef1,inventory.csv#7335,config01,config01,0.98,inventory.model,False,[],False
16239faa7b1a8ccd,inventory.csv#7336,config02,config02,0.98,inventory.model,False,[],False
51ef939fbe599b8f,inventory.csv#7337,config03,config03,0.98,inventory.model,False,[],False
ec2dc452308a3a86,inventory.csv#7338,RC-6_Trigger,RC-6_Trigger,0.98,inventory.model,False,[],False
84ab4da92b375af4,inventory.csv#7339,48MP,48MP,0.98,inventory.model,False,[],False
1ab244071e22e1f8,inventory.csv#734,1_254,1_254,0.98,inventory.model,False,[],False
f52e88707772afae,inventory.csv#7340,config01,config01,0.98,inventory.model,False,[],False
5c22b771c26a90f9,inventory.csv#7341,config02,config02,0.98,inventory.model,False,[],False
d01aca2849b32eec,inventory.csv#7342,config01,config01,0.98,inventory.model,False,[],False
4343d116d5f2a08b,inventory.csv#7343,HY-5200 Microscope Camera,HY-5200 Microscope Camera,0.98,inventory.model,False,[],False
9d0dac411c57fdde,inventory.csv#7344,config01,config01,0.98,inventory.model,False,[],False
8616582af662be39,inventory.csv#7345,EasyShare_Max_Z990,EasyShare_Max_Z990,0.98,inventory.model,False,[],False
72e380dce2dd79af,inventory.csv#7346,Icon_vid_cnf,Icon_vid_cnf,0.98,inventory.model,False,[],False
7cd6b85b1e1b85bb,inventory.csv#7347,BCC950,BCC950,0.98,inventory.model,False,[],False
dd335bbec343c469,inventory.csv#7348,ConferenceCam_Connect,ConferenceCam_Connect,0.98,inventory.model,False,[],False
80f256ef8acde688,inventory.csv#7349,Nikon,Nikon,0.98,inventory.model,False,[],False
60e1951cf79f69ef,inventory.csv#735,38_-1,38_-1,0.98,inventory.model,False,[],False
a6fe4c36451e8ddf,inventory.csv#7350,config01,config01,0.98,inventory.model,False,[],False
c36df7d9e38b3ea1,inventory.csv#7351,config02,config02,0.98,inventory.model,False,[],False
a9f2ae48837b210b,inventory.csv#7352,config01,config01,0.98,inventory.model,False,[],False
85a375e6ae0f0d47,inventory.csv#7353,config01,config01,0.98,inventory.model,False,[],False
7faa96c9dd0b492a,inventory.csv#7354,config01,config01,0.98,inventory.model,False,[],False
3cd24586598cea35,inventory.csv#7355,N2QAEC000017_MiniDV_remote,N2QAEC000017_MiniDV_remote,0.98,inventory.model,False,[],False
50c5eb52f93e545e,inventory.csv#7356,config01,config01,0.98,inventory.model,False,[],False
dea9c819097ecbac,inventory.csv#7357,config02,config02,0.98,inventory.model,False,[],False
68f7d2d52745bb51,inventory.csv#7358,NDI_HX_CAM1,NDI_HX_CAM1,0.98,inventory.model,False,[],False
fe81deae5c5ea748,inventory.csv#7359,NDI_HX_CAM2,NDI_HX_CAM2,0.98,inventory.model,False,[],False
b269ccd82c6b4afb,inventory.csv#736,32_-1,32_-1,0.98,inventory.model,False,[],False
449f67b42581d8d1,inventory.csv#7360,NDI_HX_CAM3,NDI_HX_CAM3,0.98,inventory.model,False,[],False
a1cde812d2ff23d1,inventory.csv#7361,NDI_HX_CAM4,NDI_HX_CAM4,0.98,inventory.model,False,[],False
5ff13c52f44a1273,inventory.csv#7362,config01,config01,0.98,inventory.model,False,[],False
c682651aebcba53a,inventory.csv#7363,Sony,Sony,0.98,inventory.model,False,[],False
6415e10bc3952d8a,inventory.csv#7364,config01,config01,0.98,inventory.model,False,[],False
71b26d7e88cf79df,inventory.csv#7365,config02,config02,0.98,inventory.model,False,[],False
f5974fe5cd290bfa,inventory.csv#7366,RMT_814_Handycam,RMT_814_Handycam,0.98,inventory.model,False,[],False
861d0bff3500d783,inventory.csv#7367,RMT_831,RMT_831,0.98,inventory.model,False,[],False
bd30f29fdb9b795c,inventory.csv#7368,UVC86,UVC86,0.98,inventory.model,False,[],False
b2581283cceda765,inventory.csv#7369,JVC_RM-RK50,JVC_RM-RK50,0.98,inventory.model,False,[],False
1a164b378ba0f995,inventory.csv#737,32_-1,32_-1,0.98,inventory.model,False,[],False
f6814a1a540d12a4,inventory.csv#7370,Kenwood_DMX4704s,Kenwood_DMX4704s,0.98,inventory.model,False,[],False
93b5001dc68bb075,inventory.csv#7371,Kenwood_RC-406,Kenwood_RC-406,0.98,inventory.model,False,[],False
80fdc9f6f659bc1f,inventory.csv#7372,Pioneer_CXC2665,Pioneer_CXC2665,0.98,inventory.model,False,[],False
8f668ea1e6acaa25,inventory.csv#7373,Pioneer_CXC5719,Pioneer_CXC5719,0.98,inventory.model,False,[],False
6309867ebb4a213b,inventory.csv#7374,Pioneer_DEH_80PRS,Pioneer_DEH_80PRS,0.98,inventory.model,False,[],False
bfced45c152fed05,inventory.csv#7375,Left_Display,Left_Display,0.98,inventory.model,False,[],False
875ff2a500e2033f,inventory.csv#7376,Right_Display,Right_Display,0.98,inventory.model,False,[],False
9bbca17df6aa7c01,inventory.csv#7377,Lexus_GX470_DVD_2008,Lexus_GX470_DVD_2008,0.98,inventory.model,False,[],False
876784d4eb91d5bb,inventory.csv#7378,Lexus_LX470_DVD_2004,Lexus_LX470_DVD_2004,0.98,inventory.model,False,[],False
c498df52cbf89962,inventory.csv#7379,Lexus_LX570_2018_Rear_Media,Lexus_LX570_2018_Rear_Media,0.98,inventory.model,False,[],False
ba5207eb9be74117,inventory.csv#738,58_-1,58_-1,0.98,inventory.model,False,[],False
5cd1b99aaa7d9df9,inventory.csv#7380,Stinger_HEIGH10_UN1810_DVD_Video_System,Stinger_HEIGH10_UN1810_DVD_Video_System,0.98,inventory.model,False,[],False
1966b2ee24f648be,inventory.csv#7381,VES_CH1,VES_CH1,0.98,inventory.model,False,[],False
f78425cdd4bc240e,inventory.csv#7382,VES_CH2,VES_CH2,0.98,inventory.model,False,[],False
1980fbcda9cab806,inventory.csv#7383,TOYOTA_SIENNA-2011-2014,TOYOTA_SIENNA-2011-2014,0.98,inventory.model,False,[],False
4e871bfcaebb7715,inventory.csv#7384,Toyota_Sienna_2010_Rear_Seat_Entertainment,Toyota_Sienna_2010_Rear_Seat_Entertainment,0.98,inventory.model,False,[],False
3370bb4518a10a9d,inventory.csv#7385,Toyota_Verso_RearEntertainmentSystem,Toyota_Verso_RearEntertainmentSystem,0.98,inventory.model,False,[],False
b1931871cb03dc05,inventory.csv#7386,2005_Volvo_XC-90_DVD_Remote_1,2005_Volvo_XC-90_DVD_Remote_1,0.98,inventory.model,False,[],False
0389ac100818835e,inventory.csv#7387,2005_Volvo_XC-90_DVD_Remote_2,2005_Volvo_XC-90_DVD_Remote_2,0.98,inventory.model,False,[],False
d683d5efe1b74604,inventory.csv#7388,TOYOTA_AVALON_XLS_2003-2004,TOYOTA_AVALON_XLS_2003-2004,0.98,inventory.model,False,[],False
2b528f54df8749d0,inventory.csv#7389,CCTV_DVR,CCTV_DVR,0.98,inventory.model,False,[],False
edf3db3a9fd86e9e,inventory.csv#739,4_2,4_2,0.98,inventory.model,False,[],False
b95095e5cc3001e1,inventory.csv#7390,Szxlcom_cams,Szxlcom_cams,0.98,inventory.model,False,[],False
a42986409c8670ff,inventory.csv#7391,Hikvision,Hikvision,0.98,inventory.model,False,[],False
e586b985044726b3,inventory.csv#7392,OEM,OEM,0.98,inventory.model,False,[],False
6b5d100c5db4834a,inventory.csv#7393,Marshall_CV610,Marshall_CV610,0.98,inventory.model,False,[],False
113326fa3793786d,inventory.csv#7394,NTH-LED24R,NTH-LED24R,0.98,inventory.model,False,[],False
f2de924aabd3fc7c,inventory.csv#7395,AEG,AEG,0.98,inventory.model,False,[],False
690b30917ac97d51,inventory.csv#7396,NSXR71,NSXR71,0.98,inventory.model,False,[],False
61dd8f85e9f5a5f5,inventory.csv#7397,RC_1199,RC_1199,0.98,inventory.model,False,[],False
5679f127cdff04cf,inventory.csv#7398,SLIM-1500,SLIM-1500,0.98,inventory.model,False,[],False
6781aadaa2442e59,inventory.csv#7399,cd_radio,cd_radio,0.98,inventory.model,False,[],False
137f04a0d838a2d5,inventory.csv#74,110_0,110_0,0.98,inventory.model,False,[],False
a4ee89ebdf79670a,inventory.csv#740,18_52,18_52,0.98,inventory.model,False,[],False
0dfe27199526e62b,inventory.csv#7400,HC221B,HC221B,0.98,inventory.model,False,[],False
0dff2a355a1952cf,inventory.csv#7401,LG,LG,0.98,inventory.model,False,[],False
30f5f90c9d22e54e,inventory.csv#7402,CD5003,CD5003,0.98,inventory.model,False,[],False
cc78c2146e6efbb5,inventory.csv#7403,RC2100DR_CD,RC2100DR_CD,0.98,inventory.model,False,[],False
c51a97fa125041b1,inventory.csv#7404,RC2100DR_CDR,RC2100DR_CDR,0.98,inventory.model,False,[],False
0493f6b0ab9d8bda,inventory.csv#7405,DX-7333,DX-7333,0.98,inventory.model,False,[],False
31e49d91f8525628,inventory.csv#7406,RXDS750,RXDS750,0.98,inventory.model,False,[],False
6f4e7fee532b2ad3,inventory.csv#7407,SAPM03,SAPM03,0.98,inventory.model,False,[],False
fa6d0c0941b6a23c,inventory.csv#7408,SC-HC58,SC-HC58,0.98,inventory.model,False,[],False
a944eac782344439,inventory.csv#7409,SC-PM254,SC-PM254,0.98,inventory.model,False,[],False
a8b767b07029ae52,inventory.csv#741,128_-1,128_-1,0.98,inventory.model,False,[],False
b145693f13667c8c,inventory.csv#7410,CD_720,CD_720,0.98,inventory.model,False,[],False
0540a595ff5d9b88,inventory.csv#7411,CD_Player_723,CD_Player_723,0.98,inventory.model,False,[],False
62bfd11cfa6bac26,inventory.csv#7412,mcm2000,mcm2000,0.98,inventory.model,False,[],False
4847852e0e61f114,inventory.csv#7413,Pioneer CU_SX109,Pioneer CU_SX109,0.98,inventory.model,False,[],False
ce2d2344f6b1e870,inventory.csv#7414,CU_P0045,CU_P0045,0.98,inventory.model,False,[],False
d1d7c2eab36e6edd,inventory.csv#7415,MP23,MP23,0.98,inventory.model,False,[],False
1f973c0b61e62193,inventory.csv#7416,juke,juke,0.98,inventory.model,False,[],False
46171979c498320c,inventory.csv#7417,CFD-S35CP,CFD-S35CP,0.98,inventory.model,False,[],False
9a904d3aed176fca,inventory.csv#7418,CMT-SBT20B,CMT-SBT20B,0.98,inventory.model,False,[],False
ede45e2a54567de1,inventory.csv#7419,ICFCDK50,ICFCDK50,0.98,inventory.model,False,[],False
9f80a641c7c3c242,inventory.csv#742,12_-1,12_-1,0.98,inventory.model,False,[],False
19e4d8a60d2d8911,inventory.csv#7420,minidisk-deck,minidisk-deck,0.98,inventory.model,False,[],False
5c1e0ce6e7e406a7,inventory.csv#7421,RM-R52_RCD-W500C_Deck-A,RM-R52_RCD-W500C_Deck-A,0.98,inventory.model,False,[],False
af992dea43134405,inventory.csv#7422,RM-R52_RCD-W500C_Deck-B,RM-R52_RCD-W500C_Deck-B,0.98,inventory.model,False,[],False
cf5f50e3ef1deaae,inventory.csv#7423,RC-505_Remote_Control_Unit,RC-505_Remote_Control_Unit,0.98,inventory.model,False,[],False
c7474dcea28387d1,inventory.csv#7424,ST-HD60,ST-HD60,0.98,inventory.model,False,[],False
5f07a58198703a6c,inventory.csv#7425,Unkown_KC-806,Unkown_KC-806,0.98,inventory.model,False,[],False
9bc99fbe256123f5,inventory.csv#7426,KC809,KC809,0.98,inventory.model,False,[],False
277c936b95f51535,inventory.csv#7427,CDC600,CDC600,0.98,inventory.model,False,[],False
1843c349096990da,inventory.csv#7428,Wallclock_All_Models,Wallclock_All_Models,0.98,inventory.model,False,[],False
4205537ae0760da9,inventory.csv#7429,Remote_Gen2,Remote_Gen2,0.98,inventory.model,False,[],False
f11f8edb1d713b30,inventory.csv#743,7_-1,7_-1,0.98,inventory.model,False,[],False
086ce8ec486d05ff,inventory.csv#7430,Xb1_8BitDo_Media_remote_short,Xb1_8BitDo_Media_remote_short,0.98,inventory.model,False,[],False
4a070e6c60ae20ae,inventory.csv#7431,Xbox,Xbox,0.98,inventory.model,False,[],False
4e7d3ee8e1505021,inventory.csv#7432,XBOX360_Media,XBOX360_Media,0.98,inventory.model,False,[],False
5759df19ec6494ed,inventory.csv#7433,XBox_DVD_Media_Playback_Kit,XBox_DVD_Media_Playback_Kit,0.98,inventory.model,False,[],False
0d62cc8c77014b3f,inventory.csv#7434,Xbox_One_Media_Remote,Xbox_One_Media_Remote,0.98,inventory.model,False,[],False
ecedcb2a876df6cc,inventory.csv#7435,Pokemon_Silver_Mystery_Gift,Pokemon_Silver_Mystery_Gift,0.98,inventory.model,False,[],False
fb1ad6066bf7ec3c,inventory.csv#7436,CDi_Commander,CDi_Commander,0.98,inventory.model,False,[],False
5c9c7ba6cd259b73,inventory.csv#7437,2,2,0.98,inventory.model,False,[],False
74632e5aa6d176aa,inventory.csv#7438,DAC2_HGC,DAC2_HGC,0.98,inventory.model,False,[],False
f4745fb8e7aac4d9,inventory.csv#7439,ZV450MW8,ZV450MW8,0.98,inventory.model,False,[],False
2ed3b70627691cbd,inventory.csv#744,12_-1,12_-1,0.98,inventory.model,False,[],False
1493e72c64cc5054,inventory.csv#7440,OSSC,OSSC,0.98,inventory.model,False,[],False
56057aa94c01cb82,inventory.csv#7441,Pro,Pro,0.98,inventory.model,False,[],False
9b48f4fd8af748a2,inventory.csv#7442,Prism,Prism,0.98,inventory.model,False,[],False
453e384b1f3abaf6,inventory.csv#7443,4K,4K,0.98,inventory.model,False,[],False
f10ca7565c77981d,inventory.csv#7444,5X_Prem,5X_Prem,0.98,inventory.model,False,[],False
586c18aa56917057,inventory.csv#7445,5X_Std,5X_Std,0.98,inventory.model,False,[],False
79931689e197b490,inventory.csv#7446,ADI-2_DAC_FS,ADI-2_DAC_FS,0.98,inventory.model,False,[],False
975fc1238cc1e7bd,inventory.csv#7447,VGAtoSCART,VGAtoSCART,0.98,inventory.model,False,[],False
3e3b23135dd479fb,inventory.csv#7448,GENVIIIS3,GENVIIIS3,0.98,inventory.model,False,[],False
ba99aaef084bfe3e,inventory.csv#7449,3,3,0.98,inventory.model,False,[],False
47dd079b577cb378,inventory.csv#745,133_48,133_48,0.98,inventory.model,False,[],False
55fef53741075959,inventory.csv#7450,Dynascan_DS2,Dynascan_DS2,0.98,inventory.model,False,[],False
ef16a4b8553f0cb8,inventory.csv#7451,LExx40UHS,LExx40UHS,0.98,inventory.model,False,[],False
d970b2f6ea7f4fd1,inventory.csv#7452,AKB74915384,AKB74915384,0.98,inventory.model,False,[],False
60edde4b854932f7,inventory.csv#7453,DPVF1615ZA,DPVF1615ZA,0.98,inventory.model,False,[],False
fbd2b2da2821755d,inventory.csv#7454,Signage_YKF326-019,Signage_YKF326-019,0.98,inventory.model,False,[],False
51404e523a1599a7,inventory.csv#7455,signage,signage,0.98,inventory.model,False,[],False
7ac192d4f98fc43f,inventory.csv#7456,ASF1000B,ASF1000B,0.98,inventory.model,False,[],False
a4b7869a5f162b09,inventory.csv#7457,DVBTV,DVBTV,0.98,inventory.model,False,[],False
8943365ea68aaa11,inventory.csv#7458,Cyfrowy_polsat,Cyfrowy_polsat,0.98,inventory.model,False,[],False
03cef6b667712f06,inventory.csv#7459,dvb_t,dvb_t,0.98,inventory.model,False,[],False
b533245cd691610c,inventory.csv#746,12_-1,12_-1,0.98,inventory.model,False,[],False
241cb92ffadc6c19,inventory.csv#7460,Fransat_NewSat_Maestro,Fransat_NewSat_Maestro,0.98,inventory.model,False,[],False
bcf0beadf896fae8,inventory.csv#7461,SX_FREESAT,SX_FREESAT,0.98,inventory.model,False,[],False
5657152465a3c09a,inventory.csv#7462,DigiVox_MiniII,DigiVox_MiniII,0.98,inventory.model,False,[],False
6e96d249b57a8c56,inventory.csv#7463,SF8008,SF8008,0.98,inventory.model,False,[],False
c3ed680184233b7e,inventory.csv#7464,MediaZapperHD,MediaZapperHD,0.98,inventory.model,False,[],False
4d17885022e86f4d,inventory.csv#7465,TE-300,TE-300,0.98,inventory.model,False,[],False
89e12b43e7a1f860,inventory.csv#7466,DVB-T_2,DVB-T_2,0.98,inventory.model,False,[],False
aed00f90436a03c6,inventory.csv#7467,3-2-1_Series_1,3-2-1_Series_1,0.98,inventory.model,False,[],False
3ad8f43014fa6eb5,inventory.csv#7468,DVDP-7R,DVDP-7R,0.98,inventory.model,False,[],False
59c04540f99b5398,inventory.csv#7469,D2816,D2816,0.98,inventory.model,False,[],False
3675ba8ce5a230e9,inventory.csv#747,12_-1,12_-1,0.98,inventory.model,False,[],False
1c38b881ee08b7e1,inventory.csv#7470,AKB35840202_DVD,AKB35840202_DVD,0.98,inventory.model,False,[],False
791e13a06dcbfd71,inventory.csv#7471,DKS-6100Q,DKS-6100Q,0.98,inventory.model,False,[],False
86648e849f26154c,inventory.csv#7472,MDV3300,MDV3300,0.98,inventory.model,False,[],False
693c96a66e702792,inventory.csv#7473,MVD2047,MVD2047,0.98,inventory.model,False,[],False
2ed86be92a99f682,inventory.csv#7474,NB098,NB098,0.98,inventory.model,False,[],False
082b364704dffb04,inventory.csv#7475,NB179_MWD_2206,NB179_MWD_2206,0.98,inventory.model,False,[],False
f7c3e9329025dfa4,inventory.csv#7476,DV-970HD,DV-970HD,0.98,inventory.model,False,[],False
c60ea3fd88288e5e,inventory.csv#7477,DVD_TV,DVD_TV,0.98,inventory.model,False,[],False
d64fd4b786911eb4,inventory.csv#7478,EUR7621070,EUR7621070,0.98,inventory.model,False,[],False
b67a539f811e9723,inventory.csv#7479,Region_Unlock,Region_Unlock,0.98,inventory.model,False,[],False
e68fb276bbf15fc3,inventory.csv#748,12_251,12_251,0.98,inventory.model,False,[],False
0317bbbd3f39f5a6,inventory.csv#7480,DVDR3475,DVDR3475,0.98,inventory.model,False,[],False
588eaf8afe74ecdb,inventory.csv#7481,RC_5610,RC_5610,0.98,inventory.model,False,[],False
8fc01230ecbe7d70,inventory.csv#7482,PIONEER-DVD_PLAYER-VXX2702,PIONEER-DVD_PLAYER-VXX2702,0.98,inventory.model,False,[],False
1f620d2cb441664a,inventory.csv#7483,GGF1381,GGF1381,0.98,inventory.model,False,[],False
9f4d3fedc852780a,inventory.csv#7484,VXX2914,VXX2914,0.98,inventory.model,False,[],False
7e6ed09297c775be,inventory.csv#7485,DVD_Player_T182,DVD_Player_T182,0.98,inventory.model,False,[],False
0530f8a91557748d,inventory.csv#7486,dvd-p2,dvd-p2,0.98,inventory.model,False,[],False
d4ee479d21e0227f,inventory.csv#7487,BDP-S370,BDP-S370,0.98,inventory.model,False,[],False
02950c7b1dc36ae8,inventory.csv#7488,BDP_S5100_region_free_unlock_0533,BDP_S5100_region_free_unlock_0533,0.98,inventory.model,False,[],False
229294a4ad0c0576,inventory.csv#7489,DVD_RMT-D197A,DVD_RMT-D197A,0.98,inventory.model,False,[],False
684c9c24981e8546,inventory.csv#749,13_-1,13_-1,0.98,inventory.model,False,[],False
21de61c4f2f1ebfb,inventory.csv#7490,DVD_RMTD185A_RMTD165A,DVD_RMTD185A_RMTD165A,0.98,inventory.model,False,[],False
c6f86b5f248745de,inventory.csv#7491,J-6090-203-A,J-6090-203-A,0.98,inventory.model,False,[],False
017ae4da57a35404,inventory.csv#7492,DVD507,DVD507,0.98,inventory.model,False,[],False
07781071cf061437,inventory.csv#7493,SE_R0108,SE_R0108,0.98,inventory.model,False,[],False
ea5c5d01dfbd9399,inventory.csv#7494,SE_R0420,SE_R0420,0.98,inventory.model,False,[],False
d1f07eb9c8e28ba5,inventory.csv#7495,Dvd_tv_player,Dvd_tv_player,0.98,inventory.model,False,[],False
11132bdafccb8c30,inventory.csv#7496,Dvd_tv_player_2,Dvd_tv_player_2,0.98,inventory.model,False,[],False
cc75fca466704e22,inventory.csv#7497,AC-018,AC-018,0.98,inventory.model,False,[],False
3eac35cffb6a830f,inventory.csv#7498,84001,84001,0.98,inventory.model,False,[],False
b0736b4d75ddf228,inventory.csv#7499,Basics_Fan,Basics_Fan,0.98,inventory.model,False,[],False
4f465065c584581c,inventory.csv#75,110_0,110_0,0.98,inventory.model,False,[],False
e55aca568ac14749,inventory.csv#750,12_-1,12_-1,0.98,inventory.model,False,[],False
b6c219b8ac8ff91f,inventory.csv#7500,Fan_30inch_Tower,Fan_30inch_Tower,0.98,inventory.model,False,[],False
5cdf8e6d2d6a9b14,inventory.csv#7501,Tower_Fan_95cm,Tower_Fan_95cm,0.98,inventory.model,False,[],False
30a29ded375c323b,inventory.csv#7502,fan,fan,0.98,inventory.model,False,[],False
ab802dbb29d4bb17,inventory.csv#7503,Socket_Fan_Light_8563,Socket_Fan_Light_8563,0.98,inventory.model,False,[],False
4746a99fdf577026,inventory.csv#7504,Fan,Fan,0.98,inventory.model,False,[],False
e6406763a99f12a1,inventory.csv#7505,Haiku,Haiku,0.98,inventory.model,False,[],False
359bf86d20204582,inventory.csv#7506,BASF1016GRC,BASF1016GRC,0.98,inventory.model,False,[],False
682f3731ea345968,inventory.csv#7507,Bionaire,Bionaire,0.98,inventory.model,False,[],False
3b72b4b59f16cfce,inventory.csv#7508,BW2100R,BW2100R,0.98,inventory.model,False,[],False
02ed667a56300a25,inventory.csv#7509,BFSR16W,BFSR16W,0.98,inventory.model,False,[],False
c9f67ff9e402d6ba,inventory.csv#751,13_-1,13_-1,0.98,inventory.model,False,[],False
775c505202fa6ec2,inventory.csv#7510,fan_303352,fan_303352,0.98,inventory.model,False,[],False
8e18bf6837346f77,inventory.csv#7511,Fan_304997,Fan_304997,0.98,inventory.model,False,[],False
6124ced26c284fea,inventory.csv#7512,Tower_Fan,Tower_Fan,0.98,inventory.model,False,[],False
5ee5e88a8f54efe7,inventory.csv#7513,1010_EXTREMECONNECT,1010_EXTREMECONNECT,0.98,inventory.model,False,[],False
e502a522f775637c,inventory.csv#7514,towerfan,towerfan,0.98,inventory.model,False,[],False
d417c92bf79d3c63,inventory.csv#7515,CZ106,CZ106,0.98,inventory.model,False,[],False
e4d11fcff16bfc95,inventory.csv#7516,OmniBreeze,OmniBreeze,0.98,inventory.model,False,[],False
a00bdf8ec046e54d,inventory.csv#7517,DDV200,DDV200,0.98,inventory.model,False,[],False
eaa2e22324f7aa92,inventory.csv#7518,G3_Fan,G3_Fan,0.98,inventory.model,False,[],False
12a66346fe622c79,inventory.csv#7519,MS16,MS16,0.98,inventory.model,False,[],False
5bd0c681c7b4f0dc,inventory.csv#752,2_-1,2_-1,0.98,inventory.model,False,[],False
638908d76c3318a1,inventory.csv#7520,Mont_Blanc_dxmbcf,Mont_Blanc_dxmbcf,0.98,inventory.model,False,[],False
75eb5812176686cc,inventory.csv#7521,DO8149,DO8149,0.98,inventory.model,False,[],False
ddaf0336c81a1007,inventory.csv#7522,Fan,Fan,0.98,inventory.model,False,[],False
5f00afc0f042919a,inventory.csv#7523,Cruiser Pro_T1S_Fan,Cruiser Pro_T1S_Fan,0.98,inventory.model,False,[],False
480a3e2cb39960b6,inventory.csv#7524,DR-HTF007,DR-HTF007,0.98,inventory.model,False,[],False
cfab9b2d1cd842d9,inventory.csv#7525,Nomad_One_DOTF07,Nomad_One_DOTF07,0.98,inventory.model,False,[],False
a1af7126e595bd8e,inventory.csv#7526,WDR-TF007-9275A,WDR-TF007-9275A,0.98,inventory.model,False,[],False
dcd008e7fdfaa481,inventory.csv#7527,Air_Multiplier,Air_Multiplier,0.98,inventory.model,False,[],False
2a7a4b4666acfec0,inventory.csv#7528,Air_Purifier_Fan,Air_Purifier_Fan,0.98,inventory.model,False,[],False
24a2143e179cf446,inventory.csv#7529,AM04,AM04,0.98,inventory.model,False,[],False
63e6090a792918c4,inventory.csv#753,3_-1,3_-1,0.98,inventory.model,False,[],False
e0d10b23c9447027,inventory.csv#7530,AM05_Hot_Cool,AM05_Hot_Cool,0.98,inventory.model,False,[],False
9643d61da5b54ecc,inventory.csv#7531,AM06_33_Fan,AM06_33_Fan,0.98,inventory.model,False,[],False
ea85e80655c2a5b5,inventory.csv#7532,AM07,AM07,0.98,inventory.model,False,[],False
ae03d898e5a100cf,inventory.csv#7533,AM09,AM09,0.98,inventory.model,False,[],False
2848ef30d4706d38,inventory.csv#7534,AM11,AM11,0.98,inventory.model,False,[],False
5b25190488aeca55,inventory.csv#7535,Cool_Fan,Cool_Fan,0.98,inventory.model,False,[],False
f6dbebc279ef68b6,inventory.csv#7536,Cool_Unknown_Model,Cool_Unknown_Model,0.98,inventory.model,False,[],False
09bc2dd020ed967e,inventory.csv#7537,Fan_HP04,Fan_HP04,0.98,inventory.model,False,[],False
05b8e2237b48180a,inventory.csv#7538,HP01,HP01,0.98,inventory.model,False,[],False
4da2ef5920d6e878,inventory.csv#7539,HP02,HP02,0.98,inventory.model,False,[],False
8d41534fffc66359,inventory.csv#754,64_-1,64_-1,0.98,inventory.model,False,[],False
cda0d476453a6674,inventory.csv#7540,HP09,HP09,0.98,inventory.model,False,[],False
937b9fb9a1718d7c,inventory.csv#7541,Pure_Cool_Link,Pure_Cool_Link,0.98,inventory.model,False,[],False
abc9802e5e97e795,inventory.csv#7542,Pure_Cool_Me_Fan,Pure_Cool_Me_Fan,0.98,inventory.model,False,[],False
9d239b19142b18c5,inventory.csv#7543,Pure_Cool_TP02,Pure_Cool_TP02,0.98,inventory.model,False,[],False
cfa3b52ac4cddb6d,inventory.csv#7544,Pure_Cool_TP4A,Pure_Cool_TP4A,0.98,inventory.model,False,[],False
e0daeeb25a158a95,inventory.csv#7545,Pure_Cool_TP4B,Pure_Cool_TP4B,0.98,inventory.model,False,[],False
cbb18b033248452c,inventory.csv#7546,Pure_HotCool_HP02,Pure_HotCool_HP02,0.98,inventory.model,False,[],False
8f8f3ec06546ade5,inventory.csv#7547,TP7A,TP7A,0.98,inventory.model,False,[],False
4aa45c58e97af5db,inventory.csv#7548,PFR40RT,PFR40RT,0.98,inventory.model,False,[],False
cdcbf35899297d17,inventory.csv#7549,LMD-24,LMD-24,0.98,inventory.model,False,[],False
b6e898732f056a48,inventory.csv#755,71_-1,71_-1,0.98,inventory.model,False,[],False
23ba783ddb708e83,inventory.csv#7550,Fan,Fan,0.98,inventory.model,False,[],False
b4550962a8ad2b34,inventory.csv#7551,NDY-DT2-Portable-Evaporative-Tower-Fan,NDY-DT2-Portable-Evaporative-Tower-Fan,0.98,inventory.model,False,[],False
7f4fbf7549df0b86,inventory.csv#7552,VC60_DC_2019,VC60_DC_2019,0.98,inventory.model,False,[],False
06ecf99bb53eae74,inventory.csv#7553,VC60_DC_2020,VC60_DC_2020,0.98,inventory.model,False,[],False
925b1eadc9b0321b,inventory.csv#7554,Primotecq_Tower_Fan_TF4201TR-L,Primotecq_Tower_Fan_TF4201TR-L,0.98,inventory.model,False,[],False
254ee37791bce748,inventory.csv#7555,Generic_Fan_HS95104SK,Generic_Fan_HS95104SK,0.98,inventory.model,False,[],False
797fe81f4d8377fa,inventory.csv#7556,Generic_Floor_Fan,Generic_Floor_Fan,0.98,inventory.model,False,[],False
dcf7c47990ec5b27,inventory.csv#7557,HatariL1Fan,HatariL1Fan,0.98,inventory.model,False,[],False
1ddcf202d632f19b,inventory.csv#7558,HEF_RM1_Fan,HEF_RM1_Fan,0.98,inventory.model,False,[],False
dc0e7dc0d5ddf470,inventory.csv#7559,Fan_HTF3610AR,Fan_HTF3610AR,0.98,inventory.model,False,[],False
129f5d4ec92ea6ac,inventory.csv#756,12_-1,12_-1,0.98,inventory.model,False,[],False
71d5a8c765f0be17,inventory.csv#7560,LWTF-04,LWTF-04,0.98,inventory.model,False,[],False
73ac3cd63377db49,inventory.csv#7561,Fan_C152,Fan_C152,0.98,inventory.model,False,[],False
110c85cde598466a,inventory.csv#7562,Fan_CL18PE,Fan_CL18PE,0.98,inventory.model,False,[],False
dc634d42463c5c41,inventory.csv#7563,Fan_HY041w,Fan_HY041w,0.98,inventory.model,False,[],False
230d9ae9f64a4f5e,inventory.csv#7564,Fan_HYF290B,Fan_HYF290B,0.98,inventory.model,False,[],False
ac4fa4085c748463,inventory.csv#7565,Fan_HYF290E4,Fan_HYF290E4,0.98,inventory.model,False,[],False
b518546431aa88ff,inventory.csv#7566,HO-5500RE,HO-5500RE,0.98,inventory.model,False,[],False
24d17055cce9eba7,inventory.csv#7567,HO-5500RE_1,HO-5500RE_1,0.98,inventory.model,False,[],False
32676a1dba626648,inventory.csv#7568,HO-5500RE_2,HO-5500RE_2,0.98,inventory.model,False,[],False
5b534cb400c4247b,inventory.csv#7569,DF0035TBL,DF0035TBL,0.98,inventory.model,False,[],False
6fbcc7a4000083c9,inventory.csv#757,13_-1,13_-1,0.98,inventory.model,False,[],False
eb30d7e548fe1203,inventory.csv#7570,TFS-20RH,TFS-20RH,0.98,inventory.model,False,[],False
7899feeb853b55e0,inventory.csv#7571,Fan_K14X5_K14Y5,Fan_K14X5_K14Y5,0.98,inventory.model,False,[],False
bc81b12be4359e7f,inventory.csv#7572,Fan_KC4GR,Fan_KC4GR,0.98,inventory.model,False,[],False
03d1985b9b7e45aa,inventory.csv#7573,LQ-AC02S_Fan,LQ-AC02S_Fan,0.98,inventory.model,False,[],False
4f13b3aea5ca0294,inventory.csv#7574,Sommwerwind,Sommwerwind,0.98,inventory.model,False,[],False
06761c125eaaa492,inventory.csv#7575,KSFW_40322_TRC,KSFW_40322_TRC,0.98,inventory.model,False,[],False
896d2e833c058b97,inventory.csv#7576,KTF100,KTF100,0.98,inventory.model,False,[],False
d621f3fb1076e95e,inventory.csv#7577,KTFC_602722,KTFC_602722,0.98,inventory.model,False,[],False
57008118ba6e33d2,inventory.csv#7578,1885,1885,0.98,inventory.model,False,[],False
7aba703faae0a9e0,inventory.csv#7579,Fan,Fan,0.98,inventory.model,False,[],False
7881c951141b95cd,inventory.csv#758,12_-1,12_-1,0.98,inventory.model,False,[],False
70736dfb4cb7b3d1,inventory.csv#7580,Fan_2108,Fan_2108,0.98,inventory.model,False,[],False
44b569d1164feed0,inventory.csv#7581,Fan_2551,Fan_2551,0.98,inventory.model,False,[],False
7712691615bf6ce8,inventory.csv#7582,Fan_S18612,Fan_S18612,0.98,inventory.model,False,[],False
d0d1b05ac5f90637,inventory.csv#7583,Fan_S18640,Fan_S18640,0.98,inventory.model,False,[],False
82f121b7920794df,inventory.csv#7584,Fan_Simple,Fan_Simple,0.98,inventory.model,False,[],False
a05a56204ace2ba2,inventory.csv#7585,T48310,T48310,0.98,inventory.model,False,[],False
b4226000471ce620,inventory.csv#7586,DC_Motor_Floor_Fan,DC_Motor_Floor_Fan,0.98,inventory.model,False,[],False
70e0299fae7c2e2a,inventory.csv#7587,Desk_Fan,Desk_Fan,0.98,inventory.model,False,[],False
18007ac796828df2,inventory.csv#7588,Floor-Fan,Floor-Fan,0.98,inventory.model,False,[],False
dd43586cb040d0aa,inventory.csv#7589,Maestro_Fan,Maestro_Fan,0.98,inventory.model,False,[],False
643be7e2389bc1a9,inventory.csv#759,133_48,133_48,0.98,inventory.model,False,[],False
2d685b8526ce154d,inventory.csv#7590,Fan_FZ10-19JR,Fan_FZ10-19JR,0.98,inventory.model,False,[],False
4d3df1ea410b8bd2,inventory.csv#7591,Airxcel,Airxcel,0.98,inventory.model,False,[],False
dbd0236781301e46,inventory.csv#7592,MeacoFan_1056_P,MeacoFan_1056_P,0.98,inventory.model,False,[],False
668f3eeab49812ba,inventory.csv#7593,MTFYG07R,MTFYG07R,0.98,inventory.model,False,[],False
127b5e2c991be908,inventory.csv#7594,R30J-HRV,R30J-HRV,0.98,inventory.model,False,[],False
4d35030c75859f06,inventory.csv#7595,Fan,Fan,0.98,inventory.model,False,[],False
80a5904fdb52fb99,inventory.csv#7596,DC2018,DC2018,0.98,inventory.model,False,[],False
7035bc6069ad81e6,inventory.csv#7597,Hightower-2G,Hightower-2G,0.98,inventory.model,False,[],False
46b497931f7d5efb,inventory.csv#7598,Orbegozo_SF0243,Orbegozo_SF0243,0.98,inventory.model,False,[],False
b9381ba258cd46df,inventory.csv#7599,UltraWind_OZF1,UltraWind_OZF1,0.98,inventory.model,False,[],False
cdb56f8f1cab6f57,inventory.csv#76,110_0,110_0,0.98,inventory.model,False,[],False
dffe6ebce6b0914a,inventory.csv#760,12_-1,12_-1,0.98,inventory.model,False,[],False
59a14ec932457777,inventory.csv#7600,FV-30BG1x,FV-30BG1x,0.98,inventory.model,False,[],False
f79514529ecc2ca1,inventory.csv#7601,PFS40D6ABB_Fan,PFS40D6ABB_Fan,0.98,inventory.model,False,[],False
8ec23becd7c05485,inventory.csv#7602,Raja_DC_122_Fan,Raja_DC_122_Fan,0.98,inventory.model,False,[],False
0f96062e432df328,inventory.csv#7603,Home_Fan,Home_Fan,0.98,inventory.model,False,[],False
9c35e31c5348d1ae,inventory.csv#7604,PBF04,PBF04,0.98,inventory.model,False,[],False
a55fa3cdfcb39f19,inventory.csv#7605,PC-VL_3069,PC-VL_3069,0.98,inventory.model,False,[],False
2c3e03834df5c3b2,inventory.csv#7606,QS303_Fan,QS303_Fan,0.98,inventory.model,False,[],False
bc50eb77e2c4ea13,inventory.csv#7607,Rowenta VU5670,Rowenta VU5670,0.98,inventory.model,False,[],False
872bc77537b1b485,inventory.csv#7608,5870,5870,0.98,inventory.model,False,[],False
106e00cb0391706c,inventory.csv#7609,Eole_Infinite,Eole_Infinite,0.98,inventory.model,False,[],False
053b90d03921ef5d,inventory.csv#761,133_48,133_48,0.98,inventory.model,False,[],False
280f5195fe176e5a,inventory.csv#7610,Mosquito_Silence_VU6410FD,Mosquito_Silence_VU6410FD,0.98,inventory.model,False,[],False
e27a8e5477f67ef0,inventory.csv#7611,RCF-FORZA45-5BL-GM,RCF-FORZA45-5BL-GM,0.98,inventory.model,False,[],False
49806fc25e5630aa,inventory.csv#7612,Fan,Fan,0.98,inventory.model,False,[],False
bb3a40d0740f452f,inventory.csv#7613,SFN_5040BL,SFN_5040BL,0.98,inventory.model,False,[],False
6e04f69d828bd026,inventory.csv#7614,TR828,TR828,0.98,inventory.model,False,[],False
0fd71219786a8fc3,inventory.csv#7615,SC-UltraSlimLine-Oscillating-Tower-Fan,SC-UltraSlimLine-Oscillating-Tower-Fan,0.98,inventory.model,False,[],False
2b69f3ee8e777aac,inventory.csv#7616,SC-UltraSlimLine-Oscillating-Tower-Fan-5-Buttons-EHF10119PB,SC-UltraSlimLine-Oscillating-Tower-Fan-5-Buttons-EHF10119PB,0.98,inventory.model,False,[],False
c4ba6849ef9e4014,inventory.csv#7617,SC-UltraSlimLine-Oscillating-Tower-Fan-Touch-Controls-EHF10201T,SC-UltraSlimLine-Oscillating-Tower-Fan-Touch-Controls-EHF10201T,0.98,inventory.model,False,[],False
0489e1e7c8dcdec1,inventory.csv#7618,SC-UltraSlimLine-Oscillating-Tower-Fan,SC-UltraSlimLine-Oscillating-Tower-Fan,0.98,inventory.model,False,[],False
c584c3583deabbbf,inventory.csv#7619,Fan-4333E,Fan-4333E,0.98,inventory.model,False,[],False
7901a46060a6eba2,inventory.csv#762,4_-1,4_-1,0.98,inventory.model,False,[],False
15fbde143a7229e0,inventory.csv#7620,FlexBreeze-FA22X,FlexBreeze-FA22X,0.98,inventory.model,False,[],False
2199f0839f223e4b,inventory.csv#7621,Fan_SHE40ST1801F,Fan_SHE40ST1801F,0.98,inventory.model,False,[],False
c236375eb59863d1,inventory.csv#7622,shinic_BP69D,shinic_BP69D,0.98,inventory.model,False,[],False
42ae62755539acff,inventory.csv#7623,fn_v750w,fn_v750w,0.98,inventory.model,False,[],False
6a7757646f9180be,inventory.csv#7624,SilverCrest_Fan,SilverCrest_Fan,0.98,inventory.model,False,[],False
2f17daaeaddd4bed,inventory.csv#7625,IFan14,IFan14,0.98,inventory.model,False,[],False
70e7304b8d72b236,inventory.csv#7626,Easy_Breezy,Easy_Breezy,0.98,inventory.model,False,[],False
4712aaefbd6c66fc,inventory.csv#7627,Wind_Breeze_2_in_1,Wind_Breeze_2_in_1,0.98,inventory.model,False,[],False
d4350ac92f5dac97,inventory.csv#7628,Peter,Peter,0.98,inventory.model,False,[],False
69ee089b6ef5bd54,inventory.csv#7629,TF001,TF001,0.98,inventory.model,False,[],False
1b6ba2c9c1b8733e,inventory.csv#763,12_-1,12_-1,0.98,inventory.model,False,[],False
bb245b5444eeb435,inventory.csv#7630,TT-TF009,TT-TF009,0.98,inventory.model,False,[],False
72d71d506910d7ba,inventory.csv#7631,Babel_RC,Babel_RC,0.98,inventory.model,False,[],False
54b35fa17f75420f,inventory.csv#7632,Fan,Fan,0.98,inventory.model,False,[],False
5b40343a5bb04abf,inventory.csv#7633,YH-32RA,YH-32RA,0.98,inventory.model,False,[],False
c1d26f78161f5afa,inventory.csv#7634,Essential_VF3910F0,Essential_VF3910F0,0.98,inventory.model,False,[],False
d48fed1e3e71720e,inventory.csv#7635,Fan_THEVL484K,Fan_THEVL484K,0.98,inventory.model,False,[],False
d21ee7e4d7445147,inventory.csv#7636,FWSA20,FWSA20,0.98,inventory.model,False,[],False
9338e7b54f98bf25,inventory.csv#7637,SKJ-CR021,SKJ-CR021,0.98,inventory.model,False,[],False
078cf64959b36976,inventory.csv#7638,UFESA-TW1700-OSLO-WIFI,UFESA-TW1700-OSLO-WIFI,0.98,inventory.model,False,[],False
95f681a86bf9040a,inventory.csv#7639,Fan_FZ10-19JR,Fan_FZ10-19JR,0.98,inventory.model,False,[],False
2c3d58292247c736,inventory.csv#764,12_251,12_251,0.98,inventory.model,False,[],False
b3224de1b057af02,inventory.csv#7640,VT1907,VT1907,0.98,inventory.model,False,[],False
3dd77447fafbf483,inventory.csv#7641,VT1931,VT1931,0.98,inventory.model,False,[],False
2ae07fb1713951ac,inventory.csv#7642,Vornado,Vornado,0.98,inventory.model,False,[],False
955524fa42b25645,inventory.csv#7643,279TR,279TR,0.98,inventory.model,False,[],False
fea7296124bfaca9,inventory.csv#7644,6303DC,6303DC,0.98,inventory.model,False,[],False
01267bb7c6da35dc,inventory.csv#7645,OSCR37,OSCR37,0.98,inventory.model,False,[],False
b61f1290d482f511,inventory.csv#7646,78095,78095,0.98,inventory.model,False,[],False
4ca7696154608c56,inventory.csv#7647,WooZoo,WooZoo,0.98,inventory.model,False,[],False
a8e494941538e32b,inventory.csv#7648,Fan,Fan,0.98,inventory.model,False,[],False
72c8f0a37ba76ca2,inventory.csv#7649,globe_fan,globe_fan,0.98,inventory.model,False,[],False
5138b7f784972ba9,inventory.csv#765,12_-1,12_-1,0.98,inventory.model,False,[],False
047df3ce041bd027,inventory.csv#7650,SC15T,SC15T,0.98,inventory.model,False,[],False
2f9c62998462e021,inventory.csv#7651,XPA360CF_Fan,XPA360CF_Fan,0.98,inventory.model,False,[],False
87611dd79a12d319,inventory.csv#7652,FIREPLACE,FIREPLACE,0.98,inventory.model,False,[],False
436df96ce0509d5e,inventory.csv#7653,Fireplace,Fireplace,0.98,inventory.model,False,[],False
f56368f2ad89dd13,inventory.csv#7654,W100-101,W100-101,0.98,inventory.model,False,[],False
58c2daf347fdeac1,inventory.csv#7655,Spectrafire,Spectrafire,0.98,inventory.model,False,[],False
5cfdfe8f7184dd28,inventory.csv#7656,Fireplace,Fireplace,0.98,inventory.model,False,[],False
cc1ac8754eb9ef16,inventory.csv#7657,Electric_Fireplace,Electric_Fireplace,0.98,inventory.model,False,[],False
bb7de22f3a8f3dda,inventory.csv#7658,Optiflame_Fireplace,Optiflame_Fireplace,0.98,inventory.model,False,[],False
b2ff6dac780a1c88,inventory.csv#7659,OPTIMYST_GOSFORD,OPTIMYST_GOSFORD,0.98,inventory.model,False,[],False
9d7f62c40477d8ba,inventory.csv#766,12_-1,12_-1,0.98,inventory.model,False,[],False
2a6512408ca165e8,inventory.csv#7660,AF510_Fireplace,AF510_Fireplace,0.98,inventory.model,False,[],False
97078acd099b9d18,inventory.csv#7661,Homday,Homday,0.98,inventory.model,False,[],False
fb1d7b042d8220e6,inventory.csv#7662,WCF28,WCF28,0.98,inventory.model,False,[],False
45156cd00ec425eb,inventory.csv#7663,Fireplace,Fireplace,0.98,inventory.model,False,[],False
dfc7fe8b5453979a,inventory.csv#7664,Pleasant_Hearth,Pleasant_Hearth,0.98,inventory.model,False,[],False
66a7eea5d4492e55,inventory.csv#7665,Vision_42_LED,Vision_42_LED,0.98,inventory.model,False,[],False
ec43673912763cfc,inventory.csv#7666,Electric_Fireplace-KDI-01,Electric_Fireplace-KDI-01,0.98,inventory.model,False,[],False
9a7fbf0cdbc79823,inventory.csv#7667,Twin_Star_Fireplace,Twin_Star_Fireplace,0.98,inventory.model,False,[],False
bfc0fa5e3a2fb37a,inventory.csv#7668,ClassicFire,ClassicFire,0.98,inventory.model,False,[],False
4c247894764aee46,inventory.csv#7669,HDFP86-47,HDFP86-47,0.98,inventory.model,False,[],False
17bd9936a0ae9d79,inventory.csv#767,12_-1,12_-1,0.98,inventory.model,False,[],False
cad7aecdcbcac1cc,inventory.csv#7670,HANDI_MOVE,HANDI_MOVE,0.98,inventory.model,False,[],False
516f6a2acf0041a2,inventory.csv#7671,SWR9,SWR9,0.98,inventory.model,False,[],False
68a4f8374371ea32,inventory.csv#7672,CDRadio,CDRadio,0.98,inventory.model,False,[],False
18cd5c200dba940b,inventory.csv#7673,RM-RK258,RM-RK258,0.98,inventory.model,False,[],False
86a352da01a420cd,inventory.csv#7674,QXE1044,QXE1044,0.98,inventory.model,False,[],False
d1b8edd4ffe79229,inventory.csv#7675,CP71W,CP71W,0.98,inventory.model,False,[],False
56926bc43a90ca99,inventory.csv#7676,CH226,CH226,0.98,inventory.model,False,[],False
865aec201654319a,inventory.csv#7677,ZE-82,ZE-82,0.98,inventory.model,False,[],False
c625e742e3d3692c,inventory.csv#7678,Heater,Heater,0.98,inventory.model,False,[],False
d872340547ed4e2f,inventory.csv#7679,Delonghi_heater,Delonghi_heater,0.98,inventory.model,False,[],False
db71e9296f5eab82,inventory.csv#768,12_-1,12_-1,0.98,inventory.model,False,[],False
1446df8092a93739,inventory.csv#7680, DVPH1200B _Patio_Heater,DVPH1200B _Patio_Heater,0.98,inventory.model,False,[],False
f865ae9981a90afc,inventory.csv#7681,Dr_heater_infrared,Dr_heater_infrared,0.98,inventory.model,False,[],False
1c2f5b897dc2d5f2,inventory.csv#7682,Heater,Heater,0.98,inventory.model,False,[],False
99d11b16d0ded435,inventory.csv#7683,space_heater,space_heater,0.98,inventory.model,False,[],False
46efa69f2469a8c0,inventory.csv#7684,Heater,Heater,0.98,inventory.model,False,[],False
fe300f8cf77e8f68,inventory.csv#7685,Edenpure_RPE1500_A5093,Edenpure_RPE1500_A5093,0.98,inventory.model,False,[],False
c6d0843f800ca61c,inventory.csv#7686,Heater,Heater,0.98,inventory.model,False,[],False
ed93dd5207d52df9,inventory.csv#7687,Air_Curtain,Air_Curtain,0.98,inventory.model,False,[],False
1dd5f03af4fdb9a6,inventory.csv#7688,Hampton_Bay_EST-540T-40R,Hampton_Bay_EST-540T-40R,0.98,inventory.model,False,[],False
315fb7b2c3342ef7,inventory.csv#7689,Heater,Heater,0.98,inventory.model,False,[],False
571d28f29c9c42bf,inventory.csv#769,12_-1,12_-1,0.98,inventory.model,False,[],False
947c435c64734bed,inventory.csv#7690,360_Heater,360_Heater,0.98,inventory.model,False,[],False
aeaf5366a4a468a4,inventory.csv#7691,HCE323V,HCE323V,0.98,inventory.model,False,[],False
ae0b802e1c8d0b45,inventory.csv#7692,Kamin,Kamin,0.98,inventory.model,False,[],False
9a5dc12040b5dde5,inventory.csv#7693,GD921BCP_4JR_Heater,GD921BCP_4JR_Heater,0.98,inventory.model,False,[],False
6281dad966f5a16d,inventory.csv#7694,Digital_Oil_Filled_Heater,Digital_Oil_Filled_Heater,0.98,inventory.model,False,[],False
024208c6f6f5cae8,inventory.csv#7695,5586,5586,0.98,inventory.model,False,[],False
c0c5b9f2346862e1,inventory.csv#7696,6462_Space_Heater,6462_Space_Heater,0.98,inventory.model,False,[],False
3adb3638e23f98bf,inventory.csv#7697,CC23630,CC23630,0.98,inventory.model,False,[],False
319318eff09d531f,inventory.csv#7698,CT22445,CT22445,0.98,inventory.model,False,[],False
c747a1c88c32fa3d,inventory.csv#7699,CT22835,CT22835,0.98,inventory.model,False,[],False
7817c6a7d49a79c7,inventory.csv#77,110_0,110_0,0.98,inventory.model,False,[],False
dac578d820566c15,inventory.csv#770,12_-1,12_-1,0.98,inventory.model,False,[],False
25fbb42e7e3dadbd,inventory.csv#7700,Heater,Heater,0.98,inventory.model,False,[],False
2e2c7c76f85d8bac,inventory.csv#7701,hnc_2500e,hnc_2500e,0.98,inventory.model,False,[],False
cec3c4497556195b,inventory.csv#7702,208220,208220,0.98,inventory.model,False,[],False
b2942f94b081ae19,inventory.csv#7703,MHC35BL,MHC35BL,0.98,inventory.model,False,[],False
8693fb1c4d9ceefc,inventory.csv#7704,RRE_1310_A,RRE_1310_A,0.98,inventory.model,False,[],False
4b7de654d393945a,inventory.csv#7705,SpaceHeater,SpaceHeater,0.98,inventory.model,False,[],False
66f3e298de63ce7e,inventory.csv#7706,RTH-2778RT,RTH-2778RT,0.98,inventory.model,False,[],False
8dd43a76a1e8a067,inventory.csv#7707,SFH_9013,SFH_9013,0.98,inventory.model,False,[],False
88b5fb7d5378e183,inventory.csv#7708,SKD_2300_D4,SKD_2300_D4,0.98,inventory.model,False,[],False
b4c34eae8731815b,inventory.csv#7709,Heater_AWRH,Heater_AWRH,0.98,inventory.model,False,[],False
3e7cd266ada37393,inventory.csv#771,0_0,0_0,0.98,inventory.model,False,[],False
df198de97a8121af,inventory.csv#7710,Deerma DEM-LD6,Deerma DEM-LD6,0.98,inventory.model,False,[],False
7cb887eed17cb025,inventory.csv#7711,Humidifier_AM10,Humidifier_AM10,0.98,inventory.model,False,[],False
d845272b48808444,inventory.csv#7712,Purifier_Humidify_Cool_Formaldehyde,Purifier_Humidify_Cool_Formaldehyde,0.98,inventory.model,False,[],False
cc02c4abcc52cb3d,inventory.csv#7713,SH8820_Humid,SH8820_Humid,0.98,inventory.model,False,[],False
a6eeabf6836d47db,inventory.csv#7714,humidifier,humidifier,0.98,inventory.model,False,[],False
27b1043ea14f3755,inventory.csv#7715,ARM-720A_Ellia_Essential_Diffuser,ARM-720A_Ellia_Essential_Diffuser,0.98,inventory.model,False,[],False
a9106c3c0cbedbf0,inventory.csv#7716,Humidifier,Humidifier,0.98,inventory.model,False,[],False
efd5e2502961c64d,inventory.csv#7717,HoMedics_TotalComfort,HoMedics_TotalComfort,0.98,inventory.model,False,[],False
94c53c59bb27969b,inventory.csv#7718,Humidifier,Humidifier,0.98,inventory.model,False,[],False
3456a8dbb71e3ed7,inventory.csv#7719,LV6S,LV6S,0.98,inventory.model,False,[],False
cf68c830bb907815,inventory.csv#772,15_-1,15_-1,0.98,inventory.model,False,[],False
39f322a0fc069b09,inventory.csv#7720,mh_602brc,mh_602brc,0.98,inventory.model,False,[],False
557a86d40b9bed80,inventory.csv#7721,ProBreese_PB_F13B_US_Dehumid,ProBreese_PB_F13B_US_Dehumid,0.98,inventory.model,False,[],False
ee9f8754496d5df0,inventory.csv#7722,Humidifier,Humidifier,0.98,inventory.model,False,[],False
d38b3b9add2dd493,inventory.csv#7723,Flame_humidifier,Flame_humidifier,0.98,inventory.model,False,[],False
c01b43ea31307528,inventory.csv#7724,B005-HUA4,B005-HUA4,0.98,inventory.model,False,[],False
b0719fdef9a5799f,inventory.csv#7725,LaserActive_CU-CLD085,LaserActive_CU-CLD085,0.98,inventory.model,False,[],False
fc6d41e7c1574384,inventory.csv#7726,CU-DV027,CU-DV027,0.98,inventory.model,False,[],False
00cf80280e24eda7,inventory.csv#7727,Elite_CLD_99,Elite_CLD_99,0.98,inventory.model,False,[],False
74a5b63bce422f41,inventory.csv#7728,UC-IR,UC-IR,0.98,inventory.model,False,[],False
cdf3d2413e63ad5b,inventory.csv#7729,NorthernLights,NorthernLights,0.98,inventory.model,False,[],False
a9938d30f0f2dacd,inventory.csv#773,1_0,1_0,0.98,inventory.model,False,[],False
0ca13d09aa686a3d,inventory.csv#7730,AIRUEEK_Sonic_LED_Lamp,AIRUEEK_Sonic_LED_Lamp,0.98,inventory.model,False,[],False
4bb7127b3fff0348,inventory.csv#7731,LED_Lights,LED_Lights,0.98,inventory.model,False,[],False
fb2f4dd7379463b2,inventory.csv#7732,LED,LED,0.98,inventory.model,False,[],False
145c86fc5e90fa36,inventory.csv#7733,Neon_Flex_Light,Neon_Flex_Light,0.98,inventory.model,False,[],False
b49bc94650e51a4d,inventory.csv#7734,Antizer_Flameless_Candles,Antizer_Flameless_Candles,0.98,inventory.model,False,[],False
7e6c3a640bd69e71,inventory.csv#7735,BRSW04,BRSW04,0.98,inventory.model,False,[],False
7b75d7e3efeb3ef6,inventory.csv#7736,LVX964,LVX964,0.98,inventory.model,False,[],False
3928adeccdfd06bd,inventory.csv#7737,Europa_21in_chrome,Europa_21in_chrome,0.98,inventory.model,False,[],False
3b075a81b68f4bd6,inventory.csv#7738,AuraGlowLED,AuraGlowLED,0.98,inventory.model,False,[],False
587a1dc7e2b4e713,inventory.csv#7739,ColorStrip,ColorStrip,0.98,inventory.model,False,[],False
b68a806a12176c19,inventory.csv#774,0_0,0_0,0.98,inventory.model,False,[],False
6e57ead6916f7f63,inventory.csv#7740,LED_Light_Strip,LED_Light_Strip,0.98,inventory.model,False,[],False
4336ba2d1d39f36b,inventory.csv#7741,LED,LED,0.98,inventory.model,False,[],False
572a8c9c8ba837b6,inventory.csv#7742,ShowBar_Laser,ShowBar_Laser,0.98,inventory.model,False,[],False
c2647d8e3269f2d9,inventory.csv#7743,Skynight,Skynight,0.98,inventory.model,False,[],False
ce818528b7e85570,inventory.csv#7744,DJ_LEDPAR_7x10W_5in1,DJ_LEDPAR_7x10W_5in1,0.98,inventory.model,False,[],False
9456d9a1e4fc7985,inventory.csv#7745,ring_1,ring_1,0.98,inventory.model,False,[],False
d7057cc7db2f68a4,inventory.csv#7746,14118006L,14118006L,0.98,inventory.model,False,[],False
18a04115c8263e84,inventory.csv#7747,BN254818,BN254818,0.98,inventory.model,False,[],False
f8cf001e476bdfef,inventory.csv#7748,Ceiling_Light,Ceiling_Light,0.98,inventory.model,False,[],False
a88054c8fe80d6dc,inventory.csv#7749,leuchten,leuchten,0.98,inventory.model,False,[],False
34b776bccee571af,inventory.csv#775,0_1,0_1,0.98,inventory.model,False,[],False
60183925c368ac1d,inventory.csv#7750,Leuchten_14133506L,Leuchten_14133506L,0.98,inventory.model,False,[],False
b3670222a826da44,inventory.csv#7751,Leuchten_LED,Leuchten_LED,0.98,inventory.model,False,[],False
4267dbab253c7dba,inventory.csv#7752,LED_Ceiling_Light_Briloner_Leuchten,LED_Ceiling_Light_Briloner_Leuchten,0.98,inventory.model,False,[],False
b0a535f8ef39894d,inventory.csv#7753,Brizled_Christmas_Icicle_Lights,Brizled_Christmas_Icicle_Lights,0.98,inventory.model,False,[],False
e4c169cced6d7bb4,inventory.csv#7754,Puck_Lights,Puck_Lights,0.98,inventory.model,False,[],False
4edbd004b522001e,inventory.csv#7755,LED_strip,LED_strip,0.98,inventory.model,False,[],False
8593f986810d1181,inventory.csv#7756,CLPFLAT1REMOTE,CLPFLAT1REMOTE,0.98,inventory.model,False,[],False
675446f7492dabfe,inventory.csv#7757,CandleChoice,CandleChoice,0.98,inventory.model,False,[],False
ecd27750314536a4,inventory.csv#7758,SRSOL509040,SRSOL509040,0.98,inventory.model,False,[],False
63a3c5115d26fa73,inventory.csv#7759,ChauvetDJ_IRC6,ChauvetDJ_IRC6,0.98,inventory.model,False,[],False
ff533d28985ec913,inventory.csv#776,0_12,0_12,0.98,inventory.model,False,[],False
c24662ea898b1d98,inventory.csv#7760,COM-T070,COM-T070,0.98,inventory.model,False,[],False
e267b4d92833aa3a,inventory.csv#7761,LED,LED,0.98,inventory.model,False,[],False
feb8c4205d4d7472,inventory.csv#7762,LED_Lamp,LED_Lamp,0.98,inventory.model,False,[],False
c7f67674800bd4df,inventory.csv#7763,LED,LED,0.98,inventory.model,False,[],False
e441e664cb0a8eb8,inventory.csv#7764,17FL0102,17FL0102,0.98,inventory.model,False,[],False
39fea415fb119091,inventory.csv#7765,FB-00001,FB-00001,0.98,inventory.model,False,[],False
7a01f73e08dea9d0,inventory.csv#7766,MP12ECOLOR,MP12ECOLOR,0.98,inventory.model,False,[],False
013334be46dfd18a,inventory.csv#7767,100LT_Fairy_Lights,100LT_Fairy_Lights,0.98,inventory.model,False,[],False
7c5e1a145b761677,inventory.csv#7768,LED_Light_ECOLITE_HB333,LED_Light_ECOLITE_HB333,0.98,inventory.model,False,[],False
d0dc96fbdc0f837b,inventory.csv#7769,light,light,0.98,inventory.model,False,[],False
51408f6adbe4ff89,inventory.csv#777,0_2,0_2,0.98,inventory.model,False,[],False
b6bf2f589a8065b8,inventory.csv#7770,NH303UD,NH303UD,0.98,inventory.model,False,[],False
fb6affcec841dd77,inventory.csv#7771,LED_SOLAR_PI1901,LED_SOLAR_PI1901,0.98,inventory.model,False,[],False
da6b53b896b3eb6d,inventory.csv#7772,AL5000_Starlight,AL5000_Starlight,0.98,inventory.model,False,[],False
a29e2090b76b9d30,inventory.csv#7773,FlarX,FlarX,0.98,inventory.model,False,[],False
b13ad0832efbe148,inventory.csv#7774,RGB_CONTROLLER_5050SMD,RGB_CONTROLLER_5050SMD,0.98,inventory.model,False,[],False
04d5fca7b5acc6b9,inventory.csv#7775,Connor_Ceiling_LED_Lamp,Connor_Ceiling_LED_Lamp,0.98,inventory.model,False,[],False
f12c5a480e655547,inventory.csv#7776,Christmas_lights_Gp,Christmas_lights_Gp,0.98,inventory.model,False,[],False
f7446beef73ff0b7,inventory.csv#7777,GoldenPower_XmasLights,GoldenPower_XmasLights,0.98,inventory.model,False,[],False
38f452a9221a32a8,inventory.csv#7778,Striplights,Striplights,0.98,inventory.model,False,[],False
48b0ad4d06f59dfe,inventory.csv#7779,TV_Backlights,TV_Backlights,0.98,inventory.model,False,[],False
a30e2fbc0d3abf9d,inventory.csv#778,0_3,0_3,0.98,inventory.model,False,[],False
31d71d5ffbd04827,inventory.csv#7780,Saturn_LED_Lamp,Saturn_LED_Lamp,0.98,inventory.model,False,[],False
436112181db552c7,inventory.csv#7781,Astronaut_Star_Projector,Astronaut_Star_Projector,0.98,inventory.model,False,[],False
759350efc0a240ca,inventory.csv#7782,HomeMostLight,HomeMostLight,0.98,inventory.model,False,[],False
e8247200beb43250,inventory.csv#7783,LED,LED,0.98,inventory.model,False,[],False
461c5aa83a2cac27,inventory.csv#7784,300LED_Fairy_Curtain_Lights,300LED_Fairy_Curtain_Lights,0.98,inventory.model,False,[],False
6cf762360039d5d5,inventory.csv#7785,iDual,iDual,0.98,inventory.model,False,[],False
3f1bf3146ebcca24,inventory.csv#7786,JEDI_Lighting_LED_Light,JEDI_Lighting_LED_Light,0.98,inventory.model,False,[],False
60175f5f33e3971b,inventory.csv#7787,HolidayPartyPlus,HolidayPartyPlus,0.98,inventory.model,False,[],False
b3002774d79b3f2f,inventory.csv#7788,UNKOWN,UNKOWN,0.98,inventory.model,False,[],False
cf43a17e6222bd73,inventory.csv#7789,Quechua_Camping_Lamp_Click,Quechua_Camping_Lamp_Click,0.98,inventory.model,False,[],False
a7b382c64bf946de,inventory.csv#779,0_31,0_31,0.98,inventory.model,False,[],False
9a489a8191141e36,inventory.csv#7790,10-key_Candle,10-key_Candle,0.98,inventory.model,False,[],False
65cc188cf9cc86de,inventory.csv#7791,Kristjan_LED_candle,Kristjan_LED_candle,0.98,inventory.model,False,[],False
9752461a31679f8a,inventory.csv#7792,Led_lights,Led_lights,0.98,inventory.model,False,[],False
d484a4bad5af055c,inventory.csv#7793,Solar_LED_Light,Solar_LED_Light,0.98,inventory.model,False,[],False
8c56e8e5390e3c5f,inventory.csv#7794,Jelly_Lamp,Jelly_Lamp,0.98,inventory.model,False,[],False
0138f38387e998f9,inventory.csv#7795,333SolarLedLight,333SolarLedLight,0.98,inventory.model,False,[],False
e03c3ca1b0ade8bd,inventory.csv#7796,LM030008-1,LM030008-1,0.98,inventory.model,False,[],False
2a24e43bea5d5b7c,inventory.csv#7797,LED_Lights,LED_Lights,0.98,inventory.model,False,[],False
0df4fe854691dd6c,inventory.csv#7798,Koopower_hg4011_LED_Light_String,Koopower_hg4011_LED_Light_String,0.98,inventory.model,False,[],False
a326526fbea1107b,inventory.csv#7799,LED_Lights,LED_Lights,0.98,inventory.model,False,[],False
704ccdac3c462ac5,inventory.csv#78,110_0,110_0,0.98,inventory.model,False,[],False
4dad5c2d114bcda9,inventory.csv#780,0_4,0_4,0.98,inventory.model,False,[],False
d5b2a8acd6adb6c2,inventory.csv#7800,RGB_LED,RGB_LED,0.98,inventory.model,False,[],False
4ddeb3ea60595849,inventory.csv#7801,RGB_LED_full,RGB_LED_full,0.98,inventory.model,False,[],False
d104566fda0c69ce,inventory.csv#7802,LINAHI_NO_80_1200CH,LINAHI_NO_80_1200CH,0.98,inventory.model,False,[],False
74ee8d47a63ca8e6,inventory.csv#7803,LOLA_LED,LOLA_LED,0.98,inventory.model,False,[],False
abbe7a457bb06ce7,inventory.csv#7804,Remote_XT-RC1,Remote_XT-RC1,0.98,inventory.model,False,[],False
764bc3ad1ea4128a,inventory.csv#7805,Candle1,Candle1,0.98,inventory.model,False,[],False
96630124703cd60e,inventory.csv#7806,Candle2,Candle2,0.98,inventory.model,False,[],False
34a17cb336a5bf81,inventory.csv#7807,Candle,Candle,0.98,inventory.model,False,[],False
8bf35663d14f6f8e,inventory.csv#7808,Luminarte,Luminarte,0.98,inventory.model,False,[],False
9f85b17d2be2fcde,inventory.csv#7809,Candle,Candle,0.98,inventory.model,False,[],False
a7eaa6f477c0dac1,inventory.csv#781,0_5,0_5,0.98,inventory.model,False,[],False
2560509655293d52,inventory.csv#7810,LED_MONSTER_BASICS,LED_MONSTER_BASICS,0.98,inventory.model,False,[],False
814b48ecb5f3ff2b,inventory.csv#7811,Monster_Color_Flow_Neon,Monster_Color_Flow_Neon,0.98,inventory.model,False,[],False
41967bbdddf63bde,inventory.csv#7812,Monster_LED_Touch_Light,Monster_LED_Touch_Light,0.98,inventory.model,False,[],False
5044a79969189734,inventory.csv#7813,LED,LED,0.98,inventory.model,False,[],False
930a672e1f4d4af5,inventory.csv#7814,LED_PROTECTOR,LED_PROTECTOR,0.98,inventory.model,False,[],False
2ed2f0f2cfae24c3,inventory.csv#7815,Grow_Light_100w,Grow_Light_100w,0.98,inventory.model,False,[],False
038b64547c242045,inventory.csv#7816,nw_22b,nw_22b,0.98,inventory.model,False,[],False
af71bcaec2daac70,inventory.csv#7817,Leuchten_Direkt,Leuchten_Direkt,0.98,inventory.model,False,[],False
3b287aa4a66a4ced,inventory.csv#7818,Leuchten_Direkt_LOLA,Leuchten_Direkt_LOLA,0.98,inventory.model,False,[],False
2a1726a2b0e46a2a,inventory.csv#7819,Leuchten_Direkt_sparkle_LED,Leuchten_Direkt_sparkle_LED,0.98,inventory.model,False,[],False
cca5db309a4f92ad,inventory.csv#782,0_6,0_6,0.98,inventory.model,False,[],False
63d555fed2371436,inventory.csv#7820,LED,LED,0.98,inventory.model,False,[],False
f0d9de17c8e9ba1c,inventory.csv#7821,LED_STRING_LIGHTS,LED_STRING_LIGHTS,0.98,inventory.model,False,[],False
3c19cd44a2a6bc3f,inventory.csv#7822,Chain,Chain,0.98,inventory.model,False,[],False
de8a2d3baa5bfdad,inventory.csv#7823,HG29V212C,HG29V212C,0.98,inventory.model,False,[],False
9e4683c904441625,inventory.csv#7824,LED,LED,0.98,inventory.model,False,[],False
e508b7041bc8b770,inventory.csv#7825,ONN_LED,ONN_LED,0.98,inventory.model,False,[],False
14dbecfcba114041,inventory.csv#7826,sunset_lamp,sunset_lamp,0.98,inventory.model,False,[],False
983a046a2b3419f6,inventory.csv#7827,Oshine_Flameles_Candles,Oshine_Flameles_Candles,0.98,inventory.model,False,[],False
272aecd797409e0c,inventory.csv#7828,24_Button_LED,24_Button_LED,0.98,inventory.model,False,[],False
dcc1c8b8b0c72a94,inventory.csv#7829,Strip_Lights,Strip_Lights,0.98,inventory.model,False,[],False
dd9cd134300760f2,inventory.csv#783,0_7,0_7,0.98,inventory.model,False,[],False
8040181fb96b299f,inventory.csv#7830,HK9494_LED,HK9494_LED,0.98,inventory.model,False,[],False
f8f45416d95b1c8b,inventory.csv#7831,PBUM11070_RGB_Bulb_7w,PBUM11070_RGB_Bulb_7w,0.98,inventory.model,False,[],False
716364b80e6c3df0,inventory.csv#7832,LED,LED,0.98,inventory.model,False,[],False
b85c5c353db9fcd5,inventory.csv#7833,fairy_lights,fairy_lights,0.98,inventory.model,False,[],False
d3b59e1f19325632,inventory.csv#7834,all_colors,all_colors,0.98,inventory.model,False,[],False
8f51aa1d8f21f4c5,inventory.csv#7835,main,main,0.98,inventory.model,False,[],False
f6cd743fd24d8a35,inventory.csv#7836,special,special,0.98,inventory.model,False,[],False
d254062b26963d00,inventory.csv#7837,Meteor_VI,Meteor_VI,0.98,inventory.model,False,[],False
2212f6e45e100d06,inventory.csv#7838,LUMIPARIRCH,LUMIPARIRCH,0.98,inventory.model,False,[],False
a635e3843b8a82b6,inventory.csv#7839,Sooair_Puck_LED,Sooair_Puck_LED,0.98,inventory.model,False,[],False
0aaf81a48f54fba1,inventory.csv#784,15_-1,15_-1,0.98,inventory.model,False,[],False
a62aa341ec66786e,inventory.csv#7840,Pumpkin Lights,Pumpkin Lights,0.98,inventory.model,False,[],False
432ec1306aa284a1,inventory.csv#7841,Qtx_led_par,Qtx_led_par,0.98,inventory.model,False,[],False
45a5622cf2f9f5ee,inventory.csv#7842,Rusta_Xmas_Candle,Rusta_Xmas_Candle,0.98,inventory.model,False,[],False
cc5ea2091feff794,inventory.csv#7843,Flameless_Candles,Flameless_Candles,0.98,inventory.model,False,[],False
a69ebd883224de98,inventory.csv#7844,LED,LED,0.98,inventory.model,False,[],False
34ddc166e5a50776,inventory.csv#7845,Sunset_Lamp,Sunset_Lamp,0.98,inventory.model,False,[],False
e1df3cf0d911ab0e,inventory.csv#7846,24_Button_LED,24_Button_LED,0.98,inventory.model,False,[],False
8ed61ac4105a4e96,inventory.csv#7847,LED,LED,0.98,inventory.model,False,[],False
0c6955d534711d53,inventory.csv#7848,TiL_LED_24W,TiL_LED_24W,0.98,inventory.model,False,[],False
3f836330e700515d,inventory.csv#7849,A60BHV-RGB_LightBulb,A60BHV-RGB_LightBulb,0.98,inventory.model,False,[],False
e89482cb84eecf22,inventory.csv#785,16_0,16_0,0.98,inventory.model,False,[],False
d5914dcb2396b040,inventory.csv#7850,basicDIM_DCG_PROGRAMMER,basicDIM_DCG_PROGRAMMER,0.98,inventory.model,False,[],False
fda5d95690909737,inventory.csv#7851,REMOTECONTROL_IR6,REMOTECONTROL_IR6,0.98,inventory.model,False,[],False
9aefb466d2271738,inventory.csv#7852,all_models,all_models,0.98,inventory.model,False,[],False
0a55aeb5631257d1,inventory.csv#7853,Sunset_LED_Lamp,Sunset_LED_Lamp,0.98,inventory.model,False,[],False
eff76bf1e4df99d6,inventory.csv#7854,Light_Oria,Light_Oria,0.98,inventory.model,False,[],False
2a9ed038264e5a97,inventory.csv#7855,Tween_light,Tween_light,0.98,inventory.model,False,[],False
bd3f38290bde547f,inventory.csv#7856,Tzumi_Auraled_Colorstrip_12ft,Tzumi_Auraled_Colorstrip_12ft,0.98,inventory.model,False,[],False
1b105968d68ea140,inventory.csv#7857,AuraLED,AuraLED,0.98,inventory.model,False,[],False
3ad4645cd77b4b49,inventory.csv#7858,LED_Colorbar,LED_Colorbar,0.98,inventory.model,False,[],False
f05825ab74b239b2,inventory.csv#7859,UFO_Sunset_Lamp,UFO_Sunset_Lamp,0.98,inventory.model,False,[],False
ce5d8558b87a0248,inventory.csv#786,1_0,1_0,0.98,inventory.model,False,[],False
dcd29486bfc646e5,inventory.csv#7860,44_Button_Generic_LED,44_Button_Generic_LED,0.98,inventory.model,False,[],False
f2ae89351ba559af,inventory.csv#7861,44_Button_LED,44_Button_LED,0.98,inventory.model,False,[],False
ae6ecf01427515fd,inventory.csv#7862,44_LED_Strip,44_LED_Strip,0.98,inventory.model,False,[],False
b1179f57c78deb38,inventory.csv#7863,Christmastree_candle,Christmastree_candle,0.98,inventory.model,False,[],False
b174f4eacc51e1f0,inventory.csv#7864,Closet_LED_3W,Closet_LED_3W,0.98,inventory.model,False,[],False
9f3c7aacaf2ca5cc,inventory.csv#7865,Color_Change_Bulb_Remote,Color_Change_Bulb_Remote,0.98,inventory.model,False,[],False
28a7b6ea1ab2d339,inventory.csv#7866,Conzept_LED_VoksKogle,Conzept_LED_VoksKogle,0.98,inventory.model,False,[],False
b4acc3e3539d68b1,inventory.csv#7867,DMX_Light,DMX_Light,0.98,inventory.model,False,[],False
c7707a86efe15765,inventory.csv#7868,Generic_LED_light_strip,Generic_LED_light_strip,0.98,inventory.model,False,[],False
7513d1509f99fe19,inventory.csv#7869,LED_44Key,LED_44Key,0.98,inventory.model,False,[],False
e8e9e86cb6b6e258,inventory.csv#787,1_1,1_1,0.98,inventory.model,False,[],False
10a6167afbe65f1c,inventory.csv#7870,LED_Cat,LED_Cat,0.98,inventory.model,False,[],False
451829fd8217d93c,inventory.csv#7871,LED_Curtain,LED_Curtain,0.98,inventory.model,False,[],False
89995b843d704a04,inventory.csv#7872,LED_Disco_Light,LED_Disco_Light,0.98,inventory.model,False,[],False
a94de07b45122f94,inventory.csv#7873,LED_Generic,LED_Generic,0.98,inventory.model,False,[],False
542be31f4a071142,inventory.csv#7874,LED_Lightbar,LED_Lightbar,0.98,inventory.model,False,[],False
cece59ad39828d5e,inventory.csv#7875,Led_Remote,Led_Remote,0.98,inventory.model,False,[],False
35374392c0235efb,inventory.csv#7876,LED_RGB,LED_RGB,0.98,inventory.model,False,[],False
ba0b4cbe415d8963,inventory.csv#7877,LED_Sign,LED_Sign,0.98,inventory.model,False,[],False
cd69e7723c62e582,inventory.csv#7878,LEDStrip,LEDStrip,0.98,inventory.model,False,[],False
c1d07f250a6a3fec,inventory.csv#7879,Light_Strip,Light_Strip,0.98,inventory.model,False,[],False
89482015294ad2df,inventory.csv#788,1_12,1_12,0.98,inventory.model,False,[],False
22704d0a8be60c2e,inventory.csv#7880,Magic_Lighting_Remote,Magic_Lighting_Remote,0.98,inventory.model,False,[],False
d4dba5e25e286d62,inventory.csv#7881,mlambert_rope_light,mlambert_rope_light,0.98,inventory.model,False,[],False
eb49f50619bee152,inventory.csv#7882,Moon_Lamp,Moon_Lamp,0.98,inventory.model,False,[],False
cdd61031689789b7,inventory.csv#7883,Neon_LED,Neon_LED,0.98,inventory.model,False,[],False
9dd4cf9ecbb6e72f,inventory.csv#7884,nightlampRGB,nightlampRGB,0.98,inventory.model,False,[],False
b45f9f93c8992217,inventory.csv#7885,Practical_Series_2,Practical_Series_2,0.98,inventory.model,False,[],False
30638c3ab874684d,inventory.csv#7886,RGB,RGB,0.98,inventory.model,False,[],False
ecd3bd02bd00f714,inventory.csv#7887,RGB_Lightbulb_NoName,RGB_Lightbulb_NoName,0.98,inventory.model,False,[],False
f44f36eb54efc389,inventory.csv#7888,Submersible_LED_Light,Submersible_LED_Light,0.98,inventory.model,False,[],False
9d9595639eb16834,inventory.csv#7889,Sunlamp,Sunlamp,0.98,inventory.model,False,[],False
0728695bf365c096,inventory.csv#789,1_2,1_2,0.98,inventory.model,False,[],False
5a6ed4cba6b8d58b,inventory.csv#7890,Unknown_LED_remote,Unknown_LED_remote,0.98,inventory.model,False,[],False
5b05fd9623af7cd2,inventory.csv#7891,VT5050_LED_Strip,VT5050_LED_Strip,0.98,inventory.model,False,[],False
b64221d78e5da7c9,inventory.csv#7892,Lightme_LED_Bulb,Lightme_LED_Bulb,0.98,inventory.model,False,[],False
1edc32970e30fa01,inventory.csv#7893,Light_Bulb,Light_Bulb,0.98,inventory.model,False,[],False
35e1ffb47572a95c,inventory.csv#7894,RGB,RGB,0.98,inventory.model,False,[],False
aaaea3ce0c623eb9,inventory.csv#7895,XTREME_3_2FT_LED_strip,XTREME_3_2FT_LED_strip,0.98,inventory.model,False,[],False
e36e58f3a7938531,inventory.csv#7896,Pioneer_CU-MJO11,Pioneer_CU-MJO11,0.98,inventory.model,False,[],False
eef2b40a9667eb26,inventory.csv#7897,Sony_RM-D10E,Sony_RM-D10E,0.98,inventory.model,False,[],False
9bb4f1fe7b160ee5,inventory.csv#7898,3d_clock,3d_clock,0.98,inventory.model,False,[],False
6017637848577a58,inventory.csv#7899,3d_clock_color,3d_clock_color,0.98,inventory.model,False,[],False
94eced9229ebdbd0,inventory.csv#79,110_0,110_0,0.98,inventory.model,False,[],False
580c2d6a9e0072db,inventory.csv#790,1_3,1_3,0.98,inventory.model,False,[],False
212eef893e7ea0e8,inventory.csv#7900,Stairlift,Stairlift,0.98,inventory.model,False,[],False
bf6d4f7b476057ce,inventory.csv#7901,Advance_FM_Transmit,Advance_FM_Transmit,0.98,inventory.model,False,[],False
7013165b2669a7e3,inventory.csv#7902,AEG_Haube_Cooker_Hood,AEG_Haube_Cooker_Hood,0.98,inventory.model,False,[],False
8f2cc6b5b8331b77,inventory.csv#7903,Ami_jukebox,Ami_jukebox,0.98,inventory.model,False,[],False
7cf7aec9b215303f,inventory.csv#7904,Jukebox_Full,Jukebox_Full,0.98,inventory.model,False,[],False
d831d5f1300d349d,inventory.csv#7905,JukeboxVolume,JukeboxVolume,0.98,inventory.model,False,[],False
901f7943f9a470a8,inventory.csv#7906,spirit,spirit,0.98,inventory.model,False,[],False
3651cc2d3649f97f,inventory.csv#7907,AD206_Microscope,AD206_Microscope,0.98,inventory.model,False,[],False
91fd9b3c3ef964af,inventory.csv#7908,JXD_021,JXD_021,0.98,inventory.model,False,[],False
73ebcc73a32bf1a3,inventory.csv#7909,Argon_IR,Argon_IR,0.98,inventory.model,False,[],False
c7abf79846fd6bb2,inventory.csv#791,1_4,1_4,0.98,inventory.model,False,[],False
0efe77c5a699a074,inventory.csv#7910,Extreme_Q,Extreme_Q,0.98,inventory.model,False,[],False
39f1de33c3967592,inventory.csv#7911,XQ2,XQ2,0.98,inventory.model,False,[],False
c8e520748728df14,inventory.csv#7912,AVer_RM-N6_Document_Cam,AVer_RM-N6_Document_Cam,0.98,inventory.model,False,[],False
bf02f01b418210ed,inventory.csv#7913,avstar_hdmi_splitter_switch,avstar_hdmi_splitter_switch,0.98,inventory.model,False,[],False
acff1b3c5d5fdb01,inventory.csv#7914,Byte3_Fanless_MiniPC,Byte3_Fanless_MiniPC,0.98,inventory.model,False,[],False
1348feccb5d2d687,inventory.csv#7915,Byte4_Fanless_MiniPC,Byte4_Fanless_MiniPC,0.98,inventory.model,False,[],False
4262e14f4667c553,inventory.csv#7916,Inspire_Fanless_MiniPC,Inspire_Fanless_MiniPC,0.98,inventory.model,False,[],False
d85d42e9ab592a39,inventory.csv#7917,Berbel_Skyline_2011,Berbel_Skyline_2011,0.98,inventory.model,False,[],False
2f3e499fc3eac4ec,inventory.csv#7918,Bidet_USPA_6800,Bidet_USPA_6800,0.98,inventory.model,False,[],False
1081fc0f6acfa587,inventory.csv#7919,Classic_15_Aquarium,Classic_15_Aquarium,0.98,inventory.model,False,[],False
934aa7cb47c8a477,inventory.csv#792,1_5,1_5,0.98,inventory.model,False,[],False
7301745edcb8f8d6,inventory.csv#7920,OE-BT_V2.0_Amp,OE-BT_V2.0_Amp,0.98,inventory.model,False,[],False
1da87e86ddf4338d,inventory.csv#7921,Climate_German,Climate_German,0.98,inventory.model,False,[],False
91a43b8415a9f2c8,inventory.csv#7922,HDMI-5-to-1-Switch,HDMI-5-to-1-Switch,0.98,inventory.model,False,[],False
9e5132081ebf7fdc,inventory.csv#7923,HDMI_Switch,HDMI_Switch,0.98,inventory.model,False,[],False
91a1def21cfc06aa,inventory.csv#7924,LED_Candles,LED_Candles,0.98,inventory.model,False,[],False
805a5c73db7fc406,inventory.csv#7925,Rgb_magic_lighting,Rgb_magic_lighting,0.98,inventory.model,False,[],False
478f60dbf1fa8121,inventory.csv#7926,Star_projector,Star_projector,0.98,inventory.model,False,[],False
6913861d7e1b8fc7,inventory.csv#7927,YN-01_hdmi,YN-01_hdmi,0.98,inventory.model,False,[],False
d5a09effb097166a,inventory.csv#7928,CabelasGun1,CabelasGun1,0.98,inventory.model,False,[],False
d03410217139adb4,inventory.csv#7929,security_barrier_i100_programming,security_barrier_i100_programming,0.98,inventory.model,False,[],False
337a6371eed0ef79,inventory.csv#793,1_6,1_6,0.98,inventory.model,False,[],False
2ec71b460ca3e4f7,inventory.csv#7930,RM_88E_Universal,RM_88E_Universal,0.98,inventory.model,False,[],False
42961e30605ab099,inventory.csv#7931,CTS-RMT-TRC6,CTS-RMT-TRC6,0.98,inventory.model,False,[],False
f01fedee4d6f47df,inventory.csv#7932,WP2,WP2,0.98,inventory.model,False,[],False
e9f3e06028bbd297,inventory.csv#7933,AQUA-Series_03,AQUA-Series_03,0.98,inventory.model,False,[],False
f7630cf953f8ed7f,inventory.csv#7934,KVM,KVM,0.98,inventory.model,False,[],False
b09d4210c436c937,inventory.csv#7935,Contemporary_research,Contemporary_research,0.98,inventory.model,False,[],False
aed89fea7cc65c04,inventory.csv#7936,TRAINER_1000,TRAINER_1000,0.98,inventory.model,False,[],False
6ee2e542d3b07aae,inventory.csv#7937,W100,W100,0.98,inventory.model,False,[],False
41c0b7f5962295d5,inventory.csv#7938,Death_Star_Topper,Death_Star_Topper,0.98,inventory.model,False,[],False
0bd0aa52a0542694,inventory.csv#7939,Homedics_ARM-720A,Homedics_ARM-720A,0.98,inventory.model,False,[],False
5bd90ed669c62e92,inventory.csv#794,1_7,1_7,0.98,inventory.model,False,[],False
fcbd9d20bf001856,inventory.csv#7940,DRV70,DRV70,0.98,inventory.model,False,[],False
76f3ecd22f352e0d,inventory.csv#7941,Dualtron_Victor_Handlebar_Lights,Dualtron_Victor_Handlebar_Lights,0.98,inventory.model,False,[],False
b2adfdd23d882b7b,inventory.csv#7942,Ecovacs_RC1507,Ecovacs_RC1507,0.98,inventory.model,False,[],False
da6eb52c37046cbc,inventory.csv#7943,Elune_Vision_Motorized_Projector_Scr,Elune_Vision_Motorized_Projector_Scr,0.98,inventory.model,False,[],False
cae60290a0ed522e,inventory.csv#7944,Elune_Vision_Motorized_Projector_Screen,Elune_Vision_Motorized_Projector_Screen,0.98,inventory.model,False,[],False
1033ba44acf23bce,inventory.csv#7945,Emotiva_XDA-2,Emotiva_XDA-2,0.98,inventory.model,False,[],False
1dd8e3781ff496d2,inventory.csv#7946,LED_Candle,LED_Candle,0.98,inventory.model,False,[],False
6c8bda8a6fbb64bf,inventory.csv#7947,esylux_em10425509,esylux_em10425509,0.98,inventory.model,False,[],False
054161b5dc74ad26,inventory.csv#7948,30C,30C,0.98,inventory.model,False,[],False
2207fa983d250c51,inventory.csv#7949,IR903,IR903,0.98,inventory.model,False,[],False
a5cd7c0f72ee5e84,inventory.csv#795,24_0,24_0,0.98,inventory.model,False,[],False
a316e887e7c8a6b9,inventory.csv#7950,Monitor,Monitor,0.98,inventory.model,False,[],False
69dd99c8d024a230,inventory.csv#7951,WorldEye,WorldEye,0.98,inventory.model,False,[],False
c63c1772864007b9,inventory.csv#7952,GXIR05,GXIR05,0.98,inventory.model,False,[],False
7fb89ab840ba949d,inventory.csv#7953,ge_range_hood,ge_range_hood,0.98,inventory.model,False,[],False
8341452099332dcc,inventory.csv#7954,Gold_Lough_Color_Changing_Ball,Gold_Lough_Color_Changing_Ball,0.98,inventory.model,False,[],False
a28f3e2a19970010,inventory.csv#7955,Goofy_Htwon,Goofy_Htwon,0.98,inventory.model,False,[],False
17fdc533e33b4711,inventory.csv#7956,GX-IR03_Clock,GX-IR03_Clock,0.98,inventory.model,False,[],False
be28b9eaff6967dd,inventory.csv#7957,Hogwarts_Castle_Tree_Topper,Hogwarts_Castle_Tree_Topper,0.98,inventory.model,False,[],False
9734e8b399045249,inventory.csv#7958,HipHopToy,HipHopToy,0.98,inventory.model,False,[],False
b89d5697231b36e8,inventory.csv#7959,hob2hood,hob2hood,0.98,inventory.model,False,[],False
23e65906471c69e3,inventory.csv#796,28_-1,28_-1,0.98,inventory.model,False,[],False
e9fc9514c074c7b1,inventory.csv#7960,IhomeRz6,IhomeRz6,0.98,inventory.model,False,[],False
499d94c4be14924d,inventory.csv#7961,ir_torch,ir_torch,0.98,inventory.model,False,[],False
5a60802756e24f12,inventory.csv#7962,COB-4BAR,COB-4BAR,0.98,inventory.model,False,[],False
a237e1bfa7324a59,inventory.csv#7963,AFS-1000B_Air_Filter,AFS-1000B_Air_Filter,0.98,inventory.model,False,[],False
41d013dc94ee3f27,inventory.csv#7964,NSM Jukebox,NSM Jukebox,0.98,inventory.model,False,[],False
39224a7d7e744e5f,inventory.csv#7965,NSM_JUKEBOX_RJB1,NSM_JUKEBOX_RJB1,0.98,inventory.model,False,[],False
3d8289ee660b028a,inventory.csv#7966,Rock_ola_CD_Jukebox,Rock_ola_CD_Jukebox,0.98,inventory.model,False,[],False
aa197e7d4f464f1b,inventory.csv#7967,301BN,301BN,0.98,inventory.model,False,[],False
e50aa43be6755df1,inventory.csv#7968,Tag,Tag,0.98,inventory.model,False,[],False
92cf07b25fef0828,inventory.csv#7969,LG,LG,0.98,inventory.model,False,[],False
492103bc5c769b5e,inventory.csv#797,48_-1,48_-1,0.98,inventory.model,False,[],False
dbeefe9a6600b7c8,inventory.csv#7970,lightmybricks,lightmybricks,0.98,inventory.model,False,[],False
b51963e0e6532624,inventory.csv#7971,Conference_R-R007,Conference_R-R007,0.98,inventory.model,False,[],False
e5e6300bfe830d05,inventory.csv#7972,Squeezebox_X-ia4_815-000058,Squeezebox_X-ia4_815-000058,0.98,inventory.model,False,[],False
43616f816a04d393,inventory.csv#7973,Architectural_Lighting,Architectural_Lighting,0.98,inventory.model,False,[],False
39e9baf6302cbc90,inventory.csv#7974,Window_Shades,Window_Shades,0.98,inventory.model,False,[],False
e3b232bca3dd361c,inventory.csv#7975,generic,generic,0.98,inventory.model,False,[],False
b68842a24ed6aeb2,inventory.csv#7976,A05,A05,0.98,inventory.model,False,[],False
bcf91218925bcc1b,inventory.csv#7977,MonoPrice-HDMI-Switch,MonoPrice-HDMI-Switch,0.98,inventory.model,False,[],False
d23d3e4a1ae639e6,inventory.csv#7978,LED_Candle,LED_Candle,0.98,inventory.model,False,[],False
452a7bf0378dd094,inventory.csv#7979,HDMI_SWITCH,HDMI_SWITCH,0.98,inventory.model,False,[],False
82dfcb954cdc44bb,inventory.csv#798,4_0,4_0,0.98,inventory.model,False,[],False
d3495de176166f19,inventory.csv#7980,CATRBK100,CATRBK100,0.98,inventory.model,False,[],False
dd78dddfd3c0864d,inventory.csv#7981,N950P_Webcam,N950P_Webcam,0.98,inventory.model,False,[],False
17081b8c3b369500,inventory.csv#7982,Nixplay_Seed_Digital_Frame,Nixplay_Seed_Digital_Frame,0.98,inventory.model,False,[],False
df7d5fed299e601b,inventory.csv#7983,Thermometer,Thermometer,0.98,inventory.model,False,[],False
c8d94daddf165f97,inventory.csv#7984,OREI HD-401MV,OREI HD-401MV,0.98,inventory.model,False,[],False
836bebc4cda519e5,inventory.csv#7985,swv9484b_hdmi_switch,swv9484b_hdmi_switch,0.98,inventory.model,False,[],False
4c83bb4de9b7ef23,inventory.csv#7986,Air_Purifier,Air_Purifier,0.98,inventory.model,False,[],False
ca149d064858f74d,inventory.csv#7987,HDMI_Switch,HDMI_Switch,0.98,inventory.model,False,[],False
9ec4ddbae8db935e,inventory.csv#7988,Amp_PREA90WBT,Amp_PREA90WBT,0.98,inventory.model,False,[],False
392c8313d574df25,inventory.csv#7989,1500474,1500474,0.98,inventory.model,False,[],False
3d0dd7341083c92f,inventory.csv#799,4_5,4_5,0.98,inventory.model,False,[],False
aa43048429e28e2f,inventory.csv#7990,RF_G1501,RF_G1501,0.98,inventory.model,False,[],False
d35ff363feb39865,inventory.csv#7991,Caspian_CD_player,Caspian_CD_player,0.98,inventory.model,False,[],False
9a2d4f6053880875,inventory.csv#7992,cd_player,cd_player,0.98,inventory.model,False,[],False
daf7dec9234358d3,inventory.csv#7993,K3_Amp,K3_Amp,0.98,inventory.model,False,[],False
5adf5c97655042bd,inventory.csv#7994,K3_DAC,K3_DAC,0.98,inventory.model,False,[],False
a1c28e43c5dca949,inventory.csv#7995,SC55_SB55,SC55_SB55,0.98,inventory.model,False,[],False
4d15310837d7ffe5,inventory.csv#7996,remote,remote,0.98,inventory.model,False,[],False
35bce0602b1f7adf,inventory.csv#7997,virtual_wall,virtual_wall,0.98,inventory.model,False,[],False
cd23e76d0d90aaa1,inventory.csv#7998,Ventilator_ERV,Ventilator_ERV,0.98,inventory.model,False,[],False
de6825d6b8c7fed6,inventory.csv#7999,Classics_EHF10119PB_Fan,Classics_EHF10119PB_Fan,0.98,inventory.model,False,[],False
e1239be9066dcb8e,inventory.csv#8,8_19,8_19,0.98,inventory.model,False,[],False
48795a90f6b8ac58,inventory.csv#80,134_19,134_19,0.98,inventory.model,False,[],False
90a2880ffa524d1d,inventory.csv#800,8_0,8_0,0.98,inventory.model,False,[],False
28b08cb2219399e8,inventory.csv#8000,LR96CAQ20,LR96CAQ20,0.98,inventory.model,False,[],False
1e254e52b1b9ec46,inventory.csv#8001,75350_69,75350_69,0.98,inventory.model,False,[],False
945ef91ad4112428,inventory.csv#8002,LED_Candles,LED_Candles,0.98,inventory.model,False,[],False
87050d49443f46b1,inventory.csv#8003,Mouse_RC,Mouse_RC,0.98,inventory.model,False,[],False
2b6689dea76aa406,inventory.csv#8004,SE_MRC-60,SE_MRC-60,0.98,inventory.model,False,[],False
819753531e8b319f,inventory.csv#8005,1533,1533,0.98,inventory.model,False,[],False
871714dafa097f35,inventory.csv#8006,Blu_1633_sirc20,Blu_1633_sirc20,0.98,inventory.model,False,[],False
e133a1ff08a076e3,inventory.csv#8007,Dvd_0675_necext,Dvd_0675_necext,0.98,inventory.model,False,[],False
ce2e448c2fc5a6c1,inventory.csv#8008,Dvd_0741_sam32,Dvd_0741_sam32,0.98,inventory.model,False,[],False
d21cd58aa5b1503c,inventory.csv#8009,Dvd_1516_sirc20,Dvd_1516_sirc20,0.98,inventory.model,False,[],False
bb72bbb6fc0d56d6,inventory.csv#801,0_-1,0_-1,0.98,inventory.model,False,[],False
facf703af544c093,inventory.csv#8010,Tv_3519_nec,Tv_3519_nec,0.98,inventory.model,False,[],False
0324a49dbc682c37,inventory.csv#8011,Take2,Take2,0.98,inventory.model,False,[],False
3762afbe4d2f4342,inventory.csv#8012,Unlock_0533,Unlock_0533,0.98,inventory.model,False,[],False
3a11e60d4f178d68,inventory.csv#8013,Dexon_JPM,Dexon_JPM,0.98,inventory.model,False,[],False
cb3bfbb83abc09b7,inventory.csv#8014,M3PO,M3PO,0.98,inventory.model,False,[],False
62df38540682dab1,inventory.csv#8015,KVM,KVM,0.98,inventory.model,False,[],False
aef3a4c5b3d3464e,inventory.csv#8016,Roll,Roll,0.98,inventory.model,False,[],False
ddb4a1e589826824,inventory.csv#8017,TOMLOV_DM9_MICROSCOPE,TOMLOV_DM9_MICROSCOPE,0.98,inventory.model,False,[],False
83ce71c52cb7ddc9,inventory.csv#8018,DM201_Digital_Microscope,DM201_Digital_Microscope,0.98,inventory.model,False,[],False
fc444c59b19d1f6b,inventory.csv#8019,PSR-2000_vision_test_remote,PSR-2000_vision_test_remote,0.98,inventory.model,False,[],False
79faf7936755784f,inventory.csv#802,0_-1,0_-1,0.98,inventory.model,False,[],False
c38624c92be59b20,inventory.csv#8020,DX3_Pro_Plus-Amplifier,DX3_Pro_Plus-Amplifier,0.98,inventory.model,False,[],False
780b89b655957a9a,inventory.csv#8021,Topping_DX3_Pro-Amplifier,Topping_DX3_Pro-Amplifier,0.98,inventory.model,False,[],False
0eb46b3393d0029c,inventory.csv#8022,Moon_in_my_Room,Moon_in_my_Room,0.98,inventory.model,False,[],False
100d0f45f26c9aa6,inventory.csv#8023,Treadmill_UR9TM0011,Treadmill_UR9TM0011,0.98,inventory.model,False,[],False
1ab39a26ab7cab49,inventory.csv#8024,Fog_Machine_F80B,Fog_Machine_F80B,0.98,inventory.model,False,[],False
2665c41526b9b9ee,inventory.csv#8025,VibroLegs,VibroLegs,0.98,inventory.model,False,[],False
e700c13102015927,inventory.csv#8026,GasPump_Remote,GasPump_Remote,0.98,inventory.model,False,[],False
cbf64d50ce2c4e7a,inventory.csv#8027,Air_Filter,Air_Filter,0.98,inventory.model,False,[],False
1b514fe32f98d53f,inventory.csv#8028,Air_Purifier,Air_Purifier,0.98,inventory.model,False,[],False
7da6a060668f249f,inventory.csv#8029,FV43U,FV43U,0.98,inventory.model,False,[],False
8a70eacb67c731e0,inventory.csv#803,238_135,238_135,0.98,inventory.model,False,[],False
0d2c7b3c2fd1f78f,inventory.csv#8030,EX2780Q,EX2780Q,0.98,inventory.model,False,[],False
d6637ccf7e9d6799,inventory.csv#8031,M-10A,M-10A,0.98,inventory.model,False,[],False
7231636b67677e11,inventory.csv#8032,43UD79-B,43UD79-B,0.98,inventory.model,False,[],False
1b2c06f7507e8790,inventory.csv#8033,UltraGear_OLED_Monitor,UltraGear_OLED_Monitor,0.98,inventory.model,False,[],False
c7778c5ec686e370,inventory.csv#8034,LONCEVON-12_inch_Small_Monitor,LONCEVON-12_inch_Small_Monitor,0.98,inventory.model,False,[],False
d0b72e3124850369,inventory.csv#8035,43305,43305,0.98,inventory.model,False,[],False
29ab098f1b32fe94,inventory.csv#8036,Evnia_49M2C8900L,Evnia_49M2C8900L,0.98,inventory.model,False,[],False
b4099a23a57a3f3d,inventory.csv#8037,OPlay,OPlay,0.98,inventory.model,False,[],False
8da1e930bd36458c,inventory.csv#8038,DuneHD,DuneHD,0.98,inventory.model,False,[],False
279406babbdc5287,inventory.csv#8039,4x1_HDMI_Switch,4x1_HDMI_Switch,0.98,inventory.model,False,[],False
9b71574616f531b8,inventory.csv#804,131_101,131_101,0.98,inventory.model,False,[],False
032f8c75b5ab3b22,inventory.csv#8040,4KS5700,4KS5700,0.98,inventory.model,False,[],False
0720c87c94f13efb,inventory.csv#8041,LEICKE-KANAAN-KN40573,LEICKE-KANAAN-KN40573,0.98,inventory.model,False,[],False
ea9097510161adf3,inventory.csv#8042,HDMI_6518716,HDMI_6518716,0.98,inventory.model,False,[],False
6c8553446574bdf6,inventory.csv#8043,MT-VIKI-MT-HD0808,MT-VIKI-MT-HD0808,0.98,inventory.model,False,[],False
2f674216952ebc1d,inventory.csv#8044,QNAP RM_IR2,QNAP RM_IR2,0.98,inventory.model,False,[],False
8c64ef6082861985,inventory.csv#8045,US_HDMI501-8K-H,US_HDMI501-8K-H,0.98,inventory.model,False,[],False
acf43f308a42abd6,inventory.csv#8046,8k_hdmi_switch,8k_hdmi_switch,0.98,inventory.model,False,[],False
f5055cd205e9dab5,inventory.csv#8047,N10,N10,0.98,inventory.model,False,[],False
c97b43385cca32d3,inventory.csv#8048,N7,N7,0.98,inventory.model,False,[],False
000ecb3d703e32ce,inventory.csv#8049,N8,N8,0.98,inventory.model,False,[],False
1f2b59182bb00d22,inventory.csv#805,0_-1,0_-1,0.98,inventory.model,False,[],False
25bab32d523205df,inventory.csv#8050,Picture_Frame,Picture_Frame,0.98,inventory.model,False,[],False
252ffbaa8e43bc63,inventory.csv#8051,DPF70-2,DPF70-2,0.98,inventory.model,False,[],False
2089999eedbee589,inventory.csv#8052,Abox_T22,Abox_T22,0.98,inventory.model,False,[],False
fe44440b610b96ac,inventory.csv#8053,H6517ST,H6517ST,0.98,inventory.model,False,[],False
e0e6aef7190372d1,inventory.csv#8054,proj,proj,0.98,inventory.model,False,[],False
020323a2bf002b80,inventory.csv#8055,XL2530 IR29033,XL2530 IR29033,0.98,inventory.model,False,[],False
3d8c2da8aa186914,inventory.csv#8056,Nebula_Capsule_Mini_Projector,Nebula_Capsule_Mini_Projector,0.98,inventory.model,False,[],False
03055717e7290b71,inventory.csv#8057,NebulaMarsLite,NebulaMarsLite,0.98,inventory.model,False,[],False
a85071bc21439d5f,inventory.csv#8058,LC650_,LC650_,0.98,inventory.model,False,[],False
8c850c02377aba33,inventory.csv#8059,YG300,YG300,0.98,inventory.model,False,[],False
42df894795e377e4,inventory.csv#806,0_-1,0_-1,0.98,inventory.model,False,[],False
79ced8c212d00692,inventory.csv#8060,BenQ,BenQ,0.98,inventory.model,False,[],False
7de945cc38788f64,inventory.csv#8061,MH856UST,MH856UST,0.98,inventory.model,False,[],False
48b8d44a37be6d9f,inventory.csv#8062,TH671ST,TH671ST,0.98,inventory.model,False,[],False
8040e5ae105c150c,inventory.csv#8063,TK800M,TK800M,0.98,inventory.model,False,[],False
3872d80c497abec7,inventory.csv#8064,TRY01,TRY01,0.98,inventory.model,False,[],False
60ea0e3ae3c79538,inventory.csv#8065,W1050,W1050,0.98,inventory.model,False,[],False
084875f0fa288381,inventory.csv#8066,W1070,W1070,0.98,inventory.model,False,[],False
8e7a3be7db2f75d9,inventory.csv#8067,W1110,W1110,0.98,inventory.model,False,[],False
f85aee40b8559441,inventory.csv#8068,W2000w,W2000w,0.98,inventory.model,False,[],False
65255498299ab8c4,inventory.csv#8069,W2700,W2700,0.98,inventory.model,False,[],False
09aa6b29d489a6b3,inventory.csv#807,0_-1,0_-1,0.98,inventory.model,False,[],False
b47916ac775a2309,inventory.csv#8070,W770ST,W770ST,0.98,inventory.model,False,[],False
8581eb6d839c4932,inventory.csv#8071,Generic_Projector,Generic_Projector,0.98,inventory.model,False,[],False
fea493f81d09b7b2,inventory.csv#8072,Generic_Universal_Remote,Generic_Universal_Remote,0.98,inventory.model,False,[],False
58475d0cb74950c1,inventory.csv#8073,LED_Smart_Home_Theater_Projector,LED_Smart_Home_Theater_Projector,0.98,inventory.model,False,[],False
1fcb4e9279f8f84c,inventory.csv#8074,Projecteur,Projecteur,0.98,inventory.model,False,[],False
4fe07396367ec247,inventory.csv#8075,Scrn_innov,Scrn_innov,0.98,inventory.model,False,[],False
48ce24f12129bf41,inventory.csv#8076,Stlth_acou,Stlth_acou,0.98,inventory.model,False,[],False
5f8a47c3bf924572,inventory.csv#8077,P10,P10,0.98,inventory.model,False,[],False
240ce0e175ef9043,inventory.csv#8078,LV-X320,LV-X320,0.98,inventory.model,False,[],False
639dd78815c549ae,inventory.csv#8079,YT-130,YT-130,0.98,inventory.model,False,[],False
bab4849571704df9,inventory.csv#808,2_-1,2_-1,0.98,inventory.model,False,[],False
32215ea97ef78e56,inventory.csv#8080,YT-150,YT-150,0.98,inventory.model,False,[],False
d6853020c9e1d739,inventory.csv#8081,X3S,X3S,0.98,inventory.model,False,[],False
8a7343c7526ed08e,inventory.csv#8082,ProjectorScreen,ProjectorScreen,0.98,inventory.model,False,[],False
f65e1f461dd583f9,inventory.csv#8083,projector,projector,0.98,inventory.model,False,[],False
0fdda4eb003af25c,inventory.csv#8084,tsfm_ir01,tsfm_ir01,0.98,inventory.model,False,[],False
a6a83b4db9d7f927,inventory.csv#8085,Projector,Projector,0.98,inventory.model,False,[],False
d78b232771a43302,inventory.csv#8086,Screen,Screen,0.98,inventory.model,False,[],False
b192718bab3b3853,inventory.csv#8087,CMXA_Remote,CMXA_Remote,0.98,inventory.model,False,[],False
4b6163ad52c83bfa,inventory.csv#8088,Projector,Projector,0.98,inventory.model,False,[],False
4e1f4f013f3497c3,inventory.csv#8089,Elite_Screens,Elite_Screens,0.98,inventory.model,False,[],False
2030228907391c9d,inventory.csv#809,0_-1,0_-1,0.98,inventory.model,False,[],False
53323545b7134082,inventory.csv#8090,100H,100H,0.98,inventory.model,False,[],False
9282a73758e74623,inventory.csv#8091,Epson-EB-X12,Epson-EB-X12,0.98,inventory.model,False,[],False
8ea1600717dff0ec,inventory.csv#8092,Epson-EB-X49,Epson-EB-X49,0.98,inventory.model,False,[],False
5b9b81ab203e2a81,inventory.csv#8093,Epson,Epson,0.98,inventory.model,False,[],False
65ebf31e995bc277,inventory.csv#8094,Epson2,Epson2,0.98,inventory.model,False,[],False
f181dc06e1ca412b,inventory.csv#8095,4650,4650,0.98,inventory.model,False,[],False
45da6e5345325452,inventory.csv#8096,EB-450,EB-450,0.98,inventory.model,False,[],False
a5c21daf00f5c5a6,inventory.csv#8097,EB-575wi,EB-575wi,0.98,inventory.model,False,[],False
4c99eca4a251b7e6,inventory.csv#8098,EB-595WI,EB-595WI,0.98,inventory.model,False,[],False
d1682254fc48e47c,inventory.csv#8099,EB-685Wi,EB-685Wi,0.98,inventory.model,False,[],False
14e32b196bee7d5d,inventory.csv#81,110_0,110_0,0.98,inventory.model,False,[],False
6dc956cdee1c4379,inventory.csv#810,10_0,10_0,0.98,inventory.model,False,[],False
683db1a1a49b3e7d,inventory.csv#8100,EB-695Wi,EB-695Wi,0.98,inventory.model,False,[],False
c6fee24d32216242,inventory.csv#8101,EB-725Wi,EB-725Wi,0.98,inventory.model,False,[],False
b9d614b879f0359c,inventory.csv#8102,EB-735f,EB-735f,0.98,inventory.model,False,[],False
b9db619986111f20,inventory.csv#8103,EB-760wi,EB-760wi,0.98,inventory.model,False,[],False
9b06f8307595a36e,inventory.csv#8104,EB-E20,EB-E20,0.98,inventory.model,False,[],False
8354e8a00d6b775f,inventory.csv#8105,EB-L260F,EB-L260F,0.98,inventory.model,False,[],False
39b32e93ed2fa97f,inventory.csv#8106,EB-L510U,EB-L510U,0.98,inventory.model,False,[],False
4354d79d84ad4603,inventory.csv#8107,EB-Series,EB-Series,0.98,inventory.model,False,[],False
5efef9491cf60700,inventory.csv#8108,EBX39,EBX39,0.98,inventory.model,False,[],False
8b84f3d781315ac2,inventory.csv#8109,EBX7_154720000,EBX7_154720000,0.98,inventory.model,False,[],False
c8026bfc378419c3,inventory.csv#811,11_0,11_0,0.98,inventory.model,False,[],False
89c815c19f8ad37a,inventory.csv#8110,EHTW5650,EHTW5650,0.98,inventory.model,False,[],False
4948dcc26cb7a6dc,inventory.csv#8111,EMP822H,EMP822H,0.98,inventory.model,False,[],False
e5bcaea89101b993,inventory.csv#8112,projector_Power_Only,projector_Power_Only,0.98,inventory.model,False,[],False
057ecdf2801dad2e,inventory.csv#8113,projector_remote_159917600,projector_remote_159917600,0.98,inventory.model,False,[],False
fb0f757dfa1125e5,inventory.csv#8114,RC-151506800,RC-151506800,0.98,inventory.model,False,[],False
06605175898692d0,inventory.csv#8115,210_projextor,210_projextor,0.98,inventory.model,False,[],False
54579eb2d224dc33,inventory.csv#8116,Groview,Groview,0.98,inventory.model,False,[],False
7ed10eab559797ba,inventory.csv#8117,CP-X2011_Projector,CP-X2011_Projector,0.98,inventory.model,False,[],False
51572f44451941a9,inventory.csv#8118,Many,Many,0.98,inventory.model,False,[],False
1ce212aba62b341d,inventory.csv#8119,Infocus_Navigator_3,Infocus_Navigator_3,0.98,inventory.model,False,[],False
361f0d6de4055a27,inventory.csv#812,25_0,25_0,0.98,inventory.model,False,[],False
849257ff45f92db3,inventory.csv#8120,M10,M10,0.98,inventory.model,False,[],False
ba260e53400f7ef3,inventory.csv#8121,LX-UH1B,LX-UH1B,0.98,inventory.model,False,[],False
edb0a05c1f47d2b6,inventory.csv#8122,PH300-NA,PH300-NA,0.98,inventory.model,False,[],False
78e748e67bb3b10f,inventory.csv#8123,MC-EU5001,MC-EU5001,0.98,inventory.model,False,[],False
602038816ec61bb1,inventory.csv#8124,MC-WU5503,MC-WU5503,0.98,inventory.model,False,[],False
b50590eb5ae97d08,inventory.csv#8125,MN674,MN674,0.98,inventory.model,False,[],False
487734f2658d56f0,inventory.csv#8126,RD-448E_Projector,RD-448E_Projector,0.98,inventory.model,False,[],False
59301b0efec411ff,inventory.csv#8127,RD-477E,RD-477E,0.98,inventory.model,False,[],False
f9f1688f6535d3cd,inventory.csv#8128,RD-V260X,RD-V260X,0.98,inventory.model,False,[],False
f99e9374bac0c0d8,inventory.csv#8129,RD469e,RD469e,0.98,inventory.model,False,[],False
2437f092b02d6cee,inventory.csv#813,26_0,26_0,0.98,inventory.model,False,[],False
68273c4475f3fee6,inventory.csv#8130,RU_M124,RU_M124,0.98,inventory.model,False,[],False
e09fbb48a6a47529,inventory.csv#8131,NexiGo-PJ20,NexiGo-PJ20,0.98,inventory.model,False,[],False
36a071e02f8c2d2a,inventory.csv#8132,Portable_Projector,Portable_Projector,0.98,inventory.model,False,[],False
5c18d6ed48664745,inventory.csv#8133,DH1011,DH1011,0.98,inventory.model,False,[],False
4622c43a0621c01a,inventory.csv#8134,HD65,HD65,0.98,inventory.model,False,[],False
48afc3da6fa7585a,inventory.csv#8135,IAR_Projector,IAR_Projector,0.98,inventory.model,False,[],False
4400343ebe5ceea9,inventory.csv#8136,Profomo_L-27-5KEY,Profomo_L-27-5KEY,0.98,inventory.model,False,[],False
1192f1b8b947a0a5,inventory.csv#8137,projector,projector,0.98,inventory.model,False,[],False
cc8526cd32a244b9,inventory.csv#8138,Remote_HOF04K276D6,Remote_HOF04K276D6,0.98,inventory.model,False,[],False
bcc8395f263a40e9,inventory.csv#8139,UHZ45,UHZ45,0.98,inventory.model,False,[],False
a235fe8fa2fa775e,inventory.csv#814,41_0,41_0,0.98,inventory.model,False,[],False
e1c2fb13ac9910ce,inventory.csv#8140,Projector,Projector,0.98,inventory.model,False,[],False
9530dd4532b3f9a2,inventory.csv#8141,PT-AR100U,PT-AR100U,0.98,inventory.model,False,[],False
5004ebf895e7ad29,inventory.csv#8142,NeoPix_Prime_Projector,NeoPix_Prime_Projector,0.98,inventory.model,False,[],False
aa4cf047a7edd698,inventory.csv#8143,PicoPix_Max_PPX620_Projector,PicoPix_Max_PPX620_Projector,0.98,inventory.model,False,[],False
0ecfee858f8ce920,inventory.csv#8144,PRM_35,PRM_35,0.98,inventory.model,False,[],False
79529d6ae5ab0c2a,inventory.csv#8145,UST-P1,UST-P1,0.98,inventory.model,False,[],False
5fdc64e0709e6705,inventory.csv#8146,YG300Pro,YG300Pro,0.98,inventory.model,False,[],False
97232b945a1de8f0,inventory.csv#8147,Projector,Projector,0.98,inventory.model,False,[],False
9a1d172e40fc7198,inventory.csv#8148,RIF6-cube-projector-raw,RIF6-cube-projector-raw,0.98,inventory.model,False,[],False
0515a88f9a5fde11,inventory.csv#8149,Projector,Projector,0.98,inventory.model,False,[],False
59a88d6c49d8b298,inventory.csv#815,0_-1,0_-1,0.98,inventory.model,False,[],False
8309b29654569358,inventory.csv#8150,Freestyle_Gen2,Freestyle_Gen2,0.98,inventory.model,False,[],False
92b4f3da5c9314cf,inventory.csv#8151,SP-LSP3BLAXXU,SP-LSP3BLAXXU,0.98,inventory.model,False,[],False
8d132e58d84991b7,inventory.csv#8152,VG-TM2360E,VG-TM2360E,0.98,inventory.model,False,[],False
01ce8ce662584138,inventory.csv#8153,RRMCGA664WJSA_Notevision XR-32S-L,RRMCGA664WJSA_Notevision XR-32S-L,0.98,inventory.model,False,[],False
0ed86ac77d6dd014,inventory.csv#8154,Projectors,Projectors,0.98,inventory.model,False,[],False
6c2fc3fe263d359c,inventory.csv#8155,Sony RM-PJ30 ID-1,Sony RM-PJ30 ID-1,0.98,inventory.model,False,[],False
a0f07a52d83e7c65,inventory.csv#8156,Sony RM-PJ30 ID-2,Sony RM-PJ30 ID-2,0.98,inventory.model,False,[],False
9257d74725277c40,inventory.csv#8157,Sony RM-PJ30 ID-3,Sony RM-PJ30 ID-3,0.98,inventory.model,False,[],False
8bb34fd99ab8488c,inventory.csv#8158,Sony RM-PJ30 ID-4,Sony RM-PJ30 ID-4,0.98,inventory.model,False,[],False
e3ea18b689f3b75d,inventory.csv#8159,RM_PJ1000,RM_PJ1000,0.98,inventory.model,False,[],False
489ec2ba07b990f3,inventory.csv#816,135_78,135_78,0.98,inventory.model,False,[],False
c9821c4c0b0b02cb,inventory.csv#8160,RM_PJ24,RM_PJ24,0.98,inventory.model,False,[],False
8136a554f27d3f63,inventory.csv#8161,RM_PJ27,RM_PJ27,0.98,inventory.model,False,[],False
bf77e96a15b61bc7,inventory.csv#8162,Stereoboomm_MMP-250,Stereoboomm_MMP-250,0.98,inventory.model,False,[],False
a311b293fec1ff99,inventory.csv#8163,X1BQ,X1BQ,0.98,inventory.model,False,[],False
4e6a3ba777aae626,inventory.csv#8164,TR25,TR25,0.98,inventory.model,False,[],False
bc00f6e0e9ffe647,inventory.csv#8165,TopVision,TopVision,0.98,inventory.model,False,[],False
316f6da2802dcb6d,inventory.csv#8166,YG300_Pro_Mini,YG300_Pro_Mini,0.98,inventory.model,False,[],False
ebdb199b5e94a4b8,inventory.csv#8167,V630W,V630W,0.98,inventory.model,False,[],False
b6aa263c30717b1d,inventory.csv#8168,M1_Mini_Plus,M1_Mini_Plus,0.98,inventory.model,False,[],False
4c3de099c4888088,inventory.csv#8169,Projector_PA503W-2,Projector_PA503W-2,0.98,inventory.model,False,[],False
81b0e2349ece104b,inventory.csv#817,5_-1,5_-1,0.98,inventory.model,False,[],False
a5152624cb963d8e,inventory.csv#8170,X1_Projector,X1_Projector,0.98,inventory.model,False,[],False
6343c84cd9e77753,inventory.csv#8171,Vivitek,Vivitek,0.98,inventory.model,False,[],False
1691c7104be7a8cf,inventory.csv#8172,Vivitek2_Projector,Vivitek2_Projector,0.98,inventory.model,False,[],False
a4720e7160e1ef33,inventory.csv#8173,T6_Max,T6_Max,0.98,inventory.model,False,[],False
817befdbda5a48ca,inventory.csv#8174,v10_Projector,v10_Projector,0.98,inventory.model,False,[],False
aa452a7ffb507990,inventory.csv#8175,Wimius_K1,Wimius_K1,0.98,inventory.model,False,[],False
dbf317a07376ed02,inventory.csv#8176,s25,s25,0.98,inventory.model,False,[],False
f42fd9b360ab610f,inventory.csv#8177,Yoton Y3,Yoton Y3,0.98,inventory.model,False,[],False
6222ad41d4ebab8a,inventory.csv#8178,Firetv_EVG487,Firetv_EVG487,0.98,inventory.model,False,[],False
dc41584b1e2fb169,inventory.csv#8179,IMEO2,IMEO2,0.98,inventory.model,False,[],False
2ee47d98eb6c5abe,inventory.csv#818,0_-1,0_-1,0.98,inventory.model,False,[],False
57f5d5d2c8bdfb86,inventory.csv#8180,MD44055,MD44055,0.98,inventory.model,False,[],False
feeb83f36e2db6b6,inventory.csv#8181,Bestisan7020,Bestisan7020,0.98,inventory.model,False,[],False
48202f8f61a90e29,inventory.csv#8182,Odine_Soundbar.,Odine_Soundbar.,0.98,inventory.model,False,[],False
93290389106ac4c8,inventory.csv#8183,CINEMATE_1_SR,CINEMATE_1_SR,0.98,inventory.model,False,[],False
80f0b3b2b846c0a3,inventory.csv#8184,Solo,Solo,0.98,inventory.model,False,[],False
dbd6c90f24aef12f,inventory.csv#8185,Solo_2,Solo_2,0.98,inventory.model,False,[],False
ce2f6bb5d65460be,inventory.csv#8186,Solo_5,Solo_5,0.98,inventory.model,False,[],False
32cd2e72edc396d6,inventory.csv#8187,Solo_Soundbar,Solo_Soundbar,0.98,inventory.model,False,[],False
09d7e4b5a9db6327,inventory.csv#8188,Soundbar,Soundbar,0.98,inventory.model,False,[],False
d59d01f68c4130e8,inventory.csv#8189,Soundbar_300,Soundbar_300,0.98,inventory.model,False,[],False
aaa23f1f1a5bc9eb,inventory.csv#819,0_-1,0_-1,0.98,inventory.model,False,[],False
2f5773293ddc20f3,inventory.csv#8190,Soundbar_600,Soundbar_600,0.98,inventory.model,False,[],False
a687016c4ddbd9ac,inventory.csv#8191,Amz_snd_bar,Amz_snd_bar,0.98,inventory.model,False,[],False
e22a81a5b365617f,inventory.csv#8192,BLAUPUNKT_SB1021,BLAUPUNKT_SB1021,0.98,inventory.model,False,[],False
30c54e2a4374ac7b,inventory.csv#8193,Soundblasterx,Soundblasterx,0.98,inventory.model,False,[],False
5a7fb7790662369e,inventory.csv#8194,Smart10,Smart10,0.98,inventory.model,False,[],False
aa0daff18c585198,inventory.csv#8195,YARRA_3DX,YARRA_3DX,0.98,inventory.model,False,[],False
bb9ead1ea5c96449,inventory.csv#8196,CHT912,CHT912,0.98,inventory.model,False,[],False
a170547f141731ce,inventory.csv#8197,CHT921,CHT921,0.98,inventory.model,False,[],False
e3176af734f641f4,inventory.csv#8198,CHT939,CHT939,0.98,inventory.model,False,[],False
0e6ad9c43ac39d96,inventory.csv#8199,CreativeSoundBlaster_Katana_MF8245,CreativeSoundBlaster_Katana_MF8245,0.98,inventory.model,False,[],False
745aaf4b11ed732f,inventory.csv#82,110_0,110_0,0.98,inventory.model,False,[],False
53a33316cd6cd78d,inventory.csv#820,68_-1,68_-1,0.98,inventory.model,False,[],False
af1adb3840ea1fdf,inventory.csv#8200,Soundbar_creative_stage,Soundbar_creative_stage,0.98,inventory.model,False,[],False
a0fae6098003c103,inventory.csv#8201,Denon-RC-1236,Denon-RC-1236,0.98,inventory.model,False,[],False
2efde946436b08fc,inventory.csv#8202,DHT_S216,DHT_S216,0.98,inventory.model,False,[],False
1e76910e0973d529,inventory.csv#8203,Home_550,Home_550,0.98,inventory.model,False,[],False
0db29e41f681ac20,inventory.csv#8204,RC-1230,RC-1230,0.98,inventory.model,False,[],False
0d07022c1a3e67bc,inventory.csv#8205,dutch_originals_soundbar,dutch_originals_soundbar,0.98,inventory.model,False,[],False
c00409ba53063e6a,inventory.csv#8206,DSB_950,DSB_950,0.98,inventory.model,False,[],False
bd5ab7c3c4949af2,inventory.csv#8207,HS215,HS215,0.98,inventory.model,False,[],False
c27c1f8cd5813517,inventory.csv#8208,HSB40B16,HSB40B16,0.98,inventory.model,False,[],False
8660fde63ec0a55c,inventory.csv#8209,ITP280B_Remote,ITP280B_Remote,0.98,inventory.model,False,[],False
d422408591a71d2c,inventory.csv#821,128_99,128_99,0.98,inventory.model,False,[],False
208eb2e8d29c6874,inventory.csv#8210,Soundbar,Soundbar,0.98,inventory.model,False,[],False
b9bd57a5d8b2b3f8,inventory.csv#8211,5_1_Soundbar,5_1_Soundbar,0.98,inventory.model,False,[],False
428c4a829270d446,inventory.csv#8212,Boost_TV_Soundbar,Boost_TV_Soundbar,0.98,inventory.model,False,[],False
00713ef692ce5b94,inventory.csv#8213,CINEMA_SB120,CINEMA_SB120,0.98,inventory.model,False,[],False
67f10d79ec31f874,inventory.csv#8214,CINEMA_SB150,CINEMA_SB150,0.98,inventory.model,False,[],False
53de5bf0e027a2a5,inventory.csv#8215,THBY370A,THBY370A,0.98,inventory.model,False,[],False
05f77d968729ca50,inventory.csv#8216,Soundbar,Soundbar,0.98,inventory.model,False,[],False
088c96c25f6c7fee,inventory.csv#8217,KASBD150HA,KASBD150HA,0.98,inventory.model,False,[],False
4a935aea373e1807,inventory.csv#8218,L200,L200,0.98,inventory.model,False,[],False
e1763d28c9128010,inventory.csv#8219,LG SJ4,LG SJ4,0.98,inventory.model,False,[],False
708ac81bb5f2a865,inventory.csv#822,0_45,0_45,0.98,inventory.model,False,[],False
dceb939df144d275,inventory.csv#8220,AKB74815321,AKB74815321,0.98,inventory.model,False,[],False
b35bccc9c0a8767d,inventory.csv#8221,LAP340,LAP340,0.98,inventory.model,False,[],False
20a7587289c38da8,inventory.csv#8222,NB5541,NB5541,0.98,inventory.model,False,[],False
026483cd8f105183,inventory.csv#8223,SK10Y,SK10Y,0.98,inventory.model,False,[],False
e987fb807e05798d,inventory.csv#8224,SL10YG,SL10YG,0.98,inventory.model,False,[],False
47d11c993a4a5739,inventory.csv#8225,SLM3D,SLM3D,0.98,inventory.model,False,[],False
0da4a1467f681202,inventory.csv#8226,Soundbar,Soundbar,0.98,inventory.model,False,[],False
b4bee3feae0e1af1,inventory.csv#8227,K2_SoundBar,K2_SoundBar,0.98,inventory.model,False,[],False
da70c929333f9191,inventory.csv#8228,Soundbar,Soundbar,0.98,inventory.model,False,[],False
af51e3e1cfa47a81,inventory.csv#8229,sound_bar_and_subwoofer,sound_bar_and_subwoofer,0.98,inventory.model,False,[],False
ec0ecd36f5e82021,inventory.csv#823,132_32,132_32,0.98,inventory.model,False,[],False
9a0b2c10a96b40dd,inventory.csv#8230,SCH-TB8,SCH-TB8,0.98,inventory.model,False,[],False
f576788dd5c80bb9,inventory.csv#8231,P27,P27,0.98,inventory.model,False,[],False
79773bbba97bc229,inventory.csv#8232,HTL2161B_Soundbar,HTL2161B_Soundbar,0.98,inventory.model,False,[],False
12a7cc0e41793bf2,inventory.csv#8233,HTL2163_Soundbar,HTL2163_Soundbar,0.98,inventory.model,False,[],False
11d5eb4e990cefe6,inventory.csv#8234,TAB5105_79,TAB5105_79,0.98,inventory.model,False,[],False
abb6aaa89dc6ce71,inventory.csv#8235,Polk_RE9114_1,Polk_RE9114_1,0.98,inventory.model,False,[],False
a8bd17eceb663f13,inventory.csv#8236,POLK_RE9641_1,POLK_RE9641_1,0.98,inventory.model,False,[],False
afbe4eb3613be530,inventory.csv#8237,ActivSoundBar_ASB-40,ActivSoundBar_ASB-40,0.98,inventory.model,False,[],False
c397d5bde07cc97f,inventory.csv#8238,LSW-1,LSW-1,0.98,inventory.model,False,[],False
d25b25e4d297668a,inventory.csv#8239,RTS7110B2,RTS7110B2,0.98,inventory.model,False,[],False
0a43c3f39d0467ff,inventory.csv#824,0_45,0_45,0.98,inventory.model,False,[],False
9b923abb68234aaf,inventory.csv#8240,AH59-02547B_Soundbar,AH59-02547B_Soundbar,0.98,inventory.model,False,[],False
02661d9c307f7f40,inventory.csv#8241,AH59-02692P_Soundbar,AH59-02692P_Soundbar,0.98,inventory.model,False,[],False
3f6d6b09a18a21cc,inventory.csv#8242,AH59-02758A,AH59-02758A,0.98,inventory.model,False,[],False
290af4a80cd7dd41,inventory.csv#8243,AH59-02767C,AH59-02767C,0.98,inventory.model,False,[],False
a73fc85957ac102a,inventory.csv#8244,AH59002692H,AH59002692H,0.98,inventory.model,False,[],False
37ce08d59fbd9fe2,inventory.csv#8245,AH59_Soundbar,AH59_Soundbar,0.98,inventory.model,False,[],False
0a70efc889bab542,inventory.csv#8246,HW-FM45,HW-FM45,0.98,inventory.model,False,[],False
d8e477644d71642e,inventory.csv#8247,SK10Y,SK10Y,0.98,inventory.model,False,[],False
1edd509681b69457,inventory.csv#8248,Soundbar,Soundbar,0.98,inventory.model,False,[],False
42ef484c03e73b38,inventory.csv#8249,Soundbar_HW-T400,Soundbar_HW-T400,0.98,inventory.model,False,[],False
f01e93d98ce84c84,inventory.csv#825,132_32,132_32,0.98,inventory.model,False,[],False
d2725ae372412339,inventory.csv#8250,Soundbar_New,Soundbar_New,0.98,inventory.model,False,[],False
ac57e840b5db3b3f,inventory.csv#8251,Soundbar_Q600A,Soundbar_Q600A,0.98,inventory.model,False,[],False
4cca3227a3a5a4de,inventory.csv#8252,Ambeo_Soundbar,Ambeo_Soundbar,0.98,inventory.model,False,[],False
39eb83122ee88689,inventory.csv#8253,SkySoundBox_Devialet,SkySoundBox_Devialet,0.98,inventory.model,False,[],False
eb2cbdb1a9325484,inventory.csv#8254,ARC_Beam_Playbar_Playbase,ARC_Beam_Playbar_Playbase,0.98,inventory.model,False,[],False
27b5a642bd3233b1,inventory.csv#8255,HW-T400,HW-T400,0.98,inventory.model,False,[],False
eecf1eba9e578bf3,inventory.csv#8256,MHC-GS300AV,MHC-GS300AV,0.98,inventory.model,False,[],False
45039e16abd645ba,inventory.csv#8257,Old_XBR,Old_XBR,0.98,inventory.model,False,[],False
d8f50bed6071f248,inventory.csv#8258,RDH-GTK33IP,RDH-GTK33IP,0.98,inventory.model,False,[],False
d96e54c3b6a9d0e8,inventory.csv#8259,RMT-AH412U,RMT-AH412U,0.98,inventory.model,False,[],False
75d9f73e09cac1b5,inventory.csv#826,1_-1,1_-1,0.98,inventory.model,False,[],False
1fb3c3084881abc8,inventory.csv#8260,Soundbar_HT-XT3,Soundbar_HT-XT3,0.98,inventory.model,False,[],False
2e63ee3b737e5a98,inventory.csv#8261,Soundbar_RMT-AH411U,Soundbar_RMT-AH411U,0.98,inventory.model,False,[],False
7134e117a1b8d72e,inventory.csv#8262,TT-SK023_Sound_Bar,TT-SK023_Sound_Bar,0.98,inventory.model,False,[],False
5f2391c5090a83b4,inventory.csv#8263,Taotronics_TT-SK026,Taotronics_TT-SK026,0.98,inventory.model,False,[],False
fcac992e1914e494,inventory.csv#8264,TS5010,TS5010,0.98,inventory.model,False,[],False
4cd716d466773f07,inventory.csv#8265,TS8132,TS8132,0.98,inventory.model,False,[],False
212c8def1f93cf6c,inventory.csv#8266,Cinebase_Soundbar,Cinebase_Soundbar,0.98,inventory.model,False,[],False
76c919ed5dd03cfe,inventory.csv#8267,SBX4250,SBX4250,0.98,inventory.model,False,[],False
f45c0b78b119e355,inventory.csv#8268,Poseidon_M20,Poseidon_M20,0.98,inventory.model,False,[],False
8c44af6c37990cb2,inventory.csv#8269,SB362An-F6,SB362An-F6,0.98,inventory.model,False,[],False
0e3e9fb90f690fc2,inventory.csv#827,1_-1,1_-1,0.98,inventory.model,False,[],False
e99ed2d6c6905a36,inventory.csv#8270,SB3651_E6,SB3651_E6,0.98,inventory.model,False,[],False
b1b6170413468820,inventory.csv#8271,SB4551,SB4551,0.98,inventory.model,False,[],False
fe4449ff19e5a4ef,inventory.csv#8272,Soundbar,Soundbar,0.98,inventory.model,False,[],False
36e4d210f02a6b0e,inventory.csv#8273,V51-H6,V51-H6,0.98,inventory.model,False,[],False
140751b7593a2444,inventory.csv#8274,V51x-J6,V51x-J6,0.98,inventory.model,False,[],False
319ed1852297fa4c,inventory.csv#8275,XRS321-C,XRS321-C,0.98,inventory.model,False,[],False
d2288670f78c886c,inventory.csv#8276,Binnifa_Live1T,Binnifa_Live1T,0.98,inventory.model,False,[],False
3cc974ad85455ea9,inventory.csv#8277,MITVS26,MITVS26,0.98,inventory.model,False,[],False
e103d5c88477a079,inventory.csv#8278,BAR400,BAR400,0.98,inventory.model,False,[],False
9bb9092eebde93a6,inventory.csv#8279,RX,RX,0.98,inventory.model,False,[],False
7c6b9f512f02b135,inventory.csv#828,15_-1,15_-1,0.98,inventory.model,False,[],False
970be0350b128ad8,inventory.csv#8280,SR-B20A,SR-B20A,0.98,inventory.model,False,[],False
bdf3aa0485a7f732,inventory.csv#8281,YAS-108,YAS-108,0.98,inventory.model,False,[],False
2196dbf8ce3e8d78,inventory.csv#8282,YAS-CU201,YAS-CU201,0.98,inventory.model,False,[],False
53818030824f7f26,inventory.csv#8283,3DX,3DX,0.98,inventory.model,False,[],False
774a2b86151115e6,inventory.csv#8284,WA215,WA215,0.98,inventory.model,False,[],False
2f43ec02775005b3,inventory.csv#8285,a5,a5,0.98,inventory.model,False,[],False
43073181deba8c89,inventory.csv#8286,DY29S,DY29S,0.98,inventory.model,False,[],False
88b215968ffc90ee,inventory.csv#8287,SoundDock,SoundDock,0.98,inventory.model,False,[],False
b242377e8f9914b4,inventory.csv#8288,SoundTouch,SoundTouch,0.98,inventory.model,False,[],False
e745206420025b7c,inventory.csv#8289,Wave_Soundtouch_IV,Wave_Soundtouch_IV,0.98,inventory.model,False,[],False
1d63163b8a099d3e,inventory.csv#829,15_-1,15_-1,0.98,inventory.model,False,[],False
0a96089a586eca2c,inventory.csv#8290,Wave_System,Wave_System,0.98,inventory.model,False,[],False
3adb8ec7d0abe0e1,inventory.csv#8291,Zeppelin_Air_(with_30-pin_connector),Zeppelin_Air_(with_30-pin_connector),0.98,inventory.model,False,[],False
4d47c0221b302df3,inventory.csv#8292,Bumpboxx,Bumpboxx,0.98,inventory.model,False,[],False
e2c1fe56eec35bcf,inventory.csv#8293,Como_audio,Como_audio,0.98,inventory.model,False,[],False
4451ec29bdfb66ac,inventory.csv#8294,CHT729,CHT729,0.98,inventory.model,False,[],False
92b837fbddc851bf,inventory.csv#8295,CHT904,CHT904,0.98,inventory.model,False,[],False
1d9134bbb1de7fb8,inventory.csv#8296,CHT912,CHT912,0.98,inventory.model,False,[],False
7ad1ada0db14ce91,inventory.csv#8297,CHT921,CHT921,0.98,inventory.model,False,[],False
3e4a9ca94602a36a,inventory.csv#8298,CHT939,CHT939,0.98,inventory.model,False,[],False
e733deaaba66cbef,inventory.csv#8299,z5400,z5400,0.98,inventory.model,False,[],False
f1a4e8d8aec81da9,inventory.csv#83,110_0,110_0,0.98,inventory.model,False,[],False
107457897953f986,inventory.csv#830,15_-1,15_-1,0.98,inventory.model,False,[],False
d3a351d9417a59ea,inventory.csv#8300,DollarTec_BT5AmpBoard,DollarTec_BT5AmpBoard,0.98,inventory.model,False,[],False
61b7d17ec08dcc18,inventory.csv#8301,DA_9000,DA_9000,0.98,inventory.model,False,[],False
9e716779eb7d6fe0,inventory.csv#8302,AirPulse_A80,AirPulse_A80,0.98,inventory.model,False,[],False
685651d33466a51d,inventory.csv#8303,R1280DB,R1280DB,0.98,inventory.model,False,[],False
2d94f33423b981f4,inventory.csv#8304,R1280T,R1280T,0.98,inventory.model,False,[],False
195a15d0b0996c4e,inventory.csv#8305,R1700BT,R1700BT,0.98,inventory.model,False,[],False
0b4114d829c4dd93,inventory.csv#8306,R1700BTs,R1700BTs,0.98,inventory.model,False,[],False
a01aabbe0aa4c1b4,inventory.csv#8307,R1855DB,R1855DB,0.98,inventory.model,False,[],False
120107c3c3384d3a,inventory.csv#8308,R2800,R2800,0.98,inventory.model,False,[],False
a4bcd20ab4fde969,inventory.csv#8309,RC10D1_R2730DB,RC10D1_R2730DB,0.98,inventory.model,False,[],False
7c5caa1578a4b4e2,inventory.csv#831,1_-1,1_-1,0.98,inventory.model,False,[],False
2a9bb1c7b473f1b1,inventory.csv#8310,RC17A,RC17A,0.98,inventory.model,False,[],False
b37df3f8f1b9cdf6,inventory.csv#8311,RC20G,RC20G,0.98,inventory.model,False,[],False
42291b785e289785,inventory.csv#8312,RC80B,RC80B,0.98,inventory.model,False,[],False
2848b4b5baea9ce0,inventory.csv#8313,S360DB,S360DB,0.98,inventory.model,False,[],False
fe29f23c3021e20f,inventory.csv#8314,S760D,S760D,0.98,inventory.model,False,[],False
a89e6f8f7b256e7e,inventory.csv#8315,Speakers_RC31A,Speakers_RC31A,0.98,inventory.model,False,[],False
1e259eef1e3170d4,inventory.csv#8316,AI40,AI40,0.98,inventory.model,False,[],False
dfe94499a6fedf9b,inventory.csv#8317,bl-xk01,bl-xk01,0.98,inventory.model,False,[],False
353fbb5f22561f78,inventory.csv#8318,Dream_Aurora_AC6923,Dream_Aurora_AC6923,0.98,inventory.model,False,[],False
ad1770dade945546,inventory.csv#8319,Quacker_LED_Speaker,Quacker_LED_Speaker,0.98,inventory.model,False,[],False
9c7de8748a70936b,inventory.csv#832,7_0,7_0,0.98,inventory.model,False,[],False
5d1f284fb02b0487,inventory.csv#8320,Sound_System_Model_L,Sound_System_Model_L,0.98,inventory.model,False,[],False
fb6eeeb22652545d,inventory.csv#8321,IBIZA_PORT_15_UHF,IBIZA_PORT_15_UHF,0.98,inventory.model,False,[],False
8673ff698643b62a,inventory.csv#8322,Cinema_CB150,Cinema_CB150,0.98,inventory.model,False,[],False
427c66ba80495619,inventory.csv#8323,LSR4326P,LSR4326P,0.98,inventory.model,False,[],False
636ab323b0a26f37,inventory.csv#8324,On_Stage_IIIP_Speaker,On_Stage_IIIP_Speaker,0.98,inventory.model,False,[],False
98bd4c93eee8e8e9,inventory.csv#8325,D62BM,D62BM,0.98,inventory.model,False,[],False
0df2015234ed43cf,inventory.csv#8326,Kanto_YU5,Kanto_YU5,0.98,inventory.model,False,[],False
06d4b14c8eb32ec4,inventory.csv#8327,LSX_Speakers,LSX_Speakers,0.98,inventory.model,False,[],False
43f3b96476643301,inventory.csv#8328,fives,fives,0.98,inventory.model,False,[],False
b45a91bd9d7abe92,inventory.csv#8329,Heritage_Three_ii,Heritage_Three_ii,0.98,inventory.model,False,[],False
57b626cc42fb874e,inventory.csv#833,15_-1,15_-1,0.98,inventory.model,False,[],False
50883fac97f872a1,inventory.csv#8330,r15pm,r15pm,0.98,inventory.model,False,[],False
7a6470ff138ad2a1,inventory.csv#8331,r41pm,r41pm,0.98,inventory.model,False,[],False
91c300c49763c779,inventory.csv#8332,Logi_WD216XM,Logi_WD216XM,0.98,inventory.model,False,[],False
ea16d185a8bfc915,inventory.csv#8333,Z-5500,Z-5500,0.98,inventory.model,False,[],False
d594d3cbfd9d9994,inventory.csv#8334,Z906,Z906,0.98,inventory.model,False,[],False
cc4d0f25e4e27250,inventory.csv#8335,RC071,RC071,0.98,inventory.model,False,[],False
84ab7455ba99f336,inventory.csv#8336,SOLO11,SOLO11,0.98,inventory.model,False,[],False
3440947f7e292b70,inventory.csv#8337,Muso,Muso,0.98,inventory.model,False,[],False
eac427fef8c09ca7,inventory.csv#8338,ROHS_BL_XK01,ROHS_BL_XK01,0.98,inventory.model,False,[],False
a57ef6c5ab886f9e,inventory.csv#8339,N2QAYB000145,N2QAYB000145,0.98,inventory.model,False,[],False
c22da8665e6e8e4b,inventory.csv#834,7_0,7_0,0.98,inventory.model,False,[],False
b9041eff1b17399a,inventory.csv#8340,SA-PM602,SA-PM602,0.98,inventory.model,False,[],False
07d81ae37eb66b01,inventory.csv#8341,SC-PMX92-94,SC-PMX92-94,0.98,inventory.model,False,[],False
0e4b999b62c93d65,inventory.csv#8342,M40,M40,0.98,inventory.model,False,[],False
65c7e58489e2d4c7,inventory.csv#8343,MR1,MR1,0.98,inventory.model,False,[],False
80eee8c2aa4e0369,inventory.csv#8344,MX-T50,MX-T50,0.98,inventory.model,False,[],False
3d6b2061f00df4ae,inventory.csv#8345,RC30,RC30,0.98,inventory.model,False,[],False
308515a0117503a2,inventory.csv#8346,Amp_STR-DE875,Amp_STR-DE875,0.98,inventory.model,False,[],False
439148b20c129f56,inventory.csv#8347,SRS-GU10iP,SRS-GU10iP,0.98,inventory.model,False,[],False
feb6102dabe49f04,inventory.csv#8348,Desktop_Speakers,Desktop_Speakers,0.98,inventory.model,False,[],False
9d63cdfd0a862085,inventory.csv#8349,3SIXTY,3SIXTY,0.98,inventory.model,False,[],False
5a2733f27159c83e,inventory.csv#835,1_-1,1_-1,0.98,inventory.model,False,[],False
3da07b0f5d1255c2,inventory.csv#8350,CEM500RC,CEM500RC,0.98,inventory.model,False,[],False
b12eb459b9e37e03,inventory.csv#8351,RM-V329,RM-V329,0.98,inventory.model,False,[],False
4764120a007c7b9d,inventory.csv#8352,Soundor8_VT-6000W,Soundor8_VT-6000W,0.98,inventory.model,False,[],False
977e31e5a06c9b0a,inventory.csv#8353,Alexa_Voice_2ndGen,Alexa_Voice_2ndGen,0.98,inventory.model,False,[],False
909e4ec4c78745de,inventory.csv#8354,FireTV_Stick_4K_Max,FireTV_Stick_4K_Max,0.98,inventory.model,False,[],False
27c92ca2f1dc30a2,inventory.csv#8355,TV,TV,0.98,inventory.model,False,[],False
93889ea3a4930838,inventory.csv#8356,TV_4K_Gen2,TV_4K_Gen2,0.98,inventory.model,False,[],False
67072c4ec03af300,inventory.csv#8357,TV_Gen2,TV_Gen2,0.98,inventory.model,False,[],False
9ff915f77ef134cd,inventory.csv#8358,TV_Gen3,TV_Gen3,0.98,inventory.model,False,[],False
be6c5d06a6e101d0,inventory.csv#8359,TV_Gen3_v2,TV_Gen3_v2,0.98,inventory.model,False,[],False
edee61c229f641e2,inventory.csv#836,2_-1,2_-1,0.98,inventory.model,False,[],False
f85bb676b965f0d6,inventory.csv#8360,R1-Plus,R1-Plus,0.98,inventory.model,False,[],False
754b588a8534d4f3,inventory.csv#8361,Z8,Z8,0.98,inventory.model,False,[],False
dc879b591cf0635c,inventory.csv#8362,Strato_V,Strato_V,0.98,inventory.model,False,[],False
43dea2a54fcbe7d5,inventory.csv#8363,TV_Box,TV_Box,0.98,inventory.model,False,[],False
46e79a91e6e6afaa,inventory.csv#8364,KM6,KM6,0.98,inventory.model,False,[],False
7ff38ec95c2ed436,inventory.csv#8365,4K_Pro,4K_Pro,0.98,inventory.model,False,[],False
e7ede0796fc23c25,inventory.csv#8366,Roku,Roku,0.98,inventory.model,False,[],False
62eb3c3538d88c35,inventory.csv#8367,Roku2,Roku2,0.98,inventory.model,False,[],False
b57e8d5046de96af,inventory.csv#8368,Roku2_channels,Roku2_channels,0.98,inventory.model,False,[],False
432e39e29378594c,inventory.csv#8369,Roku3,Roku3,0.98,inventory.model,False,[],False
c8195869895b9cf1,inventory.csv#837,96_1,96_1,0.98,inventory.model,False,[],False
4e2de70bf0ae45a8,inventory.csv#8370,4k,4k,0.98,inventory.model,False,[],False
58ab7a45ff2cf973,inventory.csv#8371,Alternate,Alternate,0.98,inventory.model,False,[],False
39e52a687b6e2ab5,inventory.csv#8372,dxD00pU,dxD00pU,0.98,inventory.model,False,[],False
cbaf0ae3c967f636,inventory.csv#8373,SoundBridge,SoundBridge,0.98,inventory.model,False,[],False
a5e472daf67e9bc7,inventory.csv#8374,TCL_Roku_Remote,TCL_Roku_Remote,0.98,inventory.model,False,[],False
bc74d968e1a02b0a,inventory.csv#8375,TCL_Roku_TV,TCL_Roku_TV,0.98,inventory.model,False,[],False
2836ad670fddad5c,inventory.csv#8376,MiBox1,MiBox1,0.98,inventory.model,False,[],False
fea631d511d93fb8,inventory.csv#8377,MiBox2,MiBox2,0.98,inventory.model,False,[],False
6afa938c59da02a9,inventory.csv#8378,RE7501_Interactive_Display,RE7501_Interactive_Display,0.98,inventory.model,False,[],False
539601bd6a0c97f4,inventory.csv#8379,Interactive_Flat_Panel_PROCOLOR653U,Interactive_Flat_Panel_PROCOLOR653U,0.98,inventory.model,False,[],False
8161bb1ffa8ececd,inventory.csv#838,0_223,0_223,0.98,inventory.model,False,[],False
08193c8638dd925b,inventory.csv#8380,Cleartouch,Cleartouch,0.98,inventory.model,False,[],False
647d6c99207fd16a,inventory.csv#8381,Clevertouch,Clevertouch,0.98,inventory.model,False,[],False
d9838612c53fd59d,inventory.csv#8382,Ctouch,Ctouch,0.98,inventory.model,False,[],False
f1351f88c6f54ddd,inventory.csv#8383,Ctouch2,Ctouch2,0.98,inventory.model,False,[],False
02451c22bebd0648,inventory.csv#8384,Schule,Schule,0.98,inventory.model,False,[],False
2c734c3d368c14e5,inventory.csv#8385,i3touch,i3touch,0.98,inventory.model,False,[],False
040f21fa8d4aaf28,inventory.csv#8386,DIS-9800,DIS-9800,0.98,inventory.model,False,[],False
91f9fc5a190d7eaa,inventory.csv#8387,ETX,ETX,0.98,inventory.model,False,[],False
f65b1825259daaac,inventory.csv#8388,Full_Remote,Full_Remote,0.98,inventory.model,False,[],False
88077720a4d99d3f,inventory.csv#8389,Interactive_Board,Interactive_Board,0.98,inventory.model,False,[],False
2639e54d1d445f15,inventory.csv#839,120_-1,120_-1,0.98,inventory.model,False,[],False
d4f4aeb774621336,inventory.csv#8390,NEW,NEW,0.98,inventory.model,False,[],False
37dfba14b0cfcc1d,inventory.csv#8391,Onescreen,Onescreen,0.98,inventory.model,False,[],False
8de6f1be5986d962,inventory.csv#8392,Proline,Proline,0.98,inventory.model,False,[],False
de76991b834adff8,inventory.csv#8393,Newline,Newline,0.98,inventory.model,False,[],False
956729d82a85ba82,inventory.csv#8394,SMART_Board_MX,SMART_Board_MX,0.98,inventory.model,False,[],False
69aba0c4d066c157,inventory.csv#8395,ViewSonic-EBB7F,ViewSonic-EBB7F,0.98,inventory.model,False,[],False
5e7f0ed4fb6df9c0,inventory.csv#8396,ViewBoard,ViewBoard,0.98,inventory.model,False,[],False
ec73162741fc1981,inventory.csv#8397,PoV_game_display,PoV_game_display,0.98,inventory.model,False,[],False
8d3f53f4ad10fe72,inventory.csv#8398,Travel_Train,Travel_Train,0.98,inventory.model,False,[],False
7862b4063040de3a,inventory.csv#8399,WORLD_IR102_Train_ChA,WORLD_IR102_Train_ChA,0.98,inventory.model,False,[],False
b84f176f00c69001,inventory.csv#84,112_0,112_0,0.98,inventory.model,False,[],False
9996bd25c2f136fc,inventory.csv#840,0_0,0_0,0.98,inventory.model,False,[],False
21dacd4647a0430e,inventory.csv#8400,WORLD_IR102_Train_ChB,WORLD_IR102_Train_ChB,0.98,inventory.model,False,[],False
aefcbbac1647c6cc,inventory.csv#8401,Train,Train,0.98,inventory.model,False,[],False
0f43f32974425eca,inventory.csv#8402,FISHERPRICE_CDN41,FISHERPRICE_CDN41,0.98,inventory.model,False,[],False
dfab3af566be9a42,inventory.csv#8403,biobug_stomper,biobug_stomper,0.98,inventory.model,False,[],False
d0078a923e6fb435,inventory.csv#8404,Furby,Furby,0.98,inventory.model,False,[],False
acc2a7025c6de29d,inventory.csv#8405,Hexbug_A_B,Hexbug_A_B,0.98,inventory.model,False,[],False
e4f9b98801eeec95,inventory.csv#8406,CH-A,CH-A,0.98,inventory.model,False,[],False
f3f105becbd36a26,inventory.csv#8407,CH-B,CH-B,0.98,inventory.model,False,[],False
03b4c7aed6d45870,inventory.csv#8408,410065_Gun,410065_Gun,0.98,inventory.model,False,[],False
6c612b63ddcf9996,inventory.csv#8409,COCACOLA_TRAIN,COCACOLA_TRAIN,0.98,inventory.model,False,[],False
c9caaacaa081fe8e,inventory.csv#841,0_0,0_0,0.98,inventory.model,False,[],False
ccebd12f5d09571b,inventory.csv#8410,Kidland_train,Kidland_train,0.98,inventory.model,False,[],False
1fff6b6a44983cce,inventory.csv#8411,Laser_X,Laser_X,0.98,inventory.model,False,[],False
b0756416c41b254f,inventory.csv#8412,Lego_Mindstorms_RCX,Lego_Mindstorms_RCX,0.98,inventory.model,False,[],False
ec6d658cd3e797b1,inventory.csv#8413,Lego_Remote,Lego_Remote,0.98,inventory.model,False,[],False
654152b1c88fe12f,inventory.csv#8414,Lego_Train,Lego_Train,0.98,inventory.model,False,[],False
51322e71c67f3e32,inventory.csv#8415,Marklin_My_World-Junior,Marklin_My_World-Junior,0.98,inventory.model,False,[],False
2f3e295b9622df7c,inventory.csv#8416,LaserOps_PRO,LaserOps_PRO,0.98,inventory.model,False,[],False
1478de456357ba06,inventory.csv#8417,laseropspro,laseropspro,0.98,inventory.model,False,[],False
d3e7690abe09f4e8,inventory.csv#8418,Toy_Train,Toy_Train,0.98,inventory.model,False,[],False
b8c14d495926df6d,inventory.csv#8419,Robomaster_Blaster,Robomaster_Blaster,0.98,inventory.model,False,[],False
1b7b323b38799cce,inventory.csv#842,0_0,0_0,0.98,inventory.model,False,[],False
866ad366ed6d9667,inventory.csv#8420,RC_Smart_Dance_Robot,RC_Smart_Dance_Robot,0.98,inventory.model,False,[],False
18b692024c37e343,inventory.csv#8421,Silverlit-Yoco_Robocombat_blue,Silverlit-Yoco_Robocombat_blue,0.98,inventory.model,False,[],False
4cd830d37078c375,inventory.csv#8422,Silverlit-Yoco_Robocombat_green,Silverlit-Yoco_Robocombat_green,0.98,inventory.model,False,[],False
7a0239290943c621,inventory.csv#8423,Wall-E_Robot,Wall-E_Robot,0.98,inventory.model,False,[],False
af51ae9b416aa1e1,inventory.csv#8424,Musical_Train,Musical_Train,0.98,inventory.model,False,[],False
89ccd97b64b137fb,inventory.csv#8425,SolarSystemInMyRoom,SolarSystemInMyRoom,0.98,inventory.model,False,[],False
dabff2ef796a2f28,inventory.csv#8426,FlightBall,FlightBall,0.98,inventory.model,False,[],False
a8d7cbf4952f54ae,inventory.csv#8427,Flying_orb,Flying_orb,0.98,inventory.model,False,[],False
690c443299b0fe92,inventory.csv#8428,Solar_system,Solar_system,0.98,inventory.model,False,[],False
707a446877fe4574,inventory.csv#8429,Cyberpunk_WinyeaTag_LaserTag,Cyberpunk_WinyeaTag_LaserTag,0.98,inventory.model,False,[],False
2320eb42c2d912ed,inventory.csv#843,1_0,1_0,0.98,inventory.model,False,[],False
2a303737d5613492,inventory.csv#8430,Roboraptor,Roboraptor,0.98,inventory.model,False,[],False
b534ab4c05d0f5c4,inventory.csv#8431,RoboSapien,RoboSapien,0.98,inventory.model,False,[],False
d6431060924fca83,inventory.csv#8432,RoboSapienRenamed,RoboSapienRenamed,0.98,inventory.model,False,[],False
6b557d60044f1115,inventory.csv#8433,elWron,elWron,0.98,inventory.model,False,[],False
89938b2565e3cec5,inventory.csv#8434,R-005,R-005,0.98,inventory.model,False,[],False
c0d674d46f6777e1,inventory.csv#8435,WinTV_DualHD,WinTV_DualHD,0.98,inventory.model,False,[],False
74d86c9ab43cb5ec,inventory.csv#8436,Homeworx_HW180STB,Homeworx_HW180STB,0.98,inventory.model,False,[],False
20bc2176af58f352,inventory.csv#8437,DVR401B,DVR401B,0.98,inventory.model,False,[],False
2342ec60b98dc0be,inventory.csv#8438,ATE_22Y604W,ATE_22Y604W,0.98,inventory.model,False,[],False
3178f8b43450e7df,inventory.csv#8439,FireTV_Omni_Series_4K,FireTV_Omni_Series_4K,0.98,inventory.model,False,[],False
4fc96e69623bd8aa,inventory.csv#844,0_0,0_0,0.98,inventory.model,False,[],False
b6b12b5aec69fcab,inventory.csv#8440,TV_Remote,TV_Remote,0.98,inventory.model,False,[],False
f6a3f5358d7d68e6,inventory.csv#8441,TV_MXQ,TV_MXQ,0.98,inventory.model,False,[],False
c8e209ba42ae264f,inventory.csv#8442,LE4643T,LE4643T,0.98,inventory.model,False,[],False
e8e320399a64f1d0,inventory.csv#8443,MSDV3268O5D0,MSDV3268O5D0,0.98,inventory.model,False,[],False
8eb94e1a61140248,inventory.csv#8444,T15011DLEDDS_RC-6,T15011DLEDDS_RC-6,0.98,inventory.model,False,[],False
cd058ff002e69195,inventory.csv#8445,ATV_50FHD4,ATV_50FHD4,0.98,inventory.model,False,[],False
352f77b35c4800ee,inventory.csv#8446,tv,tv,0.98,inventory.model,False,[],False
3e320eb46dc0c7f6,inventory.csv#8447,TV_LEM-1071,TV_LEM-1071,0.98,inventory.model,False,[],False
b0ce04dbfc183552,inventory.csv#8448,BLE2814D,BLE2814D,0.98,inventory.model,False,[],False
e206173822c6a49e,inventory.csv#8449,Blaupunkt,Blaupunkt,0.98,inventory.model,False,[],False
af221691968eed9d,inventory.csv#845,1_0,1_0,0.98,inventory.model,False,[],False
a0deb41d377ff63a,inventory.csv#8450,BWPCM2,BWPCM2,0.98,inventory.model,False,[],False
fde4a51e48ad95e6,inventory.csv#8451,TV,TV,0.98,inventory.model,False,[],False
800fa80a0a569b25,inventory.csv#8452,TV,TV,0.98,inventory.model,False,[],False
5fd3c417b9e9f495,inventory.csv#8453,Essentiel_B_TV,Essentiel_B_TV,0.98,inventory.model,False,[],False
eb0cd5b06aaa6723,inventory.csv#8454,B3228HD,B3228HD,0.98,inventory.model,False,[],False
f4b5bcb08a9365c2,inventory.csv#8455,B3230HD_TV,B3230HD_TV,0.98,inventory.model,False,[],False
02c9eca0bf1ce4ed,inventory.csv#8456,Bush43QT24SB,Bush43QT24SB,0.98,inventory.model,False,[],False
6abcc5e86eb6ba14,inventory.csv#8457,TV_DLED32287HDCNTDFVP,TV_DLED32287HDCNTDFVP,0.98,inventory.model,False,[],False
723c54d9cccbd5bb,inventory.csv#8458,TV_VL32HDLED,TV_VL32HDLED,0.98,inventory.model,False,[],False
48d2a61ee6302308,inventory.csv#8459,Escalade_TV,Escalade_TV,0.98,inventory.model,False,[],False
876352e5861a1121,inventory.csv#846,0_0,0_0,0.98,inventory.model,False,[],False
03dc952e81b637ca,inventory.csv#8460,RC512_Remote,RC512_Remote,0.98,inventory.model,False,[],False
812e8ac255e0f0cd,inventory.csv#8461,ContinentalEdison,ContinentalEdison,0.98,inventory.model,False,[],False
65d2210e0782e793,inventory.csv#8462,CELD55SQLDV24B6,CELD55SQLDV24B6,0.98,inventory.model,False,[],False
c195eedbee655e1b,inventory.csv#8463,CELED32JBL7,CELED32JBL7,0.98,inventory.model,False,[],False
906090897e0ca948,inventory.csv#8464,CELED502723,CELED502723,0.98,inventory.model,False,[],False
7c10463f65375063,inventory.csv#8465,generic,generic,0.98,inventory.model,False,[],False
fac2e37a37ecee1f,inventory.csv#8466,22111,22111,0.98,inventory.model,False,[],False
989ea8f68a2462f4,inventory.csv#8467,RC647340,RC647340,0.98,inventory.model,False,[],False
25a28f18829e5a04,inventory.csv#8468,Daewood_Parsed,Daewood_Parsed,0.98,inventory.model,False,[],False
55cbad048f865073,inventory.csv#8469,LED-3271,LED-3271,0.98,inventory.model,False,[],False
3607ac5bb86cfa6c,inventory.csv#847,0_4,0_4,0.98,inventory.model,False,[],False
61a991867e5a0ac2,inventory.csv#8470,Unknown_Model,Unknown_Model,0.98,inventory.model,False,[],False
b04b14693d6de06e,inventory.csv#8471,Butlins,Butlins,0.98,inventory.model,False,[],False
a148167d3d8c45a5,inventory.csv#8472,DL-32HD-002,DL-32HD-002,0.98,inventory.model,False,[],False
5659e2e89db1354b,inventory.csv#8473,DX-RC01A-12,DX-RC01A-12,0.98,inventory.model,False,[],False
5b6e57c30ff7d428,inventory.csv#8474,EN21669D,EN21669D,0.98,inventory.model,False,[],False
c26ad44cb7de3ae3,inventory.csv#8475,RC-701-0A,RC-701-0A,0.98,inventory.model,False,[],False
4de66270a5e24785,inventory.csv#8476,Movie_Smart_32_XT,Movie_Smart_32_XT,0.98,inventory.model,False,[],False
e219ec192ccbb7fd,inventory.csv#8477,TV,TV,0.98,inventory.model,False,[],False
6cebaf17e74d331b,inventory.csv#8478,100-Series_TV,100-Series_TV,0.98,inventory.model,False,[],False
dd67974435b8ec2a,inventory.csv#8479,FullRemote,FullRemote,0.98,inventory.model,False,[],False
9e6e16209144345e,inventory.csv#848,1_0,1_0,0.98,inventory.model,False,[],False
140dfe6180a26e83,inventory.csv#8480,TV,TV,0.98,inventory.model,False,[],False
735b3b43c192f7e5,inventory.csv#8481,TV,TV,0.98,inventory.model,False,[],False
83cafd52dd4da816,inventory.csv#8482,L32HD1000,L32HD1000,0.98,inventory.model,False,[],False
6abffa2eab592cfa,inventory.csv#8483,32FNT004,32FNT004,0.98,inventory.model,False,[],False
2615f234df435702,inventory.csv#8484,EWC13D4,EWC13D4,0.98,inventory.model,False,[],False
3d6ad47b0df452c1,inventory.csv#8485,remote_NH303UD,remote_NH303UD,0.98,inventory.model,False,[],False
d787d125691efcd2,inventory.csv#8486,Enseo,Enseo,0.98,inventory.model,False,[],False
52ce70eb9463a7c2,inventory.csv#8487,full,full,0.98,inventory.model,False,[],False
e8fb45c621331da5,inventory.csv#8488,AL52D_B,AL52D_B,0.98,inventory.model,False,[],False
4217a8079a26a7d0,inventory.csv#8489,EssentielB,EssentielB,0.98,inventory.model,False,[],False
5c72f7ca96277ebc,inventory.csv#849,1_4,1_4,0.98,inventory.model,False,[],False
83ddced8ed6b3ef9,inventory.csv#8490,TV_Box_AUS,TV_Box_AUS,0.98,inventory.model,False,[],False
00e96e9434568774,inventory.csv#8491,SF1_Smart_TV,SF1_Smart_TV,0.98,inventory.model,False,[],False
e6deeab7bd15d4ff,inventory.csv#8492,FINLUX,FINLUX,0.98,inventory.model,False,[],False
4a09f82b5bea5fbe,inventory.csv#8493,Funai,Funai,0.98,inventory.model,False,[],False
74dd9a479321b904,inventory.csv#8494,Furrion,Furrion,0.98,inventory.model,False,[],False
0e47813e194cf4de,inventory.csv#8495,AORUS_Monitor,AORUS_Monitor,0.98,inventory.model,False,[],False
5feddef0376ebcc6,inventory.csv#8496,TVH24P266T,TVH24P266T,0.98,inventory.model,False,[],False
8eee5c0663fd3454,inventory.csv#8497,Gpx,Gpx,0.98,inventory.model,False,[],False
e2b0b44e5e326080,inventory.csv#8498,Grandin,Grandin,0.98,inventory.model,False,[],False
41facbedf48251ce,inventory.csv#8499,Unknown_Model,Unknown_Model,0.98,inventory.model,False,[],False
b693e50c50074f5c,inventory.csv#85,127_0,127_0,0.98,inventory.model,False,[],False
c47438e65bea4a89,inventory.csv#850,2_-1,2_-1,0.98,inventory.model,False,[],False
d2293e49ce2bbdef,inventory.csv#8500,GRUNDIG,GRUNDIG,0.98,inventory.model,False,[],False
8ee373b8f03b4b0c,inventory.csv#8501,2,2,0.98,inventory.model,False,[],False
b2c98101d83b37bf,inventory.csv#8502,AndroidTV,AndroidTV,0.98,inventory.model,False,[],False
eb82d50400a1aeb1,inventory.csv#8503,TP750C,TP750C,0.98,inventory.model,False,[],False
d161eadc852e45c3,inventory.csv#8504,TP800,TP800,0.98,inventory.model,False,[],False
93facba21527a41d,inventory.csv#8505,UNKNOWN,UNKNOWN,0.98,inventory.model,False,[],False
021890e44ed842ae,inventory.csv#8506,Marriot_Hotel,Marriot_Hotel,0.98,inventory.model,False,[],False
8e1c05ed456123b2,inventory.csv#8507,GVA32M7D,GVA32M7D,0.98,inventory.model,False,[],False
f1a6d7c551b7882e,inventory.csv#8508,L42C1180,L42C1180,0.98,inventory.model,False,[],False
5d3d04193ffa70ed,inventory.csv#8509,32A4HAU,32A4HAU,0.98,inventory.model,False,[],False
41c86089c40fcade,inventory.csv#851,0_0,0_0,0.98,inventory.model,False,[],False
f0770ef141591dd7,inventory.csv#8510,55E7KQ,55E7KQ,0.98,inventory.model,False,[],False
c78fbb2e916f7000,inventory.csv#8511,55K3201GUWUS,55K3201GUWUS,0.98,inventory.model,False,[],False
f0fc0e3de04188d8,inventory.csv#8512,55U6K,55U6K,0.98,inventory.model,False,[],False
33ac1c83dbea1ac5,inventory.csv#8513,58R5,58R5,0.98,inventory.model,False,[],False
3a1f0f6636cdb318,inventory.csv#8514,65K3300UW,65K3300UW,0.98,inventory.model,False,[],False
e8e63d6737145099,inventory.csv#8515,EN3AH39H,EN3AH39H,0.98,inventory.model,False,[],False
2f8e625b89a70228,inventory.csv#8516,EN3Y39H,EN3Y39H,0.98,inventory.model,False,[],False
00e76637ff5f60e1,inventory.csv#8517,EN_33926A,EN_33926A,0.98,inventory.model,False,[],False
3395a8b00d60c5c3,inventory.csv#8518,ER22601A,ER22601A,0.98,inventory.model,False,[],False
6ad6dc97cfbbb85f,inventory.csv#8519,K321UW,K321UW,0.98,inventory.model,False,[],False
9450009af15c1e69,inventory.csv#852,16_0,16_0,0.98,inventory.model,False,[],False
621c9aa0c060bc09,inventory.csv#8520,RokuTV,RokuTV,0.98,inventory.model,False,[],False
c50a43ba65be8644,inventory.csv#8521,TV_ZDB2190126,TV_ZDB2190126,0.98,inventory.model,False,[],False
328df23dba328cd1,inventory.csv#8522,U7G,U7G,0.98,inventory.model,False,[],False
7dafcde0a1c3279e,inventory.csv#8523,43140,43140,0.98,inventory.model,False,[],False
7b445524ba7120c6,inventory.csv#8524,49141,49141,0.98,inventory.model,False,[],False
55fbed10fbae9a00,inventory.csv#8525,CLE-1031,CLE-1031,0.98,inventory.model,False,[],False
3a699dd3ad5cd770,inventory.csv#8526,LE46H508,LE46H508,0.98,inventory.model,False,[],False
a79a20077b8b0bf3,inventory.csv#8527,RC43140,RC43140,0.98,inventory.model,False,[],False
3d296673f63023ba,inventory.csv#8528,SmartTV_43140,SmartTV_43140,0.98,inventory.model,False,[],False
655b8616980f47f4,inventory.csv#8529,Hilton_Connected_Room_Remote,Hilton_Connected_Room_Remote,0.98,inventory.model,False,[],False
cd30196b4b98748b,inventory.csv#853,1_0,1_0,0.98,inventory.model,False,[],False
0dc1dddf6958862e,inventory.csv#8530,Marriott-BONVoY_Remote,Marriott-BONVoY_Remote,0.98,inventory.model,False,[],False
b5b864623aee84f5,inventory.csv#8531,Insignia,Insignia,0.98,inventory.model,False,[],False
560dc61f60a89232,inventory.csv#8532,NS_40D510NA17,NS_40D510NA17,0.98,inventory.model,False,[],False
c839e5300e047692,inventory.csv#8533,NS_RC9DNA-14,NS_RC9DNA-14,0.98,inventory.model,False,[],False
7df4efd592fb44b4,inventory.csv#8534,NS_RCFNA_21,NS_RCFNA_21,0.98,inventory.model,False,[],False
ef5024a4c11ec9f9,inventory.csv#8535,4KTV,4KTV,0.98,inventory.model,False,[],False
1e4821ebc26a333c,inventory.csv#8536,LT-49HW97U,LT-49HW97U,0.98,inventory.model,False,[],False
e9df2cf657a5b8db,inventory.csv#8537,RMT-JR01,RMT-JR01,0.98,inventory.model,False,[],False
da3d4c1bad809239,inventory.csv#8538,CP20M36VT,CP20M36VT,0.98,inventory.model,False,[],False
1c65b321a5cec619,inventory.csv#8539,KALED50XU9210STB,KALED50XU9210STB,0.98,inventory.model,False,[],False
ac327cbf8daa54ba,inventory.csv#854,4_-1,4_-1,0.98,inventory.model,False,[],False
8b055bb338f564c8,inventory.csv#8540,KTV,KTV,0.98,inventory.model,False,[],False
79373a5c99802e3b,inventory.csv#8541,LG,LG,0.98,inventory.model,False,[],False
63a93851f751f53a,inventory.csv#8542,24LJ4840,24LJ4840,0.98,inventory.model,False,[],False
c9663e8820b5e9ff,inventory.csv#8543,27GR95QE_TV,27GR95QE_TV,0.98,inventory.model,False,[],False
4d9bbf457ebb295d,inventory.csv#8544,32LF650V,32LF650V,0.98,inventory.model,False,[],False
87197b6ca48344ad,inventory.csv#8545,32LN5406,32LN5406,0.98,inventory.model,False,[],False
80c2fab74323701f,inventory.csv#8546,32LW4500,32LW4500,0.98,inventory.model,False,[],False
b18d6c2a9611313f,inventory.csv#8547,37LN5403,37LN5403,0.98,inventory.model,False,[],False
c6bc8c0a27fdece2,inventory.csv#8548,43NANO779PA,43NANO779PA,0.98,inventory.model,False,[],False
4358aefc1fb2465a,inventory.csv#8549,48LV340H,48LV340H,0.98,inventory.model,False,[],False
dd5b2b2dee2ce659,inventory.csv#855,4_0,4_0,0.98,inventory.model,False,[],False
3b6ea6594e084483,inventory.csv#8550,4K_TV,4K_TV,0.98,inventory.model,False,[],False
3bbf5b868afaf751,inventory.csv#8551,55LB870V_ZA,55LB870V_ZA,0.98,inventory.model,False,[],False
a61c2df2c12bb4d7,inventory.csv#8552,55UN7300AUD,55UN7300AUD,0.98,inventory.model,False,[],False
d1a939478f82ffa1,inventory.csv#8553,75UJ6470,75UJ6470,0.98,inventory.model,False,[],False
5bb7e4b330594a46,inventory.csv#8554,AKB33871403,AKB33871403,0.98,inventory.model,False,[],False
12f04b5b8ccdfcc8,inventory.csv#8555,AKB69680401,AKB69680401,0.98,inventory.model,False,[],False
566e37fbdacb0970,inventory.csv#8556,AKB72913118,AKB72913118,0.98,inventory.model,False,[],False
efbf0a2e994f5da0,inventory.csv#8557,AKB72914048,AKB72914048,0.98,inventory.model,False,[],False
cf8d230208d06543,inventory.csv#8558,AKB72915206,AKB72915206,0.98,inventory.model,False,[],False
cc7e435c60464217,inventory.csv#8559,AKB73275675,AKB73275675,0.98,inventory.model,False,[],False
989016183903f22f,inventory.csv#856,5_-1,5_-1,0.98,inventory.model,False,[],False
78c2d1259681ef4a,inventory.csv#8560,AKB74915305,AKB74915305,0.98,inventory.model,False,[],False
4ee14aea6ae75d2e,inventory.csv#8561,AKB75095307,AKB75095307,0.98,inventory.model,False,[],False
8238c6727c00569a,inventory.csv#8562,AKB75375608,AKB75375608,0.98,inventory.model,False,[],False
749e351bd6bfb4f6,inventory.csv#8563,AKB75675311,AKB75675311,0.98,inventory.model,False,[],False
05c9ab87c6cc403a,inventory.csv#8564,AKB75855501,AKB75855501,0.98,inventory.model,False,[],False
8ccd1a20c69d8725,inventory.csv#8565,AKB76043102,AKB76043102,0.98,inventory.model,False,[],False
53f4547b9dd819ce,inventory.csv#8566,C1,C1,0.98,inventory.model,False,[],False
ba6a4ad778e0579e,inventory.csv#8567,C9_magic_remote,C9_magic_remote,0.98,inventory.model,False,[],False
d38a66defa2efd47,inventory.csv#8568,Factory_Service,Factory_Service,0.98,inventory.model,False,[],False
a541d6426b3f6133,inventory.csv#8569,Hotel_tv,Hotel_tv,0.98,inventory.model,False,[],False
8be8fa3e17c35a50,inventory.csv#857,4_0,4_0,0.98,inventory.model,False,[],False
dcaa1f433cdc78ed,inventory.csv#8570,Hotel_TV_Home2,Hotel_TV_Home2,0.98,inventory.model,False,[],False
3fc9242d16a3d3b7,inventory.csv#8571,MKJ33981404,MKJ33981404,0.98,inventory.model,False,[],False
b429e95f346cfe03,inventory.csv#8572,MKJ39170828_Service,MKJ39170828_Service,0.98,inventory.model,False,[],False
ba5bbd8ee2519ae7,inventory.csv#8573,MR21GC_Magic_Remote,MR21GC_Magic_Remote,0.98,inventory.model,False,[],False
c4d2136c2c22c7ef,inventory.csv#8574,OLED48C37LA (LG_OLED C3 models),OLED48C37LA (LG_OLED C3 models),0.98,inventory.model,False,[],False
62df5d097dff8313,inventory.csv#8575,OLED65C8PUA,OLED65C8PUA,0.98,inventory.model,False,[],False
118c99ce74b391b9,inventory.csv#8576,TV_42LF5800,TV_42LF5800,0.98,inventory.model,False,[],False
d97765cfab153b3e,inventory.csv#8577,TV_AKB75375604,TV_AKB75375604,0.98,inventory.model,False,[],False
a456dbf62cbdd63b,inventory.csv#8578,lodgenet_lrc3220,lodgenet_lrc3220,0.98,inventory.model,False,[],False
a5d02792cbe43d3c,inventory.csv#8579,TV,TV,0.98,inventory.model,False,[],False
a3306fb05ca29fb9,inventory.csv#858,0_-1,0_-1,0.98,inventory.model,False,[],False
ad7a6324ac49da45,inventory.csv#8580,20MT1331_17,20MT1331_17,0.98,inventory.model,False,[],False
3c748ffbafbc823d,inventory.csv#8581,CD130MW8,CD130MW8,0.98,inventory.model,False,[],False
f1909304483adb2a,inventory.csv#8582,RD0946T102,RD0946T102,0.98,inventory.model,False,[],False
4bdd00f21283d01a,inventory.csv#8583,Manta,Manta,0.98,inventory.model,False,[],False
ca7a35695895c77d,inventory.csv#8584,TV,TV,0.98,inventory.model,False,[],False
f9dcdbd41ed9a010,inventory.csv#8585,TV_2,TV_2,0.98,inventory.model,False,[],False
f72ca0d0710bd3c8,inventory.csv#8586,1435b,1435b,0.98,inventory.model,False,[],False
2d633f0cfb6c2117,inventory.csv#8587,Medion,Medion,0.98,inventory.model,False,[],False
32e7296da0618add,inventory.csv#8588,MD21302,MD21302,0.98,inventory.model,False,[],False
c641e96ce732240b,inventory.csv#8589,MD31802,MD31802,0.98,inventory.model,False,[],False
49aea3b58afdbc83,inventory.csv#859,100_-1,100_-1,0.98,inventory.model,False,[],False
70c034ccc3f61c8d,inventory.csv#8590,LCD_TV,LCD_TV,0.98,inventory.model,False,[],False
dc5b33bd795e8fb2,inventory.csv#8591,NEC,NEC,0.98,inventory.model,False,[],False
94e625ff1869eb06,inventory.csv#8592,E425,E425,0.98,inventory.model,False,[],False
727170ff07648a46,inventory.csv#8593,TV,TV,0.98,inventory.model,False,[],False
fcb666e05d64bd47,inventory.csv#8594,NVR-7409-39HD-N,NVR-7409-39HD-N,0.98,inventory.model,False,[],False
adab634006758d65,inventory.csv#8595,TV,TV,0.98,inventory.model,False,[],False
24caaec0a707b8d0,inventory.csv#8596,Roku_TV,Roku_TV,0.98,inventory.model,False,[],False
f0d31d2de1fbe051,inventory.csv#8597,N2QAYB001109,N2QAYB001109,0.98,inventory.model,False,[],False
090eab1176f7c667,inventory.csv#8598,N2QAYB001109_full,N2QAYB001109_full,0.98,inventory.model,False,[],False
fef7cc9671e5bbad,inventory.csv#8599,58JX800_Series,58JX800_Series,0.98,inventory.model,False,[],False
37ef3613f918207b,inventory.csv#86,110_0,110_0,0.98,inventory.model,False,[],False
1a37e50112cfa880,inventory.csv#860,14_-1,14_-1,0.98,inventory.model,False,[],False
1a7fb1ef1fbf31f2,inventory.csv#8600,N2QAYA_152,N2QAYA_152,0.98,inventory.model,False,[],False
e34597ef1e4c1e51,inventory.csv#8601,N2QAYB000352,N2QAYB000352,0.98,inventory.model,False,[],False
c3bac19cb8cd0a3a,inventory.csv#8602,N2QAYB000705,N2QAYB000705,0.98,inventory.model,False,[],False
907768a99c5e34b9,inventory.csv#8603,N2QAYB000715,N2QAYB000715,0.98,inventory.model,False,[],False
8d58f7bd6329cdab,inventory.csv#8604,N2QAYB000752,N2QAYB000752,0.98,inventory.model,False,[],False
dd26beac35d1ae78,inventory.csv#8605,N2QAYB000752_Full,N2QAYB000752_Full,0.98,inventory.model,False,[],False
50eb645d48390c3f,inventory.csv#8606,N2QAYB000926,N2QAYB000926,0.98,inventory.model,False,[],False
d5c89b2b1f81ddb0,inventory.csv#8607,TC-P50S2,TC-P50S2,0.98,inventory.model,False,[],False
6c54e3a373476d26,inventory.csv#8608,TC-P50U1,TC-P50U1,0.98,inventory.model,False,[],False
dd6b58f56eb859ab,inventory.csv#8609,TH-43HS550K,TH-43HS550K,0.98,inventory.model,False,[],False
8edd202971103edb,inventory.csv#861,96_-1,96_-1,0.98,inventory.model,False,[],False
e865bf7426110271,inventory.csv#8610,TX-40HX800B,TX-40HX800B,0.98,inventory.model,False,[],False
9c5bd6b7d099b7a5,inventory.csv#8611,TX-P50C10E,TX-P50C10E,0.98,inventory.model,False,[],False
395eb863ab02f23c,inventory.csv#8612,TX29AS10C,TX29AS10C,0.98,inventory.model,False,[],False
e67555ff5c41aee3,inventory.csv#8613,TX_42AS650E,TX_42AS650E,0.98,inventory.model,False,[],False
d1386822b0db04af,inventory.csv#8614,TX_43GXW584,TX_43GXW584,0.98,inventory.model,False,[],False
a2dfabe79ca82cce,inventory.csv#8615,TX_L42E5E,TX_L42E5E,0.98,inventory.model,False,[],False
fdd909d4395e33df,inventory.csv#8616,Unknown_Full,Unknown_Full,0.98,inventory.model,False,[],False
8195266ffa37596a,inventory.csv#8617,Viera,Viera,0.98,inventory.model,False,[],False
472a2cb0d5908045,inventory.csv#8618,PD108-420,PD108-420,0.98,inventory.model,False,[],False
8d1fc539ee04cb97,inventory.csv#8619,14GX8510,14GX8510,0.98,inventory.model,False,[],False
386f7f9681462e15,inventory.csv#862,99_-1,99_-1,0.98,inventory.model,False,[],False
7529791385ebc663,inventory.csv#8620,14PT136B00,14PT136B00,0.98,inventory.model,False,[],False
ccac05ed3e20deeb,inventory.csv#8621,22IT_TV_Monitor,22IT_TV_Monitor,0.98,inventory.model,False,[],False
e2c441d0c6805cbf,inventory.csv#8622,32PFL4208T,32PFL4208T,0.98,inventory.model,False,[],False
501b40fb55f54d8e,inventory.csv#8623,32PFL7403S,32PFL7403S,0.98,inventory.model,False,[],False
1e935d71015082ed,inventory.csv#8624,32PFL7962D12,32PFL7962D12,0.98,inventory.model,False,[],False
8e0286740ecc29c5,inventory.csv#8625,40HFL3010T12,40HFL3010T12,0.98,inventory.model,False,[],False
f1bf6206df1c57ea,inventory.csv#8626,40PFL6533_F7D,40PFL6533_F7D,0.98,inventory.model,False,[],False
a16731a147d11eda,inventory.csv#8627,436M6VBPAB,436M6VBPAB,0.98,inventory.model,False,[],False
2bf7378e38f37beb,inventory.csv#8628,50PUT6103_79,50PUT6103_79,0.98,inventory.model,False,[],False
933b6ccbe62a8877,inventory.csv#8629,5766_Series,5766_Series,0.98,inventory.model,False,[],False
46abd81bb7f273b2,inventory.csv#863,15_-1,15_-1,0.98,inventory.model,False,[],False
438187743168755e,inventory.csv#8630,generic,generic,0.98,inventory.model,False,[],False
e83071d29702d825,inventory.csv#8631,sf256,sf256,0.98,inventory.model,False,[],False
4dab916313f1a7c5,inventory.csv#8632,TV_14PV172_08,TV_14PV172_08,0.98,inventory.model,False,[],False
6e4cd3e9908a7c7d,inventory.csv#8633,TV_48OLED806,TV_48OLED806,0.98,inventory.model,False,[],False
78234355aca14384,inventory.csv#8634,TV_7000LED_42PFL7695H,TV_7000LED_42PFL7695H,0.98,inventory.model,False,[],False
288500ed9eba3a83,inventory.csv#8635,TV_7956_Series,TV_7956_Series,0.98,inventory.model,False,[],False
14bbac97755e90a8,inventory.csv#8636,TV_Universal,TV_Universal,0.98,inventory.model,False,[],False
b9896f08b054f75a,inventory.csv#8637,XXPFL9955H,XXPFL9955H,0.98,inventory.model,False,[],False
c6d539a09047506a,inventory.csv#8638,PhilipsTV,PhilipsTV,0.98,inventory.model,False,[],False
08fe80a49683c3e5,inventory.csv#8639,Kuro_PDP_LX508A,Kuro_PDP_LX508A,0.98,inventory.model,False,[],False
b69fdda1197c541b,inventory.csv#864,0_-1,0_-1,0.98,inventory.model,False,[],False
88990dc529dcecbc,inventory.csv#8640,PT2020LED,PT2020LED,0.98,inventory.model,False,[],False
3dae5af6fb8ee80c,inventory.csv#8641,PrismPlus,PrismPlus,0.98,inventory.model,False,[],False
5bacab883ddc4b8f,inventory.csv#8642,24_Roku,24_Roku,0.98,inventory.model,False,[],False
d494d9b01f6208ce,inventory.csv#8643,CRK50A,CRK50A,0.98,inventory.model,False,[],False
7b7c97c6f527bee3,inventory.csv#8644,P46731AT_TV,P46731AT_TV,0.98,inventory.model,False,[],False
bd2c27fb6b1081af,inventory.csv#8645,RCR314WR_ RCA313BR,RCR314WR_ RCA313BR,0.98,inventory.model,False,[],False
61bf2ecdbf16b084,inventory.csv#8646,RLDED3258A-B,RLDED3258A-B,0.98,inventory.model,False,[],False
ccc53a23d6d8cc1d,inventory.csv#8647,RokuTV_RTR4061-B-CA,RokuTV_RTR4061-B-CA,0.98,inventory.model,False,[],False
9e2979f5cc1c081e,inventory.csv#8648,RT2471_AC,RT2471_AC,0.98,inventory.model,False,[],False
95bd765275bc0338,inventory.csv#8649,TV_2,TV_2,0.98,inventory.model,False,[],False
7a3b19cd67eff8b8,inventory.csv#865,1_-1,1_-1,0.98,inventory.model,False,[],False
fd6fbd72cfbe6f72,inventory.csv#8650,Standalone,Standalone,0.98,inventory.model,False,[],False
e7fd7cdea4961596,inventory.csv#8651,Samsung,Samsung,0.98,inventory.model,False,[],False
c5ce26689550dd94,inventory.csv#8652,AA-00721A,AA-00721A,0.98,inventory.model,False,[],False
5942fc1402dd91cb,inventory.csv#8653,AA59-00443A,AA59-00443A,0.98,inventory.model,False,[],False
4aaefae3194ab08c,inventory.csv#8654,AA59-00484A,AA59-00484A,0.98,inventory.model,False,[],False
5a6abab50dd7fe16,inventory.csv#8655,AA59-00580A,AA59-00580A,0.98,inventory.model,False,[],False
836857fc39b059c9,inventory.csv#8656,AA59-00602A,AA59-00602A,0.98,inventory.model,False,[],False
39370c8466b0ba08,inventory.csv#8657,AA59-00714A,AA59-00714A,0.98,inventory.model,False,[],False
d07fa7d5dbec4fc2,inventory.csv#8658,AA59-00741A,AA59-00741A,0.98,inventory.model,False,[],False
7041fd947bfc6183,inventory.csv#8659,AA59-00786A,AA59-00786A,0.98,inventory.model,False,[],False
0feca73f5f4ae3d6,inventory.csv#866,2_-1,2_-1,0.98,inventory.model,False,[],False
aec7f788c7c5a37b,inventory.csv#8660,AA59,AA59,0.98,inventory.model,False,[],False
63b7ee5c3376d95c,inventory.csv#8661,AA81-00243A,AA81-00243A,0.98,inventory.model,False,[],False
9043fff7404c6930,inventory.csv#8662,BN59-00511A,BN59-00511A,0.98,inventory.model,False,[],False
bc21937fb1930ce8,inventory.csv#8663,BN59-01081A,BN59-01081A,0.98,inventory.model,False,[],False
8b44cf047734da0b,inventory.csv#8664,BN59-01175N,BN59-01175N,0.98,inventory.model,False,[],False
2f20637ae36cae1d,inventory.csv#8665,BN59-01178W,BN59-01178W,0.98,inventory.model,False,[],False
642bff64cdd9d686,inventory.csv#8666,BN59-01179A,BN59-01179A,0.98,inventory.model,False,[],False
8042c72440e9e806,inventory.csv#8667,BN59-01180A,BN59-01180A,0.98,inventory.model,False,[],False
5581775ca025b9bf,inventory.csv#8668,BN59-01198_R,BN59-01198_R,0.98,inventory.model,False,[],False
123dc7783a3d857d,inventory.csv#8669,BN59-01247A,BN59-01247A,0.98,inventory.model,False,[],False
9bea61346877f85c,inventory.csv#867,4_-1,4_-1,0.98,inventory.model,False,[],False
31007cb7791d6f86,inventory.csv#8670,BN59-01301A,BN59-01301A,0.98,inventory.model,False,[],False
17894081a8a1df1e,inventory.csv#8671,BN59-01303A,BN59-01303A,0.98,inventory.model,False,[],False
452c817d0b047654,inventory.csv#8672,BN59-01315B,BN59-01315B,0.98,inventory.model,False,[],False
977c56b70887d494,inventory.csv#8673,BN59-01315J,BN59-01315J,0.98,inventory.model,False,[],False
7526722ed0b933f9,inventory.csv#8674,BN59-01330C,BN59-01330C,0.98,inventory.model,False,[],False
e314ee97540087df,inventory.csv#8675,BN59-01358C,BN59-01358C,0.98,inventory.model,False,[],False
9e8ce6a196f5b366,inventory.csv#8676,BN59-01385C,BN59-01385C,0.98,inventory.model,False,[],False
db6a56f4d20d0da6,inventory.csv#8677,BN59-01388,BN59-01388,0.98,inventory.model,False,[],False
d835e53e92ba65de,inventory.csv#8678,BN59-01391A,BN59-01391A,0.98,inventory.model,False,[],False
7717b26fccbcf72d,inventory.csv#8679,BN59,BN59,0.98,inventory.model,False,[],False
93910b87d3f456a0,inventory.csv#868,5_-1,5_-1,0.98,inventory.model,False,[],False
f437a508742021d5,inventory.csv#8680,Broadband_Hospitality,Broadband_Hospitality,0.98,inventory.model,False,[],False
c2be03ecf55bc4ac,inventory.csv#8681,E6,E6,0.98,inventory.model,False,[],False
dbea5f6043453831,inventory.csv#8682,H6300_TV,H6300_TV,0.98,inventory.model,False,[],False
4ce40658d785ead0,inventory.csv#8683,HQ24ED470AK,HQ24ED470AK,0.98,inventory.model,False,[],False
c0afa13e38e7ec1e,inventory.csv#8684,LE37S71B,LE37S71B,0.98,inventory.model,False,[],False
ca1425baa51a4bd5,inventory.csv#8685,LE40R87BD,LE40R87BD,0.98,inventory.model,False,[],False
dd8234f8450031bc,inventory.csv#8686,LN32D403E2GCTC,LN32D403E2GCTC,0.98,inventory.model,False,[],False
426bc3230fad8295,inventory.csv#8687,LN46C650L1F,LN46C650L1F,0.98,inventory.model,False,[],False
86d8c49468dd7e18,inventory.csv#8688,LW17E34C,LW17E34C,0.98,inventory.model,False,[],False
6efe111e809ad0de,inventory.csv#8689,P2770HD,P2770HD,0.98,inventory.model,False,[],False
7b89ba976064c462,inventory.csv#869,1_-1,1_-1,0.98,inventory.model,False,[],False
10becb159f59d445,inventory.csv#8690,QM55RA,QM55RA,0.98,inventory.model,False,[],False
f3b7f49b6f61267d,inventory.csv#8691,QN43Q60AAF,QN43Q60AAF,0.98,inventory.model,False,[],False
e7761e812f2c48e8,inventory.csv#8692,Royal_Caribbean,Royal_Caribbean,0.98,inventory.model,False,[],False
bf0eee8f818803b2,inventory.csv#8693,Service_Menu,Service_Menu,0.98,inventory.model,False,[],False
b58c3ac14bf0f89b,inventory.csv#8694,Smart_Remote,Smart_Remote,0.98,inventory.model,False,[],False
7bdd7bf687846a1b,inventory.csv#8695,TV_1,TV_1,0.98,inventory.model,False,[],False
9dec9eb184c29e3e,inventory.csv#8696,TV_2,TV_2,0.98,inventory.model,False,[],False
254947f5b96954c4,inventory.csv#8697,TV_Full,TV_Full,0.98,inventory.model,False,[],False
06db66c5959a9798,inventory.csv#8698,UE26C4000PW,UE26C4000PW,0.98,inventory.model,False,[],False
d00e47495c778a2d,inventory.csv#8699,UE32F4000,UE32F4000,0.98,inventory.model,False,[],False
3833540761b4cf7d,inventory.csv#87,72_0,72_0,0.98,inventory.model,False,[],False
fcf3070eb404eb29,inventory.csv#870,2_-1,2_-1,0.98,inventory.model,False,[],False
d3c4c1626179284b,inventory.csv#8700,UE32F4000AW,UE32F4000AW,0.98,inventory.model,False,[],False
e0944991927fb23e,inventory.csv#8701,UE48JU6490U,UE48JU6490U,0.98,inventory.model,False,[],False
29a9de9df7efe673,inventory.csv#8702,UE75TU7125K,UE75TU7125K,0.98,inventory.model,False,[],False
bd25c533a9cf25f2,inventory.csv#8703,UN32EH5000F,UN32EH5000F,0.98,inventory.model,False,[],False
fc14b629ed9d1c02,inventory.csv#8704,UN40C5000QFXZA,UN40C5000QFXZA,0.98,inventory.model,False,[],False
258fec4bbf5f8dc3,inventory.csv#8705,UN60JU6500,UN60JU6500,0.98,inventory.model,False,[],False
face05acab4f0168,inventory.csv#8706,UN60JU6500_Discrete,UN60JU6500_Discrete,0.98,inventory.model,False,[],False
0547faec52e2cfb1,inventory.csv#8707,Unknown_Model,Unknown_Model,0.98,inventory.model,False,[],False
9322cc6a52d72735,inventory.csv#8708,TV,TV,0.98,inventory.model,False,[],False
0b1a86245e74cd53,inventory.csv#8709,Sanyo UR77EC2703-3,Sanyo UR77EC2703-3,0.98,inventory.model,False,[],False
0c036b9600e76c5d,inventory.csv#871,96_-1,96_-1,0.98,inventory.model,False,[],False
9e15edc2c509ca10,inventory.csv#8710,DP26640,DP26640,0.98,inventory.model,False,[],False
0aa616aa141eb4ae,inventory.csv#8711,ds32224,ds32224,0.98,inventory.model,False,[],False
c0383f292c052ba9,inventory.csv#8712,FW40R49FC,FW40R49FC,0.98,inventory.model,False,[],False
abd90529281f3c10,inventory.csv#8713,8142026670003C,8142026670003C,0.98,inventory.model,False,[],False
35972eaff9124d3a,inventory.csv#8714,H24,H24,0.98,inventory.model,False,[],False
e4496fa9d3420874,inventory.csv#8715,X50_Series,X50_Series,0.98,inventory.model,False,[],False
4157e76c1a1e1397,inventory.csv#8716,MALTA,MALTA,0.98,inventory.model,False,[],False
edfc17e69d3b48ef,inventory.csv#8717,SE40FYP1T_TV,SE40FYP1T_TV,0.98,inventory.model,False,[],False
2a53d606fa30b1a1,inventory.csv#8718,25801,25801,0.98,inventory.model,False,[],False
20935342fb499c29,inventory.csv#8719,Aquos,Aquos,0.98,inventory.model,False,[],False
0c90b88aa15a77cb,inventory.csv#872,0_-1,0_-1,0.98,inventory.model,False,[],False
fe098356d7bd496b,inventory.csv#8720,13VT-L100,13VT-L100,0.98,inventory.model,False,[],False
30b8427e8dcb3e49,inventory.csv#8721,Aquos_32BG3E,Aquos_32BG3E,0.98,inventory.model,False,[],False
3cc5a57d422eece6,inventory.csv#8722,Aquos_JP,Aquos_JP,0.98,inventory.model,False,[],False
abb74d102a46baa1,inventory.csv#8723,g0684cesa_NES_TV,g0684cesa_NES_TV,0.98,inventory.model,False,[],False
54c471f48f74240d,inventory.csv#8724,LC-42LB261U,LC-42LB261U,0.98,inventory.model,False,[],False
7f87c8f4eb492449,inventory.csv#8725,LC-RC1-16,LC-RC1-16,0.98,inventory.model,False,[],False
b835bdcd8564de7c,inventory.csv#8726,Roku_TV,Roku_TV,0.98,inventory.model,False,[],False
5af41f3336cafa52,inventory.csv#8727,tv,tv,0.98,inventory.model,False,[],False
90499b57101be03f,inventory.csv#8728,TV2,TV2,0.98,inventory.model,False,[],False
03f7ac9c938db014,inventory.csv#8729,LE410004,LE410004,0.98,inventory.model,False,[],False
609a6343778e22bd,inventory.csv#873,1_-1,1_-1,0.98,inventory.model,False,[],False
d9ffc900eb56c6aa,inventory.csv#8730,SkyVue,SkyVue,0.98,inventory.model,False,[],False
4f953dec3b8fdd11,inventory.csv#8731,03SI-RI,03SI-RI,0.98,inventory.model,False,[],False
e719c86115d48a5f,inventory.csv#8732,E32W13B,E32W13B,0.98,inventory.model,False,[],False
0cffc7ea02b62880,inventory.csv#8733,E55V13A,E55V13A,0.98,inventory.model,False,[],False
7498a28180a09707,inventory.csv#8734,QSP500TV6,QSP500TV6,0.98,inventory.model,False,[],False
832453b82f7f9a42,inventory.csv#8735,Z24Z15B,Z24Z15B,0.98,inventory.model,False,[],False
3e45d665274c7beb,inventory.csv#8736,Bravia,Bravia,0.98,inventory.model,False,[],False
9fbb9f67f82ba26a,inventory.csv#8737,Bravia_KD-55XF80xx-49XF80xx-43XF80xx,Bravia_KD-55XF80xx-49XF80xx-43XF80xx,0.98,inventory.model,False,[],False
8bd5cb51bb4a719d,inventory.csv#8738,Bravia_KDL-46W905A,Bravia_KDL-46W905A,0.98,inventory.model,False,[],False
438a31f6bf2b32f4,inventory.csv#8739,FW_75BZ40H,FW_75BZ40H,0.98,inventory.model,False,[],False
1d3b5377446bb5e2,inventory.csv#874,5_-1,5_-1,0.98,inventory.model,False,[],False
80a96834777fd7a2,inventory.csv#8740,KD-55X80CK,KD-55X80CK,0.98,inventory.model,False,[],False
4fb5f83f3d5261b1,inventory.csv#8741,KD,KD,0.98,inventory.model,False,[],False
ef0d48cb37a4d568,inventory.csv#8742,KDL-55HX850,KDL-55HX850,0.98,inventory.model,False,[],False
75a9c36e4f0aa51d,inventory.csv#8743,RM-GD014,RM-GD014,0.98,inventory.model,False,[],False
9a60d030bf71090e,inventory.csv#8744,RM-V310,RM-V310,0.98,inventory.model,False,[],False
3fb6dc23b5544ce5,inventory.csv#8745,RM-YD017,RM-YD017,0.98,inventory.model,False,[],False
5648b62e3cff2ab8,inventory.csv#8746,RM-YD018,RM-YD018,0.98,inventory.model,False,[],False
c482d26c3b3abdd7,inventory.csv#8747,RM-YD028,RM-YD028,0.98,inventory.model,False,[],False
2fa38e559817613a,inventory.csv#8748,RM-YD092,RM-YD092,0.98,inventory.model,False,[],False
2526ef13d3897d39,inventory.csv#8749,RM_ED016,RM_ED016,0.98,inventory.model,False,[],False
5c496358c12735c5,inventory.csv#875,0_-1,0_-1,0.98,inventory.model,False,[],False
583059fba79c498c,inventory.csv#8750,RM_ED045,RM_ED045,0.98,inventory.model,False,[],False
1169da44ac7c87b9,inventory.csv#8751,RMEA002,RMEA002,0.98,inventory.model,False,[],False
ded378761d3a3501,inventory.csv#8752,RMF-TX500U,RMF-TX500U,0.98,inventory.model,False,[],False
35d949c7b5dce2bd,inventory.csv#8753,RMT_TB400U,RMT_TB400U,0.98,inventory.model,False,[],False
a6383229eb361b27,inventory.csv#8754,RMT_TX100D,RMT_TX100D,0.98,inventory.model,False,[],False
b2be770c3ce7bbc5,inventory.csv#8755,RMT_TX200U,RMT_TX200U,0.98,inventory.model,False,[],False
a8bc0bb01b1015b1,inventory.csv#8756,SFRTV5,SFRTV5,0.98,inventory.model,False,[],False
2a7393489ca6b4b9,inventory.csv#8757,X2182U,X2182U,0.98,inventory.model,False,[],False
321bc1ced4e53480,inventory.csv#8758,XBR,XBR,0.98,inventory.model,False,[],False
5de248affe25025a,inventory.csv#8759,XBR_RM-TD017,XBR_RM-TD017,0.98,inventory.model,False,[],False
f00375243d2a9049,inventory.csv#876,26_-1,26_-1,0.98,inventory.model,False,[],False
0eaa2501bf9b779c,inventory.csv#8760,XBR_RMT-TX200U,XBR_RMT-TX200U,0.98,inventory.model,False,[],False
4eafb920fddb7e84,inventory.csv#8761,SonyTV,SonyTV,0.98,inventory.model,False,[],False
90bf98ca2fac9043,inventory.csv#8762,32HX4003,32HX4003,0.98,inventory.model,False,[],False
20f99650ce55976d,inventory.csv#8763,RCU-Z400N,RCU-Z400N,0.98,inventory.model,False,[],False
1cae890c0a2f78d6,inventory.csv#8764,STR7004,STR7004,0.98,inventory.model,False,[],False
2cfc80ebbaaf237e,inventory.csv#8765,TVD221_B1825,TVD221_B1825,0.98,inventory.model,False,[],False
156f5d362405508c,inventory.csv#8766,Sunbrite,Sunbrite,0.98,inventory.model,False,[],False
9dc7c2a5ce5c26e0,inventory.csv#8767,STV_LC32T880WL_1,STV_LC32T880WL_1,0.98,inventory.model,False,[],False
5dc4b53e4abfcdd5,inventory.csv#8768,Generic_Monitor,Generic_Monitor,0.98,inventory.model,False,[],False
7a91346fda194cee,inventory.csv#8769,ST424FF,ST424FF,0.98,inventory.model,False,[],False
05b09f493a42b56d,inventory.csv#877,129_115,129_115,0.98,inventory.model,False,[],False
3875a37ef668b288,inventory.csv#8770,SyntaxBrillian_Olevia232T,SyntaxBrillian_Olevia232T,0.98,inventory.model,False,[],False
7f46da4c426c875b,inventory.csv#8771,32S327,32S327,0.98,inventory.model,False,[],False
9649b61fb34d8109,inventory.csv#8772,40S615,40S615,0.98,inventory.model,False,[],False
72b71c5f593f125e,inventory.csv#8773,43S446,43S446,0.98,inventory.model,False,[],False
9e9b0ce7f7a66645,inventory.csv#8774,50S423,50S423,0.98,inventory.model,False,[],False
6b1687b2e3442282,inventory.csv#8775,65C635K,65C635K,0.98,inventory.model,False,[],False
ae67b90fb7422d5b,inventory.csv#8776,LED49D2930,LED49D2930,0.98,inventory.model,False,[],False
791597fd903ad94a,inventory.csv#8777,Roku_TV,Roku_TV,0.98,inventory.model,False,[],False
56b283b23d4131b6,inventory.csv#8778,Roku_TV_55S405,Roku_TV_55S405,0.98,inventory.model,False,[],False
98047472bce38f9c,inventory.csv#8779,ROKU_US,ROKU_US,0.98,inventory.model,False,[],False
00caee5fffa5a0e3,inventory.csv#878,0_-1,0_-1,0.98,inventory.model,False,[],False
0c017adf8c15b23f,inventory.csv#8780,UnknownModel1,UnknownModel1,0.98,inventory.model,False,[],False
e4d6e68c0b994751,inventory.csv#8781,UnknownModel2,UnknownModel2,0.98,inventory.model,False,[],False
4228d0d6edc1b0cd,inventory.csv#8782,UnknownModel3,UnknownModel3,0.98,inventory.model,False,[],False
3e9f5f0ea09ca183,inventory.csv#8783,22880,22880,0.98,inventory.model,False,[],False
0e5404c0fd676847,inventory.csv#8784,TC_33_VNS2000,TC_33_VNS2000,0.98,inventory.model,False,[],False
36da16f7f57db661,inventory.csv#8785,d32f660x5cwi,d32f660x5cwi,0.98,inventory.model,False,[],False
7909da221e92d9c8,inventory.csv#8786,D40F294R4CW,D40F294R4CW,0.98,inventory.model,False,[],False
5ff9c74d0981eef7,inventory.csv#8787,L55U405B4CW,L55U405B4CW,0.98,inventory.model,False,[],False
b84ee3f62394682c,inventory.csv#8788,L65F249i3C,L65F249i3C,0.98,inventory.model,False,[],False
aa4b0d71d8e7bb91,inventory.csv#8789,TF-LED19S64T2,TF-LED19S64T2,0.98,inventory.model,False,[],False
d12a2a02153cbf0d,inventory.csv#879,0_-1,0_-1,0.98,inventory.model,False,[],False
9a1483d66ed16595,inventory.csv#8790,TF-LED32S54T2,TF-LED32S54T2,0.98,inventory.model,False,[],False
d8f7144a13437798,inventory.csv#8791,Entertain,Entertain,0.98,inventory.model,False,[],False
18880f6dd15c8745,inventory.csv#8792,3221TS,3221TS,0.98,inventory.model,False,[],False
ddd3dd76afb7304d,inventory.csv#8793,40FS3003,40FS3003,0.98,inventory.model,False,[],False
8670f763521d4e7d,inventory.csv#8794,UnknownModel1,UnknownModel1,0.98,inventory.model,False,[],False
921d94c5aeabdbd2,inventory.csv#8795,Toshiba CT 8560,Toshiba CT 8560,0.98,inventory.model,False,[],False
6038aebdae1d514e,inventory.csv#8796,32AV502U,32AV502U,0.98,inventory.model,False,[],False
1533330c7b728dd9,inventory.csv#8797,43LF421U21,43LF421U21,0.98,inventory.model,False,[],False
8cf82b4c9967ec90,inventory.csv#8798,50C350LC,50C350LC,0.98,inventory.model,False,[],False
ef294d853ff354f7,inventory.csv#8799,CT-32F2,CT-32F2,0.98,inventory.model,False,[],False
9d0a468b165b8ae2,inventory.csv#88,127_0,127_0,0.98,inventory.model,False,[],False
24a883083ce72a48,inventory.csv#880,1_-1,1_-1,0.98,inventory.model,False,[],False
68a9b5775a13b61e,inventory.csv#8800,Ct-8563,Ct-8563,0.98,inventory.model,False,[],False
8f1130fbc5d79aba,inventory.csv#8801,CT-90325,CT-90325,0.98,inventory.model,False,[],False
544d9d381981971d,inventory.csv#8802,CT-9922,CT-9922,0.98,inventory.model,False,[],False
6267a30ecbb9d513,inventory.csv#8803,FireTV,FireTV,0.98,inventory.model,False,[],False
8b96c6b8390632b1,inventory.csv#8804,toshiba_firetv_v2,toshiba_firetv_v2,0.98,inventory.model,False,[],False
533d2c3efce10a1c,inventory.csv#8805,SE_R0305_32CV100U,SE_R0305_32CV100U,0.98,inventory.model,False,[],False
9de8b915cd1bcbcd,inventory.csv#8806,tv,tv,0.98,inventory.model,False,[],False
3c43ceac0ec30236,inventory.csv#8807,STV65UHD4K,STV65UHD4K,0.98,inventory.model,False,[],False
b2062280140aa2b0,inventory.csv#8808,A-00010219,A-00010219,0.98,inventory.model,False,[],False
44c7124c55a2fdd5,inventory.csv#8809,Viewsonic_RC52A_11,Viewsonic_RC52A_11,0.98,inventory.model,False,[],False
6eedb99f4af43a05,inventory.csv#881,0_-1,0_-1,0.98,inventory.model,False,[],False
1356339130ec3afd,inventory.csv#8810,VT2645,VT2645,0.98,inventory.model,False,[],False
c0cc405adf8e3ea5,inventory.csv#8811,TV_LC37VF72,TV_LC37VF72,0.98,inventory.model,False,[],False
c4d2f88a036fe292,inventory.csv#8812,Exterity_IPTV,Exterity_IPTV,0.98,inventory.model,False,[],False
154e12de82561dda,inventory.csv#8813,Vizio,Vizio,0.98,inventory.model,False,[],False
fe1d3f504923b835,inventory.csv#8814,D32FM-K01,D32FM-K01,0.98,inventory.model,False,[],False
b7df28c8b867a437,inventory.csv#8815,D43-C1,D43-C1,0.98,inventory.model,False,[],False
2fd9670d2a5aee52,inventory.csv#8816,E190VA_Razor,E190VA_Razor,0.98,inventory.model,False,[],False
f69cff774d1bf374,inventory.csv#8817,E70U-D3,E70U-D3,0.98,inventory.model,False,[],False
c8bda53df3aa2bc9,inventory.csv#8818,M70Q6-J03,M70Q6-J03,0.98,inventory.model,False,[],False
5c11c0c6b4da6277,inventory.csv#8819,V405-H19,V405-H19,0.98,inventory.model,False,[],False
56ffc6cf26f7245d,inventory.csv#882,1_241,1_241,0.98,inventory.model,False,[],False
702bacf6ec99f00b,inventory.csv#8820,V705-G1,V705-G1,0.98,inventory.model,False,[],False
0d6b6c15d863630e,inventory.csv#8821,VX32L,VX32L,0.98,inventory.model,False,[],False
25be59bec32f4651,inventory.csv#8822,XRT122,XRT122,0.98,inventory.model,False,[],False
23964fcc0df2094f,inventory.csv#8823,XRT135,XRT135,0.98,inventory.model,False,[],False
fa5a730fdd8be5a8,inventory.csv#8824,XRT136,XRT136,0.98,inventory.model,False,[],False
e89a88962f5a6e9a,inventory.csv#8825,XRT140R,XRT140R,0.98,inventory.model,False,[],False
3523887f95bed1be,inventory.csv#8826,XRT150,XRT150,0.98,inventory.model,False,[],False
43c20e41e883a061,inventory.csv#8827,WTHD3214B,WTHD3214B,0.98,inventory.model,False,[],False
04a378ac7f22cd4f,inventory.csv#8828,FA3627T,FA3627T,0.98,inventory.model,False,[],False
8edfadf1407733c8,inventory.csv#8829,TV,TV,0.98,inventory.model,False,[],False
cb0229c34fa119ed,inventory.csv#883,255_15,255_15,0.98,inventory.model,False,[],False
3396f3e539fbcd10,inventory.csv#8830,Westinghouse,Westinghouse,0.98,inventory.model,False,[],False
8073170ffa60732f,inventory.csv#8831,RMT-13,RMT-13,0.98,inventory.model,False,[],False
b7caf7c75f63db4c,inventory.csv#8832,TV,TV,0.98,inventory.model,False,[],False
5b308a6395eb8c4b,inventory.csv#8833,SC3492Z,SC3492Z,0.98,inventory.model,False,[],False
58b98ef9a4e4b5ec,inventory.csv#8834,tv,tv,0.98,inventory.model,False,[],False
1b9b7e734354fa72,inventory.csv#8835,Waagen_Universal_Remote,Waagen_Universal_Remote,0.98,inventory.model,False,[],False
5a6830a97d06009b,inventory.csv#8836,OFA_8_Universal_Remote,OFA_8_Universal_Remote,0.98,inventory.model,False,[],False
11589f14e6682a75,inventory.csv#8837,RRS41,RRS41,0.98,inventory.model,False,[],False
23ebd97ba3abe686,inventory.csv#8838,universal,universal,0.98,inventory.model,False,[],False
5eed9841a6d401d2,inventory.csv#8839,UNIVERSAL_POWER_OFF_DEVICES,UNIVERSAL_POWER_OFF_DEVICES,0.98,inventory.model,False,[],False
45beebfb472b6da0,inventory.csv#884,20_-1,20_-1,0.98,inventory.model,False,[],False
b8e9e5bd671e2887,inventory.csv#8840,UniversalSamsungFF,UniversalSamsungFF,0.98,inventory.model,False,[],False
13e9f70f521a5b8d,inventory.csv#8841,Deebot_DM82,Deebot_DM82,0.98,inventory.model,False,[],False
65cc9e2e1e876196,inventory.csv#8842,Deebot_Slim_2,Deebot_Slim_2,0.98,inventory.model,False,[],False
726db6236073f0b4,inventory.csv#8843,RoboVac,RoboVac,0.98,inventory.model,False,[],False
055ca37d36be0fb6,inventory.csv#8844,Robovac_11,Robovac_11,0.98,inventory.model,False,[],False
1d473e0eea9fa53a,inventory.csv#8845,RoboVac_11S,RoboVac_11S,0.98,inventory.model,False,[],False
d31b3ef41fe3635a,inventory.csv#8846,Omega,Omega,0.98,inventory.model,False,[],False
1b0e884740ffa05a,inventory.csv#8847,Nova,Nova,0.98,inventory.model,False,[],False
cf7924d9cd2d6200,inventory.csv#8848,A4s_Vacuum,A4s_Vacuum,0.98,inventory.model,False,[],False
cee5c8c5a9519b38,inventory.csv#8849,Charger_A4s_Vacuum,Charger_A4s_Vacuum,0.98,inventory.model,False,[],False
647d9e76311f3ee1,inventory.csv#885,16_-1,16_-1,0.98,inventory.model,False,[],False
6643c2713820e09d,inventory.csv#8850,V3_V5_V8_X5,V3_V5_V8_X5,0.98,inventory.model,False,[],False
7474ba7c893d40d4,inventory.csv#8851,ROOMBA,ROOMBA,0.98,inventory.model,False,[],False
2d358d8f95eb1441,inventory.csv#8852,Roomba_600,Roomba_600,0.98,inventory.model,False,[],False
675e9a920c2f6982,inventory.csv#8853,Roomba_Combo_Remote,Roomba_Combo_Remote,0.98,inventory.model,False,[],False
a8405ff9a763d2d9,inventory.csv#8854,Hom-Bot_Vacuum,Hom-Bot_Vacuum,0.98,inventory.model,False,[],False
ab37edd2bd55ad04,inventory.csv#8855,Vacuum_Philips_FC8795,Vacuum_Philips_FC8795,0.98,inventory.model,False,[],False
0da8058fe9e9e96c,inventory.csv#8856,SC18M31A0HU,SC18M31A0HU,0.98,inventory.model,False,[],False
5352bea02aac0d02,inventory.csv#8857,SR8875,SR8875,0.98,inventory.model,False,[],False
a0c8a0f9f04d7e15,inventory.csv#8858,RoboStar_T80_Pro,RoboStar_T80_Pro,0.98,inventory.model,False,[],False
427930c0530546de,inventory.csv#8859,G8000,G8000,0.98,inventory.model,False,[],False
91566ec5e55d8076,inventory.csv#886,0_-1,0_-1,0.98,inventory.model,False,[],False
1aa90b50a787d158,inventory.csv#8860,T6,T6,0.98,inventory.model,False,[],False
4be9f78c0239b972,inventory.csv#8861,ZiglintRobotVaccum,ZiglintRobotVaccum,0.98,inventory.model,False,[],False
c22596455c328c02,inventory.csv#8862,RM_3800,RM_3800,0.98,inventory.model,False,[],False
5564b3c2f0b9025e,inventory.csv#8863,RVR-4000,RVR-4000,0.98,inventory.model,False,[],False
d4206521e283a3f2,inventory.csv#8864,HR-A591U,HR-A591U,0.98,inventory.model,False,[],False
d5b23bef8936e94b,inventory.csv#8865,HR-J700E,HR-J700E,0.98,inventory.model,False,[],False
1c9257dbfee16eff,inventory.csv#8866,HR-S2902U,HR-S2902U,0.98,inventory.model,False,[],False
0800db9f46d62afa,inventory.csv#8867,HRS7900U,HRS7900U,0.98,inventory.model,False,[],False
60bb4b192576b977,inventory.csv#8868,LG DVX7900,LG DVX7900,0.98,inventory.model,False,[],False
4b0c74e0a489aef8,inventory.csv#8869,GC260W,GC260W,0.98,inventory.model,False,[],False
5f444a1480c5a509,inventory.csv#887,0_251,0_251,0.98,inventory.model,False,[],False
80e0eb63439b5ffb,inventory.csv#8870,N9377,N9377,0.98,inventory.model,False,[],False
eba25d59ce5603f4,inventory.csv#8871,MVR4040A,MVR4040A,0.98,inventory.model,False,[],False
dda6a434033f6294,inventory.csv#8872,AG7350,AG7350,0.98,inventory.model,False,[],False
dcfea43c07163ac1,inventory.csv#8873,Light_Tower_LSSQ0342,Light_Tower_LSSQ0342,0.98,inventory.model,False,[],False
a788107174c5449e,inventory.csv#8874,NV-FJ606,NV-FJ606,0.98,inventory.model,False,[],False
6cf91edad4a59e74,inventory.csv#8875,VCR_NV-HV-61EF,VCR_NV-HV-61EF,0.98,inventory.model,False,[],False
fc6e4b3e34a02ba2,inventory.csv#8876,VCR_PV9662,VCR_PV9662,0.98,inventory.model,False,[],False
b923d3600221eab0,inventory.csv#8877,VSQS1331_VCR,VSQS1331_VCR,0.98,inventory.model,False,[],False
3af2a87c0bd14893,inventory.csv#8878,Philips-RC2K16,Philips-RC2K16,0.98,inventory.model,False,[],False
9a4e6bcd64c816be,inventory.csv#8879,RM-Y126,RM-Y126,0.98,inventory.model,False,[],False
230dafe0fe60e187,inventory.csv#888,7_-1,7_-1,0.98,inventory.model,False,[],False
09a1b26311c69328,inventory.csv#8880,SLV-D281P,SLV-D281P,0.98,inventory.model,False,[],False
295d99c99901b3e2,inventory.csv#8881,SLV-SE610B,SLV-SE610B,0.98,inventory.model,False,[],False
6b6e0055b0ab573e,inventory.csv#8882,SLV70HF,SLV70HF,0.98,inventory.model,False,[],False
27d1b96d5a386fef,inventory.csv#8883,SLV789HF,SLV789HF,0.98,inventory.model,False,[],False
102a181c8ee30c9e,inventory.csv#8884,SLVD201P,SLVD201P,0.98,inventory.model,False,[],False
12f997f68123dfdc,inventory.csv#8885,SLVM88,SLVM88,0.98,inventory.model,False,[],False
1b648f431b053872,inventory.csv#8886,SDKV550,SDKV550,0.98,inventory.model,False,[],False
b0d4ed46b04a152f,inventory.csv#8887,Unknown1,Unknown1,0.98,inventory.model,False,[],False
35a6493b945bc9d0,inventory.csv#8888,COMVREMOT,COMVREMOT,0.98,inventory.model,False,[],False
32cd62b75560a1a6,inventory.csv#8889,Videobar,Videobar,0.98,inventory.model,False,[],False
8ded1212ec66ab15,inventory.csv#889,128_-1,128_-1,0.98,inventory.model,False,[],False
252b482b07d5f0a6,inventory.csv#8890,RI0019_for_PTZ_Pro_2,RI0019_for_PTZ_Pro_2,0.98,inventory.model,False,[],False
f180567fe0916791,inventory.csv#8891,VX_series_remote,VX_series_remote,0.98,inventory.model,False,[],False
f5464fc3cd7ef0b4,inventory.csv#8892,TRC_V_iTV,TRC_V_iTV,0.98,inventory.model,False,[],False
cc80e214443b95c8,inventory.csv#8893,CleverMic1011,CleverMic1011,0.98,inventory.model,False,[],False
b530c35fb81023a3,inventory.csv#8894,Smartboard,Smartboard,0.98,inventory.model,False,[],False
3fc349a45af81c2f,inventory.csv#8895,SmartBoard_ID1,SmartBoard_ID1,0.98,inventory.model,False,[],False
d1a179cc014bd500,inventory.csv#8896,Promethan,Promethan,0.98,inventory.model,False,[],False
70928f9e89254e7d,inventory.csv#8897,ActivPanel,ActivPanel,0.98,inventory.model,False,[],False
63cce2ff3ba167d1,inventory.csv#8898,Digital_Whiteboard,Digital_Whiteboard,0.98,inventory.model,False,[],False
16b1530444a6e63c,inventory.csv#8899,HOBOT,HOBOT,0.98,inventory.model,False,[],False
c7416d1a6815faa8,inventory.csv#89,130_111,130_111,0.98,inventory.model,False,[],False
fc84343f1d53719c,inventory.csv#890,32_-1,32_-1,0.98,inventory.model,False,[],False
b7bd7f681701aaf4,inventory.csv#8900,Hobot_2S,Hobot_2S,0.98,inventory.model,False,[],False
9828fbab103f8026,inventory.csv#891,132_132,132_132,0.98,inventory.model,False,[],False
48a186790e77dc51,inventory.csv#892,134_134,134_134,0.98,inventory.model,False,[],False
165ee9d7274a13de,inventory.csv#893,66_253,66_253,0.98,inventory.model,False,[],False
26c7d046a6716f24,inventory.csv#894,0_246,0_246,0.98,inventory.model,False,[],False
d97ef5f50e741979,inventory.csv#895,0_-1,0_-1,0.98,inventory.model,False,[],False
372dec150f952050,inventory.csv#896,135_34,135_34,0.98,inventory.model,False,[],False
396419fd6e82bf02,inventory.csv#897,3_1,3_1,0.98,inventory.model,False,[],False
69872aace0a6bedf,inventory.csv#898,135_34,135_34,0.98,inventory.model,False,[],False
122dbcd3d9bb14ad,inventory.csv#899,134_5,134_5,0.98,inventory.model,False,[],False
0e73750f5f1781ad,inventory.csv#9,4_15,4_15,0.98,inventory.model,False,[],False
720e857099a4fd82,inventory.csv#90,141_-1,141_-1,0.98,inventory.model,False,[],False
ae306d5aad727330,inventory.csv#900,22_22,22_22,0.98,inventory.model,False,[],False
57c0b28ff04e1c19,inventory.csv#901,21_-1,21_-1,0.98,inventory.model,False,[],False
f2ee19cbc57ced60,inventory.csv#902,40_-1,40_-1,0.98,inventory.model,False,[],False
a1d93fc0f608b854,inventory.csv#903,4_-1,4_-1,0.98,inventory.model,False,[],False
8d964516c1a85728,inventory.csv#904,230_4,230_4,0.98,inventory.model,False,[],False
bf223ee491cc5b99,inventory.csv#905,131_85,131_85,0.98,inventory.model,False,[],False
d92aa2eee7f4864c,inventory.csv#906,131_85,131_85,0.98,inventory.model,False,[],False
c3799abe95cdead0,inventory.csv#907,131_85,131_85,0.98,inventory.model,False,[],False
817621094e3f9be4,inventory.csv#908,131_85,131_85,0.98,inventory.model,False,[],False
90218eade029a6ce,inventory.csv#909,0_0,0_0,0.98,inventory.model,False,[],False
1cfc4bea1af454f2,inventory.csv#91,11_11,11_11,0.98,inventory.model,False,[],False
bbb161251034da99,inventory.csv#910,14_0,14_0,0.98,inventory.model,False,[],False
eebf6c5a907ef142,inventory.csv#911,15_0,15_0,0.98,inventory.model,False,[],False
191d49b98477cdc2,inventory.csv#912,48_-1,48_-1,0.98,inventory.model,False,[],False
aa91be56b7df8943,inventory.csv#913,91_-1,91_-1,0.98,inventory.model,False,[],False
d4809718a4d72987,inventory.csv#914,0_0,0_0,0.98,inventory.model,False,[],False
5ba3cd5f7705c383,inventory.csv#915,14_0,14_0,0.98,inventory.model,False,[],False
ea12c02e0d4c041b,inventory.csv#916,91_-1,91_-1,0.98,inventory.model,False,[],False
1a265d0d081c7b88,inventory.csv#917,15_0,15_0,0.98,inventory.model,False,[],False
1f919d9bb65b7b10,inventory.csv#918,15_-1,15_-1,0.98,inventory.model,False,[],False
d9002ba9707c3c4a,inventory.csv#919,1_22,1_22,0.98,inventory.model,False,[],False
7a66c4159482a693,inventory.csv#92,160_160,160_160,0.98,inventory.model,False,[],False
7fdcb429bf273c7d,inventory.csv#920,1_22,1_22,0.98,inventory.model,False,[],False
8ea04ad82618233b,inventory.csv#921,8_-1,8_-1,0.98,inventory.model,False,[],False
b457195d119b35d2,inventory.csv#922,1_22,1_22,0.98,inventory.model,False,[],False
eec6c5c3c41b03cd,inventory.csv#923,2_22,2_22,0.98,inventory.model,False,[],False
c3812c715a5ecb67,inventory.csv#924,3_22,3_22,0.98,inventory.model,False,[],False
c4878d4d9eda291f,inventory.csv#925,4_22,4_22,0.98,inventory.model,False,[],False
d7ce55c33d15545b,inventory.csv#926,8_-1,8_-1,0.98,inventory.model,False,[],False
3cf3ae740448d0ff,inventory.csv#927,15_0,15_0,0.98,inventory.model,False,[],False
b4caf7b3916d2ab1,inventory.csv#928,15_-1,15_-1,0.98,inventory.model,False,[],False
b022c8e40e4f22a0,inventory.csv#929,15_0,15_0,0.98,inventory.model,False,[],False
9cdf0fc4c71af6c7,inventory.csv#93,137_119,137_119,0.98,inventory.model,False,[],False
442a57760e4f32bc,inventory.csv#930,1_22,1_22,0.98,inventory.model,False,[],False
24d0e607864dbd37,inventory.csv#931,2_22,2_22,0.98,inventory.model,False,[],False
c96e0428f410d483,inventory.csv#932,33_184,33_184,0.98,inventory.model,False,[],False
8596a3ba2a01fa87,inventory.csv#933,3_22,3_22,0.98,inventory.model,False,[],False
90de84dc50ca4e84,inventory.csv#934,48_-1,48_-1,0.98,inventory.model,False,[],False
9e0d79604910c312,inventory.csv#935,4_22,4_22,0.98,inventory.model,False,[],False
e292cf47e128d0c6,inventory.csv#936,1_22,1_22,0.98,inventory.model,False,[],False
b671259246c5eb05,inventory.csv#937,4_22,4_22,0.98,inventory.model,False,[],False
6540c9419bbb4071,inventory.csv#938,0_-1,0_-1,0.98,inventory.model,False,[],False
3cd727a0da985429,inventory.csv#939,14_-1,14_-1,0.98,inventory.model,False,[],False
85922d3e9e28fd61,inventory.csv#94,131_101,131_101,0.98,inventory.model,False,[],False
1c8a8c530f234581,inventory.csv#940,15_-1,15_-1,0.98,inventory.model,False,[],False
c915357caa049cc6,inventory.csv#941,1_22,1_22,0.98,inventory.model,False,[],False
c6d7cb2516ea3af1,inventory.csv#942,4_22,4_22,0.98,inventory.model,False,[],False
56addc5c37e7330b,inventory.csv#943,133_32,133_32,0.98,inventory.model,False,[],False
b7f1cffb15c1b06a,inventory.csv#944,136_-1,136_-1,0.98,inventory.model,False,[],False
31b5747cb4d72abb,inventory.csv#945,0_0,0_0,0.98,inventory.model,False,[],False
f9cd4f16f795df6e,inventory.csv#946,0_-1,0_-1,0.98,inventory.model,False,[],False
aaca03444ddd1b33,inventory.csv#947,128_84,128_84,0.98,inventory.model,False,[],False
078aca21f6dd8757,inventory.csv#948,192_-1,192_-1,0.98,inventory.model,False,[],False
1d75b550ff2f593a,inventory.csv#949,16_47,16_47,0.98,inventory.model,False,[],False
49641518a0600163,inventory.csv#95,139_-1,139_-1,0.98,inventory.model,False,[],False
9c2859f116ebf67f,inventory.csv#950,163_-1,163_-1,0.98,inventory.model,False,[],False
1da257faeb8fdf5d,inventory.csv#951,175_-1,175_-1,0.98,inventory.model,False,[],False
ef801783b8f0e3bd,inventory.csv#952,1_-1,1_-1,0.98,inventory.model,False,[],False
82d93f1d2508969d,inventory.csv#953,1_-1,1_-1,0.98,inventory.model,False,[],False
411dd4c0ca547e81,inventory.csv#954,1_-1,1_-1,0.98,inventory.model,False,[],False
67c801004bd2d678,inventory.csv#955,1_-1,1_-1,0.98,inventory.model,False,[],False
7b87e3d954d6c3f6,inventory.csv#956,27_-1,27_-1,0.98,inventory.model,False,[],False
13651e098e568977,inventory.csv#957,0_-1,0_-1,0.98,inventory.model,False,[],False
a699bf4760b6022d,inventory.csv#958,135_78,135_78,0.98,inventory.model,False,[],False
2096a147d5fc4939,inventory.csv#959,13_-1,13_-1,0.98,inventory.model,False,[],False
34cb4d368b8ce278,inventory.csv#96,141_-1,141_-1,0.98,inventory.model,False,[],False
03f5c22581e4485b,inventory.csv#960,1_-1,1_-1,0.98,inventory.model,False,[],False
91874c1b8369fb86,inventory.csv#961,24_-1,24_-1,0.98,inventory.model,False,[],False
8313fc8782e8c0c0,inventory.csv#962,24_24,24_24,0.98,inventory.model,False,[],False
496ea4230b318669,inventory.csv#963,30_-1,30_-1,0.98,inventory.model,False,[],False
60994a911523c950,inventory.csv#964,28_-1,28_-1,0.98,inventory.model,False,[],False
4c32d37e6651bb87,inventory.csv#965,28_-1,28_-1,0.98,inventory.model,False,[],False
0685fd000a6f620f,inventory.csv#966,32_-1,32_-1,0.98,inventory.model,False,[],False
d16b67649360cdbf,inventory.csv#967,95_0,95_0,0.98,inventory.model,False,[],False
47aa1e63a6861252,inventory.csv#968,48_48,48_48,0.98,inventory.model,False,[],False
84c2dae574a71bc1,inventory.csv#969,54_200,54_200,0.98,inventory.model,False,[],False
ac6c09ac96fd9a00,inventory.csv#97,141_-1,141_-1,0.98,inventory.model,False,[],False
6e08e6dc5ebbb7cc,inventory.csv#970,0_-1,0_-1,0.98,inventory.model,False,[],False
892fc1e663c3abf4,inventory.csv#971,56_-1,56_-1,0.98,inventory.model,False,[],False
e817c090f5795e28,inventory.csv#972,60_-1,60_-1,0.98,inventory.model,False,[],False
fb283d895d5fe5a0,inventory.csv#973,104_-1,104_-1,0.98,inventory.model,False,[],False
a9fb408751b904eb,inventory.csv#974,54_-1,54_-1,0.98,inventory.model,False,[],False
6fe59e28e9392a47,inventory.csv#975,162_162,162_162,0.98,inventory.model,False,[],False
d33c1db51578557a,inventory.csv#976,32_-1,32_-1,0.98,inventory.model,False,[],False
192effceccd57aba,inventory.csv#977,1_253,1_253,0.98,inventory.model,False,[],False
9e5a01c0e5ba56fc,inventory.csv#978,131_69,131_69,0.98,inventory.model,False,[],False
03f25f0f0cec2596,inventory.csv#979,131_95,131_95,0.98,inventory.model,False,[],False
49bf096867da691b,inventory.csv#98,137_119,137_119,0.98,inventory.model,False,[],False
e4154269a5f7afb4,inventory.csv#980,64_64,64_64,0.98,inventory.model,False,[],False
21411a76f3ab29de,inventory.csv#981,132_66,132_66,0.98,inventory.model,False,[],False
c48d95d568bbf9f5,inventory.csv#982,33_160,33_160,0.98,inventory.model,False,[],False
fca799f1935091a2,inventory.csv#983,0_0,0_0,0.98,inventory.model,False,[],False
65f772f867f1b952,inventory.csv#984,33_160,33_160,0.98,inventory.model,False,[],False
4894ca7262cc8a58,inventory.csv#985,11_-1,11_-1,0.98,inventory.model,False,[],False
61c2a45d31766989,inventory.csv#986,36_12,36_12,0.98,inventory.model,False,[],False
ff03bab7ad9f2236,inventory.csv#987,128_-1,128_-1,0.98,inventory.model,False,[],False
c510bc4ab8826de8,inventory.csv#988,128_-1,128_-1,0.98,inventory.model,False,[],False
cf52ec8413a98a20,inventory.csv#989,8_64,8_64,0.98,inventory.model,False,[],False
0ed347c188e49fd1,inventory.csv#99,0_-1,0_-1,0.98,inventory.model,False,[],False
12b6b79a22023fa6,inventory.csv#990,16_-1,16_-1,0.98,inventory.model,False,[],False
0065a4f256b45cac,inventory.csv#991,1_-1,1_-1,0.98,inventory.model,False,[],False
6524c48ea1480cf4,inventory.csv#992,4_15,4_15,0.98,inventory.model,False,[],False
ede0cdcfba357e48,inventory.csv#993,73_-1,73_-1,0.98,inventory.model,False,[],False
b507cc501e673ab9,inventory.csv#994,134_75,134_75,0.98,inventory.model,False,[],False
f49d36504badab6a,inventory.csv#995,134_75,134_75,0.98,inventory.model,False,[],False
1c40878ceba396f0,inventory.csv#996,132_-1,132_-1,0.98,inventory.model,False,[],False
0effaa9cace89db7,inventory.csv#997,132_138,132_138,0.98,inventory.model,False,[],False
35d78b6db30118e2,inventory.csv#998,132_139,132_139,0.98,inventory.model,False,[],False
02d1fad02d5ebd7d,inventory.csv#999,132_140,132_140,0.98,inventory.model,False,[],False
