path,expected_classification,predicted_classification,predicted_confidence,reference_rule_id,reference_evidence,matched,review_reason
ACs/Airfel/AIRFEL_AFSW-12HAR1RCIO.ir,specific_device,device_family,0.62,specific.brand_model_filename.v1,"{""brand_segment"": ""Airfel"", ""category_segment"": ""ACs"", ""commercial_model"": ""AFSW-12HAR1RCIO"", ""filename"": ""AIRFEL_AFSW-12HAR1RCIO""}",False,predição diverge da regra silver
ACs/Airwell/Airwell_AWSI-PNXA012-N11.ir,specific_device,device_family,0.62,specific.brand_model_filename.v1,"{""brand_segment"": ""Airwell"", ""category_segment"": ""ACs"", ""commercial_model"": ""AWSI-PNXA012-N11"", ""filename"": ""Airwell_AWSI-PNXA012-N11""}",False,predição diverge da regra silver
ACs/Arctic_King/Arctic_King_RG15B1.ir,specific_device,device_family,0.67,specific.brand_model_filename.v1,"{""brand_segment"": ""Arctic_King"", ""category_segment"": ""ACs"", ""commercial_model"": ""RG15B1"", ""filename"": ""Arctic_King_RG15B1""}",False,predição diverge da regra silver
ACs/Ariston/Ariston_AC_A-MW09-IGX.ir,specific_device,device_family,0.62,specific.brand_model_filename.v1,"{""brand_segment"": ""Ariston"", ""category_segment"": ""ACs"", ""commercial_model"": ""AC_A-MW09-IGX"", ""filename"": ""Ariston_AC_A-MW09-IGX""}",False,predição diverge da regra silver
ACs/Ballu/Ballu_R05-BGE.ir,specific_device,device_family,0.62,specific.brand_model_filename.v1,"{""brand_segment"": ""Ballu"", ""category_segment"": ""ACs"", ""commercial_model"": ""R05-BGE"", ""filename"": ""Ballu_R05-BGE""}",False,predição diverge da regra silver
ACs/Botti/Botti_BL-168DLR.ir,specific_device,device_family,0.62,specific.brand_model_filename.v1,"{""brand_segment"": ""Botti"", ""category_segment"": ""ACs"", ""commercial_model"": ""BL-168DLR"", ""filename"": ""Botti_BL-168DLR""}",False,predição diverge da regra silver
ACs/COTech/COTech_MPPH-08CRN7-QB6_AC.ir,specific_device,device_family,0.62,specific.brand_model_filename.v1,"{""brand_segment"": ""COTech"", ""category_segment"": ""ACs"", ""commercial_model"": ""MPPH-08CRN7-QB6_AC"", ""filename"": ""COTech_MPPH-08CRN7-QB6_AC""}",False,predição diverge da regra silver
ACs/Comfort_Aire/Comfort_Aire_RG57A6.ir,specific_device,device_family,0.62,specific.brand_model_filename.v1,"{""brand_segment"": ""Comfort_Aire"", ""category_segment"": ""ACs"", ""commercial_model"": ""RG57A6"", ""filename"": ""Comfort_Aire_RG57A6""}",False,predição diverge da regra silver
ACs/Daikin/Daikin_ARC480A41.ir,specific_device,device_family,0.62,specific.brand_model_filename.v1,"{""brand_segment"": ""Daikin"", ""category_segment"": ""ACs"", ""commercial_model"": ""ARC480A41"", ""filename"": ""Daikin_ARC480A41""}",False,predição diverge da regra silver
ACs/Daikin/Daikin_ARC480A53.ir,specific_device,device_family,0.62,specific.brand_model_filename.v1,"{""brand_segment"": ""Daikin"", ""category_segment"": ""ACs"", ""commercial_model"": ""ARC480A53"", ""filename"": ""Daikin_ARC480A53""}",False,predição diverge da regra silver
ACs/Daikin/Daikin_FTE35KV1.ir,specific_device,device_family,0.62,specific.brand_model_filename.v1,"{""brand_segment"": ""Daikin"", ""category_segment"": ""ACs"", ""commercial_model"": ""FTE35KV1"", ""filename"": ""Daikin_FTE35KV1""}",False,predição diverge da regra silver
ACs/Daikin/Daikin_FTX50GV1B.ir,specific_device,device_family,0.62,specific.brand_model_filename.v1,"{""brand_segment"": ""Daikin"", ""category_segment"": ""ACs"", ""commercial_model"": ""FTX50GV1B"", ""filename"": ""Daikin_FTX50GV1B""}",False,predição diverge da regra silver
ACs/Daikin/Daikin_FTXM95PVMA.ir,specific_device,device_family,0.62,specific.brand_model_filename.v1,"{""brand_segment"": ""Daikin"", ""category_segment"": ""ACs"", ""commercial_model"": ""FTXM95PVMA"", ""filename"": ""Daikin_FTXM95PVMA""}",False,predição diverge da regra silver
ACs/Daikin/Daikin_FTXS25KVMA.ir,specific_device,device_family,0.62,specific.brand_model_filename.v1,"{""brand_segment"": ""Daikin"", ""category_segment"": ""ACs"", ""commercial_model"": ""FTXS25KVMA"", ""filename"": ""Daikin_FTXS25KVMA""}",False,predição diverge da regra silver
ACs/Danby/Danby DAC060EB7WDB.ir,specific_device,device_family,0.62,specific.brand_model_filename.v1,"{""brand_segment"": ""Danby"", ""category_segment"": ""ACs"", ""commercial_model"": ""DAC060EB7WDB"", ""filename"": ""Danby DAC060EB7WDB""}",False,predição diverge da regra silver
ACs/Eberg/Eberg_RIO_R29E1.ir,specific_device,device_family,0.67,specific.brand_model_filename.v1,"{""brand_segment"": ""Eberg"", ""category_segment"": ""ACs"", ""commercial_model"": ""RIO_R29E1"", ""filename"": ""Eberg_RIO_R29E1""}",False,predição diverge da regra silver
ACs/Ecofort/Ecofort_CoolAir_7+_EQCA7+2900824.ir,specific_device,device_family,0.67,specific.brand_model_filename.v1,"{""brand_segment"": ""Ecofort"", ""category_segment"": ""ACs"", ""commercial_model"": ""CoolAir_7+_EQCA7+2900824"", ""filename"": ""Ecofort_CoolAir_7+_EQCA7+2900824""}",False,predição diverge da regra silver
ACs/Emerson/Emerson_EARC8RE1_ac.ir,specific_device,device_family,0.62,specific.brand_model_filename.v1,"{""brand_segment"": ""Emerson"", ""category_segment"": ""ACs"", ""commercial_model"": ""EARC8RE1_ac"", ""filename"": ""Emerson_EARC8RE1_ac""}",False,predição diverge da regra silver
ACs/Eurom/Eurom_PAC_9.2.ir,specific_device,device_family,0.67,specific.brand_model_filename.v1,"{""brand_segment"": ""Eurom"", ""category_segment"": ""ACs"", ""commercial_model"": ""PAC_9.2"", ""filename"": ""Eurom_PAC_9.2""}",False,predição diverge da regra silver
ACs/Firstline/Firstline_AAS2500.ir,specific_device,device_family,0.62,specific.brand_model_filename.v1,"{""brand_segment"": ""Firstline"", ""category_segment"": ""ACs"", ""commercial_model"": ""AAS2500"", ""filename"": ""Firstline_AAS2500""}",False,predição diverge da regra silver
ACs/Frico/Frico_PA2510E08.ir,specific_device,device_family,0.62,specific.brand_model_filename.v1,"{""brand_segment"": ""Frico"", ""category_segment"": ""ACs"", ""commercial_model"": ""PA2510E08"", ""filename"": ""Frico_PA2510E08""}",False,predição diverge da regra silver
ACs/Friedrich/Friedrich_4235h.ir,specific_device,device_family,0.62,specific.brand_model_filename.v1,"{""brand_segment"": ""Friedrich"", ""category_segment"": ""ACs"", ""commercial_model"": ""4235h"", ""filename"": ""Friedrich_4235h""}",False,predição diverge da regra silver
ACs/Friedrich/Friedrich_AKB73756214.ir,specific_device,device_family,0.62,specific.brand_model_filename.v1,"{""brand_segment"": ""Friedrich"", ""category_segment"": ""ACs"", ""commercial_model"": ""AKB73756214"", ""filename"": ""Friedrich_AKB73756214""}",False,predição diverge da regra silver
ACs/Frigidaire/Frigidaire_RG15D_AC.ir,specific_device,device_family,0.67,specific.brand_model_filename.v1,"{""brand_segment"": ""Frigidaire"", ""category_segment"": ""ACs"", ""commercial_model"": ""RG15D_AC"", ""filename"": ""Frigidaire_RG15D_AC""}",False,predição diverge da regra silver
ACs/Fujidenzo/Fujidenzo_FEA5001_AC.ir,specific_device,device_family,0.62,specific.brand_model_filename.v1,"{""brand_segment"": ""Fujidenzo"", ""category_segment"": ""ACs"", ""commercial_model"": ""FEA5001_AC"", ""filename"": ""Fujidenzo_FEA5001_AC""}",False,predição diverge da regra silver
ACs/GREE/Gree_KFR-70G-A1.ir,specific_device,device_family,0.62,specific.brand_model_filename.v1,"{""brand_segment"": ""GREE"", ""category_segment"": ""ACs"", ""commercial_model"": ""KFR-70G-A1"", ""filename"": ""Gree_KFR-70G-A1""}",False,predição diverge da regra silver
ACs/GoodHome/GoodHome_FDP15.ir,specific_device,device_family,0.67,specific.brand_model_filename.v1,"{""brand_segment"": ""GoodHome"", ""category_segment"": ""ACs"", ""commercial_model"": ""FDP15"", ""filename"": ""GoodHome_FDP15""}",False,predição diverge da regra silver
ACs/Haier/Haier_AC_AS18GD3HRA.ir,specific_device,device_family,0.62,specific.brand_model_filename.v1,"{""brand_segment"": ""Haier"", ""category_segment"": ""ACs"", ""commercial_model"": ""AC_AS18GD3HRA"", ""filename"": ""Haier_AC_AS18GD3HRA""}",False,predição diverge da regra silver
ACs/Haier/Haier_AC_HPD10XCM-LW.ir,specific_device,device_family,0.67,specific.brand_model_filename.v1,"{""brand_segment"": ""Haier"", ""category_segment"": ""ACs"", ""commercial_model"": ""AC_HPD10XCM-LW"", ""filename"": ""Haier_AC_HPD10XCM-LW""}",False,predição diverge da regra silver
ACs/Haier/Haier_AC_HWE08XCR-L.ir,specific_device,device_family,0.62,specific.brand_model_filename.v1,"{""brand_segment"": ""Haier"", ""category_segment"": ""ACs"", ""commercial_model"": ""AC_HWE08XCR-L"", ""filename"": ""Haier_AC_HWE08XCR-L""}",False,predição diverge da regra silver
ACs/Hisense/Hisense_DG11J1-99_celsius.ir,specific_device,device_family,0.62,specific.brand_model_filename.v1,"{""brand_segment"": ""Hisense"", ""category_segment"": ""ACs"", ""commercial_model"": ""DG11J1-99_celsius"", ""filename"": ""Hisense_DG11J1-99_celsius""}",False,predição diverge da regra silver
ACs/Hisense/Hisense_DG11J1-99_fahrenheit.ir,specific_device,device_family,0.62,specific.brand_model_filename.v1,"{""brand_segment"": ""Hisense"", ""category_segment"": ""ACs"", ""commercial_model"": ""DG11J1-99_fahrenheit"", ""filename"": ""Hisense_DG11J1-99_fahrenheit""}",False,predição diverge da regra silver
ACs/Hitachi/Hitachi_RAK35.ir,specific_device,device_family,0.62,specific.brand_model_filename.v1,"{""brand_segment"": ""Hitachi"", ""category_segment"": ""ACs"", ""commercial_model"": ""RAK35"", ""filename"": ""Hitachi_RAK35""}",False,predição diverge da regra silver
ACs/Honeywell/Honeywell_MN10CESS.ir,specific_device,device_family,0.67,specific.brand_model_filename.v1,"{""brand_segment"": ""Honeywell"", ""category_segment"": ""ACs"", ""commercial_model"": ""MN10CESS"", ""filename"": ""Honeywell_MN10CESS""}",False,predição diverge da regra silver
ACs/Insigna/Insigna_AC_NSRC2AC9.ir,specific_device,device_family,0.67,specific.brand_model_filename.v1,"{""brand_segment"": ""Insigna"", ""category_segment"": ""ACs"", ""commercial_model"": ""AC_NSRC2AC9"", ""filename"": ""Insigna_AC_NSRC2AC9""}",False,predição diverge da regra silver
ACs/Koldfront/Koldfront_WAC12001.ir,specific_device,device_family,0.67,specific.brand_model_filename.v1,"{""brand_segment"": ""Koldfront"", ""category_segment"": ""ACs"", ""commercial_model"": ""WAC12001"", ""filename"": ""Koldfront_WAC12001""}",False,predição diverge da regra silver
ACs/LG/LG_AC_2.ir,specific_device,device_family,0.62,specific.brand_model_filename.v1,"{""brand_segment"": ""LG"", ""category_segment"": ""ACs"", ""commercial_model"": ""AC_2"", ""filename"": ""LG_AC_2""}",False,predição diverge da regra silver
ACs/LG/LG_COV30332906_AC.ir,specific_device,device_family,0.67,specific.brand_model_filename.v1,"{""brand_segment"": ""LG"", ""category_segment"": ""ACs"", ""commercial_model"": ""COV30332906_AC"", ""filename"": ""LG_COV30332906_AC""}",False,predição diverge da regra silver
ACs/LG/LG_LP0817WSR.ir,specific_device,device_family,0.62,specific.brand_model_filename.v1,"{""brand_segment"": ""LG"", ""category_segment"": ""ACs"", ""commercial_model"": ""LP0817WSR"", ""filename"": ""LG_LP0817WSR""}",False,predição diverge da regra silver
ACs/LG/LG_LP1015WNR_AC.ir,specific_device,device_family,0.67,specific.brand_model_filename.v1,"{""brand_segment"": ""LG"", ""category_segment"": ""ACs"", ""commercial_model"": ""LP1015WNR_AC"", ""filename"": ""LG_LP1015WNR_AC""}",False,predição diverge da regra silver
ACs/LG/LG_LP1417GSR_AC.ir,specific_device,device_family,0.62,specific.brand_model_filename.v1,"{""brand_segment"": ""LG"", ""category_segment"": ""ACs"", ""commercial_model"": ""LP1417GSR_AC"", ""filename"": ""LG_LP1417GSR_AC""}",False,predição diverge da regra silver
ACs/LG/LG_LP1419IVSM.ir,specific_device,device_family,0.62,specific.brand_model_filename.v1,"{""brand_segment"": ""LG"", ""category_segment"": ""ACs"", ""commercial_model"": ""LP1419IVSM"", ""filename"": ""LG_LP1419IVSM""}",False,predição diverge da regra silver
ACs/LG/LG_R12AWN-NB11.ir,specific_device,device_family,0.62,specific.brand_model_filename.v1,"{""brand_segment"": ""LG"", ""category_segment"": ""ACs"", ""commercial_model"": ""R12AWN-NB11"", ""filename"": ""LG_R12AWN-NB11""}",False,predição diverge da regra silver
ACs/LG/LG_SX122CL.ir,specific_device,device_family,0.62,specific.brand_model_filename.v1,"{""brand_segment"": ""LG"", ""category_segment"": ""ACs"", ""commercial_model"": ""SX122CL"", ""filename"": ""LG_SX122CL""}",False,predição diverge da regra silver
ACs/Logik/Logik_HLF-20R.ir,specific_device,device_family,0.62,specific.brand_model_filename.v1,"{""brand_segment"": ""Logik"", ""category_segment"": ""ACs"", ""commercial_model"": ""HLF-20R"", ""filename"": ""Logik_HLF-20R""}",False,predição diverge da regra silver
ACs/MayTag/MayTag_M6X06F2A.ir,specific_device,device_family,0.67,specific.brand_model_filename.v1,"{""brand_segment"": ""MayTag"", ""category_segment"": ""ACs"", ""commercial_model"": ""M6X06F2A"", ""filename"": ""MayTag_M6X06F2A""}",False,predição diverge da regra silver
ACs/Midea/Midea_AC_MAW05R1WBL.ir,specific_device,device_family,0.62,specific.brand_model_filename.v1,"{""brand_segment"": ""Midea"", ""category_segment"": ""ACs"", ""commercial_model"": ""AC_MAW05R1WBL"", ""filename"": ""Midea_AC_MAW05R1WBL""}",False,predição diverge da regra silver
ACs/Midea/Midea_MP12SVKBA3RCM.ir,specific_device,device_family,0.67,specific.brand_model_filename.v1,"{""brand_segment"": ""Midea"", ""category_segment"": ""ACs"", ""commercial_model"": ""MP12SVKBA3RCM"", ""filename"": ""Midea_MP12SVKBA3RCM""}",False,predição diverge da regra silver
ACs/Midea/Midea_WWK08CR81N.ir,specific_device,device_family,0.67,specific.brand_model_filename.v1,"{""brand_segment"": ""Midea"", ""category_segment"": ""ACs"", ""commercial_model"": ""WWK08CR81N"", ""filename"": ""Midea_WWK08CR81N""}",False,predição diverge da regra silver
ACs/Midea/Midea_silent_cool_26_pro.ir,specific_device,device_family,0.62,specific.brand_model_filename.v1,"{""brand_segment"": ""Midea"", ""category_segment"": ""ACs"", ""commercial_model"": ""silent_cool_26_pro"", ""filename"": ""Midea_silent_cool_26_pro""}",False,predição diverge da regra silver
ACs/Mitsubishi/Mitsubishi_MSH-30RV.ir,specific_device,device_family,0.62,specific.brand_model_filename.v1,"{""brand_segment"": ""Mitsubishi"", ""category_segment"": ""ACs"", ""commercial_model"": ""MSH-30RV"", ""filename"": ""Mitsubishi_MSH-30RV""}",False,predição diverge da regra silver
ACs/Mitsubishi/Mitsubishi_MSH_GA71VB.ir,specific_device,device_family,0.62,specific.brand_model_filename.v1,"{""brand_segment"": ""Mitsubishi"", ""category_segment"": ""ACs"", ""commercial_model"": ""MSH_GA71VB"", ""filename"": ""Mitsubishi_MSH_GA71VB""}",False,predição diverge da regra silver
ACs/Mitsubishi/Mitsubishi_SRK20ZJ-S.ir,specific_device,device_family,0.62,specific.brand_model_filename.v1,"{""brand_segment"": ""Mitsubishi"", ""category_segment"": ""ACs"", ""commercial_model"": ""SRK20ZJ-S"", ""filename"": ""Mitsubishi_SRK20ZJ-S""}",False,predição diverge da regra silver
ACs/Mitsubishi/Mitsubishi_SRK35ZS-W.ir,specific_device,device_family,0.62,specific.brand_model_filename.v1,"{""brand_segment"": ""Mitsubishi"", ""category_segment"": ""ACs"", ""commercial_model"": ""SRK35ZS-W"", ""filename"": ""Mitsubishi_SRK35ZS-W""}",False,predição diverge da regra silver
ACs/Mitsubishi/mitsubishi-MSY-GE10VA.ir,specific_device,device_family,0.62,specific.brand_model_filename.v1,"{""brand_segment"": ""Mitsubishi"", ""category_segment"": ""ACs"", ""commercial_model"": ""MSY-GE10VA"", ""filename"": ""mitsubishi-MSY-GE10VA""}",False,predição diverge da regra silver
ACs/OK/Ok_AC_OAC_7020.ir,specific_device,device_family,0.62,specific.brand_model_filename.v1,"{""brand_segment"": ""OK"", ""category_segment"": ""ACs"", ""commercial_model"": ""AC_OAC_7020"", ""filename"": ""Ok_AC_OAC_7020""}",False,predição diverge da regra silver
ACs/Oreck/Oreck_AIR12GU.ir,specific_device,device_family,0.67,specific.brand_model_filename.v1,"{""brand_segment"": ""Oreck"", ""category_segment"": ""ACs"", ""commercial_model"": ""AIR12GU"", ""filename"": ""Oreck_AIR12GU""}",False,predição diverge da regra silver
ACs/Osaka/Osaka_CH_09_DSBP.ir,specific_device,device_family,0.62,specific.brand_model_filename.v1,"{""brand_segment"": ""Osaka"", ""category_segment"": ""ACs"", ""commercial_model"": ""CH_09_DSBP"", ""filename"": ""Osaka_CH_09_DSBP""}",False,predição diverge da regra silver
ACs/Panasonic/Panasonic_A75C4187.ir,specific_device,device_family,0.62,specific.brand_model_filename.v1,"{""brand_segment"": ""Panasonic"", ""category_segment"": ""ACs"", ""commercial_model"": ""A75C4187"", ""filename"": ""Panasonic_A75C4187""}",False,predição diverge da regra silver
ACs/Panasonic/Panasonic_CS-E9HKR.ir,specific_device,device_family,0.62,specific.brand_model_filename.v1,"{""brand_segment"": ""Panasonic"", ""category_segment"": ""ACs"", ""commercial_model"": ""CS-E9HKR"", ""filename"": ""Panasonic_CS-E9HKR""}",False,predição diverge da regra silver
ACs/Panasonic/Panasonic_CS-UE12RKE.ir,specific_device,device_family,0.62,specific.brand_model_filename.v1,"{""brand_segment"": ""Panasonic"", ""category_segment"": ""ACs"", ""commercial_model"": ""CS-UE12RKE"", ""filename"": ""Panasonic_CS-UE12RKE""}",False,predição diverge da regra silver
ACs/Panasonic/Panasonic_CWA75C4179.ir,specific_device,device_family,0.62,specific.brand_model_filename.v1,"{""brand_segment"": ""Panasonic"", ""category_segment"": ""ACs"", ""commercial_model"": ""CWA75C4179"", ""filename"": ""Panasonic_CWA75C4179""}",False,predição diverge da regra silver
ACs/Panasonic/Panasonic_Climate_A75C2600.ir,specific_device,device_family,0.62,specific.brand_model_filename.v1,"{""brand_segment"": ""Panasonic"", ""category_segment"": ""ACs"", ""commercial_model"": ""Climate_A75C2600"", ""filename"": ""Panasonic_Climate_A75C2600""}",False,predição diverge da regra silver
ACs/Royal_Clima/Royal_Clima_RC-TWN55HN.ir,specific_device,device_family,0.62,specific.brand_model_filename.v1,"{""brand_segment"": ""Royal_Clima"", ""category_segment"": ""ACs"", ""commercial_model"": ""RC-TWN55HN"", ""filename"": ""Royal_Clima_RC-TWN55HN""}",False,predição diverge da regra silver
ACs/Samsung/Samsung_AC_AR12K.ir,specific_device,device_family,0.62,specific.brand_model_filename.v1,"{""brand_segment"": ""Samsung"", ""category_segment"": ""ACs"", ""commercial_model"": ""AC_AR12K"", ""filename"": ""Samsung_AC_AR12K""}",False,predição diverge da regra silver
ACs/SereneLife/SereneLife_SLPAC8.ir,specific_device,device_family,0.67,specific.brand_model_filename.v1,"{""brand_segment"": ""SereneLife"", ""category_segment"": ""ACs"", ""commercial_model"": ""SLPAC8"", ""filename"": ""SereneLife_SLPAC8""}",False,predição diverge da regra silver
ACs/Sharp/Sharp AH-A9UCD.ir,specific_device,device_family,0.62,specific.brand_model_filename.v1,"{""brand_segment"": ""Sharp"", ""category_segment"": ""ACs"", ""commercial_model"": ""AH-A9UCD"", ""filename"": ""Sharp AH-A9UCD""}",False,predição diverge da regra silver
ACs/Sharp/Sharp_CVP10MX.ir,specific_device,device_family,0.62,specific.brand_model_filename.v1,"{""brand_segment"": ""Sharp"", ""category_segment"": ""ACs"", ""commercial_model"": ""CVP10MX"", ""filename"": ""Sharp_CVP10MX""}",False,predição diverge da regra silver
ACs/Sinclair/SINCLAIR_ASH13BIF2.ir,specific_device,device_family,0.62,specific.brand_model_filename.v1,"{""brand_segment"": ""Sinclair"", ""category_segment"": ""ACs"", ""commercial_model"": ""ASH13BIF2"", ""filename"": ""SINCLAIR_ASH13BIF2""}",False,predição diverge da regra silver
ACs/Subtropic/Subtropic_in-07HN1.ir,specific_device,device_family,0.62,specific.brand_model_filename.v1,"{""brand_segment"": ""Subtropic"", ""category_segment"": ""ACs"", ""commercial_model"": ""in-07HN1"", ""filename"": ""Subtropic_in-07HN1""}",False,predição diverge da regra silver
ACs/Toshiba/Toshiba_RAS13SKV2E.ir,specific_device,device_family,0.62,specific.brand_model_filename.v1,"{""brand_segment"": ""Toshiba"", ""category_segment"": ""ACs"", ""commercial_model"": ""RAS13SKV2E"", ""filename"": ""Toshiba_RAS13SKV2E""}",False,predição diverge da regra silver
ACs/Toshiba/Toshiba_RASB10BKVG-E.ir,specific_device,device_family,0.62,specific.brand_model_filename.v1,"{""brand_segment"": ""Toshiba"", ""category_segment"": ""ACs"", ""commercial_model"": ""RASB10BKVG-E"", ""filename"": ""Toshiba_RASB10BKVG-E""}",False,predição diverge da regra silver
ACs/Toshiba/Toshiba_RG57H4.ir,specific_device,device_family,0.62,specific.brand_model_filename.v1,"{""brand_segment"": ""Toshiba"", ""category_segment"": ""ACs"", ""commercial_model"": ""RG57H4"", ""filename"": ""Toshiba_RG57H4""}",False,predição diverge da regra silver
ACs/Trotec/Trotec_PAC2600X.ir,specific_device,device_family,0.62,specific.brand_model_filename.v1,"{""brand_segment"": ""Trotec"", ""category_segment"": ""ACs"", ""commercial_model"": ""PAC2600X"", ""filename"": ""Trotec_PAC2600X""}",False,predição diverge da regra silver
ACs/Windfree/Windfree_Actest2.ir,specific_device,device_family,0.62,specific.brand_model_filename.v1,"{""brand_segment"": ""Windfree"", ""category_segment"": ""ACs"", ""commercial_model"": ""Actest2"", ""filename"": ""Windfree_Actest2""}",False,predição diverge da regra silver
ACs/Windfree/Windfree_Remote3.ir,specific_device,device_family,0.62,specific.brand_model_filename.v1,"{""brand_segment"": ""Windfree"", ""category_segment"": ""ACs"", ""commercial_model"": ""Remote3"", ""filename"": ""Windfree_Remote3""}",False,predição diverge da regra silver
ACs/Zephir/Zephir_ZPO9001H_AC.ir,specific_device,device_family,0.67,specific.brand_model_filename.v1,"{""brand_segment"": ""Zephir"", ""category_segment"": ""ACs"", ""commercial_model"": ""ZPO9001H_AC"", ""filename"": ""Zephir_ZPO9001H_AC""}",False,predição diverge da regra silver
ACs/electriQ/electriQ_P15C-V2.ir,specific_device,device_family,0.67,specific.brand_model_filename.v1,"{""brand_segment"": ""electriQ"", ""category_segment"": ""ACs"", ""commercial_model"": ""P15C-V2"", ""filename"": ""electriQ_P15C-V2""}",False,predição diverge da regra silver
Air_Purifiers/Blueair/Blueair_T10i_T20i.ir,specific_device,device_family,0.67,specific.brand_model_filename.v1,"{""brand_segment"": ""Blueair"", ""category_segment"": ""Air_Purifiers"", ""commercial_model"": ""T10i_T20i"", ""filename"": ""Blueair_T10i_T20i""}",False,predição diverge da regra silver
Air_Purifiers/Dyson/Dyson_HotCool_HP02.ir,specific_device,device_family,0.62,specific.brand_model_filename.v1,"{""brand_segment"": ""Dyson"", ""category_segment"": ""Air_Purifiers"", ""commercial_model"": ""HotCool_HP02"", ""filename"": ""Dyson_HotCool_HP02""}",False,predição diverge da regra silver
Air_Purifiers/Dyson/Dyson_HotCool_HP04.ir,specific_device,device_family,0.62,specific.brand_model_filename.v1,"{""brand_segment"": ""Dyson"", ""category_segment"": ""Air_Purifiers"", ""commercial_model"": ""HotCool_HP04"", ""filename"": ""Dyson_HotCool_HP04""}",False,predição diverge da regra silver
Air_Purifiers/Dyson/Dyson_HotCool_HP07.ir,specific_device,device_family,0.62,specific.brand_model_filename.v1,"{""brand_segment"": ""Dyson"", ""category_segment"": ""Air_Purifiers"", ""commercial_model"": ""HotCool_HP07"", ""filename"": ""Dyson_HotCool_HP07""}",False,predição diverge da regra silver
Air_Purifiers/Dyson/Dyson_PureCool_TP00.ir,specific_device,device_family,0.62,specific.brand_model_filename.v1,"{""brand_segment"": ""Dyson"", ""category_segment"": ""Air_Purifiers"", ""commercial_model"": ""PureCool_TP00"", ""filename"": ""Dyson_PureCool_TP00""}",False,predição diverge da regra silver
Air_Purifiers/Dyson/Dyson_PureCool_TP4A.ir,specific_device,device_family,0.62,specific.brand_model_filename.v1,"{""brand_segment"": ""Dyson"", ""category_segment"": ""Air_Purifiers"", ""commercial_model"": ""PureCool_TP4A"", ""filename"": ""Dyson_PureCool_TP4A""}",False,predição diverge da regra silver
Air_Purifiers/Dyson/Dyson_Purifier_Cool_Autoreact_TP7A.ir,specific_device,device_family,0.62,specific.brand_model_filename.v1,"{""brand_segment"": ""Dyson"", ""category_segment"": ""Air_Purifiers"", ""commercial_model"": ""Purifier_Cool_Autoreact_TP7A"", ""filename"": ""Dyson_Purifier_Cool_Autoreact_TP7A""}",False,predição diverge da regra silver
Air_Purifiers/Dyson/Dyson_Purifier_Cool_TP10.ir,specific_device,device_family,0.62,specific.brand_model_filename.v1,"{""brand_segment"": ""Dyson"", ""category_segment"": ""Air_Purifiers"", ""commercial_model"": ""Purifier_Cool_TP10"", ""filename"": ""Dyson_Purifier_Cool_TP10""}",False,predição diverge da regra silver
Air_Purifiers/Dyson/Dyson_Purifier_Humidify+Cool_Autoreact_PH3A.ir,specific_device,device_family,0.62,specific.brand_model_filename.v1,"{""brand_segment"": ""Dyson"", ""category_segment"": ""Air_Purifiers"", ""commercial_model"": ""Purifier_Humidify+Cool_Autoreact_PH3A"", ""filename"": ""Dyson_Purifier_Humidify+Cool_Autoreact_PH3A""}",False,predição diverge da regra silver
Air_Purifiers/Dyson/Dyson_PurifiyHumidify_PH04.ir,specific_device,device_family,0.62,specific.brand_model_filename.v1,"{""brand_segment"": ""Dyson"", ""category_segment"": ""Air_Purifiers"", ""commercial_model"": ""PurifiyHumidify_PH04"", ""filename"": ""Dyson_PurifiyHumidify_PH04""}",False,predição diverge da regra silver
Air_Purifiers/Rabbit_Air/Rabbit_Air_Minusa2.ir,specific_device,device_family,0.62,specific.brand_model_filename.v1,"{""brand_segment"": ""Rabbit_Air"", ""category_segment"": ""Air_Purifiers"", ""commercial_model"": ""Minusa2"", ""filename"": ""Rabbit_Air_Minusa2""}",False,predição diverge da regra silver
Air_Purifiers/Rohnson/Rohnson_R-9400.ir,specific_device,device_family,0.67,specific.brand_model_filename.v1,"{""brand_segment"": ""Rohnson"", ""category_segment"": ""Air_Purifiers"", ""commercial_model"": ""R-9400"", ""filename"": ""Rohnson_R-9400""}",False,predição diverge da regra silver
Air_Purifiers/Trotec/Trotec_AirgoClean_350_E.ir,specific_device,device_family,0.67,specific.brand_model_filename.v1,"{""brand_segment"": ""Trotec"", ""category_segment"": ""Air_Purifiers"", ""commercial_model"": ""AirgoClean_350_E"", ""filename"": ""Trotec_AirgoClean_350_E""}",False,predição diverge da regra silver
Audio_and_Video_Receivers/ASR/ASR_EMITTER1HD.ir,specific_device,device_family,0.67,specific.brand_model_filename.v1,"{""brand_segment"": ""ASR"", ""category_segment"": ""Audio_and_Video_Receivers"", ""commercial_model"": ""EMITTER1HD"", ""filename"": ""ASR_EMITTER1HD""}",False,predição diverge da regra silver
Audio_and_Video_Receivers/Adastra/Adastra_WA215.ir,specific_device,device_family,0.67,specific.brand_model_filename.v1,"{""brand_segment"": ""Adastra"", ""category_segment"": ""Audio_and_Video_Receivers"", ""commercial_model"": ""WA215"", ""filename"": ""Adastra_WA215""}",False,predição diverge da regra silver
Audio_and_Video_Receivers/Adcom/Adcom_GTP500II.ir,specific_device,device_family,0.67,specific.brand_model_filename.v1,"{""brand_segment"": ""Adcom"", ""category_segment"": ""Audio_and_Video_Receivers"", ""commercial_model"": ""GTP500II"", ""filename"": ""Adcom_GTP500II""}",False,predição diverge da regra silver
Audio_and_Video_Receivers/Aiwa/AIWA_XR-EM300.ir,specific_device,device_family,0.67,specific.brand_model_filename.v1,"{""brand_segment"": ""Aiwa"", ""category_segment"": ""Audio_and_Video_Receivers"", ""commercial_model"": ""XR-EM300"", ""filename"": ""AIWA_XR-EM300""}",False,predição diverge da regra silver
Audio_and_Video_Receivers/Aiwa/Aiwa_RC-T506.ir,specific_device,device_family,0.67,specific.brand_model_filename.v1,"{""brand_segment"": ""Aiwa"", ""category_segment"": ""Audio_and_Video_Receivers"", ""commercial_model"": ""RC-T506"", ""filename"": ""Aiwa_RC-T506""}",False,predição diverge da regra silver
Audio_and_Video_Receivers/Auna/Auna_AV2_CD508.ir,specific_device,device_family,0.67,specific.brand_model_filename.v1,"{""brand_segment"": ""Auna"", ""category_segment"": ""Audio_and_Video_Receivers"", ""commercial_model"": ""AV2_CD508"", ""filename"": ""Auna_AV2_CD508""}",False,predição diverge da regra silver
Audio_and_Video_Receivers/CambridgeAudio/CambridgeAudio_650A.ir,specific_device,device_family,0.67,specific.brand_model_filename.v1,"{""brand_segment"": ""CambridgeAudio"", ""category_segment"": ""Audio_and_Video_Receivers"", ""commercial_model"": ""650A"", ""filename"": ""CambridgeAudio_650A""}",False,predição diverge da regra silver
Audio_and_Video_Receivers/Denon/Denon_DRA_365R.ir,specific_device,device_family,0.62,specific.brand_model_filename.v1,"{""brand_segment"": ""Denon"", ""category_segment"": ""Audio_and_Video_Receivers"", ""commercial_model"": ""DRA_365R"", ""filename"": ""Denon_DRA_365R""}",False,predição diverge da regra silver
Audio_and_Video_Receivers/Denon/Denon_RC1253.ir,specific_device,device_family,0.67,specific.brand_model_filename.v1,"{""brand_segment"": ""Denon"", ""category_segment"": ""Audio_and_Video_Receivers"", ""commercial_model"": ""RC1253"", ""filename"": ""Denon_RC1253""}",False,predição diverge da regra silver
Audio_and_Video_Receivers/Edifier/Edifier_r1280t.ir,specific_device,device_family,0.67,specific.brand_model_filename.v1,"{""brand_segment"": ""Edifier"", ""category_segment"": ""Audio_and_Video_Receivers"", ""commercial_model"": ""r1280t"", ""filename"": ""Edifier_r1280t""}",False,predição diverge da regra silver
Audio_and_Video_Receivers/Edifier/Edifier_r1700bt.ir,specific_device,device_family,0.67,specific.brand_model_filename.v1,"{""brand_segment"": ""Edifier"", ""category_segment"": ""Audio_and_Video_Receivers"", ""commercial_model"": ""r1700bt"", ""filename"": ""Edifier_r1700bt""}",False,predição diverge da regra silver
Audio_and_Video_Receivers/Edifier/Edifier_r1855db.ir,specific_device,device_family,0.67,specific.brand_model_filename.v1,"{""brand_segment"": ""Edifier"", ""category_segment"": ""Audio_and_Video_Receivers"", ""commercial_model"": ""r1855db"", ""filename"": ""Edifier_r1855db""}",False,predição diverge da regra silver
Audio_and_Video_Receivers/Edifier/Edifier_r2000db.ir,specific_device,device_family,0.67,specific.brand_model_filename.v1,"{""brand_segment"": ""Edifier"", ""category_segment"": ""Audio_and_Video_Receivers"", ""commercial_model"": ""r2000db"", ""filename"": ""Edifier_r2000db""}",False,predição diverge da regra silver
Audio_and_Video_Receivers/Elac/Elac_EA101EQ-G.ir,specific_device,device_family,0.67,specific.brand_model_filename.v1,"{""brand_segment"": ""Elac"", ""category_segment"": ""Audio_and_Video_Receivers"", ""commercial_model"": ""EA101EQ-G"", ""filename"": ""Elac_EA101EQ-G""}",False,predição diverge da regra silver
Audio_and_Video_Receivers/Emotiva/Emotiva_PT100_TA100.ir,specific_device,device_family,0.67,specific.brand_model_filename.v1,"{""brand_segment"": ""Emotiva"", ""category_segment"": ""Audio_and_Video_Receivers"", ""commercial_model"": ""PT100_TA100"", ""filename"": ""Emotiva_PT100_TA100""}",False,predição diverge da regra silver
Audio_and_Video_Receivers/Fosi_Audio/Fosi_Audio_ZD3.ir,specific_device,device_family,0.67,specific.brand_model_filename.v1,"{""brand_segment"": ""Fosi_Audio"", ""category_segment"": ""Audio_and_Video_Receivers"", ""commercial_model"": ""ZD3"", ""filename"": ""Fosi_Audio_ZD3""}",False,predição diverge da regra silver
Audio_and_Video_Receivers/Grundig/Grundig_CMS_5000.ir,specific_device,device_family,0.67,specific.brand_model_filename.v1,"{""brand_segment"": ""Grundig"", ""category_segment"": ""Audio_and_Video_Receivers"", ""commercial_model"": ""CMS_5000"", ""filename"": ""Grundig_CMS_5000""}",False,predição diverge da regra silver
Audio_and_Video_Receivers/Harman_Kardon/Harman_Kardon_AVR130.ir,specific_device,device_family,0.67,specific.brand_model_filename.v1,"{""brand_segment"": ""Harman_Kardon"", ""category_segment"": ""Audio_and_Video_Receivers"", ""commercial_model"": ""AVR130"", ""filename"": ""Harman_Kardon_AVR130""}",False,predição diverge da regra silver
Audio_and_Video_Receivers/JVC/JVC_CA-D851TR.ir,specific_device,device_family,0.62,specific.brand_model_filename.v1,"{""brand_segment"": ""JVC"", ""category_segment"": ""Audio_and_Video_Receivers"", ""commercial_model"": ""CA-D851TR"", ""filename"": ""JVC_CA-D851TR""}",False,predição diverge da regra silver
Audio_and_Video_Receivers/Logitech/Logitech_Z906.ir,specific_device,device_family,0.67,specific.brand_model_filename.v1,"{""brand_segment"": ""Logitech"", ""category_segment"": ""Audio_and_Video_Receivers"", ""commercial_model"": ""Z906"", ""filename"": ""Logitech_Z906""}",False,predição diverge da regra silver
Audio_and_Video_Receivers/Marantz/Marantz_RC042SR.ir,specific_device,device_family,0.67,specific.brand_model_filename.v1,"{""brand_segment"": ""Marantz"", ""category_segment"": ""Audio_and_Video_Receivers"", ""commercial_model"": ""RC042SR"", ""filename"": ""Marantz_RC042SR""}",False,predição diverge da regra silver
Audio_and_Video_Receivers/NAD/NAD_Amp_1.ir,specific_device,device_family,0.67,specific.brand_model_filename.v1,"{""brand_segment"": ""NAD"", ""category_segment"": ""Audio_and_Video_Receivers"", ""commercial_model"": ""Amp_1"", ""filename"": ""NAD_Amp_1""}",False,predição diverge da regra silver
Audio_and_Video_Receivers/NAD/NAD_DR2_D3020V1.ir,specific_device,device_family,0.67,specific.brand_model_filename.v1,"{""brand_segment"": ""NAD"", ""category_segment"": ""Audio_and_Video_Receivers"", ""commercial_model"": ""DR2_D3020V1"", ""filename"": ""NAD_DR2_D3020V1""}",False,predição diverge da regra silver
Audio_and_Video_Receivers/Nakamichi/NAKAMICHI_RM_4TA.ir,specific_device,device_family,0.67,specific.brand_model_filename.v1,"{""brand_segment"": ""Nakamichi"", ""category_segment"": ""Audio_and_Video_Receivers"", ""commercial_model"": ""RM_4TA"", ""filename"": ""NAKAMICHI_RM_4TA""}",False,predição diverge da regra silver
Audio_and_Video_Receivers/Onkyo/Onkyo_RC627S.ir,specific_device,device_family,0.67,specific.brand_model_filename.v1,"{""brand_segment"": ""Onkyo"", ""category_segment"": ""Audio_and_Video_Receivers"", ""commercial_model"": ""RC627S"", ""filename"": ""Onkyo_RC627S""}",False,predição diverge da regra silver
Audio_and_Video_Receivers/Onkyo/Onkyo_RC866M_Receiver.ir,specific_device,device_family,0.67,specific.brand_model_filename.v1,"{""brand_segment"": ""Onkyo"", ""category_segment"": ""Audio_and_Video_Receivers"", ""commercial_model"": ""RC866M_Receiver"", ""filename"": ""Onkyo_RC866M_Receiver""}",False,predição diverge da regra silver
Audio_and_Video_Receivers/Onkyo/Onkyo_RC898M.ir,specific_device,device_family,0.67,specific.brand_model_filename.v1,"{""brand_segment"": ""Onkyo"", ""category_segment"": ""Audio_and_Video_Receivers"", ""commercial_model"": ""RC898M"", ""filename"": ""Onkyo_RC898M""}",False,predição diverge da regra silver
Audio_and_Video_Receivers/Onkyo/Onkyo_RC972R.ir,specific_device,device_family,0.67,specific.brand_model_filename.v1,"{""brand_segment"": ""Onkyo"", ""category_segment"": ""Audio_and_Video_Receivers"", ""commercial_model"": ""RC972R"", ""filename"": ""Onkyo_RC972R""}",False,predição diverge da regra silver
Audio_and_Video_Receivers/Onkyo/Onkyo_tx_nr686.ir,specific_device,device_family,0.67,specific.brand_model_filename.v1,"{""brand_segment"": ""Onkyo"", ""category_segment"": ""Audio_and_Video_Receivers"", ""commercial_model"": ""tx_nr686"", ""filename"": ""Onkyo_tx_nr686""}",False,predição diverge da regra silver
Audio_and_Video_Receivers/Panasonic/Panasonic_N2QAYB000145.ir,specific_device,device_family,0.67,specific.brand_model_filename.v1,"{""brand_segment"": ""Panasonic"", ""category_segment"": ""Audio_and_Video_Receivers"", ""commercial_model"": ""N2QAYB000145"", ""filename"": ""Panasonic_N2QAYB000145""}",False,predição diverge da regra silver
Audio_and_Video_Receivers/Panasonic/Panasonic_N2QAYB000210.ir,specific_device,device_family,0.67,specific.brand_model_filename.v1,"{""brand_segment"": ""Panasonic"", ""category_segment"": ""Audio_and_Video_Receivers"", ""commercial_model"": ""N2QAYB000210"", ""filename"": ""Panasonic_N2QAYB000210""}",False,predição diverge da regra silver
Audio_and_Video_Receivers/Panasonic/Panasonic_N2QAYB001009.ir,specific_device,device_family,0.67,specific.brand_model_filename.v1,"{""brand_segment"": ""Panasonic"", ""category_segment"": ""Audio_and_Video_Receivers"", ""commercial_model"": ""N2QAYB001009"", ""filename"": ""Panasonic_N2QAYB001009""}",False,predição diverge da regra silver
Audio_and_Video_Receivers/Panasonic/Panasonic_SA_PM602.ir,specific_device,device_family,0.67,specific.brand_model_filename.v1,"{""brand_segment"": ""Panasonic"", ""category_segment"": ""Audio_and_Video_Receivers"", ""commercial_model"": ""SA_PM602"", ""filename"": ""Panasonic_SA_PM602""}",False,predição diverge da regra silver
Audio_and_Video_Receivers/Panasonic/Panasonic_SA_PT660.ir,specific_device,device_family,0.67,specific.brand_model_filename.v1,"{""brand_segment"": ""Panasonic"", ""category_segment"": ""Audio_and_Video_Receivers"", ""commercial_model"": ""SA_PT660"", ""filename"": ""Panasonic_SA_PT660""}",False,predição diverge da regra silver
Audio_and_Video_Receivers/Panasonic/Panasonic_SC-AK15.ir,specific_device,device_family,0.67,specific.brand_model_filename.v1,"{""brand_segment"": ""Panasonic"", ""category_segment"": ""Audio_and_Video_Receivers"", ""commercial_model"": ""SC-AK15"", ""filename"": ""Panasonic_SC-AK15""}",False,predição diverge da regra silver
Audio_and_Video_Receivers/Panasonic/Panasonic_SC-PMX92-94.ir,specific_device,device_family,0.67,specific.brand_model_filename.v1,"{""brand_segment"": ""Panasonic"", ""category_segment"": ""Audio_and_Video_Receivers"", ""commercial_model"": ""SC-PMX92-94"", ""filename"": ""Panasonic_SC-PMX92-94""}",False,predição diverge da regra silver
Audio_and_Video_Receivers/Philips/Philips_BTD2180.ir,specific_device,device_family,0.67,specific.brand_model_filename.v1,"{""brand_segment"": ""Philips"", ""category_segment"": ""Audio_and_Video_Receivers"", ""commercial_model"": ""BTD2180"", ""filename"": ""Philips_BTD2180""}",False,predição diverge da regra silver
Audio_and_Video_Receivers/Philips/Philips_CD_Player_723.ir,specific_device,device_family,0.67,specific.brand_model_filename.v1,"{""brand_segment"": ""Philips"", ""category_segment"": ""Audio_and_Video_Receivers"", ""commercial_model"": ""CD_Player_723"", ""filename"": ""Philips_CD_Player_723""}",False,predição diverge da regra silver
Audio_and_Video_Receivers/Philips/Philips_FW-M55.ir,specific_device,device_family,0.67,specific.brand_model_filename.v1,"{""brand_segment"": ""Philips"", ""category_segment"": ""Audio_and_Video_Receivers"", ""commercial_model"": ""FW-M55"", ""filename"": ""Philips_FW-M55""}",False,predição diverge da regra silver
Audio_and_Video_Receivers/Philips/Philips_FW21.ir,specific_device,device_family,0.67,specific.brand_model_filename.v1,"{""brand_segment"": ""Philips"", ""category_segment"": ""Audio_and_Video_Receivers"", ""commercial_model"": ""FW21"", ""filename"": ""Philips_FW21""}",False,predição diverge da regra silver
Audio_and_Video_Receivers/Philips/Philips_FW750c.ir,specific_device,device_family,0.67,specific.brand_model_filename.v1,"{""brand_segment"": ""Philips"", ""category_segment"": ""Audio_and_Video_Receivers"", ""commercial_model"": ""FW750c"", ""filename"": ""Philips_FW750c""}",False,predição diverge da regra silver
Audio_and_Video_Receivers/Philips/Philips_FX55_HiFi.ir,specific_device,device_family,0.62,specific.brand_model_filename.v1,"{""brand_segment"": ""Philips"", ""category_segment"": ""Audio_and_Video_Receivers"", ""commercial_model"": ""FX55_HiFi"", ""filename"": ""Philips_FX55_HiFi""}",False,predição diverge da regra silver
Audio_and_Video_Receivers/Philips/Philips_HTS8010S.ir,specific_device,device_family,0.67,specific.brand_model_filename.v1,"{""brand_segment"": ""Philips"", ""category_segment"": ""Audio_and_Video_Receivers"", ""commercial_model"": ""HTS8010S"", ""filename"": ""Philips_HTS8010S""}",False,predição diverge da regra silver
Audio_and_Video_Receivers/Philips/Philips_MZ-3.ir,specific_device,device_family,0.67,specific.brand_model_filename.v1,"{""brand_segment"": ""Philips"", ""category_segment"": ""Audio_and_Video_Receivers"", ""commercial_model"": ""MZ-3"", ""filename"": ""Philips_MZ-3""}",False,predição diverge da regra silver
Audio_and_Video_Receivers/Pioneer/Pioneer SX-Q180.ir,specific_device,device_family,0.62,specific.brand_model_filename.v1,"{""brand_segment"": ""Pioneer"", ""category_segment"": ""Audio_and_Video_Receivers"", ""commercial_model"": ""SX-Q180"", ""filename"": ""Pioneer SX-Q180""}",False,predição diverge da regra silver
Audio_and_Video_Receivers/Pioneer/Pioneer_AXD7741.ir,specific_device,device_family,0.67,specific.brand_model_filename.v1,"{""brand_segment"": ""Pioneer"", ""category_segment"": ""Audio_and_Video_Receivers"", ""commercial_model"": ""AXD7741"", ""filename"": ""Pioneer_AXD7741""}",False,predição diverge da regra silver
Audio_and_Video_Receivers/Pioneer/Pioneer_VSX-D1-S.ir,specific_device,device_family,0.67,specific.brand_model_filename.v1,"{""brand_segment"": ""Pioneer"", ""category_segment"": ""Audio_and_Video_Receivers"", ""commercial_model"": ""VSX-D1-S"", ""filename"": ""Pioneer_VSX-D1-S""}",False,predição diverge da regra silver
Audio_and_Video_Receivers/Pioneer/Pioneer_XXD3089.ir,specific_device,device_family,0.67,specific.brand_model_filename.v1,"{""brand_segment"": ""Pioneer"", ""category_segment"": ""Audio_and_Video_Receivers"", ""commercial_model"": ""XXD3089"", ""filename"": ""Pioneer_XXD3089""}",False,predição diverge da regra silver
Audio_and_Video_Receivers/Pioneer/Pioneer_XXD3105.ir,specific_device,device_family,0.67,specific.brand_model_filename.v1,"{""brand_segment"": ""Pioneer"", ""category_segment"": ""Audio_and_Video_Receivers"", ""commercial_model"": ""XXD3105"", ""filename"": ""Pioneer_XXD3105""}",False,predição diverge da regra silver
Audio_and_Video_Receivers/Revo/Revo_Superconnect_BZAWDFB0315H2.ir,specific_device,device_family,0.67,specific.brand_model_filename.v1,"{""brand_segment"": ""Revo"", ""category_segment"": ""Audio_and_Video_Receivers"", ""commercial_model"": ""Superconnect_BZAWDFB0315H2"", ""filename"": ""Revo_Superconnect_BZAWDFB0315H2""}",False,predição diverge da regra silver
Audio_and_Video_Receivers/Rio/Rio_Sonic_Blue_059PXC.ir,specific_device,device_family,0.67,specific.brand_model_filename.v1,"{""brand_segment"": ""Rio"", ""category_segment"": ""Audio_and_Video_Receivers"", ""commercial_model"": ""Sonic_Blue_059PXC"", ""filename"": ""Rio_Sonic_Blue_059PXC""}",False,predição diverge da regra silver
Audio_and_Video_Receivers/SMSL/SMSL_RC-8A.ir,specific_device,device_family,0.67,specific.brand_model_filename.v1,"{""brand_segment"": ""SMSL"", ""category_segment"": ""Audio_and_Video_Receivers"", ""commercial_model"": ""RC-8A"", ""filename"": ""SMSL_RC-8A""}",False,predição diverge da regra silver
Audio_and_Video_Receivers/SMSL/SMSL_RC-8C.ir,specific_device,device_family,0.67,specific.brand_model_filename.v1,"{""brand_segment"": ""SMSL"", ""category_segment"": ""Audio_and_Video_Receivers"", ""commercial_model"": ""RC-8C"", ""filename"": ""SMSL_RC-8C""}",False,predição diverge da regra silver
Audio_and_Video_Receivers/Sony/Sony_CMT-EH10.ir,specific_device,device_family,0.62,specific.brand_model_filename.v1,"{""brand_segment"": ""Sony"", ""category_segment"": ""Audio_and_Video_Receivers"", ""commercial_model"": ""CMT-EH10"", ""filename"": ""Sony_CMT-EH10""}",False,predição diverge da regra silver
Audio_and_Video_Receivers/Sony/Sony_I-WXH-80.ir,specific_device,device_family,0.67,specific.brand_model_filename.v1,"{""brand_segment"": ""Sony"", ""category_segment"": ""Audio_and_Video_Receivers"", ""commercial_model"": ""I-WXH-80"", ""filename"": ""Sony_I-WXH-80""}",False,predição diverge da regra silver
Audio_and_Video_Receivers/Sony/Sony_MHC-EC69.ir,specific_device,device_family,0.67,specific.brand_model_filename.v1,"{""brand_segment"": ""Sony"", ""category_segment"": ""Audio_and_Video_Receivers"", ""commercial_model"": ""MHC-EC69"", ""filename"": ""Sony_MHC-EC69""}",False,predição diverge da regra silver
Audio_and_Video_Receivers/Sony/Sony_MHC-GS300AV.ir,specific_device,device_family,0.67,specific.brand_model_filename.v1,"{""brand_segment"": ""Sony"", ""category_segment"": ""Audio_and_Video_Receivers"", ""commercial_model"": ""MHC-GS300AV"", ""filename"": ""Sony_MHC-GS300AV""}",False,predição diverge da regra silver
Audio_and_Video_Receivers/Sony/Sony_MHC_GSX75.ir,specific_device,device_family,0.62,specific.brand_model_filename.v1,"{""brand_segment"": ""Sony"", ""category_segment"": ""Audio_and_Video_Receivers"", ""commercial_model"": ""MHC_GSX75"", ""filename"": ""Sony_MHC_GSX75""}",False,predição diverge da regra silver
Audio_and_Video_Receivers/Sony/Sony_RM-AAU130_AV.ir,specific_device,device_family,0.67,specific.brand_model_filename.v1,"{""brand_segment"": ""Sony"", ""category_segment"": ""Audio_and_Video_Receivers"", ""commercial_model"": ""RM-AAU130_AV"", ""filename"": ""Sony_RM-AAU130_AV""}",False,predição diverge da regra silver
Audio_and_Video_Receivers/Sony/Sony_RM-SC30.ir,specific_device,device_family,0.62,specific.brand_model_filename.v1,"{""brand_segment"": ""Sony"", ""category_segment"": ""Audio_and_Video_Receivers"", ""commercial_model"": ""RM-SC30"", ""filename"": ""Sony_RM-SC30""}",False,predição diverge da regra silver
Audio_and_Video_Receivers/Sony/Sony_RM-SCU37.ir,specific_device,device_family,0.62,specific.brand_model_filename.v1,"{""brand_segment"": ""Sony"", ""category_segment"": ""Audio_and_Video_Receivers"", ""commercial_model"": ""RM-SCU37"", ""filename"": ""Sony_RM-SCU37""}",False,predição diverge da regra silver
Audio_and_Video_Receivers/Sony/Sony_RMT-AA320U_AV.ir,specific_device,device_family,0.67,specific.brand_model_filename.v1,"{""brand_segment"": ""Sony"", ""category_segment"": ""Audio_and_Video_Receivers"", ""commercial_model"": ""RMT-AA320U_AV"", ""filename"": ""Sony_RMT-AA320U_AV""}",False,predição diverge da regra silver
Audio_and_Video_Receivers/Sony/Sony_RM_AMU009_Sony_Audio_System_CMT.ir,specific_device,device_family,0.62,specific.brand_model_filename.v1,"{""brand_segment"": ""Sony"", ""category_segment"": ""Audio_and_Video_Receivers"", ""commercial_model"": ""RM_AMU009_Sony_Audio_System_CMT"", ""filename"": ""Sony_RM_AMU009_Sony_Audio_System_CMT""}",False,predição diverge da regra silver
Audio_and_Video_Receivers/Sony/Sony_STR-DH550.ir,specific_device,device_family,0.67,specific.brand_model_filename.v1,"{""brand_segment"": ""Sony"", ""category_segment"": ""Audio_and_Video_Receivers"", ""commercial_model"": ""STR-DH550"", ""filename"": ""Sony_STR-DH550""}",False,predição diverge da regra silver
Audio_and_Video_Receivers/Sony/Sony_STR-DH590.ir,specific_device,device_family,0.67,specific.brand_model_filename.v1,"{""brand_segment"": ""Sony"", ""category_segment"": ""Audio_and_Video_Receivers"", ""commercial_model"": ""STR-DH590"", ""filename"": ""Sony_STR-DH590""}",False,predição diverge da regra silver
Audio_and_Video_Receivers/Sony/Sony_TA-F261R.ir,specific_device,device_family,0.67,specific.brand_model_filename.v1,"{""brand_segment"": ""Sony"", ""category_segment"": ""Audio_and_Video_Receivers"", ""commercial_model"": ""TA-F261R"", ""filename"": ""Sony_TA-F261R""}",False,predição diverge da regra silver
Audio_and_Video_Receivers/Technics/Technics_EUR646496.ir,specific_device,device_family,0.67,specific.brand_model_filename.v1,"{""brand_segment"": ""Technics"", ""category_segment"": ""Audio_and_Video_Receivers"", ""commercial_model"": ""EUR646496"", ""filename"": ""Technics_EUR646496""}",False,predição diverge da regra silver
Audio_and_Video_Receivers/Yamaha/YAMAHA_AX-380.ir,specific_device,device_family,0.67,specific.brand_model_filename.v1,"{""brand_segment"": ""Yamaha"", ""category_segment"": ""Audio_and_Video_Receivers"", ""commercial_model"": ""AX-380"", ""filename"": ""YAMAHA_AX-380""}",False,predição diverge da regra silver
Audio_and_Video_Receivers/Yamaha/Yamaha_A-S201.ir,specific_device,device_family,0.67,specific.brand_model_filename.v1,"{""brand_segment"": ""Yamaha"", ""category_segment"": ""Audio_and_Video_Receivers"", ""commercial_model"": ""A-S201"", ""filename"": ""Yamaha_A-S201""}",False,predição diverge da regra silver
Audio_and_Video_Receivers/Yamaha/Yamaha_AX-396.ir,specific_device,device_family,0.67,specific.brand_model_filename.v1,"{""brand_segment"": ""Yamaha"", ""category_segment"": ""Audio_and_Video_Receivers"", ""commercial_model"": ""AX-396"", ""filename"": ""Yamaha_AX-396""}",False,predição diverge da regra silver
Audio_and_Video_Receivers/Yamaha/Yamaha_HTR3063.ir,specific_device,device_family,0.67,specific.brand_model_filename.v1,"{""brand_segment"": ""Yamaha"", ""category_segment"": ""Audio_and_Video_Receivers"", ""commercial_model"": ""HTR3063"", ""filename"": ""Yamaha_HTR3063""}",False,predição diverge da regra silver
Audio_and_Video_Receivers/Yamaha/Yamaha_RAV203_V473170_US.ir,specific_device,device_family,0.67,specific.brand_model_filename.v1,"{""brand_segment"": ""Yamaha"", ""category_segment"": ""Audio_and_Video_Receivers"", ""commercial_model"": ""RAV203_V473170_US"", ""filename"": ""Yamaha_RAV203_V473170_US""}",False,predição diverge da regra silver
Audio_and_Video_Receivers/Yamaha/Yamaha_RX-V795RDS.ir,specific_device,device_family,0.62,specific.brand_model_filename.v1,"{""brand_segment"": ""Yamaha"", ""category_segment"": ""Audio_and_Video_Receivers"", ""commercial_model"": ""RX-V795RDS"", ""filename"": ""Yamaha_RX-V795RDS""}",False,predição diverge da regra silver
Audio_and_Video_Receivers/Yamaha/Yamaha_RXA770.ir,specific_device,device_family,0.67,specific.brand_model_filename.v1,"{""brand_segment"": ""Yamaha"", ""category_segment"": ""Audio_and_Video_Receivers"", ""commercial_model"": ""RXA770"", ""filename"": ""Yamaha_RXA770""}",False,predição diverge da regra silver
Audio_and_Video_Receivers/Yamaha/Yamaha_WS19340.ir,specific_device,device_family,0.67,specific.brand_model_filename.v1,"{""brand_segment"": ""Yamaha"", ""category_segment"": ""Audio_and_Video_Receivers"", ""commercial_model"": ""WS19340"", ""filename"": ""Yamaha_WS19340""}",False,predição diverge da regra silver
Audio_and_Video_Receivers/Yamaha/Yamaha_ZP45780.ir,specific_device,device_family,0.67,specific.brand_model_filename.v1,"{""brand_segment"": ""Yamaha"", ""category_segment"": ""Audio_and_Video_Receivers"", ""commercial_model"": ""ZP45780"", ""filename"": ""Yamaha_ZP45780""}",False,predição diverge da regra silver
Bidet/BioBidet/BioBidet_BB-2000.ir,specific_device,unknown,0.35,specific.brand_model_filename.v1,"{""brand_segment"": ""BioBidet"", ""category_segment"": ""Bidet"", ""commercial_model"": ""BB-2000"", ""filename"": ""BioBidet_BB-2000""}",False,predição diverge da regra silver
Bidet/BioBidet/biobidet_bb2000.ir,specific_device,unknown,0.35,specific.brand_model_filename.v1,"{""brand_segment"": ""BioBidet"", ""category_segment"": ""Bidet"", ""commercial_model"": ""bb2000"", ""filename"": ""biobidet_bb2000""}",False,predição diverge da regra silver
Bidet/Brandell/BRANDELL_DR802.ir,specific_device,unknown,0.35,specific.brand_model_filename.v1,"{""brand_segment"": ""Brandell"", ""category_segment"": ""Bidet"", ""commercial_model"": ""DR802"", ""filename"": ""BRANDELL_DR802""}",False,predição diverge da regra silver
Blu-Ray/Insignia/Insignia_NSWBRDVD2.ir,specific_device,device_family,0.67,specific.brand_model_filename.v1,"{""brand_segment"": ""Insignia"", ""category_segment"": ""Blu-Ray"", ""commercial_model"": ""NSWBRDVD2"", ""filename"": ""Insignia_NSWBRDVD2""}",False,predição diverge da regra silver
Blu-Ray/JVC/JVC_XVBP1.ir,specific_device,device_family,0.67,specific.brand_model_filename.v1,"{""brand_segment"": ""JVC"", ""category_segment"": ""Blu-Ray"", ""commercial_model"": ""XVBP1"", ""filename"": ""JVC_XVBP1""}",False,predição diverge da regra silver
Blu-Ray/LG/LG_AKB73495301.ir,specific_device,device_family,0.67,specific.brand_model_filename.v1,"{""brand_segment"": ""LG"", ""category_segment"": ""Blu-Ray"", ""commercial_model"": ""AKB73495301"", ""filename"": ""LG_AKB73495301""}",False,predição diverge da regra silver
Blu-Ray/LG/LG_AKB73775801.ir,specific_device,device_family,0.67,specific.brand_model_filename.v1,"{""brand_segment"": ""LG"", ""category_segment"": ""Blu-Ray"", ""commercial_model"": ""AKB73775801"", ""filename"": ""LG_AKB73775801""}",False,predição diverge da regra silver
Blu-Ray/LG/LG_BD650L.ir,specific_device,device_family,0.67,specific.brand_model_filename.v1,"{""brand_segment"": ""LG"", ""category_segment"": ""Blu-Ray"", ""commercial_model"": ""BD650L"", ""filename"": ""LG_BD650L""}",False,predição diverge da regra silver
Blu-Ray/LG/LG_BD690.ir,specific_device,device_family,0.67,specific.brand_model_filename.v1,"{""brand_segment"": ""LG"", ""category_segment"": ""Blu-Ray"", ""commercial_model"": ""BD690"", ""filename"": ""LG_BD690""}",False,predição diverge da regra silver
Blu-Ray/LG/LG_BH9520TW.ir,specific_device,device_family,0.67,specific.brand_model_filename.v1,"{""brand_segment"": ""LG"", ""category_segment"": ""Blu-Ray"", ""commercial_model"": ""BH9520TW"", ""filename"": ""LG_BH9520TW""}",False,predição diverge da regra silver
Blu-Ray/LG/LG_LHB655.ir,specific_device,device_family,0.67,specific.brand_model_filename.v1,"{""brand_segment"": ""LG"", ""category_segment"": ""Blu-Ray"", ""commercial_model"": ""LHB655"", ""filename"": ""LG_LHB655""}",False,predição diverge da regra silver
Blu-Ray/LG/LG_UBK80.ir,specific_device,device_family,0.67,specific.brand_model_filename.v1,"{""brand_segment"": ""LG"", ""category_segment"": ""Blu-Ray"", ""commercial_model"": ""UBK80"", ""filename"": ""LG_UBK80""}",False,predição diverge da regra silver
Blu-Ray/Marantz/Marantz_BD8002.ir,specific_device,device_family,0.62,specific.brand_model_filename.v1,"{""brand_segment"": ""Marantz"", ""category_segment"": ""Blu-Ray"", ""commercial_model"": ""BD8002"", ""filename"": ""Marantz_BD8002""}",False,predição diverge da regra silver
Blu-Ray/NAD/NAD_T557.ir,specific_device,device_family,0.67,specific.brand_model_filename.v1,"{""brand_segment"": ""NAD"", ""category_segment"": ""Blu-Ray"", ""commercial_model"": ""T557"", ""filename"": ""NAD_T557""}",False,predição diverge da regra silver
Blu-Ray/Oppo/OPPO_BDP103.ir,specific_device,device_family,0.67,specific.brand_model_filename.v1,"{""brand_segment"": ""Oppo"", ""category_segment"": ""Blu-Ray"", ""commercial_model"": ""BDP103"", ""filename"": ""OPPO_BDP103""}",False,predição diverge da regra silver
Blu-Ray/Oppo/OPPO_BDP93.ir,specific_device,device_family,0.67,specific.brand_model_filename.v1,"{""brand_segment"": ""Oppo"", ""category_segment"": ""Blu-Ray"", ""commercial_model"": ""BDP93"", ""filename"": ""OPPO_BDP93""}",False,predição diverge da regra silver
Blu-Ray/Panasonic/Panasonic_DMPBDT167.ir,specific_device,device_family,0.67,specific.brand_model_filename.v1,"{""brand_segment"": ""Panasonic"", ""category_segment"": ""Blu-Ray"", ""commercial_model"": ""DMPBDT167"", ""filename"": ""Panasonic_DMPBDT167""}",False,predição diverge da regra silver
Blu-Ray/Panasonic/Panasonic_DMP_BD75.ir,specific_device,device_family,0.67,specific.brand_model_filename.v1,"{""brand_segment"": ""Panasonic"", ""category_segment"": ""Blu-Ray"", ""commercial_model"": ""DMP_BD75"", ""filename"": ""Panasonic_DMP_BD75""}",False,predição diverge da regra silver
Blu-Ray/Panasonic/Panasonic_DMRBWT720.ir,specific_device,device_family,0.67,specific.brand_model_filename.v1,"{""brand_segment"": ""Panasonic"", ""category_segment"": ""Blu-Ray"", ""commercial_model"": ""DMRBWT720"", ""filename"": ""Panasonic_DMRBWT720""}",False,predição diverge da regra silver
Blu-Ray/Panasonic/Panasonic_DPUB420.ir,specific_device,device_family,0.67,specific.brand_model_filename.v1,"{""brand_segment"": ""Panasonic"", ""category_segment"": ""Blu-Ray"", ""commercial_model"": ""DPUB420"", ""filename"": ""Panasonic_DPUB420""}",False,predição diverge da regra silver
Blu-Ray/Panasonic/Panasonic_DPUB820.ir,specific_device,device_family,0.67,specific.brand_model_filename.v1,"{""brand_segment"": ""Panasonic"", ""category_segment"": ""Blu-Ray"", ""commercial_model"": ""DPUB820"", ""filename"": ""Panasonic_DPUB820""}",False,predição diverge da regra silver
Blu-Ray/Philips/Philips_BDP2501F7.ir,specific_device,device_family,0.67,specific.brand_model_filename.v1,"{""brand_segment"": ""Philips"", ""category_segment"": ""Blu-Ray"", ""commercial_model"": ""BDP2501F7"", ""filename"": ""Philips_BDP2501F7""}",False,predição diverge da regra silver
Blu-Ray/Philips/Philips_BDP2700.ir,specific_device,device_family,0.67,specific.brand_model_filename.v1,"{""brand_segment"": ""Philips"", ""category_segment"": ""Blu-Ray"", ""commercial_model"": ""BDP2700"", ""filename"": ""Philips_BDP2700""}",False,predição diverge da regra silver
Blu-Ray/Philips/Philips_BDP7302.ir,specific_device,device_family,0.67,specific.brand_model_filename.v1,"{""brand_segment"": ""Philips"", ""category_segment"": ""Blu-Ray"", ""commercial_model"": ""BDP7302"", ""filename"": ""Philips_BDP7302""}",False,predição diverge da regra silver
Blu-Ray/Pioneer/Pioneer_BDP150.ir,specific_device,device_family,0.67,specific.brand_model_filename.v1,"{""brand_segment"": ""Pioneer"", ""category_segment"": ""Blu-Ray"", ""commercial_model"": ""BDP150"", ""filename"": ""Pioneer_BDP150""}",False,predição diverge da regra silver
Blu-Ray/Pioneer/Pioneer_BDP320.ir,specific_device,device_family,0.67,specific.brand_model_filename.v1,"{""brand_segment"": ""Pioneer"", ""category_segment"": ""Blu-Ray"", ""commercial_model"": ""BDP320"", ""filename"": ""Pioneer_BDP320""}",False,predição diverge da regra silver
Blu-Ray/Pioneer/Pioneer_BDP43FD.ir,specific_device,device_family,0.67,specific.brand_model_filename.v1,"{""brand_segment"": ""Pioneer"", ""category_segment"": ""Blu-Ray"", ""commercial_model"": ""BDP43FD"", ""filename"": ""Pioneer_BDP43FD""}",False,predição diverge da regra silver
Blu-Ray/Samsung/Samsung_AK59_00149A.ir,specific_device,device_family,0.67,specific.brand_model_filename.v1,"{""brand_segment"": ""Samsung"", ""category_segment"": ""Blu-Ray"", ""commercial_model"": ""AK59_00149A"", ""filename"": ""Samsung_AK59_00149A""}",False,predição diverge da regra silver
Blu-Ray/Samsung/Samsung_B59-01301A.ir,specific_device,device_family,0.67,specific.brand_model_filename.v1,"{""brand_segment"": ""Samsung"", ""category_segment"": ""Blu-Ray"", ""commercial_model"": ""B59-01301A"", ""filename"": ""Samsung_B59-01301A""}",False,predição diverge da regra silver
Blu-Ray/Samsung/Samsung_BD-D5300.ir,specific_device,device_family,0.62,specific.brand_model_filename.v1,"{""brand_segment"": ""Samsung"", ""category_segment"": ""Blu-Ray"", ""commercial_model"": ""BD-D5300"", ""filename"": ""Samsung_BD-D5300""}",False,predição diverge da regra silver
Blu-Ray/Samsung/Samsung_BDD7500.ir,specific_device,device_family,0.62,specific.brand_model_filename.v1,"{""brand_segment"": ""Samsung"", ""category_segment"": ""Blu-Ray"", ""commercial_model"": ""BDD7500"", ""filename"": ""Samsung_BDD7500""}",False,predição diverge da regra silver
Blu-Ray/Samsung/Samsung_BDE5300.ir,specific_device,device_family,0.62,specific.brand_model_filename.v1,"{""brand_segment"": ""Samsung"", ""category_segment"": ""Blu-Ray"", ""commercial_model"": ""BDE5300"", ""filename"": ""Samsung_BDE5300""}",False,predição diverge da regra silver
Blu-Ray/Samsung/Samsung_UBDK8500.ir,specific_device,device_family,0.62,specific.brand_model_filename.v1,"{""brand_segment"": ""Samsung"", ""category_segment"": ""Blu-Ray"", ""commercial_model"": ""UBDK8500"", ""filename"": ""Samsung_UBDK8500""}",False,predição diverge da regra silver
Blu-Ray/Sanyo/Sanyo_Bluray_NC088.ir,specific_device,device_family,0.67,specific.brand_model_filename.v1,"{""brand_segment"": ""Sanyo"", ""category_segment"": ""Blu-Ray"", ""commercial_model"": ""Bluray_NC088"", ""filename"": ""Sanyo_Bluray_NC088""}",False,predição diverge da regra silver
Blu-Ray/Sharp/Sharp_BDHP20.ir,specific_device,device_family,0.62,specific.brand_model_filename.v1,"{""brand_segment"": ""Sharp"", ""category_segment"": ""Blu-Ray"", ""commercial_model"": ""BDHP20"", ""filename"": ""Sharp_BDHP20""}",False,predição diverge da regra silver
Blu-Ray/Sharp/Sharp_BDHP70U.ir,specific_device,device_family,0.62,specific.brand_model_filename.v1,"{""brand_segment"": ""Sharp"", ""category_segment"": ""Blu-Ray"", ""commercial_model"": ""BDHP70U"", ""filename"": ""Sharp_BDHP70U""}",False,predição diverge da regra silver
Blu-Ray/Soniq/Soniq_B100.ir,specific_device,device_family,0.67,specific.brand_model_filename.v1,"{""brand_segment"": ""Soniq"", ""category_segment"": ""Blu-Ray"", ""commercial_model"": ""B100"", ""filename"": ""Soniq_B100""}",False,predição diverge da regra silver
Blu-Ray/Sony/Sony_BDP-N460_Blu-Ray.ir,specific_device,device_family,0.62,specific.brand_model_filename.v1,"{""brand_segment"": ""Sony"", ""category_segment"": ""Blu-Ray"", ""commercial_model"": ""BDP-N460_Blu-Ray"", ""filename"": ""Sony_BDP-N460_Blu-Ray""}",False,predição diverge da regra silver
Blu-Ray/Sony/Sony_BDP-S370.ir,specific_device,device_family,0.62,specific.brand_model_filename.v1,"{""brand_segment"": ""Sony"", ""category_segment"": ""Blu-Ray"", ""commercial_model"": ""BDP-S370"", ""filename"": ""Sony_BDP-S370""}",False,predição diverge da regra silver
Blu-Ray/Sony/Sony_BDP-S5200.ir,specific_device,device_family,0.67,specific.brand_model_filename.v1,"{""brand_segment"": ""Sony"", ""category_segment"": ""Blu-Ray"", ""commercial_model"": ""BDP-S5200"", ""filename"": ""Sony_BDP-S5200""}",False,predição diverge da regra silver
Blu-Ray/Sony/Sony_BDPBX120.ir,specific_device,device_family,0.67,specific.brand_model_filename.v1,"{""brand_segment"": ""Sony"", ""category_segment"": ""Blu-Ray"", ""commercial_model"": ""BDPBX120"", ""filename"": ""Sony_BDPBX120""}",False,predição diverge da regra silver
Blu-Ray/Sony/Sony_BDPS1700.ir,specific_device,device_family,0.67,specific.brand_model_filename.v1,"{""brand_segment"": ""Sony"", ""category_segment"": ""Blu-Ray"", ""commercial_model"": ""BDPS1700"", ""filename"": ""Sony_BDPS1700""}",False,predição diverge da regra silver
Blu-Ray/Sony/Sony_BDPS360.ir,specific_device,device_family,0.67,specific.brand_model_filename.v1,"{""brand_segment"": ""Sony"", ""category_segment"": ""Blu-Ray"", ""commercial_model"": ""BDPS360"", ""filename"": ""Sony_BDPS360""}",False,predição diverge da regra silver
Blu-Ray/Sony/Sony_BDPS770.ir,specific_device,device_family,0.67,specific.brand_model_filename.v1,"{""brand_segment"": ""Sony"", ""category_segment"": ""Blu-Ray"", ""commercial_model"": ""BDPS770"", ""filename"": ""Sony_BDPS770""}",False,predição diverge da regra silver
Blu-Ray/Sony/Sony_BD_RMT_B110A.ir,specific_device,device_family,0.67,specific.brand_model_filename.v1,"{""brand_segment"": ""Sony"", ""category_segment"": ""Blu-Ray"", ""commercial_model"": ""BD_RMT_B110A"", ""filename"": ""Sony_BD_RMT_B110A""}",False,predição diverge da regra silver
Blu-Ray/Sony/Sony_BR_RMT_B120P.ir,specific_device,device_family,0.67,specific.brand_model_filename.v1,"{""brand_segment"": ""Sony"", ""category_segment"": ""Blu-Ray"", ""commercial_model"": ""BR_RMT_B120P"", ""filename"": ""Sony_BR_RMT_B120P""}",False,predição diverge da regra silver
Blu-Ray/Sony/Sony_RMT_VB100I.ir,specific_device,device_family,0.67,specific.brand_model_filename.v1,"{""brand_segment"": ""Sony"", ""category_segment"": ""Blu-Ray"", ""commercial_model"": ""RMT_VB100I"", ""filename"": ""Sony_RMT_VB100I""}",False,predição diverge da regra silver
Blu-Ray/Sony/Sony_RMT_VB100U.ir,specific_device,device_family,0.67,specific.brand_model_filename.v1,"{""brand_segment"": ""Sony"", ""category_segment"": ""Blu-Ray"", ""commercial_model"": ""RMT_VB100U"", ""filename"": ""Sony_RMT_VB100U""}",False,predição diverge da regra silver
Blu-Ray/Sony/Sony_RMT_VB310E.ir,specific_device,device_family,0.67,specific.brand_model_filename.v1,"{""brand_segment"": ""Sony"", ""category_segment"": ""Blu-Ray"", ""commercial_model"": ""RMT_VB310E"", ""filename"": ""Sony_RMT_VB310E""}",False,predição diverge da regra silver
Blu-Ray/Sony/Sony_UBPX700.ir,specific_device,device_family,0.67,specific.brand_model_filename.v1,"{""brand_segment"": ""Sony"", ""category_segment"": ""Blu-Ray"", ""commercial_model"": ""UBPX700"", ""filename"": ""Sony_UBPX700""}",False,predição diverge da regra silver
Blu-Ray/Sylvania/Sylvania_SDVD1111.ir,specific_device,device_family,0.67,specific.brand_model_filename.v1,"{""brand_segment"": ""Sylvania"", ""category_segment"": ""Blu-Ray"", ""commercial_model"": ""SDVD1111"", ""filename"": ""Sylvania_SDVD1111""}",False,predição diverge da regra silver
Blu-Ray/Toshiba/Toshiba_SE-R0398.ir,specific_device,device_family,0.67,specific.brand_model_filename.v1,"{""brand_segment"": ""Toshiba"", ""category_segment"": ""Blu-Ray"", ""commercial_model"": ""SE-R0398"", ""filename"": ""Toshiba_SE-R0398""}",False,predição diverge da regra silver
Blu-Ray/Vizio/Vizio_VBR220.ir,specific_device,device_family,0.67,specific.brand_model_filename.v1,"{""brand_segment"": ""Vizio"", ""category_segment"": ""Blu-Ray"", ""commercial_model"": ""VBR220"", ""filename"": ""Vizio_VBR220""}",False,predição diverge da regra silver
Blu-Ray/Vizio/Vizio_VBR333.ir,specific_device,device_family,0.67,specific.brand_model_filename.v1,"{""brand_segment"": ""Vizio"", ""category_segment"": ""Blu-Ray"", ""commercial_model"": ""VBR333"", ""filename"": ""Vizio_VBR333""}",False,predição diverge da regra silver
Blu-Ray/Yamaha/Yamaha_BDS667.ir,specific_device,device_family,0.67,specific.brand_model_filename.v1,"{""brand_segment"": ""Yamaha"", ""category_segment"": ""Blu-Ray"", ""commercial_model"": ""BDS667"", ""filename"": ""Yamaha_BDS667""}",False,predição diverge da regra silver
CCTV/Hikvision/Hikvision.ir,device_family,unknown,0.35,family.brand_without_model.v1,"{""brand_segment"": ""Hikvision"", ""category_segment"": ""CCTV"", ""filename"": ""Hikvision"", ""model_absent"": true}",False,predição diverge da regra silver
CCTV/Northern/Northern_NTH-LED24R.ir,specific_device,unknown,0.35,specific.brand_model_filename.v1,"{""brand_segment"": ""Northern"", ""category_segment"": ""CCTV"", ""commercial_model"": ""NTH-LED24R"", ""filename"": ""Northern_NTH-LED24R""}",False,predição diverge da regra silver
CD_Players/AEG/AEG.ir,device_family,unknown,0.35,family.brand_without_model.v1,"{""brand_segment"": ""AEG"", ""category_segment"": ""CD_Players"", ""filename"": ""AEG"", ""model_absent"": true}",False,predição diverge da regra silver
CD_Players/Aiwa/AIWA_NSXR71.ir,specific_device,unknown,0.35,specific.brand_model_filename.v1,"{""brand_segment"": ""Aiwa"", ""category_segment"": ""CD_Players"", ""commercial_model"": ""NSXR71"", ""filename"": ""AIWA_NSXR71""}",False,predição diverge da regra silver
CD_Players/Denon/Denon_RC_1199.ir,specific_device,unknown,0.35,specific.brand_model_filename.v1,"{""brand_segment"": ""Denon"", ""category_segment"": ""CD_Players"", ""commercial_model"": ""RC_1199"", ""filename"": ""Denon_RC_1199""}",False,predição diverge da regra silver
CD_Players/Fisher/Fisher_SLIM-1500.ir,specific_device,unknown,0.35,specific.brand_model_filename.v1,"{""brand_segment"": ""Fisher"", ""category_segment"": ""CD_Players"", ""commercial_model"": ""SLIM-1500"", ""filename"": ""Fisher_SLIM-1500""}",False,predição diverge da regra silver
CD_Players/GPX/GPX_HC221B.ir,specific_device,unknown,0.35,specific.brand_model_filename.v1,"{""brand_segment"": ""GPX"", ""category_segment"": ""CD_Players"", ""commercial_model"": ""HC221B"", ""filename"": ""GPX_HC221B""}",False,predição diverge da regra silver
CD_Players/LG/LG.ir,device_family,unknown,0.35,family.brand_without_model.v1,"{""brand_segment"": ""LG"", ""category_segment"": ""CD_Players"", ""filename"": ""LG"", ""model_absent"": true}",False,predição diverge da regra silver
CD_Players/Marantz/Marantz_CD5003.ir,specific_device,unknown,0.35,specific.brand_model_filename.v1,"{""brand_segment"": ""Marantz"", ""category_segment"": ""CD_Players"", ""commercial_model"": ""CD5003"", ""filename"": ""Marantz_CD5003""}",False,predição diverge da regra silver
CD_Players/Marantz/Marantz_RC2100DR/Marantz_RC2100DR_CD.ir,specific_device,unknown,0.35,specific.brand_model_filename.v1,"{""brand_segment"": ""Marantz"", ""category_segment"": ""CD_Players"", ""commercial_model"": ""RC2100DR_CD"", ""filename"": ""Marantz_RC2100DR_CD""}",False,predição diverge da regra silver
CD_Players/Marantz/Marantz_RC2100DR/Marantz_RC2100DR_CDR.ir,specific_device,unknown,0.35,specific.brand_model_filename.v1,"{""brand_segment"": ""Marantz"", ""category_segment"": ""CD_Players"", ""commercial_model"": ""RC2100DR_CDR"", ""filename"": ""Marantz_RC2100DR_CDR""}",False,predição diverge da regra silver
CD_Players/Onkyo/Onkyo_DX-7333.ir,specific_device,unknown,0.35,specific.brand_model_filename.v1,"{""brand_segment"": ""Onkyo"", ""category_segment"": ""CD_Players"", ""commercial_model"": ""DX-7333"", ""filename"": ""Onkyo_DX-7333""}",False,predição diverge da regra silver
CD_Players/Panasonic/Panasonic_SAPM03.ir,specific_device,unknown,0.35,specific.brand_model_filename.v1,"{""brand_segment"": ""Panasonic"", ""category_segment"": ""CD_Players"", ""commercial_model"": ""SAPM03"", ""filename"": ""Panasonic_SAPM03""}",False,predição diverge da regra silver
CD_Players/Panasonic/Panasonic_SC-HC58.ir,specific_device,unknown,0.35,specific.brand_model_filename.v1,"{""brand_segment"": ""Panasonic"", ""category_segment"": ""CD_Players"", ""commercial_model"": ""SC-HC58"", ""filename"": ""Panasonic_SC-HC58""}",False,predição diverge da regra silver
CD_Players/Panasonic/Panasonic_SC-PM254.ir,specific_device,unknown,0.35,specific.brand_model_filename.v1,"{""brand_segment"": ""Panasonic"", ""category_segment"": ""CD_Players"", ""commercial_model"": ""SC-PM254"", ""filename"": ""Panasonic_SC-PM254""}",False,predição diverge da regra silver
CD_Players/Philips/Philips_CD_720.ir,specific_device,unknown,0.35,specific.brand_model_filename.v1,"{""brand_segment"": ""Philips"", ""category_segment"": ""CD_Players"", ""commercial_model"": ""CD_720"", ""filename"": ""Philips_CD_720""}",False,predição diverge da regra silver
CD_Players/Philips/Philips_CD_Player_723.ir,specific_device,unknown,0.35,specific.brand_model_filename.v1,"{""brand_segment"": ""Philips"", ""category_segment"": ""CD_Players"", ""commercial_model"": ""CD_Player_723"", ""filename"": ""Philips_CD_Player_723""}",False,predição diverge da regra silver
CD_Players/Philips/Philips_mcm2000.ir,specific_device,unknown,0.35,specific.brand_model_filename.v1,"{""brand_segment"": ""Philips"", ""category_segment"": ""CD_Players"", ""commercial_model"": ""mcm2000"", ""filename"": ""Philips_mcm2000""}",False,predição diverge da regra silver
CD_Players/Pioneer/Pioneer CU_SX109.ir,specific_device,unknown,0.35,specific.brand_model_filename.v1,"{""brand_segment"": ""Pioneer"", ""category_segment"": ""CD_Players"", ""commercial_model"": ""CU_SX109"", ""filename"": ""Pioneer CU_SX109""}",False,predição diverge da regra silver
CD_Players/Pioneer/Pioneer_CU_P0045.ir,specific_device,unknown,0.35,specific.brand_model_filename.v1,"{""brand_segment"": ""Pioneer"", ""category_segment"": ""CD_Players"", ""commercial_model"": ""CU_P0045"", ""filename"": ""Pioneer_CU_P0045""}",False,predição diverge da regra silver
CD_Players/Roberts/ROBERTS_MP23.ir,specific_device,unknown,0.35,specific.brand_model_filename.v1,"{""brand_segment"": ""Roberts"", ""category_segment"": ""CD_Players"", ""commercial_model"": ""MP23"", ""filename"": ""ROBERTS_MP23""}",False,predição diverge da regra silver
CD_Players/Sony/Sony_CFD-S35CP.ir,specific_device,unknown,0.35,specific.brand_model_filename.v1,"{""brand_segment"": ""Sony"", ""category_segment"": ""CD_Players"", ""commercial_model"": ""CFD-S35CP"", ""filename"": ""Sony_CFD-S35CP""}",False,predição diverge da regra silver
CD_Players/Sony/Sony_ICFCDK50.ir,specific_device,unknown,0.35,specific.brand_model_filename.v1,"{""brand_segment"": ""Sony"", ""category_segment"": ""CD_Players"", ""commercial_model"": ""ICFCDK50"", ""filename"": ""Sony_ICFCDK50""}",False,predição diverge da regra silver
CD_Players/Sony/Sony_RM-R52_RCD-W500C/Sony_RM-R52_RCD-W500C_Deck-A.ir,specific_device,unknown,0.35,specific.brand_model_filename.v1,"{""brand_segment"": ""Sony"", ""category_segment"": ""CD_Players"", ""commercial_model"": ""RM-R52_RCD-W500C_Deck-A"", ""filename"": ""Sony_RM-R52_RCD-W500C_Deck-A""}",False,predição diverge da regra silver
CD_Players/Sony/Sony_RM-R52_RCD-W500C/Sony_RM-R52_RCD-W500C_Deck-B.ir,specific_device,unknown,0.35,specific.brand_model_filename.v1,"{""brand_segment"": ""Sony"", ""category_segment"": ""CD_Players"", ""commercial_model"": ""RM-R52_RCD-W500C_Deck-B"", ""filename"": ""Sony_RM-R52_RCD-W500C_Deck-B""}",False,predição diverge da regra silver
CD_Players/Technics/Technics_ST-HD60.ir,specific_device,unknown,0.35,specific.brand_model_filename.v1,"{""brand_segment"": ""Technics"", ""category_segment"": ""CD_Players"", ""commercial_model"": ""ST-HD60"", ""filename"": ""Technics_ST-HD60""}",False,predição diverge da regra silver
CD_Players/Winnes/Winnes_KC809.ir,specific_device,unknown,0.35,specific.brand_model_filename.v1,"{""brand_segment"": ""Winnes"", ""category_segment"": ""CD_Players"", ""commercial_model"": ""KC809"", ""filename"": ""Winnes_KC809""}",False,predição diverge da regra silver
Cable_Boxes/ARRIS/ARRIS_VIP_4302.ir,specific_device,device_family,0.62,specific.brand_model_filename.v1,"{""brand_segment"": ""ARRIS"", ""category_segment"": ""Cable_Boxes"", ""commercial_model"": ""VIP_4302"", ""filename"": ""ARRIS_VIP_4302""}",False,predição diverge da regra silver
Cable_Boxes/Arcadyan/Arcadyan_HMB2260.ir,specific_device,device_family,0.62,specific.brand_model_filename.v1,"{""brand_segment"": ""Arcadyan"", ""category_segment"": ""Cable_Boxes"", ""commercial_model"": ""HMB2260"", ""filename"": ""Arcadyan_HMB2260""}",False,predição diverge da regra silver
Cable_Boxes/Atlas/Atlas_URC1056.ir,specific_device,device_family,0.62,specific.brand_model_filename.v1,"{""brand_segment"": ""Atlas"", ""category_segment"": ""Cable_Boxes"", ""commercial_model"": ""URC1056"", ""filename"": ""Atlas_URC1056""}",False,predição diverge da regra silver
Cable_Boxes/Cahors/Cahors_TVS_7900HD_TNT_Sat.ir,specific_device,device_family,0.67,specific.brand_model_filename.v1,"{""brand_segment"": ""Cahors"", ""category_segment"": ""Cable_Boxes"", ""commercial_model"": ""TVS_7900HD_TNT_Sat"", ""filename"": ""Cahors_TVS_7900HD_TNT_Sat""}",False,predição diverge da regra silver
Cable_Boxes/Cox/Cox_Cisco_DTA250HD.ir,specific_device,device_family,0.67,specific.brand_model_filename.v1,"{""brand_segment"": ""Cox"", ""category_segment"": ""Cable_Boxes"", ""commercial_model"": ""Cisco_DTA250HD"", ""filename"": ""Cox_Cisco_DTA250HD""}",False,predição diverge da regra silver
Cable_Boxes/Evolution/Evolution_DTA-Cable_DM8-1002-CA.ir,specific_device,device_family,0.67,specific.brand_model_filename.v1,"{""brand_segment"": ""Evolution"", ""category_segment"": ""Cable_Boxes"", ""commercial_model"": ""DTA-Cable_DM8-1002-CA"", ""filename"": ""Evolution_DTA-Cable_DM8-1002-CA""}",False,predição diverge da regra silver
Cable_Boxes/FOXTEL/Foxtel_IQ2-IQ3.ir,specific_device,device_family,0.62,specific.brand_model_filename.v1,"{""brand_segment"": ""FOXTEL"", ""category_segment"": ""Cable_Boxes"", ""commercial_model"": ""IQ2-IQ3"", ""filename"": ""Foxtel_IQ2-IQ3""}",False,predição diverge da regra silver
Cable_Boxes/Lenson/Lenson_LD2500.ir,specific_device,device_family,0.67,specific.brand_model_filename.v1,"{""brand_segment"": ""Lenson"", ""category_segment"": ""Cable_Boxes"", ""commercial_model"": ""LD2500"", ""filename"": ""Lenson_LD2500""}",False,predição diverge da regra silver
Cable_Boxes/Micca/Micca_SpeckG2.ir,specific_device,device_family,0.67,specific.brand_model_filename.v1,"{""brand_segment"": ""Micca"", ""category_segment"": ""Cable_Boxes"", ""commercial_model"": ""SpeckG2"", ""filename"": ""Micca_SpeckG2""}",False,predição diverge da regra silver
Cable_Boxes/Netgem/Netgem_7700_Cable_Box.ir,specific_device,device_family,0.67,specific.brand_model_filename.v1,"{""brand_segment"": ""Netgem"", ""category_segment"": ""Cable_Boxes"", ""commercial_model"": ""7700_Cable_Box"", ""filename"": ""Netgem_7700_Cable_Box""}",False,predição diverge da regra silver
Cable_Boxes/Starcom/Starcom_9947_HD.ir,specific_device,device_family,0.67,specific.brand_model_filename.v1,"{""brand_segment"": ""Starcom"", ""category_segment"": ""Cable_Boxes"", ""commercial_model"": ""9947_HD"", ""filename"": ""Starcom_9947_HD""}",False,predição diverge da regra silver
Cable_Boxes/TechniSat/TechniSat_SAT1.ir,specific_device,device_family,0.67,specific.brand_model_filename.v1,"{""brand_segment"": ""TechniSat"", ""category_segment"": ""Cable_Boxes"", ""commercial_model"": ""SAT1"", ""filename"": ""TechniSat_SAT1""}",False,predição diverge da regra silver
Cable_Boxes/TechniSat/TechniSat_TechniStar_S2.ir,specific_device,device_family,0.67,specific.brand_model_filename.v1,"{""brand_segment"": ""TechniSat"", ""category_segment"": ""Cable_Boxes"", ""commercial_model"": ""TechniStar_S2"", ""filename"": ""TechniSat_TechniStar_S2""}",False,predição diverge da regra silver
Cable_Boxes/Thomson/Thomson_THT501.ir,specific_device,device_family,0.67,specific.brand_model_filename.v1,"{""brand_segment"": ""Thomson"", ""category_segment"": ""Cable_Boxes"", ""commercial_model"": ""THT501"", ""filename"": ""Thomson_THT501""}",False,predição diverge da regra silver
Cable_Boxes/Xfinity/Xfinity_XR11.ir,specific_device,device_family,0.62,specific.brand_model_filename.v1,"{""brand_segment"": ""Xfinity"", ""category_segment"": ""Cable_Boxes"", ""commercial_model"": ""XR11"", ""filename"": ""Xfinity_XR11""}",False,predição diverge da regra silver
Cable_Boxes/Xfinity/Xfinity_XR15-2.ir,specific_device,device_family,0.67,specific.brand_model_filename.v1,"{""brand_segment"": ""Xfinity"", ""category_segment"": ""Cable_Boxes"", ""commercial_model"": ""XR15-2"", ""filename"": ""Xfinity_XR15-2""}",False,predição diverge da regra silver
Cable_Boxes/Xfinity/Xfinity_XR15-3.ir,specific_device,device_family,0.62,specific.brand_model_filename.v1,"{""brand_segment"": ""Xfinity"", ""category_segment"": ""Cable_Boxes"", ""commercial_model"": ""XR15-3"", ""filename"": ""Xfinity_XR15-3""}",False,predição diverge da regra silver
Cable_Boxes/Xfinity/Xfinity_XR15.ir,specific_device,device_family,0.67,specific.brand_model_filename.v1,"{""brand_segment"": ""Xfinity"", ""category_segment"": ""Cable_Boxes"", ""commercial_model"": ""XR15"", ""filename"": ""Xfinity_XR15""}",False,predição diverge da regra silver
Cable_Boxes/Xfinity/Xfinity_XR15_V2-UQ.ir,specific_device,device_family,0.67,specific.brand_model_filename.v1,"{""brand_segment"": ""Xfinity"", ""category_segment"": ""Cable_Boxes"", ""commercial_model"": ""XR15_V2-UQ"", ""filename"": ""Xfinity_XR15_V2-UQ""}",False,predição diverge da regra silver
Cable_Boxes/Xfinity/Xfinity_XR2.ir,specific_device,device_family,0.67,specific.brand_model_filename.v1,"{""brand_segment"": ""Xfinity"", ""category_segment"": ""Cable_Boxes"", ""commercial_model"": ""XR2"", ""filename"": ""Xfinity_XR2""}",False,predição diverge da regra silver
Cameras/Aigo/Aigo_config01.ir,specific_device,device_family,0.67,specific.brand_model_filename.v1,"{""brand_segment"": ""Aigo"", ""category_segment"": ""Cameras"", ""commercial_model"": ""config01"", ""filename"": ""Aigo_config01""}",False,predição diverge da regra silver
Cameras/Canon/Canon_Camera_JJC RM-E6A.ir,specific_device,device_family,0.62,specific.brand_model_filename.v1,"{""brand_segment"": ""Canon"", ""category_segment"": ""Cameras"", ""commercial_model"": ""RM-E6A"", ""filename"": ""Canon_Camera_JJC RM-E6A""}",False,predição diverge da regra silver
Cameras/Canon/Canon_RC-6_Trigger.ir,specific_device,device_family,0.62,specific.brand_model_filename.v1,"{""brand_segment"": ""Canon"", ""category_segment"": ""Cameras"", ""commercial_model"": ""RC-6_Trigger"", ""filename"": ""Canon_RC-6_Trigger""}",False,predição diverge da regra silver
Cameras/Canon/Canon_config01.ir,specific_device,device_family,0.62,specific.brand_model_filename.v1,"{""brand_segment"": ""Canon"", ""category_segment"": ""Cameras"", ""commercial_model"": ""config01"", ""filename"": ""Canon_config01""}",False,predição diverge da regra silver
Cameras/Canon/Canon_config02.ir,specific_device,device_family,0.67,specific.brand_model_filename.v1,"{""brand_segment"": ""Canon"", ""category_segment"": ""Cameras"", ""commercial_model"": ""config02"", ""filename"": ""Canon_config02""}",False,predição diverge da regra silver
Cameras/Canon/Canon_config03.ir,specific_device,device_family,0.62,specific.brand_model_filename.v1,"{""brand_segment"": ""Canon"", ""category_segment"": ""Cameras"", ""commercial_model"": ""config03"", ""filename"": ""Canon_config03""}",False,predição diverge da regra silver
Cameras/Eakins/Eakins_48MP.ir,specific_device,device_family,0.67,specific.brand_model_filename.v1,"{""brand_segment"": ""Eakins"", ""category_segment"": ""Cameras"", ""commercial_model"": ""48MP"", ""filename"": ""Eakins_48MP""}",False,predição diverge da regra silver
Cameras/Fujifilm/Fujifilm_config01.ir,specific_device,device_family,0.62,specific.brand_model_filename.v1,"{""brand_segment"": ""Fujifilm"", ""category_segment"": ""Cameras"", ""commercial_model"": ""config01"", ""filename"": ""Fujifilm_config01""}",False,predição diverge da regra silver
Cameras/Fujifilm/Fujifilm_config02.ir,specific_device,device_family,0.62,specific.brand_model_filename.v1,"{""brand_segment"": ""Fujifilm"", ""category_segment"": ""Cameras"", ""commercial_model"": ""config02"", ""filename"": ""Fujifilm_config02""}",False,predição diverge da regra silver
Cameras/Haier/Haier_config01.ir,specific_device,device_family,0.67,specific.brand_model_filename.v1,"{""brand_segment"": ""Haier"", ""category_segment"": ""Cameras"", ""commercial_model"": ""config01"", ""filename"": ""Haier_config01""}",False,predição diverge da regra silver
Cameras/Kodak/Kodak_EasyShare_Max_Z990.ir,specific_device,device_family,0.67,specific.brand_model_filename.v1,"{""brand_segment"": ""Kodak"", ""category_segment"": ""Cameras"", ""commercial_model"": ""EasyShare_Max_Z990"", ""filename"": ""Kodak_EasyShare_Max_Z990""}",False,predição diverge da regra silver
Cameras/Kodak/Kodak_config01.ir,specific_device,device_family,0.67,specific.brand_model_filename.v1,"{""brand_segment"": ""Kodak"", ""category_segment"": ""Cameras"", ""commercial_model"": ""config01"", ""filename"": ""Kodak_config01""}",False,predição diverge da regra silver
Cameras/Logitech/Logitech_BCC950.ir,specific_device,device_family,0.67,specific.brand_model_filename.v1,"{""brand_segment"": ""Logitech"", ""category_segment"": ""Cameras"", ""commercial_model"": ""BCC950"", ""filename"": ""Logitech_BCC950""}",False,predição diverge da regra silver
Cameras/Nikon/Nikon_config01.ir,specific_device,device_family,0.62,specific.brand_model_filename.v1,"{""brand_segment"": ""Nikon"", ""category_segment"": ""Cameras"", ""commercial_model"": ""config01"", ""filename"": ""Nikon_config01""}",False,predição diverge da regra silver
Cameras/Nikon/Nikon_config02.ir,specific_device,device_family,0.62,specific.brand_model_filename.v1,"{""brand_segment"": ""Nikon"", ""category_segment"": ""Cameras"", ""commercial_model"": ""config02"", ""filename"": ""Nikon_config02""}",False,predição diverge da regra silver
Cameras/Olympus/Olympus_config01.ir,specific_device,device_family,0.67,specific.brand_model_filename.v1,"{""brand_segment"": ""Olympus"", ""category_segment"": ""Cameras"", ""commercial_model"": ""config01"", ""filename"": ""Olympus_config01""}",False,predição diverge da regra silver
Cameras/Ordro/Ordro_config01.ir,specific_device,device_family,0.62,specific.brand_model_filename.v1,"{""brand_segment"": ""Ordro"", ""category_segment"": ""Cameras"", ""commercial_model"": ""config01"", ""filename"": ""Ordro_config01""}",False,predição diverge da regra silver
Cameras/Panasonic/Panasonic_config01.ir,specific_device,device_family,0.67,specific.brand_model_filename.v1,"{""brand_segment"": ""Panasonic"", ""category_segment"": ""Cameras"", ""commercial_model"": ""config01"", ""filename"": ""Panasonic_config01""}",False,predição diverge da regra silver
Cameras/Pentax/Pentax_config01.ir,specific_device,device_family,0.62,specific.brand_model_filename.v1,"{""brand_segment"": ""Pentax"", ""category_segment"": ""Cameras"", ""commercial_model"": ""config01"", ""filename"": ""Pentax_config01""}",False,predição diverge da regra silver
Cameras/Pentax/Pentax_config02.ir,specific_device,device_family,0.62,specific.brand_model_filename.v1,"{""brand_segment"": ""Pentax"", ""category_segment"": ""Cameras"", ""commercial_model"": ""config02"", ""filename"": ""Pentax_config02""}",False,predição diverge da regra silver
Cameras/Sanyo/Sanyo_config01.ir,specific_device,device_family,0.67,specific.brand_model_filename.v1,"{""brand_segment"": ""Sanyo"", ""category_segment"": ""Cameras"", ""commercial_model"": ""config01"", ""filename"": ""Sanyo_config01""}",False,predição diverge da regra silver
Cameras/Sony/Sony_RMT_814_Handycam.ir,specific_device,device_family,0.67,specific.brand_model_filename.v1,"{""brand_segment"": ""Sony"", ""category_segment"": ""Cameras"", ""commercial_model"": ""RMT_814_Handycam"", ""filename"": ""Sony_RMT_814_Handycam""}",False,predição diverge da regra silver
Cameras/Sony/Sony_RMT_831.ir,specific_device,device_family,0.62,specific.brand_model_filename.v1,"{""brand_segment"": ""Sony"", ""category_segment"": ""Cameras"", ""commercial_model"": ""RMT_831"", ""filename"": ""Sony_RMT_831""}",False,predição diverge da regra silver
Cameras/Sony/Sony_config01.ir,specific_device,device_family,0.67,specific.brand_model_filename.v1,"{""brand_segment"": ""Sony"", ""category_segment"": ""Cameras"", ""commercial_model"": ""config01"", ""filename"": ""Sony_config01""}",False,predição diverge da regra silver
Cameras/Sony/Sony_config02.ir,specific_device,device_family,0.67,specific.brand_model_filename.v1,"{""brand_segment"": ""Sony"", ""category_segment"": ""Cameras"", ""commercial_model"": ""config02"", ""filename"": ""Sony_config02""}",False,predição diverge da regra silver
Cameras/Yealink/Yealink_UVC86.ir,specific_device,device_family,0.67,specific.brand_model_filename.v1,"{""brand_segment"": ""Yealink"", ""category_segment"": ""Cameras"", ""commercial_model"": ""UVC86"", ""filename"": ""Yealink_UVC86""}",False,predição diverge da regra silver
Converters/Magnavox/Magnavox_ZV450MW8.ir,specific_device,unknown,0.35,specific.brand_model_filename.v1,"{""brand_segment"": ""Magnavox"", ""category_segment"": ""Converters"", ""commercial_model"": ""ZV450MW8"", ""filename"": ""Magnavox_ZV450MW8""}",False,predição diverge da regra silver
Converters/OSSC/OSSC.ir,device_family,unknown,0.35,family.brand_without_model.v1,"{""brand_segment"": ""OSSC"", ""category_segment"": ""Converters"", ""filename"": ""OSSC"", ""model_absent"": true}",False,predição diverge da regra silver
Converters/RME/RME_ADI-2_DAC_FS.ir,specific_device,unknown,0.35,specific.brand_model_filename.v1,"{""brand_segment"": ""RME"", ""category_segment"": ""Converters"", ""commercial_model"": ""ADI-2_DAC_FS"", ""filename"": ""RME_ADI-2_DAC_FS""}",False,predição diverge da regra silver
Converters/RetroTINK/RetroTINK_5X_Std.ir,specific_device,unknown,0.35,specific.brand_model_filename.v1,"{""brand_segment"": ""RetroTINK"", ""category_segment"": ""Converters"", ""commercial_model"": ""5X_Std"", ""filename"": ""RetroTINK_5X_Std""}",False,predição diverge da regra silver
DVB-T/Cyfrowy_Polsat/Cyfrowy_polsat.ir,device_family,unknown,0.35,family.brand_without_model.v1,"{""brand_segment"": ""Cyfrowy_Polsat"", ""category_segment"": ""DVB-T"", ""filename"": ""Cyfrowy_polsat"", ""model_absent"": true}",False,predição diverge da regra silver
DVB-T/Octagon/Octagon_SF8008.ir,specific_device,unknown,0.35,specific.brand_model_filename.v1,"{""brand_segment"": ""Octagon"", ""category_segment"": ""DVB-T"", ""commercial_model"": ""SF8008"", ""filename"": ""Octagon_SF8008""}",False,predição diverge da regra silver
DVB-T/Tesla/Tesla_TE-300.ir,specific_device,unknown,0.35,specific.brand_model_filename.v1,"{""brand_segment"": ""Tesla"", ""category_segment"": ""DVB-T"", ""commercial_model"": ""TE-300"", ""filename"": ""Tesla_TE-300""}",False,predição diverge da regra silver
DVB-T/Tilview/TILVIEW_DVB-T_2.ir,specific_device,unknown,0.35,specific.brand_model_filename.v1,"{""brand_segment"": ""Tilview"", ""category_segment"": ""DVB-T"", ""commercial_model"": ""DVB-T_2"", ""filename"": ""TILVIEW_DVB-T_2""}",False,predição diverge da regra silver
DVD_Players/Bose/Bose_3-2-1_Series_1.ir,specific_device,device_family,0.67,specific.brand_model_filename.v1,"{""brand_segment"": ""Bose"", ""category_segment"": ""DVD_Players"", ""commercial_model"": ""3-2-1_Series_1"", ""filename"": ""Bose_3-2-1_Series_1""}",False,predição diverge da regra silver
DVD_Players/Brandt/Brandt_DVDP-7R.ir,specific_device,device_family,0.67,specific.brand_model_filename.v1,"{""brand_segment"": ""Brandt"", ""category_segment"": ""DVD_Players"", ""commercial_model"": ""DVDP-7R"", ""filename"": ""Brandt_DVDP-7R""}",False,predição diverge da regra silver
DVD_Players/GPX/GPX_D2816.ir,specific_device,device_family,0.67,specific.brand_model_filename.v1,"{""brand_segment"": ""GPX"", ""category_segment"": ""DVD_Players"", ""commercial_model"": ""D2816"", ""filename"": ""GPX_D2816""}",False,predição diverge da regra silver
DVD_Players/LG/LG_AKB35840202_DVD.ir,specific_device,device_family,0.67,specific.brand_model_filename.v1,"{""brand_segment"": ""LG"", ""category_segment"": ""DVD_Players"", ""commercial_model"": ""AKB35840202_DVD"", ""filename"": ""LG_AKB35840202_DVD""}",False,predição diverge da regra silver
DVD_Players/LG/LG_DKS-6100Q.ir,specific_device,device_family,0.67,specific.brand_model_filename.v1,"{""brand_segment"": ""LG"", ""category_segment"": ""DVD_Players"", ""commercial_model"": ""DKS-6100Q"", ""filename"": ""LG_DKS-6100Q""}",False,predição diverge da regra silver
DVD_Players/Magnavox/Magnavox_MDV3300.ir,specific_device,device_family,0.67,specific.brand_model_filename.v1,"{""brand_segment"": ""Magnavox"", ""category_segment"": ""DVD_Players"", ""commercial_model"": ""MDV3300"", ""filename"": ""Magnavox_MDV3300""}",False,predição diverge da regra silver
DVD_Players/Magnavox/Magnavox_MVD2047.ir,specific_device,device_family,0.67,specific.brand_model_filename.v1,"{""brand_segment"": ""Magnavox"", ""category_segment"": ""DVD_Players"", ""commercial_model"": ""MVD2047"", ""filename"": ""Magnavox_MVD2047""}",False,predição diverge da regra silver
DVD_Players/Magnavox/Magnavox_NB098.ir,specific_device,device_family,0.67,specific.brand_model_filename.v1,"{""brand_segment"": ""Magnavox"", ""category_segment"": ""DVD_Players"", ""commercial_model"": ""NB098"", ""filename"": ""Magnavox_NB098""}",False,predição diverge da regra silver
DVD_Players/Magnavox/Magnavox_NB179_MWD_2206.ir,specific_device,device_family,0.67,specific.brand_model_filename.v1,"{""brand_segment"": ""Magnavox"", ""category_segment"": ""DVD_Players"", ""commercial_model"": ""NB179_MWD_2206"", ""filename"": ""Magnavox_NB179_MWD_2206""}",False,predição diverge da regra silver
DVD_Players/Oppo/Oppo_DV-970HD.ir,specific_device,device_family,0.67,specific.brand_model_filename.v1,"{""brand_segment"": ""Oppo"", ""category_segment"": ""DVD_Players"", ""commercial_model"": ""DV-970HD"", ""filename"": ""Oppo_DV-970HD""}",False,predição diverge da regra silver
DVD_Players/Panasonic/Panasonic_EUR7621070.ir,specific_device,device_family,0.67,specific.brand_model_filename.v1,"{""brand_segment"": ""Panasonic"", ""category_segment"": ""DVD_Players"", ""commercial_model"": ""EUR7621070"", ""filename"": ""Panasonic_EUR7621070""}",False,predição diverge da regra silver
DVD_Players/Philips/Philips_DVDR3475.ir,specific_device,device_family,0.67,specific.brand_model_filename.v1,"{""brand_segment"": ""Philips"", ""category_segment"": ""DVD_Players"", ""commercial_model"": ""DVDR3475"", ""filename"": ""Philips_DVDR3475""}",False,predição diverge da regra silver
DVD_Players/Philips/Philips_RC_5610.ir,specific_device,device_family,0.67,specific.brand_model_filename.v1,"{""brand_segment"": ""Philips"", ""category_segment"": ""DVD_Players"", ""commercial_model"": ""RC_5610"", ""filename"": ""Philips_RC_5610""}",False,predição diverge da regra silver
DVD_Players/Pioneer/Pioneer_GGF1381.ir,specific_device,device_family,0.67,specific.brand_model_filename.v1,"{""brand_segment"": ""Pioneer"", ""category_segment"": ""DVD_Players"", ""commercial_model"": ""GGF1381"", ""filename"": ""Pioneer_GGF1381""}",False,predição diverge da regra silver
DVD_Players/Prinz/Prinz_DVD_Player_T182.ir,specific_device,device_family,0.62,specific.brand_model_filename.v1,"{""brand_segment"": ""Prinz"", ""category_segment"": ""DVD_Players"", ""commercial_model"": ""DVD_Player_T182"", ""filename"": ""Prinz_DVD_Player_T182""}",False,predição diverge da regra silver
DVD_Players/Sony/Sony_BDP-S370.ir,specific_device,device_family,0.62,specific.brand_model_filename.v1,"{""brand_segment"": ""Sony"", ""category_segment"": ""DVD_Players"", ""commercial_model"": ""BDP-S370"", ""filename"": ""Sony_BDP-S370""}",False,predição diverge da regra silver
DVD_Players/Sony/Sony_BDP_S5100_region_free_unlock_0533.ir,specific_device,device_family,0.67,specific.brand_model_filename.v1,"{""brand_segment"": ""Sony"", ""category_segment"": ""DVD_Players"", ""commercial_model"": ""BDP_S5100_region_free_unlock_0533"", ""filename"": ""Sony_BDP_S5100_region_free_unlock_0533""}",False,predição diverge da regra silver
DVD_Players/Sony/Sony_DVD_RMT-D197A.ir,specific_device,device_family,0.67,specific.brand_model_filename.v1,"{""brand_segment"": ""Sony"", ""category_segment"": ""DVD_Players"", ""commercial_model"": ""DVD_RMT-D197A"", ""filename"": ""Sony_DVD_RMT-D197A""}",False,predição diverge da regra silver
DVD_Players/Sony/Sony_DVD_RMTD185A_RMTD165A.ir,specific_device,device_family,0.67,specific.brand_model_filename.v1,"{""brand_segment"": ""Sony"", ""category_segment"": ""DVD_Players"", ""commercial_model"": ""DVD_RMTD185A_RMTD165A"", ""filename"": ""Sony_DVD_RMTD185A_RMTD165A""}",False,predição diverge da regra silver
DVD_Players/Sony/Sony_J-6090-203-A.ir,specific_device,device_family,0.67,specific.brand_model_filename.v1,"{""brand_segment"": ""Sony"", ""category_segment"": ""DVD_Players"", ""commercial_model"": ""J-6090-203-A"", ""filename"": ""Sony_J-6090-203-A""}",False,predição diverge da regra silver
DVD_Players/Strato/Strato_DVD507.ir,specific_device,device_family,0.67,specific.brand_model_filename.v1,"{""brand_segment"": ""Strato"", ""category_segment"": ""DVD_Players"", ""commercial_model"": ""DVD507"", ""filename"": ""Strato_DVD507""}",False,predição diverge da regra silver
DVD_Players/Toshiba/TOSHIBA_SE_R0420.ir,specific_device,device_family,0.67,specific.brand_model_filename.v1,"{""brand_segment"": ""Toshiba"", ""category_segment"": ""DVD_Players"", ""commercial_model"": ""SE_R0420"", ""filename"": ""TOSHIBA_SE_R0420""}",False,predição diverge da regra silver
DVD_Players/Toshiba/Toshiba_SE_R0108.ir,specific_device,device_family,0.67,specific.brand_model_filename.v1,"{""brand_segment"": ""Toshiba"", ""category_segment"": ""DVD_Players"", ""commercial_model"": ""SE_R0108"", ""filename"": ""Toshiba_SE_R0108""}",False,predição diverge da regra silver
Digital_Signs/DynaScan/Dynascan_DS2.ir,specific_device,unknown,0.35,specific.brand_model_filename.v1,"{""brand_segment"": ""DynaScan"", ""category_segment"": ""Digital_Signs"", ""commercial_model"": ""DS2"", ""filename"": ""Dynascan_DS2""}",False,predição diverge da regra silver
Digital_Signs/LG/LG_AKB74915384.ir,specific_device,unknown,0.35,specific.brand_model_filename.v1,"{""brand_segment"": ""LG"", ""category_segment"": ""Digital_Signs"", ""commercial_model"": ""AKB74915384"", ""filename"": ""LG_AKB74915384""}",False,predição diverge da regra silver
Digital_Signs/Panasonic/Panasonic_DPVF1615ZA.ir,specific_device,unknown,0.35,specific.brand_model_filename.v1,"{""brand_segment"": ""Panasonic"", ""category_segment"": ""Digital_Signs"", ""commercial_model"": ""DPVF1615ZA"", ""filename"": ""Panasonic_DPVF1615ZA""}",False,predição diverge da regra silver
Digital_Signs/Philips/Philips_Signage_YKF326-019.ir,specific_device,unknown,0.35,specific.brand_model_filename.v1,"{""brand_segment"": ""Philips"", ""category_segment"": ""Digital_Signs"", ""commercial_model"": ""Signage_YKF326-019"", ""filename"": ""Philips_Signage_YKF326-019""}",False,predição diverge da regra silver
Digital_Signs/iiyama/iiyama_LExx40UHS.ir,specific_device,unknown,0.35,specific.brand_model_filename.v1,"{""brand_segment"": ""iiyama"", ""category_segment"": ""Digital_Signs"", ""commercial_model"": ""LExx40UHS"", ""filename"": ""iiyama_LExx40UHS""}",False,predição diverge da regra silver
Dust_Collectors/Jet/Jet_ASF1000B.ir,specific_device,unknown,0.35,specific.brand_model_filename.v1,"{""brand_segment"": ""Jet"", ""category_segment"": ""Dust_Collectors"", ""commercial_model"": ""ASF1000B"", ""filename"": ""Jet_ASF1000B""}",False,predição diverge da regra silver
Fans/Acoolir/Acoolir_AC-018.ir,specific_device,device_family,0.67,specific.brand_model_filename.v1,"{""brand_segment"": ""Acoolir"", ""category_segment"": ""Fans"", ""commercial_model"": ""AC-018"", ""filename"": ""Acoolir_AC-018""}",False,predição diverge da regra silver
Fans/Ansio/Ansio_Fan_30inch_Tower.ir,specific_device,device_family,0.62,specific.brand_model_filename.v1,"{""brand_segment"": ""Ansio"", ""category_segment"": ""Fans"", ""commercial_model"": ""Fan_30inch_Tower"", ""filename"": ""Ansio_Fan_30inch_Tower""}",False,predição diverge da regra silver
Fans/Anslut/Anslut_Tower_Fan_95cm.ir,specific_device,device_family,0.62,specific.brand_model_filename.v1,"{""brand_segment"": ""Anslut"", ""category_segment"": ""Fans"", ""commercial_model"": ""Tower_Fan_95cm"", ""filename"": ""Anslut_Tower_Fan_95cm""}",False,predição diverge da regra silver
Fans/Bionaire/Bionaire_BW2100R.ir,specific_device,device_family,0.62,specific.brand_model_filename.v1,"{""brand_segment"": ""Bionaire"", ""category_segment"": ""Fans"", ""commercial_model"": ""BW2100R"", ""filename"": ""Bionaire_BW2100R""}",False,predição diverge da regra silver
Fans/Black_and_Decker/Black_and_Decker_BFSR16W.ir,specific_device,device_family,0.62,specific.brand_model_filename.v1,"{""brand_segment"": ""Black_and_Decker"", ""category_segment"": ""Fans"", ""commercial_model"": ""BFSR16W"", ""filename"": ""Black_and_Decker_BFSR16W""}",False,predição diverge da regra silver
Fans/Brandson/Brandson_Fan_304997.ir,specific_device,device_family,0.62,specific.brand_model_filename.v1,"{""brand_segment"": ""Brandson"", ""category_segment"": ""Fans"", ""commercial_model"": ""Fan_304997"", ""filename"": ""Brandson_Fan_304997""}",False,predição diverge da regra silver
Fans/Brandson/Brandson_fan_303352.ir,specific_device,device_family,0.62,specific.brand_model_filename.v1,"{""brand_segment"": ""Brandson"", ""category_segment"": ""Fans"", ""commercial_model"": ""fan_303352"", ""filename"": ""Brandson_fan_303352""}",False,predição diverge da regra silver
Fans/Cecotec/CECOTEC_1010_EXTREMECONNECT.ir,specific_device,device_family,0.62,specific.brand_model_filename.v1,"{""brand_segment"": ""Cecotec"", ""category_segment"": ""Fans"", ""commercial_model"": ""1010_EXTREMECONNECT"", ""filename"": ""CECOTEC_1010_EXTREMECONNECT""}",False,predição diverge da regra silver
Fans/ComfortZone/ComfortZone_CZ106.ir,specific_device,device_family,0.67,specific.brand_model_filename.v1,"{""brand_segment"": ""ComfortZone"", ""category_segment"": ""Fans"", ""commercial_model"": ""CZ106"", ""filename"": ""ComfortZone_CZ106""}",False,predição diverge da regra silver
Fans/Daewoo/Daewoo_DDV200.ir,specific_device,device_family,0.67,specific.brand_model_filename.v1,"{""brand_segment"": ""Daewoo"", ""category_segment"": ""Fans"", ""commercial_model"": ""DDV200"", ""filename"": ""Daewoo_DDV200""}",False,predição diverge da regra silver
Fans/Domo/DOMO_DO8149.ir,specific_device,device_family,0.62,specific.brand_model_filename.v1,"{""brand_segment"": ""Domo"", ""category_segment"": ""Fans"", ""commercial_model"": ""DO8149"", ""filename"": ""DOMO_DO8149""}",False,predição diverge da regra silver
Fans/Dreo/Dreo_Cruiser Pro_T1S_Fan.ir,specific_device,device_family,0.62,specific.brand_model_filename.v1,"{""brand_segment"": ""Dreo"", ""category_segment"": ""Fans"", ""commercial_model"": ""Pro_T1S_Fan"", ""filename"": ""Dreo_Cruiser Pro_T1S_Fan""}",False,predição diverge da regra silver
Fans/Dreo/Dreo_DR-HTF007.ir,specific_device,device_family,0.62,specific.brand_model_filename.v1,"{""brand_segment"": ""Dreo"", ""category_segment"": ""Fans"", ""commercial_model"": ""DR-HTF007"", ""filename"": ""Dreo_DR-HTF007""}",False,predição diverge da regra silver
Fans/Dreo/Dreo_Nomad_One_DOTF07.ir,specific_device,device_family,0.62,specific.brand_model_filename.v1,"{""brand_segment"": ""Dreo"", ""category_segment"": ""Fans"", ""commercial_model"": ""Nomad_One_DOTF07"", ""filename"": ""Dreo_Nomad_One_DOTF07""}",False,predição diverge da regra silver
Fans/Dreo/Dreo_WDR-TF007-9275A.ir,specific_device,device_family,0.62,specific.brand_model_filename.v1,"{""brand_segment"": ""Dreo"", ""category_segment"": ""Fans"", ""commercial_model"": ""WDR-TF007-9275A"", ""filename"": ""Dreo_WDR-TF007-9275A""}",False,predição diverge da regra silver
Fans/Dyson/Dyson_AM04.ir,specific_device,device_family,0.62,specific.brand_model_filename.v1,"{""brand_segment"": ""Dyson"", ""category_segment"": ""Fans"", ""commercial_model"": ""AM04"", ""filename"": ""Dyson_AM04""}",False,predição diverge da regra silver
Fans/Dyson/Dyson_AM05_Hot_Cool.ir,specific_device,device_family,0.62,specific.brand_model_filename.v1,"{""brand_segment"": ""Dyson"", ""category_segment"": ""Fans"", ""commercial_model"": ""AM05_Hot_Cool"", ""filename"": ""Dyson_AM05_Hot_Cool""}",False,predição diverge da regra silver
Fans/Dyson/Dyson_AM06_33_Fan.ir,specific_device,device_family,0.62,specific.brand_model_filename.v1,"{""brand_segment"": ""Dyson"", ""category_segment"": ""Fans"", ""commercial_model"": ""AM06_33_Fan"", ""filename"": ""Dyson_AM06_33_Fan""}",False,predição diverge da regra silver
Fans/Dyson/Dyson_AM07.ir,specific_device,device_family,0.62,specific.brand_model_filename.v1,"{""brand_segment"": ""Dyson"", ""category_segment"": ""Fans"", ""commercial_model"": ""AM07"", ""filename"": ""Dyson_AM07""}",False,predição diverge da regra silver
Fans/Dyson/Dyson_AM09.ir,specific_device,device_family,0.62,specific.brand_model_filename.v1,"{""brand_segment"": ""Dyson"", ""category_segment"": ""Fans"", ""commercial_model"": ""AM09"", ""filename"": ""Dyson_AM09""}",False,predição diverge da regra silver
Fans/Dyson/Dyson_AM11.ir,specific_device,device_family,0.62,specific.brand_model_filename.v1,"{""brand_segment"": ""Dyson"", ""category_segment"": ""Fans"", ""commercial_model"": ""AM11"", ""filename"": ""Dyson_AM11""}",False,predição diverge da regra silver
Fans/Dyson/Dyson_Fan_HP04.ir,specific_device,device_family,0.62,specific.brand_model_filename.v1,"{""brand_segment"": ""Dyson"", ""category_segment"": ""Fans"", ""commercial_model"": ""Fan_HP04"", ""filename"": ""Dyson_Fan_HP04""}",False,predição diverge da regra silver
Fans/Dyson/Dyson_HP01.ir,specific_device,device_family,0.62,specific.brand_model_filename.v1,"{""brand_segment"": ""Dyson"", ""category_segment"": ""Fans"", ""commercial_model"": ""HP01"", ""filename"": ""Dyson_HP01""}",False,predição diverge da regra silver
Fans/Dyson/Dyson_HP02.ir,specific_device,device_family,0.62,specific.brand_model_filename.v1,"{""brand_segment"": ""Dyson"", ""category_segment"": ""Fans"", ""commercial_model"": ""HP02"", ""filename"": ""Dyson_HP02""}",False,predição diverge da regra silver
Fans/Dyson/Dyson_HP09.ir,specific_device,device_family,0.62,specific.brand_model_filename.v1,"{""brand_segment"": ""Dyson"", ""category_segment"": ""Fans"", ""commercial_model"": ""HP09"", ""filename"": ""Dyson_HP09""}",False,predição diverge da regra silver
Fans/Dyson/Dyson_Pure_Cool_TP02.ir,specific_device,device_family,0.62,specific.brand_model_filename.v1,"{""brand_segment"": ""Dyson"", ""category_segment"": ""Fans"", ""commercial_model"": ""Pure_Cool_TP02"", ""filename"": ""Dyson_Pure_Cool_TP02""}",False,predição diverge da regra silver
Fans/Dyson/Dyson_Pure_Cool_TP4A.ir,specific_device,device_family,0.62,specific.brand_model_filename.v1,"{""brand_segment"": ""Dyson"", ""category_segment"": ""Fans"", ""commercial_model"": ""Pure_Cool_TP4A"", ""filename"": ""Dyson_Pure_Cool_TP4A""}",False,predição diverge da regra silver
Fans/Dyson/Dyson_Pure_Cool_TP4B.ir,specific_device,device_family,0.62,specific.brand_model_filename.v1,"{""brand_segment"": ""Dyson"", ""category_segment"": ""Fans"", ""commercial_model"": ""Pure_Cool_TP4B"", ""filename"": ""Dyson_Pure_Cool_TP4B""}",False,predição diverge da regra silver
Fans/Dyson/Dyson_Pure_HotCool_HP02.ir,specific_device,device_family,0.62,specific.brand_model_filename.v1,"{""brand_segment"": ""Dyson"", ""category_segment"": ""Fans"", ""commercial_model"": ""Pure_HotCool_HP02"", ""filename"": ""Dyson_Pure_HotCool_HP02""}",False,predição diverge da regra silver
Fans/Dyson/Dyson_TP7A.ir,specific_device,device_family,0.62,specific.brand_model_filename.v1,"{""brand_segment"": ""Dyson"", ""category_segment"": ""Fans"", ""commercial_model"": ""TP7A"", ""filename"": ""Dyson_TP7A""}",False,predição diverge da regra silver
Fans/EasyHome/EasyHome_PFR40RT.ir,specific_device,device_family,0.62,specific.brand_model_filename.v1,"{""brand_segment"": ""EasyHome"", ""category_segment"": ""Fans"", ""commercial_model"": ""PFR40RT"", ""filename"": ""EasyHome_PFR40RT""}",False,predição diverge da regra silver
Fans/Elmark/Elmark_LMD-24.ir,specific_device,device_family,0.62,specific.brand_model_filename.v1,"{""brand_segment"": ""Elmark"", ""category_segment"": ""Fans"", ""commercial_model"": ""LMD-24"", ""filename"": ""Elmark_LMD-24""}",False,predição diverge da regra silver
Fans/Eton/Eton_NDY-DT2-Portable-Evaporative-Tower-Fan.ir,specific_device,device_family,0.67,specific.brand_model_filename.v1,"{""brand_segment"": ""Eton"", ""category_segment"": ""Fans"", ""commercial_model"": ""NDY-DT2-Portable-Evaporative-Tower-Fan"", ""filename"": ""Eton_NDY-DT2-Portable-Evaporative-Tower-Fan""}",False,predição diverge da regra silver
Fans/Fakir/Fakir_VC60_DC_2019.ir,specific_device,device_family,0.62,specific.brand_model_filename.v1,"{""brand_segment"": ""Fakir"", ""category_segment"": ""Fans"", ""commercial_model"": ""VC60_DC_2019"", ""filename"": ""Fakir_VC60_DC_2019""}",False,predição diverge da regra silver
Fans/Fakir/Fakir_VC60_DC_2020.ir,specific_device,device_family,0.62,specific.brand_model_filename.v1,"{""brand_segment"": ""Fakir"", ""category_segment"": ""Fans"", ""commercial_model"": ""VC60_DC_2020"", ""filename"": ""Fakir_VC60_DC_2020""}",False,predição diverge da regra silver
Fans/Fust/Fust_Primotecq_Tower_Fan_TF4201TR-L.ir,specific_device,device_family,0.62,specific.brand_model_filename.v1,"{""brand_segment"": ""Fust"", ""category_segment"": ""Fans"", ""commercial_model"": ""Primotecq_Tower_Fan_TF4201TR-L"", ""filename"": ""Fust_Primotecq_Tower_Fan_TF4201TR-L""}",False,predição diverge da regra silver
Fans/Hitachi/Hitachi_HEF_RM1_Fan.ir,specific_device,device_family,0.67,specific.brand_model_filename.v1,"{""brand_segment"": ""Hitachi"", ""category_segment"": ""Fans"", ""commercial_model"": ""HEF_RM1_Fan"", ""filename"": ""Hitachi_HEF_RM1_Fan""}",False,predição diverge da regra silver
Fans/Holmes/Holmes_Fan_HTF3610AR.ir,specific_device,device_family,0.62,specific.brand_model_filename.v1,"{""brand_segment"": ""Holmes"", ""category_segment"": ""Fans"", ""commercial_model"": ""Fan_HTF3610AR"", ""filename"": ""Holmes_Fan_HTF3610AR""}",False,predição diverge da regra silver
Fans/Homezest/Homezest_LWTF-04.ir,specific_device,device_family,0.62,specific.brand_model_filename.v1,"{""brand_segment"": ""Homezest"", ""category_segment"": ""Fans"", ""commercial_model"": ""LWTF-04"", ""filename"": ""Homezest_LWTF-04""}",False,predição diverge da regra silver
Fans/Honeywell/Honeywell_Fan_C152.ir,specific_device,device_family,0.67,specific.brand_model_filename.v1,"{""brand_segment"": ""Honeywell"", ""category_segment"": ""Fans"", ""commercial_model"": ""Fan_C152"", ""filename"": ""Honeywell_Fan_C152""}",False,predição diverge da regra silver
Fans/Honeywell/Honeywell_Fan_CL18PE.ir,specific_device,device_family,0.62,specific.brand_model_filename.v1,"{""brand_segment"": ""Honeywell"", ""category_segment"": ""Fans"", ""commercial_model"": ""Fan_CL18PE"", ""filename"": ""Honeywell_Fan_CL18PE""}",False,predição diverge da regra silver
Fans/Honeywell/Honeywell_Fan_HY041w.ir,specific_device,device_family,0.62,specific.brand_model_filename.v1,"{""brand_segment"": ""Honeywell"", ""category_segment"": ""Fans"", ""commercial_model"": ""Fan_HY041w"", ""filename"": ""Honeywell_Fan_HY041w""}",False,predição diverge da regra silver
Fans/Honeywell/Honeywell_Fan_HYF290B.ir,specific_device,device_family,0.62,specific.brand_model_filename.v1,"{""brand_segment"": ""Honeywell"", ""category_segment"": ""Fans"", ""commercial_model"": ""Fan_HYF290B"", ""filename"": ""Honeywell_Fan_HYF290B""}",False,predição diverge da regra silver
Fans/Honeywell/Honeywell_Fan_HYF290E4.ir,specific_device,device_family,0.62,specific.brand_model_filename.v1,"{""brand_segment"": ""Honeywell"", ""category_segment"": ""Fans"", ""commercial_model"": ""Fan_HYF290E4"", ""filename"": ""Honeywell_Fan_HYF290E4""}",False,predição diverge da regra silver
Fans/Honeywell/Honeywell_HO-5500RE.ir,specific_device,device_family,0.62,specific.brand_model_filename.v1,"{""brand_segment"": ""Honeywell"", ""category_segment"": ""Fans"", ""commercial_model"": ""HO-5500RE"", ""filename"": ""Honeywell_HO-5500RE""}",False,predição diverge da regra silver
Fans/Honeywell/Honeywell_HO-5500RE_1.ir,specific_device,device_family,0.62,specific.brand_model_filename.v1,"{""brand_segment"": ""Honeywell"", ""category_segment"": ""Fans"", ""commercial_model"": ""HO-5500RE_1"", ""filename"": ""Honeywell_HO-5500RE_1""}",False,predição diverge da regra silver
Fans/Honeywell/Honeywell_HO-5500RE_2.ir,specific_device,device_family,0.62,specific.brand_model_filename.v1,"{""brand_segment"": ""Honeywell"", ""category_segment"": ""Fans"", ""commercial_model"": ""HO-5500RE_2"", ""filename"": ""Honeywell_HO-5500RE_2""}",False,predição diverge da regra silver
Fans/Igenix/Igenix_DF0035TBL.ir,specific_device,device_family,0.62,specific.brand_model_filename.v1,"{""brand_segment"": ""Igenix"", ""category_segment"": ""Fans"", ""commercial_model"": ""DF0035TBL"", ""filename"": ""Igenix_DF0035TBL""}",False,predição diverge da regra silver
Fans/KDK/KDK_Fan_KC4GR.ir,specific_device,device_family,0.62,specific.brand_model_filename.v1,"{""brand_segment"": ""KDK"", ""category_segment"": ""Fans"", ""commercial_model"": ""Fan_KC4GR"", ""filename"": ""KDK_Fan_KC4GR""}",False,predição diverge da regra silver
Fans/KOENIC/KOENIC_KSFW_40322_TRC.ir,specific_device,device_family,0.62,specific.brand_model_filename.v1,"{""brand_segment"": ""KOENIC"", ""category_segment"": ""Fans"", ""commercial_model"": ""KSFW_40322_TRC"", ""filename"": ""KOENIC_KSFW_40322_TRC""}",False,predição diverge da regra silver
Fans/KOENIC/KOENIC_KTF100.ir,specific_device,device_family,0.62,specific.brand_model_filename.v1,"{""brand_segment"": ""KOENIC"", ""category_segment"": ""Fans"", ""commercial_model"": ""KTF100"", ""filename"": ""KOENIC_KTF100""}",False,predição diverge da regra silver
Fans/KOENIC/KOENIC_KTFC_602722.ir,specific_device,device_family,0.67,specific.brand_model_filename.v1,"{""brand_segment"": ""KOENIC"", ""category_segment"": ""Fans"", ""commercial_model"": ""KTFC_602722"", ""filename"": ""KOENIC_KTFC_602722""}",False,predição diverge da regra silver
Fans/Kinzo/Kinzo_LQ-AC02S_Fan.ir,specific_device,device_family,0.67,specific.brand_model_filename.v1,"{""brand_segment"": ""Kinzo"", ""category_segment"": ""Fans"", ""commercial_model"": ""LQ-AC02S_Fan"", ""filename"": ""Kinzo_LQ-AC02S_Fan""}",False,predição diverge da regra silver
Fans/Lasko/Lasko_Fan_2108.ir,specific_device,device_family,0.62,specific.brand_model_filename.v1,"{""brand_segment"": ""Lasko"", ""category_segment"": ""Fans"", ""commercial_model"": ""Fan_2108"", ""filename"": ""Lasko_Fan_2108""}",False,predição diverge da regra silver
Fans/Lasko/Lasko_Fan_2551.ir,specific_device,device_family,0.62,specific.brand_model_filename.v1,"{""brand_segment"": ""Lasko"", ""category_segment"": ""Fans"", ""commercial_model"": ""Fan_2551"", ""filename"": ""Lasko_Fan_2551""}",False,predição diverge da regra silver
Fans/Lasko/Lasko_Fan_S18612.ir,specific_device,device_family,0.62,specific.brand_model_filename.v1,"{""brand_segment"": ""Lasko"", ""category_segment"": ""Fans"", ""commercial_model"": ""Fan_S18612"", ""filename"": ""Lasko_Fan_S18612""}",False,predição diverge da regra silver
Fans/Lasko/Lasko_Fan_S18640.ir,specific_device,device_family,0.62,specific.brand_model_filename.v1,"{""brand_segment"": ""Lasko"", ""category_segment"": ""Fans"", ""commercial_model"": ""Fan_S18640"", ""filename"": ""Lasko_Fan_S18640""}",False,predição diverge da regra silver
Fans/Lasko/Lasko_T48310.ir,specific_device,device_family,0.62,specific.brand_model_filename.v1,"{""brand_segment"": ""Lasko"", ""category_segment"": ""Fans"", ""commercial_model"": ""T48310"", ""filename"": ""Lasko_T48310""}",False,predição diverge da regra silver
Fans/MainStays/MainStays_Fan_FZ10-19JR.ir,specific_device,device_family,0.62,specific.brand_model_filename.v1,"{""brand_segment"": ""MainStays"", ""category_segment"": ""Fans"", ""commercial_model"": ""Fan_FZ10-19JR"", ""filename"": ""MainStays_Fan_FZ10-19JR""}",False,predição diverge da regra silver
Fans/Mistral/Mistral_MTFYG07R.ir,specific_device,device_family,0.62,specific.brand_model_filename.v1,"{""brand_segment"": ""Mistral"", ""category_segment"": ""Fans"", ""commercial_model"": ""MTFYG07R"", ""filename"": ""Mistral_MTFYG07R""}",False,predição diverge da regra silver
Fans/Mitsubishi/Mitsubishi_R30J-HRV.ir,specific_device,device_family,0.62,specific.brand_model_filename.v1,"{""brand_segment"": ""Mitsubishi"", ""category_segment"": ""Fans"", ""commercial_model"": ""R30J-HRV"", ""filename"": ""Mitsubishi_R30J-HRV""}",False,predição diverge da regra silver
Fans/OmniBreeze/OmniBreeze_DC2018.ir,specific_device,device_family,0.67,specific.brand_model_filename.v1,"{""brand_segment"": ""OmniBreeze"", ""category_segment"": ""Fans"", ""commercial_model"": ""DC2018"", ""filename"": ""OmniBreeze_DC2018""}",False,predição diverge da regra silver
Fans/Ozeri/Ozeri_UltraWind_OZF1.ir,specific_device,device_family,0.62,specific.brand_model_filename.v1,"{""brand_segment"": ""Ozeri"", ""category_segment"": ""Fans"", ""commercial_model"": ""UltraWind_OZF1"", ""filename"": ""Ozeri_UltraWind_OZF1""}",False,predição diverge da regra silver
Fans/Panasonic/Panasonic_FV-30BG1x.ir,specific_device,device_family,0.62,specific.brand_model_filename.v1,"{""brand_segment"": ""Panasonic"", ""category_segment"": ""Fans"", ""commercial_model"": ""FV-30BG1x"", ""filename"": ""Panasonic_FV-30BG1x""}",False,predição diverge da regra silver
Fans/Pelonis/Pelonis_PFS40D6ABB_Fan.ir,specific_device,device_family,0.62,specific.brand_model_filename.v1,"{""brand_segment"": ""Pelonis"", ""category_segment"": ""Fans"", ""commercial_model"": ""PFS40D6ABB_Fan"", ""filename"": ""Pelonis_PFS40D6ABB_Fan""}",False,predição diverge da regra silver
Fans/ProBreeze/ProBreeze_PBF04.ir,specific_device,device_family,0.62,specific.brand_model_filename.v1,"{""brand_segment"": ""ProBreeze"", ""category_segment"": ""Fans"", ""commercial_model"": ""PBF04"", ""filename"": ""ProBreeze_PBF04""}",False,predição diverge da regra silver
Fans/Profi_Care/Profi_Care_PC-VL_3069.ir,specific_device,device_family,0.62,specific.brand_model_filename.v1,"{""brand_segment"": ""Profi_Care"", ""category_segment"": ""Fans"", ""commercial_model"": ""PC-VL_3069"", ""filename"": ""Profi_Care_PC-VL_3069""}",False,predição diverge da regra silver
Fans/Quads/Quads_QS303_Fan.ir,specific_device,device_family,0.67,specific.brand_model_filename.v1,"{""brand_segment"": ""Quads"", ""category_segment"": ""Fans"", ""commercial_model"": ""QS303_Fan"", ""filename"": ""Quads_QS303_Fan""}",False,predição diverge da regra silver
Fans/Rowenta/Rowenta VU5670.ir,specific_device,device_family,0.62,specific.brand_model_filename.v1,"{""brand_segment"": ""Rowenta"", ""category_segment"": ""Fans"", ""commercial_model"": ""VU5670"", ""filename"": ""Rowenta VU5670""}",False,predição diverge da regra silver
Fans/Rowenta/Rowenta_Mosquito_Silence_VU6410FD.ir,specific_device,device_family,0.67,specific.brand_model_filename.v1,"{""brand_segment"": ""Rowenta"", ""category_segment"": ""Fans"", ""commercial_model"": ""Mosquito_Silence_VU6410FD"", ""filename"": ""Rowenta_Mosquito_Silence_VU6410FD""}",False,predição diverge da regra silver
Fans/Rubine/Rubine_RCF-FORZA45-5BL-GM.ir,specific_device,device_family,0.62,specific.brand_model_filename.v1,"{""brand_segment"": ""Rubine"", ""category_segment"": ""Fans"", ""commercial_model"": ""RCF-FORZA45-5BL-GM"", ""filename"": ""Rubine_RCF-FORZA45-5BL-GM""}",False,predição diverge da regra silver
Fans/SHE/SHE_Fan_SHE40ST1801F.ir,specific_device,device_family,0.62,specific.brand_model_filename.v1,"{""brand_segment"": ""SHE"", ""category_segment"": ""Fans"", ""commercial_model"": ""Fan_SHE40ST1801F"", ""filename"": ""SHE_Fan_SHE40ST1801F""}",False,predição diverge da regra silver
Fans/Sencor/Sencor_SFN_5040BL.ir,specific_device,device_family,0.67,specific.brand_model_filename.v1,"{""brand_segment"": ""Sencor"", ""category_segment"": ""Fans"", ""commercial_model"": ""SFN_5040BL"", ""filename"": ""Sencor_SFN_5040BL""}",False,predição diverge da regra silver
Fans/Senko/Senko_TR828.ir,specific_device,device_family,0.62,specific.brand_model_filename.v1,"{""brand_segment"": ""Senko"", ""category_segment"": ""Fans"", ""commercial_model"": ""TR828"", ""filename"": ""Senko_TR828""}",False,predição diverge da regra silver
Fans/Shami/Shami_Fan-4333E.ir,specific_device,device_family,0.62,specific.brand_model_filename.v1,"{""brand_segment"": ""Shami"", ""category_segment"": ""Fans"", ""commercial_model"": ""Fan-4333E"", ""filename"": ""Shami_Fan-4333E""}",False,predição diverge da regra silver
Fans/Shark/Shark_FlexBreeze-FA22X.ir,specific_device,device_family,0.67,specific.brand_model_filename.v1,"{""brand_segment"": ""Shark"", ""category_segment"": ""Fans"", ""commercial_model"": ""FlexBreeze-FA22X"", ""filename"": ""Shark_FlexBreeze-FA22X""}",False,predição diverge da regra silver
Fans/Shinic/shinic_BP69D.ir,specific_device,device_family,0.62,specific.brand_model_filename.v1,"{""brand_segment"": ""Shinic"", ""category_segment"": ""Fans"", ""commercial_model"": ""BP69D"", ""filename"": ""shinic_BP69D""}",False,predição diverge da regra silver
Fans/Siguro/Siguro_fn_v750w.ir,specific_device,device_family,0.62,specific.brand_model_filename.v1,"{""brand_segment"": ""Siguro"", ""category_segment"": ""Fans"", ""commercial_model"": ""fn_v750w"", ""filename"": ""Siguro_fn_v750w""}",False,predição diverge da regra silver
Fans/Solida/Solida_IFan14.ir,specific_device,device_family,0.62,specific.brand_model_filename.v1,"{""brand_segment"": ""Solida"", ""category_segment"": ""Fans"", ""commercial_model"": ""IFan14"", ""filename"": ""Solida_IFan14""}",False,predição diverge da regra silver
Fans/TECHNIC/TECHNIC_YH-32RA.ir,specific_device,device_family,0.62,specific.brand_model_filename.v1,"{""brand_segment"": ""TECHNIC"", ""category_segment"": ""Fans"", ""commercial_model"": ""YH-32RA"", ""filename"": ""TECHNIC_YH-32RA""}",False,predição diverge da regra silver
Fans/Taotronics/Taotronics_TF001.ir,specific_device,device_family,0.62,specific.brand_model_filename.v1,"{""brand_segment"": ""Taotronics"", ""category_segment"": ""Fans"", ""commercial_model"": ""TF001"", ""filename"": ""Taotronics_TF001""}",False,predição diverge da regra silver
Fans/Taotronics/Taotronics_TT-TF009.ir,specific_device,device_family,0.62,specific.brand_model_filename.v1,"{""brand_segment"": ""Taotronics"", ""category_segment"": ""Fans"", ""commercial_model"": ""TT-TF009"", ""filename"": ""Taotronics_TT-TF009""}",False,predição diverge da regra silver
Fans/Tefal/Tefal_Essential_VF3910F0.ir,specific_device,device_family,0.62,specific.brand_model_filename.v1,"{""brand_segment"": ""Tefal"", ""category_segment"": ""Fans"", ""commercial_model"": ""Essential_VF3910F0"", ""filename"": ""Tefal_Essential_VF3910F0""}",False,predição diverge da regra silver
Fans/Thomson/Thomson_Fan_THEVL484K.ir,specific_device,device_family,0.62,specific.brand_model_filename.v1,"{""brand_segment"": ""Thomson"", ""category_segment"": ""Fans"", ""commercial_model"": ""Fan_THEVL484K"", ""filename"": ""Thomson_Fan_THEVL484K""}",False,predição diverge da regra silver
Fans/Toshiba/Toshiba_FWSA20.ir,specific_device,device_family,0.67,specific.brand_model_filename.v1,"{""brand_segment"": ""Toshiba"", ""category_segment"": ""Fans"", ""commercial_model"": ""FWSA20"", ""filename"": ""Toshiba_FWSA20""}",False,predição diverge da regra silver
Fans/U-Ultty/U-Ultty_SKJ-CR021.ir,specific_device,device_family,0.67,specific.brand_model_filename.v1,"{""brand_segment"": ""U-Ultty"", ""category_segment"": ""Fans"", ""commercial_model"": ""SKJ-CR021"", ""filename"": ""U-Ultty_SKJ-CR021""}",False,predição diverge da regra silver
Fans/Utilitech/Utilitech_Fan_FZ10-19JR.ir,specific_device,device_family,0.62,specific.brand_model_filename.v1,"{""brand_segment"": ""Utilitech"", ""category_segment"": ""Fans"", ""commercial_model"": ""Fan_FZ10-19JR"", ""filename"": ""Utilitech_Fan_FZ10-19JR""}",False,predição diverge da regra silver
Fans/Vitek/Vitek_VT1907.ir,specific_device,device_family,0.62,specific.brand_model_filename.v1,"{""brand_segment"": ""Vitek"", ""category_segment"": ""Fans"", ""commercial_model"": ""VT1907"", ""filename"": ""Vitek_VT1907""}",False,predição diverge da regra silver
Fans/Vitek/Vitek_VT1931.ir,specific_device,device_family,0.62,specific.brand_model_filename.v1,"{""brand_segment"": ""Vitek"", ""category_segment"": ""Fans"", ""commercial_model"": ""VT1931"", ""filename"": ""Vitek_VT1931""}",False,predição diverge da regra silver
Fans/Vornado/Vornado_279TR.ir,specific_device,device_family,0.67,specific.brand_model_filename.v1,"{""brand_segment"": ""Vornado"", ""category_segment"": ""Fans"", ""commercial_model"": ""279TR"", ""filename"": ""Vornado_279TR""}",False,predição diverge da regra silver
Fans/Vornado/Vornado_6303DC.ir,specific_device,device_family,0.62,specific.brand_model_filename.v1,"{""brand_segment"": ""Vornado"", ""category_segment"": ""Fans"", ""commercial_model"": ""6303DC"", ""filename"": ""Vornado_6303DC""}",False,predição diverge da regra silver
Fans/Vornado/Vornado_OSCR37.ir,specific_device,device_family,0.67,specific.brand_model_filename.v1,"{""brand_segment"": ""Vornado"", ""category_segment"": ""Fans"", ""commercial_model"": ""OSCR37"", ""filename"": ""Vornado_OSCR37""}",False,predição diverge da regra silver
Fans/Woozoo/Woozoo_SC15T.ir,specific_device,device_family,0.67,specific.brand_model_filename.v1,"{""brand_segment"": ""Woozoo"", ""category_segment"": ""Fans"", ""commercial_model"": ""SC15T"", ""filename"": ""Woozoo_SC15T""}",False,predição diverge da regra silver
Fans/Xpelair/Xpelair_XPA360CF_Fan.ir,specific_device,device_family,0.67,specific.brand_model_filename.v1,"{""brand_segment"": ""Xpelair"", ""category_segment"": ""Fans"", ""commercial_model"": ""XPA360CF_Fan"", ""filename"": ""Xpelair_XPA360CF_Fan""}",False,predição diverge da regra silver
Fans/iLukodu/iLukodu_TFS-20RH.ir,specific_device,device_family,0.62,specific.brand_model_filename.v1,"{""brand_segment"": ""iLukodu"", ""category_segment"": ""Fans"", ""commercial_model"": ""TFS-20RH"", ""filename"": ""iLukodu_TFS-20RH""}",False,predição diverge da regra silver
Fans/oneConcept/oneConcept_Hightower-2G.ir,specific_device,device_family,0.62,specific.brand_model_filename.v1,"{""brand_segment"": ""oneConcept"", ""category_segment"": ""Fans"", ""commercial_model"": ""Hightower-2G"", ""filename"": ""oneConcept_Hightower-2G""}",False,predição diverge da regra silver
Fireplaces/Ashley_Furniture/Ashley_Furniture_W100-101.ir,specific_device,unknown,0.35,specific.brand_model_filename.v1,"{""brand_segment"": ""Ashley_Furniture"", ""category_segment"": ""Fireplaces"", ""commercial_model"": ""W100-101"", ""filename"": ""Ashley_Furniture_W100-101""}",False,predição diverge da regra silver
Fireplaces/GoldenVantage/GoldenVantage_AF510_Fireplace.ir,specific_device,unknown,0.35,specific.brand_model_filename.v1,"{""brand_segment"": ""GoldenVantage"", ""category_segment"": ""Fireplaces"", ""commercial_model"": ""AF510_Fireplace"", ""filename"": ""GoldenVantage_AF510_Fireplace""}",False,predição diverge da regra silver
Fireplaces/Homday/Homday.ir,device_family,unknown,0.35,family.brand_without_model.v1,"{""brand_segment"": ""Homday"", ""category_segment"": ""Fireplaces"", ""filename"": ""Homday"", ""model_absent"": true}",False,predição diverge da regra silver
Fireplaces/LongHua/LongHua_WCF28.ir,specific_device,unknown,0.35,specific.brand_model_filename.v1,"{""brand_segment"": ""LongHua"", ""category_segment"": ""Fireplaces"", ""commercial_model"": ""WCF28"", ""filename"": ""LongHua_WCF28""}",False,predição diverge da regra silver
Fireplaces/Pleasant_Hearth/Pleasant_Hearth.ir,device_family,unknown,0.35,family.brand_without_model.v1,"{""brand_segment"": ""Pleasant_Hearth"", ""category_segment"": ""Fireplaces"", ""filename"": ""Pleasant_Hearth"", ""model_absent"": true}",False,predição diverge da regra silver
Fireplaces/RoyalFlame/RoyalFlame_Vision_42_LED.ir,specific_device,device_family,0.67,specific.brand_model_filename.v1,"{""brand_segment"": ""RoyalFlame"", ""category_segment"": ""Fireplaces"", ""commercial_model"": ""Vision_42_LED"", ""filename"": ""RoyalFlame_Vision_42_LED""}",False,predição diverge da regra silver
Fireplaces/Style_Selections/Style_Selections_Electric_Fireplace-KDI-01.ir,specific_device,unknown,0.35,specific.brand_model_filename.v1,"{""brand_segment"": ""Style_Selections"", ""category_segment"": ""Fireplaces"", ""commercial_model"": ""Electric_Fireplace-KDI-01"", ""filename"": ""Style_Selections_Electric_Fireplace-KDI-01""}",False,predição diverge da regra silver
Head_Units/Dual/DUAL_SWR9.ir,specific_device,unknown,0.35,specific.brand_model_filename.v1,"{""brand_segment"": ""Dual"", ""category_segment"": ""Head_Units"", ""commercial_model"": ""SWR9"", ""filename"": ""DUAL_SWR9""}",False,predição diverge da regra silver
Head_Units/Pioneer/Pioneer_QXE1044.ir,specific_device,unknown,0.35,specific.brand_model_filename.v1,"{""brand_segment"": ""Pioneer"", ""category_segment"": ""Head_Units"", ""commercial_model"": ""QXE1044"", ""filename"": ""Pioneer_QXE1044""}",False,predição diverge da regra silver
Head_Units/PowerAcoustik/PowerAcoustik_CP71W.ir,specific_device,unknown,0.35,specific.brand_model_filename.v1,"{""brand_segment"": ""PowerAcoustik"", ""category_segment"": ""Head_Units"", ""commercial_model"": ""CP71W"", ""filename"": ""PowerAcoustik_CP71W""}",False,predição diverge da regra silver
Heaters/Arlec/Arlec_CH226.ir,specific_device,device_family,0.67,specific.brand_model_filename.v1,"{""brand_segment"": ""Arlec"", ""category_segment"": ""Heaters"", ""commercial_model"": ""CH226"", ""filename"": ""Arlec_CH226""}",False,predição diverge da regra silver
Heaters/Blyss/BLYSS_ZE-82.ir,specific_device,device_family,0.67,specific.brand_model_filename.v1,"{""brand_segment"": ""Blyss"", ""category_segment"": ""Heaters"", ""commercial_model"": ""ZE-82"", ""filename"": ""BLYSS_ZE-82""}",False,predição diverge da regra silver
Heaters/EdenPURE/Edenpure_RPE1500_A5093.ir,specific_device,device_family,0.62,specific.brand_model_filename.v1,"{""brand_segment"": ""EdenPURE"", ""category_segment"": ""Heaters"", ""commercial_model"": ""RPE1500_A5093"", ""filename"": ""Edenpure_RPE1500_A5093""}",False,predição diverge da regra silver
Heaters/Honeywell/Honeywell_360_Heater.ir,specific_device,device_family,0.62,specific.brand_model_filename.v1,"{""brand_segment"": ""Honeywell"", ""category_segment"": ""Heaters"", ""commercial_model"": ""360_Heater"", ""filename"": ""Honeywell_360_Heater""}",False,predição diverge da regra silver
Heaters/Honeywell/Honeywell_HCE323V.ir,specific_device,device_family,0.62,specific.brand_model_filename.v1,"{""brand_segment"": ""Honeywell"", ""category_segment"": ""Heaters"", ""commercial_model"": ""HCE323V"", ""filename"": ""Honeywell_HCE323V""}",False,predição diverge da regra silver
Heaters/Konwin/Konwin_GD921BCP_4JR_Heater.ir,specific_device,device_family,0.67,specific.brand_model_filename.v1,"{""brand_segment"": ""Konwin"", ""category_segment"": ""Heaters"", ""commercial_model"": ""GD921BCP_4JR_Heater"", ""filename"": ""Konwin_GD921BCP_4JR_Heater""}",False,predição diverge da regra silver
Heaters/Lasko/Lasko_6462_Space_Heater.ir,specific_device,device_family,0.62,specific.brand_model_filename.v1,"{""brand_segment"": ""Lasko"", ""category_segment"": ""Heaters"", ""commercial_model"": ""6462_Space_Heater"", ""filename"": ""Lasko_6462_Space_Heater""}",False,predição diverge da regra silver
Heaters/Lasko/Lasko_CT22445.ir,specific_device,device_family,0.62,specific.brand_model_filename.v1,"{""brand_segment"": ""Lasko"", ""category_segment"": ""Heaters"", ""commercial_model"": ""CT22445"", ""filename"": ""Lasko_CT22445""}",False,predição diverge da regra silver
Heaters/Lasko/Lasko_CT22835.ir,specific_device,device_family,0.62,specific.brand_model_filename.v1,"{""brand_segment"": ""Lasko"", ""category_segment"": ""Heaters"", ""commercial_model"": ""CT22835"", ""filename"": ""Lasko_CT22835""}",False,predição diverge da regra silver
Heaters/Lervia/Lervia_hnc_2500e.ir,specific_device,device_family,0.62,specific.brand_model_filename.v1,"{""brand_segment"": ""Lervia"", ""category_segment"": ""Heaters"", ""commercial_model"": ""hnc_2500e"", ""filename"": ""Lervia_hnc_2500e""}",False,predição diverge da regra silver
Heaters/Muskoka/Muskoka_MHC35BL.ir,specific_device,device_family,0.62,specific.brand_model_filename.v1,"{""brand_segment"": ""Muskoka"", ""category_segment"": ""Heaters"", ""commercial_model"": ""MHC35BL"", ""filename"": ""Muskoka_MHC35BL""}",False,predição diverge da regra silver
Heaters/Orbegozo/Orbegozo_RRE_1310_A.ir,specific_device,device_family,0.67,specific.brand_model_filename.v1,"{""brand_segment"": ""Orbegozo"", ""category_segment"": ""Heaters"", ""commercial_model"": ""RRE_1310_A"", ""filename"": ""Orbegozo_RRE_1310_A""}",False,predição diverge da regra silver
Heaters/Rolsen/Rolsen_RTH-2778RT.ir,specific_device,device_family,0.67,specific.brand_model_filename.v1,"{""brand_segment"": ""Rolsen"", ""category_segment"": ""Heaters"", ""commercial_model"": ""RTH-2778RT"", ""filename"": ""Rolsen_RTH-2778RT""}",False,predição diverge da regra silver
Heaters/Sencor/Sencor_SFH_9013.ir,specific_device,device_family,0.67,specific.brand_model_filename.v1,"{""brand_segment"": ""Sencor"", ""category_segment"": ""Heaters"", ""commercial_model"": ""SFH_9013"", ""filename"": ""Sencor_SFH_9013""}",False,predição diverge da regra silver
Heaters/SilverCrest/SilverCrest_SKD_2300_D4.ir,specific_device,device_family,0.62,specific.brand_model_filename.v1,"{""brand_segment"": ""SilverCrest"", ""category_segment"": ""Heaters"", ""commercial_model"": ""SKD_2300_D4"", ""filename"": ""SilverCrest_SKD_2300_D4""}",False,predição diverge da regra silver
Humidifiers/Deerma/Deerma DEM-LD6.ir,specific_device,device_family,0.62,specific.brand_model_filename.v1,"{""brand_segment"": ""Deerma"", ""category_segment"": ""Humidifiers"", ""commercial_model"": ""DEM-LD6"", ""filename"": ""Deerma DEM-LD6""}",False,predição diverge da regra silver
Humidifiers/Dyson/Dyson_Humidifier_AM10.ir,specific_device,device_family,0.62,specific.brand_model_filename.v1,"{""brand_segment"": ""Dyson"", ""category_segment"": ""Humidifiers"", ""commercial_model"": ""Humidifier_AM10"", ""filename"": ""Dyson_Humidifier_AM10""}",False,predição diverge da regra silver
Humidifiers/ElecHome/ElecHome_SH8820_Humid.ir,specific_device,device_family,0.67,specific.brand_model_filename.v1,"{""brand_segment"": ""ElecHome"", ""category_segment"": ""Humidifiers"", ""commercial_model"": ""SH8820_Humid"", ""filename"": ""ElecHome_SH8820_Humid""}",False,predição diverge da regra silver
Humidifiers/Homedics/Homedics_ARM-720A_Ellia_Essential_Diffuser.ir,specific_device,device_family,0.67,specific.brand_model_filename.v1,"{""brand_segment"": ""Homedics"", ""category_segment"": ""Humidifiers"", ""commercial_model"": ""ARM-720A_Ellia_Essential_Diffuser"", ""filename"": ""Homedics_ARM-720A_Ellia_Essential_Diffuser""}",False,predição diverge da regra silver
Humidifiers/Levoit/Levoit_LV6S.ir,specific_device,device_family,0.67,specific.brand_model_filename.v1,"{""brand_segment"": ""Levoit"", ""category_segment"": ""Humidifiers"", ""commercial_model"": ""LV6S"", ""filename"": ""Levoit_LV6S""}",False,predição diverge da regra silver
Humidifiers/Maxcan/Maxcan_mh_602brc.ir,specific_device,device_family,0.67,specific.brand_model_filename.v1,"{""brand_segment"": ""Maxcan"", ""category_segment"": ""Humidifiers"", ""commercial_model"": ""mh_602brc"", ""filename"": ""Maxcan_mh_602brc""}",False,predição diverge da regra silver
LED_Lighting/Aoguerbe/Aoguerbe_BRSW04.ir,specific_device,device_family,0.67,specific.brand_model_filename.v1,"{""brand_segment"": ""Aoguerbe"", ""category_segment"": ""LED_Lighting"", ""commercial_model"": ""BRSW04"", ""filename"": ""Aoguerbe_BRSW04""}",False,predição diverge da regra silver
LED_Lighting/Arlec/Arlec_LVX964.ir,specific_device,device_family,0.67,specific.brand_model_filename.v1,"{""brand_segment"": ""Arlec"", ""category_segment"": ""LED_Lighting"", ""commercial_model"": ""LVX964"", ""filename"": ""Arlec_LVX964""}",False,predição diverge da regra silver
LED_Lighting/Bower/Bower_ring_1.ir,specific_device,device_family,0.67,specific.brand_model_filename.v1,"{""brand_segment"": ""Bower"", ""category_segment"": ""LED_Lighting"", ""commercial_model"": ""ring_1"", ""filename"": ""Bower_ring_1""}",False,predição diverge da regra silver
LED_Lighting/Briloner/BRILONER_BN254818.ir,specific_device,device_family,0.67,specific.brand_model_filename.v1,"{""brand_segment"": ""Briloner"", ""category_segment"": ""LED_Lighting"", ""commercial_model"": ""BN254818"", ""filename"": ""BRILONER_BN254818""}",False,predição diverge da regra silver
LED_Lighting/Briloner/Briloner_Leuchten_14133506L.ir,specific_device,device_family,0.67,specific.brand_model_filename.v1,"{""brand_segment"": ""Briloner"", ""category_segment"": ""LED_Lighting"", ""commercial_model"": ""Leuchten_14133506L"", ""filename"": ""Briloner_Leuchten_14133506L""}",False,predição diverge da regra silver
LED_Lighting/Century/Century_SRSOL509040.ir,specific_device,device_family,0.67,specific.brand_model_filename.v1,"{""brand_segment"": ""Century"", ""category_segment"": ""LED_Lighting"", ""commercial_model"": ""SRSOL509040"", ""filename"": ""Century_SRSOL509040""}",False,predição diverge da regra silver
LED_Lighting/Defiant/Defiant_17FL0102.ir,specific_device,device_family,0.67,specific.brand_model_filename.v1,"{""brand_segment"": ""Defiant"", ""category_segment"": ""LED_Lighting"", ""commercial_model"": ""17FL0102"", ""filename"": ""Defiant_17FL0102""}",False,predição diverge da regra silver
LED_Lighting/Deluxe_Homeart/Deluxe_Homeart_FB-00001.ir,specific_device,device_family,0.67,specific.brand_model_filename.v1,"{""brand_segment"": ""Deluxe_Homeart"", ""category_segment"": ""LED_Lighting"", ""commercial_model"": ""FB-00001"", ""filename"": ""Deluxe_Homeart_FB-00001""}",False,predição diverge da regra silver
LED_Lighting/Duni/DUNI_MP12ECOLOR.ir,specific_device,device_family,0.67,specific.brand_model_filename.v1,"{""brand_segment"": ""Duni"", ""category_segment"": ""LED_Lighting"", ""commercial_model"": ""MP12ECOLOR"", ""filename"": ""DUNI_MP12ECOLOR""}",False,predição diverge da regra silver
LED_Lighting/EAMBRITE/EAMBRITE_100LT_Fairy_Lights.ir,specific_device,device_family,0.67,specific.brand_model_filename.v1,"{""brand_segment"": ""EAMBRITE"", ""category_segment"": ""LED_Lighting"", ""commercial_model"": ""100LT_Fairy_Lights"", ""filename"": ""EAMBRITE_100LT_Fairy_Lights""}",False,predição diverge da regra silver
LED_Lighting/EVE/EVE_LED_SOLAR_PI1901.ir,specific_device,device_family,0.67,specific.brand_model_filename.v1,"{""brand_segment"": ""EVE"", ""category_segment"": ""LED_Lighting"", ""commercial_model"": ""LED_SOLAR_PI1901"", ""filename"": ""EVE_LED_SOLAR_PI1901""}",False,predição diverge da regra silver
LED_Lighting/Emerson/Emerson_NH303UD.ir,specific_device,device_family,0.67,specific.brand_model_filename.v1,"{""brand_segment"": ""Emerson"", ""category_segment"": ""LED_Lighting"", ""commercial_model"": ""NH303UD"", ""filename"": ""Emerson_NH303UD""}",False,predição diverge da regra silver
LED_Lighting/Feron/Feron_AL5000_Starlight.ir,specific_device,device_family,0.67,specific.brand_model_filename.v1,"{""brand_segment"": ""Feron"", ""category_segment"": ""LED_Lighting"", ""commercial_model"": ""AL5000_Starlight"", ""filename"": ""Feron_AL5000_Starlight""}",False,predição diverge da regra silver
LED_Lighting/Hxweiye/HXWEIYE_300LED_Fairy_Curtain_Lights.ir,specific_device,device_family,0.67,specific.brand_model_filename.v1,"{""brand_segment"": ""Hxweiye"", ""category_segment"": ""LED_Lighting"", ""commercial_model"": ""300LED_Fairy_Curtain_Lights"", ""filename"": ""HXWEIYE_300LED_Fairy_Curtain_Lights""}",False,predição diverge da regra silver
LED_Lighting/KODA/KODA_LM030008-1.ir,specific_device,device_family,0.67,specific.brand_model_filename.v1,"{""brand_segment"": ""KODA"", ""category_segment"": ""LED_Lighting"", ""commercial_model"": ""LM030008-1"", ""filename"": ""KODA_LM030008-1""}",False,predição diverge da regra silver
LED_Lighting/Lucoza/LUCOZA_Candle1.ir,specific_device,device_family,0.62,specific.brand_model_filename.v1,"{""brand_segment"": ""Lucoza"", ""category_segment"": ""LED_Lighting"", ""commercial_model"": ""Candle1"", ""filename"": ""LUCOZA_Candle1""}",False,predição diverge da regra silver
LED_Lighting/Lucoza/LUCOZA_Candle2.ir,specific_device,device_family,0.67,specific.brand_model_filename.v1,"{""brand_segment"": ""Lucoza"", ""category_segment"": ""LED_Lighting"", ""commercial_model"": ""Candle2"", ""filename"": ""LUCOZA_Candle2""}",False,predição diverge da regra silver
LED_Lighting/Msmkeji/MSMKEJI_Grow_Light_100w.ir,specific_device,device_family,0.67,specific.brand_model_filename.v1,"{""brand_segment"": ""Msmkeji"", ""category_segment"": ""LED_Lighting"", ""commercial_model"": ""Grow_Light_100w"", ""filename"": ""MSMKEJI_Grow_Light_100w""}",False,predição diverge da regra silver
LED_Lighting/OLLNY/OLLNY_HG29V212C.ir,specific_device,device_family,0.67,specific.brand_model_filename.v1,"{""brand_segment"": ""OLLNY"", ""category_segment"": ""LED_Lighting"", ""commercial_model"": ""HG29V212C"", ""filename"": ""OLLNY_HG29V212C""}",False,predição diverge da regra silver
LED_Lighting/Panasonic/Panasonic_HK9494_LED.ir,specific_device,device_family,0.62,specific.brand_model_filename.v1,"{""brand_segment"": ""Panasonic"", ""category_segment"": ""LED_Lighting"", ""commercial_model"": ""HK9494_LED"", ""filename"": ""Panasonic_HK9494_LED""}",False,predição diverge da regra silver
LED_Lighting/Panasonic/Panasonic_PBUM11070_RGB_Bulb_7w.ir,specific_device,device_family,0.67,specific.brand_model_filename.v1,"{""brand_segment"": ""Panasonic"", ""category_segment"": ""LED_Lighting"", ""commercial_model"": ""PBUM11070_RGB_Bulb_7w"", ""filename"": ""Panasonic_PBUM11070_RGB_Bulb_7w""}",False,predição diverge da regra silver
LED_Lighting/Sylvania/Sylvania_24_Button_LED.ir,specific_device,device_family,0.67,specific.brand_model_filename.v1,"{""brand_segment"": ""Sylvania"", ""category_segment"": ""LED_Lighting"", ""commercial_model"": ""24_Button_LED"", ""filename"": ""Sylvania_24_Button_LED""}",False,predição diverge da regra silver
LED_Lighting/T-SUN/T-SUN_TiL_LED_24W.ir,specific_device,device_family,0.67,specific.brand_model_filename.v1,"{""brand_segment"": ""T-SUN"", ""category_segment"": ""LED_Lighting"", ""commercial_model"": ""TiL_LED_24W"", ""filename"": ""T-SUN_TiL_LED_24W""}",False,predição diverge da regra silver
LED_Lighting/V-TAC/V-TAC_VT5050_LED_Strip.ir,specific_device,device_family,0.67,specific.brand_model_filename.v1,"{""brand_segment"": ""V-TAC"", ""category_segment"": ""LED_Lighting"", ""commercial_model"": ""VT5050_LED_Strip"", ""filename"": ""V-TAC_VT5050_LED_Strip""}",False,predição diverge da regra silver
Laserdisc/Pioneer/Pioneer_CU-DV027.ir,specific_device,unknown,0.35,specific.brand_model_filename.v1,"{""brand_segment"": ""Pioneer"", ""category_segment"": ""Laserdisc"", ""commercial_model"": ""CU-DV027"", ""filename"": ""Pioneer_CU-DV027""}",False,predição diverge da regra silver
Laserdisc/Pioneer/Pioneer_Elite_CLD_99.ir,specific_device,unknown,0.35,specific.brand_model_filename.v1,"{""brand_segment"": ""Pioneer"", ""category_segment"": ""Laserdisc"", ""commercial_model"": ""Elite_CLD_99"", ""filename"": ""Pioneer_Elite_CLD_99""}",False,predição diverge da regra silver
Monitors/Aorus/Aorus_FV43U.ir,specific_device,unknown,0.35,specific.brand_model_filename.v1,"{""brand_segment"": ""Aorus"", ""category_segment"": ""Monitors"", ""commercial_model"": ""FV43U"", ""filename"": ""Aorus_FV43U""}",False,predição diverge da regra silver
Monitors/BenQ/BenQ_EX2780Q.ir,specific_device,unknown,0.35,specific.brand_model_filename.v1,"{""brand_segment"": ""BenQ"", ""category_segment"": ""Monitors"", ""commercial_model"": ""EX2780Q"", ""filename"": ""BenQ_EX2780Q""}",False,predição diverge da regra silver
Monitors/Clinton_Electronics/Clinton_Electronics_M-10A.ir,specific_device,unknown,0.35,specific.brand_model_filename.v1,"{""brand_segment"": ""Clinton_Electronics"", ""category_segment"": ""Monitors"", ""commercial_model"": ""M-10A"", ""filename"": ""Clinton_Electronics_M-10A""}",False,predição diverge da regra silver
Monitors/LG/LG_43UD79-B.ir,specific_device,unknown,0.35,specific.brand_model_filename.v1,"{""brand_segment"": ""LG"", ""category_segment"": ""Monitors"", ""commercial_model"": ""43UD79-B"", ""filename"": ""LG_43UD79-B""}",False,predição diverge da regra silver
Monitors/Loncevon/LONCEVON-12_inch_Small_Monitor.ir,specific_device,unknown,0.35,specific.brand_model_filename.v1,"{""brand_segment"": ""Loncevon"", ""category_segment"": ""Monitors"", ""commercial_model"": ""12_inch_Small_Monitor"", ""filename"": ""LONCEVON-12_inch_Small_Monitor""}",False,predição diverge da regra silver
Monitors/Philips/Philips_Evnia_49M2C8900L.ir,specific_device,unknown,0.35,specific.brand_model_filename.v1,"{""brand_segment"": ""Philips"", ""category_segment"": ""Monitors"", ""commercial_model"": ""Evnia_49M2C8900L"", ""filename"": ""Philips_Evnia_49M2C8900L""}",False,predição diverge da regra silver
Multimedia/DuneHD/DuneHD.ir,device_family,unknown,0.35,family.brand_without_model.v1,"{""brand_segment"": ""DuneHD"", ""category_segment"": ""Multimedia"", ""filename"": ""DuneHD"", ""model_absent"": true}",False,predição diverge da regra silver
Multimedia/Leicke/LEICKE-KANAAN-KN40573.ir,specific_device,unknown,0.35,specific.brand_model_filename.v1,"{""brand_segment"": ""Leicke"", ""category_segment"": ""Multimedia"", ""commercial_model"": ""KANAAN-KN40573"", ""filename"": ""LEICKE-KANAAN-KN40573""}",False,predição diverge da regra silver
Multimedia/QNAP/QNAP RM_IR2.ir,specific_device,unknown,0.35,specific.brand_model_filename.v1,"{""brand_segment"": ""QNAP"", ""category_segment"": ""Multimedia"", ""commercial_model"": ""RM_IR2"", ""filename"": ""QNAP RM_IR2""}",False,predição diverge da regra silver
Multimedia/Rytaki/Rytaki_US_HDMI501-8K-H.ir,specific_device,unknown,0.35,specific.brand_model_filename.v1,"{""brand_segment"": ""Rytaki"", ""category_segment"": ""Multimedia"", ""commercial_model"": ""US_HDMI501-8K-H"", ""filename"": ""Rytaki_US_HDMI501-8K-H""}",False,predição diverge da regra silver
Multimedia/Ugreen/Ugreen_8k_hdmi_switch.ir,specific_device,unknown,0.35,specific.brand_model_filename.v1,"{""brand_segment"": ""Ugreen"", ""category_segment"": ""Multimedia"", ""commercial_model"": ""8k_hdmi_switch"", ""filename"": ""Ugreen_8k_hdmi_switch""}",False,predição diverge da regra silver
Picture_Frames/Micca/Micca_N10.ir,specific_device,unknown,0.35,specific.brand_model_filename.v1,"{""brand_segment"": ""Micca"", ""category_segment"": ""Picture_Frames"", ""commercial_model"": ""N10"", ""filename"": ""Micca_N10""}",False,predição diverge da regra silver
Picture_Frames/Pandigital/Pandigital_DPF70-2.ir,specific_device,unknown,0.35,specific.brand_model_filename.v1,"{""brand_segment"": ""Pandigital"", ""category_segment"": ""Picture_Frames"", ""commercial_model"": ""DPF70-2"", ""filename"": ""Pandigital_DPF70-2""}",False,predição diverge da regra silver
Projectors/Acer/Acer_H6517ST.ir,specific_device,device_family,0.67,specific.brand_model_filename.v1,"{""brand_segment"": ""Acer"", ""category_segment"": ""Projectors"", ""commercial_model"": ""H6517ST"", ""filename"": ""Acer_H6517ST""}",False,predição diverge da regra silver
Projectors/Acer/Acer_XL2530 IR29033.ir,specific_device,device_family,0.67,specific.brand_model_filename.v1,"{""brand_segment"": ""Acer"", ""category_segment"": ""Projectors"", ""commercial_model"": ""XL2530"", ""filename"": ""Acer_XL2530 IR29033""}",False,predição diverge da regra silver
Projectors/Apeman/Apeman_LC650_.ir,specific_device,device_family,0.67,specific.brand_model_filename.v1,"{""brand_segment"": ""Apeman"", ""category_segment"": ""Projectors"", ""commercial_model"": ""LC650_"", ""filename"": ""Apeman_LC650_""}",False,predição diverge da regra silver
Projectors/Artlii/Artlii_YG300.ir,specific_device,device_family,0.67,specific.brand_model_filename.v1,"{""brand_segment"": ""Artlii"", ""category_segment"": ""Projectors"", ""commercial_model"": ""YG300"", ""filename"": ""Artlii_YG300""}",False,predição diverge da regra silver
Projectors/BenQ/BenQ_MH856UST.ir,specific_device,device_family,0.67,specific.brand_model_filename.v1,"{""brand_segment"": ""BenQ"", ""category_segment"": ""Projectors"", ""commercial_model"": ""MH856UST"", ""filename"": ""BenQ_MH856UST""}",False,predição diverge da regra silver
Projectors/BenQ/BenQ_TH671ST.ir,specific_device,device_family,0.67,specific.brand_model_filename.v1,"{""brand_segment"": ""BenQ"", ""category_segment"": ""Projectors"", ""commercial_model"": ""TH671ST"", ""filename"": ""BenQ_TH671ST""}",False,predição diverge da regra silver
Projectors/BenQ/BenQ_TK800M.ir,specific_device,device_family,0.67,specific.brand_model_filename.v1,"{""brand_segment"": ""BenQ"", ""category_segment"": ""Projectors"", ""commercial_model"": ""TK800M"", ""filename"": ""BenQ_TK800M""}",False,predição diverge da regra silver
Projectors/BenQ/BenQ_TRY01.ir,specific_device,device_family,0.67,specific.brand_model_filename.v1,"{""brand_segment"": ""BenQ"", ""category_segment"": ""Projectors"", ""commercial_model"": ""TRY01"", ""filename"": ""BenQ_TRY01""}",False,predição diverge da regra silver
Projectors/BenQ/BenQ_W1050.ir,specific_device,device_family,0.67,specific.brand_model_filename.v1,"{""brand_segment"": ""BenQ"", ""category_segment"": ""Projectors"", ""commercial_model"": ""W1050"", ""filename"": ""BenQ_W1050""}",False,predição diverge da regra silver
Projectors/BenQ/BenQ_W1110.ir,specific_device,device_family,0.67,specific.brand_model_filename.v1,"{""brand_segment"": ""BenQ"", ""category_segment"": ""Projectors"", ""commercial_model"": ""W1110"", ""filename"": ""BenQ_W1110""}",False,predição diverge da regra silver
Projectors/BenQ/BenQ_W2000w.ir,specific_device,device_family,0.67,specific.brand_model_filename.v1,"{""brand_segment"": ""BenQ"", ""category_segment"": ""Projectors"", ""commercial_model"": ""W2000w"", ""filename"": ""BenQ_W2000w""}",False,predição diverge da regra silver
Projectors/BenQ/BenQ_W2700.ir,specific_device,device_family,0.67,specific.brand_model_filename.v1,"{""brand_segment"": ""BenQ"", ""category_segment"": ""Projectors"", ""commercial_model"": ""W2700"", ""filename"": ""BenQ_W2700""}",False,predição diverge da regra silver
Projectors/Byintek/Byintek_P10.ir,specific_device,device_family,0.67,specific.brand_model_filename.v1,"{""brand_segment"": ""Byintek"", ""category_segment"": ""Projectors"", ""commercial_model"": ""P10"", ""filename"": ""Byintek_P10""}",False,predição diverge da regra silver
Projectors/Canon/CANON_LV-X320.ir,specific_device,device_family,0.67,specific.brand_model_filename.v1,"{""brand_segment"": ""Canon"", ""category_segment"": ""Projectors"", ""commercial_model"": ""LV-X320"", ""filename"": ""CANON_LV-X320""}",False,predição diverge da regra silver
Projectors/Casio/Casio_YT-130.ir,specific_device,device_family,0.67,specific.brand_model_filename.v1,"{""brand_segment"": ""Casio"", ""category_segment"": ""Projectors"", ""commercial_model"": ""YT-130"", ""filename"": ""Casio_YT-130""}",False,predição diverge da regra silver
Projectors/Casio/Casio_YT-150.ir,specific_device,device_family,0.67,specific.brand_model_filename.v1,"{""brand_segment"": ""Casio"", ""category_segment"": ""Projectors"", ""commercial_model"": ""YT-150"", ""filename"": ""Casio_YT-150""}",False,predição diverge da regra silver
Projectors/Coolux/Coolux_X3S.ir,specific_device,device_family,0.67,specific.brand_model_filename.v1,"{""brand_segment"": ""Coolux"", ""category_segment"": ""Projectors"", ""commercial_model"": ""X3S"", ""filename"": ""Coolux_X3S""}",False,predição diverge da regra silver
Projectors/Dell/Dell_tsfm_ir01.ir,specific_device,device_family,0.67,specific.brand_model_filename.v1,"{""brand_segment"": ""Dell"", ""category_segment"": ""Projectors"", ""commercial_model"": ""tsfm_ir01"", ""filename"": ""Dell_tsfm_ir01""}",False,predição diverge da regra silver
Projectors/EliteScreens/EliteScreens_100H.ir,specific_device,device_family,0.62,specific.brand_model_filename.v1,"{""brand_segment"": ""EliteScreens"", ""category_segment"": ""Projectors"", ""commercial_model"": ""100H"", ""filename"": ""EliteScreens_100H""}",False,predição diverge da regra silver
Projectors/Epson/Epson-EB-X12.ir,specific_device,device_family,0.62,specific.brand_model_filename.v1,"{""brand_segment"": ""Epson"", ""category_segment"": ""Projectors"", ""commercial_model"": ""EB-X12"", ""filename"": ""Epson-EB-X12""}",False,predição diverge da regra silver
Projectors/Epson/Epson_EB-450.ir,specific_device,device_family,0.67,specific.brand_model_filename.v1,"{""brand_segment"": ""Epson"", ""category_segment"": ""Projectors"", ""commercial_model"": ""EB-450"", ""filename"": ""Epson_EB-450""}",False,predição diverge da regra silver
Projectors/Epson/Epson_EB-575wi.ir,specific_device,device_family,0.67,specific.brand_model_filename.v1,"{""brand_segment"": ""Epson"", ""category_segment"": ""Projectors"", ""commercial_model"": ""EB-575wi"", ""filename"": ""Epson_EB-575wi""}",False,predição diverge da regra silver
Projectors/Epson/Epson_EB-595WI.ir,specific_device,device_family,0.67,specific.brand_model_filename.v1,"{""brand_segment"": ""Epson"", ""category_segment"": ""Projectors"", ""commercial_model"": ""EB-595WI"", ""filename"": ""Epson_EB-595WI""}",False,predição diverge da regra silver
Projectors/Epson/Epson_EB-685Wi.ir,specific_device,device_family,0.67,specific.brand_model_filename.v1,"{""brand_segment"": ""Epson"", ""category_segment"": ""Projectors"", ""commercial_model"": ""EB-685Wi"", ""filename"": ""Epson_EB-685Wi""}",False,predição diverge da regra silver
Projectors/Epson/Epson_EB-695Wi.ir,specific_device,device_family,0.67,specific.brand_model_filename.v1,"{""brand_segment"": ""Epson"", ""category_segment"": ""Projectors"", ""commercial_model"": ""EB-695Wi"", ""filename"": ""Epson_EB-695Wi""}",False,predição diverge da regra silver
Projectors/Epson/Epson_EB-725Wi.ir,specific_device,device_family,0.67,specific.brand_model_filename.v1,"{""brand_segment"": ""Epson"", ""category_segment"": ""Projectors"", ""commercial_model"": ""EB-725Wi"", ""filename"": ""Epson_EB-725Wi""}",False,predição diverge da regra silver
Projectors/Epson/Epson_EB-735f.ir,specific_device,device_family,0.67,specific.brand_model_filename.v1,"{""brand_segment"": ""Epson"", ""category_segment"": ""Projectors"", ""commercial_model"": ""EB-735f"", ""filename"": ""Epson_EB-735f""}",False,predição diverge da regra silver
Projectors/Epson/Epson_EB-760wi.ir,specific_device,device_family,0.62,specific.brand_model_filename.v1,"{""brand_segment"": ""Epson"", ""category_segment"": ""Projectors"", ""commercial_model"": ""EB-760wi"", ""filename"": ""Epson_EB-760wi""}",False,predição diverge da regra silver
Projectors/Epson/Epson_EB-E20.ir,specific_device,device_family,0.62,specific.brand_model_filename.v1,"{""brand_segment"": ""Epson"", ""category_segment"": ""Projectors"", ""commercial_model"": ""EB-E20"", ""filename"": ""Epson_EB-E20""}",False,predição diverge da regra silver
Projectors/Epson/Epson_EB-L260F.ir,specific_device,device_family,0.62,specific.brand_model_filename.v1,"{""brand_segment"": ""Epson"", ""category_segment"": ""Projectors"", ""commercial_model"": ""EB-L260F"", ""filename"": ""Epson_EB-L260F""}",False,predição diverge da regra silver
Projectors/Epson/Epson_EB-L510U.ir,specific_device,device_family,0.67,specific.brand_model_filename.v1,"{""brand_segment"": ""Epson"", ""category_segment"": ""Projectors"", ""commercial_model"": ""EB-L510U"", ""filename"": ""Epson_EB-L510U""}",False,predição diverge da regra silver
Projectors/Epson/Epson_EBX39.ir,specific_device,device_family,0.67,specific.brand_model_filename.v1,"{""brand_segment"": ""Epson"", ""category_segment"": ""Projectors"", ""commercial_model"": ""EBX39"", ""filename"": ""Epson_EBX39""}",False,predição diverge da regra silver
Projectors/Epson/Epson_EHTW5650.ir,specific_device,device_family,0.67,specific.brand_model_filename.v1,"{""brand_segment"": ""Epson"", ""category_segment"": ""Projectors"", ""commercial_model"": ""EHTW5650"", ""filename"": ""Epson_EHTW5650""}",False,predição diverge da regra silver
Projectors/Epson/Epson_EMP822H.ir,specific_device,device_family,0.67,specific.brand_model_filename.v1,"{""brand_segment"": ""Epson"", ""category_segment"": ""Projectors"", ""commercial_model"": ""EMP822H"", ""filename"": ""Epson_EMP822H""}",False,predição diverge da regra silver
Projectors/Epson/Epson_RC-151506800.ir,specific_device,device_family,0.67,specific.brand_model_filename.v1,"{""brand_segment"": ""Epson"", ""category_segment"": ""Projectors"", ""commercial_model"": ""RC-151506800"", ""filename"": ""Epson_RC-151506800""}",False,predição diverge da regra silver
Projectors/Gateway/Gateway_210_projextor.ir,specific_device,device_family,0.67,specific.brand_model_filename.v1,"{""brand_segment"": ""Gateway"", ""category_segment"": ""Projectors"", ""commercial_model"": ""210_projextor"", ""filename"": ""Gateway_210_projextor""}",False,predição diverge da regra silver
Projectors/Hitachi/Hitachi_CP-X2011_Projector.ir,specific_device,device_family,0.67,specific.brand_model_filename.v1,"{""brand_segment"": ""Hitachi"", ""category_segment"": ""Projectors"", ""commercial_model"": ""CP-X2011_Projector"", ""filename"": ""Hitachi_CP-X2011_Projector""}",False,predição diverge da regra silver
Projectors/JVC/JVC_LX-UH1B.ir,specific_device,device_family,0.67,specific.brand_model_filename.v1,"{""brand_segment"": ""JVC"", ""category_segment"": ""Projectors"", ""commercial_model"": ""LX-UH1B"", ""filename"": ""JVC_LX-UH1B""}",False,predição diverge da regra silver
Projectors/Jinhoo/Jinhoo_M10.ir,specific_device,device_family,0.67,specific.brand_model_filename.v1,"{""brand_segment"": ""Jinhoo"", ""category_segment"": ""Projectors"", ""commercial_model"": ""M10"", ""filename"": ""Jinhoo_M10""}",False,predição diverge da regra silver
Projectors/LG/LG_PH300-NA.ir,specific_device,device_family,0.67,specific.brand_model_filename.v1,"{""brand_segment"": ""LG"", ""category_segment"": ""Projectors"", ""commercial_model"": ""PH300-NA"", ""filename"": ""LG_PH300-NA""}",False,predição diverge da regra silver
Projectors/Maxell/Maxell_MC-EU5001.ir,specific_device,device_family,0.67,specific.brand_model_filename.v1,"{""brand_segment"": ""Maxell"", ""category_segment"": ""Projectors"", ""commercial_model"": ""MC-EU5001"", ""filename"": ""Maxell_MC-EU5001""}",False,predição diverge da regra silver
Projectors/Maxell/Maxell_MC-WU5503.ir,specific_device,device_family,0.67,specific.brand_model_filename.v1,"{""brand_segment"": ""Maxell"", ""category_segment"": ""Projectors"", ""commercial_model"": ""MC-WU5503"", ""filename"": ""Maxell_MC-WU5503""}",False,predição diverge da regra silver
Projectors/Minolta/Minolta_MN674.ir,specific_device,device_family,0.67,specific.brand_model_filename.v1,"{""brand_segment"": ""Minolta"", ""category_segment"": ""Projectors"", ""commercial_model"": ""MN674"", ""filename"": ""Minolta_MN674""}",False,predição diverge da regra silver
Projectors/NEC/NEC_RD-448E_Projector.ir,specific_device,device_family,0.62,specific.brand_model_filename.v1,"{""brand_segment"": ""NEC"", ""category_segment"": ""Projectors"", ""commercial_model"": ""RD-448E_Projector"", ""filename"": ""NEC_RD-448E_Projector""}",False,predição diverge da regra silver
Projectors/NEC/NEC_RD-477E.ir,specific_device,device_family,0.62,specific.brand_model_filename.v1,"{""brand_segment"": ""NEC"", ""category_segment"": ""Projectors"", ""commercial_model"": ""RD-477E"", ""filename"": ""NEC_RD-477E""}",False,predição diverge da regra silver
Projectors/NEC/NEC_RD-V260X.ir,specific_device,device_family,0.62,specific.brand_model_filename.v1,"{""brand_segment"": ""NEC"", ""category_segment"": ""Projectors"", ""commercial_model"": ""RD-V260X"", ""filename"": ""NEC_RD-V260X""}",False,predição diverge da regra silver
Projectors/NEC/NEC_RD469e.ir,specific_device,device_family,0.62,specific.brand_model_filename.v1,"{""brand_segment"": ""NEC"", ""category_segment"": ""Projectors"", ""commercial_model"": ""RD469e"", ""filename"": ""NEC_RD469e""}",False,predição diverge da regra silver
Projectors/Optoma/OPTOMA_HD65.ir,specific_device,device_family,0.67,specific.brand_model_filename.v1,"{""brand_segment"": ""Optoma"", ""category_segment"": ""Projectors"", ""commercial_model"": ""HD65"", ""filename"": ""OPTOMA_HD65""}",False,predição diverge da regra silver
Projectors/Optoma/Optoma_DH1011.ir,specific_device,device_family,0.67,specific.brand_model_filename.v1,"{""brand_segment"": ""Optoma"", ""category_segment"": ""Projectors"", ""commercial_model"": ""DH1011"", ""filename"": ""Optoma_DH1011""}",False,predição diverge da regra silver
Projectors/Optoma/Optoma_UHZ45.ir,specific_device,device_family,0.67,specific.brand_model_filename.v1,"{""brand_segment"": ""Optoma"", ""category_segment"": ""Projectors"", ""commercial_model"": ""UHZ45"", ""filename"": ""Optoma_UHZ45""}",False,predição diverge da regra silver
Projectors/PVO/PVO_YG300Pro.ir,specific_device,device_family,0.67,specific.brand_model_filename.v1,"{""brand_segment"": ""PVO"", ""category_segment"": ""Projectors"", ""commercial_model"": ""YG300Pro"", ""filename"": ""PVO_YG300Pro""}",False,predição diverge da regra silver
Projectors/Panasonic/Panasonic_PT-AR100U.ir,specific_device,device_family,0.62,specific.brand_model_filename.v1,"{""brand_segment"": ""Panasonic"", ""category_segment"": ""Projectors"", ""commercial_model"": ""PT-AR100U"", ""filename"": ""Panasonic_PT-AR100U""}",False,predição diverge da regra silver
Projectors/Philips/Philips_PicoPix_Max_PPX620_Projector.ir,specific_device,device_family,0.67,specific.brand_model_filename.v1,"{""brand_segment"": ""Philips"", ""category_segment"": ""Projectors"", ""commercial_model"": ""PicoPix_Max_PPX620_Projector"", ""filename"": ""Philips_PicoPix_Max_PPX620_Projector""}",False,predição diverge da regra silver
Projectors/Promethean/Promethean_PRM_35.ir,specific_device,device_family,0.67,specific.brand_model_filename.v1,"{""brand_segment"": ""Promethean"", ""category_segment"": ""Projectors"", ""commercial_model"": ""PRM_35"", ""filename"": ""Promethean_PRM_35""}",False,predição diverge da regra silver
Projectors/Promethean/Promethean_UST-P1.ir,specific_device,device_family,0.67,specific.brand_model_filename.v1,"{""brand_segment"": ""Promethean"", ""category_segment"": ""Projectors"", ""commercial_model"": ""UST-P1"", ""filename"": ""Promethean_UST-P1""}",False,predição diverge da regra silver
Projectors/Samsung/Samsung_Freestyle_Gen2.ir,specific_device,device_family,0.67,specific.brand_model_filename.v1,"{""brand_segment"": ""Samsung"", ""category_segment"": ""Projectors"", ""commercial_model"": ""Freestyle_Gen2"", ""filename"": ""Samsung_Freestyle_Gen2""}",False,predição diverge da regra silver
Projectors/Samsung/Samsung_SP-LSP3BLAXXU.ir,specific_device,device_family,0.67,specific.brand_model_filename.v1,"{""brand_segment"": ""Samsung"", ""category_segment"": ""Projectors"", ""commercial_model"": ""SP-LSP3BLAXXU"", ""filename"": ""Samsung_SP-LSP3BLAXXU""}",False,predição diverge da regra silver
Projectors/Samsung/Samsung_VG-TM2360E.ir,specific_device,device_family,0.62,specific.brand_model_filename.v1,"{""brand_segment"": ""Samsung"", ""category_segment"": ""Projectors"", ""commercial_model"": ""VG-TM2360E"", ""filename"": ""Samsung_VG-TM2360E""}",False,predição diverge da regra silver
Projectors/Sharp/Sharp_RRMCGA664WJSA_Notevision XR-32S-L.ir,specific_device,device_family,0.62,specific.brand_model_filename.v1,"{""brand_segment"": ""Sharp"", ""category_segment"": ""Projectors"", ""commercial_model"": ""RRMCGA664WJSA_Notevision"", ""filename"": ""Sharp_RRMCGA664WJSA_Notevision XR-32S-L""}",False,predição diverge da regra silver
Projectors/Sony/Sony_RM_PJ1000.ir,specific_device,device_family,0.67,specific.brand_model_filename.v1,"{""brand_segment"": ""Sony"", ""category_segment"": ""Projectors"", ""commercial_model"": ""RM_PJ1000"", ""filename"": ""Sony_RM_PJ1000""}",False,predição diverge da regra silver
Projectors/Sony/Sony_RM_PJ24.ir,specific_device,device_family,0.67,specific.brand_model_filename.v1,"{""brand_segment"": ""Sony"", ""category_segment"": ""Projectors"", ""commercial_model"": ""RM_PJ24"", ""filename"": ""Sony_RM_PJ24""}",False,predição diverge da regra silver
Projectors/TOPTRO/TOPTRO_TR25.ir,specific_device,device_family,0.67,specific.brand_model_filename.v1,"{""brand_segment"": ""TOPTRO"", ""category_segment"": ""Projectors"", ""commercial_model"": ""TR25"", ""filename"": ""TOPTRO_TR25""}",False,predição diverge da regra silver
Projectors/Thunrlge/Thunrlge_X1BQ.ir,specific_device,device_family,0.67,specific.brand_model_filename.v1,"{""brand_segment"": ""Thunrlge"", ""category_segment"": ""Projectors"", ""commercial_model"": ""X1BQ"", ""filename"": ""Thunrlge_X1BQ""}",False,predição diverge da regra silver
Projectors/Vamvo/Vamvo_YG300_Pro_Mini.ir,specific_device,device_family,0.67,specific.brand_model_filename.v1,"{""brand_segment"": ""Vamvo"", ""category_segment"": ""Projectors"", ""commercial_model"": ""YG300_Pro_Mini"", ""filename"": ""Vamvo_YG300_Pro_Mini""}",False,predição diverge da regra silver
Projectors/Vankyo/Vankyo_V630W.ir,specific_device,device_family,0.67,specific.brand_model_filename.v1,"{""brand_segment"": ""Vankyo"", ""category_segment"": ""Projectors"", ""commercial_model"": ""V630W"", ""filename"": ""Vankyo_V630W""}",False,predição diverge da regra silver
Projectors/ViewSonic/ViewSonic_M1_Mini_Plus.ir,specific_device,device_family,0.67,specific.brand_model_filename.v1,"{""brand_segment"": ""ViewSonic"", ""category_segment"": ""Projectors"", ""commercial_model"": ""M1_Mini_Plus"", ""filename"": ""ViewSonic_M1_Mini_Plus""}",False,predição diverge da regra silver
Projectors/ViewSonic/ViewSonic_Projector_PA503W-2.ir,specific_device,device_family,0.67,specific.brand_model_filename.v1,"{""brand_segment"": ""ViewSonic"", ""category_segment"": ""Projectors"", ""commercial_model"": ""Projector_PA503W-2"", ""filename"": ""ViewSonic_Projector_PA503W-2""}",False,predição diverge da regra silver
Projectors/ViewSonic/ViewSonic_X1_Projector.ir,specific_device,device_family,0.67,specific.brand_model_filename.v1,"{""brand_segment"": ""ViewSonic"", ""category_segment"": ""Projectors"", ""commercial_model"": ""X1_Projector"", ""filename"": ""ViewSonic_X1_Projector""}",False,predição diverge da regra silver
Projectors/Wanbo/Wanbo_T6_Max.ir,specific_device,device_family,0.67,specific.brand_model_filename.v1,"{""brand_segment"": ""Wanbo"", ""category_segment"": ""Projectors"", ""commercial_model"": ""T6_Max"", ""filename"": ""Wanbo_T6_Max""}",False,predição diverge da regra silver
Projectors/WeWatch/WeWatch_v10_Projector.ir,specific_device,device_family,0.67,specific.brand_model_filename.v1,"{""brand_segment"": ""WeWatch"", ""category_segment"": ""Projectors"", ""commercial_model"": ""v10_Projector"", ""filename"": ""WeWatch_v10_Projector""}",False,predição diverge da regra silver
Projectors/WiMiUS/WiMiUS_s25.ir,specific_device,device_family,0.67,specific.brand_model_filename.v1,"{""brand_segment"": ""WiMiUS"", ""category_segment"": ""Projectors"", ""commercial_model"": ""s25"", ""filename"": ""WiMiUS_s25""}",False,predição diverge da regra silver
SoundBars/Audac/Audac_IMEO2.ir,specific_device,device_family,0.67,specific.brand_model_filename.v1,"{""brand_segment"": ""Audac"", ""category_segment"": ""SoundBars"", ""commercial_model"": ""IMEO2"", ""filename"": ""Audac_IMEO2""}",False,predição diverge da regra silver
SoundBars/Bauhn/Bauhn_MD44055.ir,specific_device,device_family,0.67,specific.brand_model_filename.v1,"{""brand_segment"": ""Bauhn"", ""category_segment"": ""SoundBars"", ""commercial_model"": ""MD44055"", ""filename"": ""Bauhn_MD44055""}",False,predição diverge da regra silver
SoundBars/Bose/Bose_CINEMATE_1_SR.ir,specific_device,device_family,0.67,specific.brand_model_filename.v1,"{""brand_segment"": ""Bose"", ""category_segment"": ""SoundBars"", ""commercial_model"": ""CINEMATE_1_SR"", ""filename"": ""Bose_CINEMATE_1_SR""}",False,predição diverge da regra silver
SoundBars/Bose/Bose_Solo_2.ir,specific_device,device_family,0.62,specific.brand_model_filename.v1,"{""brand_segment"": ""Bose"", ""category_segment"": ""SoundBars"", ""commercial_model"": ""Solo_2"", ""filename"": ""Bose_Solo_2""}",False,predição diverge da regra silver
SoundBars/Bose/Bose_Solo_5.ir,specific_device,device_family,0.67,specific.brand_model_filename.v1,"{""brand_segment"": ""Bose"", ""category_segment"": ""SoundBars"", ""commercial_model"": ""Solo_5"", ""filename"": ""Bose_Solo_5""}",False,predição diverge da regra silver
SoundBars/Bose/Bose_Soundbar_300.ir,specific_device,device_family,0.67,specific.brand_model_filename.v1,"{""brand_segment"": ""Bose"", ""category_segment"": ""SoundBars"", ""commercial_model"": ""Soundbar_300"", ""filename"": ""Bose_Soundbar_300""}",False,predição diverge da regra silver
SoundBars/Bose/Bose_Soundbar_600.ir,specific_device,device_family,0.62,specific.brand_model_filename.v1,"{""brand_segment"": ""Bose"", ""category_segment"": ""SoundBars"", ""commercial_model"": ""Soundbar_600"", ""filename"": ""Bose_Soundbar_600""}",False,predição diverge da regra silver
SoundBars/Canton/Canton_Smart10.ir,specific_device,device_family,0.67,specific.brand_model_filename.v1,"{""brand_segment"": ""Canton"", ""category_segment"": ""SoundBars"", ""commercial_model"": ""Smart10"", ""filename"": ""Canton_Smart10""}",False,predição diverge da regra silver
SoundBars/Craig/Craig_CHT912.ir,specific_device,device_family,0.67,specific.brand_model_filename.v1,"{""brand_segment"": ""Craig"", ""category_segment"": ""SoundBars"", ""commercial_model"": ""CHT912"", ""filename"": ""Craig_CHT912""}",False,predição diverge da regra silver
SoundBars/Craig/Craig_CHT921.ir,specific_device,device_family,0.67,specific.brand_model_filename.v1,"{""brand_segment"": ""Craig"", ""category_segment"": ""SoundBars"", ""commercial_model"": ""CHT921"", ""filename"": ""Craig_CHT921""}",False,predição diverge da regra silver
SoundBars/Craig/Craig_CHT939.ir,specific_device,device_family,0.67,specific.brand_model_filename.v1,"{""brand_segment"": ""Craig"", ""category_segment"": ""SoundBars"", ""commercial_model"": ""CHT939"", ""filename"": ""Craig_CHT939""}",False,predição diverge da regra silver
SoundBars/Denon/Denon_DHT_S216.ir,specific_device,device_family,0.67,specific.brand_model_filename.v1,"{""brand_segment"": ""Denon"", ""category_segment"": ""SoundBars"", ""commercial_model"": ""DHT_S216"", ""filename"": ""Denon_DHT_S216""}",False,predição diverge da regra silver
SoundBars/Denon/Denon_RC-1230.ir,specific_device,device_family,0.67,specific.brand_model_filename.v1,"{""brand_segment"": ""Denon"", ""category_segment"": ""SoundBars"", ""commercial_model"": ""RC-1230"", ""filename"": ""Denon_RC-1230""}",False,predição diverge da regra silver
SoundBars/Grundig/Grundig_DSB_950.ir,specific_device,device_family,0.67,specific.brand_model_filename.v1,"{""brand_segment"": ""Grundig"", ""category_segment"": ""SoundBars"", ""commercial_model"": ""DSB_950"", ""filename"": ""Grundig_DSB_950""}",False,predição diverge da regra silver
SoundBars/Hisense/Hisense_HS215.ir,specific_device,device_family,0.67,specific.brand_model_filename.v1,"{""brand_segment"": ""Hisense"", ""category_segment"": ""SoundBars"", ""commercial_model"": ""HS215"", ""filename"": ""Hisense_HS215""}",False,predição diverge da regra silver
SoundBars/Hitachi/Hitachi_HSB40B16.ir,specific_device,device_family,0.67,specific.brand_model_filename.v1,"{""brand_segment"": ""Hitachi"", ""category_segment"": ""SoundBars"", ""commercial_model"": ""HSB40B16"", ""filename"": ""Hitachi_HSB40B16""}",False,predição diverge da regra silver
SoundBars/JBL/JBL_5_1_Soundbar.ir,specific_device,device_family,0.67,specific.brand_model_filename.v1,"{""brand_segment"": ""JBL"", ""category_segment"": ""SoundBars"", ""commercial_model"": ""5_1_Soundbar"", ""filename"": ""JBL_5_1_Soundbar""}",False,predição diverge da regra silver
SoundBars/JBL/JBL_CINEMA_SB120.ir,specific_device,device_family,0.67,specific.brand_model_filename.v1,"{""brand_segment"": ""JBL"", ""category_segment"": ""SoundBars"", ""commercial_model"": ""CINEMA_SB120"", ""filename"": ""JBL_CINEMA_SB120""}",False,predição diverge da regra silver
SoundBars/JBL/JBL_CINEMA_SB150.ir,specific_device,device_family,0.67,specific.brand_model_filename.v1,"{""brand_segment"": ""JBL"", ""category_segment"": ""SoundBars"", ""commercial_model"": ""CINEMA_SB150"", ""filename"": ""JBL_CINEMA_SB150""}",False,predição diverge da regra silver
SoundBars/JVC/JVC_THBY370A.ir,specific_device,device_family,0.67,specific.brand_model_filename.v1,"{""brand_segment"": ""JVC"", ""category_segment"": ""SoundBars"", ""commercial_model"": ""THBY370A"", ""filename"": ""JVC_THBY370A""}",False,predição diverge da regra silver
SoundBars/Kogan/Kogan_KASBD150HA.ir,specific_device,device_family,0.67,specific.brand_model_filename.v1,"{""brand_segment"": ""Kogan"", ""category_segment"": ""SoundBars"", ""commercial_model"": ""KASBD150HA"", ""filename"": ""Kogan_KASBD150HA""}",False,predição diverge da regra silver
SoundBars/LG/LG_AKB74815321.ir,specific_device,device_family,0.67,specific.brand_model_filename.v1,"{""brand_segment"": ""LG"", ""category_segment"": ""SoundBars"", ""commercial_model"": ""AKB74815321"", ""filename"": ""LG_AKB74815321""}",False,predição diverge da regra silver
SoundBars/LG/LG_LAP340.ir,specific_device,device_family,0.67,specific.brand_model_filename.v1,"{""brand_segment"": ""LG"", ""category_segment"": ""SoundBars"", ""commercial_model"": ""LAP340"", ""filename"": ""LG_LAP340""}",False,predição diverge da regra silver
SoundBars/LG/LG_NB5541.ir,specific_device,device_family,0.67,specific.brand_model_filename.v1,"{""brand_segment"": ""LG"", ""category_segment"": ""SoundBars"", ""commercial_model"": ""NB5541"", ""filename"": ""LG_NB5541""}",False,predição diverge da regra silver
SoundBars/LG/LG_SK10Y.ir,specific_device,device_family,0.67,specific.brand_model_filename.v1,"{""brand_segment"": ""LG"", ""category_segment"": ""SoundBars"", ""commercial_model"": ""SK10Y"", ""filename"": ""LG_SK10Y""}",False,predição diverge da regra silver
SoundBars/LG/LG_SL10YG.ir,specific_device,device_family,0.67,specific.brand_model_filename.v1,"{""brand_segment"": ""LG"", ""category_segment"": ""SoundBars"", ""commercial_model"": ""SL10YG"", ""filename"": ""LG_SL10YG""}",False,predição diverge da regra silver
SoundBars/LG/LG_SLM3D.ir,specific_device,device_family,0.67,specific.brand_model_filename.v1,"{""brand_segment"": ""LG"", ""category_segment"": ""SoundBars"", ""commercial_model"": ""SLM3D"", ""filename"": ""LG_SLM3D""}",False,predição diverge da regra silver
SoundBars/Larksound/Larksound_L200.ir,specific_device,device_family,0.67,specific.brand_model_filename.v1,"{""brand_segment"": ""Larksound"", ""category_segment"": ""SoundBars"", ""commercial_model"": ""L200"", ""filename"": ""Larksound_L200""}",False,predição diverge da regra silver
SoundBars/Majority/Majority_K2_SoundBar.ir,specific_device,device_family,0.67,specific.brand_model_filename.v1,"{""brand_segment"": ""Majority"", ""category_segment"": ""SoundBars"", ""commercial_model"": ""K2_SoundBar"", ""filename"": ""Majority_K2_SoundBar""}",False,predição diverge da regra silver
SoundBars/Panasonic/Panasonic_SCH-TB8.ir,specific_device,device_family,0.67,specific.brand_model_filename.v1,"{""brand_segment"": ""Panasonic"", ""category_segment"": ""SoundBars"", ""commercial_model"": ""SCH-TB8"", ""filename"": ""Panasonic_SCH-TB8""}",False,predição diverge da regra silver
SoundBars/Pheanoo/Pheanoo_P27.ir,specific_device,device_family,0.67,specific.brand_model_filename.v1,"{""brand_segment"": ""Pheanoo"", ""category_segment"": ""SoundBars"", ""commercial_model"": ""P27"", ""filename"": ""Pheanoo_P27""}",False,predição diverge da regra silver
SoundBars/Philips/Philips_HTL2161B_Soundbar.ir,specific_device,device_family,0.67,specific.brand_model_filename.v1,"{""brand_segment"": ""Philips"", ""category_segment"": ""SoundBars"", ""commercial_model"": ""HTL2161B_Soundbar"", ""filename"": ""Philips_HTL2161B_Soundbar""}",False,predição diverge da regra silver
SoundBars/Philips/Philips_HTL2163_Soundbar.ir,specific_device,device_family,0.67,specific.brand_model_filename.v1,"{""brand_segment"": ""Philips"", ""category_segment"": ""SoundBars"", ""commercial_model"": ""HTL2163_Soundbar"", ""filename"": ""Philips_HTL2163_Soundbar""}",False,predição diverge da regra silver
SoundBars/Philips/Philips_TAB5105_79.ir,specific_device,device_family,0.67,specific.brand_model_filename.v1,"{""brand_segment"": ""Philips"", ""category_segment"": ""SoundBars"", ""commercial_model"": ""TAB5105_79"", ""filename"": ""Philips_TAB5105_79""}",False,predição diverge da regra silver
SoundBars/Promethean/Promethean_ActivSoundBar_ASB-40.ir,specific_device,device_family,0.67,specific.brand_model_filename.v1,"{""brand_segment"": ""Promethean"", ""category_segment"": ""SoundBars"", ""commercial_model"": ""ActivSoundBar_ASB-40"", ""filename"": ""Promethean_ActivSoundBar_ASB-40""}",False,predição diverge da regra silver
SoundBars/Quantis/Quantis_LSW-1.ir,specific_device,device_family,0.67,specific.brand_model_filename.v1,"{""brand_segment"": ""Quantis"", ""category_segment"": ""SoundBars"", ""commercial_model"": ""LSW-1"", ""filename"": ""Quantis_LSW-1""}",False,predição diverge da regra silver
SoundBars/RCA/RCA_RTS7110B2.ir,specific_device,device_family,0.67,specific.brand_model_filename.v1,"{""brand_segment"": ""RCA"", ""category_segment"": ""SoundBars"", ""commercial_model"": ""RTS7110B2"", ""filename"": ""RCA_RTS7110B2""}",False,predição diverge da regra silver
SoundBars/Samsung/Samsung_AH59-02547B_Soundbar.ir,specific_device,device_family,0.67,specific.brand_model_filename.v1,"{""brand_segment"": ""Samsung"", ""category_segment"": ""SoundBars"", ""commercial_model"": ""AH59-02547B_Soundbar"", ""filename"": ""Samsung_AH59-02547B_Soundbar""}",False,predição diverge da regra silver
SoundBars/Samsung/Samsung_AH59-02692P_Soundbar.ir,specific_device,device_family,0.62,specific.brand_model_filename.v1,"{""brand_segment"": ""Samsung"", ""category_segment"": ""SoundBars"", ""commercial_model"": ""AH59-02692P_Soundbar"", ""filename"": ""Samsung_AH59-02692P_Soundbar""}",False,predição diverge da regra silver
SoundBars/Samsung/Samsung_AH59-02758A.ir,specific_device,device_family,0.62,specific.brand_model_filename.v1,"{""brand_segment"": ""Samsung"", ""category_segment"": ""SoundBars"", ""commercial_model"": ""AH59-02758A"", ""filename"": ""Samsung_AH59-02758A""}",False,predição diverge da regra silver
SoundBars/Samsung/Samsung_AH59-02767C.ir,specific_device,device_family,0.62,specific.brand_model_filename.v1,"{""brand_segment"": ""Samsung"", ""category_segment"": ""SoundBars"", ""commercial_model"": ""AH59-02767C"", ""filename"": ""Samsung_AH59-02767C""}",False,predição diverge da regra silver
SoundBars/Samsung/Samsung_AH59002692H.ir,specific_device,device_family,0.62,specific.brand_model_filename.v1,"{""brand_segment"": ""Samsung"", ""category_segment"": ""SoundBars"", ""commercial_model"": ""AH59002692H"", ""filename"": ""Samsung_AH59002692H""}",False,predição diverge da regra silver
SoundBars/Samsung/Samsung_AH59_Soundbar.ir,specific_device,device_family,0.62,specific.brand_model_filename.v1,"{""brand_segment"": ""Samsung"", ""category_segment"": ""SoundBars"", ""commercial_model"": ""AH59_Soundbar"", ""filename"": ""Samsung_AH59_Soundbar""}",False,predição diverge da regra silver
SoundBars/Samsung/Samsung_HW-FM45.ir,specific_device,device_family,0.67,specific.brand_model_filename.v1,"{""brand_segment"": ""Samsung"", ""category_segment"": ""SoundBars"", ""commercial_model"": ""HW-FM45"", ""filename"": ""Samsung_HW-FM45""}",False,predição diverge da regra silver
SoundBars/Samsung/Samsung_SK10Y.ir,specific_device,device_family,0.67,specific.brand_model_filename.v1,"{""brand_segment"": ""Samsung"", ""category_segment"": ""SoundBars"", ""commercial_model"": ""SK10Y"", ""filename"": ""Samsung_SK10Y""}",False,predição diverge da regra silver
SoundBars/Samsung/Samsung_Soundbar_HW-T400.ir,specific_device,device_family,0.62,specific.brand_model_filename.v1,"{""brand_segment"": ""Samsung"", ""category_segment"": ""SoundBars"", ""commercial_model"": ""Soundbar_HW-T400"", ""filename"": ""Samsung_Soundbar_HW-T400""}",False,predição diverge da regra silver
SoundBars/Samsung/Samsung_Soundbar_Q600A.ir,specific_device,device_family,0.62,specific.brand_model_filename.v1,"{""brand_segment"": ""Samsung"", ""category_segment"": ""SoundBars"", ""commercial_model"": ""Soundbar_Q600A"", ""filename"": ""Samsung_Soundbar_Q600A""}",False,predição diverge da regra silver
SoundBars/Sony/SONY_RMT-AH412U.ir,specific_device,device_family,0.67,specific.brand_model_filename.v1,"{""brand_segment"": ""Sony"", ""category_segment"": ""SoundBars"", ""commercial_model"": ""RMT-AH412U"", ""filename"": ""SONY_RMT-AH412U""}",False,predição diverge da regra silver
SoundBars/Sony/Sony_HW-T400.ir,specific_device,device_family,0.62,specific.brand_model_filename.v1,"{""brand_segment"": ""Sony"", ""category_segment"": ""SoundBars"", ""commercial_model"": ""HW-T400"", ""filename"": ""Sony_HW-T400""}",False,predição diverge da regra silver
SoundBars/Sony/Sony_MHC-GS300AV.ir,specific_device,device_family,0.67,specific.brand_model_filename.v1,"{""brand_segment"": ""Sony"", ""category_segment"": ""SoundBars"", ""commercial_model"": ""MHC-GS300AV"", ""filename"": ""Sony_MHC-GS300AV""}",False,predição diverge da regra silver
SoundBars/Sony/Sony_RDH-GTK33IP.ir,specific_device,device_family,0.62,specific.brand_model_filename.v1,"{""brand_segment"": ""Sony"", ""category_segment"": ""SoundBars"", ""commercial_model"": ""RDH-GTK33IP"", ""filename"": ""Sony_RDH-GTK33IP""}",False,predição diverge da regra silver
SoundBars/Sony/Sony_Soundbar_HT-XT3.ir,specific_device,device_family,0.67,specific.brand_model_filename.v1,"{""brand_segment"": ""Sony"", ""category_segment"": ""SoundBars"", ""commercial_model"": ""Soundbar_HT-XT3"", ""filename"": ""Sony_Soundbar_HT-XT3""}",False,predição diverge da regra silver
SoundBars/Sony/Sony_Soundbar_RMT-AH411U.ir,specific_device,device_family,0.67,specific.brand_model_filename.v1,"{""brand_segment"": ""Sony"", ""category_segment"": ""SoundBars"", ""commercial_model"": ""Soundbar_RMT-AH411U"", ""filename"": ""Sony_Soundbar_RMT-AH411U""}",False,predição diverge da regra silver
SoundBars/TCL/TCL_TS5010.ir,specific_device,device_family,0.67,specific.brand_model_filename.v1,"{""brand_segment"": ""TCL"", ""category_segment"": ""SoundBars"", ""commercial_model"": ""TS5010"", ""filename"": ""TCL_TS5010""}",False,predição diverge da regra silver
SoundBars/TCL/TCL_TS8132.ir,specific_device,device_family,0.67,specific.brand_model_filename.v1,"{""brand_segment"": ""TCL"", ""category_segment"": ""SoundBars"", ""commercial_model"": ""TS8132"", ""filename"": ""TCL_TS8132""}",False,predição diverge da regra silver
SoundBars/TaoTronics/TaoTronics_TT-SK023_Sound_Bar.ir,specific_device,device_family,0.67,specific.brand_model_filename.v1,"{""brand_segment"": ""TaoTronics"", ""category_segment"": ""SoundBars"", ""commercial_model"": ""TT-SK023_Sound_Bar"", ""filename"": ""TaoTronics_TT-SK023_Sound_Bar""}",False,predição diverge da regra silver
SoundBars/Toshiba/Toshiba_SBX4250.ir,specific_device,device_family,0.67,specific.brand_model_filename.v1,"{""brand_segment"": ""Toshiba"", ""category_segment"": ""SoundBars"", ""commercial_model"": ""SBX4250"", ""filename"": ""Toshiba_SBX4250""}",False,predição diverge da regra silver
SoundBars/Ultimea/Ultimea_Poseidon_M20.ir,specific_device,device_family,0.67,specific.brand_model_filename.v1,"{""brand_segment"": ""Ultimea"", ""category_segment"": ""SoundBars"", ""commercial_model"": ""Poseidon_M20"", ""filename"": ""Ultimea_Poseidon_M20""}",False,predição diverge da regra silver
SoundBars/Vizio/Vizio_SB362An-F6.ir,specific_device,device_family,0.67,specific.brand_model_filename.v1,"{""brand_segment"": ""Vizio"", ""category_segment"": ""SoundBars"", ""commercial_model"": ""SB362An-F6"", ""filename"": ""Vizio_SB362An-F6""}",False,predição diverge da regra silver
SoundBars/Vizio/Vizio_SB3651_E6.ir,specific_device,device_family,0.67,specific.brand_model_filename.v1,"{""brand_segment"": ""Vizio"", ""category_segment"": ""SoundBars"", ""commercial_model"": ""SB3651_E6"", ""filename"": ""Vizio_SB3651_E6""}",False,predição diverge da regra silver
SoundBars/Vizio/Vizio_SB4551.ir,specific_device,device_family,0.67,specific.brand_model_filename.v1,"{""brand_segment"": ""Vizio"", ""category_segment"": ""SoundBars"", ""commercial_model"": ""SB4551"", ""filename"": ""Vizio_SB4551""}",False,predição diverge da regra silver
SoundBars/Vizio/Vizio_V51-H6.ir,specific_device,device_family,0.67,specific.brand_model_filename.v1,"{""brand_segment"": ""Vizio"", ""category_segment"": ""SoundBars"", ""commercial_model"": ""V51-H6"", ""filename"": ""Vizio_V51-H6""}",False,predição diverge da regra silver
SoundBars/Vizio/Vizio_V51x-J6.ir,specific_device,device_family,0.67,specific.brand_model_filename.v1,"{""brand_segment"": ""Vizio"", ""category_segment"": ""SoundBars"", ""commercial_model"": ""V51x-J6"", ""filename"": ""Vizio_V51x-J6""}",False,predição diverge da regra silver
SoundBars/Vizio/Vizio_XRS321-C.ir,specific_device,device_family,0.67,specific.brand_model_filename.v1,"{""brand_segment"": ""Vizio"", ""category_segment"": ""SoundBars"", ""commercial_model"": ""XRS321-C"", ""filename"": ""Vizio_XRS321-C""}",False,predição diverge da regra silver
SoundBars/Xiaomi/Xiaomi_MITVS26.ir,specific_device,device_family,0.62,specific.brand_model_filename.v1,"{""brand_segment"": ""Xiaomi"", ""category_segment"": ""SoundBars"", ""commercial_model"": ""MITVS26"", ""filename"": ""Xiaomi_MITVS26""}",False,predição diverge da regra silver
SoundBars/Yamaha/Yamaha_BAR400.ir,specific_device,device_family,0.67,specific.brand_model_filename.v1,"{""brand_segment"": ""Yamaha"", ""category_segment"": ""SoundBars"", ""commercial_model"": ""BAR400"", ""filename"": ""Yamaha_BAR400""}",False,predição diverge da regra silver
SoundBars/Yamaha/Yamaha_SR-B20A.ir,specific_device,device_family,0.67,specific.brand_model_filename.v1,"{""brand_segment"": ""Yamaha"", ""category_segment"": ""SoundBars"", ""commercial_model"": ""SR-B20A"", ""filename"": ""Yamaha_SR-B20A""}",False,predição diverge da regra silver
SoundBars/Yamaha/Yamaha_YAS-108.ir,specific_device,device_family,0.67,specific.brand_model_filename.v1,"{""brand_segment"": ""Yamaha"", ""category_segment"": ""SoundBars"", ""commercial_model"": ""YAS-108"", ""filename"": ""Yamaha_YAS-108""}",False,predição diverge da regra silver
SoundBars/Yamaha/Yamaha_YAS-CU201.ir,specific_device,device_family,0.67,specific.brand_model_filename.v1,"{""brand_segment"": ""Yamaha"", ""category_segment"": ""SoundBars"", ""commercial_model"": ""YAS-CU201"", ""filename"": ""Yamaha_YAS-CU201""}",False,predição diverge da regra silver
Speakers/Adastra/Adastra_WA215.ir,specific_device,unknown,0.35,specific.brand_model_filename.v1,"{""brand_segment"": ""Adastra"", ""category_segment"": ""Speakers"", ""commercial_model"": ""WA215"", ""filename"": ""Adastra_WA215""}",False,predição diverge da regra silver
Speakers/Biseoamz/Biseoamz_DY29S.ir,specific_device,unknown,0.35,specific.brand_model_filename.v1,"{""brand_segment"": ""Biseoamz"", ""category_segment"": ""Speakers"", ""commercial_model"": ""DY29S"", ""filename"": ""Biseoamz_DY29S""}",False,predição diverge da regra silver
Speakers/Bumpboxx/Bumpboxx.ir,device_family,unknown,0.35,family.brand_without_model.v1,"{""brand_segment"": ""Bumpboxx"", ""category_segment"": ""Speakers"", ""filename"": ""Bumpboxx"", ""model_absent"": true}",False,predição diverge da regra silver
Speakers/Como_Audio/Como_audio.ir,device_family,unknown,0.35,family.brand_without_model.v1,"{""brand_segment"": ""Como_Audio"", ""category_segment"": ""Speakers"", ""filename"": ""Como_audio"", ""model_absent"": true}",False,predição diverge da regra silver
Speakers/Craig/Craig_CHT729.ir,specific_device,unknown,0.35,specific.brand_model_filename.v1,"{""brand_segment"": ""Craig"", ""category_segment"": ""Speakers"", ""commercial_model"": ""CHT729"", ""filename"": ""Craig_CHT729""}",False,predição diverge da regra silver
Speakers/Craig/Craig_CHT904.ir,specific_device,unknown,0.35,specific.brand_model_filename.v1,"{""brand_segment"": ""Craig"", ""category_segment"": ""Speakers"", ""commercial_model"": ""CHT904"", ""filename"": ""Craig_CHT904""}",False,predição diverge da regra silver
Speakers/Craig/Craig_CHT912.ir,specific_device,unknown,0.35,specific.brand_model_filename.v1,"{""brand_segment"": ""Craig"", ""category_segment"": ""Speakers"", ""commercial_model"": ""CHT912"", ""filename"": ""Craig_CHT912""}",False,predição diverge da regra silver
Speakers/Craig/Craig_CHT921.ir,specific_device,unknown,0.35,specific.brand_model_filename.v1,"{""brand_segment"": ""Craig"", ""category_segment"": ""Speakers"", ""commercial_model"": ""CHT921"", ""filename"": ""Craig_CHT921""}",False,predição diverge da regra silver
Speakers/Craig/Craig_CHT939.ir,specific_device,unknown,0.35,specific.brand_model_filename.v1,"{""brand_segment"": ""Craig"", ""category_segment"": ""Speakers"", ""commercial_model"": ""CHT939"", ""filename"": ""Craig_CHT939""}",False,predição diverge da regra silver
Speakers/DollarTec_BT5AmpBoard/DollarTec_BT5AmpBoard.ir,device_family,unknown,0.35,family.brand_without_model.v1,"{""brand_segment"": ""DollarTec_BT5AmpBoard"", ""category_segment"": ""Speakers"", ""filename"": ""DollarTec_BT5AmpBoard"", ""model_absent"": true}",False,predição diverge da regra silver
Speakers/Eastern/EASTERN_DA_9000.ir,specific_device,unknown,0.35,specific.brand_model_filename.v1,"{""brand_segment"": ""Eastern"", ""category_segment"": ""Speakers"", ""commercial_model"": ""DA_9000"", ""filename"": ""EASTERN_DA_9000""}",False,predição diverge da regra silver
Speakers/Edifier/Edifier_AirPulse_A80.ir,specific_device,unknown,0.35,specific.brand_model_filename.v1,"{""brand_segment"": ""Edifier"", ""category_segment"": ""Speakers"", ""commercial_model"": ""AirPulse_A80"", ""filename"": ""Edifier_AirPulse_A80""}",False,predição diverge da regra silver
Speakers/Edifier/Edifier_R1280DB.ir,specific_device,unknown,0.35,specific.brand_model_filename.v1,"{""brand_segment"": ""Edifier"", ""category_segment"": ""Speakers"", ""commercial_model"": ""R1280DB"", ""filename"": ""Edifier_R1280DB""}",False,predição diverge da regra silver
Speakers/Edifier/Edifier_R1280T.ir,specific_device,unknown,0.35,specific.brand_model_filename.v1,"{""brand_segment"": ""Edifier"", ""category_segment"": ""Speakers"", ""commercial_model"": ""R1280T"", ""filename"": ""Edifier_R1280T""}",False,predição diverge da regra silver
Speakers/Edifier/Edifier_R1700BT.ir,specific_device,unknown,0.35,specific.brand_model_filename.v1,"{""brand_segment"": ""Edifier"", ""category_segment"": ""Speakers"", ""commercial_model"": ""R1700BT"", ""filename"": ""Edifier_R1700BT""}",False,predição diverge da regra silver
Speakers/Edifier/Edifier_R1700BTs.ir,specific_device,unknown,0.35,specific.brand_model_filename.v1,"{""brand_segment"": ""Edifier"", ""category_segment"": ""Speakers"", ""commercial_model"": ""R1700BTs"", ""filename"": ""Edifier_R1700BTs""}",False,predição diverge da regra silver
Speakers/Edifier/Edifier_R1855DB.ir,specific_device,unknown,0.35,specific.brand_model_filename.v1,"{""brand_segment"": ""Edifier"", ""category_segment"": ""Speakers"", ""commercial_model"": ""R1855DB"", ""filename"": ""Edifier_R1855DB""}",False,predição diverge da regra silver
Speakers/Edifier/Edifier_R2800.ir,specific_device,unknown,0.35,specific.brand_model_filename.v1,"{""brand_segment"": ""Edifier"", ""category_segment"": ""Speakers"", ""commercial_model"": ""R2800"", ""filename"": ""Edifier_R2800""}",False,predição diverge da regra silver
Speakers/Edifier/Edifier_RC10D1_R2730DB.ir,specific_device,unknown,0.35,specific.brand_model_filename.v1,"{""brand_segment"": ""Edifier"", ""category_segment"": ""Speakers"", ""commercial_model"": ""RC10D1_R2730DB"", ""filename"": ""Edifier_RC10D1_R2730DB""}",False,predição diverge da regra silver
Speakers/Edifier/Edifier_RC17A.ir,specific_device,unknown,0.35,specific.brand_model_filename.v1,"{""brand_segment"": ""Edifier"", ""category_segment"": ""Speakers"", ""commercial_model"": ""RC17A"", ""filename"": ""Edifier_RC17A""}",False,predição diverge da regra silver
Speakers/Edifier/Edifier_RC20G.ir,specific_device,unknown,0.35,specific.brand_model_filename.v1,"{""brand_segment"": ""Edifier"", ""category_segment"": ""Speakers"", ""commercial_model"": ""RC20G"", ""filename"": ""Edifier_RC20G""}",False,predição diverge da regra silver
Speakers/Edifier/Edifier_RC80B.ir,specific_device,unknown,0.35,specific.brand_model_filename.v1,"{""brand_segment"": ""Edifier"", ""category_segment"": ""Speakers"", ""commercial_model"": ""RC80B"", ""filename"": ""Edifier_RC80B""}",False,predição diverge da regra silver
Speakers/Edifier/Edifier_S360DB.ir,specific_device,unknown,0.35,specific.brand_model_filename.v1,"{""brand_segment"": ""Edifier"", ""category_segment"": ""Speakers"", ""commercial_model"": ""S360DB"", ""filename"": ""Edifier_S360DB""}",False,predição diverge da regra silver
Speakers/Edifier/Edifier_S760D.ir,specific_device,unknown,0.35,specific.brand_model_filename.v1,"{""brand_segment"": ""Edifier"", ""category_segment"": ""Speakers"", ""commercial_model"": ""S760D"", ""filename"": ""Edifier_S760D""}",False,predição diverge da regra silver
Speakers/Edifier/Edifier_Speakers_RC31A.ir,specific_device,unknown,0.35,specific.brand_model_filename.v1,"{""brand_segment"": ""Edifier"", ""category_segment"": ""Speakers"", ""commercial_model"": ""Speakers_RC31A"", ""filename"": ""Edifier_Speakers_RC31A""}",False,predição diverge da regra silver
Speakers/Fluance/Fluance_AI40.ir,specific_device,unknown,0.35,specific.brand_model_filename.v1,"{""brand_segment"": ""Fluance"", ""category_segment"": ""Speakers"", ""commercial_model"": ""AI40"", ""filename"": ""Fluance_AI40""}",False,predição diverge da regra silver
Speakers/JBL/JBL_Cinema_CB150.ir,specific_device,unknown,0.35,specific.brand_model_filename.v1,"{""brand_segment"": ""JBL"", ""category_segment"": ""Speakers"", ""commercial_model"": ""Cinema_CB150"", ""filename"": ""JBL_Cinema_CB150""}",False,predição diverge da regra silver
Speakers/JBL/JBL_LSR4326P.ir,specific_device,unknown,0.35,specific.brand_model_filename.v1,"{""brand_segment"": ""JBL"", ""category_segment"": ""Speakers"", ""commercial_model"": ""LSR4326P"", ""filename"": ""JBL_LSR4326P""}",False,predição diverge da regra silver
Speakers/JVC/JVC_D62BM.ir,specific_device,unknown,0.35,specific.brand_model_filename.v1,"{""brand_segment"": ""JVC"", ""category_segment"": ""Speakers"", ""commercial_model"": ""D62BM"", ""filename"": ""JVC_D62BM""}",False,predição diverge da regra silver
Speakers/Klipsch/Klipsch_r15pm.ir,specific_device,unknown,0.35,specific.brand_model_filename.v1,"{""brand_segment"": ""Klipsch"", ""category_segment"": ""Speakers"", ""commercial_model"": ""r15pm"", ""filename"": ""Klipsch_r15pm""}",False,predição diverge da regra silver
Speakers/Klipsch/Klipsch_r41pm.ir,specific_device,unknown,0.35,specific.brand_model_filename.v1,"{""brand_segment"": ""Klipsch"", ""category_segment"": ""Speakers"", ""commercial_model"": ""r41pm"", ""filename"": ""Klipsch_r41pm""}",False,predição diverge da regra silver
Speakers/Logitech/Logitech_Z-5500.ir,specific_device,unknown,0.35,specific.brand_model_filename.v1,"{""brand_segment"": ""Logitech"", ""category_segment"": ""Speakers"", ""commercial_model"": ""Z-5500"", ""filename"": ""Logitech_Z-5500""}",False,predição diverge da regra silver
Speakers/Microlab/Microlab_RC071.ir,specific_device,unknown,0.35,specific.brand_model_filename.v1,"{""brand_segment"": ""Microlab"", ""category_segment"": ""Speakers"", ""commercial_model"": ""RC071"", ""filename"": ""Microlab_RC071""}",False,predição diverge da regra silver
Speakers/Microlab/Microlab_SOLO11.ir,specific_device,unknown,0.35,specific.brand_model_filename.v1,"{""brand_segment"": ""Microlab"", ""category_segment"": ""Speakers"", ""commercial_model"": ""SOLO11"", ""filename"": ""Microlab_SOLO11""}",False,predição diverge da regra silver
Speakers/Panasonic/Panasonic_N2QAYB000145.ir,specific_device,unknown,0.35,specific.brand_model_filename.v1,"{""brand_segment"": ""Panasonic"", ""category_segment"": ""Speakers"", ""commercial_model"": ""N2QAYB000145"", ""filename"": ""Panasonic_N2QAYB000145""}",False,predição diverge da regra silver
Speakers/Panasonic/Panasonic_SA-PM602.ir,specific_device,unknown,0.35,specific.brand_model_filename.v1,"{""brand_segment"": ""Panasonic"", ""category_segment"": ""Speakers"", ""commercial_model"": ""SA-PM602"", ""filename"": ""Panasonic_SA-PM602""}",False,predição diverge da regra silver
Speakers/Panasonic/Panasonic_SC-PMX92-94.ir,specific_device,unknown,0.35,specific.brand_model_filename.v1,"{""brand_segment"": ""Panasonic"", ""category_segment"": ""Speakers"", ""commercial_model"": ""SC-PMX92-94"", ""filename"": ""Panasonic_SC-PMX92-94""}",False,predição diverge da regra silver
Speakers/Q_Acoustics/Q_Acoustics_M40.ir,specific_device,unknown,0.35,specific.brand_model_filename.v1,"{""brand_segment"": ""Q_Acoustics"", ""category_segment"": ""Speakers"", ""commercial_model"": ""M40"", ""filename"": ""Q_Acoustics_M40""}",False,predição diverge da regra silver
Speakers/Ruark/Ruark_MR1.ir,specific_device,unknown,0.35,specific.brand_model_filename.v1,"{""brand_segment"": ""Ruark"", ""category_segment"": ""Speakers"", ""commercial_model"": ""MR1"", ""filename"": ""Ruark_MR1""}",False,predição diverge da regra silver
Speakers/Samsung/Samsung_MX-T50.ir,specific_device,unknown,0.35,specific.brand_model_filename.v1,"{""brand_segment"": ""Samsung"", ""category_segment"": ""Speakers"", ""commercial_model"": ""MX-T50"", ""filename"": ""Samsung_MX-T50""}",False,predição diverge da regra silver
Speakers/Sangean/Sangean_RC30.ir,specific_device,unknown,0.35,specific.brand_model_filename.v1,"{""brand_segment"": ""Sangean"", ""category_segment"": ""Speakers"", ""commercial_model"": ""RC30"", ""filename"": ""Sangean_RC30""}",False,predição diverge da regra silver
Speakers/Sony/Sony_SRS-GU10iP.ir,specific_device,unknown,0.35,specific.brand_model_filename.v1,"{""brand_segment"": ""Sony"", ""category_segment"": ""Speakers"", ""commercial_model"": ""SRS-GU10iP"", ""filename"": ""Sony_SRS-GU10iP""}",False,predição diverge da regra silver
Speakers/Teufel/Teufel_3SIXTY.ir,specific_device,unknown,0.35,specific.brand_model_filename.v1,"{""brand_segment"": ""Teufel"", ""category_segment"": ""Speakers"", ""commercial_model"": ""3SIXTY"", ""filename"": ""Teufel_3SIXTY""}",False,predição diverge da regra silver
Speakers/Teufel/Teufel_CEM500RC.ir,specific_device,unknown,0.35,specific.brand_model_filename.v1,"{""brand_segment"": ""Teufel"", ""category_segment"": ""Speakers"", ""commercial_model"": ""CEM500RC"", ""filename"": ""Teufel_CEM500RC""}",False,predição diverge da regra silver
Speakers/Toshiba/Toshiba_RM-V329.ir,specific_device,unknown,0.35,specific.brand_model_filename.v1,"{""brand_segment"": ""Toshiba"", ""category_segment"": ""Speakers"", ""commercial_model"": ""RM-V329"", ""filename"": ""Toshiba_RM-V329""}",False,predição diverge da regra silver
Speakers/V-TAC/V-TAC_Soundor8_VT-6000W.ir,specific_device,unknown,0.35,specific.brand_model_filename.v1,"{""brand_segment"": ""V-TAC"", ""category_segment"": ""Speakers"", ""commercial_model"": ""Soundor8_VT-6000W"", ""filename"": ""V-TAC_Soundor8_VT-6000W""}",False,predição diverge da regra silver
Streaming_Devices/Apple/Apple_TV_4K_Gen2.ir,specific_device,device_family,0.67,specific.brand_model_filename.v1,"{""brand_segment"": ""Apple"", ""category_segment"": ""Streaming_Devices"", ""commercial_model"": ""TV_4K_Gen2"", ""filename"": ""Apple_TV_4K_Gen2""}",False,predição diverge da regra silver
Streaming_Devices/Apple/Apple_TV_Gen2.ir,specific_device,device_family,0.67,specific.brand_model_filename.v1,"{""brand_segment"": ""Apple"", ""category_segment"": ""Streaming_Devices"", ""commercial_model"": ""TV_Gen2"", ""filename"": ""Apple_TV_Gen2""}",False,predição diverge da regra silver
Streaming_Devices/Apple/Apple_TV_Gen3.ir,specific_device,device_family,0.67,specific.brand_model_filename.v1,"{""brand_segment"": ""Apple"", ""category_segment"": ""Streaming_Devices"", ""commercial_model"": ""TV_Gen3"", ""filename"": ""Apple_TV_Gen3""}",False,predição diverge da regra silver
Streaming_Devices/Apple/Apple_TV_Gen3_v2.ir,specific_device,device_family,0.67,specific.brand_model_filename.v1,"{""brand_segment"": ""Apple"", ""category_segment"": ""Streaming_Devices"", ""commercial_model"": ""TV_Gen3_v2"", ""filename"": ""Apple_TV_Gen3_v2""}",False,predição diverge da regra silver
Streaming_Devices/Bqeel/Bqeel_R1-Plus.ir,specific_device,device_family,0.67,specific.brand_model_filename.v1,"{""brand_segment"": ""Bqeel"", ""category_segment"": ""Streaming_Devices"", ""commercial_model"": ""R1-Plus"", ""filename"": ""Bqeel_R1-Plus""}",False,predição diverge da regra silver
Streaming_Devices/Mecool/Mecool_KM6.ir,specific_device,device_family,0.67,specific.brand_model_filename.v1,"{""brand_segment"": ""Mecool"", ""category_segment"": ""Streaming_Devices"", ""commercial_model"": ""KM6"", ""filename"": ""Mecool_KM6""}",False,predição diverge da regra silver
Streaming_Devices/Roku/Roku_dxD00pU.ir,specific_device,device_family,0.67,specific.brand_model_filename.v1,"{""brand_segment"": ""Roku"", ""category_segment"": ""Streaming_Devices"", ""commercial_model"": ""dxD00pU"", ""filename"": ""Roku_dxD00pU""}",False,predição diverge da regra silver
Streaming_Devices/Xiaomi/Xiaomi_MiBox1.ir,specific_device,device_family,0.62,specific.brand_model_filename.v1,"{""brand_segment"": ""Xiaomi"", ""category_segment"": ""Streaming_Devices"", ""commercial_model"": ""MiBox1"", ""filename"": ""Xiaomi_MiBox1""}",False,predição diverge da regra silver
Streaming_Devices/Xiaomi/Xiaomi_MiBox2.ir,specific_device,device_family,0.62,specific.brand_model_filename.v1,"{""brand_segment"": ""Xiaomi"", ""category_segment"": ""Streaming_Devices"", ""commercial_model"": ""MiBox2"", ""filename"": ""Xiaomi_MiBox2""}",False,predição diverge da regra silver
Streaming_Devices/onn/onn_4K_Pro.ir,specific_device,device_family,0.67,specific.brand_model_filename.v1,"{""brand_segment"": ""onn"", ""category_segment"": ""Streaming_Devices"", ""commercial_model"": ""4K_Pro"", ""filename"": ""onn_4K_Pro""}",False,predição diverge da regra silver
TV_Tuner/Hauppauge/Hauppauge_R-005.ir,specific_device,device_family,0.67,specific.brand_model_filename.v1,"{""brand_segment"": ""Hauppauge"", ""category_segment"": ""TV_Tuner"", ""commercial_model"": ""R-005"", ""filename"": ""Hauppauge_R-005""}",False,predição diverge da regra silver
TV_Tuner/Mediasonic/Mediasonic_Homeworx_HW180STB.ir,specific_device,device_family,0.67,specific.brand_model_filename.v1,"{""brand_segment"": ""Mediasonic"", ""category_segment"": ""TV_Tuner"", ""commercial_model"": ""Homeworx_HW180STB"", ""filename"": ""Mediasonic_Homeworx_HW180STB""}",False,predição diverge da regra silver
TV_Tuner/TechniSat/TechniSat_DVR401B.ir,specific_device,device_family,0.67,specific.brand_model_filename.v1,"{""brand_segment"": ""TechniSat"", ""category_segment"": ""TV_Tuner"", ""commercial_model"": ""DVR401B"", ""filename"": ""TechniSat_DVR401B""}",False,predição diverge da regra silver
TVs/AWA/AWA_MSDV3268O5D0.ir,specific_device,device_family,0.67,specific.brand_model_filename.v1,"{""brand_segment"": ""AWA"", ""category_segment"": ""TVs"", ""commercial_model"": ""MSDV3268O5D0"", ""filename"": ""AWA_MSDV3268O5D0""}",False,predição diverge da regra silver
TVs/Akai/AKAI_ATE_22Y604W.ir,specific_device,device_family,0.67,specific.brand_model_filename.v1,"{""brand_segment"": ""Akai"", ""category_segment"": ""TVs"", ""commercial_model"": ""ATE_22Y604W"", ""filename"": ""AKAI_ATE_22Y604W""}",False,predição diverge da regra silver
TVs/Apex/APEX_LE4643T.ir,specific_device,device_family,0.67,specific.brand_model_filename.v1,"{""brand_segment"": ""Apex"", ""category_segment"": ""TVs"", ""commercial_model"": ""LE4643T"", ""filename"": ""APEX_LE4643T""}",False,predição diverge da regra silver
TVs/BBK/BBK_TV_LEM-1071.ir,specific_device,device_family,0.67,specific.brand_model_filename.v1,"{""brand_segment"": ""BBK"", ""category_segment"": ""TVs"", ""commercial_model"": ""TV_LEM-1071"", ""filename"": ""BBK_TV_LEM-1071""}",False,predição diverge da regra silver
TVs/BGH/BGH_BLE2814D.ir,specific_device,device_family,0.67,specific.brand_model_filename.v1,"{""brand_segment"": ""BGH"", ""category_segment"": ""TVs"", ""commercial_model"": ""BLE2814D"", ""filename"": ""BGH_BLE2814D""}",False,predição diverge da regra silver
TVs/Baird/BAIRD_T15011DLEDDS_RC-6.ir,specific_device,device_family,0.67,specific.brand_model_filename.v1,"{""brand_segment"": ""Baird"", ""category_segment"": ""TVs"", ""commercial_model"": ""T15011DLEDDS_RC-6"", ""filename"": ""BAIRD_T15011DLEDDS_RC-6""}",False,predição diverge da regra silver
TVs/Bauhn/Bauhn_ATV_50FHD4.ir,specific_device,device_family,0.67,specific.brand_model_filename.v1,"{""brand_segment"": ""Bauhn"", ""category_segment"": ""TVs"", ""commercial_model"": ""ATV_50FHD4"", ""filename"": ""Bauhn_ATV_50FHD4""}",False,predição diverge da regra silver
TVs/Blitzwolf/Blitzwolf_BWPCM2.ir,specific_device,device_family,0.67,specific.brand_model_filename.v1,"{""brand_segment"": ""Blitzwolf"", ""category_segment"": ""TVs"", ""commercial_model"": ""BWPCM2"", ""filename"": ""Blitzwolf_BWPCM2""}",False,predição diverge da regra silver
TVs/Brandt/Brandt_B3228HD.ir,specific_device,device_family,0.62,specific.brand_model_filename.v1,"{""brand_segment"": ""Brandt"", ""category_segment"": ""TVs"", ""commercial_model"": ""B3228HD"", ""filename"": ""Brandt_B3228HD""}",False,predição diverge da regra silver
TVs/Brandt/Brandt_B3230HD_TV.ir,specific_device,device_family,0.62,specific.brand_model_filename.v1,"{""brand_segment"": ""Brandt"", ""category_segment"": ""TVs"", ""commercial_model"": ""B3230HD_TV"", ""filename"": ""Brandt_B3230HD_TV""}",False,predição diverge da regra silver
TVs/Bush/BUSH_TV_DLED32287HDCNTDFVP.ir,specific_device,device_family,0.67,specific.brand_model_filename.v1,"{""brand_segment"": ""Bush"", ""category_segment"": ""TVs"", ""commercial_model"": ""TV_DLED32287HDCNTDFVP"", ""filename"": ""BUSH_TV_DLED32287HDCNTDFVP""}",False,predição diverge da regra silver
TVs/Bush/BUSH_TV_VL32HDLED.ir,specific_device,device_family,0.67,specific.brand_model_filename.v1,"{""brand_segment"": ""Bush"", ""category_segment"": ""TVs"", ""commercial_model"": ""TV_VL32HDLED"", ""filename"": ""BUSH_TV_VL32HDLED""}",False,predição diverge da regra silver
TVs/ContinentalEdison/ContinentalEdison_CELD55SQLDV24B6.ir,specific_device,device_family,0.67,specific.brand_model_filename.v1,"{""brand_segment"": ""ContinentalEdison"", ""category_segment"": ""TVs"", ""commercial_model"": ""CELD55SQLDV24B6"", ""filename"": ""ContinentalEdison_CELD55SQLDV24B6""}",False,predição diverge da regra silver
TVs/ContinentalEdison/ContinentalEdison_CELED32JBL7.ir,specific_device,device_family,0.67,specific.brand_model_filename.v1,"{""brand_segment"": ""ContinentalEdison"", ""category_segment"": ""TVs"", ""commercial_model"": ""CELED32JBL7"", ""filename"": ""ContinentalEdison_CELED32JBL7""}",False,predição diverge da regra silver
TVs/ContinentalEdison/ContinentalEdison_CELED502723.ir,specific_device,device_family,0.67,specific.brand_model_filename.v1,"{""brand_segment"": ""ContinentalEdison"", ""category_segment"": ""TVs"", ""commercial_model"": ""CELED502723"", ""filename"": ""ContinentalEdison_CELED502723""}",False,predição diverge da regra silver
TVs/Crown/Crown_RC647340.ir,specific_device,device_family,0.67,specific.brand_model_filename.v1,"{""brand_segment"": ""Crown"", ""category_segment"": ""TVs"", ""commercial_model"": ""RC647340"", ""filename"": ""Crown_RC647340""}",False,predição diverge da regra silver
TVs/DYON/DYON_Movie_Smart_32_XT.ir,specific_device,device_family,0.67,specific.brand_model_filename.v1,"{""brand_segment"": ""DYON"", ""category_segment"": ""TVs"", ""commercial_model"": ""Movie_Smart_32_XT"", ""filename"": ""DYON_Movie_Smart_32_XT""}",False,predição diverge da regra silver
TVs/Denver/Denver_LED-3271.ir,specific_device,device_family,0.67,specific.brand_model_filename.v1,"{""brand_segment"": ""Denver"", ""category_segment"": ""TVs"", ""commercial_model"": ""LED-3271"", ""filename"": ""Denver_LED-3271""}",False,predição diverge da regra silver
TVs/Dual/Dual_DL-32HD-002.ir,specific_device,device_family,0.67,specific.brand_model_filename.v1,"{""brand_segment"": ""Dual"", ""category_segment"": ""TVs"", ""commercial_model"": ""DL-32HD-002"", ""filename"": ""Dual_DL-32HD-002""}",False,predição diverge da regra silver
TVs/Dynex/Dynex_DX-RC01A-12.ir,specific_device,device_family,0.67,specific.brand_model_filename.v1,"{""brand_segment"": ""Dynex"", ""category_segment"": ""TVs"", ""commercial_model"": ""DX-RC01A-12"", ""filename"": ""Dynex_DX-RC01A-12""}",False,predição diverge da regra silver
TVs/Dynex/Dynex_EN21669D.ir,specific_device,device_family,0.67,specific.brand_model_filename.v1,"{""brand_segment"": ""Dynex"", ""category_segment"": ""TVs"", ""commercial_model"": ""EN21669D"", ""filename"": ""Dynex_EN21669D""}",False,predição diverge da regra silver
TVs/Dynex/Dynex_RC-701-0A.ir,specific_device,device_family,0.67,specific.brand_model_filename.v1,"{""brand_segment"": ""Dynex"", ""category_segment"": ""TVs"", ""commercial_model"": ""RC-701-0A"", ""filename"": ""Dynex_RC-701-0A""}",False,predição diverge da regra silver
TVs/Element/Element_100-Series_TV.ir,specific_device,device_family,0.67,specific.brand_model_filename.v1,"{""brand_segment"": ""Element"", ""category_segment"": ""TVs"", ""commercial_model"": ""100-Series_TV"", ""filename"": ""Element_100-Series_TV""}",False,predição diverge da regra silver
TVs/Elitelux/Elitelux_L32HD1000.ir,specific_device,device_family,0.67,specific.brand_model_filename.v1,"{""brand_segment"": ""Elitelux"", ""category_segment"": ""TVs"", ""commercial_model"": ""L32HD1000"", ""filename"": ""Elitelux_L32HD1000""}",False,predição diverge da regra silver
TVs/Emerson/Emerson_32FNT004.ir,specific_device,device_family,0.67,specific.brand_model_filename.v1,"{""brand_segment"": ""Emerson"", ""category_segment"": ""TVs"", ""commercial_model"": ""32FNT004"", ""filename"": ""Emerson_32FNT004""}",False,predição diverge da regra silver
TVs/Emerson/Emerson_EWC13D4.ir,specific_device,device_family,0.67,specific.brand_model_filename.v1,"{""brand_segment"": ""Emerson"", ""category_segment"": ""TVs"", ""commercial_model"": ""EWC13D4"", ""filename"": ""Emerson_EWC13D4""}",False,predição diverge da regra silver
TVs/Erisson/Erisson_AL52D_B.ir,specific_device,device_family,0.67,specific.brand_model_filename.v1,"{""brand_segment"": ""Erisson"", ""category_segment"": ""TVs"", ""commercial_model"": ""AL52D_B"", ""filename"": ""Erisson_AL52D_B""}",False,predição diverge da regra silver
TVs/Ffalcon/Ffalcon_SF1_Smart_TV.ir,specific_device,device_family,0.67,specific.brand_model_filename.v1,"{""brand_segment"": ""Ffalcon"", ""category_segment"": ""TVs"", ""commercial_model"": ""SF1_Smart_TV"", ""filename"": ""Ffalcon_SF1_Smart_TV""}",False,predição diverge da regra silver
TVs/GVA/GVA_GVA32M7D.ir,specific_device,device_family,0.67,specific.brand_model_filename.v1,"{""brand_segment"": ""GVA"", ""category_segment"": ""TVs"", ""commercial_model"": ""GVA32M7D"", ""filename"": ""GVA_GVA32M7D""}",False,predição diverge da regra silver
TVs/Gogen/Gogen_TVH24P266T.ir,specific_device,device_family,0.67,specific.brand_model_filename.v1,"{""brand_segment"": ""Gogen"", ""category_segment"": ""TVs"", ""commercial_model"": ""TVH24P266T"", ""filename"": ""Gogen_TVH24P266T""}",False,predição diverge da regra silver
TVs/Grundig/Grundig_TP750C.ir,specific_device,device_family,0.62,specific.brand_model_filename.v1,"{""brand_segment"": ""Grundig"", ""category_segment"": ""TVs"", ""commercial_model"": ""TP750C"", ""filename"": ""Grundig_TP750C""}",False,predição diverge da regra silver
TVs/Grundig/Grundig_TP800.ir,specific_device,device_family,0.62,specific.brand_model_filename.v1,"{""brand_segment"": ""Grundig"", ""category_segment"": ""TVs"", ""commercial_model"": ""TP800"", ""filename"": ""Grundig_TP800""}",False,predição diverge da regra silver
TVs/Haier/Haier_L42C1180.ir,specific_device,device_family,0.67,specific.brand_model_filename.v1,"{""brand_segment"": ""Haier"", ""category_segment"": ""TVs"", ""commercial_model"": ""L42C1180"", ""filename"": ""Haier_L42C1180""}",False,predição diverge da regra silver
TVs/Hisense/Hisense_32A4HAU.ir,specific_device,device_family,0.67,specific.brand_model_filename.v1,"{""brand_segment"": ""Hisense"", ""category_segment"": ""TVs"", ""commercial_model"": ""32A4HAU"", ""filename"": ""Hisense_32A4HAU""}",False,predição diverge da regra silver
TVs/Hisense/Hisense_55E7KQ.ir,specific_device,device_family,0.67,specific.brand_model_filename.v1,"{""brand_segment"": ""Hisense"", ""category_segment"": ""TVs"", ""commercial_model"": ""55E7KQ"", ""filename"": ""Hisense_55E7KQ""}",False,predição diverge da regra silver
TVs/Hisense/Hisense_55K3201GUWUS.ir,specific_device,device_family,0.67,specific.brand_model_filename.v1,"{""brand_segment"": ""Hisense"", ""category_segment"": ""TVs"", ""commercial_model"": ""55K3201GUWUS"", ""filename"": ""Hisense_55K3201GUWUS""}",False,predição diverge da regra silver
TVs/Hisense/Hisense_55U6K.ir,specific_device,device_family,0.67,specific.brand_model_filename.v1,"{""brand_segment"": ""Hisense"", ""category_segment"": ""TVs"", ""commercial_model"": ""55U6K"", ""filename"": ""Hisense_55U6K""}",False,predição diverge da regra silver
TVs/Hisense/Hisense_58R5.ir,specific_device,device_family,0.67,specific.brand_model_filename.v1,"{""brand_segment"": ""Hisense"", ""category_segment"": ""TVs"", ""commercial_model"": ""58R5"", ""filename"": ""Hisense_58R5""}",False,predição diverge da regra silver
TVs/Hisense/Hisense_65K3300UW.ir,specific_device,device_family,0.67,specific.brand_model_filename.v1,"{""brand_segment"": ""Hisense"", ""category_segment"": ""TVs"", ""commercial_model"": ""65K3300UW"", ""filename"": ""Hisense_65K3300UW""}",False,predição diverge da regra silver
TVs/Hisense/Hisense_EN_33926A.ir,specific_device,device_family,0.67,specific.brand_model_filename.v1,"{""brand_segment"": ""Hisense"", ""category_segment"": ""TVs"", ""commercial_model"": ""EN_33926A"", ""filename"": ""Hisense_EN_33926A""}",False,predição diverge da regra silver
TVs/Hisense/Hisense_ER22601A.ir,specific_device,device_family,0.67,specific.brand_model_filename.v1,"{""brand_segment"": ""Hisense"", ""category_segment"": ""TVs"", ""commercial_model"": ""ER22601A"", ""filename"": ""Hisense_ER22601A""}",False,predição diverge da regra silver
TVs/Hisense/Hisense_K321UW.ir,specific_device,device_family,0.67,specific.brand_model_filename.v1,"{""brand_segment"": ""Hisense"", ""category_segment"": ""TVs"", ""commercial_model"": ""K321UW"", ""filename"": ""Hisense_K321UW""}",False,predição diverge da regra silver
TVs/Hisense/Hisense_TV_ZDB2190126.ir,specific_device,device_family,0.67,specific.brand_model_filename.v1,"{""brand_segment"": ""Hisense"", ""category_segment"": ""TVs"", ""commercial_model"": ""TV_ZDB2190126"", ""filename"": ""Hisense_TV_ZDB2190126""}",False,predição diverge da regra silver
TVs/Hisense/Hisense_U7G.ir,specific_device,device_family,0.67,specific.brand_model_filename.v1,"{""brand_segment"": ""Hisense"", ""category_segment"": ""TVs"", ""commercial_model"": ""U7G"", ""filename"": ""Hisense_U7G""}",False,predição diverge da regra silver
TVs/Hitachi/Hitachi_CLE-1031.ir,specific_device,device_family,0.67,specific.brand_model_filename.v1,"{""brand_segment"": ""Hitachi"", ""category_segment"": ""TVs"", ""commercial_model"": ""CLE-1031"", ""filename"": ""Hitachi_CLE-1031""}",False,predição diverge da regra silver
TVs/Hitachi/Hitachi_LE46H508.ir,specific_device,device_family,0.67,specific.brand_model_filename.v1,"{""brand_segment"": ""Hitachi"", ""category_segment"": ""TVs"", ""commercial_model"": ""LE46H508"", ""filename"": ""Hitachi_LE46H508""}",False,predição diverge da regra silver
TVs/Hitachi/Hitachi_RC43140.ir,specific_device,device_family,0.67,specific.brand_model_filename.v1,"{""brand_segment"": ""Hitachi"", ""category_segment"": ""TVs"", ""commercial_model"": ""RC43140"", ""filename"": ""Hitachi_RC43140""}",False,predição diverge da regra silver
TVs/Hitachi/Hitachi_SmartTV_43140.ir,specific_device,device_family,0.67,specific.brand_model_filename.v1,"{""brand_segment"": ""Hitachi"", ""category_segment"": ""TVs"", ""commercial_model"": ""SmartTV_43140"", ""filename"": ""Hitachi_SmartTV_43140""}",False,predição diverge da regra silver
TVs/Insignia/Insignia_NS_40D510NA17.ir,specific_device,device_family,0.67,specific.brand_model_filename.v1,"{""brand_segment"": ""Insignia"", ""category_segment"": ""TVs"", ""commercial_model"": ""NS_40D510NA17"", ""filename"": ""Insignia_NS_40D510NA17""}",False,predição diverge da regra silver
TVs/Insignia/Insignia_NS_RC9DNA-14.ir,specific_device,device_family,0.67,specific.brand_model_filename.v1,"{""brand_segment"": ""Insignia"", ""category_segment"": ""TVs"", ""commercial_model"": ""NS_RC9DNA-14"", ""filename"": ""Insignia_NS_RC9DNA-14""}",False,predição diverge da regra silver
TVs/Insignia/Insignia_NS_RCFNA_21.ir,specific_device,device_family,0.67,specific.brand_model_filename.v1,"{""brand_segment"": ""Insignia"", ""category_segment"": ""TVs"", ""commercial_model"": ""NS_RCFNA_21"", ""filename"": ""Insignia_NS_RCFNA_21""}",False,predição diverge da regra silver
TVs/JVC/JVC_4KTV.ir,specific_device,device_family,0.67,specific.brand_model_filename.v1,"{""brand_segment"": ""JVC"", ""category_segment"": ""TVs"", ""commercial_model"": ""4KTV"", ""filename"": ""JVC_4KTV""}",False,predição diverge da regra silver
TVs/JVC/JVC_LT-49HW97U.ir,specific_device,device_family,0.67,specific.brand_model_filename.v1,"{""brand_segment"": ""JVC"", ""category_segment"": ""TVs"", ""commercial_model"": ""LT-49HW97U"", ""filename"": ""JVC_LT-49HW97U""}",False,predição diverge da regra silver
TVs/JVC/JVC_RMT-JR01.ir,specific_device,device_family,0.62,specific.brand_model_filename.v1,"{""brand_segment"": ""JVC"", ""category_segment"": ""TVs"", ""commercial_model"": ""RMT-JR01"", ""filename"": ""JVC_RMT-JR01""}",False,predição diverge da regra silver
TVs/Kendo/Kendo_CP20M36VT.ir,specific_device,device_family,0.67,specific.brand_model_filename.v1,"{""brand_segment"": ""Kendo"", ""category_segment"": ""TVs"", ""commercial_model"": ""CP20M36VT"", ""filename"": ""Kendo_CP20M36VT""}",False,predição diverge da regra silver
TVs/Kogan/Kogan_KALED50XU9210STB.ir,specific_device,device_family,0.67,specific.brand_model_filename.v1,"{""brand_segment"": ""Kogan"", ""category_segment"": ""TVs"", ""commercial_model"": ""KALED50XU9210STB"", ""filename"": ""Kogan_KALED50XU9210STB""}",False,predição diverge da regra silver
TVs/LG/LG_24LJ4840.ir,specific_device,device_family,0.67,specific.brand_model_filename.v1,"{""brand_segment"": ""LG"", ""category_segment"": ""TVs"", ""commercial_model"": ""24LJ4840"", ""filename"": ""LG_24LJ4840""}",False,predição diverge da regra silver
TVs/LG/LG_27GR95QE_TV.ir,specific_device,device_family,0.67,specific.brand_model_filename.v1,"{""brand_segment"": ""LG"", ""category_segment"": ""TVs"", ""commercial_model"": ""27GR95QE_TV"", ""filename"": ""LG_27GR95QE_TV""}",False,predição diverge da regra silver
TVs/LG/LG_32LF650V.ir,specific_device,device_family,0.67,specific.brand_model_filename.v1,"{""brand_segment"": ""LG"", ""category_segment"": ""TVs"", ""commercial_model"": ""32LF650V"", ""filename"": ""LG_32LF650V""}",False,predição diverge da regra silver
TVs/LG/LG_32LN5406.ir,specific_device,device_family,0.67,specific.brand_model_filename.v1,"{""brand_segment"": ""LG"", ""category_segment"": ""TVs"", ""commercial_model"": ""32LN5406"", ""filename"": ""LG_32LN5406""}",False,predição diverge da regra silver
TVs/LG/LG_32LW4500.ir,specific_device,device_family,0.67,specific.brand_model_filename.v1,"{""brand_segment"": ""LG"", ""category_segment"": ""TVs"", ""commercial_model"": ""32LW4500"", ""filename"": ""LG_32LW4500""}",False,predição diverge da regra silver
TVs/LG/LG_37LN5403.ir,specific_device,device_family,0.67,specific.brand_model_filename.v1,"{""brand_segment"": ""LG"", ""category_segment"": ""TVs"", ""commercial_model"": ""37LN5403"", ""filename"": ""LG_37LN5403""}",False,predição diverge da regra silver
TVs/LG/LG_43NANO779PA.ir,specific_device,device_family,0.67,specific.brand_model_filename.v1,"{""brand_segment"": ""LG"", ""category_segment"": ""TVs"", ""commercial_model"": ""43NANO779PA"", ""filename"": ""LG_43NANO779PA""}",False,predição diverge da regra silver
TVs/LG/LG_48LV340H.ir,specific_device,device_family,0.67,specific.brand_model_filename.v1,"{""brand_segment"": ""LG"", ""category_segment"": ""TVs"", ""commercial_model"": ""48LV340H"", ""filename"": ""LG_48LV340H""}",False,predição diverge da regra silver
TVs/LG/LG_4K_TV.ir,specific_device,device_family,0.67,specific.brand_model_filename.v1,"{""brand_segment"": ""LG"", ""category_segment"": ""TVs"", ""commercial_model"": ""4K_TV"", ""filename"": ""LG_4K_TV""}",False,predição diverge da regra silver
TVs/LG/LG_55LB870V_ZA.ir,specific_device,device_family,0.67,specific.brand_model_filename.v1,"{""brand_segment"": ""LG"", ""category_segment"": ""TVs"", ""commercial_model"": ""55LB870V_ZA"", ""filename"": ""LG_55LB870V_ZA""}",False,predição diverge da regra silver
TVs/LG/LG_55UN7300AUD.ir,specific_device,device_family,0.67,specific.brand_model_filename.v1,"{""brand_segment"": ""LG"", ""category_segment"": ""TVs"", ""commercial_model"": ""55UN7300AUD"", ""filename"": ""LG_55UN7300AUD""}",False,predição diverge da regra silver
TVs/LG/LG_75UJ6470.ir,specific_device,device_family,0.67,specific.brand_model_filename.v1,"{""brand_segment"": ""LG"", ""category_segment"": ""TVs"", ""commercial_model"": ""75UJ6470"", ""filename"": ""LG_75UJ6470""}",False,predição diverge da regra silver
TVs/LG/LG_AKB33871403.ir,specific_device,device_family,0.67,specific.brand_model_filename.v1,"{""brand_segment"": ""LG"", ""category_segment"": ""TVs"", ""commercial_model"": ""AKB33871403"", ""filename"": ""LG_AKB33871403""}",False,predição diverge da regra silver
TVs/LG/LG_AKB69680401.ir,specific_device,device_family,0.67,specific.brand_model_filename.v1,"{""brand_segment"": ""LG"", ""category_segment"": ""TVs"", ""commercial_model"": ""AKB69680401"", ""filename"": ""LG_AKB69680401""}",False,predição diverge da regra silver
TVs/LG/LG_AKB72913118.ir,specific_device,device_family,0.67,specific.brand_model_filename.v1,"{""brand_segment"": ""LG"", ""category_segment"": ""TVs"", ""commercial_model"": ""AKB72913118"", ""filename"": ""LG_AKB72913118""}",False,predição diverge da regra silver
TVs/LG/LG_AKB72914048.ir,specific_device,device_family,0.67,specific.brand_model_filename.v1,"{""brand_segment"": ""LG"", ""category_segment"": ""TVs"", ""commercial_model"": ""AKB72914048"", ""filename"": ""LG_AKB72914048""}",False,predição diverge da regra silver
TVs/LG/LG_AKB72915206.ir,specific_device,device_family,0.67,specific.brand_model_filename.v1,"{""brand_segment"": ""LG"", ""category_segment"": ""TVs"", ""commercial_model"": ""AKB72915206"", ""filename"": ""LG_AKB72915206""}",False,predição diverge da regra silver
TVs/LG/LG_AKB73275675.ir,specific_device,device_family,0.67,specific.brand_model_filename.v1,"{""brand_segment"": ""LG"", ""category_segment"": ""TVs"", ""commercial_model"": ""AKB73275675"", ""filename"": ""LG_AKB73275675""}",False,predição diverge da regra silver
TVs/LG/LG_AKB74915305.ir,specific_device,device_family,0.67,specific.brand_model_filename.v1,"{""brand_segment"": ""LG"", ""category_segment"": ""TVs"", ""commercial_model"": ""AKB74915305"", ""filename"": ""LG_AKB74915305""}",False,predição diverge da regra silver
TVs/LG/LG_AKB75095307.ir,specific_device,device_family,0.67,specific.brand_model_filename.v1,"{""brand_segment"": ""LG"", ""category_segment"": ""TVs"", ""commercial_model"": ""AKB75095307"", ""filename"": ""LG_AKB75095307""}",False,predição diverge da regra silver
TVs/LG/LG_AKB75375608.ir,specific_device,device_family,0.67,specific.brand_model_filename.v1,"{""brand_segment"": ""LG"", ""category_segment"": ""TVs"", ""commercial_model"": ""AKB75375608"", ""filename"": ""LG_AKB75375608""}",False,predição diverge da regra silver
TVs/LG/LG_AKB75675311.ir,specific_device,device_family,0.67,specific.brand_model_filename.v1,"{""brand_segment"": ""LG"", ""category_segment"": ""TVs"", ""commercial_model"": ""AKB75675311"", ""filename"": ""LG_AKB75675311""}",False,predição diverge da regra silver
TVs/LG/LG_AKB75855501.ir,specific_device,device_family,0.67,specific.brand_model_filename.v1,"{""brand_segment"": ""LG"", ""category_segment"": ""TVs"", ""commercial_model"": ""AKB75855501"", ""filename"": ""LG_AKB75855501""}",False,predição diverge da regra silver
TVs/LG/LG_AKB76043102.ir,specific_device,device_family,0.67,specific.brand_model_filename.v1,"{""brand_segment"": ""LG"", ""category_segment"": ""TVs"", ""commercial_model"": ""AKB76043102"", ""filename"": ""LG_AKB76043102""}",False,predição diverge da regra silver
TVs/LG/LG_Hotel_TV_Home2.ir,specific_device,device_family,0.67,specific.brand_model_filename.v1,"{""brand_segment"": ""LG"", ""category_segment"": ""TVs"", ""commercial_model"": ""Hotel_TV_Home2"", ""filename"": ""LG_Hotel_TV_Home2""}",False,predição diverge da regra silver
TVs/LG/LG_MKJ33981404.ir,specific_device,device_family,0.67,specific.brand_model_filename.v1,"{""brand_segment"": ""LG"", ""category_segment"": ""TVs"", ""commercial_model"": ""MKJ33981404"", ""filename"": ""LG_MKJ33981404""}",False,predição diverge da regra silver
TVs/LG/LG_OLED48C37LA (LG_OLED C3 models).ir,specific_device,device_family,0.67,specific.brand_model_filename.v1,"{""brand_segment"": ""LG"", ""category_segment"": ""TVs"", ""commercial_model"": ""OLED48C37LA"", ""filename"": ""LG_OLED48C37LA (LG_OLED C3 models)""}",False,predição diverge da regra silver
TVs/LG/LG_OLED65C8PUA.ir,specific_device,device_family,0.67,specific.brand_model_filename.v1,"{""brand_segment"": ""LG"", ""category_segment"": ""TVs"", ""commercial_model"": ""OLED65C8PUA"", ""filename"": ""LG_OLED65C8PUA""}",False,predição diverge da regra silver
TVs/LG/LG_TV_42LF5800.ir,specific_device,device_family,0.67,specific.brand_model_filename.v1,"{""brand_segment"": ""LG"", ""category_segment"": ""TVs"", ""commercial_model"": ""TV_42LF5800"", ""filename"": ""LG_TV_42LF5800""}",False,predição diverge da regra silver
TVs/LG/LG_TV_AKB75375604.ir,specific_device,device_family,0.67,specific.brand_model_filename.v1,"{""brand_segment"": ""LG"", ""category_segment"": ""TVs"", ""commercial_model"": ""TV_AKB75375604"", ""filename"": ""LG_TV_AKB75375604""}",False,predição diverge da regra silver
TVs/Magnavox/MAGNAVOX_20MT1331_17.ir,specific_device,device_family,0.67,specific.brand_model_filename.v1,"{""brand_segment"": ""Magnavox"", ""category_segment"": ""TVs"", ""commercial_model"": ""20MT1331_17"", ""filename"": ""MAGNAVOX_20MT1331_17""}",False,predição diverge da regra silver
TVs/Magnavox/MAGNAVOX_CD130MW8.ir,specific_device,device_family,0.67,specific.brand_model_filename.v1,"{""brand_segment"": ""Magnavox"", ""category_segment"": ""TVs"", ""commercial_model"": ""CD130MW8"", ""filename"": ""MAGNAVOX_CD130MW8""}",False,predição diverge da regra silver
TVs/Manta/Manta_TV_2.ir,specific_device,device_family,0.67,specific.brand_model_filename.v1,"{""brand_segment"": ""Manta"", ""category_segment"": ""TVs"", ""commercial_model"": ""TV_2"", ""filename"": ""Manta_TV_2""}",False,predição diverge da regra silver
TVs/Matsui/Matsui_1435b.ir,specific_device,device_family,0.67,specific.brand_model_filename.v1,"{""brand_segment"": ""Matsui"", ""category_segment"": ""TVs"", ""commercial_model"": ""1435b"", ""filename"": ""Matsui_1435b""}",False,predição diverge da regra silver
TVs/Medion/Medion_MD21302.ir,specific_device,device_family,0.67,specific.brand_model_filename.v1,"{""brand_segment"": ""Medion"", ""category_segment"": ""TVs"", ""commercial_model"": ""MD21302"", ""filename"": ""Medion_MD21302""}",False,predição diverge da regra silver
TVs/Medion/Medion_MD31802.ir,specific_device,device_family,0.67,specific.brand_model_filename.v1,"{""brand_segment"": ""Medion"", ""category_segment"": ""TVs"", ""commercial_model"": ""MD31802"", ""filename"": ""Medion_MD31802""}",False,predição diverge da regra silver
TVs/NEC/NEC_E425.ir,specific_device,device_family,0.67,specific.brand_model_filename.v1,"{""brand_segment"": ""NEC"", ""category_segment"": ""TVs"", ""commercial_model"": ""E425"", ""filename"": ""NEC_E425""}",False,predição diverge da regra silver
TVs/Panasonic/Panasonic_58JX800_Series.ir,specific_device,device_family,0.67,specific.brand_model_filename.v1,"{""brand_segment"": ""Panasonic"", ""category_segment"": ""TVs"", ""commercial_model"": ""58JX800_Series"", ""filename"": ""Panasonic_58JX800_Series""}",False,predição diverge da regra silver
TVs/Panasonic/Panasonic_N2QAYA_152.ir,specific_device,device_family,0.67,specific.brand_model_filename.v1,"{""brand_segment"": ""Panasonic"", ""category_segment"": ""TVs"", ""commercial_model"": ""N2QAYA_152"", ""filename"": ""Panasonic_N2QAYA_152""}",False,predição diverge da regra silver
TVs/Panasonic/Panasonic_N2QAYB000352.ir,specific_device,device_family,0.67,specific.brand_model_filename.v1,"{""brand_segment"": ""Panasonic"", ""category_segment"": ""TVs"", ""commercial_model"": ""N2QAYB000352"", ""filename"": ""Panasonic_N2QAYB000352""}",False,predição diverge da regra silver
TVs/Panasonic/Panasonic_N2QAYB000705.ir,specific_device,device_family,0.67,specific.brand_model_filename.v1,"{""brand_segment"": ""Panasonic"", ""category_segment"": ""TVs"", ""commercial_model"": ""N2QAYB000705"", ""filename"": ""Panasonic_N2QAYB000705""}",False,predição diverge da regra silver
TVs/Panasonic/Panasonic_N2QAYB000715.ir,specific_device,device_family,0.67,specific.brand_model_filename.v1,"{""brand_segment"": ""Panasonic"", ""category_segment"": ""TVs"", ""commercial_model"": ""N2QAYB000715"", ""filename"": ""Panasonic_N2QAYB000715""}",False,predição diverge da regra silver
TVs/Panasonic/Panasonic_N2QAYB000752.ir,specific_device,device_family,0.67,specific.brand_model_filename.v1,"{""brand_segment"": ""Panasonic"", ""category_segment"": ""TVs"", ""commercial_model"": ""N2QAYB000752"", ""filename"": ""Panasonic_N2QAYB000752""}",False,predição diverge da regra silver
TVs/Panasonic/Panasonic_N2QAYB000752_Full.ir,specific_device,device_family,0.67,specific.brand_model_filename.v1,"{""brand_segment"": ""Panasonic"", ""category_segment"": ""TVs"", ""commercial_model"": ""N2QAYB000752_Full"", ""filename"": ""Panasonic_N2QAYB000752_Full""}",False,predição diverge da regra silver
TVs/Panasonic/Panasonic_N2QAYB000926.ir,specific_device,device_family,0.67,specific.brand_model_filename.v1,"{""brand_segment"": ""Panasonic"", ""category_segment"": ""TVs"", ""commercial_model"": ""N2QAYB000926"", ""filename"": ""Panasonic_N2QAYB000926""}",False,predição diverge da regra silver
TVs/Panasonic/Panasonic_TC-P50S2.ir,specific_device,device_family,0.67,specific.brand_model_filename.v1,"{""brand_segment"": ""Panasonic"", ""category_segment"": ""TVs"", ""commercial_model"": ""TC-P50S2"", ""filename"": ""Panasonic_TC-P50S2""}",False,predição diverge da regra silver
TVs/Panasonic/Panasonic_TC-P50U1.ir,specific_device,device_family,0.67,specific.brand_model_filename.v1,"{""brand_segment"": ""Panasonic"", ""category_segment"": ""TVs"", ""commercial_model"": ""TC-P50U1"", ""filename"": ""Panasonic_TC-P50U1""}",False,predição diverge da regra silver
TVs/Panasonic/Panasonic_TH-43HS550K.ir,specific_device,device_family,0.67,specific.brand_model_filename.v1,"{""brand_segment"": ""Panasonic"", ""category_segment"": ""TVs"", ""commercial_model"": ""TH-43HS550K"", ""filename"": ""Panasonic_TH-43HS550K""}",False,predição diverge da regra silver
TVs/Panasonic/Panasonic_TX-40HX800B.ir,specific_device,device_family,0.67,specific.brand_model_filename.v1,"{""brand_segment"": ""Panasonic"", ""category_segment"": ""TVs"", ""commercial_model"": ""TX-40HX800B"", ""filename"": ""Panasonic_TX-40HX800B""}",False,predição diverge da regra silver
TVs/Panasonic/Panasonic_TX-P50C10E.ir,specific_device,device_family,0.67,specific.brand_model_filename.v1,"{""brand_segment"": ""Panasonic"", ""category_segment"": ""TVs"", ""commercial_model"": ""TX-P50C10E"", ""filename"": ""Panasonic_TX-P50C10E""}",False,predição diverge da regra silver
TVs/Panasonic/Panasonic_TX29AS10C.ir,specific_device,device_family,0.67,specific.brand_model_filename.v1,"{""brand_segment"": ""Panasonic"", ""category_segment"": ""TVs"", ""commercial_model"": ""TX29AS10C"", ""filename"": ""Panasonic_TX29AS10C""}",False,predição diverge da regra silver
TVs/Panasonic/Panasonic_TX_42AS650E.ir,specific_device,device_family,0.67,specific.brand_model_filename.v1,"{""brand_segment"": ""Panasonic"", ""category_segment"": ""TVs"", ""commercial_model"": ""TX_42AS650E"", ""filename"": ""Panasonic_TX_42AS650E""}",False,predição diverge da regra silver
TVs/Panasonic/Panasonic_TX_43GXW584.ir,specific_device,device_family,0.67,specific.brand_model_filename.v1,"{""brand_segment"": ""Panasonic"", ""category_segment"": ""TVs"", ""commercial_model"": ""TX_43GXW584"", ""filename"": ""Panasonic_TX_43GXW584""}",False,predição diverge da regra silver
TVs/Panasonic/Panasonic_TX_L42E5E.ir,specific_device,device_family,0.67,specific.brand_model_filename.v1,"{""brand_segment"": ""Panasonic"", ""category_segment"": ""TVs"", ""commercial_model"": ""TX_L42E5E"", ""filename"": ""Panasonic_TX_L42E5E""}",False,predição diverge da regra silver
TVs/Philips/Philips_14GX8510.ir,specific_device,device_family,0.67,specific.brand_model_filename.v1,"{""brand_segment"": ""Philips"", ""category_segment"": ""TVs"", ""commercial_model"": ""14GX8510"", ""filename"": ""Philips_14GX8510""}",False,predição diverge da regra silver
TVs/Philips/Philips_14PT136B00.ir,specific_device,device_family,0.67,specific.brand_model_filename.v1,"{""brand_segment"": ""Philips"", ""category_segment"": ""TVs"", ""commercial_model"": ""14PT136B00"", ""filename"": ""Philips_14PT136B00""}",False,predição diverge da regra silver
TVs/Philips/Philips_22IT_TV_Monitor.ir,specific_device,device_family,0.67,specific.brand_model_filename.v1,"{""brand_segment"": ""Philips"", ""category_segment"": ""TVs"", ""commercial_model"": ""22IT_TV_Monitor"", ""filename"": ""Philips_22IT_TV_Monitor""}",False,predição diverge da regra silver
TVs/Philips/Philips_32PFL4208T.ir,specific_device,device_family,0.67,specific.brand_model_filename.v1,"{""brand_segment"": ""Philips"", ""category_segment"": ""TVs"", ""commercial_model"": ""32PFL4208T"", ""filename"": ""Philips_32PFL4208T""}",False,predição diverge da regra silver
TVs/Philips/Philips_32PFL7403S.ir,specific_device,device_family,0.67,specific.brand_model_filename.v1,"{""brand_segment"": ""Philips"", ""category_segment"": ""TVs"", ""commercial_model"": ""32PFL7403S"", ""filename"": ""Philips_32PFL7403S""}",False,predição diverge da regra silver
TVs/Philips/Philips_32PFL7962D12.ir,specific_device,device_family,0.67,specific.brand_model_filename.v1,"{""brand_segment"": ""Philips"", ""category_segment"": ""TVs"", ""commercial_model"": ""32PFL7962D12"", ""filename"": ""Philips_32PFL7962D12""}",False,predição diverge da regra silver
TVs/Philips/Philips_40HFL3010T12.ir,specific_device,device_family,0.67,specific.brand_model_filename.v1,"{""brand_segment"": ""Philips"", ""category_segment"": ""TVs"", ""commercial_model"": ""40HFL3010T12"", ""filename"": ""Philips_40HFL3010T12""}",False,predição diverge da regra silver
TVs/Philips/Philips_40PFL6533_F7D.ir,specific_device,device_family,0.67,specific.brand_model_filename.v1,"{""brand_segment"": ""Philips"", ""category_segment"": ""TVs"", ""commercial_model"": ""40PFL6533_F7D"", ""filename"": ""Philips_40PFL6533_F7D""}",False,predição diverge da regra silver
TVs/Philips/Philips_436M6VBPAB.ir,specific_device,device_family,0.67,specific.brand_model_filename.v1,"{""brand_segment"": ""Philips"", ""category_segment"": ""TVs"", ""commercial_model"": ""436M6VBPAB"", ""filename"": ""Philips_436M6VBPAB""}",False,predição diverge da regra silver
TVs/Philips/Philips_50PUT6103_79.ir,specific_device,device_family,0.67,specific.brand_model_filename.v1,"{""brand_segment"": ""Philips"", ""category_segment"": ""TVs"", ""commercial_model"": ""50PUT6103_79"", ""filename"": ""Philips_50PUT6103_79""}",False,predição diverge da regra silver
TVs/Philips/Philips_5766_Series.ir,specific_device,device_family,0.67,specific.brand_model_filename.v1,"{""brand_segment"": ""Philips"", ""category_segment"": ""TVs"", ""commercial_model"": ""5766_Series"", ""filename"": ""Philips_5766_Series""}",False,predição diverge da regra silver
TVs/Philips/Philips_TV_48OLED806.ir,specific_device,device_family,0.67,specific.brand_model_filename.v1,"{""brand_segment"": ""Philips"", ""category_segment"": ""TVs"", ""commercial_model"": ""TV_48OLED806"", ""filename"": ""Philips_TV_48OLED806""}",False,predição diverge da regra silver
TVs/Philips/Philips_TV_7000LED_42PFL7695H.ir,specific_device,device_family,0.67,specific.brand_model_filename.v1,"{""brand_segment"": ""Philips"", ""category_segment"": ""TVs"", ""commercial_model"": ""TV_7000LED_42PFL7695H"", ""filename"": ""Philips_TV_7000LED_42PFL7695H""}",False,predição diverge da regra silver
TVs/Philips/Philips_TV_7956_Series.ir,specific_device,device_family,0.67,specific.brand_model_filename.v1,"{""brand_segment"": ""Philips"", ""category_segment"": ""TVs"", ""commercial_model"": ""TV_7956_Series"", ""filename"": ""Philips_TV_7956_Series""}",False,predição diverge da regra silver
TVs/Philips/Philips_XXPFL9955H.ir,specific_device,device_family,0.67,specific.brand_model_filename.v1,"{""brand_segment"": ""Philips"", ""category_segment"": ""TVs"", ""commercial_model"": ""XXPFL9955H"", ""filename"": ""Philips_XXPFL9955H""}",False,predição diverge da regra silver
TVs/Philips/Philips_sf256.ir,specific_device,device_family,0.67,specific.brand_model_filename.v1,"{""brand_segment"": ""Philips"", ""category_segment"": ""TVs"", ""commercial_model"": ""sf256"", ""filename"": ""Philips_sf256""}",False,predição diverge da regra silver
TVs/Platinum/Platinum_PT2020LED.ir,specific_device,device_family,0.67,specific.brand_model_filename.v1,"{""brand_segment"": ""Platinum"", ""category_segment"": ""TVs"", ""commercial_model"": ""PT2020LED"", ""filename"": ""Platinum_PT2020LED""}",False,predição diverge da regra silver
TVs/RCA/RCA_24_Roku.ir,specific_device,device_family,0.67,specific.brand_model_filename.v1,"{""brand_segment"": ""RCA"", ""category_segment"": ""TVs"", ""commercial_model"": ""24_Roku"", ""filename"": ""RCA_24_Roku""}",False,predição diverge da regra silver
TVs/RCA/RCA_CRK50A.ir,specific_device,device_family,0.67,specific.brand_model_filename.v1,"{""brand_segment"": ""RCA"", ""category_segment"": ""TVs"", ""commercial_model"": ""CRK50A"", ""filename"": ""RCA_CRK50A""}",False,predição diverge da regra silver
TVs/RCA/RCA_P46731AT_TV.ir,specific_device,device_family,0.67,specific.brand_model_filename.v1,"{""brand_segment"": ""RCA"", ""category_segment"": ""TVs"", ""commercial_model"": ""P46731AT_TV"", ""filename"": ""RCA_P46731AT_TV""}",False,predição diverge da regra silver
TVs/RCA/RCA_RCR314WR_ RCA313BR.ir,specific_device,device_family,0.67,specific.brand_model_filename.v1,"{""brand_segment"": ""RCA"", ""category_segment"": ""TVs"", ""commercial_model"": ""RCR314WR_"", ""filename"": ""RCA_RCR314WR_ RCA313BR""}",False,predição diverge da regra silver
TVs/RCA/RCA_RLDED3258A-B.ir,specific_device,device_family,0.67,specific.brand_model_filename.v1,"{""brand_segment"": ""RCA"", ""category_segment"": ""TVs"", ""commercial_model"": ""RLDED3258A-B"", ""filename"": ""RCA_RLDED3258A-B""}",False,predição diverge da regra silver
TVs/RCA/RCA_RT2471_AC.ir,specific_device,device_family,0.67,specific.brand_model_filename.v1,"{""brand_segment"": ""RCA"", ""category_segment"": ""TVs"", ""commercial_model"": ""RT2471_AC"", ""filename"": ""RCA_RT2471_AC""}",False,predição diverge da regra silver
TVs/RCA/RCA_RokuTV_RTR4061-B-CA.ir,specific_device,device_family,0.67,specific.brand_model_filename.v1,"{""brand_segment"": ""RCA"", ""category_segment"": ""TVs"", ""commercial_model"": ""RokuTV_RTR4061-B-CA"", ""filename"": ""RCA_RokuTV_RTR4061-B-CA""}",False,predição diverge da regra silver
TVs/RCA/RCA_TV_2.ir,specific_device,device_family,0.67,specific.brand_model_filename.v1,"{""brand_segment"": ""RCA"", ""category_segment"": ""TVs"", ""commercial_model"": ""TV_2"", ""filename"": ""RCA_TV_2""}",False,predição diverge da regra silver
TVs/Samsung/Samsung_AA-00721A.ir,specific_device,device_family,0.67,specific.brand_model_filename.v1,"{""brand_segment"": ""Samsung"", ""category_segment"": ""TVs"", ""commercial_model"": ""AA-00721A"", ""filename"": ""Samsung_AA-00721A""}",False,predição diverge da regra silver
TVs/Samsung/Samsung_AA59-00443A.ir,specific_device,device_family,0.67,specific.brand_model_filename.v1,"{""brand_segment"": ""Samsung"", ""category_segment"": ""TVs"", ""commercial_model"": ""AA59-00443A"", ""filename"": ""Samsung_AA59-00443A""}",False,predição diverge da regra silver
TVs/Samsung/Samsung_AA59-00484A.ir,specific_device,device_family,0.67,specific.brand_model_filename.v1,"{""brand_segment"": ""Samsung"", ""category_segment"": ""TVs"", ""commercial_model"": ""AA59-00484A"", ""filename"": ""Samsung_AA59-00484A""}",False,predição diverge da regra silver
TVs/Samsung/Samsung_AA59-00580A.ir,specific_device,device_family,0.67,specific.brand_model_filename.v1,"{""brand_segment"": ""Samsung"", ""category_segment"": ""TVs"", ""commercial_model"": ""AA59-00580A"", ""filename"": ""Samsung_AA59-00580A""}",False,predição diverge da regra silver
TVs/Samsung/Samsung_AA59-00602A.ir,specific_device,device_family,0.67,specific.brand_model_filename.v1,"{""brand_segment"": ""Samsung"", ""category_segment"": ""TVs"", ""commercial_model"": ""AA59-00602A"", ""filename"": ""Samsung_AA59-00602A""}",False,predição diverge da regra silver
TVs/Samsung/Samsung_AA59-00741A.ir,specific_device,device_family,0.67,specific.brand_model_filename.v1,"{""brand_segment"": ""Samsung"", ""category_segment"": ""TVs"", ""commercial_model"": ""AA59-00741A"", ""filename"": ""Samsung_AA59-00741A""}",False,predição diverge da regra silver
TVs/Samsung/Samsung_AA59-00786A.ir,specific_device,device_family,0.67,specific.brand_model_filename.v1,"{""brand_segment"": ""Samsung"", ""category_segment"": ""TVs"", ""commercial_model"": ""AA59-00786A"", ""filename"": ""Samsung_AA59-00786A""}",False,predição diverge da regra silver
TVs/Samsung/Samsung_AA59.ir,specific_device,device_family,0.67,specific.brand_model_filename.v1,"{""brand_segment"": ""Samsung"", ""category_segment"": ""TVs"", ""commercial_model"": ""AA59"", ""filename"": ""Samsung_AA59""}",False,predição diverge da regra silver
TVs/Samsung/Samsung_AA81-00243A.ir,specific_device,device_family,0.67,specific.brand_model_filename.v1,"{""brand_segment"": ""Samsung"", ""category_segment"": ""TVs"", ""commercial_model"": ""AA81-00243A"", ""filename"": ""Samsung_AA81-00243A""}",False,predição diverge da regra silver
TVs/Samsung/Samsung_BN59-00511A.ir,specific_device,device_family,0.67,specific.brand_model_filename.v1,"{""brand_segment"": ""Samsung"", ""category_segment"": ""TVs"", ""commercial_model"": ""BN59-00511A"", ""filename"": ""Samsung_BN59-00511A""}",False,predição diverge da regra silver
TVs/Samsung/Samsung_BN59-01081A.ir,specific_device,device_family,0.67,specific.brand_model_filename.v1,"{""brand_segment"": ""Samsung"", ""category_segment"": ""TVs"", ""commercial_model"": ""BN59-01081A"", ""filename"": ""Samsung_BN59-01081A""}",False,predição diverge da regra silver
TVs/Samsung/Samsung_BN59-01175N.ir,specific_device,device_family,0.67,specific.brand_model_filename.v1,"{""brand_segment"": ""Samsung"", ""category_segment"": ""TVs"", ""commercial_model"": ""BN59-01175N"", ""filename"": ""Samsung_BN59-01175N""}",False,predição diverge da regra silver
TVs/Samsung/Samsung_BN59-01178W.ir,specific_device,device_family,0.67,specific.brand_model_filename.v1,"{""brand_segment"": ""Samsung"", ""category_segment"": ""TVs"", ""commercial_model"": ""BN59-01178W"", ""filename"": ""Samsung_BN59-01178W""}",False,predição diverge da regra silver
TVs/Samsung/Samsung_BN59-01179A.ir,specific_device,device_family,0.67,specific.brand_model_filename.v1,"{""brand_segment"": ""Samsung"", ""category_segment"": ""TVs"", ""commercial_model"": ""BN59-01179A"", ""filename"": ""Samsung_BN59-01179A""}",False,predição diverge da regra silver
TVs/Samsung/Samsung_BN59-01180A.ir,specific_device,device_family,0.67,specific.brand_model_filename.v1,"{""brand_segment"": ""Samsung"", ""category_segment"": ""TVs"", ""commercial_model"": ""BN59-01180A"", ""filename"": ""Samsung_BN59-01180A""}",False,predição diverge da regra silver
TVs/Samsung/Samsung_BN59-01198_R.ir,specific_device,device_family,0.67,specific.brand_model_filename.v1,"{""brand_segment"": ""Samsung"", ""category_segment"": ""TVs"", ""commercial_model"": ""BN59-01198_R"", ""filename"": ""Samsung_BN59-01198_R""}",False,predição diverge da regra silver
TVs/Samsung/Samsung_BN59-01247A.ir,specific_device,device_family,0.67,specific.brand_model_filename.v1,"{""brand_segment"": ""Samsung"", ""category_segment"": ""TVs"", ""commercial_model"": ""BN59-01247A"", ""filename"": ""Samsung_BN59-01247A""}",False,predição diverge da regra silver
TVs/Samsung/Samsung_BN59-01301A.ir,specific_device,device_family,0.67,specific.brand_model_filename.v1,"{""brand_segment"": ""Samsung"", ""category_segment"": ""TVs"", ""commercial_model"": ""BN59-01301A"", ""filename"": ""Samsung_BN59-01301A""}",False,predição diverge da regra silver
TVs/Samsung/Samsung_BN59-01303A.ir,specific_device,device_family,0.67,specific.brand_model_filename.v1,"{""brand_segment"": ""Samsung"", ""category_segment"": ""TVs"", ""commercial_model"": ""BN59-01303A"", ""filename"": ""Samsung_BN59-01303A""}",False,predição diverge da regra silver
TVs/Samsung/Samsung_BN59-01315B.ir,specific_device,device_family,0.67,specific.brand_model_filename.v1,"{""brand_segment"": ""Samsung"", ""category_segment"": ""TVs"", ""commercial_model"": ""BN59-01315B"", ""filename"": ""Samsung_BN59-01315B""}",False,predição diverge da regra silver
TVs/Samsung/Samsung_BN59-01315J.ir,specific_device,device_family,0.67,specific.brand_model_filename.v1,"{""brand_segment"": ""Samsung"", ""category_segment"": ""TVs"", ""commercial_model"": ""BN59-01315J"", ""filename"": ""Samsung_BN59-01315J""}",False,predição diverge da regra silver
TVs/Samsung/Samsung_BN59-01330C.ir,specific_device,device_family,0.67,specific.brand_model_filename.v1,"{""brand_segment"": ""Samsung"", ""category_segment"": ""TVs"", ""commercial_model"": ""BN59-01330C"", ""filename"": ""Samsung_BN59-01330C""}",False,predição diverge da regra silver
TVs/Samsung/Samsung_BN59-01358C.ir,specific_device,device_family,0.67,specific.brand_model_filename.v1,"{""brand_segment"": ""Samsung"", ""category_segment"": ""TVs"", ""commercial_model"": ""BN59-01358C"", ""filename"": ""Samsung_BN59-01358C""}",False,predição diverge da regra silver
TVs/Samsung/Samsung_BN59-01385C.ir,specific_device,device_family,0.67,specific.brand_model_filename.v1,"{""brand_segment"": ""Samsung"", ""category_segment"": ""TVs"", ""commercial_model"": ""BN59-01385C"", ""filename"": ""Samsung_BN59-01385C""}",False,predição diverge da regra silver
TVs/Samsung/Samsung_BN59-01388.ir,specific_device,device_family,0.67,specific.brand_model_filename.v1,"{""brand_segment"": ""Samsung"", ""category_segment"": ""TVs"", ""commercial_model"": ""BN59-01388"", ""filename"": ""Samsung_BN59-01388""}",False,predição diverge da regra silver
TVs/Samsung/Samsung_BN59-01391A.ir,specific_device,device_family,0.67,specific.brand_model_filename.v1,"{""brand_segment"": ""Samsung"", ""category_segment"": ""TVs"", ""commercial_model"": ""BN59-01391A"", ""filename"": ""Samsung_BN59-01391A""}",False,predição diverge da regra silver
TVs/Samsung/Samsung_BN59.ir,specific_device,device_family,0.67,specific.brand_model_filename.v1,"{""brand_segment"": ""Samsung"", ""category_segment"": ""TVs"", ""commercial_model"": ""BN59"", ""filename"": ""Samsung_BN59""}",False,predição diverge da regra silver
TVs/Samsung/Samsung_H6300_TV.ir,specific_device,device_family,0.67,specific.brand_model_filename.v1,"{""brand_segment"": ""Samsung"", ""category_segment"": ""TVs"", ""commercial_model"": ""H6300_TV"", ""filename"": ""Samsung_H6300_TV""}",False,predição diverge da regra silver
TVs/Samsung/Samsung_HQ24ED470AK.ir,specific_device,device_family,0.62,specific.brand_model_filename.v1,"{""brand_segment"": ""Samsung"", ""category_segment"": ""TVs"", ""commercial_model"": ""HQ24ED470AK"", ""filename"": ""Samsung_HQ24ED470AK""}",False,predição diverge da regra silver
TVs/Samsung/Samsung_LE37S71B.ir,specific_device,device_family,0.67,specific.brand_model_filename.v1,"{""brand_segment"": ""Samsung"", ""category_segment"": ""TVs"", ""commercial_model"": ""LE37S71B"", ""filename"": ""Samsung_LE37S71B""}",False,predição diverge da regra silver
TVs/Samsung/Samsung_LN32D403E2GCTC.ir,specific_device,device_family,0.67,specific.brand_model_filename.v1,"{""brand_segment"": ""Samsung"", ""category_segment"": ""TVs"", ""commercial_model"": ""LN32D403E2GCTC"", ""filename"": ""Samsung_LN32D403E2GCTC""}",False,predição diverge da regra silver
TVs/Samsung/Samsung_LN46C650L1F.ir,specific_device,device_family,0.67,specific.brand_model_filename.v1,"{""brand_segment"": ""Samsung"", ""category_segment"": ""TVs"", ""commercial_model"": ""LN46C650L1F"", ""filename"": ""Samsung_LN46C650L1F""}",False,predição diverge da regra silver
TVs/Samsung/Samsung_LW17E34C.ir,specific_device,device_family,0.67,specific.brand_model_filename.v1,"{""brand_segment"": ""Samsung"", ""category_segment"": ""TVs"", ""commercial_model"": ""LW17E34C"", ""filename"": ""Samsung_LW17E34C""}",False,predição diverge da regra silver
TVs/Samsung/Samsung_P2770HD.ir,specific_device,device_family,0.67,specific.brand_model_filename.v1,"{""brand_segment"": ""Samsung"", ""category_segment"": ""TVs"", ""commercial_model"": ""P2770HD"", ""filename"": ""Samsung_P2770HD""}",False,predição diverge da regra silver
TVs/Samsung/Samsung_QM55RA.ir,specific_device,device_family,0.67,specific.brand_model_filename.v1,"{""brand_segment"": ""Samsung"", ""category_segment"": ""TVs"", ""commercial_model"": ""QM55RA"", ""filename"": ""Samsung_QM55RA""}",False,predição diverge da regra silver
TVs/Samsung/Samsung_QN43Q60AAF.ir,specific_device,device_family,0.67,specific.brand_model_filename.v1,"{""brand_segment"": ""Samsung"", ""category_segment"": ""TVs"", ""commercial_model"": ""QN43Q60AAF"", ""filename"": ""Samsung_QN43Q60AAF""}",False,predição diverge da regra silver
TVs/Samsung/Samsung_TV_1.ir,specific_device,device_family,0.67,specific.brand_model_filename.v1,"{""brand_segment"": ""Samsung"", ""category_segment"": ""TVs"", ""commercial_model"": ""TV_1"", ""filename"": ""Samsung_TV_1""}",False,predição diverge da regra silver
TVs/Samsung/Samsung_TV_2.ir,specific_device,device_family,0.67,specific.brand_model_filename.v1,"{""brand_segment"": ""Samsung"", ""category_segment"": ""TVs"", ""commercial_model"": ""TV_2"", ""filename"": ""Samsung_TV_2""}",False,predição diverge da regra silver
TVs/Samsung/Samsung_UE26C4000PW.ir,specific_device,device_family,0.67,specific.brand_model_filename.v1,"{""brand_segment"": ""Samsung"", ""category_segment"": ""TVs"", ""commercial_model"": ""UE26C4000PW"", ""filename"": ""Samsung_UE26C4000PW""}",False,predição diverge da regra silver
TVs/Samsung/Samsung_UE32F4000.ir,specific_device,device_family,0.67,specific.brand_model_filename.v1,"{""brand_segment"": ""Samsung"", ""category_segment"": ""TVs"", ""commercial_model"": ""UE32F4000"", ""filename"": ""Samsung_UE32F4000""}",False,predição diverge da regra silver
TVs/Samsung/Samsung_UE32F4000AW.ir,specific_device,device_family,0.67,specific.brand_model_filename.v1,"{""brand_segment"": ""Samsung"", ""category_segment"": ""TVs"", ""commercial_model"": ""UE32F4000AW"", ""filename"": ""Samsung_UE32F4000AW""}",False,predição diverge da regra silver
TVs/Samsung/Samsung_UE48JU6490U.ir,specific_device,device_family,0.67,specific.brand_model_filename.v1,"{""brand_segment"": ""Samsung"", ""category_segment"": ""TVs"", ""commercial_model"": ""UE48JU6490U"", ""filename"": ""Samsung_UE48JU6490U""}",False,predição diverge da regra silver
TVs/Samsung/Samsung_UE75TU7125K.ir,specific_device,device_family,0.67,specific.brand_model_filename.v1,"{""brand_segment"": ""Samsung"", ""category_segment"": ""TVs"", ""commercial_model"": ""UE75TU7125K"", ""filename"": ""Samsung_UE75TU7125K""}",False,predição diverge da regra silver
TVs/Samsung/Samsung_UN32EH5000F.ir,specific_device,device_family,0.67,specific.brand_model_filename.v1,"{""brand_segment"": ""Samsung"", ""category_segment"": ""TVs"", ""commercial_model"": ""UN32EH5000F"", ""filename"": ""Samsung_UN32EH5000F""}",False,predição diverge da regra silver
TVs/Samsung/Samsung_UN40C5000QFXZA.ir,specific_device,device_family,0.67,specific.brand_model_filename.v1,"{""brand_segment"": ""Samsung"", ""category_segment"": ""TVs"", ""commercial_model"": ""UN40C5000QFXZA"", ""filename"": ""Samsung_UN40C5000QFXZA""}",False,predição diverge da regra silver
TVs/Samsung/Samsung_UN60JU6500.ir,specific_device,device_family,0.67,specific.brand_model_filename.v1,"{""brand_segment"": ""Samsung"", ""category_segment"": ""TVs"", ""commercial_model"": ""UN60JU6500"", ""filename"": ""Samsung_UN60JU6500""}",False,predição diverge da regra silver
TVs/Sanyo/Sanyo_DP26640.ir,specific_device,device_family,0.67,specific.brand_model_filename.v1,"{""brand_segment"": ""Sanyo"", ""category_segment"": ""TVs"", ""commercial_model"": ""DP26640"", ""filename"": ""Sanyo_DP26640""}",False,predição diverge da regra silver
TVs/Sanyo/Sanyo_FW40R49FC.ir,specific_device,device_family,0.67,specific.brand_model_filename.v1,"{""brand_segment"": ""Sanyo"", ""category_segment"": ""TVs"", ""commercial_model"": ""FW40R49FC"", ""filename"": ""Sanyo_FW40R49FC""}",False,predição diverge da regra silver
TVs/Sanyo/Sanyo_ds32224.ir,specific_device,device_family,0.67,specific.brand_model_filename.v1,"{""brand_segment"": ""Sanyo"", ""category_segment"": ""TVs"", ""commercial_model"": ""ds32224"", ""filename"": ""Sanyo_ds32224""}",False,predição diverge da regra silver
TVs/Sceptre/Sceptre_8142026670003C.ir,specific_device,device_family,0.67,specific.brand_model_filename.v1,"{""brand_segment"": ""Sceptre"", ""category_segment"": ""TVs"", ""commercial_model"": ""8142026670003C"", ""filename"": ""Sceptre_8142026670003C""}",False,predição diverge da regra silver
TVs/Sceptre/Sceptre_H24.ir,specific_device,device_family,0.67,specific.brand_model_filename.v1,"{""brand_segment"": ""Sceptre"", ""category_segment"": ""TVs"", ""commercial_model"": ""H24"", ""filename"": ""Sceptre_H24""}",False,predição diverge da regra silver
TVs/Sceptre/Sceptre_X50_Series.ir,specific_device,device_family,0.67,specific.brand_model_filename.v1,"{""brand_segment"": ""Sceptre"", ""category_segment"": ""TVs"", ""commercial_model"": ""X50_Series"", ""filename"": ""Sceptre_X50_Series""}",False,predição diverge da regra silver
TVs/Seiki/Seiki_SE40FYP1T_TV.ir,specific_device,device_family,0.67,specific.brand_model_filename.v1,"{""brand_segment"": ""Seiki"", ""category_segment"": ""TVs"", ""commercial_model"": ""SE40FYP1T_TV"", ""filename"": ""Seiki_SE40FYP1T_TV""}",False,predição diverge da regra silver
TVs/Sharp/Sharp_13VT-L100.ir,specific_device,device_family,0.62,specific.brand_model_filename.v1,"{""brand_segment"": ""Sharp"", ""category_segment"": ""TVs"", ""commercial_model"": ""13VT-L100"", ""filename"": ""Sharp_13VT-L100""}",False,predição diverge da regra silver
TVs/Sharp/Sharp_Aquos_32BG3E.ir,specific_device,device_family,0.67,specific.brand_model_filename.v1,"{""brand_segment"": ""Sharp"", ""category_segment"": ""TVs"", ""commercial_model"": ""Aquos_32BG3E"", ""filename"": ""Sharp_Aquos_32BG3E""}",False,predição diverge da regra silver
TVs/Sharp/Sharp_LC-42LB261U.ir,specific_device,device_family,0.62,specific.brand_model_filename.v1,"{""brand_segment"": ""Sharp"", ""category_segment"": ""TVs"", ""commercial_model"": ""LC-42LB261U"", ""filename"": ""Sharp_LC-42LB261U""}",False,predição diverge da regra silver
TVs/Sharp/Sharp_LC-RC1-16.ir,specific_device,device_family,0.62,specific.brand_model_filename.v1,"{""brand_segment"": ""Sharp"", ""category_segment"": ""TVs"", ""commercial_model"": ""LC-RC1-16"", ""filename"": ""Sharp_LC-RC1-16""}",False,predição diverge da regra silver
TVs/Sharp/Sharp_TV2.ir,specific_device,device_family,0.62,specific.brand_model_filename.v1,"{""brand_segment"": ""Sharp"", ""category_segment"": ""TVs"", ""commercial_model"": ""TV2"", ""filename"": ""Sharp_TV2""}",False,predição diverge da regra silver
TVs/Sharp/Sharp_g0684cesa_NES_TV.ir,specific_device,device_family,0.67,specific.brand_model_filename.v1,"{""brand_segment"": ""Sharp"", ""category_segment"": ""TVs"", ""commercial_model"": ""g0684cesa_NES_TV"", ""filename"": ""Sharp_g0684cesa_NES_TV""}",False,predição diverge da regra silver
TVs/Silver/Silver_LE410004.ir,specific_device,device_family,0.67,specific.brand_model_filename.v1,"{""brand_segment"": ""Silver"", ""category_segment"": ""TVs"", ""commercial_model"": ""LE410004"", ""filename"": ""Silver_LE410004""}",False,predição diverge da regra silver
TVs/SkyVue/SKYVUE_03SI-RI.ir,specific_device,device_family,0.67,specific.brand_model_filename.v1,"{""brand_segment"": ""SkyVue"", ""category_segment"": ""TVs"", ""commercial_model"": ""03SI-RI"", ""filename"": ""SKYVUE_03SI-RI""}",False,predição diverge da regra silver
TVs/Soniq/Soniq_E32W13B.ir,specific_device,device_family,0.67,specific.brand_model_filename.v1,"{""brand_segment"": ""Soniq"", ""category_segment"": ""TVs"", ""commercial_model"": ""E32W13B"", ""filename"": ""Soniq_E32W13B""}",False,predição diverge da regra silver
TVs/Soniq/Soniq_E55V13A.ir,specific_device,device_family,0.67,specific.brand_model_filename.v1,"{""brand_segment"": ""Soniq"", ""category_segment"": ""TVs"", ""commercial_model"": ""E55V13A"", ""filename"": ""Soniq_E55V13A""}",False,predição diverge da regra silver
TVs/Soniq/Soniq_QSP500TV6.ir,specific_device,device_family,0.67,specific.brand_model_filename.v1,"{""brand_segment"": ""Soniq"", ""category_segment"": ""TVs"", ""commercial_model"": ""QSP500TV6"", ""filename"": ""Soniq_QSP500TV6""}",False,predição diverge da regra silver
TVs/Soniq/Soniq_Z24Z15B.ir,specific_device,device_family,0.67,specific.brand_model_filename.v1,"{""brand_segment"": ""Soniq"", ""category_segment"": ""TVs"", ""commercial_model"": ""Z24Z15B"", ""filename"": ""Soniq_Z24Z15B""}",False,predição diverge da regra silver
TVs/Sony/Sony_Bravia_KD-55XF80xx-49XF80xx-43XF80xx.ir,specific_device,device_family,0.67,specific.brand_model_filename.v1,"{""brand_segment"": ""Sony"", ""category_segment"": ""TVs"", ""commercial_model"": ""Bravia_KD-55XF80xx-49XF80xx-43XF80xx"", ""filename"": ""Sony_Bravia_KD-55XF80xx-49XF80xx-43XF80xx""}",False,predição diverge da regra silver
TVs/Sony/Sony_Bravia_KDL-46W905A.ir,specific_device,device_family,0.67,specific.brand_model_filename.v1,"{""brand_segment"": ""Sony"", ""category_segment"": ""TVs"", ""commercial_model"": ""Bravia_KDL-46W905A"", ""filename"": ""Sony_Bravia_KDL-46W905A""}",False,predição diverge da regra silver
TVs/Sony/Sony_KD-55X80CK.ir,specific_device,device_family,0.67,specific.brand_model_filename.v1,"{""brand_segment"": ""Sony"", ""category_segment"": ""TVs"", ""commercial_model"": ""KD-55X80CK"", ""filename"": ""Sony_KD-55X80CK""}",False,predição diverge da regra silver
TVs/Sony/Sony_KDL-55HX850.ir,specific_device,device_family,0.67,specific.brand_model_filename.v1,"{""brand_segment"": ""Sony"", ""category_segment"": ""TVs"", ""commercial_model"": ""KDL-55HX850"", ""filename"": ""Sony_KDL-55HX850""}",False,predição diverge da regra silver
TVs/Sony/Sony_RM-GD014.ir,specific_device,device_family,0.67,specific.brand_model_filename.v1,"{""brand_segment"": ""Sony"", ""category_segment"": ""TVs"", ""commercial_model"": ""RM-GD014"", ""filename"": ""Sony_RM-GD014""}",False,predição diverge da regra silver
TVs/Sony/Sony_RM-V310.ir,specific_device,device_family,0.67,specific.brand_model_filename.v1,"{""brand_segment"": ""Sony"", ""category_segment"": ""TVs"", ""commercial_model"": ""RM-V310"", ""filename"": ""Sony_RM-V310""}",False,predição diverge da regra silver
TVs/Sony/Sony_RM-YD017.ir,specific_device,device_family,0.67,specific.brand_model_filename.v1,"{""brand_segment"": ""Sony"", ""category_segment"": ""TVs"", ""commercial_model"": ""RM-YD017"", ""filename"": ""Sony_RM-YD017""}",False,predição diverge da regra silver
TVs/Sony/Sony_RM-YD018.ir,specific_device,device_family,0.67,specific.brand_model_filename.v1,"{""brand_segment"": ""Sony"", ""category_segment"": ""TVs"", ""commercial_model"": ""RM-YD018"", ""filename"": ""Sony_RM-YD018""}",False,predição diverge da regra silver
TVs/Sony/Sony_RM-YD028.ir,specific_device,device_family,0.67,specific.brand_model_filename.v1,"{""brand_segment"": ""Sony"", ""category_segment"": ""TVs"", ""commercial_model"": ""RM-YD028"", ""filename"": ""Sony_RM-YD028""}",False,predição diverge da regra silver
TVs/Sony/Sony_RM-YD092.ir,specific_device,device_family,0.67,specific.brand_model_filename.v1,"{""brand_segment"": ""Sony"", ""category_segment"": ""TVs"", ""commercial_model"": ""RM-YD092"", ""filename"": ""Sony_RM-YD092""}",False,predição diverge da regra silver
TVs/Sony/Sony_RMEA002.ir,specific_device,device_family,0.67,specific.brand_model_filename.v1,"{""brand_segment"": ""Sony"", ""category_segment"": ""TVs"", ""commercial_model"": ""RMEA002"", ""filename"": ""Sony_RMEA002""}",False,predição diverge da regra silver
TVs/Sony/Sony_RMF-TX500U.ir,specific_device,device_family,0.67,specific.brand_model_filename.v1,"{""brand_segment"": ""Sony"", ""category_segment"": ""TVs"", ""commercial_model"": ""RMF-TX500U"", ""filename"": ""Sony_RMF-TX500U""}",False,predição diverge da regra silver
TVs/Sony/Sony_RMT_TX100D.ir,specific_device,device_family,0.67,specific.brand_model_filename.v1,"{""brand_segment"": ""Sony"", ""category_segment"": ""TVs"", ""commercial_model"": ""RMT_TX100D"", ""filename"": ""Sony_RMT_TX100D""}",False,predição diverge da regra silver
TVs/Sony/Sony_RMT_TX200U.ir,specific_device,device_family,0.67,specific.brand_model_filename.v1,"{""brand_segment"": ""Sony"", ""category_segment"": ""TVs"", ""commercial_model"": ""RMT_TX200U"", ""filename"": ""Sony_RMT_TX200U""}",False,predição diverge da regra silver
TVs/Sony/Sony_RM_ED016.ir,specific_device,device_family,0.67,specific.brand_model_filename.v1,"{""brand_segment"": ""Sony"", ""category_segment"": ""TVs"", ""commercial_model"": ""RM_ED016"", ""filename"": ""Sony_RM_ED016""}",False,predição diverge da regra silver
TVs/Sony/Sony_RM_ED045.ir,specific_device,device_family,0.67,specific.brand_model_filename.v1,"{""brand_segment"": ""Sony"", ""category_segment"": ""TVs"", ""commercial_model"": ""RM_ED045"", ""filename"": ""Sony_RM_ED045""}",False,predição diverge da regra silver
TVs/Sony/Sony_SFRTV5.ir,specific_device,device_family,0.62,specific.brand_model_filename.v1,"{""brand_segment"": ""Sony"", ""category_segment"": ""TVs"", ""commercial_model"": ""SFRTV5"", ""filename"": ""Sony_SFRTV5""}",False,predição diverge da regra silver
TVs/Sony/Sony_X2182U.ir,specific_device,device_family,0.67,specific.brand_model_filename.v1,"{""brand_segment"": ""Sony"", ""category_segment"": ""TVs"", ""commercial_model"": ""X2182U"", ""filename"": ""Sony_X2182U""}",False,predição diverge da regra silver
TVs/Sony/Sony_XBR_RM-TD017.ir,specific_device,device_family,0.67,specific.brand_model_filename.v1,"{""brand_segment"": ""Sony"", ""category_segment"": ""TVs"", ""commercial_model"": ""XBR_RM-TD017"", ""filename"": ""Sony_XBR_RM-TD017""}",False,predição diverge da regra silver
TVs/Sony/Sony_XBR_RMT-TX200U.ir,specific_device,device_family,0.67,specific.brand_model_filename.v1,"{""brand_segment"": ""Sony"", ""category_segment"": ""TVs"", ""commercial_model"": ""XBR_RMT-TX200U"", ""filename"": ""Sony_XBR_RMT-TX200U""}",False,predição diverge da regra silver
TVs/Strong/Strong_32HX4003.ir,specific_device,device_family,0.67,specific.brand_model_filename.v1,"{""brand_segment"": ""Strong"", ""category_segment"": ""TVs"", ""commercial_model"": ""32HX4003"", ""filename"": ""Strong_32HX4003""}",False,predição diverge da regra silver
TVs/Strong/Strong_RCU-Z400N.ir,specific_device,device_family,0.67,specific.brand_model_filename.v1,"{""brand_segment"": ""Strong"", ""category_segment"": ""TVs"", ""commercial_model"": ""RCU-Z400N"", ""filename"": ""Strong_RCU-Z400N""}",False,predição diverge da regra silver
TVs/Strong/Strong_STR7004.ir,specific_device,device_family,0.67,specific.brand_model_filename.v1,"{""brand_segment"": ""Strong"", ""category_segment"": ""TVs"", ""commercial_model"": ""STR7004"", ""filename"": ""Strong_STR7004""}",False,predição diverge da regra silver
TVs/Strong/Strong_TVD221_B1825.ir,specific_device,device_family,0.67,specific.brand_model_filename.v1,"{""brand_segment"": ""Strong"", ""category_segment"": ""TVs"", ""commercial_model"": ""TVD221_B1825"", ""filename"": ""Strong_TVD221_B1825""}",False,predição diverge da regra silver
TVs/Supra/Supra_STV_LC32T880WL_1.ir,specific_device,device_family,0.67,specific.brand_model_filename.v1,"{""brand_segment"": ""Supra"", ""category_segment"": ""TVs"", ""commercial_model"": ""STV_LC32T880WL_1"", ""filename"": ""Supra_STV_LC32T880WL_1""}",False,predição diverge da regra silver
TVs/Symphonic/Symphonic_ST424FF.ir,specific_device,device_family,0.62,specific.brand_model_filename.v1,"{""brand_segment"": ""Symphonic"", ""category_segment"": ""TVs"", ""commercial_model"": ""ST424FF"", ""filename"": ""Symphonic_ST424FF""}",False,predição diverge da regra silver
TVs/TCL/TCL_32S327.ir,specific_device,device_family,0.67,specific.brand_model_filename.v1,"{""brand_segment"": ""TCL"", ""category_segment"": ""TVs"", ""commercial_model"": ""32S327"", ""filename"": ""TCL_32S327""}",False,predição diverge da regra silver
TVs/TCL/TCL_40S615.ir,specific_device,device_family,0.67,specific.brand_model_filename.v1,"{""brand_segment"": ""TCL"", ""category_segment"": ""TVs"", ""commercial_model"": ""40S615"", ""filename"": ""TCL_40S615""}",False,predição diverge da regra silver
TVs/TCL/TCL_43S446.ir,specific_device,device_family,0.67,specific.brand_model_filename.v1,"{""brand_segment"": ""TCL"", ""category_segment"": ""TVs"", ""commercial_model"": ""43S446"", ""filename"": ""TCL_43S446""}",False,predição diverge da regra silver
TVs/TCL/TCL_50S423.ir,specific_device,device_family,0.67,specific.brand_model_filename.v1,"{""brand_segment"": ""TCL"", ""category_segment"": ""TVs"", ""commercial_model"": ""50S423"", ""filename"": ""TCL_50S423""}",False,predição diverge da regra silver
TVs/TCL/TCL_65C635K.ir,specific_device,device_family,0.67,specific.brand_model_filename.v1,"{""brand_segment"": ""TCL"", ""category_segment"": ""TVs"", ""commercial_model"": ""65C635K"", ""filename"": ""TCL_65C635K""}",False,predição diverge da regra silver
TVs/TCL/TCL_LED49D2930.ir,specific_device,device_family,0.67,specific.brand_model_filename.v1,"{""brand_segment"": ""TCL"", ""category_segment"": ""TVs"", ""commercial_model"": ""LED49D2930"", ""filename"": ""TCL_LED49D2930""}",False,predição diverge da regra silver
TVs/TCL/TCL_Roku_TV_55S405.ir,specific_device,device_family,0.67,specific.brand_model_filename.v1,"{""brand_segment"": ""TCL"", ""category_segment"": ""TVs"", ""commercial_model"": ""Roku_TV_55S405"", ""filename"": ""TCL_Roku_TV_55S405""}",False,predição diverge da regra silver
TVs/TCL/TCL_UnknownModel1.ir,specific_device,device_family,0.67,specific.brand_model_filename.v1,"{""brand_segment"": ""TCL"", ""category_segment"": ""TVs"", ""commercial_model"": ""UnknownModel1"", ""filename"": ""TCL_UnknownModel1""}",False,predição diverge da regra silver
TVs/TCL/TCL_UnknownModel2.ir,specific_device,device_family,0.67,specific.brand_model_filename.v1,"{""brand_segment"": ""TCL"", ""category_segment"": ""TVs"", ""commercial_model"": ""UnknownModel2"", ""filename"": ""TCL_UnknownModel2""}",False,predição diverge da regra silver
TVs/TCL/TCL_UnknownModel3.ir,specific_device,device_family,0.67,specific.brand_model_filename.v1,"{""brand_segment"": ""TCL"", ""category_segment"": ""TVs"", ""commercial_model"": ""UnknownModel3"", ""filename"": ""TCL_UnknownModel3""}",False,predição diverge da regra silver
TVs/Telefunken/Telefunken_D40F294R4CW.ir,specific_device,device_family,0.67,specific.brand_model_filename.v1,"{""brand_segment"": ""Telefunken"", ""category_segment"": ""TVs"", ""commercial_model"": ""D40F294R4CW"", ""filename"": ""Telefunken_D40F294R4CW""}",False,predição diverge da regra silver
TVs/Telefunken/Telefunken_L55U405B4CW.ir,specific_device,device_family,0.67,specific.brand_model_filename.v1,"{""brand_segment"": ""Telefunken"", ""category_segment"": ""TVs"", ""commercial_model"": ""L55U405B4CW"", ""filename"": ""Telefunken_L55U405B4CW""}",False,predição diverge da regra silver
TVs/Telefunken/Telefunken_L65F249i3C.ir,specific_device,device_family,0.67,specific.brand_model_filename.v1,"{""brand_segment"": ""Telefunken"", ""category_segment"": ""TVs"", ""commercial_model"": ""L65F249i3C"", ""filename"": ""Telefunken_L65F249i3C""}",False,predição diverge da regra silver
TVs/Telefunken/Telefunken_TF-LED19S64T2.ir,specific_device,device_family,0.67,specific.brand_model_filename.v1,"{""brand_segment"": ""Telefunken"", ""category_segment"": ""TVs"", ""commercial_model"": ""TF-LED19S64T2"", ""filename"": ""Telefunken_TF-LED19S64T2""}",False,predição diverge da regra silver
TVs/Telefunken/Telefunken_TF-LED32S54T2.ir,specific_device,device_family,0.67,specific.brand_model_filename.v1,"{""brand_segment"": ""Telefunken"", ""category_segment"": ""TVs"", ""commercial_model"": ""TF-LED32S54T2"", ""filename"": ""Telefunken_TF-LED32S54T2""}",False,predição diverge da regra silver
TVs/Telefunken/Telefunken_d32f660x5cwi.ir,specific_device,device_family,0.67,specific.brand_model_filename.v1,"{""brand_segment"": ""Telefunken"", ""category_segment"": ""TVs"", ""commercial_model"": ""d32f660x5cwi"", ""filename"": ""Telefunken_d32f660x5cwi""}",False,predição diverge da regra silver
TVs/Tevion/Tevion_3221TS.ir,specific_device,device_family,0.67,specific.brand_model_filename.v1,"{""brand_segment"": ""Tevion"", ""category_segment"": ""TVs"", ""commercial_model"": ""3221TS"", ""filename"": ""Tevion_3221TS""}",False,predição diverge da regra silver
TVs/Thomson/Thomson_40FS3003.ir,specific_device,device_family,0.67,specific.brand_model_filename.v1,"{""brand_segment"": ""Thomson"", ""category_segment"": ""TVs"", ""commercial_model"": ""40FS3003"", ""filename"": ""Thomson_40FS3003""}",False,predição diverge da regra silver
TVs/Thomson/Thomson_UnknownModel1.ir,specific_device,device_family,0.67,specific.brand_model_filename.v1,"{""brand_segment"": ""Thomson"", ""category_segment"": ""TVs"", ""commercial_model"": ""UnknownModel1"", ""filename"": ""Thomson_UnknownModel1""}",False,predição diverge da regra silver
TVs/Toshiba/Toshiba_32AV502U.ir,specific_device,device_family,0.67,specific.brand_model_filename.v1,"{""brand_segment"": ""Toshiba"", ""category_segment"": ""TVs"", ""commercial_model"": ""32AV502U"", ""filename"": ""Toshiba_32AV502U""}",False,predição diverge da regra silver
TVs/Toshiba/Toshiba_43LF421U21.ir,specific_device,device_family,0.67,specific.brand_model_filename.v1,"{""brand_segment"": ""Toshiba"", ""category_segment"": ""TVs"", ""commercial_model"": ""43LF421U21"", ""filename"": ""Toshiba_43LF421U21""}",False,predição diverge da regra silver
TVs/Toshiba/Toshiba_50C350LC.ir,specific_device,device_family,0.67,specific.brand_model_filename.v1,"{""brand_segment"": ""Toshiba"", ""category_segment"": ""TVs"", ""commercial_model"": ""50C350LC"", ""filename"": ""Toshiba_50C350LC""}",False,predição diverge da regra silver
TVs/Toshiba/Toshiba_CT-32F2.ir,specific_device,device_family,0.67,specific.brand_model_filename.v1,"{""brand_segment"": ""Toshiba"", ""category_segment"": ""TVs"", ""commercial_model"": ""CT-32F2"", ""filename"": ""Toshiba_CT-32F2""}",False,predição diverge da regra silver
TVs/Toshiba/Toshiba_CT-90325.ir,specific_device,device_family,0.67,specific.brand_model_filename.v1,"{""brand_segment"": ""Toshiba"", ""category_segment"": ""TVs"", ""commercial_model"": ""CT-90325"", ""filename"": ""Toshiba_CT-90325""}",False,predição diverge da regra silver
TVs/Toshiba/Toshiba_CT-9922.ir,specific_device,device_family,0.67,specific.brand_model_filename.v1,"{""brand_segment"": ""Toshiba"", ""category_segment"": ""TVs"", ""commercial_model"": ""CT-9922"", ""filename"": ""Toshiba_CT-9922""}",False,predição diverge da regra silver
TVs/Toshiba/Toshiba_Ct-8563.ir,specific_device,device_family,0.67,specific.brand_model_filename.v1,"{""brand_segment"": ""Toshiba"", ""category_segment"": ""TVs"", ""commercial_model"": ""Ct-8563"", ""filename"": ""Toshiba_Ct-8563""}",False,predição diverge da regra silver
TVs/Toshiba/Toshiba_SE_R0305_32CV100U.ir,specific_device,device_family,0.67,specific.brand_model_filename.v1,"{""brand_segment"": ""Toshiba"", ""category_segment"": ""TVs"", ""commercial_model"": ""SE_R0305_32CV100U"", ""filename"": ""Toshiba_SE_R0305_32CV100U""}",False,predição diverge da regra silver
TVs/Viano/Viano_STV65UHD4K.ir,specific_device,device_family,0.67,specific.brand_model_filename.v1,"{""brand_segment"": ""Viano"", ""category_segment"": ""TVs"", ""commercial_model"": ""STV65UHD4K"", ""filename"": ""Viano_STV65UHD4K""}",False,predição diverge da regra silver
TVs/Viore/Viore_TV_LC37VF72.ir,specific_device,device_family,0.67,specific.brand_model_filename.v1,"{""brand_segment"": ""Viore"", ""category_segment"": ""TVs"", ""commercial_model"": ""TV_LC37VF72"", ""filename"": ""Viore_TV_LC37VF72""}",False,predição diverge da regra silver
TVs/Vizio/Vizio_D32FM-K01.ir,specific_device,device_family,0.62,specific.brand_model_filename.v1,"{""brand_segment"": ""Vizio"", ""category_segment"": ""TVs"", ""commercial_model"": ""D32FM-K01"", ""filename"": ""Vizio_D32FM-K01""}",False,predição diverge da regra silver
TVs/Vizio/Vizio_D43-C1.ir,specific_device,device_family,0.67,specific.brand_model_filename.v1,"{""brand_segment"": ""Vizio"", ""category_segment"": ""TVs"", ""commercial_model"": ""D43-C1"", ""filename"": ""Vizio_D43-C1""}",False,predição diverge da regra silver
TVs/Vizio/Vizio_E190VA_Razor.ir,specific_device,device_family,0.67,specific.brand_model_filename.v1,"{""brand_segment"": ""Vizio"", ""category_segment"": ""TVs"", ""commercial_model"": ""E190VA_Razor"", ""filename"": ""Vizio_E190VA_Razor""}",False,predição diverge da regra silver
TVs/Vizio/Vizio_E70U-D3.ir,specific_device,device_family,0.67,specific.brand_model_filename.v1,"{""brand_segment"": ""Vizio"", ""category_segment"": ""TVs"", ""commercial_model"": ""E70U-D3"", ""filename"": ""Vizio_E70U-D3""}",False,predição diverge da regra silver
TVs/Vizio/Vizio_M70Q6-J03.ir,specific_device,device_family,0.67,specific.brand_model_filename.v1,"{""brand_segment"": ""Vizio"", ""category_segment"": ""TVs"", ""commercial_model"": ""M70Q6-J03"", ""filename"": ""Vizio_M70Q6-J03""}",False,predição diverge da regra silver
TVs/Vizio/Vizio_V705-G1.ir,specific_device,device_family,0.67,specific.brand_model_filename.v1,"{""brand_segment"": ""Vizio"", ""category_segment"": ""TVs"", ""commercial_model"": ""V705-G1"", ""filename"": ""Vizio_V705-G1""}",False,predição diverge da regra silver
TVs/Vizio/Vizio_VX32L.ir,specific_device,device_family,0.67,specific.brand_model_filename.v1,"{""brand_segment"": ""Vizio"", ""category_segment"": ""TVs"", ""commercial_model"": ""VX32L"", ""filename"": ""Vizio_VX32L""}",False,predição diverge da regra silver
TVs/Vizio/Vizio_XRT122.ir,specific_device,device_family,0.67,specific.brand_model_filename.v1,"{""brand_segment"": ""Vizio"", ""category_segment"": ""TVs"", ""commercial_model"": ""XRT122"", ""filename"": ""Vizio_XRT122""}",False,predição diverge da regra silver
TVs/Vizio/Vizio_XRT135.ir,specific_device,device_family,0.67,specific.brand_model_filename.v1,"{""brand_segment"": ""Vizio"", ""category_segment"": ""TVs"", ""commercial_model"": ""XRT135"", ""filename"": ""Vizio_XRT135""}",False,predição diverge da regra silver
TVs/Vizio/Vizio_XRT136.ir,specific_device,device_family,0.67,specific.brand_model_filename.v1,"{""brand_segment"": ""Vizio"", ""category_segment"": ""TVs"", ""commercial_model"": ""XRT136"", ""filename"": ""Vizio_XRT136""}",False,predição diverge da regra silver
TVs/Vizio/Vizio_XRT140R.ir,specific_device,device_family,0.67,specific.brand_model_filename.v1,"{""brand_segment"": ""Vizio"", ""category_segment"": ""TVs"", ""commercial_model"": ""XRT140R"", ""filename"": ""Vizio_XRT140R""}",False,predição diverge da regra silver
TVs/Vizio/Vizio_XRT150.ir,specific_device,device_family,0.67,specific.brand_model_filename.v1,"{""brand_segment"": ""Vizio"", ""category_segment"": ""TVs"", ""commercial_model"": ""XRT150"", ""filename"": ""Vizio_XRT150""}",False,predição diverge da regra silver
TVs/Waltham/Waltham_WTHD3214B.ir,specific_device,device_family,0.67,specific.brand_model_filename.v1,"{""brand_segment"": ""Waltham"", ""category_segment"": ""TVs"", ""commercial_model"": ""WTHD3214B"", ""filename"": ""Waltham_WTHD3214B""}",False,predição diverge da regra silver
TVs/Watson/WATSON_FA3627T.ir,specific_device,device_family,0.67,specific.brand_model_filename.v1,"{""brand_segment"": ""Watson"", ""category_segment"": ""TVs"", ""commercial_model"": ""FA3627T"", ""filename"": ""WATSON_FA3627T""}",False,predição diverge da regra silver
TVs/Westinghouse/Westinghouse_RMT-13.ir,specific_device,device_family,0.67,specific.brand_model_filename.v1,"{""brand_segment"": ""Westinghouse"", ""category_segment"": ""TVs"", ""commercial_model"": ""RMT-13"", ""filename"": ""Westinghouse_RMT-13""}",False,predição diverge da regra silver
TVs/Zenith/Zenith_SC3492Z.ir,specific_device,device_family,0.62,specific.brand_model_filename.v1,"{""brand_segment"": ""Zenith"", ""category_segment"": ""TVs"", ""commercial_model"": ""SC3492Z"", ""filename"": ""Zenith_SC3492Z""}",False,predição diverge da regra silver
Touchscreen_Displays/BenQ/BenQ_RE7501_Interactive_Display.ir,specific_device,unknown,0.35,specific.brand_model_filename.v1,"{""brand_segment"": ""BenQ"", ""category_segment"": ""Touchscreen_Displays"", ""commercial_model"": ""RE7501_Interactive_Display"", ""filename"": ""BenQ_RE7501_Interactive_Display""}",False,predição diverge da regra silver
Touchscreen_Displays/Cleartouch/Cleartouch.ir,device_family,unknown,0.35,family.brand_without_model.v1,"{""brand_segment"": ""Cleartouch"", ""category_segment"": ""Touchscreen_Displays"", ""filename"": ""Cleartouch"", ""model_absent"": true}",False,predição diverge da regra silver
Touchscreen_Displays/Clevertouch/Clevertouch.ir,device_family,brute_force,0.424,family.brand_without_model.v1,"{""brand_segment"": ""Clevertouch"", ""category_segment"": ""Touchscreen_Displays"", ""filename"": ""Clevertouch"", ""model_absent"": true}",False,predição diverge da regra silver
Touchscreen_Displays/Ctouch/Ctouch.ir,device_family,unknown,0.35,family.brand_without_model.v1,"{""brand_segment"": ""Ctouch"", ""category_segment"": ""Touchscreen_Displays"", ""filename"": ""Ctouch"", ""model_absent"": true}",False,predição diverge da regra silver
Touchscreen_Displays/Legamaster/Legamaster_DIS-9800.ir,specific_device,unknown,0.35,specific.brand_model_filename.v1,"{""brand_segment"": ""Legamaster"", ""category_segment"": ""Touchscreen_Displays"", ""commercial_model"": ""DIS-9800"", ""filename"": ""Legamaster_DIS-9800""}",False,predição diverge da regra silver
Touchscreen_Displays/Onescreen/Onescreen.ir,device_family,unknown,0.35,family.brand_without_model.v1,"{""brand_segment"": ""Onescreen"", ""category_segment"": ""Touchscreen_Displays"", ""filename"": ""Onescreen"", ""model_absent"": true}",False,predição diverge da regra silver
Touchscreen_Displays/ViewSonic/ViewSonic-EBB7F.ir,specific_device,unknown,0.35,specific.brand_model_filename.v1,"{""brand_segment"": ""ViewSonic"", ""category_segment"": ""Touchscreen_Displays"", ""commercial_model"": ""EBB7F"", ""filename"": ""ViewSonic-EBB7F""}",False,predição diverge da regra silver
Toys/Brio/BRIO_WORLD_IR102_Train_ChA.ir,specific_device,unknown,0.35,specific.brand_model_filename.v1,"{""brand_segment"": ""Brio"", ""category_segment"": ""Toys"", ""commercial_model"": ""WORLD_IR102_Train_ChA"", ""filename"": ""BRIO_WORLD_IR102_Train_ChA""}",False,predição diverge da regra silver
Toys/Brio/BRIO_WORLD_IR102_Train_ChB.ir,specific_device,unknown,0.35,specific.brand_model_filename.v1,"{""brand_segment"": ""Brio"", ""category_segment"": ""Toys"", ""commercial_model"": ""WORLD_IR102_Train_ChB"", ""filename"": ""BRIO_WORLD_IR102_Train_ChB""}",False,predição diverge da regra silver
Toys/Jamara/Jamara_410065_Gun.ir,specific_device,unknown,0.35,specific.brand_model_filename.v1,"{""brand_segment"": ""Jamara"", ""category_segment"": ""Toys"", ""commercial_model"": ""410065_Gun"", ""filename"": ""Jamara_410065_Gun""}",False,predição diverge da regra silver
Toys/RoboMaster_Blaster/Robomaster_Blaster.ir,device_family,unknown,0.35,family.brand_without_model.v1,"{""brand_segment"": ""RoboMaster_Blaster"", ""category_segment"": ""Toys"", ""filename"": ""Robomaster_Blaster"", ""model_absent"": true}",False,predição diverge da regra silver
VCR/Apex/APEX_RM_3800.ir,specific_device,unknown,0.35,specific.brand_model_filename.v1,"{""brand_segment"": ""Apex"", ""category_segment"": ""VCR"", ""commercial_model"": ""RM_3800"", ""filename"": ""APEX_RM_3800""}",False,predição diverge da regra silver
VCR/JVC/JVC_HR-A591U.ir,specific_device,unknown,0.35,specific.brand_model_filename.v1,"{""brand_segment"": ""JVC"", ""category_segment"": ""VCR"", ""commercial_model"": ""HR-A591U"", ""filename"": ""JVC_HR-A591U""}",False,predição diverge da regra silver
VCR/JVC/JVC_HR-J700E.ir,specific_device,unknown,0.35,specific.brand_model_filename.v1,"{""brand_segment"": ""JVC"", ""category_segment"": ""VCR"", ""commercial_model"": ""HR-J700E"", ""filename"": ""JVC_HR-J700E""}",False,predição diverge da regra silver
VCR/JVC/JVC_HR-S2902U.ir,specific_device,unknown,0.35,specific.brand_model_filename.v1,"{""brand_segment"": ""JVC"", ""category_segment"": ""VCR"", ""commercial_model"": ""HR-S2902U"", ""filename"": ""JVC_HR-S2902U""}",False,predição diverge da regra silver
VCR/JVC/JVC_HRS7900U.ir,specific_device,unknown,0.35,specific.brand_model_filename.v1,"{""brand_segment"": ""JVC"", ""category_segment"": ""VCR"", ""commercial_model"": ""HRS7900U"", ""filename"": ""JVC_HRS7900U""}",False,predição diverge da regra silver
VCR/LG/LG DVX7900.ir,specific_device,unknown,0.35,specific.brand_model_filename.v1,"{""brand_segment"": ""LG"", ""category_segment"": ""VCR"", ""commercial_model"": ""DVX7900"", ""filename"": ""LG DVX7900""}",False,predição diverge da regra silver
VCR/LG/LG_GC260W.ir,specific_device,unknown,0.35,specific.brand_model_filename.v1,"{""brand_segment"": ""LG"", ""category_segment"": ""VCR"", ""commercial_model"": ""GC260W"", ""filename"": ""LG_GC260W""}",False,predição diverge da regra silver
VCR/Magnavox/Magnavox_N9377.ir,specific_device,unknown,0.35,specific.brand_model_filename.v1,"{""brand_segment"": ""Magnavox"", ""category_segment"": ""VCR"", ""commercial_model"": ""N9377"", ""filename"": ""Magnavox_N9377""}",False,predição diverge da regra silver
VCR/Memorex/Memorex_MVR4040A.ir,specific_device,unknown,0.35,specific.brand_model_filename.v1,"{""brand_segment"": ""Memorex"", ""category_segment"": ""VCR"", ""commercial_model"": ""MVR4040A"", ""filename"": ""Memorex_MVR4040A""}",False,predição diverge da regra silver
VCR/Panasonic/Panasonic_AG7350.ir,specific_device,unknown,0.35,specific.brand_model_filename.v1,"{""brand_segment"": ""Panasonic"", ""category_segment"": ""VCR"", ""commercial_model"": ""AG7350"", ""filename"": ""Panasonic_AG7350""}",False,predição diverge da regra silver
VCR/Panasonic/Panasonic_Light_Tower_LSSQ0342.ir,specific_device,device_family,0.67,specific.brand_model_filename.v1,"{""brand_segment"": ""Panasonic"", ""category_segment"": ""VCR"", ""commercial_model"": ""Light_Tower_LSSQ0342"", ""filename"": ""Panasonic_Light_Tower_LSSQ0342""}",False,predição diverge da regra silver
VCR/Panasonic/Panasonic_NV-FJ606.ir,specific_device,unknown,0.35,specific.brand_model_filename.v1,"{""brand_segment"": ""Panasonic"", ""category_segment"": ""VCR"", ""commercial_model"": ""NV-FJ606"", ""filename"": ""Panasonic_NV-FJ606""}",False,predição diverge da regra silver
VCR/Panasonic/Panasonic_VCR_NV-HV-61EF.ir,specific_device,unknown,0.35,specific.brand_model_filename.v1,"{""brand_segment"": ""Panasonic"", ""category_segment"": ""VCR"", ""commercial_model"": ""VCR_NV-HV-61EF"", ""filename"": ""Panasonic_VCR_NV-HV-61EF""}",False,predição diverge da regra silver
VCR/Panasonic/Panasonic_VCR_PV9662.ir,specific_device,unknown,0.35,specific.brand_model_filename.v1,"{""brand_segment"": ""Panasonic"", ""category_segment"": ""VCR"", ""commercial_model"": ""VCR_PV9662"", ""filename"": ""Panasonic_VCR_PV9662""}",False,predição diverge da regra silver
VCR/Panasonic/Panasonic_VSQS1331_VCR.ir,specific_device,unknown,0.35,specific.brand_model_filename.v1,"{""brand_segment"": ""Panasonic"", ""category_segment"": ""VCR"", ""commercial_model"": ""VSQS1331_VCR"", ""filename"": ""Panasonic_VSQS1331_VCR""}",False,predição diverge da regra silver
VCR/Philips/Philips-RC2K16.ir,specific_device,unknown,0.35,specific.brand_model_filename.v1,"{""brand_segment"": ""Philips"", ""category_segment"": ""VCR"", ""commercial_model"": ""RC2K16"", ""filename"": ""Philips-RC2K16""}",False,predição diverge da regra silver
VCR/Sony/Sony_RM-Y126.ir,specific_device,unknown,0.35,specific.brand_model_filename.v1,"{""brand_segment"": ""Sony"", ""category_segment"": ""VCR"", ""commercial_model"": ""RM-Y126"", ""filename"": ""Sony_RM-Y126""}",False,predição diverge da regra silver
VCR/Sony/Sony_SLV-D281P.ir,specific_device,unknown,0.35,specific.brand_model_filename.v1,"{""brand_segment"": ""Sony"", ""category_segment"": ""VCR"", ""commercial_model"": ""SLV-D281P"", ""filename"": ""Sony_SLV-D281P""}",False,predição diverge da regra silver
VCR/Sony/Sony_SLV-SE610B.ir,specific_device,unknown,0.35,specific.brand_model_filename.v1,"{""brand_segment"": ""Sony"", ""category_segment"": ""VCR"", ""commercial_model"": ""SLV-SE610B"", ""filename"": ""Sony_SLV-SE610B""}",False,predição diverge da regra silver
VCR/Sony/Sony_SLV70HF.ir,specific_device,unknown,0.35,specific.brand_model_filename.v1,"{""brand_segment"": ""Sony"", ""category_segment"": ""VCR"", ""commercial_model"": ""SLV70HF"", ""filename"": ""Sony_SLV70HF""}",False,predição diverge da regra silver
VCR/Sony/Sony_SLV789HF.ir,specific_device,unknown,0.35,specific.brand_model_filename.v1,"{""brand_segment"": ""Sony"", ""category_segment"": ""VCR"", ""commercial_model"": ""SLV789HF"", ""filename"": ""Sony_SLV789HF""}",False,predição diverge da regra silver
VCR/Sony/Sony_SLVD201P.ir,specific_device,unknown,0.35,specific.brand_model_filename.v1,"{""brand_segment"": ""Sony"", ""category_segment"": ""VCR"", ""commercial_model"": ""SLVD201P"", ""filename"": ""Sony_SLVD201P""}",False,predição diverge da regra silver
VCR/Sony/Sony_SLVM88.ir,specific_device,unknown,0.35,specific.brand_model_filename.v1,"{""brand_segment"": ""Sony"", ""category_segment"": ""VCR"", ""commercial_model"": ""SLVM88"", ""filename"": ""Sony_SLVM88""}",False,predição diverge da regra silver
VCR/Toshiba/Toshiba_SDKV550.ir,specific_device,unknown,0.35,specific.brand_model_filename.v1,"{""brand_segment"": ""Toshiba"", ""category_segment"": ""VCR"", ""commercial_model"": ""SDKV550"", ""filename"": ""Toshiba_SDKV550""}",False,predição diverge da regra silver
Vacuum_Cleaners/Ecovacs/Ecovacs_Deebot_DM82.ir,specific_device,unknown,0.35,specific.brand_model_filename.v1,"{""brand_segment"": ""Ecovacs"", ""category_segment"": ""Vacuum_Cleaners"", ""commercial_model"": ""Deebot_DM82"", ""filename"": ""Ecovacs_Deebot_DM82""}",False,predição diverge da regra silver
Vacuum_Cleaners/Ecovacs/Ecovacs_Deebot_Slim_2.ir,specific_device,unknown,0.35,specific.brand_model_filename.v1,"{""brand_segment"": ""Ecovacs"", ""category_segment"": ""Vacuum_Cleaners"", ""commercial_model"": ""Deebot_Slim_2"", ""filename"": ""Ecovacs_Deebot_Slim_2""}",False,predição diverge da regra silver
Vacuum_Cleaners/Samsung/Samsung_SC18M31A0HU.ir,specific_device,unknown,0.35,specific.brand_model_filename.v1,"{""brand_segment"": ""Samsung"", ""category_segment"": ""Vacuum_Cleaners"", ""commercial_model"": ""SC18M31A0HU"", ""filename"": ""Samsung_SC18M31A0HU""}",False,predição diverge da regra silver
Vacuum_Cleaners/Samsung/Samsung_SR8875.ir,specific_device,unknown,0.35,specific.brand_model_filename.v1,"{""brand_segment"": ""Samsung"", ""category_segment"": ""Vacuum_Cleaners"", ""commercial_model"": ""SR8875"", ""filename"": ""Samsung_SR8875""}",False,predição diverge da regra silver
Vacuum_Cleaners/Tikom/Tikom_G8000.ir,specific_device,unknown,0.35,specific.brand_model_filename.v1,"{""brand_segment"": ""Tikom"", ""category_segment"": ""Vacuum_Cleaners"", ""commercial_model"": ""G8000"", ""filename"": ""Tikom_G8000""}",False,predição diverge da regra silver
Vacuum_Cleaners/iLife/iLife_A4s_Vacuum.ir,specific_device,unknown,0.35,specific.brand_model_filename.v1,"{""brand_segment"": ""iLife"", ""category_segment"": ""Vacuum_Cleaners"", ""commercial_model"": ""A4s_Vacuum"", ""filename"": ""iLife_A4s_Vacuum""}",False,predição diverge da regra silver
Vacuum_Cleaners/iLife/iLife_Charger_A4s_Vacuum.ir,specific_device,unknown,0.35,specific.brand_model_filename.v1,"{""brand_segment"": ""iLife"", ""category_segment"": ""Vacuum_Cleaners"", ""commercial_model"": ""Charger_A4s_Vacuum"", ""filename"": ""iLife_Charger_A4s_Vacuum""}",False,predição diverge da regra silver
Vacuum_Cleaners/iLife/iLife_V3_V5_V8_X5.ir,specific_device,unknown,0.35,specific.brand_model_filename.v1,"{""brand_segment"": ""iLife"", ""category_segment"": ""Vacuum_Cleaners"", ""commercial_model"": ""V3_V5_V8_X5"", ""filename"": ""iLife_V3_V5_V8_X5""}",False,predição diverge da regra silver
Vacuum_Cleaners/iRobot/iRobot_Roomba_600.ir,specific_device,unknown,0.35,specific.brand_model_filename.v1,"{""brand_segment"": ""iRobot"", ""category_segment"": ""Vacuum_Cleaners"", ""commercial_model"": ""Roomba_600"", ""filename"": ""iRobot_Roomba_600""}",False,predição diverge da regra silver
Videoconferencing/Logitech/Logitech_RI0019_for_PTZ_Pro_2.ir,specific_device,unknown,0.35,specific.brand_model_filename.v1,"{""brand_segment"": ""Logitech"", ""category_segment"": ""Videoconferencing"", ""commercial_model"": ""RI0019_for_PTZ_Pro_2"", ""filename"": ""Logitech_RI0019_for_PTZ_Pro_2""}",False,predição diverge da regra silver
Whiteboards/Philips/Philips_SmartBoard_ID1.ir,specific_device,unknown,0.35,specific.brand_model_filename.v1,"{""brand_segment"": ""Philips"", ""category_segment"": ""Whiteboards"", ""commercial_model"": ""SmartBoard_ID1"", ""filename"": ""Philips_SmartBoard_ID1""}",False,predição diverge da regra silver
Window_cleaners/HOBOT/HOBOT.ir,device_family,unknown,0.35,family.brand_without_model.v1,"{""brand_segment"": ""HOBOT"", ""category_segment"": ""Window_cleaners"", ""filename"": ""HOBOT"", ""model_absent"": true}",False,predição diverge da regra silver
_Converted_/IR_Plus/E/EXAMPLE/RC5.ir,test_or_sample,brute_force,1.0,sample.explicit_path_segment.v1,"{""explicit_segments"": [""EXAMPLE""]}",False,predição diverge da regra silver
_Converted_/Pronto/R/ReQuest_Multimedia/ARQ_PRO-ZONE_CODE_SET_1.ir,brute_force,universal_remote,0.9,brute.marker_confirmed_by_content.v1,"{""marker"": ""CODE_SET"", ""sequences"": [{""base"": ""playlist"", ""count"": 10, ""density"": 1.0, ""first"": 0, ""last"": 9}], ""signal_count"": 128}",False,predição diverge da regra silver
