record_id,path,filename,original_category,original_brand,suggested_model,signal_count,command_names,protocols,addresses,current_classification,current_confidence,current_reasons,possible_problems,selection_reasons
236d071c93bf0406,ACs/Admiral/Admiral_AC.ir,Admiral_AC.ir,ACs,Admiral,AC,9,"[""POWER"", ""Mode"", ""Fan_auto"", ""Fan_3"", ""Fan_2"", ""Fan_1"", ""TEMP+"", ""TEMP-"", ""Timer""]","[""NEC""]","[""20 00 00 00""]",specific_device,0.72,"[""modelo identificável e conjunto coerente""]","[""modelo de baixa confiança foi tratado como evidência estrutural"", ""nomes de comandos reais não chegaram ao classificador"", ""protocolos reais não chegaram ao classificador"", ""sequência numerada pode indicar codeset ou bruteforce""]","[""50 registros com conflitos ou problemas"", ""50 specific_device determinísticos""]"
2c8b2462b06a71c6,ACs/Airfel/AIRFEL_AFSW-12HAR1RCIO.ir,AIRFEL_AFSW-12HAR1RCIO.ir,ACs,Airfel,AFSW-12HAR1RCIO,6,"[""Cold_lo"", ""Cold_hi"", ""Heat_hi"", ""Dh"", ""Heat_lo"", ""Off""]",[],[],specific_device,0.72,"[""modelo identificável e conjunto coerente""]","[""modelo de baixa confiança foi tratado como evidência estrutural"", ""nomes de comandos reais não chegaram ao classificador""]","[""50 registros com conflitos ou problemas"", ""50 specific_device determinísticos""]"
48e98fe7bad6ec66,ACs/Airmax/Airmax.ir,Airmax.ir,ACs,Airmax,Airmax,7,"[""Power_on"", ""Off"", ""Turbo"", ""Temp_17"", ""Temp_22"", ""temp_30"", ""Led""]",[],[],specific_device,0.72,"[""modelo identificável e conjunto coerente""]","[""modelo de baixa confiança foi tratado como evidência estrutural"", ""nomes de comandos reais não chegaram ao classificador"", ""sequência numerada pode indicar codeset ou bruteforce""]","[""50 registros com conflitos ou problemas"", ""50 specific_device determinísticos""]"
183b01fd036d603c,ACs/Airmet/Airmet_ac.ir,Airmet_ac.ir,ACs,Airmet,ac,13,"[""POWER"", ""POWER24"", ""TEMP+"", ""TEMP-"", ""Mode"", ""Swing"", ""Fan"", ""Sleep"", ""T_on"", ""T_off"", ""Clock"", ""Cancel"", ""Off""]",[],[],specific_device,0.72,"[""modelo identificável e conjunto coerente""]","[""modelo de baixa confiança foi tratado como evidência estrutural"", ""nomes de comandos reais não chegaram ao classificador""]","[""50 registros com conflitos ou problemas"", ""50 specific_device determinísticos""]"
30b57d2eaebad297,ACs/Airwell/Airwell.ir,Airwell.ir,ACs,Airwell,Airwell,5,"[""POWER"", ""TEMP+"", ""TEMP-"", ""MODE"", ""FAN""]",[],[],specific_device,0.72,"[""modelo identificável e conjunto coerente""]","[""modelo de baixa confiança foi tratado como evidência estrutural"", ""nomes de comandos reais não chegaram ao classificador""]","[""50 registros com conflitos ou problemas"", ""50 specific_device determinísticos""]"
d2a35cb7fe6d9655,ACs/Airwell/Airwell_AWSI-PNXA012-N11.ir,Airwell_AWSI-PNXA012-N11.ir,ACs,Airwell,AWSI-PNXA012-N11,17,"[""ON"", ""Off"", ""FAN AUTO"", ""FAN LOW"", ""FAN MEDIUM"", ""FAN HIGH"", ""FAN TURBO"", ""COOL MODE"", ""HEAT MODE"", ""FAN MODE"", ""DEHUM. MODE"", ""SLEEP MODE"", ""20c"", ""22c"", ""24c"", ""26c"", ""28c""]",[],[],specific_device,0.72,"[""modelo identificável e conjunto coerente""]","[""modelo de baixa confiança foi tratado como evidência estrutural"", ""nomes de comandos reais não chegaram ao classificador""]","[""50 registros com conflitos ou problemas"", ""50 specific_device determinísticos""]"
f7b439299a4fd15e,ACs/Aldi/Easy_Home_Portable_Air_Cooler.ir,Easy_Home_Portable_Air_Cooler.ir,ACs,Aldi,Easy_Home_Portable_Air_Cooler,7,"[""Power"", ""Speed"", ""Mode"", ""Timer"", ""Swing"", ""Cool"", ""Light""]",[],[],specific_device,0.72,"[""modelo identificável e conjunto coerente""]","[""modelo de baixa confiança foi tratado como evidência estrutural"", ""nomes de comandos reais não chegaram ao classificador""]","[""50 registros com conflitos ou problemas"", ""50 specific_device determinísticos""]"
0d8278870c098f4f,ACs/Amcor/Amcor_AC.ir,Amcor_AC.ir,ACs,Amcor,AC,7,"[""Speed"", ""Sleep"", ""Timer"", ""Mode"", ""Up"", ""Down"", ""POWER""]","[""NEC""]","[""80 00 00 00""]",specific_device,0.72,"[""modelo identificável e conjunto coerente""]","[""modelo de baixa confiança foi tratado como evidência estrutural"", ""nomes de comandos reais não chegaram ao classificador"", ""protocolos reais não chegaram ao classificador""]","[""50 registros com conflitos ou problemas"", ""50 specific_device determinísticos""]"
c783f7e9d4e9f181,ACs/Arctic_King/Arctic_King_RG15B1.ir,Arctic_King_RG15B1.ir,ACs,Arctic_King,RG15B1,9,"[""Power"", ""TEMP+"", ""TEMP-"", ""Mode"", ""Speed"", ""Timer"", ""Sleep"", ""One Touch"", ""Energy Saver""]","[""NECext""]","[""01 FF 00 00""]",specific_device,0.72,"[""modelo identificável e conjunto coerente""]","[""modelo de baixa confiança foi tratado como evidência estrutural"", ""nomes de comandos reais não chegaram ao classificador"", ""protocolos reais não chegaram ao classificador""]","[""50 registros com conflitos ou problemas"", ""50 specific_device determinísticos""]"
074829b773d7e3c7,ACs/Argo/Argo_ac.ir,Argo_ac.ir,ACs,Argo,ac,1,"[""POWER""]",[],[],specific_device,0.72,"[""modelo identificável e conjunto coerente""]","[""modelo de baixa confiança foi tratado como evidência estrutural"", ""nomes de comandos reais não chegaram ao classificador""]","[""50 registros com conflitos ou problemas"", ""50 specific_device determinísticos""]"
21e2af3bbe0374fa,ACs/Argo/Argo_zelos.ir,Argo_zelos.ir,ACs,Argo,zelos,6,"[""On"", ""Fan"", ""Up"", ""Down"", ""Timer"", ""Mode""]","[""NEC""]","[""04 00 00 00""]",specific_device,0.72,"[""modelo identificável e conjunto coerente""]","[""modelo de baixa confiança foi tratado como evidência estrutural"", ""nomes de comandos reais não chegaram ao classificador"", ""protocolos reais não chegaram ao classificador""]","[""50 registros com conflitos ou problemas"", ""50 specific_device determinísticos""]"
fccef61c674f0b4b,ACs/Ariston/Ariston_AC_A-MW09-IGX.ir,Ariston_AC_A-MW09-IGX.ir,ACs,Ariston,AC_A-MW09-IGX,2,"[""POWER"", ""Off""]",[],[],specific_device,0.72,"[""modelo identificável e conjunto coerente""]","[""modelo de baixa confiança foi tratado como evidência estrutural"", ""nomes de comandos reais não chegaram ao classificador""]","[""50 registros com conflitos ou problemas"", ""50 specific_device determinísticos""]"
591cfafe55fd2f05,ACs/Ballu/Ballu_R05-BGE.ir,Ballu_R05-BGE.ir,ACs,Ballu,R05-BGE,7,"[""Off"", ""Cool_17"", ""Cool_23"", ""Heat_23"", ""Heat_30"", ""Dry_23"", ""Fan""]",[],[],specific_device,0.72,"[""modelo identificável e conjunto coerente""]","[""modelo de baixa confiança foi tratado como evidência estrutural"", ""nomes de comandos reais não chegaram ao classificador"", ""sequência numerada pode indicar codeset ou bruteforce""]","[""50 registros com conflitos ou problemas"", ""50 specific_device determinísticos""]"
48bec54e9ae6a805,ACs/Beko/Beko.ir,Beko.ir,ACs,Beko,Beko,7,"[""Power_on"", ""Off"", ""Turbo"", ""Temp_17"", ""Temp_22"", ""temp_30"", ""Led""]",[],[],specific_device,0.72,"[""modelo identificável e conjunto coerente""]","[""modelo de baixa confiança foi tratado como evidência estrutural"", ""nomes de comandos reais não chegaram ao classificador"", ""sequência numerada pode indicar codeset ou bruteforce""]","[""50 registros com conflitos ou problemas"", ""50 specific_device determinísticos""]"
5ac2babf470e9722,ACs/Black_and_Decker/Portable.ir,Portable.ir,ACs,Black_and_Decker,Portable,9,"[""Off"", ""PWR ON"", ""TEMP+"", ""TEMP-"", ""SWING"", ""MODE"", ""MAX ON"", ""MAX OFF"", ""DIM DISPLAY""]",[],[],specific_device,0.72,"[""modelo identificável e conjunto coerente""]","[""modelo de baixa confiança foi tratado como evidência estrutural"", ""nomes de comandos reais não chegaram ao classificador""]","[""50 registros com conflitos ou problemas"", ""50 specific_device determinísticos""]"
40c7fcaa9325cb46,ACs/Bonaire/Bonaire_DurangoAC.ir,Bonaire_DurangoAC.ir,ACs,Bonaire,DurangoAC,4,"[""POWER"", ""MODE"", ""Fan"", ""Timer""]",[],[],specific_device,0.72,"[""modelo identificável e conjunto coerente""]","[""modelo de baixa confiança foi tratado como evidência estrutural"", ""nomes de comandos reais não chegaram ao classificador""]","[""50 registros com conflitos ou problemas"", ""50 specific_device determinísticos""]"
39088bb753468418,ACs/Boston_Bay/Boston_Bay_MSAB_09CR.ir,Boston_Bay_MSAB_09CR.ir,ACs,Boston_Bay,MSAB_09CR,19,"[""ON"", ""Off"", ""TEMP 20"", ""TEMP 21"", ""TEMP 22"", ""TEMP 23"", ""TEMP 24"", ""FAN MODE"", ""AUTO MODE"", ""COOL MODE"", ""FAN LOW SPEED"", ""FAN MEDIUM SPEED"", ""FAN HIGH SPEED"", ""SLEEP MODE"", ""SILENT FAN"", ""TURBO"", ""LED"", ""UP_DOWN VENT"", ""RIGHT_LEFT VENT""]",[],[],specific_device,0.72,"[""modelo identificável e conjunto coerente""]","[""modelo de baixa confiança foi tratado como evidência estrutural"", ""nomes de comandos reais não chegaram ao classificador"", ""sequência numerada pode indicar codeset ou bruteforce""]","[""50 registros com conflitos ou problemas"", ""50 specific_device determinísticos""]"
d1132afe5e4e8878,ACs/Botti/Botti_BL-168DLR.ir,Botti_BL-168DLR.ir,ACs,Botti,BL-168DLR,6,"[""Power"", ""Humidity"", ""Speed"", ""Swing"", ""Cooler"", ""Timer""]",[],[],specific_device,0.72,"[""modelo identificável e conjunto coerente""]","[""modelo de baixa confiança foi tratado como evidência estrutural"", ""nomes de comandos reais não chegaram ao classificador""]","[""50 registros com conflitos ou problemas"", ""50 specific_device determinísticos""]"
cf91d462098aba96,ACs/Boulanger/Boulanger_AC.ir,Boulanger_AC.ir,ACs,Boulanger,AC,9,"[""POWER"", ""TEMP+"", ""TEMP-"", ""Fanspeed"", ""Openangle"", ""Timer"", ""MODE"", ""Nightmode"", ""Celsiufarenheight""]","[""NEC""]","[""81 00 00 00""]",specific_device,0.72,"[""modelo identificável e conjunto coerente""]","[""modelo de baixa confiança foi tratado como evidência estrutural"", ""nomes de comandos reais não chegaram ao classificador"", ""protocolos reais não chegaram ao classificador""]","[""50 registros com conflitos ou problemas"", ""50 specific_device determinísticos""]"
42231d5698f235ed,ACs/COTech/COTech_MPPH-08CRN7-QB6_AC.ir,COTech_MPPH-08CRN7-QB6_AC.ir,ACs,COTech,MPPH-08CRN7-QB6_AC,13,"[""POWER_ON"", ""Off"", ""TEMP+"", ""TEMP-"", ""MODE_AUTO"", ""MODE_COOL"", ""MODE_DRY"", ""MODE_FAN"", ""FAN_AUTO"", ""FAN_LOW"", ""FAN_HIGH"", ""LED"", ""SLEEP""]",[],[],specific_device,0.72,"[""modelo identificável e conjunto coerente""]","[""modelo de baixa confiança foi tratado como evidência estrutural"", ""nomes de comandos reais não chegaram ao classificador""]","[""50 registros com conflitos ou problemas"", ""50 specific_device determinísticos""]"
f01255c922d85f8e,ACs/Carrier/Carrier_orlen_ac.ir,Carrier_orlen_ac.ir,ACs,Carrier,orlen_ac,6,"[""0n"", ""Mod"", ""Up"", ""Dow"", ""Went"", ""air""]",[],[],specific_device,0.72,"[""modelo identificável e conjunto coerente""]","[""modelo de baixa confiança foi tratado como evidência estrutural"", ""nomes de comandos reais não chegaram ao classificador""]","[""50 registros com conflitos ou problemas"", ""50 specific_device determinísticos""]"
3af198de4260b1a9,ACs/Chigo/Chigo_CS-21H3A-B155AF.ir,Chigo_CS-21H3A-B155AF.ir,ACs,Chigo,CS-21H3A-B155AF,49,"[""Off"", ""Cool_16"", ""Cool_17"", ""Cool_18"", ""Cool_19"", ""Cool_20"", ""Cool_21"", ""Cool_22"", ""Cool_23"", ""Cool_24"", ""Cool_25"", ""Cool_26"", ""Dry"", ""Heat_32"", ""Heat_31"", ""Heat_30"", ""Heat_29"", ""Heat_28"", ""Heat_27"", ""Heat_26"", ""Heat_25"", ""Heat_24"", ""Heat_23"", ""Heat_22"", ""Heat_21"", ""Heat_20"", ""Fan_auto"", ""Fan_high"", ""Fan_mid"", ""Fan_low"", ""Auto_16"", ""Auto_17"", ""Auto_18"", ""Auto_19"", ""Auto_20"", ""Auto_21"", ""Auto_22"", ""Auto_23"", ""Auto_24"", ""Auto_25"", ""Auto_26"", ""Auto_27"", ""Auto_28"", ""Auto_29"", ""Auto_30"", ""Auto_31"", ""Auto_32"", ""Cool_16_turbo"", ""Heat_32_turbo""]",[],[],specific_device,0.72,"[""modelo identificável e conjunto coerente""]","[""modelo de baixa confiança foi tratado como evidência estrutural"", ""muitos nomes compartilham a mesma intenção"", ""nomes de comandos reais não chegaram ao classificador"", ""sequência numerada pode indicar codeset ou bruteforce""]","[""50 nomes ou comandos com sequências numéricas"", ""50 registros com conflitos ou problemas"", ""50 specific_device determinísticos""]"
3548f0c853ab4b87,ACs/Chigo/Chigo_KRF-51G_79F.ir,Chigo_KRF-51G_79F.ir,ACs,Chigo,KRF-51G_79F,24,"[""Off"", ""Cool_16"", ""Cool_17"", ""Cool_18"", ""Cool_19"", ""Cool_20"", ""Cool_21"", ""Cool_22"", ""Cool_23"", ""Cool_24"", ""Heat_22"", ""Heat_23"", ""Heat_24"", ""Heat_25"", ""Heat_26"", ""Heat_27"", ""Heat_28"", ""Heat_29"", ""Heat_30"", ""Auto"", ""Fan_16"", ""Fan_23"", ""Fan_30"", ""Dry""]",[],[],specific_device,0.72,"[""modelo identificável e conjunto coerente""]","[""modelo de baixa confiança foi tratado como evidência estrutural"", ""muitos nomes compartilham a mesma intenção"", ""nomes de comandos reais não chegaram ao classificador"", ""sequência numerada pode indicar codeset ou bruteforce""]","[""50 registros com conflitos ou problemas"", ""50 specific_device determinísticos""]"
20e6d4c2ebe283d0,ACs/Ciatronic/Ciatronic_AC.ir,Ciatronic_AC.ir,ACs,Ciatronic,AC,1,"[""TEMP-""]",[],[],specific_device,0.72,"[""modelo identificável e conjunto coerente""]","[""modelo de baixa confiança foi tratado como evidência estrutural"", ""nomes de comandos reais não chegaram ao classificador""]","[""50 registros com conflitos ou problemas"", ""50 specific_device determinísticos""]"
736ec9b542d5cce1,ACs/Comfort_Aire/Comfort_Aire_RG57A6.ir,Comfort_Aire_RG57A6.ir,ACs,Comfort_Aire,RG57A6,16,"[""On"", ""Off"", ""Mode Auto"", ""Mode Cool"", ""Mode Dry"", ""Mode Heat"", ""Mode Fan"", ""Sleep"", ""Turbo"", ""Self Clean"", ""LED"", ""Follow Me"", ""Swing"", ""Direct"", ""Silence FP"", ""Unsilence""]",[],[],specific_device,0.72,"[""modelo identificável e conjunto coerente""]","[""modelo de baixa confiança foi tratado como evidência estrutural"", ""nomes de comandos reais não chegaram ao classificador""]","[""50 registros com conflitos ou problemas"", ""50 specific_device determinísticos""]"
d57764275e9f7424,ACs/Corlitec/Cortlitec_portable_ac.ir,Cortlitec_portable_ac.ir,ACs,Corlitec,Cortlitec_portable_ac,11,"[""POWER"", ""High"", ""Low"", ""TEMP+"", ""TEMP-"", ""Cool"", ""Dry"", ""Fan"", ""Sleep"", ""Celcius_farenheit"", ""Timer""]","[""NECext""]","[""10 E7 00 00""]",specific_device,0.72,"[""modelo identificável e conjunto coerente""]","[""modelo de baixa confiança foi tratado como evidência estrutural"", ""nomes de comandos reais não chegaram ao classificador"", ""protocolos reais não chegaram ao classificador""]","[""50 registros com conflitos ou problemas"", ""50 specific_device determinísticos""]"
44f3b68017bf3fec,ACs/Daikin/Daikin_AC.ir,Daikin_AC.ir,ACs,Daikin,AC,5,"[""POWER"", ""Swing_off"", ""Swing_on"", ""16_celcius"", ""Fan_3""]",[],[],specific_device,0.72,"[""modelo identificável e conjunto coerente""]","[""modelo de baixa confiança foi tratado como evidência estrutural"", ""nomes de comandos reais não chegaram ao classificador""]","[""50 registros com conflitos ou problemas"", ""50 specific_device determinísticos""]"
e12d2fa31a9c3d27,ACs/Daikin/Daikin_AC_industrial_TB.ir,Daikin_AC_industrial_TB.ir,ACs,Daikin,AC_industrial_TB,2,"[""Off"", ""POWER""]",[],[],specific_device,0.72,"[""modelo identificável e conjunto coerente""]","[""modelo de baixa confiança foi tratado como evidência estrutural"", ""nomes de comandos reais não chegaram ao classificador""]","[""50 registros com conflitos ou problemas"", ""50 specific_device determinísticos""]"
9a549b51c190b2c0,ACs/Daikin/Daikin_AC_unknownModel.ir,Daikin_AC_unknownModel.ir,ACs,Daikin,AC_unknownModel,4,"[""Cool_25_slow"", ""Off"", ""Auto_25_slow"", ""Auto_25_auto""]",[],[],specific_device,0.72,"[""modelo identificável e conjunto coerente""]","[""modelo de baixa confiança foi tratado como evidência estrutural"", ""nomes de comandos reais não chegaram ao classificador""]","[""50 registros com conflitos ou problemas"", ""50 specific_device determinísticos""]"
6d6e0e475f7efe74,ACs/Daikin/Daikin_ARC480A41.ir,Daikin_ARC480A41.ir,ACs,Daikin,ARC480A41,19,"[""OFF"", ""COOL"", ""HEAT"", ""DRY"", ""AUTO"", ""FAN_ONLY"", ""TEMP+"", ""TEMP-"", ""POWERFUL"", ""COMFORT"", ""FAN"", ""SWING"", ""QUIET"", ""SLEEP"", ""ECONOMY"", ""MOLD PROOF"", ""TIMER ON"", ""TIMER OFF"", ""TIMER CANCEL""]",[],[],specific_device,0.72,"[""modelo identificável e conjunto coerente""]","[""modelo de baixa confiança foi tratado como evidência estrutural"", ""nomes de comandos reais não chegaram ao classificador""]","[""50 registros com conflitos ou problemas"", ""50 specific_device determinísticos""]"
44078eb35f6e834e,ACs/Daikin/Daikin_ARC480A53.ir,Daikin_ARC480A53.ir,ACs,Daikin,ARC480A53,17,"[""Off"", ""AUTO"", ""COOL"", ""DRY"", ""HEAT"", ""FAN_ONLY"", ""TEMP+"", ""TEMP-"", ""FAN"", ""ECONOMY"", ""COMFORT"", ""POWERFUL"", ""SWING_VERTICAL"", ""SWING_HORIZONTAL"", ""TIMER_ON"", ""TIMER_OFF"", ""TIMER_CANCEL""]",[],[],specific_device,0.72,"[""modelo identificável e conjunto coerente""]","[""modelo de baixa confiança foi tratado como evidência estrutural"", ""nomes de comandos reais não chegaram ao classificador""]","[""50 registros com conflitos ou problemas"", ""50 specific_device determinísticos""]"
08cf23c063994c51,ACs/Daikin/Daikin_FTE35KV1.ir,Daikin_FTE35KV1.ir,ACs,Daikin,FTE35KV1,5,"[""POWER"", ""MODE"", ""SWING"", ""TEMP-"", ""TEMP+""]",[],[],specific_device,0.72,"[""modelo identificável e conjunto coerente""]","[""modelo de baixa confiança foi tratado como evidência estrutural"", ""nomes de comandos reais não chegaram ao classificador""]","[""50 registros com conflitos ou problemas"", ""50 specific_device determinísticos""]"
dd25a57371568593,ACs/Daikin/Daikin_FTX50GV1B.ir,Daikin_FTX50GV1B.ir,ACs,Daikin,FTX50GV1B,4,"[""Power"", ""Temp_up"", ""Temp_down"", ""Fan""]",[],[],specific_device,0.72,"[""modelo identificável e conjunto coerente""]","[""modelo de baixa confiança foi tratado como evidência estrutural"", ""nomes de comandos reais não chegaram ao classificador""]","[""50 registros com conflitos ou problemas"", ""50 specific_device determinísticos""]"
0cbee01570ad3c1f,ACs/Daikin/Daikin_FTXM95PVMA.ir,Daikin_FTXM95PVMA.ir,ACs,Daikin,FTXM95PVMA,14,"[""Power"", ""Fan"", ""Powerful"", ""Temp+"", ""Temp-"", ""Mode"", ""Econo"", ""Quiet"", ""ShortSwing"", ""WideSwing"", ""Comfort"", ""Sensor"", ""Cancel"", ""Off?""]",[],[],specific_device,0.72,"[""modelo identificável e conjunto coerente""]","[""modelo de baixa confiança foi tratado como evidência estrutural"", ""nomes de comandos reais não chegaram ao classificador""]","[""50 registros com conflitos ou problemas"", ""50 specific_device determinísticos""]"
0957f385f71df38a,ACs/Daikin/Daikin_FTXS25KVMA.ir,Daikin_FTXS25KVMA.ir,ACs,Daikin,FTXS25KVMA,13,"[""Power"", ""Fan"", ""Powerful"", ""Temp+"", ""Temp-"", ""Cancel"", ""SwingWide"", ""SwingNarrow"", ""Quiet"", ""Mode"", ""Sensor"", ""Comfort"", ""Off?""]",[],[],specific_device,0.72,"[""modelo identificável e conjunto coerente""]","[""modelo de baixa confiança foi tratado como evidência estrutural"", ""nomes de comandos reais não chegaram ao classificador""]","[""50 registros com conflitos ou problemas"", ""50 specific_device determinísticos""]"
8e581b2eeb626594,ACs/Danby/Danby DAC060EB7WDB.ir,Danby DAC060EB7WDB.ir,ACs,Danby,Danby DAC060EB7WDB,4,"[""Off"", ""Dh"", ""Cool_hi"", ""Cool_lo""]",[],[],specific_device,0.72,"[""modelo identificável e conjunto coerente""]","[""modelo de baixa confiança foi tratado como evidência estrutural"", ""nomes de comandos reais não chegaram ao classificador""]","[""50 registros com conflitos ou problemas"", ""50 specific_device determinísticos""]"
c793c13575144868,ACs/DeLonghi/Delonghi_portable_Pinguino-Air-to-Air-PAC-N81_ac.ir,Delonghi_portable_Pinguino-Air-to-Air-PAC-N81_ac.ir,ACs,DeLonghi,Delonghi_portable_Pinguino-Air-to-Air-PAC-N81_ac,7,"[""POWER"", ""TEMP+"", ""TEMP-"", ""Fan_speed"", ""Mode"", ""Timer"", ""Celsius_farenhait""]","[""NECext""]","[""48 12 00 00"", ""48 14 00 00"", ""48 44 00 00""]",specific_device,0.72,"[""modelo identificável e conjunto coerente""]","[""modelo de baixa confiança foi tratado como evidência estrutural"", ""nomes de comandos reais não chegaram ao classificador"", ""protocolos reais não chegaram ao classificador""]","[""50 registros com conflitos ou problemas"", ""50 specific_device determinísticos""]"
19ab3ddf5c57d037,ACs/DeLonghi/Pinguino_EL290HLWKC.ir,Pinguino_EL290HLWKC.ir,ACs,DeLonghi,Pinguino_EL290HLWKC,9,"[""Power"", ""Mode"", ""Quiet_Mode"", ""Temp+"", ""Temp-"", ""Fan+"", ""Fan-"", ""Timer"", ""Fan_Angle""]","[""NEC""]","[""81 00 00 00""]",specific_device,0.72,"[""modelo identificável e conjunto coerente""]","[""modelo de baixa confiança foi tratado como evidência estrutural"", ""nomes de comandos reais não chegaram ao classificador"", ""protocolos reais não chegaram ao classificador""]","[""50 registros com conflitos ou problemas"", ""50 specific_device determinísticos""]"
771ed80bcc2c1739,ACs/DeLonghi/Pinguino_PAC_EL275HGRKC.ir,Pinguino_PAC_EL275HGRKC.ir,ACs,DeLonghi,Pinguino_PAC_EL275HGRKC,7,"[""POWER"", ""MODE"", ""TEMP+"", ""TEMP-"", ""FAN+"", ""FAN-"", ""TIMER""]","[""NEC""]","[""82 00 00 00""]",specific_device,0.72,"[""modelo identificável e conjunto coerente""]","[""modelo de baixa confiança foi tratado como evidência estrutural"", ""nomes de comandos reais não chegaram ao classificador"", ""protocolos reais não chegaram ao classificador""]","[""50 registros com conflitos ou problemas"", ""50 specific_device determinísticos""]"
6d220f2e31e6b3a3,ACs/DeLonghi/Pinguino_PAC_EL92_SILENT.ir,Pinguino_PAC_EL92_SILENT.ir,ACs,DeLonghi,Pinguino_PAC_EL92_SILENT,8,"[""POWER"", ""SILENT"", ""MODE"", ""TEMP-"", ""TEMP+"", ""FAN"", ""TIMER"", ""Swing""]","[""NECext""]","[""1F FF 00 00""]",specific_device,0.72,"[""modelo identificável e conjunto coerente""]","[""modelo de baixa confiança foi tratado como evidência estrutural"", ""nomes de comandos reais não chegaram ao classificador"", ""protocolos reais não chegaram ao classificador""]","[""50 registros com conflitos ou problemas"", ""50 specific_device determinísticos""]"
c529c035cfa2b451,ACs/Eberg/Eberg_RIO_R29E1.ir,Eberg_RIO_R29E1.ir,ACs,Eberg,RIO_R29E1,10,"[""POWER"", ""COOL"", ""UP"", ""DOWN"", ""HIGH"", ""LOW"", ""DRY"", ""FAN"", ""TIMER"", ""C_F""]","[""NECext""]","[""10 E7 00 00""]",specific_device,0.72,"[""modelo identificável e conjunto coerente""]","[""modelo de baixa confiança foi tratado como evidência estrutural"", ""nomes de comandos reais não chegaram ao classificador"", ""protocolos reais não chegaram ao classificador""]","[""50 registros com conflitos ou problemas"", ""50 specific_device determinísticos""]"
286fa68063509e4b,ACs/Ecofort/Ecofort_CoolAir_7+_EQCA7+2900824.ir,Ecofort_CoolAir_7+_EQCA7+2900824.ir,ACs,Ecofort,CoolAir_7+_EQCA7+2900824,11,"[""Power"", ""Up"", ""Down"", ""High"", ""Low"", ""Cool"", ""Dry"", ""Fan"", ""Sleep"", ""C_F"", ""Timer""]","[""NECext""]","[""10 E7 00 00""]",specific_device,0.72,"[""modelo identificável e conjunto coerente""]","[""modelo de baixa confiança foi tratado como evidência estrutural"", ""nomes de comandos reais não chegaram ao classificador"", ""protocolos reais não chegaram ao classificador""]","[""50 registros com conflitos ou problemas"", ""50 specific_device determinísticos""]"
c11f811c3d9256a6,ACs/Electra/electra_smart.ir,electra_smart.ir,ACs,Electra,electra_smart,2,"[""On"", ""Off""]",[],[],specific_device,0.72,"[""modelo identificável e conjunto coerente""]","[""modelo de baixa confiança foi tratado como evidência estrutural"", ""nomes de comandos reais não chegaram ao classificador""]","[""50 registros com conflitos ou problemas"", ""50 specific_device determinísticos""]"
027e30a84ea6f7d7,ACs/Electrolux/Electrol_ESV09CRO_B2I.ir,Electrol_ESV09CRO_B2I.ir,ACs,Electrolux,Electrol_ESV09CRO_B2I,17,"[""POWER_ON"", ""Off"", ""TEMP_16"", ""TEMP_17"", ""TEMP_18"", ""TEMP_19"", ""TEMP_20"", ""TEMP_21"", ""TEMP_22"", ""TEMP_23"", ""TEMP_24"", ""TEMP_25"", ""TEMP_26"", ""TEMP_27"", ""TEMP_28"", ""TEMP_29"", ""TEMP_30""]",[],[],specific_device,0.72,"[""modelo identificável e conjunto coerente""]","[""modelo de baixa confiança foi tratado como evidência estrutural"", ""muitos nomes compartilham a mesma intenção"", ""nomes de comandos reais não chegaram ao classificador"", ""sequência numerada pode indicar codeset ou bruteforce""]","[""50 registros com conflitos ou problemas"", ""50 specific_device determinísticos""]"
49ca0bd04a50e296,ACs/Emerson/Emerson_EARC8RE1_ac.ir,Emerson_EARC8RE1_ac.ir,ACs,Emerson,EARC8RE1_ac,11,"[""Power"", ""Cool"", ""Up"", ""Down"", ""Eco"", ""Sleep"", ""Fan Speed"", ""Timer"", ""Display"", ""Auto Mode"", ""Fan Only""]",[],[],specific_device,0.72,"[""modelo identificável e conjunto coerente""]","[""modelo de baixa confiança foi tratado como evidência estrutural"", ""nomes de comandos reais não chegaram ao classificador""]","[""50 registros com conflitos ou problemas"", ""50 specific_device determinísticos""]"
d5f94e59bbec7bb6,ACs/Emerson/Emerson_Quiet_Kool_AC.ir,Emerson_Quiet_Kool_AC.ir,ACs,Emerson,Quiet_Kool_AC,7,"[""Power"", ""Timer"", ""Fan Speed"", ""Temp+"", ""Temp-"", ""Mode"", ""Vent Angle""]","[""NEC""]","[""81 00 00 00""]",specific_device,0.72,"[""modelo identificável e conjunto coerente""]","[""modelo de baixa confiança foi tratado como evidência estrutural"", ""nomes de comandos reais não chegaram ao classificador"", ""protocolos reais não chegaram ao classificador""]","[""50 registros com conflitos ou problemas"", ""50 specific_device determinísticos""]"
590e891d9b23a8e5,ACs/Eurom/Eurom_PAC_9.2.ir,Eurom_PAC_9.2.ir,ACs,Eurom,PAC_9.2,6,"[""Power"", ""Speed"", ""Temp+"", ""Temp-"", ""Mode"", ""Timer""]","[""NEC""]","[""04 00 00 00""]",specific_device,0.72,"[""modelo identificável e conjunto coerente""]","[""modelo de baixa confiança foi tratado como evidência estrutural"", ""nomes de comandos reais não chegaram ao classificador"", ""protocolos reais não chegaram ao classificador""]","[""50 registros com conflitos ou problemas"", ""50 specific_device determinísticos""]"
36b02b0ac92203a5,ACs/Eurom/Eurom_Tristar_AC.ir,Eurom_Tristar_AC.ir,ACs,Eurom,Tristar_AC,7,"[""POWER"", ""Speed"", ""TEMP+"", ""TEMP-"", ""Mode"", ""Sleep"", ""Timer""]","[""NEC""]","[""80 00 00 00""]",specific_device,0.72,"[""modelo identificável e conjunto coerente""]","[""modelo de baixa confiança foi tratado como evidência estrutural"", ""nomes de comandos reais não chegaram ao classificador"", ""protocolos reais não chegaram ao classificador""]","[""50 registros com conflitos ou problemas"", ""50 specific_device determinísticos""]"
edf5cb6646a06c6c,ACs/Ferroli/Ferroli.ir,Ferroli.ir,ACs,Ferroli,Ferroli,8,"[""On"", ""Mode"", ""Up"", ""Ok"", ""Down"", ""Fan"", ""Swing"", ""Star""]",[],[],specific_device,0.72,"[""modelo identificável e conjunto coerente""]","[""modelo de baixa confiança foi tratado como evidência estrutural"", ""nomes de comandos reais não chegaram ao classificador""]","[""50 registros com conflitos ou problemas"", ""50 specific_device determinísticos""]"
75650c3d06ccf407,ACs/Firstline/Firstline_AAS2500.ir,Firstline_AAS2500.ir,ACs,Firstline,AAS2500,10,"[""On"", ""Off"", ""Temp up"", ""Temp down"", ""Mode"", ""Sleep"", ""Fan_speed"", ""Flap"", ""1HR"", ""High power""]",[],[],specific_device,0.72,"[""modelo identificável e conjunto coerente""]","[""modelo de baixa confiança foi tratado como evidência estrutural"", ""nomes de comandos reais não chegaram ao classificador""]","[""50 registros com conflitos ou problemas"", ""50 specific_device determinísticos""]"
38056289bed56049,ACs/Fujitsu/Fujitsu_AC_ASU18RLF.ir,Fujitsu_AC_ASU18RLF.ir,ACs,Fujitsu,AC_ASU18RLF,44,"[""On_fan"", ""Off"", ""Cool_64"", ""Cool_66"", ""Cool_68"", ""Cool_70"", ""Cool_72"", ""Cool_74"", ""Cool_76"", ""Cool_78"", ""Cool_80"", ""Cool_82"", ""Cool_84"", ""Cool_86"", ""Cool_88"", ""Dry_64"", ""Dry_66"", ""Dry_68"", ""Dry_70"", ""Dry_72"", ""Dry_74"", ""Dry_76"", ""Dry_78"", ""Dry_80"", ""Dry_82"", ""Dry_84"", ""Dry_86"", ""Dry_88"", ""Fan_mode"", ""Heat_60"", ""Heat_62"", ""Heat_64"", ""Heat_66"", ""Heat_68"", ""Heat_70"", ""Heat_72"", ""Heat_74"", ""Heat_76"", ""Heat_78"", ""Heat_80"", ""Heat_82"", ""Heat_84"", ""Heat_86"", ""Heat_88""]",[],[],specific_device,0.72,"[""modelo identificável e conjunto coerente""]","[""modelo de baixa confiança foi tratado como evidência estrutural"", ""muitos nomes compartilham a mesma intenção"", ""nomes de comandos reais não chegaram ao classificador"", ""sequência numerada pode indicar codeset ou bruteforce""]","[""50 nomes ou comandos com sequências numéricas""]"
cf8cc45056c7e033,ACs/Legion/Legion_LE-F30RH-IN.ir,Legion_LE-F30RH-IN.ir,ACs,Legion,LE-F30RH-IN,48,"[""Off"", ""Cool_16"", ""Cool_17"", ""Cool_18"", ""Cool_19"", ""Cool_20"", ""Cool_21"", ""Cool_22"", ""Cool_23"", ""Cool_24"", ""Cool_25"", ""Cool_26"", ""Dry"", ""Heat_21"", ""Heat_22"", ""Heat_23"", ""Heat_24"", ""Heat_25"", ""Heat_26"", ""Heat_27"", ""Heat_28"", ""Heat_29"", ""Heat_30"", ""Heat_31"", ""Heat_32"", ""Fan_auto"", ""Fan_high"", ""Fan_mid"", ""Fan_low"", ""Auto_16"", ""Auto_17"", ""Auto_18"", ""Auto_19"", ""Auto_20"", ""Auto_21"", ""Auto_22"", ""Auto_23"", ""Auto_24"", ""Auto_25"", ""Auto_26"", ""Auto_27"", ""Auto_28"", ""Auto_29"", ""Auto_30"", ""Auto_31"", ""Auto_32"", ""Cool_16_turbo"", ""Heat_32_turbo""]",[],[],specific_device,0.72,"[""modelo identificável e conjunto coerente""]","[""modelo de baixa confiança foi tratado como evidência estrutural"", ""muitos nomes compartilham a mesma intenção"", ""nomes de comandos reais não chegaram ao classificador"", ""sequência numerada pode indicar codeset ou bruteforce""]","[""50 nomes ou comandos com sequências numéricas""]"
79a29ed0af1350e7,Audio_and_Video_Receivers/Marantz/Marantz_RC042SR.ir,Marantz_RC042SR.ir,Audio_and_Video_Receivers,Marantz,RC042SR,39,"[""Power"", ""Sleep"", ""Ch_next"", ""Ch_prev"", ""Vol_up"", ""Vol_dn"", ""Mute"", ""Info"", ""Options"", ""Setup"", ""Up"", ""Down"", ""Left"", ""Right"", ""Enter"", ""Back"", ""Tune-"", ""Tune+"", ""Pause/Resume"", ""1"", ""2"", ""3"", ""4"", ""Movie"", ""Music"", ""Game"", ""CBL/SAT"", ""DVD"", ""Blu-ray"", ""AUX"", ""Media player"", ""TV audio"", ""8K"", ""Tuner"", ""USB"", ""CD"", ""Bluetooth"", ""Phono"", ""Internet radio""]","[""RC5"", ""RC5X""]","[""00 00 00 00"", ""05 00 00 00"", ""06 00 00 00"", ""10 00 00 00"", ""11 00 00 00"", ""14 00 00 00"", ""15 00 00 00""]",specific_device,0.72,"[""modelo identificável e conjunto coerente""]","[""modelo de baixa confiança foi tratado como evidência estrutural"", ""nomes de comandos reais não chegaram ao classificador"", ""protocolos reais não chegaram ao classificador"", ""sequência numerada pode indicar codeset ou bruteforce""]","[""50 maiores diversidades de endereços"", ""50 maiores diversidades de protocolos""]"
74212e4aef4b0083,Audio_and_Video_Receivers/Onkyo/Onkyo_RC866M_Receiver.ir,Onkyo_RC866M_Receiver.ir,Audio_and_Video_Receivers,Onkyo,RC866M_Receiver,57,"[""POWER_Receiver"", ""POWER_Zone2"", ""POWER_Source"", ""Input BD-DVD"", ""Input CBL-SAT"", ""Input GAME"", ""Input PC"", ""Input AUX"", ""Input TUNER"", ""Input TV-CD"", ""Input PHONO"", ""Input NET"", ""Input USB"", ""POWER_TV"", ""TV Input"", ""TV Vol_max"", ""TV Vol_min"", ""TV Muting"", ""Display"", ""+ CH DISC"", ""- ALBUM"", ""Vol_max"", ""Vol_min"", ""Muting"", ""Top menu_SP-Guide"", ""Menu_Prev CH"", ""Q_Setup"", ""Home_Audio"", ""Return"", ""ENTER"", ""Up"", ""Down"", ""Left_playlist"", ""Right_playlist"", ""Previous"", ""Fast_reverse"", ""Fast_forward"", ""Next"", ""Pause"", ""Play"", ""Stop"", ""A_Red_Mode-TV_Search"", ""B_Green_Music_Repeat"", ""C_Yellow-Game_Random"", ""D_Blue_Stereo_Mode"", ""1"", ""2"", ""3"", ""4"", ""5"", ""6"", ""7"", ""8"", ""9"", ""+10_10_D.Tun Dimmer"", ""0_11"", ""Clr_12_Sleep""]","[""NECext""]","[""D2 02 00 00"", ""D2 12 00 00"", ""D2 19 00 00"", ""D2 1C 00 00"", ""D2 6C 00 00"", ""D2 6D 00 00"", ""D2 AC 00 00""]",specific_device,0.72,"[""modelo identificável e conjunto coerente""]","[""modelo de baixa confiança foi tratado como evidência estrutural"", ""muitos nomes compartilham a mesma intenção"", ""nomes de comandos reais não chegaram ao classificador"", ""protocolos reais não chegaram ao classificador"", ""sequência numerada pode indicar codeset ou bruteforce""]","[""50 maiores diversidades de endereços""]"
f34edaaf55fb614e,Audio_and_Video_Receivers/Onkyo/Onkyo_RC898M.ir,Onkyo_RC898M.ir,Audio_and_Video_Receivers,Onkyo,RC898M,50,"[""Power"", ""Power_source"", ""Bd_dvd"", ""Cbl_sat"", ""Streambox"", ""Pc"", ""Game"", ""Aux"", ""Cd"", ""Phono"", ""Tv"", ""Tunner"", ""Net"", ""Bluetooth"", ""Mute"", ""Power_tv"", ""Tv_input"", ""Vol_up"", ""Vol_dn"", ""Ch_disc"", ""Album"", ""Top_menu"", ""Up"", ""Down"", ""Left"", ""Right"", ""Enter"", ""Menu"", ""Setup"", ""Return"", ""Quick_menu"", ""Prev"", ""Rewind"", ""Fast_forward"", ""Next"", ""Pause"", ""Play"", ""Stop"", ""1"", ""2"", ""3"", ""4"", ""5"", ""6"", ""7"", ""8"", ""9"", ""+10_10_D.Tun Dimmer"", ""0_11"", ""Clr_12_Sleep""]","[""NECext""]","[""D2 02 00 00"", ""D2 11 00 00"", ""D2 12 00 00"", ""D2 14 00 00"", ""D2 19 00 00"", ""D2 1E 00 00"", ""D2 6C 00 00"", ""D2 6D 00 00""]",specific_device,0.72,"[""modelo identificável e conjunto coerente""]","[""modelo de baixa confiança foi tratado como evidência estrutural"", ""muitos nomes compartilham a mesma intenção"", ""nomes de comandos reais não chegaram ao classificador"", ""protocolos reais não chegaram ao classificador"", ""sequência numerada pode indicar codeset ou bruteforce""]","[""50 maiores diversidades de endereços""]"
9ebb49aa2be5e722,Audio_and_Video_Receivers/Panasonic/Panasonic_N2QAYB000145.ir,Panasonic_N2QAYB000145.ir,Audio_and_Video_Receivers,Panasonic,N2QAYB000145,18,"[""Power"", ""Play_Pause"", ""Stop"", ""Vol_up"", ""Vol_dn"", ""Next"", ""Prev"", ""Repeat"", ""Clear"", ""Play_Mode"", ""Mute"", ""Music_Port"", ""Tuner_Band"", ""Sleep"", ""Bass"", ""Album_Next"", ""Album_Prev"", ""Clock""]","[""Kaseikyo""]","[""A0 02 20 00"", ""A0 02 20 02"", ""A0 02 20 03"", ""A4 02 20 02"", ""AA 02 20 00"", ""AA 02 20 03"", ""AC 02 20 00"", ""AC 02 20 01"", ""AC 02 20 02""]",specific_device,0.72,"[""modelo identificável e conjunto coerente""]","[""modelo de baixa confiança foi tratado como evidência estrutural"", ""nomes de comandos reais não chegaram ao classificador"", ""protocolos reais não chegaram ao classificador""]","[""50 maiores diversidades de endereços""]"
fe33f4cba98a1401,Audio_and_Video_Receivers/Panasonic/Panasonic_N2QAYB000210.ir,Panasonic_N2QAYB000210.ir,Audio_and_Video_Receivers,Panasonic,N2QAYB000210,47,"[""Power"", ""1"", ""2"", ""3"", ""4"", ""5"", ""6"", ""7"", ""8"", ""9"", ""0"", ""Tv_power"", ""Tv_video"", ""Tv_vol_up"", ""Tv_vol_down"", ""Dvd_2nd_select"", ""Ipod"", ""Fm_am_ext_in"", ""One_touch_play"", ""Vol_up"", ""Vol_down"", ""Disc"", ""10"", ""Skip_back"", ""Skip_fwd"", ""Slow_back"", ""Slow_fwd"", ""Stop"", ""Pause"", ""Play"", ""Top_menu"", ""Start"", ""Up"", ""Left"", ""Right"", ""Down"", ""Ok"", ""Menu"", ""Return"", ""Functions"", ""Dlp_ii"", ""Repeat"", ""Sleep"", ""Cancel"", ""Sound"", ""Subwoofer_level"", ""Muting""]","[""Kaseikyo""]","[""80 02 20 00"", ""A0 02 20 00"", ""A0 02 20 02"", ""A0 02 20 03"", ""A2 02 20 00"", ""A2 02 20 01"", ""A2 02 20 02"", ""A2 02 20 03"", ""A4 02 20 02"", ""AC 02 20 00"", ""AC 02 20 01"", ""AC 02 20 02""]",specific_device,0.72,"[""modelo identificável e conjunto coerente""]","[""modelo de baixa confiança foi tratado como evidência estrutural"", ""muitos nomes compartilham a mesma intenção"", ""nomes de comandos reais não chegaram ao classificador"", ""protocolos reais não chegaram ao classificador"", ""sequência numerada pode indicar codeset ou bruteforce""]","[""50 maiores diversidades de endereços""]"
736bc1d6ce68e1bc,Audio_and_Video_Receivers/Panasonic/Panasonic_N2QAYB001009.ir,Panasonic_N2QAYB001009.ir,Audio_and_Video_Receivers,Panasonic,N2QAYB001009,47,"[""Power"", ""Guide"", ""TV"", ""AV"", ""Menu"", ""Text"", ""Sttl"", ""Aspect"", ""Info"", ""Exit"", ""Apps"", ""Netflix"", ""Home"", ""Up"", ""Ok"", ""Down"", ""Left"", ""Right"", ""Back"", ""Option"", ""Red"", ""Green"", ""Yellow"", ""Blue"", ""Vol_up"", ""Vol_dn"", ""Mute"", ""Ch_next"", ""Ch_prev"", ""1"", ""2"", ""3"", ""4"", ""5"", ""6"", ""7"", ""8"", ""9"", ""0"", ""Help"", ""Last_view"", ""Record"", ""Record_stop"", ""Play"", ""Pause"", ""Prev"", ""Next""]","[""Kaseikyo""]","[""80 02 20 00"", ""80 02 20 01"", ""80 02 20 02"", ""80 02 20 03"", ""81 02 20 00"", ""82 02 20 00"", ""84 02 20 03"", ""89 02 20 02"", ""89 02 20 03""]",specific_device,0.72,"[""modelo identificável e conjunto coerente""]","[""modelo de baixa confiança foi tratado como evidência estrutural"", ""muitos nomes compartilham a mesma intenção"", ""nomes de comandos reais não chegaram ao classificador"", ""protocolos reais não chegaram ao classificador"", ""sequência numerada pode indicar codeset ou bruteforce""]","[""50 maiores diversidades de endereços""]"
e39d8fe7cca203cd,Audio_and_Video_Receivers/Panasonic/Panasonic_SA_PM602.ir,Panasonic_SA_PM602.ir,Audio_and_Video_Receivers,Panasonic,SA_PM602,20,"[""Power"", ""Vol_up"", ""Vol_dn"", ""Play"", ""Stop"", ""Rewind"", ""Forward"", ""Radio"", ""Usb_cd"", ""Blue"", ""Eject"", ""Mute"", ""Dimmer"", ""Setup"", ""Display"", ""Sound"", ""Play_menu"", ""Up"", ""Down"", ""Ok""]","[""Kaseikyo""]","[""A0 02 20 00"", ""A0 02 20 02"", ""A4 02 20 02"", ""AC 02 20 00"", ""AC 02 20 01"", ""AC 02 20 02"", ""AC 02 20 03""]",specific_device,0.72,"[""modelo identificável e conjunto coerente""]","[""modelo de baixa confiança foi tratado como evidência estrutural"", ""nomes de comandos reais não chegaram ao classificador"", ""protocolos reais não chegaram ao classificador""]","[""50 maiores diversidades de endereços""]"
c00d88f7e3d196e6,Audio_and_Video_Receivers/Panasonic/Panasonic_SA_PT660.ir,Panasonic_SA_PT660.ir,Audio_and_Video_Receivers,Panasonic,SA_PT660,47,"[""Power"", ""1"", ""2"", ""3"", ""4"", ""5"", ""6"", ""7"", ""8"", ""9"", ""0"", ""Tv_power"", ""Tv_video"", ""Tv_vol_up"", ""Tv_vol_down"", ""Dvd_2nd_select"", ""Ipod"", ""Fm_am_ext_in"", ""One_touch_play"", ""Vol_up"", ""Vol_down"", ""Disc"", ""10"", ""Skip_back"", ""Skip_fwd"", ""Slow_back"", ""Slow_fwd"", ""Stop"", ""Pause"", ""Play"", ""Top_menu"", ""Start"", ""Up"", ""Left"", ""Right"", ""Down"", ""Ok"", ""Menu"", ""Return"", ""Functions"", ""Dlp_ii"", ""Repeat"", ""Sleep"", ""Cancel"", ""Sound"", ""Subwoofer_level"", ""Muting""]","[""Kaseikyo""]","[""80 02 20 00"", ""A0 02 20 00"", ""A0 02 20 02"", ""A0 02 20 03"", ""A2 02 20 00"", ""A2 02 20 01"", ""A2 02 20 02"", ""A2 02 20 03"", ""A4 02 20 02"", ""AC 02 20 00"", ""AC 02 20 01"", ""AC 02 20 02""]",specific_device,0.72,"[""modelo identificável e conjunto coerente""]","[""modelo de baixa confiança foi tratado como evidência estrutural"", ""muitos nomes compartilham a mesma intenção"", ""nomes de comandos reais não chegaram ao classificador"", ""protocolos reais não chegaram ao classificador"", ""sequência numerada pode indicar codeset ou bruteforce""]","[""50 maiores diversidades de endereços""]"
ec3ab6e5324f9317,Audio_and_Video_Receivers/Panasonic/Panasonic_SC-AK15.ir,Panasonic_SC-AK15.ir,Audio_and_Video_Receivers,Panasonic,SC-AK15,31,"[""Power"", ""Vol_up"", ""Vol_dn"", ""Mute"", ""PlayFW/Pause"", ""Play_Reverse"", ""Stop"", ""Next/FF"", ""Prew/REW"", ""Aux"", ""Tape"", ""CD"", ""Tuner"", ""1"", ""2"", ""3"", ""4"", ""5"", ""6"", ""7"", ""8"", ""9"", ""0"", "">=10"", ""Disc"", ""EQ"", ""Sleep"", ""Program"", ""Cancel"", ""Repeat"", ""Random""]","[""Kaseikyo""]","[""A0 02 20 00"", ""A0 02 20 02"", ""A4 02 20 02"", ""A8 02 20 02"", ""AA 02 20 01"", ""AA 02 20 02"", ""AC 02 20 00"", ""AC 02 20 01"", ""AC 02 20 02""]",specific_device,0.72,"[""modelo identificável e conjunto coerente""]","[""modelo de baixa confiança foi tratado como evidência estrutural"", ""muitos nomes compartilham a mesma intenção"", ""nomes de comandos reais não chegaram ao classificador"", ""protocolos reais não chegaram ao classificador"", ""sequência numerada pode indicar codeset ou bruteforce""]","[""50 maiores diversidades de endereços""]"
23b189e7c7efdee8,Audio_and_Video_Receivers/Philips/Philips_BTD2180.ir,Philips_BTD2180.ir,Audio_and_Video_Receivers,Philips,BTD2180,34,"[""Power"", ""Eject"", ""Source"", ""Vol_up"", ""Mute"", ""Vol_dn"", ""Prev"", ""Play/Pause"", ""Stop"", ""Next"", ""Display"", ""Sound"", ""Home"", ""Back"", ""Up"", ""Down"", ""Left"", ""Right"", ""Ok"", ""1"", ""2"", ""3"", ""4"", ""5"", ""6"", ""7"", ""8"", ""9"", ""0"", ""Menu"", ""Sleep"", ""Option"", ""Prog"", ""Time""]","[""RC5"", ""RC6""]","[""04 00 00 00"", ""10 00 00 00""]",specific_device,0.72,"[""modelo identificável e conjunto coerente""]","[""modelo de baixa confiança foi tratado como evidência estrutural"", ""muitos nomes compartilham a mesma intenção"", ""nomes de comandos reais não chegaram ao classificador"", ""protocolos reais não chegaram ao classificador"", ""sequência numerada pode indicar codeset ou bruteforce""]","[""50 maiores diversidades de protocolos""]"
effdd28e7d210f3a,Audio_and_Video_Receivers/Philips/Philips_CD_Player_723.ir,Philips_CD_Player_723.ir,Audio_and_Video_Receivers,Philips,CD_Player_723,26,"[""Power"", ""Vol_dn"", ""Vol_up"", ""Time"", ""Program"", ""Fade"", ""Shuffle"", ""1"", ""2"", ""3"", ""4"", ""5"", ""6"", ""7"", ""8"", ""9"", ""0"", ""Highlight"", ""Repeat"", ""Play"", ""Stop"", ""Prev"", ""Next"", ""Pause"", ""Rewind"", ""Forward""]","[""RC5"", ""RC5X""]","[""14 00 00 00""]",specific_device,0.72,"[""modelo identificável e conjunto coerente""]","[""modelo de baixa confiança foi tratado como evidência estrutural"", ""muitos nomes compartilham a mesma intenção"", ""nomes de comandos reais não chegaram ao classificador"", ""protocolos reais não chegaram ao classificador"", ""sequência numerada pode indicar codeset ou bruteforce""]","[""50 maiores diversidades de protocolos""]"
b22b64d1b1465194,Audio_and_Video_Receivers/Philips/Philips_FW-M55.ir,Philips_FW-M55.ir,Audio_and_Video_Receivers,Philips,FW-M55,46,"[""Power"", ""Vol_up"", ""Vol_dn"", ""Mute"", ""CD_1/2/3"", ""Aux"", ""Tuner"", ""Tape"", ""CD_Play/Pause"", ""CD_Stop"", ""CD_Next"", ""CD_Prev"", ""CD_FF"", ""CD_REW"", ""Tape_Play"", ""Tape_Stop"", ""Tape_Forward"", ""Tape_Backward"", ""Tape_FF"", ""Tape_REW"", ""Tuner_Next_preset"", ""Tuner_Prev_preset"", ""Tune+"", ""Tune-"", ""Sleep"", ""Prog"", ""DBB"", ""DSC"", ""Album+"", ""Album-"", ""Title+"", ""Title-"", ""Album_display"", ""Title_display"", ""Repeat"", ""IncredibleSurround"", ""1"", ""2"", ""3"", ""4"", ""5"", ""6"", ""7"", ""8"", ""9"", ""0""]","[""RC5"", ""RC5X""]","[""10 00 00 00"", ""11 00 00 00"", ""12 00 00 00"", ""14 00 00 00"", ""15 00 00 00""]",specific_device,0.72,"[""modelo identificável e conjunto coerente""]","[""modelo de baixa confiança foi tratado como evidência estrutural"", ""muitos nomes compartilham a mesma intenção"", ""nomes de comandos reais não chegaram ao classificador"", ""protocolos reais não chegaram ao classificador"", ""sequência numerada pode indicar codeset ou bruteforce""]","[""50 maiores diversidades de protocolos""]"
90330026df10b6a4,Audio_and_Video_Receivers/Philips/Philips_FW750c.ir,Philips_FW750c.ir,Audio_and_Video_Receivers,Philips,FW750c,17,"[""Vol_up"", ""Vol_dwn"", ""Eject"", ""Play"", ""Pause"", ""Stop"", ""PowerOff"", ""Repeat"", ""Mute"", ""Surround"", ""Power"", ""Disc_Select"", ""1"", ""2"", ""3"", ""4"", ""5""]","[""RC5"", ""RC5X""]","[""10 00 00 00"", ""14 00 00 00"", ""15 00 00 00""]",specific_device,0.72,"[""modelo identificável e conjunto coerente""]","[""modelo de baixa confiança foi tratado como evidência estrutural"", ""nomes de comandos reais não chegaram ao classificador"", ""protocolos reais não chegaram ao classificador"", ""sequência numerada pode indicar codeset ou bruteforce""]","[""50 maiores diversidades de protocolos""]"
e08ae825561a5e02,Audio_and_Video_Receivers/Philips/Philips_FX55_HiFi.ir,Philips_FX55_HiFi.ir,Audio_and_Video_Receivers,Philips,FX55_HiFi,21,"[""Power"", ""Disk"", ""Source"", ""Mode"", ""Program"", ""Up"", ""Skip"", ""Back"", ""Pause_Continue"", ""Down"", ""Stop"", ""Disp"", ""Mute"", ""Vol_up"", ""Vol_dn"", ""Clock"", ""Sleep"", ""Light"", ""EQ"", ""MAX_Sound"", ""Bass_Boost""]","[""RC5"", ""RC5X"", ""RC6""]","[""10 00 00 00"", ""14 00 00 00"", ""15 00 00 00""]",specific_device,0.72,"[""modelo identificável e conjunto coerente""]","[""modelo de baixa confiança foi tratado como evidência estrutural"", ""nomes de comandos reais não chegaram ao classificador"", ""protocolos reais não chegaram ao classificador""]","[""50 maiores diversidades de protocolos""]"
70e83298bea845da,Audio_and_Video_Receivers/Philips/Philips_MZ-3.ir,Philips_MZ-3.ir,Audio_and_Video_Receivers,Philips,MZ-3,24,"[""Power"", ""Cd"", ""Aux"", ""Tuner"", ""Timer"", ""Cdr"", ""Sleep"", ""Dbb"", ""Dsc"", ""Incr.surr."", ""Mute"", ""News_ta"", ""Vol_dn"", ""Vol_up"", ""Play_pause"", ""Back"", ""Next"", ""Stop"", ""Rew"", ""Fwd"", ""Repeat"", ""Shuffle"", ""Program"", ""Band""]","[""RC5"", ""RC5X""]","[""10 00 00 00"", ""11 00 00 00"", ""14 00 00 00"", ""15 00 00 00"", ""1A 00 00 00""]",specific_device,0.72,"[""modelo identificável e conjunto coerente""]","[""modelo de baixa confiança foi tratado como evidência estrutural"", ""nomes de comandos reais não chegaram ao classificador"", ""protocolos reais não chegaram ao classificador""]","[""50 maiores diversidades de protocolos""]"
eb1e7b58408a705f,Audio_and_Video_Receivers/Rega/Rega_IO.ir,Rega_IO.ir,Audio_and_Video_Receivers,Rega,IO,10,"[""Vol_up"", ""Vol_dn"", ""Mute"", ""Source"", ""Back"", ""Up"", ""Down"", ""Left"", ""Right"", ""Enter""]","[""NEC"", ""RC5""]","[""10 00 00 00"", ""6E 00 00 00""]",specific_device,0.72,"[""modelo identificável e conjunto coerente""]","[""modelo de baixa confiança foi tratado como evidência estrutural"", ""nomes de comandos reais não chegaram ao classificador"", ""protocolos reais não chegaram ao classificador""]","[""50 maiores diversidades de protocolos""]"
adcd177469342321,Audio_and_Video_Receivers/Sony/Sony_CMT-EH10.ir,Sony_CMT-EH10.ir,Audio_and_Video_Receivers,Sony,CMT-EH10,26,"[""Power"", ""Play"", ""Pause"", ""Stop"", ""Vol_up"", ""Vol_dn"", ""Chan_prev"", ""Chan_next"", ""REW"", ""FF"", ""Tape"", ""CD"", ""Tuner/Band"", ""Sleep"", ""Display"", ""Clock_select"", ""Clock_set"", ""Tuner_mem"", ""Play/Tun_mode"", ""Repeat/FM_mode"", ""Function"", ""Clear"", ""Enter"", ""EQ"", ""Dir+"", ""Dir-""]","[""SIRC"", ""SIRC15"", ""SIRC20""]","[""10 00 00 00"", ""3A 07 00 00"", ""90 00 00 00""]",specific_device,0.72,"[""modelo identificável e conjunto coerente""]","[""modelo de baixa confiança foi tratado como evidência estrutural"", ""nomes de comandos reais não chegaram ao classificador"", ""protocolos reais não chegaram ao classificador""]","[""50 maiores diversidades de protocolos""]"
d71b2e9cea938415,Audio_and_Video_Receivers/Sony/Sony_MHC-GS300AV.ir,Sony_MHC-GS300AV.ir,Audio_and_Video_Receivers,Sony,MHC-GS300AV,33,"[""Sleep"", ""Balance Left"", ""Balance Right"", ""Power"", ""Center +"", ""Center -"", ""Rear +"", ""Rear -"", ""Game"", ""Tape"", ""Display"", ""Tuning +"", ""Preset +"", ""Album +"", ""Disc +"", ""Preset EQ"", ""Groove"", ""Vol_up"", ""Vol_dn"", ""Surround"", ""Disc -"", ""Album -"", ""Tuning -"", ""Preset -"", ""Play"", ""Pause"", ""Stop"", ""Tuner/Band"", ""CD"", ""Test Tone"", ""5.1 ch"", ""Video (MD)"", ""Pro Logic""]","[""SIRC15"", ""SIRC20""]","[""10 00 00 00"", ""11 00 00 00"", ""3A 07 00 00"", ""90 00 00 00""]",specific_device,0.72,"[""modelo identificável e conjunto coerente""]","[""modelo de baixa confiança foi tratado como evidência estrutural"", ""nomes de comandos reais não chegaram ao classificador"", ""protocolos reais não chegaram ao classificador""]","[""50 maiores diversidades de protocolos""]"
c9bec7f5569381ad,Audio_and_Video_Receivers/Sony/Sony_MHC_GSX75.ir,Sony_MHC_GSX75.ir,Audio_and_Video_Receivers,Sony,MHC_GSX75,13,"[""Power"", ""Input"", ""Ok"", ""Fast_fo"", ""Fast_ba"", ""Play_pa"", ""Vol_up"", ""Vol_dn"", ""Groove"", ""Surround"", ""Next_Disc"", ""Sleep"", ""Stop""]","[""SIRC"", ""SIRC15"", ""SIRC20""]","[""10 00 00 00"", ""11 00 00 00"", ""3A 07 00 00"", ""90 00 00 00""]",specific_device,0.72,"[""modelo identificável e conjunto coerente""]","[""modelo de baixa confiança foi tratado como evidência estrutural"", ""nomes de comandos reais não chegaram ao classificador"", ""protocolos reais não chegaram ao classificador""]","[""50 maiores diversidades de protocolos""]"
ec4f553d0271b8a1,Audio_and_Video_Receivers/Sony/Sony_RM-AAP103.ir,Sony_RM-AAP103.ir,Audio_and_Video_Receivers,Sony,RM-AAP103,12,"[""Power"", ""BD"", ""DVD"", ""Game"", ""Sat_catv"", ""Video_1"", ""Video_2"", ""Video_3"", ""Mute"", ""Vol_up"", ""Vol_dn"", ""Home""]","[""SIRC"", ""SIRC15"", ""SIRC20""]","[""02 00 00 00"", ""10 05 00 00"", ""30 00 00 00"", ""B0 00 00 00""]",specific_device,0.72,"[""modelo identificável e conjunto coerente""]","[""modelo de baixa confiança foi tratado como evidência estrutural"", ""nomes de comandos reais não chegaram ao classificador"", ""protocolos reais não chegaram ao classificador"", ""sequência numerada pode indicar codeset ou bruteforce""]","[""50 maiores diversidades de protocolos""]"
e036b134880215a9,Audio_and_Video_Receivers/Sony/Sony_RM-SC30.ir,Sony_RM-SC30.ir,Audio_and_Video_Receivers,Sony,RM-SC30,22,"[""Power"", ""Vol_up"", ""Vol_dn"", ""Sleep"", ""Display"", ""Select (Clock/Timer)"", ""Set (Clock/Timer)"", ""TunerMemory"", ""PlayMode/TuningMode"", ""Repeat/FMMode"", ""Tape"", ""CD"", ""Tuner"", ""Function"", ""Play"", ""Pause"", ""Stop"", ""Clear"", ""Enter"", ""EQ"", ""Folder+"", ""Folder-""]","[""SIRC"", ""SIRC15"", ""SIRC20""]","[""10 00 00 00"", ""3A 07 00 00"", ""90 00 00 00""]",specific_device,0.72,"[""modelo identificável e conjunto coerente""]","[""modelo de baixa confiança foi tratado como evidência estrutural"", ""nomes de comandos reais não chegaram ao classificador"", ""protocolos reais não chegaram ao classificador""]","[""50 maiores diversidades de protocolos""]"
979bb36a48c623dd,Audio_and_Video_Receivers/Sony/Sony_RM-SCU37.ir,Sony_RM-SCU37.ir,Audio_and_Video_Receivers,Sony,RM-SCU37,17,"[""Power"", ""Sleep"", ""Play"", ""Pause"", ""Stop"", ""Enter"", ""Vol_up"", ""Vol_dn"", ""|<<"", "">>|"", ""<<"", "">>"", ""Clear"", ""EQ"", ""Dir-"", ""Dir+"", ""Display""]","[""SIRC"", ""SIRC15"", ""SIRC20""]","[""10 00 00 00"", ""3A 07 00 00"", ""90 00 00 00""]",specific_device,0.72,"[""modelo identificável e conjunto coerente""]","[""modelo de baixa confiança foi tratado como evidência estrutural"", ""nomes de comandos reais não chegaram ao classificador"", ""protocolos reais não chegaram ao classificador""]","[""50 maiores diversidades de protocolos""]"
e8ef81a553a28f48,Audio_and_Video_Receivers/Sony/Sony_RMT-AA320U_AV.ir,Sony_RMT-AA320U_AV.ir,Audio_and_Video_Receivers,Sony,RMT-AA320U_AV,35,"[""Power"", ""Vol_up"", ""Vol_dn"", ""Mute"", ""Play_Pause"", ""Stop"", ""FastForward"", ""Rewind"", ""Home"", ""Up"", ""Left"", ""Down"", ""Right"", ""Center Select"", ""Back"", ""Options"", ""Game"", ""TV"", ""SAT_CATV"", ""BD_DVD"", ""SACD_CD"", ""USB"", ""Display"", ""Amp_Menu"", ""Watch"", ""Listen"", ""FM"", ""CustomPreset1"", ""MusicService"", ""BluetoothRXTX"", ""FrontSurround"", ""2CH_Multi"", ""Movie"", ""Music"", ""DSDNative""]","[""SIRC15"", ""SIRC20""]","[""10 01 00 00"", ""10 05 00 00"", ""10 0D 00 00"", ""30 00 00 00"", ""B0 00 00 00""]",specific_device,0.72,"[""modelo identificável e conjunto coerente""]","[""modelo de baixa confiança foi tratado como evidência estrutural"", ""nomes de comandos reais não chegaram ao classificador"", ""protocolos reais não chegaram ao classificador""]","[""50 maiores diversidades de protocolos""]"
3369b06cf564c157,Audio_and_Video_Receivers/Sony/Sony_RMT-AA400U.ir,Sony_RMT-AA400U.ir,Audio_and_Video_Receivers,Sony,RMT-AA400U,38,"[""Power"", ""SLEEP"", ""Vol_up"", ""Vol_dn"", ""Mute"", ""PLAY/PAUSE (FM MEMORY)"", ""STOP"", ""FAST REWIND (FM TUNING-)"", ""FAST FORWARD (FM TUNING+)"", ""PREVIOUS (FM PRESET-)"", ""NEXT (FM PRESET+)"", ""BLUETOOTH"", ""INPUT 1"", ""INPUT 2"", ""INPUT 3"", ""INPUT 4"", ""PORTABLE IN"", ""PHONO"", ""FM"", ""FM TUNER 1"", ""FM TUNER 2"", ""FM TUNER 3"", ""PAIRING BT"", ""BASS-"", ""BASS+"", ""TREBLE-"", ""TREBLE+"", ""UP"", ""DOWN"", ""LEFT"", ""RIGHT"", ""OK"", ""BACK"", ""DISPLAY"", ""DIMMER"", ""PURE DIRECT"", ""A/B SPEAKERS"", ""AMP MENU""]","[""SIRC15"", ""SIRC20""]","[""10 01 00 00"", ""10 05 00 00"", ""10 0D 00 00"", ""30 00 00 00"", ""B0 00 00 00""]",specific_device,0.72,"[""modelo identificável e conjunto coerente""]","[""modelo de baixa confiança foi tratado como evidência estrutural"", ""nomes de comandos reais não chegaram ao classificador"", ""protocolos reais não chegaram ao classificador"", ""sequência numerada pode indicar codeset ou bruteforce""]","[""50 maiores diversidades de protocolos""]"
6c8556a23dcfa4a6,Audio_and_Video_Receivers/Sony/Sony_RM_AMU009_Sony_Audio_System_CMT.ir,Sony_RM_AMU009_Sony_Audio_System_CMT.ir,Audio_and_Video_Receivers,Sony,RM_AMU009_Sony_Audio_System_CMT,29,"[""Power"", ""Sleep"", ""Display"", ""Mode"", ""Repeat"", ""Clear"", ""Eq"", ""Tuner_memory"", ""Timer_menu"", ""Up"", ""Left"", ""Right"", ""Down"", ""Select"", ""Return"", ""Tool_menu"", ""Prev"", ""Next"", ""Bkwd"", ""Fwd"", ""Plus"", ""Minus"", ""Play"", ""Pause"", ""Stop"", ""Vol_up"", ""Vol_dn"", ""Func_up"", ""Func_down""]","[""SIRC"", ""SIRC15"", ""SIRC20""]","[""10 00 00 00"", ""3A 07 00 00"", ""90 00 00 00""]",specific_device,0.72,"[""modelo identificável e conjunto coerente""]","[""modelo de baixa confiança foi tratado como evidência estrutural"", ""nomes de comandos reais não chegaram ao classificador"", ""protocolos reais não chegaram ao classificador""]","[""50 maiores diversidades de protocolos""]"
868c0f2889c96362,Audio_and_Video_Receivers/Sony/Sony_STR-DH550.ir,Sony_STR-DH550.ir,Audio_and_Video_Receivers,Sony,STR-DH550,34,"[""Power"", ""Sleep"", ""Options"", ""Amp_Menu"", ""Return"", ""Ok"", ""Up"", ""Down"", ""Left"", ""Right"", ""Next"", ""Prev"", ""Play_pa"", ""Stop"", ""Mute"", ""Vol_up"", ""Vol_dn"", ""Home"", ""Display"", ""BD_DVD"", ""SAT_CATV"", ""GAME"", ""SA-CD_CD"", ""Video"", ""TV"", ""FM"", ""AM"", ""USB"", ""iPhone_CTRL"", ""Repeat"", ""Shuffle"", ""AFD_2CH"", ""MOVIE"", ""MUSIC""]","[""SIRC15"", ""SIRC20""]","[""10 01 00 00"", ""30 00 00 00"", ""B0 00 00 00""]",specific_device,0.72,"[""modelo identificável e conjunto coerente""]","[""modelo de baixa confiança foi tratado como evidência estrutural"", ""nomes de comandos reais não chegaram ao classificador"", ""protocolos reais não chegaram ao classificador""]","[""50 maiores diversidades de protocolos""]"
f186f84c4876afb2,Audio_and_Video_Receivers/Sony/Sony_STR-DH590.ir,Sony_STR-DH590.ir,Audio_and_Video_Receivers,Sony,STR-DH590,37,"[""Power"", ""SLEEP"", ""INFO"", ""BLUETOOTH"", ""MEDIA_BOX"", ""BD_DVD"", ""SAT_CATV"", ""GAME"", ""SA-CD_CD"", ""TV"", ""FM"", ""PAIRING"", ""2CH_MULTI"", ""MOVIE"", ""PURE_DIRECT"", ""FRONT_SUR"", ""NIGHT_MODE"", ""DIMMER"", ""UP"", ""DOWN"", ""LEFT"", ""RIGHT"", ""OK"", ""HOME"", ""DISPLAY"", ""AMP_MENU"", ""BACK"", ""OPTION"", ""Vol_up"", ""Vol_dn"", ""Mute"", ""REWIND"", ""PLAY_PAUSE"", ""FASTFORWARD"", ""SKIP_BACK"", ""STOP"", ""SKIP_FORWARD""]","[""SIRC15"", ""SIRC20""]","[""10 01 00 00"", ""10 05 00 00"", ""10 0D 00 00"", ""30 00 00 00"", ""B0 00 00 00""]",specific_device,0.72,"[""modelo identificável e conjunto coerente""]","[""modelo de baixa confiança foi tratado como evidência estrutural"", ""nomes de comandos reais não chegaram ao classificador"", ""protocolos reais não chegaram ao classificador""]","[""50 maiores diversidades de protocolos""]"
3f753ceccc311525,Audio_and_Video_Receivers/Technics/Technics_EUR646496.ir,Technics_EUR646496.ir,Audio_and_Video_Receivers,Technics,EUR646496,44,"[""Power"", ""Tv"", ""VCR"", ""Play"", ""Tape"", ""CD"", ""Tuner_Band"", ""Forward"", ""Reverse"", ""Stop"", ""DVD"", ""Title"", ""Menu"", ""Display"", ""Up"", ""Down"", ""Left"", ""Right"", ""Stereo"", ""Surround"", ""Sfc"", ""Test"", ""Delay"", ""Level"", ""Minus"", ""Plus"", ""1"", ""2"", ""3"", ""4"", ""5"", ""6"", ""7"", ""8"", ""9"", ""0"", ""Ch_Dwn"", ""Ch_Up"", ""10_Enter"", ""Tv_Video"", ""Disc_Deck"", ""Muteing"", ""Vol_Dwn"", ""Vol_up""]","[""Kaseikyo""]","[""80 02 20 00"", ""90 02 20 00"", ""A0 02 20 00"", ""A0 02 20 02"", ""A4 02 20 00"", ""A4 02 20 02"", ""A4 02 20 03"", ""AA 02 20 00"", ""AA 02 20 01"", ""AA 02 20 02"", ""B0 02 20 00"", ""B0 02 20 02""]",specific_device,0.72,"[""modelo identificável e conjunto coerente""]","[""modelo de baixa confiança foi tratado como evidência estrutural"", ""muitos nomes compartilham a mesma intenção"", ""nomes de comandos reais não chegaram ao classificador"", ""protocolos reais não chegaram ao classificador"", ""sequência numerada pode indicar codeset ou bruteforce""]","[""50 maiores diversidades de endereços""]"
8f628f1d14ee7344,Audio_and_Video_Receivers/Yamaha/Yamaha_HTR3063.ir,Yamaha_HTR3063.ir,Audio_and_Video_Receivers,Yamaha,HTR3063,23,"[""Power"", ""Setup"", ""Info"", ""Back"", ""Ok"", ""Up"", ""Down"", ""Left"", ""Right"", ""Mute"", ""Vol_up"", ""Vol_dn"", ""1"", ""2"", ""3"", ""4"", ""5"", ""6"", ""7"", ""8"", ""9"", ""0"", ""NumEnter""]","[""NEC"", ""NECext""]","[""7A 00 00 00"", ""7A 85 00 00"", ""7E 00 00 00""]",specific_device,0.72,"[""modelo identificável e conjunto coerente""]","[""modelo de baixa confiança foi tratado como evidência estrutural"", ""muitos nomes compartilham a mesma intenção"", ""nomes de comandos reais não chegaram ao classificador"", ""protocolos reais não chegaram ao classificador"", ""sequência numerada pode indicar codeset ou bruteforce""]","[""50 maiores diversidades de protocolos""]"
fd78f03ea1c8ad2a,Audio_and_Video_Receivers/Yamaha/Yamaha_RAV203_V473170_US.ir,Yamaha_RAV203_V473170_US.ir,Audio_and_Video_Receivers,Yamaha,RAV203_V473170_US,29,"[""Power"", ""1_CD"", ""2_TUNER"", ""3_TAPE/MD"", ""4_DVD/LD"", ""5_SAT/D-TV"", ""6_VCR"", ""7_PHONO"", ""8_V-AUX"", ""9_EXT_DEC"", ""0"", ""Enter_+10"", ""Clear_+100"", ""CH-"", ""Ch+"", ""UP"", ""LEFT"", ""RIGHT"", ""DOWN"", ""MUTE"", ""VCR_REC"", ""TV_INPUT"", ""Pause"", ""FF_Left"", ""FF_Right"", ""Stop"", ""Play"", ""Title"", ""Menu""]","[""NEC"", ""RC5""]","[""00 00 00 00"", ""05 00 00 00"", ""7A 00 00 00""]",specific_device,0.72,"[""modelo identificável e conjunto coerente""]","[""modelo de baixa confiança foi tratado como evidência estrutural"", ""nomes de comandos reais não chegaram ao classificador"", ""protocolos reais não chegaram ao classificador""]","[""50 maiores diversidades de protocolos""]"
0353e68c861aca18,Audio_and_Video_Receivers/Yamaha/Yamaha_RXA860.ir,Yamaha_RXA860.ir,Audio_and_Video_Receivers,Yamaha,RXA860,15,"[""Vol_up"", ""Vol_dn"", ""Mute"", ""HDMI_1"", ""HDMI_2"", ""HDMI_3"", ""HDMI_4"", ""HDMI_5"", ""HDMI_6"", ""HDMI_7"", ""V_AUX"", ""AV_1"", ""AV_2"", ""Phono"", ""Power""]","[""NEC"", ""NECext""]","[""7A 00 00 00"", ""7A 85 00 00"", ""7E 00 00 00""]",specific_device,0.72,"[""modelo identificável e conjunto coerente""]","[""modelo de baixa confiança foi tratado como evidência estrutural"", ""muitos nomes compartilham a mesma intenção"", ""nomes de comandos reais não chegaram ao classificador"", ""protocolos reais não chegaram ao classificador"", ""sequência numerada pode indicar codeset ou bruteforce""]","[""50 maiores diversidades de protocolos""]"
82f05431af26007d,Audio_and_Video_Receivers/Yamaha/Yamaha_ZP45780.ir,Yamaha_ZP45780.ir,Audio_and_Video_Receivers,Yamaha,ZP45780,46,"[""Power"", ""BD_DVD"", ""TV"", ""NET"", ""Radio"", ""Straight"", ""Direct"", ""Enchancer"", ""Bass"", ""Prog L"", ""Prog R"", ""FM/AM"", ""USB"", ""Network"", ""BT"", ""Input +"", ""Input -"", ""Vol_up"", ""Vol_dn"", ""Mute"", ""Up"", ""Down"", ""Left"", ""Right"", ""OK"", ""Setup"", ""Option"", ""Display"", ""Return"", ""Top Menu"", ""Home"", ""Pop-up Menu"", ""Red"", ""Green"", ""Yellow"", ""Blue"", ""Track Bck"", ""Track Fwd"", ""Rewind"", ""Forward"", ""Play"", ""Pause"", ""Stop"", ""Preset L"", ""Preset R"", ""Sleep""]","[""NEC"", ""NECext""]","[""7A 00 00 00"", ""7A 85 00 00"", ""7E 00 00 00"", ""7F 01 00 00""]",specific_device,0.72,"[""modelo identificável e conjunto coerente""]","[""modelo de baixa confiança foi tratado como evidência estrutural"", ""nomes de comandos reais não chegaram ao classificador"", ""protocolos reais não chegaram ao classificador""]","[""50 maiores diversidades de protocolos""]"
e6202105a9b57779,Blu-Ray/LG/LG_AKB73495301.ir,LG_AKB73495301.ir,Blu-Ray,LG,AKB73495301,47,"[""Power"", ""1"", ""2"", ""3"", ""4"", ""5"", ""6"", ""7"", ""8"", ""9"", ""0"", ""Input"", ""Tv_Power"", ""Vol_up"", ""Vol_dn"", ""Ch_next"", ""Ch_prev"", ""Info"", ""Mute"", ""Up"", ""Left"", ""Down"", ""Right"", ""Enter"", ""Back"", ""R"", ""G"", ""Y"", ""B"", ""Stop"", ""Play"", ""Pause"", ""Skip_Back"", ""Skip_Fwd"", ""Open/Close"", ""Clear"", ""Scan_Back"", ""Scan_Fwd"", ""Home"", ""Disk_Menu"", ""Zoom"", ""Marker"", ""Search"", ""Title/Pop-Pup"", ""Repeat"", ""Audio"", ""Subtitle""]","[""NEC"", ""Samsung32""]","[""04 00 00 00"", ""2D 00 00 00""]",specific_device,0.72,"[""modelo identificável e conjunto coerente""]","[""modelo de baixa confiança foi tratado como evidência estrutural"", ""muitos nomes compartilham a mesma intenção"", ""nomes de comandos reais não chegaram ao classificador"", ""protocolos reais não chegaram ao classificador"", ""sequência numerada pode indicar codeset ou bruteforce""]","[""50 maiores diversidades de protocolos""]"
5f8cfd80bfea4d85,Blu-Ray/LG/LG_BD650L.ir,LG_BD650L.ir,Blu-Ray,LG,BD650L,19,"[""Power"", ""Input"", ""Eject"", ""Menu"", ""Info"", ""Ok"", ""Up"", ""Down"", ""Left"", ""Right"", ""Fast_fo"", ""Fast_ba"", ""Pause"", ""Play"", ""Stop"", ""Mute"", ""Vol_up"", ""Vol_dn"", ""Home""]","[""NECext"", ""Samsung32""]","[""00 DF 00 00"", ""2D 00 00 00""]",specific_device,0.72,"[""modelo identificável e conjunto coerente""]","[""modelo de baixa confiança foi tratado como evidência estrutural"", ""nomes de comandos reais não chegaram ao classificador"", ""protocolos reais não chegaram ao classificador""]","[""50 maiores diversidades de protocolos""]"
5148d38581756347,Blu-Ray/Sony/RMT_VB201U.ir,RMT_VB201U.ir,Blu-Ray,Sony,RMT_VB201U,33,"[""POWER"", ""TV_POWER"", ""TV_Input"", ""Up"", ""Down"", ""Left"", ""Right"", ""Enter"", ""Return"", ""Play"", ""Pause"", ""FastForward"", ""Rewind"", ""Next"", ""Prev"", ""Stop"", ""Open_Close"", ""Top_Menu"", ""Popup_Menu"", ""Subtitles"", ""Options"", ""Audio"", ""Yellow"", ""Blue"", ""Red"", ""Green"", ""Home"", ""Favorite"", ""Netflix"", ""Muting"", ""Display"", ""TV_Vol_Up"", ""TV_Vol_Dn""]","[""SIRC"", ""SIRC20""]","[""01 00 00 00"", ""5A 1C 00 00""]",specific_device,0.72,"[""modelo identificável e conjunto coerente""]","[""modelo de baixa confiança foi tratado como evidência estrutural"", ""nomes de comandos reais não chegaram ao classificador"", ""protocolos reais não chegaram ao classificador""]","[""50 maiores diversidades de protocolos""]"
e4c75896d9706c36,Blu-Ray/Sony/Sony_BDP-N460_Blu-Ray.ir,Sony_BDP-N460_Blu-Ray.ir,Blu-Ray,Sony,BDP-N460_Blu-Ray,42,"[""POWER"", ""Up"", ""Down"", ""Left"", ""Right"", ""Home"", ""Play"", ""Pause"", ""Stop"", ""Rewind"", ""Fastforward"", ""Previous"", ""Next"", ""Enter"", ""Display"", ""Top_Menu"", ""Popup_Menu"", ""Return"", ""Options"", ""Vol+"", ""Vol-"", ""Audio"", ""Subtitle"", ""Angle"", ""Time"", ""Display"", ""Theater"", ""Input"", ""Red"", ""Green"", ""Blue"", ""Yellow"", ""1"", ""2"", ""3"", ""4"", ""5"", ""6"", ""7"", ""8"", ""9"", ""0""]","[""SIRC"", ""SIRC15"", ""SIRC20""]","[""01 00 00 00"", ""5A 1C 00 00"", ""77 00 00 00""]",specific_device,0.72,"[""modelo identificável e conjunto coerente""]","[""modelo de baixa confiança foi tratado como evidência estrutural"", ""muitos nomes compartilham a mesma intenção"", ""nomes de comandos reais não chegaram ao classificador"", ""protocolos reais não chegaram ao classificador"", ""sequência numerada pode indicar codeset ou bruteforce""]","[""50 maiores diversidades de protocolos""]"
08d0bf00bc863faa,Blu-Ray/Sony/Sony_BDP-S370.ir,Sony_BDP-S370.ir,Blu-Ray,Sony,BDP-S370,44,"[""Open/Close"", ""TV Input"", ""TV Power"", ""Power"", ""1"", ""2"", ""3"", ""Vol_up"", ""4"", ""5"", ""6"", ""Vol_dn"", ""7"", ""8"", ""9"", ""Theater"", ""Audio"", ""0"", ""Subtitle"", ""Favorites"", ""Yellow"", ""Blue"", ""Red"", ""Green"", ""Top Menu"", ""Up"", ""Pop Up/Menu"", ""Left"", ""Ok"", ""Right"", ""Return"", ""Down"", ""Options"", ""Home"", ""Previous"", ""Replay"", ""Advance"", ""Next"", ""Rewind"", ""Play"", ""Fast Forward"", ""Display"", ""Pause"", ""Stop""]","[""SIRC"", ""SIRC15"", ""SIRC20""]","[""01 00 00 00"", ""5A 1C 00 00"", ""77 00 00 00""]",specific_device,0.72,"[""modelo identificável e conjunto coerente""]","[""modelo de baixa confiança foi tratado como evidência estrutural"", ""muitos nomes compartilham a mesma intenção"", ""nomes de comandos reais não chegaram ao classificador"", ""protocolos reais não chegaram ao classificador"", ""sequência numerada pode indicar codeset ou bruteforce""]","[""50 maiores diversidades de protocolos""]"
b8974893aed98c69,Blu-Ray/Sony/Sony_BDP-S5200.ir,Sony_BDP-S5200.ir,Blu-Ray,Sony,BDP-S5200,33,"[""Open/Close"", ""TV Input"", ""TV Power"", ""Power"", ""Yellow"", ""Blue"", ""Red"", ""Green"", ""Top Menu"", ""Up"", ""Pop Up/Menu"", ""Left"", ""Ok"", ""Right"", ""Return"", ""Down"", ""Options"", ""Home"", ""Sen"", ""Netflix"", ""Rewind"", ""Play"", ""Fast Forward"", ""Previous"", ""Pause"", ""Stop"", ""Next"", ""Subtitle"", ""Vol_up"", ""Audio"", ""Muting"", ""Vol_dn"", ""Display""]","[""SIRC"", ""SIRC20""]","[""01 00 00 00"", ""5A 1C 00 00""]",specific_device,0.72,"[""modelo identificável e conjunto coerente""]","[""modelo de baixa confiança foi tratado como evidência estrutural"", ""nomes de comandos reais não chegaram ao classificador"", ""protocolos reais não chegaram ao classificador""]","[""50 maiores diversidades de protocolos""]"
401365608faeee7a,Blu-Ray/Sony/Sony_BDPS1700.ir,Sony_BDPS1700.ir,Blu-Ray,Sony,BDPS1700,21,"[""Power"", ""Eject"", ""Menu"", ""Prev"", ""Ok"", ""Up"", ""Down"", ""Left"", ""Right"", ""Fast_fo"", ""Fast_ba"", ""Pause"", ""Play"", ""Stop"", ""Mute"", ""Vol_up"", ""Vol_dn"", ""Subtitle"", ""Netflix"", ""Audio"", ""Top_menu""]","[""SIRC"", ""SIRC20""]","[""01 00 00 00"", ""5A 1C 00 00""]",specific_device,0.72,"[""modelo identificável e conjunto coerente""]","[""modelo de baixa confiança foi tratado como evidência estrutural"", ""nomes de comandos reais não chegaram ao classificador"", ""protocolos reais não chegaram ao classificador""]","[""50 maiores diversidades de protocolos""]"
a1ffec452bdac0d7,Blu-Ray/Sony/Sony_BD_RMT_B110A.ir,Sony_BD_RMT_B110A.ir,Blu-Ray,Sony,BD_RMT_B110A,43,"[""Power"", ""Tv On"", ""Imput"", ""Close CD"", ""Vol Up"", ""Vol Down"", ""Mute"", ""Subtitle"", ""Audio"", ""1"", ""2"", ""3"", ""4"", ""5"", ""6"", ""7"", ""8"", ""9"", ""0"", ""Yellow"", ""Blue"", ""Red"", ""Green"", ""Top menu"", ""Pop Up Menu"", ""Return"", ""Return"", ""Options"", ""Up"", ""Down"", ""Right"", ""Left"", ""Center"", ""Home"", ""Pause"", ""Play"", ""Next"", ""Prev"", ""Fastforward"", ""Rewind"", ""Stop"", ""Display"", ""Favorites""]","[""SIRC"", ""SIRC20""]","[""01 00 00 00"", ""5A 1C 00 00""]",specific_device,0.72,"[""modelo identificável e conjunto coerente""]","[""modelo de baixa confiança foi tratado como evidência estrutural"", ""muitos nomes compartilham a mesma intenção"", ""nomes de comandos reais não chegaram ao classificador"", ""protocolos reais não chegaram ao classificador"", ""sequência numerada pode indicar codeset ou bruteforce""]","[""50 maiores diversidades de protocolos""]"
be767023f2e1fabd,Blu-Ray/Sony/Sony_BR_RMT_B120P.ir,Sony_BR_RMT_B120P.ir,Blu-Ray,Sony,BR_RMT_B120P,40,"[""Open_Close"", ""TV_Input"", ""TV_Power"", ""Power"", ""1"", ""2"", ""3"", ""4"", ""5"", ""6"", ""7"", ""8"", ""9"", ""Audio"", ""0"", ""Subtitle"", ""Favorite"", ""Red"", ""Green"", ""Yellow"", ""Blue"", ""Up"", ""Down"", ""Left"", ""Right"", ""Enter"", ""Top_Menu"", ""Popup_Menu"", ""Return"", ""Options"", ""Home"", ""Rewind"", ""Pause"", ""FastForward"", ""Prev"", ""Play"", ""Next"", ""Display"", ""Stop"", ""Sen""]","[""SIRC"", ""SIRC20""]","[""01 00 00 00"", ""5A 1C 00 00""]",specific_device,0.72,"[""modelo identificável e conjunto coerente""]","[""modelo de baixa confiança foi tratado como evidência estrutural"", ""muitos nomes compartilham a mesma intenção"", ""nomes de comandos reais não chegaram ao classificador"", ""protocolos reais não chegaram ao classificador"", ""sequência numerada pode indicar codeset ou bruteforce""]","[""50 maiores diversidades de protocolos""]"
59b56be2bd78ceb5,Blu-Ray/Sony/Sony_RMT_VB100I.ir,Sony_RMT_VB100I.ir,Blu-Ray,Sony,RMT_VB100I,33,"[""Power"", ""Open_Close"", ""Tv_input"", ""tv_power"", ""Red"", ""Green"", ""Yellow"", ""Blue"", ""Up"", ""Down"", ""Left"", ""Right"", ""Enter"", ""Top_menu"", ""Pop_up_menu"", ""Return"", ""Options"", ""Home"", ""Favorite"", ""Netflix"", ""Play"", ""Pause"", ""Stop"", ""Fast_forward"", ""Rewind"", ""Prev"", ""Next"", ""Vol_up"", ""Vol_dn"", ""Mute"", ""Substile"", ""Audio"", ""Display""]","[""SIRC"", ""SIRC20""]","[""01 00 00 00"", ""5A 1C 00 00""]",specific_device,0.72,"[""modelo identificável e conjunto coerente""]","[""modelo de baixa confiança foi tratado como evidência estrutural"", ""nomes de comandos reais não chegaram ao classificador"", ""protocolos reais não chegaram ao classificador""]","[""50 maiores diversidades de protocolos""]"
2663277165558408,Blu-Ray/Sony/Sony_RMT_VB100U.ir,Sony_RMT_VB100U.ir,Blu-Ray,Sony,RMT_VB100U,25,"[""Power"", ""Setup"", ""Eject"", ""Menu"", ""List"", ""Info"", ""Back"", ""Ok"", ""Up"", ""Down"", ""Left"", ""Right"", ""Next"", ""Prev"", ""Fast_fo"", ""Fast_ba"", ""Play_pa"", ""Pause"", ""Play"", ""Stop"", ""Vol_up"", ""Vol_dn"", ""Home"", ""Subtitle"", ""Audio""]","[""SIRC"", ""SIRC20""]","[""01 00 00 00"", ""5A 1C 00 00""]",specific_device,0.72,"[""modelo identificável e conjunto coerente""]","[""modelo de baixa confiança foi tratado como evidência estrutural"", ""nomes de comandos reais não chegaram ao classificador"", ""protocolos reais não chegaram ao classificador""]","[""50 maiores diversidades de protocolos""]"
6be5b12db02280ec,Blu-Ray/Sony/Sony_RMT_VB310E.ir,Sony_RMT_VB310E.ir,Blu-Ray,Sony,RMT_VB310E,35,"[""Power"", ""Tv_power"", ""Open_close"", ""Net_service"", ""Tv_input"", ""Bluetooth"", ""Red"", ""Green"", ""Yellow"", ""Blue"", ""Favorite"", ""Netflix"", ""Top_menu"", ""Pop_up_menu"", ""Up"", ""Down"", ""Left"", ""Right"", ""Enter"", ""Return"", ""Options"", ""Home"", ""Play"", ""Pause"", ""Stop"", ""Rewind"", ""Fast_forward"", ""Prev"", ""Next"", ""Substile"", ""Audio"", ""Mute"", ""Vol_up_tv"", ""Vol_dn_tv"", ""Display""]","[""SIRC"", ""SIRC20""]","[""01 00 00 00"", ""5A 1C 00 00""]",specific_device,0.72,"[""modelo identificável e conjunto coerente""]","[""modelo de baixa confiança foi tratado como evidência estrutural"", ""nomes de comandos reais não chegaram ao classificador"", ""protocolos reais não chegaram ao classificador""]","[""50 maiores diversidades de protocolos""]"
60ad2ce0ee8177b7,Blu-Ray/Sony/Sony_UBPX700.ir,Sony_UBPX700.ir,Blu-Ray,Sony,UBPX700,20,"[""Power"", ""Eject"", ""Prev"", ""Ok"", ""Up"", ""Down"", ""Left"", ""Right"", ""Fast_fo"", ""Fast_ba"", ""Pause"", ""Play"", ""Stop"", ""Mute"", ""Subtitle"", ""Home"", ""Netflix"", ""Audio"", ""Top_menu"", ""PopUp""]","[""SIRC"", ""SIRC20""]","[""01 00 00 00"", ""5A 1C 00 00""]",specific_device,0.72,"[""modelo identificável e conjunto coerente""]","[""modelo de baixa confiança foi tratado como evidência estrutural"", ""nomes de comandos reais não chegaram ao classificador"", ""protocolos reais não chegaram ao classificador""]","[""50 maiores diversidades de protocolos""]"
b95095e5cc3001e1,CCTV/BrandUnknown/Szxlcom_cams.ir,Szxlcom_cams.ir,CCTV,BrandUnknown,Szxlcom_cams,13,"[""POWER"", ""Pan_up"", ""Pan_down"", ""Pan_left"", ""Pan_right"", ""Zoom_in_slw"", ""Zoom_out_slow"", ""Zoom_in_fast"", ""Zoom_out_fast"", ""Focus_far"", ""Focus_near"", ""Auto_focus"", ""Menu""]","[""SIRC15"", ""SIRC20""]","[""3A 0A 00 00"", ""D4 00 00 00""]",specific_device,0.72,"[""modelo identificável e conjunto coerente""]","[""modelo de baixa confiança foi tratado como evidência estrutural"", ""nomes de comandos reais não chegaram ao classificador"", ""protocolos reais não chegaram ao classificador""]","[""50 maiores diversidades de protocolos""]"
30f5f90c9d22e54e,CD_Players/Marantz/Marantz_CD5003.ir,Marantz_CD5003.ir,CD_Players,Marantz,CD5003,31,"[""Power"", ""Open/Close"", ""Play"", ""Pause"", ""Stop"", ""Repeat"", ""Prog"", ""Random"", ""1"", ""2"", ""3"", ""4"", ""5"", ""6"", ""7"", ""8"", ""9"", ""0"", ""Display"", ""Scroll"", ""Menu"", ""Pause"", ""Stop"", ""Prev"", ""Next"", ""Cancel"", ""Rev"", ""Ff"", ""Enter"", ""Text"", ""SOUND_MODE""]","[""RC5"", ""RC5X""]","[""14 00 00 00""]",specific_device,0.72,"[""modelo identificável e conjunto coerente""]","[""modelo de baixa confiança foi tratado como evidência estrutural"", ""muitos nomes compartilham a mesma intenção"", ""nomes de comandos reais não chegaram ao classificador"", ""protocolos reais não chegaram ao classificador"", ""sequência numerada pode indicar codeset ou bruteforce""]","[""50 maiores diversidades de protocolos""]"
cc78c2146e6efbb5,CD_Players/Marantz/Marantz_RC2100DR/Marantz_RC2100DR_CD.ir,Marantz_RC2100DR_CD.ir,CD_Players,Marantz,RC2100DR_CD,29,"[""Power"", ""Tray"", ""Door"", ""Repeat"", ""Prog"", ""Random"", ""1"", ""2"", ""3"", ""4"", ""5"", ""6"", ""7"", ""8"", ""9"", ""0"", ""Display"", ""Scroll"", ""Cdr"", ""Cd"", ""Menu"", ""Prev"", ""Next"", ""Cancel"", ""Rev"", ""Ff"", ""Pause"", ""Stop"", ""Play""]","[""RC5"", ""RC5X""]","[""14 00 00 00"", ""1A 00 00 00""]",specific_device,0.72,"[""modelo identificável e conjunto coerente""]","[""modelo de baixa confiança foi tratado como evidência estrutural"", ""muitos nomes compartilham a mesma intenção"", ""nomes de comandos reais não chegaram ao classificador"", ""protocolos reais não chegaram ao classificador"", ""sequência numerada pode indicar codeset ou bruteforce""]","[""50 maiores diversidades de protocolos""]"
6f4e7fee532b2ad3,CD_Players/Panasonic/Panasonic_SAPM03.ir,Panasonic_SAPM03.ir,CD_Players,Panasonic,SAPM03,13,"[""Power"", ""Menu"", ""Ok"", ""Fast_fo"", ""Fast_ba"", ""Pause"", ""Play"", ""Stop"", ""Mute"", ""Vol_up"", ""Vol_dn"", ""Ch_next"", ""Ch_prev""]","[""Kaseikyo""]","[""91 02 20 00"", ""95 02 20 00"", ""A0 02 20 00"", ""AA 02 20 00"", ""AC 02 20 00"", ""AC 02 20 01"", ""B0 02 20 02""]",specific_device,0.72,"[""modelo identificável e conjunto coerente""]","[""modelo de baixa confiança foi tratado como evidência estrutural"", ""nomes de comandos reais não chegaram ao classificador"", ""protocolos reais não chegaram ao classificador""]","[""50 maiores diversidades de endereços""]"
fa6d0c0941b6a23c,CD_Players/Panasonic/Panasonic_SC-HC58.ir,Panasonic_SC-HC58.ir,CD_Players,Panasonic,SC-HC58,20,"[""POWER"", ""VOL+"", ""VOL-"", ""MUTE"", ""PLAY / PAUSE"", ""SKIP"", ""SKIP BACK"", ""STOP"", ""ALBUM DOWN"", ""ALBUM UP"", ""ALBUM OK"", ""EJECT CD"", ""EJECT IPOD"", ""IPOD / USB"", ""CD / RADIO"", ""BLUETOOTH"", ""SETUP"", ""IPOD MENU DISPLAY"", ""SOUND"", ""PLAY MENU""]","[""Kaseikyo""]","[""A0 02 20 00"", ""A4 02 20 02"", ""AA 02 20 00"", ""AC 02 20 00"", ""AC 02 20 01"", ""AC 02 20 02"", ""AC 02 20 03""]",specific_device,0.72,"[""modelo identificável e conjunto coerente""]","[""modelo de baixa confiança foi tratado como evidência estrutural"", ""nomes de comandos reais não chegaram ao classificador"", ""protocolos reais não chegaram ao classificador""]","[""50 maiores diversidades de endereços""]"
a944eac782344439,CD_Players/Panasonic/Panasonic_SC-PM254.ir,Panasonic_SC-PM254.ir,CD_Players,Panasonic,SC-PM254,20,"[""Power"", ""Dimmer"", ""Open"", ""Bluetooth"", ""Cd_usb"", ""Radio"", ""Skip_back"", ""Play_pause"", ""Skip_forward"", ""Stop"", ""Vol_down"", ""Vol_up"", ""Setup"", ""Mute"", ""Display"", ""Sound"", ""Play_menu"", ""Down"", ""Ok"", ""Up""]","[""Kaseikyo""]","[""A0 02 20 00"", ""A0 02 20 02"", ""A4 02 20 02"", ""AC 02 20 00"", ""AC 02 20 01"", ""AC 02 20 02"", ""AC 02 20 03""]",specific_device,0.72,"[""modelo identificável e conjunto coerente""]","[""modelo de baixa confiança foi tratado como evidência estrutural"", ""nomes de comandos reais não chegaram ao classificador"", ""protocolos reais não chegaram ao classificador""]","[""50 maiores diversidades de endereços""]"
62bfd11cfa6bac26,CD_Players/Philips/Philips_mcm2000.ir,Philips_mcm2000.ir,CD_Players,Philips,mcm2000,31,"[""Power"", ""Mute"", ""CD"", ""Tuner"", ""USB"", ""MP3"", ""Up"", ""Down"", ""Left"", ""Right"", ""Pause_Play"", ""RDS"", ""Stop"", ""Vol_up"", ""Vol_dn"", ""1"", ""2"", ""3"", ""4"", ""5"", ""6"", ""7"", ""8"", ""9"", ""0"", ""Prog_Clock"", ""Repeat_Shuffle"", ""Sleep_Timer"", ""DSC"", ""DBB"", ""Eject""]","[""RC5"", ""RC5X"", ""RC6""]","[""10 00 00 00"", ""11 00 00 00"", ""14 00 00 00"", ""15 00 00 00""]",specific_device,0.72,"[""modelo identificável e conjunto coerente""]","[""modelo de baixa confiança foi tratado como evidência estrutural"", ""muitos nomes compartilham a mesma intenção"", ""nomes de comandos reais não chegaram ao classificador"", ""protocolos reais não chegaram ao classificador"", ""sequência numerada pode indicar codeset ou bruteforce""]","[""50 maiores diversidades de protocolos""]"
9a904d3aed176fca,CD_Players/Sony/Sony_CMT-SBT20B.ir,Sony_CMT-SBT20B.ir,CD_Players,Sony,CMT-SBT20B,36,"[""Power"", ""Display"", ""Timer Menu"", ""Sleep"", ""CD"", ""USB"", ""Bluetooth"", ""FM/DAB"", ""Audio in"", ""Bluetooth Menu"", ""Memory 1"", ""Memory 2"", ""Memory 3"", ""Memory 4"", ""EQ"", ""Mega Bass"", ""Tuner Memory"", ""Play Mode/Tuning Mode"", ""Mute"", ""Up"", ""Down"", ""Left"", ""Right"", ""Middle"", ""Vol_up"", ""Vol_dn"", ""Return"", ""Repeat"", ""Clear"", ""Preset -"", ""Preset +"", ""Tuning -"", ""Tuning +"", ""Play"", ""Pause"", ""Stop""]","[""SIRC"", ""SIRC15"", ""SIRC20""]","[""10 00 00 00"", ""10 04 00 00"", ""3A 07 00 00"", ""90 00 00 00""]",specific_device,0.72,"[""modelo identificável e conjunto coerente""]","[""modelo de baixa confiança foi tratado como evidência estrutural"", ""nomes de comandos reais não chegaram ao classificador"", ""protocolos reais não chegaram ao classificador"", ""sequência numerada pode indicar codeset ou bruteforce""]","[""50 maiores diversidades de protocolos""]"
c7474dcea28387d1,CD_Players/Technics/Technics_ST-HD60.ir,Technics_ST-HD60.ir,CD_Players,Technics,ST-HD60,36,"[""Power"", ""Sleep"", ""Tuner_band"", ""Auto_mono"", ""1"", ""2"", ""3"", ""4"", ""5"", ""6"", ""7"", ""8"", ""9"", ""0"", ""10"", ""Display_mode"", ""Pty_select"", ""Search"", ""Cd"", ""Cd_Prev"", ""Cd_Next"", ""Program"", ""Cd_play"", ""Cd_pause"", ""Cd_stop"", ""Cancel"", ""Tape"", ""Tape_fb"", ""Tape_ff"", ""Rec_pause"", ""Tape_Backw"", ""Tape_stop"", ""Tape_forw"", ""Muting"", ""Vol_down"", ""Vol_up""]","[""Kaseikyo""]","[""A0 02 20 00"", ""A0 02 20 02"", ""A4 02 20 00"", ""A4 02 20 01"", ""A4 02 20 02"", ""A4 02 20 03"", ""A8 02 20 00"", ""AA 02 20 00"", ""AA 02 20 01"", ""AA 02 20 02"", ""AC 02 20 00"", ""AC 02 20 02""]",specific_device,0.72,"[""modelo identificável e conjunto coerente""]","[""modelo de baixa confiança foi tratado como evidência estrutural"", ""muitos nomes compartilham a mesma intenção"", ""nomes de comandos reais não chegaram ao classificador"", ""protocolos reais não chegaram ao classificador"", ""sequência numerada pode indicar codeset ou bruteforce""]","[""50 maiores diversidades de endereços""]"
861d0bff3500d783,Cameras/Sony/Sony_RMT_831.ir,Sony_RMT_831.ir,Cameras,Sony,RMT_831,19,"[""Start_stop"", ""Tele"", ""Wide"", ""Photo"", ""Index"", ""Mem_min"", ""Mem_plus"", ""Search"", ""Play_mem"", ""Skip_back"", ""Skip_fwd"", ""Rew"", ""Play"", ""Fast_fwd"", ""Pause"", ""Stop"", ""Slow"", ""Zerosetmem"", ""Display""]","[""SIRC"", ""SIRC15"", ""SIRC20""]","[""07 00 00 00"", ""3A 1E 00 00"", ""B9 00 00 00"", ""D9 00 00 00""]",specific_device,0.72,"[""modelo identificável e conjunto coerente""]","[""modelo de baixa confiança foi tratado como evidência estrutural"", ""nomes de comandos reais não chegaram ao classificador"", ""protocolos reais não chegaram ao classificador""]","[""50 maiores diversidades de protocolos""]"
d4ee479d21e0227f,DVD_Players/Sony/Sony_BDP-S370.ir,Sony_BDP-S370.ir,DVD_Players,Sony,BDP-S370,44,"[""Open/Close"", ""TV Input"", ""TV Power"", ""Power"", ""1"", ""2"", ""3"", ""Vol_up"", ""4"", ""5"", ""6"", ""Vol_dn"", ""7"", ""8"", ""9"", ""Theater"", ""Audio"", ""0"", ""Subtitle"", ""Favorites"", ""Yellow"", ""Blue"", ""Red"", ""Green"", ""Top Menu"", ""Up"", ""Pop Up/Menu"", ""Left"", ""Ok"", ""Right"", ""Return"", ""Down"", ""Options"", ""Home"", ""Previous"", ""Replay"", ""Advance"", ""Next"", ""Rewind"", ""Play"", ""Fast Forward"", ""Display"", ""Pause"", ""Stop""]","[""SIRC"", ""SIRC15"", ""SIRC20""]","[""01 00 00 00"", ""5A 1C 00 00"", ""77 00 00 00""]",specific_device,0.72,"[""modelo identificável e conjunto coerente""]","[""modelo de baixa confiança foi tratado como evidência estrutural"", ""muitos nomes compartilham a mesma intenção"", ""nomes de comandos reais não chegaram ao classificador"", ""protocolos reais não chegaram ao classificador"", ""sequência numerada pode indicar codeset ou bruteforce""]","[""50 maiores diversidades de protocolos""]"
d3b59e1f19325632,LED_Lighting/PixMob/PixMob_all_colors.ir,PixMob_all_colors.ir,LED_Lighting,PixMob,all_colors,74,"[""RED"", ""RED_2"", ""RED_3"", ""RED_4"", ""RED_5"", ""DIM_RED"", ""DIM_RED_2"", ""GRN"", ""GRN_2"", ""GRN_3"", ""GRN_4"", ""GRN_5"", ""GRN_6"", ""GRN_7"", ""GRN_8"", ""GRN_9"", ""GRN_10"", ""GRN_11"", ""GRN_12"", ""GRN_13"", ""GRN_14"", ""GRN_15"", ""GRN_DIM"", ""LIGHT_GRN"", ""LIGHT_GRN_2"", ""YELGRN"", ""YELGRN_2"", ""YELGRN_3"", ""BLUE"", ""BLUE_2"", ""BLUE_3"", ""LIGHT_BLUE"", ""LIGHT_BLUE_2"", ""LIGHT_BLUE_3"", ""DIM_BLUE"", ""MAG"", ""MAG_2"", ""MAG_3"", ""MAG_4"", ""YEL"", ""YEL_2"", ""YEL_3"", ""YEL_4"", ""YEL_5"", ""YEL_6"", ""YEL_7"", ""YEL_8"", ""YEL_9"", ""PINK"", ""PINK_2"", ""PINK_3"", ""PINK_4"", ""PINK_5"", ""OR"", ""OR_2"", ""OR_3"", ""REDOR"", ""REDOR_2"", ""REDOR_3"", ""YELOR_1"", ""YELOR_2"", ""WHITISH"", ""WHITISH_LONG"", ""WHITISH_2"", ""WHITISH_LONG_2"", ""WHITISH_3"", ""WHITISH_4"", ""WHITISH_5"", ""WHITISH_6"", ""WHITISH_7"", ""TURQ"", ""TURQ_2"", ""TURQ_3"", ""TURQ_4""]",[],[],specific_device,0.72,"[""modelo identificável e conjunto coerente""]","[""modelo de baixa confiança foi tratado como evidência estrutural"", ""muitos nomes compartilham a mesma intenção"", ""nomes de comandos reais não chegaram ao classificador"", ""sequência numerada pode indicar codeset ou bruteforce""]","[""50 maiores repetições de nomes"", ""50 nomes ou comandos com sequências numéricas""]"
8f51aa1d8f21f4c5,LED_Lighting/PixMob/PixMob_main.ir,PixMob_main.ir,LED_Lighting,PixMob,main,84,"[""RED"", ""RED_FD_1"", ""RED_FD_2"", ""RED_FD_3"", ""RED_FD_4"", ""RED_FD_5"", ""RED_FD_6"", ""GRN"", ""GRN_FD_1"", ""GRN_FD_2"", ""GRN_FD_3"", ""GRN_FD_4"", ""GRN_FD_5"", ""GRN_FD_6"", ""LT_GRN"", ""LT_GRN_FD_1"", ""LT_GRN_FD_2"", ""LT_GRN_FD_3"", ""LT_GRN_FD_4"", ""LT_GRN_FD_5"", ""LT_GRN_FD_6"", ""YELGRN"", ""YELGRN_FD_1"", ""YELGRN_FD_2"", ""YELGRN_FD_3"", ""YELGRN_FD_4"", ""YELGRN_FD_5"", ""YELGRN_FD_6"", ""BLUE"", ""BLUE_FD_1"", ""BLUE_FD_2"", ""BLUE_FD_3"", ""BLUE_FD_4"", ""BLUE_FD_5"", ""BLUE_FD_6"", ""LT_BLUE"", ""LT_BLUE_FD_1"", ""LT_BLUE_FD_2"", ""LT_BLUE_FD_3"", ""LT_BLUE_FD_4"", ""LT_BLUE_FD_5"", ""LT_BLUE_FD_6"", ""MAG"", ""MAG_FD_1"", ""MAG_FD_2"", ""MAG_FD_3"", ""MAG_FD_4"", ""MAG_FD_5"", ""MAG_FD_6"", ""YEL"", ""YEL_FD_1"", ""YEL_FD_2"", ""YEL_FD_3"", ""YEL_FD_4"", ""YEL_FD_5"", ""YEL_FD_6"", ""PINK"", ""PINK_FD_1"", ""PINK_FD_2"", ""PINK_FD_3"", ""PINK_FD_4"", ""PINK_FD_5"", ""PINK_FD_6"", ""OR"", ""OR_FD_1"", ""OR_FD_2"", ""OR_FD_3"", ""OR_FD_4"", ""OR_FD_5"", ""OR_FD_6"", ""WHITISH"", ""WHITISH_FD_1"", ""WHITISH_FD_2"", ""WHITISH_FD_3"", ""WHITISH_FD_4"", ""WHITISH_FD_5"", ""WHITISH_FD_6"", ""TURQ"", ""TURQ_FD_1"", ""TURQ_FD_2"", ""TURQ_FD_3"", ""TURQ_FD_4"", ""TURQ_FD_5"", ""TURQ_FD_6""]",[],[],device_family,0.58,"[""modelo/família identificável com conjunto amplo""]","[""modelo de baixa confiança foi tratado como evidência estrutural"", ""muitos nomes compartilham a mesma intenção"", ""nomes de comandos reais não chegaram ao classificador"", ""sequência numerada pode indicar codeset ou bruteforce""]","[""50 device_family determinísticos"", ""50 maiores repetições de nomes"", ""50 nomes ou comandos com sequências numéricas""]"
f6cd743fd24d8a35,LED_Lighting/PixMob/PixMob_special.ir,PixMob_special.ir,LED_Lighting,PixMob,special,161,"[""OLD_RAINBOW_MOTION"", ""OLD_GREEN_MOTION"", ""OLD_TURQUOISE_MOTION"", ""OLD_TURQUOISE_MOTION_2"", ""OLD_TURQUOISE_MOTION_3"", ""FAST_WHITE"", ""SLOW_WHITE"", ""SLOW_YELLOW"", ""SLOW_ORANGE"", ""SLOW_TURQUOISE"", ""SLOW_GREEN"", ""SLOW_YELLOW_2"", ""SLOW_WHITE_2"", ""VERY_SLOW_WHITE"", ""LIGHT_BLUE"", ""PINK"", ""WHITISH_BLUE"", ""MAGENTA"", ""MAGENTA_2"", ""MAGENTA_3"", ""PURPLE_FADE"", ""VERY_SLOW_PINK"", ""WHITE_3"", ""WEIRD_1"", ""WEIRD_2"", ""WEIRD_3"", ""WEIRD_4"", ""WEIRD_5"", ""WEIRD_8"", ""WEIRD_9"", ""WEIRD_28"", ""WEIRD_29"", ""WEIRD_30"", ""WEIRD_31"", ""WEIRD_32"", ""WEIRD_33"", ""WEIRD_34"", ""WEIRD_35"", ""WEIRD_36"", ""WEIRD_37"", ""WEIRD_38"", ""WEIRD_39"", ""WEIRD_41"", ""WEIRD_42"", ""WEIRD_51"", ""WEIRD_43"", ""WEIRD_44"", ""WEIRD_45"", ""WEIRD_46"", ""WEIRD_47"", ""WEIRD_48"", ""WEIRD_49"", ""WEIRD_50"", ""WEIRD_52"", ""WEIRD_53"", ""WEIRD_54"", ""WEIRD_55"", ""WEIRD_56"", ""WEIRD_57"", ""WEIRD_58"", ""WEIRD_59"", ""WEIRD_60"", ""WEIRD_61"", ""WEIRD_62"", ""WEIRD_63"", ""WEIRD_64"", ""WEIRD_65"", ""WEIRD_66"", ""WEIRD_67"", ""WEIRD_68"", ""WEIRD_69"", ""WEIRD_70"", ""WEIRD_71"", ""WEIRD_72"", ""WEIRD_73"", ""WEIRD_74"", ""WEIRD_75"", ""WEIRD_76"", ""WEIRD_77"", ""WEIRD_78"", ""WEIRD_79"", ""WEIRD_80"", ""WEIRD_81"", ""WEIRD_82"", ""WEIRD_83"", ""WEIRD_84"", ""WEIRD_85"", ""WEIRD_86"", ""WEIRD_87"", ""WEIRD_88"", ""WEIRD_89"", ""WEIRD_90"", ""WEIRD_91"", ""WEIRD_92"", ""WEIRD_93"", ""WEIRD_100"", ""SPECIAL_RANDOM_SLOW_FADE"", ""WEIRD_110"", ""WEIRD_111"", ""WEIRD_112"", ""WEIRD_113"", ""WEIRD_115"", ""SOMETIMES_RANDOM_COLOR_NEW"", ""WEIRD_114"", ""WEIRD_116"", ""QUICK_RANDOM_INT"", ""NEW_YELLOW_INT_MAYBE"", ""NEW_YELLOWGREEN_INT"", ""NEW_YELLOWGREEN_INT_2"", ""NEW_RED_INT_2"", ""OLD_GREEN_BLINK"", ""OLD_GREEN_BLINK_2"", ""OLD_DIM_RED_BLINK"", ""OLD_DIM_RED_BLINK_3"", ""OLD_DIM_RED_BLINK_2"", ""OLD_DIM_YELLOW_BLINK"", ""OLD_GREEN_BLINK_3"", ""OLD_YELLOWGREEN_BLINK"", ""OLD_GREEN_BLINK_4"", ""OLD_GREEN_BLINK_5"", ""OLD_GREEN_BLINK_6"", ""OLD_GREEN_BLINK_7"", ""OLD_REDORANGE_BLINK"", ""OLD_BLUE_BLINK"", ""OLD_YELLOW_BLINK"", ""OLD_YELLOW_BLINK_2"", ""RED_INT_OLD_DIM_1"", ""OLD_DIM_WHITE"", ""NEW_LIGHT_BLUE_2"", ""NEW_GREEN_TO_TURQUOISE_FADE_ONCE"", ""NEW_RANDOM_COLOR_MAYBE_ONCE"", ""NEW_LIGHT_BLUE_3"", ""NEW_RED_RAND_BLINK_1"", ""NEW_RANDOM_FADE"", ""NEW_RANDOM_COLOR_SOMETIMES"", ""NEW_RANDOM_COLOR_SOMETIMES_2"", ""NEW_RANDOM_RED_OR_ORANGE_OR_WHITE"", ""NEW_RANDOM_RED_WHITE"", ""NEW_RANDOM_COLOR_SOMETIMES_3"", ""NEW_RANDOM_COLOR_SOMETIMES_4"", ""NEW_RANDOM_COLOR_SOMETIMES_5"", ""NEW_RANDOM_COLOR_SOMETIMES_6"", ""NEW_RANDOM_COLOR_SOMETIMES_7"", ""NEW_RANDOM_COLOR_SOMETIMES_8"", ""NEW_GREEN_INT_3"", ""NEW_RANDOM_COLOR_SOMETIMES_FADE_NO_TAIL"", ""NEW_RED_WHITE_RATE_LIMITED"", ""OLD_GREEN_INT_5"", ""OLD_RED_INT_3"", ""OLD_QUICK_TURQUOISE"", ""OLD_QUICK_TURQUOISE_2"", ""OLD_WHITE_THEN_RED"", ""OLD_TURQUOISE_THEN_ORANGE"", ""OLD_GREEN_THEN_YELLOW"", ""OLD_TURQUOISE_THEN_YELLOW"", ""OLD_TURQUOISE_THEN_RED"", ""OLD_YELLOW_THEN_OFF"", ""OLD_GREEN_THEN_OFF"", ""OLD_YELLOW_INT_5"", ""NEW_FADE_PRESET_COLOR"", ""NEW_FADE_PRESET_COLOR_2""]",[],[],device_family,0.58,"[""modelo/família identificável com conjunto amplo""]","[""modelo de baixa confiança foi tratado como evidência estrutural"", ""muitos nomes compartilham a mesma intenção"", ""nomes de comandos reais não chegaram ao classificador"", ""sequência numerada pode indicar codeset ou bruteforce""]","[""50 device_family determinísticos"", ""50 maiores repetições de nomes"", ""50 nomes ou comandos com sequências numéricas""]"
cd69e7723c62e582,LED_Lighting/Unknown/LEDStrip.ir,LEDStrip.ir,LED_Lighting,Unknown,LEDStrip,256,"[""1"", ""2"", ""3"", ""4"", ""5"", ""6"", ""7"", ""8"", ""9"", ""10"", ""11"", ""12"", ""13"", ""14"", ""15"", ""16"", ""17"", ""18"", ""19"", ""20"", ""21"", ""22"", ""23"", ""24"", ""25"", ""26"", ""27"", ""28"", ""29"", ""30"", ""31"", ""32"", ""33"", ""34"", ""35"", ""36"", ""37"", ""38"", ""39"", ""40"", ""41"", ""42"", ""43"", ""44"", ""45"", ""46"", ""47"", ""48"", ""49"", ""50"", ""51"", ""52"", ""53"", ""54"", ""55"", ""56"", ""57"", ""58"", ""59"", ""60"", ""61"", ""62"", ""63"", ""64"", ""65"", ""66"", ""67"", ""68"", ""69"", ""70"", ""71"", ""72"", ""73"", ""74"", ""75"", ""76"", ""77"", ""78"", ""79"", ""80"", ""81"", ""82"", ""83"", ""84"", ""85"", ""86"", ""87"", ""88"", ""89"", ""90"", ""91"", ""92"", ""93"", ""94"", ""95"", ""96"", ""97"", ""98"", ""99"", ""100"", ""101"", ""102"", ""103"", ""104"", ""105"", ""106"", ""107"", ""108"", ""109"", ""110"", ""111"", ""112"", ""113"", ""114"", ""115"", ""116"", ""117"", ""118"", ""119"", ""120"", ""121"", ""122"", ""123"", ""124"", ""125"", ""126"", ""127"", ""128"", ""129"", ""130"", ""131"", ""132"", ""133"", ""134"", ""135"", ""136"", ""137"", ""138"", ""139"", ""140"", ""141"", ""142"", ""143"", ""144"", ""145"", ""146"", ""147"", ""148"", ""149"", ""150"", ""151"", ""152"", ""153"", ""154"", ""155"", ""156"", ""157"", ""158"", ""159"", ""160"", ""161"", ""162"", ""163"", ""164"", ""165"", ""166"", ""167"", ""168"", ""169"", ""170"", ""171"", ""172"", ""173"", ""174"", ""175"", ""176"", ""177"", ""178"", ""179"", ""180"", ""181"", ""182"", ""183"", ""184"", ""185"", ""186"", ""187"", ""188"", ""189"", ""190"", ""191"", ""192"", ""193"", ""194"", ""195"", ""196"", ""197"", ""198"", ""199"", ""200"", ""201"", ""202"", ""203"", ""204"", ""205"", ""206"", ""207"", ""208"", ""209"", ""210"", ""211"", ""212"", ""213"", ""214"", ""215"", ""216"", ""217"", ""218"", ""219"", ""220"", ""221"", ""222"", ""223"", ""224"", ""225"", ""226"", ""227"", ""228"", ""229"", ""230"", ""231"", ""232"", ""233"", ""234"", ""235"", ""236"", ""237"", ""238"", ""239"", ""240"", ""241"", ""242"", ""243"", ""244"", ""245"", ""246"", ""247"", ""248"", ""249"", ""250"", ""251"", ""252"", ""253"", ""254"", ""255"", ""256""]","[""NECext""]","[""00 EF 00 00""]",device_family,0.58,"[""modelo/família identificável com conjunto amplo""]","[""modelo de baixa confiança foi tratado como evidência estrutural"", ""muitos nomes compartilham a mesma intenção"", ""nomes de comandos reais não chegaram ao classificador"", ""protocolos reais não chegaram ao classificador"", ""sequência numerada pode indicar codeset ou bruteforce""]","[""50 device_family determinísticos"", ""50 maiores quantidades de comandos"", ""50 maiores repetições de nomes"", ""50 nomes ou comandos com sequências numéricas""]"
e3ea18b689f3b75d,Projectors/Sony/Sony_RM_PJ1000.ir,Sony_RM_PJ1000.ir,Projectors,Sony,RM_PJ1000,84,"[""Power_ON"", ""Power_OFF"", ""Status_ON"", ""Status_OFF"", ""Muting_PIC"", ""Muting_AUDIO"", ""MEMORY"", ""Up"", ""Down"", ""Left"", ""Right"", ""MENU"", ""ENTER"", ""RESET"", ""BLKG"", ""CENTR"", ""RGB_SIZE"", ""SHIFT"", ""Sharp_up"", ""Sharp_dn"", ""Hue_up"", ""Hue_dn"", ""Color_up"", ""Color_dn"", ""Vol_up"", ""Vol_dn"", ""Light_ON"", ""Light_OFF"", ""Normal"", ""Pattern"", ""Lcd_zoom_up"", ""Lcd_zoom_dn"", ""Lcd_shift_up"", ""Lcd_shift_dn"", ""Lcd_focus_up"", ""Lcd_focus_dn"", ""Input_select_video"", ""Input_select_select"", ""A_Index"", ""B_Index"", ""C_Index"", ""D_Index"", ""1_Index"", ""2_Index"", ""3_Index"", ""4_Index"", ""5_Index"", ""6_Index"", ""7_Index"", ""8_Index"", ""9_Index"", ""0_Index"", ""A_Switcher"", ""B_Switcher"", ""C_Switcher"", ""D_Switcher"", ""1_Switcher"", ""2_Switcher"", ""3_Switcher"", ""4_Switcher"", ""5_Switcher"", ""6_Switcher"", ""7_Switcher"", ""8_Switcher"", ""Cut_off_r"", ""Cut_off_g"", ""Cut_off_b"", ""Cut_off_cent"", ""Cut_off_size"", ""Cut_off_lin"", ""Adj_r"", ""Adj_g"", ""Adj_b"", ""Adj_skew"", ""Adj_bow"", ""Adj_key"", ""Wb_bias"", ""Wb_gain"", ""Wb_pin"", ""Wb_zone"", ""Focus_mg_focus"", ""Focus_lens"", ""Position_dn"", ""Position_up""]","[""SIRC15""]","[""54 00 00 00""]",device_family,0.58,"[""modelo/família identificável com conjunto amplo""]","[""modelo de baixa confiança foi tratado como evidência estrutural"", ""nomes de comandos reais não chegaram ao classificador"", ""protocolos reais não chegaram ao classificador""]","[""50 device_family determinísticos""]"
d8f50bed6071f248,SoundBars/Sony/Sony_RDH-GTK33IP.ir,Sony_RDH-GTK33IP.ir,SoundBars,Sony,RDH-GTK33IP,5,"[""Power"", ""Vup"", ""Vdwn"", ""Func"", ""Light""]","[""SIRC"", ""SIRC15"", ""SIRC20""]","[""10 00 00 00"", ""10 04 00 00"", ""90 00 00 00""]",specific_device,0.72,"[""modelo identificável e conjunto coerente""]","[""modelo de baixa confiança foi tratado como evidência estrutural"", ""nomes de comandos reais não chegaram ao classificador"", ""protocolos reais não chegaram ao classificador""]","[""50 maiores diversidades de protocolos""]"
2cfef73c630abc3f,SoundBars/Yarra/Yarra_3DX.ir,Yarra_3DX.ir,SoundBars,Yarra,Yarra_3DX,18,"[""Power"", ""Bt"", ""Mute"", ""Source"", ""Distance"", ""Ppl"", ""Sub_up"", ""Sub_dn"", ""Bass_boost"", ""Preset"", ""Vol_up"", ""Vol_dn"", ""Preset_1"", ""Preset_2"", ""Preset_3"", ""Movie"", ""Game"", ""Music""]","[""NECext""]","[""0A 1D 00 00""]",device_family,0.58,"[""modelo/família identificável com conjunto amplo""]","[""modelo de baixa confiança foi tratado como evidência estrutural"", ""nomes de comandos reais não chegaram ao classificador"", ""protocolos reais não chegaram ao classificador"", ""sequência numerada pode indicar codeset ou bruteforce""]","[""50 device_family determinísticos""]"
a57ef6c5ab886f9e,Speakers/Panasonic/Panasonic_N2QAYB000145.ir,Panasonic_N2QAYB000145.ir,Speakers,Panasonic,N2QAYB000145,18,"[""Power"", ""Play_Pause"", ""Stop"", ""Vol_Up"", ""Vol_Down"", ""Next"", ""Prev"", ""Repeat"", ""Clear"", ""Play_Mode"", ""Mute"", ""Music_Port"", ""Tuner_Band"", ""Sleep"", ""Bass"", ""Album_Next"", ""Album_Prev"", ""Clock""]","[""Kaseikyo""]","[""A0 02 20 00"", ""A0 02 20 02"", ""A0 02 20 03"", ""A4 02 20 02"", ""AA 02 20 00"", ""AA 02 20 03"", ""AC 02 20 00"", ""AC 02 20 01"", ""AC 02 20 02""]",specific_device,0.72,"[""modelo identificável e conjunto coerente""]","[""modelo de baixa confiança foi tratado como evidência estrutural"", ""nomes de comandos reais não chegaram ao classificador"", ""protocolos reais não chegaram ao classificador""]","[""50 maiores diversidades de endereços""]"
b9041eff1b17399a,Speakers/Panasonic/Panasonic_SA-PM602.ir,Panasonic_SA-PM602.ir,Speakers,Panasonic,SA-PM602,20,"[""Power"", ""Vol_up"", ""Vol_dn"", ""Play"", ""Stop"", ""Rewind"", ""Forward"", ""Radio"", ""Usb_cd"", ""Blue"", ""Eject"", ""Mute"", ""Dimmer"", ""Setup"", ""Display"", ""Sound"", ""Play_menu"", ""Up"", ""Down"", ""Ok""]","[""Kaseikyo""]","[""A0 02 20 00"", ""A0 02 20 02"", ""A4 02 20 02"", ""AC 02 20 00"", ""AC 02 20 01"", ""AC 02 20 02"", ""AC 02 20 03""]",specific_device,0.72,"[""modelo identificável e conjunto coerente""]","[""modelo de baixa confiança foi tratado como evidência estrutural"", ""nomes de comandos reais não chegaram ao classificador"", ""protocolos reais não chegaram ao classificador""]","[""50 maiores diversidades de endereços""]"
090eab1176f7c667,TVs/Panasonic/N2QAYB001109_full.ir,N2QAYB001109_full.ir,TVs,Panasonic,N2QAYB001109_full,49,"[""Power"", ""Aspect"", ""Input_TV"", ""Input_AV"", ""Menu"", ""Text"", ""Sttl"", ""Apps"", ""Info"", ""Exit"", ""Netflix"", ""Home"", ""Guide"", ""Left"", ""Up"", ""Right"", ""Down"", ""Ok"", ""Option"", ""Back"", ""Red"", ""Green"", ""Yellow"", ""Blue"", ""Vol_up"", ""Vol_dn"", ""Mute"", ""Ch_next"", ""Ch_prev"", ""1"", ""2"", ""3"", ""4"", ""5"", ""6"", ""7"", ""8"", ""9"", ""?_eHELP"", ""0"", ""Reload_last_view"", ""Reverse"", ""Play"", ""Fast_fwd"", ""Previous"", ""Pause"", ""Next"", ""Stop"", ""Record""]","[""Kaseikyo""]","[""80 02 20 00"", ""80 02 20 01"", ""80 02 20 02"", ""80 02 20 03"", ""81 02 20 00"", ""82 02 20 00"", ""84 02 20 03"", ""89 02 20 02"", ""89 02 20 03""]",specific_device,0.72,"[""modelo identificável e conjunto coerente""]","[""modelo de baixa confiança foi tratado como evidência estrutural"", ""muitos nomes compartilham a mesma intenção"", ""nomes de comandos reais não chegaram ao classificador"", ""protocolos reais não chegaram ao classificador"", ""sequência numerada pode indicar codeset ou bruteforce""]","[""50 maiores diversidades de endereços""]"
1a7fb1ef1fbf31f2,TVs/Panasonic/Panasonic_N2QAYA_152.ir,Panasonic_N2QAYA_152.ir,TVs,Panasonic,N2QAYA_152,50,"[""Power"", ""Ch_next"", ""Ch_prev"", ""Vol_up"", ""Vol_dn"", ""Mute"", ""Menu"", ""Picture"", ""Tv"", ""Av"", ""Red"", ""Green"", ""Yellow"", ""Blue"", ""I"", ""Exit"", ""Option"", ""Back"", ""Up"", ""Down"", ""Left"", ""Right"", ""Ok"", ""Netflix"", ""Home"", ""Guide"", ""Text"", ""Sttl"", ""Apps"", ""1"", ""2"", ""3"", ""4"", ""5"", ""6"", ""7"", ""8"", ""9"", ""0"", ""Ehelp"", ""Refr"", ""Myapp"", ""Play"", ""Pause"", ""Stop"", ""R"", ""Rr"", ""F"", ""Ff"", ""Rec""]","[""Kaseikyo""]","[""80 02 20 00"", ""80 02 20 01"", ""80 02 20 03"", ""81 02 20 00"", ""82 02 20 00"", ""84 02 20 02"", ""89 02 20 02"", ""89 02 20 03""]",specific_device,0.72,"[""modelo identificável e conjunto coerente""]","[""modelo de baixa confiança foi tratado como evidência estrutural"", ""muitos nomes compartilham a mesma intenção"", ""nomes de comandos reais não chegaram ao classificador"", ""protocolos reais não chegaram ao classificador"", ""sequência numerada pode indicar codeset ou bruteforce""]","[""50 maiores diversidades de endereços""]"
c3bac19cb8cd0a3a,TVs/Panasonic/Panasonic_N2QAYB000705.ir,Panasonic_N2QAYB000705.ir,TVs,Panasonic,N2QAYB000705,47,"[""Power"", ""Cc"", ""Sap"", ""Input"", ""Sd/usb"", ""Exit"", ""Menu"", ""Internet"", ""Vieratools"", ""Up"", ""Down"", ""Right"", ""Left"", ""Ok"", ""Return"", ""Option"", ""Red"", ""Green"", ""Blue"", ""Yellow"", ""Vol_up"", ""Vol_dn"", ""Ch_next"", ""Ch_prev"", ""Mute"", ""Format"", ""Info"", ""Favorite"", ""1"", ""2"", ""3"", ""4"", ""5"", ""6"", ""7"", ""8"", ""9"", ""0"", ""-"", ""Last"", ""Forward"", ""Reverse"", ""Play"", ""Pause"", ""Stop"", ""Skip_fwd"", ""Skip_bk""]","[""Kaseikyo""]","[""80 02 20 00"", ""80 02 20 01"", ""80 02 20 02"", ""80 02 20 03"", ""84 02 20 03"", ""89 02 20 02"", ""89 02 20 03""]",specific_device,0.72,"[""modelo identificável e conjunto coerente""]","[""modelo de baixa confiança foi tratado como evidência estrutural"", ""muitos nomes compartilham a mesma intenção"", ""nomes de comandos reais não chegaram ao classificador"", ""protocolos reais não chegaram ao classificador"", ""sequência numerada pode indicar codeset ou bruteforce""]","[""50 maiores diversidades de endereços""]"
dd26beac35d1ae78,TVs/Panasonic/Panasonic_N2QAYB000752_Full.ir,Panasonic_N2QAYB000752_Full.ir,TVs,Panasonic,N2QAYB000752_Full,53,"[""Power"", ""3d"", ""Input_tv"", ""Input_av"", ""Menu"", ""Aspect"", ""N"", ""Surround"", ""Info"", ""Exit"", ""Ok"", ""Up"", ""Down"", ""Left"", ""Right"", ""Option"", ""Back"", ""Internet"", ""Viera_tools"", ""Guide"", ""Red"", ""Green"", ""Yellow"", ""Blue"", ""Text"", ""Sttl"", ""Index"", ""Hold"", ""1"", ""2"", ""3"", ""4"", ""5"", ""6"", ""7"", ""8"", ""9"", ""0"", ""Mute"", ""Last_view"", ""Vol_up"", ""Vol_dn"", ""Ch_next"", ""Ch_prev"", ""Power2"", ""P_down"", ""P_up"", ""Prev"", ""Next"", ""Play"", ""Stop"", ""Play_pause"", ""Rec""]","[""Kaseikyo""]","[""80 02 20 00"", ""80 02 20 01"", ""80 02 20 03"", ""81 02 20 00"", ""82 02 20 00"", ""84 02 20 03"", ""89 02 20 02"", ""B0 02 20 00""]",specific_device,0.72,"[""modelo identificável e conjunto coerente""]","[""modelo de baixa confiança foi tratado como evidência estrutural"", ""muitos nomes compartilham a mesma intenção"", ""nomes de comandos reais não chegaram ao classificador"", ""protocolos reais não chegaram ao classificador"", ""sequência numerada pode indicar codeset ou bruteforce""]","[""50 maiores diversidades de endereços""]"
d5c89b2b1f81ddb0,TVs/Panasonic/Panasonic_TC-P50S2.ir,Panasonic_TC-P50S2.ir,TVs,Panasonic,TC-P50S2,46,"[""Power"", ""Cc"", ""Sap"", ""Input"", ""Viera_link"", ""Menu"", ""Viera_tools"", ""Sd_card"", ""Left"", ""Up"", ""Right"", ""Down"", ""Ok"", ""Submenu"", ""Return"", ""Red"", ""Green"", ""Blue"", ""Yellow"", ""Vol_up"", ""Vol_dn"", ""Ch_next"", ""Ch_prev"", ""Mute"", ""Format"", ""Info"", ""Favorite"", ""1"", ""2"", ""3"", ""4"", ""5"", ""6"", ""7"", ""8"", ""9"", ""0"", ""Last"", ""Dash"", ""Rewind"", ""Play"", ""Fast_fwd"", ""Previous"", ""Pause"", ""Next"", ""Stop""]","[""Kaseikyo""]","[""80 02 20 00"", ""80 02 20 01"", ""80 02 20 02"", ""80 02 20 03"", ""84 02 20 03"", ""89 02 20 02"", ""89 02 20 03""]",specific_device,0.72,"[""modelo identificável e conjunto coerente""]","[""modelo de baixa confiança foi tratado como evidência estrutural"", ""muitos nomes compartilham a mesma intenção"", ""nomes de comandos reais não chegaram ao classificador"", ""protocolos reais não chegaram ao classificador"", ""sequência numerada pode indicar codeset ou bruteforce""]","[""50 maiores diversidades de endereços""]"
e865bf7426110271,TVs/Panasonic/Panasonic_TX-40HX800B.ir,Panasonic_TX-40HX800B.ir,TVs,Panasonic,TX-40HX800B,50,"[""Power"", ""Picture"", ""Tv"", ""Av"", ""Menu"", ""Text"", ""Sttl"", ""Provider"", ""Info"", ""Exit"", ""Netflix"", ""Home"", ""Guide"", ""Up"", ""Down"", ""Left"", ""Right"", ""Ok"", ""Option"", ""Back"", ""Red"", ""Green"", ""Yellow"", ""Blue"", ""Vol_up"", ""Vol_dn"", ""Mute"", ""Cn_next"", ""Cn_prev"", ""1"", ""2"", ""3"", ""4"", ""5"", ""6"", ""7"", ""8"", ""9"", ""eHelp"", ""0"", ""Freeview"", ""Seek_left"", ""Play"", ""Seek_right"", ""Skip_backward"", ""Pause"", ""Seek_forward"", ""My_app"", ""Stop"", ""Record""]","[""Kaseikyo""]","[""80 02 20 00"", ""80 02 20 01"", ""80 02 20 02"", ""80 02 20 03"", ""81 02 20 00"", ""82 02 20 00"", ""84 02 20 02"", ""89 02 20 02"", ""89 02 20 03""]",specific_device,0.72,"[""modelo identificável e conjunto coerente""]","[""modelo de baixa confiança foi tratado como evidência estrutural"", ""muitos nomes compartilham a mesma intenção"", ""nomes de comandos reais não chegaram ao classificador"", ""protocolos reais não chegaram ao classificador"", ""sequência numerada pode indicar codeset ou bruteforce""]","[""50 maiores diversidades de endereços""]"
e67555ff5c41aee3,TVs/Panasonic/Panasonic_TX_42AS650E.ir,Panasonic_TX_42AS650E.ir,TVs,Panasonic,TX_42AS650E,49,"[""Power"", ""Mute"", ""Vol_up"", ""Vol_dn"", ""Ch_next"", ""Ch_prev"", ""1"", ""2"", ""3"", ""4"", ""5"", ""6"", ""7"", ""8"", ""9"", ""0"", ""Help"", ""Last_view"", ""3d"", ""Input_tv"", ""Input_av"", ""Menu"", ""Text"", ""Sttl"", ""Aspect"", ""Info"", ""Exit"", ""Apps"", ""Home"", ""Guide"", ""Up"", ""Down"", ""Left"", ""Right"", ""Ok"", ""Option"", ""Back"", ""Red"", ""Green"", ""Yellow"", ""Blue"", ""Fast_backwards"", ""Fast_forward"", ""Play"", ""Pause"", ""Stop"", ""Record"", ""Skip_backwards"", ""Skip_forward""]","[""Kaseikyo""]","[""80 02 20 00"", ""80 02 20 01"", ""80 02 20 02"", ""80 02 20 03"", ""81 02 20 00"", ""82 02 20 00"", ""84 02 20 03"", ""89 02 20 02"", ""89 02 20 03""]",specific_device,0.72,"[""modelo identificável e conjunto coerente""]","[""modelo de baixa confiança foi tratado como evidência estrutural"", ""muitos nomes compartilham a mesma intenção"", ""nomes de comandos reais não chegaram ao classificador"", ""protocolos reais não chegaram ao classificador"", ""sequência numerada pode indicar codeset ou bruteforce""]","[""50 maiores diversidades de endereços""]"
d1386822b0db04af,TVs/Panasonic/Panasonic_TX_43GXW584.ir,Panasonic_TX_43GXW584.ir,TVs,Panasonic,TX_43GXW584,42,"[""Power"", ""Ch_next"", ""Ch_prev"", ""Vol_up"", ""Vol_dn"", ""Mute"", ""Up"", ""Down"", ""Left"", ""Right"", ""Ok"", ""Source"", ""Info"", ""Guide"", ""Mybutton1"", ""Home"", ""Netflix"", ""Mybutton2"", ""Exit"", ""Back"", ""Red"", ""Green"", ""Yellow"", ""Blue"", ""1"", ""2"", ""3"", ""4"", ""5"", ""6"", ""7"", ""8"", ""9"", ""Lang"", ""0"", ""Txt"", ""Rr"", ""Play"", ""Ff"", ""Stop"", ""Pause"", ""Rec""]","[""Kaseikyo""]","[""80 02 20 00"", ""80 02 20 01"", ""80 02 20 02"", ""80 02 20 03"", ""81 02 20 00"", ""89 02 20 02"", ""89 02 20 03""]",specific_device,0.72,"[""modelo identificável e conjunto coerente""]","[""modelo de baixa confiança foi tratado como evidência estrutural"", ""muitos nomes compartilham a mesma intenção"", ""nomes de comandos reais não chegaram ao classificador"", ""protocolos reais não chegaram ao classificador"", ""sequência numerada pode indicar codeset ou bruteforce""]","[""50 maiores diversidades de endereços""]"
fdd909d4395e33df,TVs/Panasonic/Panasonic_Unknown_Full.ir,Panasonic_Unknown_Full.ir,TVs,Panasonic,Unknown_Full,49,"[""Power"", ""3d"", ""Tv"", ""Av"", ""Menu"", ""Text"", ""Sttl"", ""Aspect"", ""Info"", ""Exit"", ""Apps"", ""Home"", ""Guide"", ""Up"", ""Down"", ""Left"", ""Right"", ""Ok"", ""Option"", ""Back_return"", ""Red"", ""Green"", ""Yellow"", ""Blue"", ""Vol_up"", ""Vol_dn"", ""Mute"", ""Ch_next"", ""Ch_prev"", ""1"", ""2"", ""3"", ""4"", ""5"", ""6"", ""7"", ""8"", ""9"", ""Help"", ""0"", ""Lastview"", ""Back"", ""Play"", ""Forward"", ""Rewind"", ""Pause"", ""Ffwd"", ""Stop"", ""Record""]","[""Kaseikyo""]","[""80 02 20 00"", ""80 02 20 01"", ""80 02 20 02"", ""80 02 20 03"", ""81 02 20 00"", ""82 02 20 00"", ""84 02 20 03"", ""89 02 20 02"", ""89 02 20 03""]",specific_device,0.72,"[""modelo identificável e conjunto coerente""]","[""modelo de baixa confiança foi tratado como evidência estrutural"", ""muitos nomes compartilham a mesma intenção"", ""nomes de comandos reais não chegaram ao classificador"", ""protocolos reais não chegaram ao classificador"", ""sequência numerada pode indicar codeset ou bruteforce""]","[""50 maiores diversidades de endereços""]"
f437a508742021d5,TVs/Samsung/Samsung_Broadband_Hospitality.ir,Samsung_Broadband_Hospitality.ir,TVs,Samsung,Broadband_Hospitality,37,"[""Power"", ""Stop"", ""Play"", ""Pause"", ""Reverse"", ""Menu"", ""Fast_forward"", ""Check"", ""Up"", ""Down"", ""Ok"", ""Left"", ""Right"", ""Left_arrow"", ""Cc"", ""Vol_up"", ""Vol_dn"", ""Mute"", ""Info"", ""Ch_next"", ""Ch_prev"", ""Red_triangle"", ""Blue_circle"", ""Green_square"", ""Yellow_x"", ""1"", ""2"", ""3"", ""4"", ""5"", ""6"", ""7"", ""8"", ""9"", ""Sleep"", ""0"", ""Enter""]","[""NEC"", ""NECext"", ""SIRC20"", ""Samsung32""]","[""07 00 00 00"", ""21 9C 00 00"", ""5A 0E 00 00"", ""6E 00 00 00""]",specific_device,0.72,"[""modelo identificável e conjunto coerente""]","[""modelo de baixa confiança foi tratado como evidência estrutural"", ""muitos nomes compartilham a mesma intenção"", ""nomes de comandos reais não chegaram ao classificador"", ""protocolos reais não chegaram ao classificador"", ""sequência numerada pode indicar codeset ou bruteforce""]","[""50 maiores diversidades de protocolos""]"
e7761e812f2c48e8,TVs/Samsung/Samsung_Royal_Caribbean.ir,Samsung_Royal_Caribbean.ir,TVs,Samsung,Royal_Caribbean,40,"[""Power"", ""Menu"", ""Guide"", ""Up"", ""Down"", ""Ok"", ""Left"", ""Right"", ""Left_arrow"", ""Tv"", ""Info"", ""Check"", ""Rewind"", ""Play_pause"", ""Fast_forward"", ""Input"", ""Stop"", ""Cc"", ""Vol_up"", ""Vol_dn"", ""Menu"", ""Mute"", ""Ch_next"", ""Ch_prev"", ""1"", ""2"", ""3"", ""4"", ""5"", ""6"", ""7"", ""8"", ""9"", ""0"", ""Sleep"", ""Enter"", ""Red_triangle"", ""Green_square"", ""Blue_circle"", ""Yellow_x""]","[""NEC"", ""NECext"", ""SIRC20"", ""Samsung32""]","[""07 00 00 00"", ""21 9C 00 00"", ""5A 0E 00 00"", ""6E 00 00 00""]",specific_device,0.72,"[""modelo identificável e conjunto coerente""]","[""modelo de baixa confiança foi tratado como evidência estrutural"", ""muitos nomes compartilham a mesma intenção"", ""nomes de comandos reais não chegaram ao classificador"", ""protocolos reais não chegaram ao classificador"", ""sequência numerada pode indicar codeset ou bruteforce""]","[""50 maiores diversidades de protocolos""]"
a8bc0bb01b1015b1,TVs/Sony/Sony_SFRTV5.ir,Sony_SFRTV5.ir,TVs,Sony,SFRTV5,54,"[""Power"", ""Input"", ""Pic Reset"", ""Demo Mode"", ""Discover"", ""Pic Off"", ""Red"", ""Green"", ""Yellow"", ""Blue"", ""Action"", ""Options"", ""TV"", ""Apps"", ""Back"", ""Home"", ""Select"", ""Up"", ""Down"", ""Left"", ""Right"", ""Reverse"", ""Forward"", ""Previous"", ""Next"", ""Play"", ""Pause"", ""Stop"", ""Sync Menu"", ""Sub+"", ""Sub-"", ""Menu"", ""S.Field"", ""Vert.S"", ""Mute"", ""S.Bar/TV"", ""Vol_up"", ""Vol_dn"", ""0Power"", ""0Input"", ""0Pic Reset"", ""0Demo Mode"", ""0Blue"", ""0Options"", ""0Back"", ""0Home"", ""0Select"", ""0Up"", ""0Down"", ""0Left"", ""0Right"", ""0Mute"", ""0Vol_up"", ""0Vol_dn""]","[""SIRC"", ""SIRC15"", ""SIRC20""]","[""01 00 00 00"", ""10 01 00 00"", ""10 05 00 00"", ""10 0D 00 00"", ""1A 00 00 00"", ""30 00 00 00"", ""97 00 00 00"", ""B0 00 00 00"", ""C4 00 00 00""]",specific_device,0.72,"[""modelo identificável e conjunto coerente""]","[""modelo de baixa confiança foi tratado como evidência estrutural"", ""nomes de comandos reais não chegaram ao classificador"", ""protocolos reais não chegaram ao classificador""]","[""50 maiores diversidades de endereços"", ""50 maiores diversidades de protocolos""]"
5eed9841a6d401d2,Universal_TV_Remotes/UNIVERSAL_POWER_OFF_DEVICES.ir,UNIVERSAL_POWER_OFF_DEVICES.ir,Universal_TV_Remotes,Unknown,UNIVERSAL_POWER_OFF_DEVICES,17,"[""SAMSUNG"", ""GRUNDIG"", ""LG"", ""SONY"", ""TELEFUNKEN"", ""VIZIO"", ""PHILLIPS"", ""MEDION"", ""PANASONIC"", ""OPPO"", ""FETCH"", ""DENVER"", ""EHP WAAGEN"", ""XBOX"", ""PLATINUM"", ""HISENSE"", ""ELITELUX""]","[""NEC"", ""NECext"", ""RC5"", ""RC6"", ""SIRC"", ""Samsung32""]","[""00 00 00 00"", ""00 7F 00 00"", ""00 BF 00 00"", ""01 00 00 00"", ""04 00 00 00"", ""07 00 00 00"", ""19 00 00 00"", ""49 00 00 00"", ""64 46 00 00"", ""80 D8 00 00""]",specific_device,0.72,"[""modelo identificável e conjunto coerente""]","[""modelo de baixa confiança foi tratado como evidência estrutural"", ""nomes de comandos reais não chegaram ao classificador"", ""protocolos reais não chegaram ao classificador""]","[""50 maiores diversidades de endereços"", ""50 maiores diversidades de protocolos""]"
dcfea43c07163ac1,VCR/Panasonic/Panasonic_Light_Tower_LSSQ0342.ir,Panasonic_Light_Tower_LSSQ0342.ir,VCR,Panasonic,Light_Tower_LSSQ0342,34,"[""Play"", ""Rewind"", ""Fast Forward"", ""Stop"", ""Record"", ""Power"", ""VCR/TV"", ""Action"", ""Input"", ""Prog"", ""Eject"", ""Pause"", ""Tracking +"", ""Tracking -"", ""1"", ""2"", ""3"", ""4"", ""5"", ""6"", ""7"", ""8"", ""9"", ""0"", ""100"", ""Counter Reset"", ""Display"", ""Tape Position"", ""CM/Zero"", ""Speed"", ""Search"", ""SAP"", ""Vol +"", ""Vol -""]","[""Kaseikyo"", ""NEC""]","[""40 00 00 00"", ""90 02 20 00"", ""90 02 20 01"", ""90 02 20 03"", ""91 02 20 00"", ""91 02 20 01"", ""95 02 20 00""]",specific_device,0.72,"[""modelo identificável e conjunto coerente""]","[""modelo de baixa confiança foi tratado como evidência estrutural"", ""muitos nomes compartilham a mesma intenção"", ""nomes de comandos reais não chegaram ao classificador"", ""protocolos reais não chegaram ao classificador"", ""sequência numerada pode indicar codeset ou bruteforce""]","[""50 maiores diversidades de endereços""]"
b923d3600221eab0,VCR/Panasonic/Panasonic_VSQS1331_VCR.ir,Panasonic_VSQS1331_VCR.ir,VCR,Panasonic,VSQS1331_VCR,32,"[""TV_Power"", ""VCR_Power"", ""Menu"", ""VCR/TV"", ""Vol_Up"", ""Vol_Down"", ""CH_Up"", ""CH_Down"", ""Pause"", ""Play"", ""Stop"", ""Slow"", ""FastForward"", ""Rewind"", ""Speed"", ""Rec/Time"", ""Clear"", ""R-Tune"", ""CH_Preset_Up"", ""Ch_Preset_Down"", ""Prog"", ""Rotate_Up"", ""Rotate_Dwn"", ""Push2Set"", ""Display"", ""Add/DLT"", ""All_Ch_Up"", ""All_Ch_Down"", ""Counter_Reset"", ""ZeroSearch"", ""Tracking_Up"", ""Tracking_Dwn""]","[""Kaseikyo""]","[""80 02 20 00"", ""90 02 20 00"", ""90 02 20 01"", ""90 02 20 02"", ""90 02 20 03"", ""91 02 20 00"", ""91 02 20 01"", ""91 02 20 03""]",specific_device,0.72,"[""modelo identificável e conjunto coerente""]","[""modelo de baixa confiança foi tratado como evidência estrutural"", ""nomes de comandos reais não chegaram ao classificador"", ""protocolos reais não chegaram ao classificador""]","[""50 maiores diversidades de endereços""]"
b894868d0506fe2d,_Converted_/CSV/A/Adcom/Pre-Amplifier/26_-1.ir,26_-1.ir,Converted/CSV,Adcom,26_-1,181,"[""CD_SKIP_FWD_>>"", ""CD_SKIP_>>"", ""SKIP_>>"", ""CD_SKIP_REV_<<"", ""CD_SKIP_<<"", ""SKIP_<<"", ""RDS"", ""SELECT"", ""CD_STOP_[]"", ""STOP"", ""STOP"", ""CD_PLAY_>"", ""PLAY"", ""PLAY"", ""CD_DISC"", ""DISC"", ""CD_SCAN_>>"", ""SCAN_>>"", ""CD_SCAN_<<"", ""SCAN_<<"", ""CD_PAUSE"", ""PAUSE"", ""PAUSE"", ""CD_1"", ""1_(CD)"", ""CD_2"", ""2_(CD)"", ""CD_3"", ""3_(CD)"", ""CD_4"", ""4_(CD)"", ""CD_5"", ""5_(CD)"", ""CD_6"", ""6_(CD)"", ""CD_7"", ""7_(CD)"", ""CD_8"", ""8_(CD)"", ""CD_9"", ""9_(CD)"", ""CD_+10"", ""+10_(CD)"", ""CD_0"", ""0_(CD)"", ""CD_DISC_1"", ""CD_DISC_2"", ""CD_DISC_3"", ""CD_DISC_4"", ""CD_DISC_5"", ""CURSOR_UP"", ""CURSOR_DOWN"", ""CURSOR_LEFT"", ""CURSOR_RIGHT"", ""REPEAT_(CD)"", ""CD_RANDOM"", ""RANDOM"", ""BAL_CHK"", ""TEST"", ""CENTER_V"", ""REAR_V"", ""SURROUND"", ""MODE"", ""CENTER_^"", ""REAR_^"", ""DELAY"", ""D120"", ""D2"", ""D3"", ""D4"", ""D5"", ""D6"", ""D7"", ""D8"", ""POWER"", ""POWER"", ""DISPLAY"", ""D9"", ""MUTE"", ""MUTE"", ""VIDEO1"", ""VIDEO/AUX"", ""VIDEO_1"", ""AUX2"", ""AUX_2"", ""VIDEO2"", ""VIDEO_2"", ""TUNER_2"", ""VIDEO3"", ""VIDEO_3"", ""PHONO"", ""VIDEO4"", ""VIDEO_4"", ""VIDEO5"", ""CD"", ""CD"", ""TUNER"", ""TUNER_1"", ""FM"", ""TUNER"", ""TAPE_1"", ""TAPE"", ""TAPE"", ""TAPE_2"", ""AUX1"", ""AUX_1"", ""TUNER_TUNING_>"", ""TUNING_>"", ""TUNE_UP"", ""TUNER_TUNING_<"", ""TUNING_<"", ""TUNE_DOWN"", ""SHIFT"", ""TUNER_+10"", ""GROUP_A"", ""REPEAT"", ""FM/AM"", ""AM/FM"", ""AM"", ""1"", ""TUNER_1"", ""PRESET_1"", ""1"", ""2"", ""TUNER_2"", ""PRESET_2"", ""2"", ""3"", ""TUNER_3"", ""PRESET_3"", ""3"", ""4"", ""TUNER_4"", ""PRESET_4"", ""4"", ""5"", ""TUNER_5"", ""PRESET_5"", ""5"", ""6"", ""TUNER_6"", ""PRESET_6"", ""6"", ""7"", ""TUNER_7"", ""7"", ""TUNER_8"", ""TUNER_9"", ""GROUP_>"", ""TUNER_0"", ""GROUP_B"", ""8"", ""9"", ""10"", ""11"", ""DYNAMIC_RANGE"", ""EXTERNAL_5.1"", ""BACKS"", ""SLEEP"", ""BALANCE"", ""DIM"", ""ROOM_2"", ""P._SCAN"", ""VOLUME_V"", ""VOL-"", ""MASTER_VOL_V"", ""LEVEL_-"", ""VOLUME_DOWN"", ""SUB_^"", ""SEEK_/_TUNE"", ""PRESET/TUNE"", ""VOLUME_^"", ""VOL+"", ""MASTER_VOL_^"", ""LEVEL_+"", ""VOLUME_UP"", ""SUB_V"", ""ROOM_3"", ""GROUP_C"", ""EXT._PROC"", ""12""]","[""NECext""]","[""1A 00 00 00""]",device_family,0.58,"[""modelo/família identificável com conjunto amplo""]","[""modelo de baixa confiança foi tratado como evidência estrutural"", ""muitos nomes compartilham a mesma intenção"", ""nomes de comandos reais não chegaram ao classificador"", ""protocolos reais não chegaram ao classificador"", ""sequência numerada pode indicar codeset ou bruteforce""]","[""50 device_family determinísticos"", ""50 maiores repetições de nomes"", ""50 nomes ou comandos com sequências numéricas""]"
482f6f0b50339a7d,_Converted_/CSV/A/Arcam/DVD_Player/25_-1.ir,25_-1.ir,Converted/CSV,Arcam,25_-1,222,"[""0"", ""0A"", ""1"", ""1A"", ""TRACK_1"", ""2"", ""2A"", ""TRACK_2"", ""3"", ""3A"", ""TRACK_3"", ""4"", ""4A"", ""TRACK_4"", ""5"", ""5A"", ""TRACK_5"", ""6"", ""6A"", ""TRACK_6"", ""7"", ""7A"", ""TRACK_7"", ""8"", ""8A"", ""TRACK_8"", ""9"", ""9A"", ""TRACK_9"", ""TRACK_10"", ""TRACK_11"", ""POWER"", ""POWER_A"", ""TRACK_12"", ""POWERA"", ""TRACK_13"", ""TRACK_14"", ""TRACK_15"", ""TRACK_16"", ""TRACK_17"", ""DISPLAY"", ""DISPLAY_A"", ""TRACK_18"", ""DISP"", ""DISP_A"", ""TRACK_19"", ""TRACK_20"", ""TRACK_21"", ""TRACK_22"", ""TRACK_23"", ""TRACK_24"", ""TRACK_25"", ""REPEAT"", ""REPEAT_TOGGLE"", ""REPEAT_A"", ""SLOWF"", ""SLOW_FORWARD"", "">"", "">A"", ""SLOW_MOTION_+"", ""SLOW_+"", ""SLOW_+_A"", ""SLOWR"", ""SLOW_REWIND"", ""<"", ""<A"", ""SLOW_MOTION_-"", ""SLOW_-"", ""SLOW_-_A"", ""SKIPF"", ""SKIPF_A"", ""TRACK_FWD"", "">I"", "">IA"", ""TRACK_FORWARD"", ""SKIP_>>"", ""NEXT"", ""NEXT_A"", ""SKIPB"", ""SKIPB_A"", ""TRACK_BACK"", ""I<"", ""I<A"", ""SKIP_<<"", ""PREVIOUS"", ""PREVIOUS_A"", ""TRIM"", ""TRIM_A"", ""MODE"", ""MODE_A"", ""PROGRAMME"", ""PROGRAMM"", ""PROG"", ""PROGA"", ""OPEN"", ""OPEN_A"", ""OPEN/CLOSE"", ""STOP"", ""OPEN/CLOSE_A"", ""PAUSE"", ""PAUSE_A"", ""PAUSEA"", ""PAUSE_A"", ""FASTR"", ""FASTR_A"", ""FAST_REWIND"", ""<<"", ""<<A"", ""SCAN_<<"", ""REW"", ""REW_A"", ""FASTF"", ""FASTF_A"", ""FAST_FORWARD"", "">>"", "">>A"", ""SCAN_>>"", ""TRIM"", ""FWD"", ""FWD_A"", ""PLAY"", ""PLAY_A"", ""PLAYA"", ""PLAY_A"", ""STOP"", ""STOP_A"", ""STOPA"", ""TRACK_BACK"", ""STOP_A"", ""CLEAR"", ""CLEARA"", ""MARK_AB"", ""REPEAT_A-B"", ""SIDE_A/B"", ""A/B"", ""A/BA"", ""PROGRAM"", ""PROGRAM_A"", ""PMODE"", ""RANDOM"", ""RANDOM_A"", ""SUBTITLE"", ""SUBTITLE_A"", ""SUBTITLES"", ""SUBTITLESA"", ""SUBTITLE_A"", ""TITLE"", ""TITLE_A"", ""TITLE_A"", ""MENU"", ""MENU_A"", ""MENUA"", ""MENU_A"", ""ZOOM"", ""ZOOM_A"", ""ZOOM_A"", ""AUDIO"", ""AUDIO_A"", ""AUDIO_A"", ""MEM"", ""MEM_A"", ""MEM_(BOOKMARK)"", ""MEMORY"", ""MEMORY_A"", ""RETURN"", ""RETURN_A"", ""RETURN_A"", ""ANGLE"", ""ANGLE_A"", ""ANGLE_A"", ""SETUP"", ""SETUP_A"", ""SETUP_A"", ""STATUS"", ""STATUS_A"", ""STATUS_A"", ""SEARCH"", ""SEARCH_A"", ""SEARCH_A"", ""PL"", ""MODE"", ""MODE_A"", ""RIGHT_CURSOR"", ""RIGHT_CURSOR_A"", ""RIGHT"", ""RIGHTA"", ""CURSOR_RIGHT"", ""C_RIGHT"", ""C_RIGHT_A"", ""LEFT_CURSOR"", ""LEFT_CURSOR_A"", ""LEFT"", ""LEFTA"", ""CURSOR_LEFT"", ""C_LEFT"", ""C_LEFT_A"", ""DOWN_CURSOR"", ""DOWN_CURSOR_A"", ""DOWN"", ""DOWNA"", ""CURSOR_DOWN"", ""C_DOWN"", ""C_DOWN_A"", ""UP_CURSOR"", ""UP_CURSOR_A"", ""UP"", ""Unknown"", ""UPA"", ""CURSOR_UP"", ""C_UP"", ""C_UP_A"", ""OK"", ""OK_A"", ""OKA"", ""CURSOR_SELECT_(OK)"", ""OK_A"", ""DISCRETE_ON"", ""POWER_ON"", ""POWER"", ""DISCRETE_OFF"", ""POWER_OFF"", ""OFF""]","[""NECext""]","[""19 00 00 00""]",device_family,0.58,"[""modelo/família identificável com conjunto amplo""]","[""modelo de baixa confiança foi tratado como evidência estrutural"", ""muitos nomes compartilham a mesma intenção"", ""nomes de comandos reais não chegaram ao classificador"", ""protocolos reais não chegaram ao classificador"", ""sequência numerada pode indicar codeset ou bruteforce""]","[""50 device_family determinísticos"", ""50 maiores quantidades de comandos"", ""50 maiores repetições de nomes""]"
149a0ea323e74543,_Converted_/CSV/A/Arcam/Receiver/16_-1.ir,16_-1.ir,Converted/CSV,Arcam,16_-1,206,"[""SAT_A"", ""SAT_B"", ""SAT"", ""SAT_INPUT"", ""2_SAT"", ""SELECT_SAT"", ""5:1"", ""AV"", ""AV_INPUT"", ""8_AV"", ""SELECT_AV"", ""TUNER_A"", ""TUNER_B"", ""TUNER"", ""TUNER_INPUT"", ""7_TUN"", ""SELECT_TUNER"", ""DVD_A"", ""DVD_B"", ""DVD"", ""DVD_INPUT"", ""1_DVD"", ""SELECT_DVD"", ""TAPE_MON_A"", ""TAPE_MON_B"", ""TAPE"", ""TAPE_A"", ""TAPE_B"", ""TAPE_1"", ""TAPE_INPUT"", ""6_TAPE"", ""SELECT_TAPE"", ""VCR_1_A"", ""VCR_1_B"", ""VCR"", ""VCR_A"", ""VCR_B"", ""VCR1"", ""VCR_INPUT"", ""3_VCR"", ""SELECT_VCR"", ""CD_A"", ""CD_B"", ""CD"", ""CD_INPUT"", ""4_CD"", ""SELECT_CD"", ""AUX_A"", ""AUX_B"", ""AUX"", ""AUX/PVR"", ""PVR_INPUT"", ""5_AUX"", ""SELECT_AUX"", ""DVD-A"", ""DVD-A_INPUT"", ""9_MCH"", ""SELECT_MULTI-CHANNEL"", ""STEREO_DIRECT_TOGGL"", ""DIRECT_ONOFF_TGL"", ""SELECT_NET"", ""POWER_A"", ""POWER_B"", ""POWER_ON/OFF"", ""POWER_TOGGLE"", ""POWER"", ""STAND_BY"", ""MUTE_A"", ""MUTE_B"", ""MUTE"", ""MUTE_TOGGLE"", ""MUTE_ON"", ""TREBLE_CON._MENU"", ""VOL+_A"", ""VOL+_B"", ""+"", ""VOL+"", ""VOL+"", ""VOLUME_UP"", ""VOL-_A"", ""VOL-_B"", ""-"", ""VOL-"", ""VOL-"", ""VOLUME_DOWN"", ""SAT_VIDEO"", ""CYCLE_ASPECT_RATIO"", ""AV_VIDEO"", ""FOLLOW_ZONE_1"", ""DVD_VIDEO"", ""TAPE_VIDEO"", ""VCR_VIDEO"", ""LAST_/_THX"", ""STORE_PRE_X_(TUNER)"", ""ZONE_2_MODE_ON"", ""ZONE_2_MODE_OFF"", ""ROOM_EQ_ON/OFF"", ""MODE"", ""GUIDE_/_MODE"", ""CYCLE_DECODE_MODE"", ""SELECT_DVR"", ""TRIM"", ""TRIM_MENU"", ""SPEAKER_TRIM"", ""BASS_CON._MENU"", ""FAVORITE_UP"", ""FAVORITE_DOWN"", ""HOME"", ""BASS_INCREMENT"", ""BASS_DECREMENT"", ""TREBLE_INCREMENT"", ""ZONE_2_MODE_ON"", ""CYCLE_OUTPUT_RES"", ""ZONE_2_MODE_OFF"", ""RANDOM"", ""REPEAT"", ""LIP_SYNC"", ""LIPSYNC_CONT_MEN"", ""SUB_TRIM_MENU"", ""A-B_/_SUB"", ""SUB_CONTROL_MENU"", ""AM_A"", ""AM_B"", ""AM"", ""ENTER_/_AM"", ""SELECT_AM"", ""FM_A"", ""FM_B"", ""FM"", ""FM/AM"", ""0_FM"", ""Unknown"", ""PRESET/TUNE_MODE"", ""PRESET_MODE_TOGGLE"", ""SELECT_FM"", ""INFO"", ""PRESET/TUNE_+"", ""PRESET_TUNE_UP"", ""PRESET_+"", ""TRACK_FORWARD"", ""PRESET/TUNE_-"", ""PRESET_TUNE_DOWN"", ""PRESET_-"", ""TRACK_BACKWARD"", ""DISPLAY"", ""DISPLAY_BRIGHT"", ""DYN"", ""EFFECT:_OFF"", ""MUSIC"", ""PARTY"", ""CLUB"", ""HALL"", ""SPORT"", ""CHURCH"", ""SURROUND_MODE_A"", ""SURROUND_MODE_B"", ""EFFECT_(TOOGLE)"", ""SLEEP_/_FX"", ""DOLBY_VOL._ON/OFF"", ""SELECT_SIRIUS"", ""STEREO_DIRECT_ON"", ""DISCRETE_DIR_ON"", ""STEREO_DIRECT_OFF"", ""DISCRETE_DIR_OFF"", ""RIGHT"", ""CURSOR_RIGHT"", ""NAVIGATE_RIGHT"", ""LEFT"", ""CURSOR_LEFT"", ""NAVIGATE_LEFT"", ""MENU"", ""DOWN"", ""CURSOR_DOWN"", ""NAVIGATE_DOWN"", ""UP"", ""CURSOR_UP"", ""NAVIGATE_UP"", ""OK"", ""CURSOR_SELECT/OK"", ""CURSOR_OK"", ""SELECT"", ""ZONE_TOGGLE"", ""TREBLE_DECREMENT"", ""LIPSYNC_+_BY_1MS"", ""LIPSYNC_-_BY_1MS"", ""DOLBY_PLIIX_MOVIE"", ""DOLBY_PLIIX_MUSIC"", ""STEREO"", ""MONO"", ""STEREO"", ""DOLBY_PLII_MOVIE"", ""DOLBY_PLII_MUSIC"", ""DOLBY_PL_EMULATE"", ""DTS_NEO:6_CINEMA"", ""DTS_NEO:6_MUSIC"", ""MUTE"", ""MUTE_OFF"", ""POWER"", ""POWER_ON"", ""STANDBY"", ""OFF"", ""POWER_OFF/STANDBY"", ""STANDBY/OFF"", ""STAND_BY"", ""POWER_OFF"", ""ZONE_1_STANDBY""]","[""NECext""]","[""10 00 00 00""]",device_family,0.58,"[""modelo/família identificável com conjunto amplo""]","[""modelo de baixa confiança foi tratado como evidência estrutural"", ""muitos nomes compartilham a mesma intenção"", ""nomes de comandos reais não chegaram ao classificador"", ""protocolos reais não chegaram ao classificador""]","[""50 device_family determinísticos""]"
0c6e0c3e118887a4,_Converted_/CSV/A/Atlona/Matrix_Switcher/0_-1.ir,0_-1.ir,Converted/CSV,Atlona,0_-1,64,"[""IN_1_OUT_1"", ""IN_2_OUT_1"", ""IN_3_OUT_1"", ""IN_4_OUT_1"", ""IN_5_OUT_1"", ""IN_6_OUT_1"", ""IN_7_OUT_1"", ""IN_8_OUT_1"", ""IN_1_OUT_2"", ""IN_2_OUT_2"", ""IN_3_OUT_2"", ""IN_4_OUT_2"", ""IN_5_OUT_2"", ""IN_6_OUT_2"", ""IN_7_OUT_2"", ""IN_8_OUT_2"", ""IN_1_OUT_3"", ""IN_2_OUT_3"", ""IN_3_OUT_3"", ""IN_4_OUT_3"", ""IN_5_OUT_3"", ""IN_6_OUT_3"", ""IN_7_OUT_3"", ""IN_8_OUT_3"", ""IN_1_OUT_4"", ""IN_2_OUT_4"", ""IN_3_OUT_4"", ""IN_4_OUT_4"", ""IN_5_OUT_4"", ""IN_6_OUT_4"", ""IN_7_OUT_4"", ""IN_8_OUT_4"", ""IN_1_OUT_5"", ""IN_2_OUT_5"", ""IN_3_OUT_5"", ""IN_4_OUT_5"", ""IN_5_OUT_5"", ""IN_6_OUT_5"", ""IN_7_OUT_5"", ""IN_8_OUT_5"", ""IN_1_OUT_6"", ""IN_2_OUT_6"", ""IN_3_OUT_6"", ""IN_4_OUT_6"", ""IN_5_OUT_6"", ""IN_6_OUT_6"", ""IN_7_OUT_6"", ""IN_8_OUT_6"", ""IN_1_OUT_7"", ""IN_2_OUT_7"", ""IN_3_OUT_7"", ""IN_4_OUT_7"", ""IN_5_OUT_7"", ""IN_6_OUT_7"", ""IN_7_OUT_7"", ""IN_8_OUT_7"", ""IN_1_OUT_8"", ""IN_2_OUT_8"", ""IN_3_OUT_8"", ""IN_4_OUT_8"", ""IN_5_OUT_8"", ""IN_6_OUT_8"", ""IN_7_OUT_8"", ""IN_8_OUT_8""]","[""NECext""]","[""00 00 00 00""]",specific_device,0.72,"[""modelo identificável e conjunto coerente""]","[""modelo de baixa confiança foi tratado como evidência estrutural"", ""muitos nomes compartilham a mesma intenção"", ""nomes de comandos reais não chegaram ao classificador"", ""protocolos reais não chegaram ao classificador"", ""sequência numerada pode indicar codeset ou bruteforce""]","[""50 nomes ou comandos com sequências numéricas""]"
15737a530f94e09c,_Converted_/CSV/A/Audio_Research/Pre-Amplifier/7_-1.ir,7_-1.ir,Converted/CSV,Audio_Research,7_-1,82,"[""DISPLAY"", ""DISPLAY_B"", ""DISPLAY_A"", ""POWER"", ""POWER_B"", ""POWER_A"", ""CD"", ""CD_B"", ""CD_A"", ""TUNER"", ""TUNER_B"", ""TUNER_A"", ""VIDEO"", ""VIDEO_B"", ""VIDEO_1_A"", ""VIDEO_1_B"", ""PHONO"", ""PHONO_B"", ""PHONO_A"", ""AUX_1"", ""AUX_1_B"", ""AUX_1_A"", ""AUX_2"", ""AUX_2_B"", ""AUX_2_A"", ""MONITOR_A"", ""MONITOR_B"", ""GAIN_A"", ""GAIN_B"", ""VOL+"", ""VOL_UP_B"", ""VOL+_A"", ""VOL+_B"", ""BAL_L"", ""BAL_L_B"", ""BALANCE_LEFT_A"", ""BALANCE_LEFT_B"", ""BAL_R"", ""BAL_R_B"", ""BALANCE_RIGHT_A"", ""BALANCE_RIGHT_B"", ""VOL_DN"", ""VOL_DN_B"", ""VOL-_A"", ""VOL-_B"", ""BAL/SE"", ""BAL/SE_B"", ""BAL/SE_A"", ""HOURS"", ""HOURS_B"", ""HOURS_A"", ""PROC"", ""PROC_B"", ""PROC_A"", ""INVERT"", ""INVERT_B"", ""INVERT_A"", ""MUTE"", ""MUTE_B"", ""MUTE_A"", ""MONO"", ""MONO_B"", ""STEREO/MONO_A"", ""STEREO/MONO_B"", ""POWER_OFF_A"", ""POWER_OFF_B"", ""POWER_ON_A"", ""POWER_ON_B"", ""MUTE_OFF_A"", ""MUTE_OFF_B"", ""MUTE_ON_A"", ""MUTE_ON_B"", ""MONIT_OFF_A"", ""MONIT_OFF_B"", ""MONITOR_ON_A"", ""MONITOR_ON_B"", ""LO_GAIN_A"", ""LO_GAIN_B"", ""MED_GAIN_A"", ""MED_GAIN_B"", ""HI_GAIN_A"", ""HI_GAIN_B""]","[""NECext""]","[""07 00 00 00""]",device_family,0.58,"[""modelo/família identificável com conjunto amplo""]","[""modelo de baixa confiança foi tratado como evidência estrutural"", ""nomes de comandos reais não chegaram ao classificador"", ""protocolos reais não chegaram ao classificador""]","[""50 device_family determinísticos""]"
a7e33152e49bf563,_Converted_/CSV/B/BnK_Components/2-Channel_Preamp/11_79.ir,11_79.ir,Converted/CSV,BnK_Components,11_79,86,"[""OFF"", ""POWER"", ""MUTE"", ""BK002_MUTE"", ""V1"", ""BK002_V1"", ""TV"", ""BK002_TV"", ""V2"", ""BK002_V2"", ""TAPE"", ""BK002_TAPE"", ""DVD"", ""BK002_DVD"", ""TUNER"", ""CD"", ""BK002_CD"", ""BAND"", ""TUNE-"", ""BK002_TUNE-"", ""TUNE+"", ""BK002_TUNE+"", ""CR_LEFT"", ""BK002_LEFT"", ""CR_RIGHT"", ""BK002_RIGHT"", ""VOL-"", ""BK002_VOLUME-"", ""VOL+"", ""BK002_VOLUME+"", ""MODE"", ""10+"", ""BK002_NUMBER_+10"", ""CR_DOWN"", ""BK002_DOWN"", ""CR_UP"", ""BK002_UP"", ""MENU"", ""BK002_MENU"", ""ENTER"", ""SELECT"", ""BK002_ENTER"", ""1"", ""BK002_NUMBER_1"", ""2"", ""BK002_NUMBER_2"", ""3"", ""BK002_NUMBER_3"", ""4"", ""BK002_NUMBER_4"", ""5"", ""BK002_NUMBER_5"", ""6"", ""BK002_NUMBER_6"", ""7"", ""BK002_NUMBER_7"", ""8"", ""BK002_NUMBER_8"", ""9"", ""BK002_NUMBER_9"", ""0"", ""BK002_NUMBER_0"", ""SAVE"", ""BK002_SAVE"", ""SAT"", ""PRESET_+"", ""BASS-"", ""BK002_BASS-"", ""AM"", ""BK002_AM"", ""TREBLE-"", ""BK002_TREBLE-"", ""BK002_EXIT"", ""FM"", ""BK002_FM"", ""POWER_TOGGLE"", ""PRESET_-"", ""A_KEY"", ""LOUDNESS"", ""BK002_LOUDNESS"", ""BASS+"", ""BK002_BASS+"", ""ST/MONO"", ""BK002_STEREO/MONO"", ""TREBLE+"", ""BK002_TREBLE+""]","[""NECext""]","[""0B 4F 00 00""]",device_family,0.58,"[""modelo/família identificável com conjunto amplo""]","[""modelo de baixa confiança foi tratado como evidência estrutural"", ""muitos nomes compartilham a mesma intenção"", ""nomes de comandos reais não chegaram ao classificador"", ""protocolos reais não chegaram ao classificador"", ""sequência numerada pode indicar codeset ou bruteforce""]","[""50 device_family determinísticos""]"
9343f334d23bc689,_Converted_/CSV/B/BnK_Components/6-Zone_Receiver/242_208.ir,242_208.ir,Converted/CSV,BnK_Components,242_208,111,"[""OFF"", ""POWER"", ""MUTE"", ""Unknown"", ""IN_1"", ""Unknown"", ""IN_3"", ""Unknown"", ""IN_8"", ""IN_2"", ""IN_7"", ""Unknown"", ""IN_4"", ""Unknown"", ""IN_5"", ""STA_-"", ""STA_DN"", ""Unknown"", ""STA_+"", ""STA_UP"", ""TUN_-"", ""TUNE_DN"", ""TUN_+"", ""TUNE_UP"", ""CUR_LEFT"", ""CURSOR_LEFT"", ""Unknown"", ""CUR_RIGHT"", ""CURSOR_RIGHT"", ""Unknown"", ""VOL-"", ""VOL_DN"", ""VOL+"", ""VOL+"", ""Unknown"", ""+10"", ""CUR_DOWN"", ""CURSOR_DOWN"", ""Unknown"", ""CUR_UP"", ""CURSOR_UP"", ""Unknown"", ""MENU"", ""ENTER"", ""SEL/ENTER"", ""Unknown"", ""SELECT_ENTER"", ""1"", ""Unknown"", ""2"", ""Unknown"", ""3"", ""Unknown"", ""4"", ""Unknown"", ""5"", ""Unknown"", ""6"", ""Unknown"", ""7"", ""Unknown"", ""8"", ""Unknown"", ""9"", ""Unknown"", ""0"", ""Unknown"", ""ZONE"", ""Unknown"", ""SAVE"", ""Unknown"", ""IN_6"", ""Unknown"", ""PRESET_+"", ""PSET_UP"", ""Unknown"", ""D_IN"", ""Unknown"", ""BASS_-"", ""BASS_DN"", ""Unknown"", ""SOURCE_+"", ""SOURCE_UP"", ""Unknown"", ""IN_9"", ""AM"", ""TREBLE_-"", ""TREB_DN"", ""EXIT"", ""Unknown"", ""FM"", ""POWER_ON/OFF"", ""POWER"", ""Unknown"", ""SOURCE_-"", ""SOURCE_DN"", ""PRESET_-"", ""PSET_DN"", ""Unknown"", ""LOUDNESS"", ""LOUD"", ""Unknown"", ""BASS_+"", ""BASS_UP"", ""M"", ""M_[STM]"", ""TREBLE_+"", ""TREB_UP"", ""Unknown"", ""V+"", ""VIDEO_+""]","[""NECext""]","[""F2 D0 00 00""]",device_family,0.58,"[""modelo/família identificável com conjunto amplo""]","[""modelo de baixa confiança foi tratado como evidência estrutural"", ""muitos nomes compartilham a mesma intenção"", ""nomes de comandos reais não chegaram ao classificador"", ""protocolos reais não chegaram ao classificador"", ""sequência numerada pode indicar codeset ou bruteforce""]","[""50 device_family determinísticos""]"
74b4d717785298d4,_Converted_/CSV/B/BnK_Components/Matrix_Switcher/242_208.ir,242_208.ir,Converted/CSV,BnK_Components,242_208,88,"[""OFF"", ""POWER"", ""MUTE"", ""Unknown"", ""IN_1"", ""Unknown"", ""IN_3"", ""Unknown"", ""IN_8"", ""IN_2"", ""IN_7"", ""Unknown"", ""IN_4"", ""Unknown"", ""IN_5"", ""STA_DN"", ""Unknown"", ""STA_UP"", ""TUNE_DN"", ""TUNE_UP"", ""CURSOR_LEFT"", ""Unknown"", ""CURSOR_RIGHT"", ""Unknown"", ""VOL_DN"", ""VOL+"", ""Unknown"", ""+10"", ""CURSOR_DOWN"", ""Unknown"", ""CURSOR_UP"", ""Unknown"", ""MENU"", ""ENTER"", ""Unknown"", ""SELECT_ENTER"", ""1"", ""Unknown"", ""2"", ""Unknown"", ""3"", ""Unknown"", ""4"", ""Unknown"", ""5"", ""Unknown"", ""6"", ""Unknown"", ""7"", ""Unknown"", ""8"", ""Unknown"", ""9"", ""Unknown"", ""0"", ""Unknown"", ""ZONE"", ""Unknown"", ""SAVE"", ""Unknown"", ""IN_6"", ""Unknown"", ""PSET_UP"", ""Unknown"", ""D_IN"", ""Unknown"", ""BASS_DN"", ""Unknown"", ""SOURCE_UP"", ""Unknown"", ""IN_9"", ""AM"", ""TREB_DN"", ""EXIT"", ""Unknown"", ""FM"", ""POWER"", ""Unknown"", ""SOURCE_DN"", ""PSET_DN"", ""Unknown"", ""LOUD"", ""Unknown"", ""BASS_UP"", ""M_[STM]"", ""TREB_UP"", ""Unknown"", ""VIDEO_+""]","[""NECext""]","[""F2 D0 00 00""]",device_family,0.58,"[""modelo/família identificável com conjunto amplo""]","[""modelo de baixa confiança foi tratado como evidência estrutural"", ""muitos nomes compartilham a mesma intenção"", ""nomes de comandos reais não chegaram ao classificador"", ""protocolos reais não chegaram ao classificador"", ""sequência numerada pode indicar codeset ou bruteforce""]","[""50 device_family determinísticos""]"
d7ec06107618eee6,_Converted_/CSV/B/BnK_Components/Matrix_Switcher/243_192.ir,243_192.ir,Converted/CSV,BnK_Components,243_192,98,"[""OFF"", ""Unknown"", ""016_OFF"", ""POWER_OFF"", ""POWER"", ""Unknown"", ""016_ON"", ""POWER_ON"", ""MUTE"", ""IN_1"", ""Unknown"", ""016_INPUT_1"", ""IN_3"", ""016_INPUT_3"", ""IN_8"", ""IN_2"", ""Unknown"", ""016_INPUT_2"", ""IN_7"", ""016_INPUT_7"", ""IN_4"", ""Unknown"", ""016_INPUT_4"", ""IN_5"", ""Unknown"", ""016_INPUT_5"", ""STA_DN"", ""STATION_-"", ""STA_UP"", ""STATION_+"", ""TUNE_DN"", ""TUNE_-"", ""TUNE_UP"", ""TUNE_+"", ""CURSOR_LEFT"", ""CURSOR_RIGHT"", ""Unknown"", ""VOL_DN"", ""Unknown"", ""016_VOL-"", ""VOL-"", ""VOL+"", ""Unknown"", ""016_VOL+"", ""VOL+"", ""+10"", ""CURSOR_DOWN"", ""CURSOR_UP"", ""Unknown"", ""MENU"", ""ENTER"", ""Unknown"", ""SELECT_ENTER"", ""1"", ""Unknown"", ""2"", ""3"", ""Unknown"", ""4"", ""5"", ""6"", ""7"", ""Unknown"", ""8"", ""Unknown"", ""9"", ""Unknown"", ""90"", ""0"", ""Unknown"", ""ZONE"", ""SAVE"", ""IN_6"", ""016_INPUT_6"", ""Unknown"", ""PSET_UP"", ""D_IN"", ""Unknown"", ""D-IN"", ""BASS_DN"", ""SOURCE_UP"", ""IN_9"", ""AM"", ""TREB_DN"", ""Unknown"", ""EXIT"", ""FM"", ""POWER"", ""SOURCE_DN"", ""PSET_DN"", ""LOUD"", ""Unknown"", ""BASS_UP"", ""Unknown"", ""M_[STM]"", ""TREB_UP"", ""Unknown"", ""VIDEO_+""]","[""NECext""]","[""F3 C0 00 00""]",device_family,0.58,"[""modelo/família identificável com conjunto amplo""]","[""modelo de baixa confiança foi tratado como evidência estrutural"", ""muitos nomes compartilham a mesma intenção"", ""nomes de comandos reais não chegaram ao classificador"", ""protocolos reais não chegaram ao classificador"", ""sequência numerada pode indicar codeset ou bruteforce""]","[""50 device_family determinísticos""]"
80abb4891c85a14c,_Converted_/CSV/B/BnK_Components/Pre-Amplifier/11_79.ir,11_79.ir,Converted/CSV,BnK_Components,11_79,94,"[""OFF"", ""POWER_OFF"", ""POWER"", ""POWER_ON"", ""MUTE"", ""V1"", ""IN_1_VCR"", ""TV"", ""IN_3_TV"", ""IN_8"", ""V2"", ""IN_2_TIVO"", ""TAPE"", ""IN_7_TAPE"", ""DVD"", ""IN_4_DVD"", ""TUNER"", ""CD"", ""IN_5_CD"", ""BAND"", ""CENTER_-"", ""CENTER_+"", ""STA_DN"", ""STA_UP"", ""REAR_-"", ""REAR_+"", ""TUNE-"", ""TUNE_DN"", ""TUNE+"", ""TUNE_UP"", ""SUB_-"", ""SUB_+"", ""CR_LEFT"", ""CURSOR_LEFT"", ""CR_RIGHT"", ""CURSOR_RIGHT"", ""VOL-"", ""VOL+"", ""MODE"", ""10+"", ""EQ"", ""DVD-A"", ""CR_DOWN"", ""CURSOR_DOWN"", ""CR_UP"", ""CURSOR_UP"", ""MENU"", ""ENTER"", ""SELECT"", ""1"", ""2"", ""3"", ""3"", ""4"", ""5"", ""6"", ""6"", ""7"", ""8"", ""9"", ""0"", ""Z"", ""SAVE"", ""SAT"", ""IN_6_SAT"", ""PRESET_+"", ""CHANNEL_+"", ""D_IN"", ""BASS-"", ""BASS_DN"", ""IN_9"", ""AM"", ""AM_TUNER"", ""TREBLE-"", ""TREB_DN"", ""EXIT"", ""THX"", ""FM"", ""FM_MODE"", ""TUNER"", ""MONO"", ""POWER_TOGGLE"", ""PRESET_-"", ""CHANNEL_-"", ""SURR"", ""A_KEY"", ""LOUDNESS"", ""LOUD"", ""STEREO"", ""BASS+"", ""BASS_UP"", ""ST/MONO"", ""TREBLE+"", ""TREB_UP""]","[""NECext""]","[""0B 4F 00 00""]",device_family,0.58,"[""modelo/família identificável com conjunto amplo""]","[""modelo de baixa confiança foi tratado como evidência estrutural"", ""muitos nomes compartilham a mesma intenção"", ""nomes de comandos reais não chegaram ao classificador"", ""protocolos reais não chegaram ao classificador"", ""sequência numerada pode indicar codeset ou bruteforce""]","[""50 device_family determinísticos""]"
c59682b273606773,_Converted_/CSV/B/BnK_Components/Pre-Amplifier/27_78.ir,27_78.ir,Converted/CSV,BnK_Components,27_78,308,"[""OFF"", ""POWER_OFF"", ""POWER_OFF"", ""Z2_OFF"", ""POWER_OFF"", ""BK001_POWER_OFF"", ""POWER"", ""POWER_ON"", ""POWER_ON"", ""Z2_ON"", ""BK001_POWER_ON"", ""MUTE"", ""MUTE"", ""Z2_MUTE"", ""BK001_MUTE"", ""V1"", ""SOURCE_IN_1"", ""Z2_VCR_[V1]"", ""BK001_V1"", ""TV-V3"", ""TV"", ""SOURCE_IN_3"", ""BK001_TV"", ""FX"", ""SOURCE_IN_8"", ""V2"", ""SOURCE_IN_2"", ""Z2_TIVO_[V2]"", ""BK001_V2"", ""TAPE"", ""SOURCE_IN_7"", ""BK001_TAPE"", ""VIDEO_HUE-"", ""VLD"", ""DVD"", ""SOURCE_IN_4"", ""BK001_DVD"", ""TUNER"", ""SOURCE_TUNER"", ""CD"", ""SOURCE_IN_5"", ""Z2_CD"", ""BK001_CD"", ""VIDEO_RECORD"", ""VIDEO_ZOOM_ASPECT"", ""FREQ"", ""TUNER_FREQ_DIRECT"", ""BAND"", ""TUNER_BAND_TOGGLE"", ""VIDEO_FORMAT_EDID"", ""CENTER_LEVEL_-"", ""CENTER_-"", ""AUDIO_CENTER-"", ""CNTR_<"", ""BK001_CENTER-"", ""CENTER_LEVEL_+"", ""CENTER_+"", ""AUDIO_CENTER+"", ""CNTR_+"", ""BK001_CENTER+"", ""STATION_-"", ""TUNER_STATION-"", ""STATION_+"", ""TUNER_STATION+"", ""REAR_LEVEL_-"", ""REAR_-"", ""AUDIO_REAR-"", ""REAR_<"", ""BK001_REAR-"", ""REAR_LEVEL_+"", ""REAR_+"", ""AUDIO_REAR+"", ""REAR_>"", ""BK001_REAR+"", ""TUNE_-"", ""TUNER_TUNE-"", ""TUNE_+"", ""TUNER_TUNE+"", ""SUB_LEVEL_-"", ""SUB_-"", ""AUDIO_SUB-"", ""SUB_<"", ""BK001_SUB-"", ""SUB_LEVEL_+"", ""SUB_+"", ""AUDIO_SUB+"", ""SUB_>"", ""BK001_SUB+"", ""BALANCE_L"", ""CURSOR_LEFT"", ""LEFT"", ""CURSOR_LF"", ""BK001_LEFT"", ""BALANCE_R"", ""CURSOR_RIGHT"", ""RIGHT"", ""CURSOR_RT"", ""BK001_RIGHT"", ""REAR_DELAY_-"", ""REAR_DELAY_+"", ""MASTER_VOL-"", ""VOL-"", ""MASTER_VOLUME-"", ""Z2_VOL_DN"", ""BK001_VOLUME-"", ""MASTER_VOL+"", ""VOL+"", ""MASTER_VOLUME+"", ""Z2_VOL_UP"", ""BK001_VOLUME+"", ""SURROUND_TEST"", ""SURROUND_MODE"", ""A"", ""10+"", ""NUMBER_+10"", ""BK001_NUMBER_+10"", ""B"", ""EQ"", ""AUDIO_EQ(STEP)"", ""BK001_EQ"", ""C"", ""DVD-A"", ""AUDIO_DVD_AUDIO_PCM"", ""BK001_DVD-AUDIO"", ""V"", ""CURSOR_DOWN"", ""TUNE_-"", ""DOWN"", ""CURSOR_DN"", ""BK001_DOWN"", ""^"", ""CURSOR_UP"", ""TUNE_+"", ""UP"", ""BK001_UP"", ""MENU"", ""MENU_-"", ""BK001_MENU"", ""ENTER"", ""SELECT"", ""BK001_ENTER/SELECT"", ""1"", ""NUMBER_1"", ""BK001_NUMBER_1"", ""2"", ""NUMBER_2"", ""BK001_NUMBER_2"", ""3"", ""NUMBER_3"", ""BK001_NUMBER_3"", ""VIDEO_CONTRAST-"", ""4"", ""NUMBER_4"", ""BK001_NUMBER_4"", ""5"", ""5"", ""NUMBER_5"", ""BK001_NUMBER_5"", ""6"", ""EX"", ""NUMBER_6"", ""BK001_NUMBER_6"", ""REVIEW"", ""7"", ""7"", ""NUMBER_7"", ""BK001_NUMBER_7"", ""8"", ""DIRECT"", ""NUMBER_8"", ""BK001_NUMBER_8"", ""9"", ""LTRT"", ""NUMBER_9"", ""BK001_NUMBER_9"", ""DISPLAY"", ""*_(STAR)"", ""0"", ""HEADPHONE"", ""NUMBER_0"", ""BK001_NUMBER_0"", ""#_(POUND)"", ""Z"", ""BK001_Z"", ""SAVE"", ""AUDIO_SAVE"", ""TUNER_SAVE"", ""VIDEO_SAVE"", ""BK001_SAVE"", ""VIDEO_BLOCK_NR"", ""VIDEO_STRETCH+"", ""SAT"", ""SOURCE_IN_6"", ""Z2_SAT"", ""BK001_SAT"", ""BK001_PRESET+"", ""VIDEO_SHARP-"", ""PAN+"", ""BK001_PANORAMA+"", ""VIDEO_STRETCH_2.35"", ""INFORMATION"", ""INFO"", ""BK001_INFO"", ""VIDEO_BRIGHT-"", ""VIDEO_CONTROL_OFF"", ""SOURCE_IN_11"", ""VIDEO_ZOOM+"", ""VIDEO_DETAIL-"", ""VIDEO_LUMA_TRANSIENT"", ""AUDIO_BASS-"", ""BASS<"", ""BK001_BASS-"", ""AUDIO_DOLBY_GAME"", ""DPL"", ""BK001_GAME"", ""SOURCE_IN_9"", ""AUDIO_MOVIE"", ""MOVIE"", ""BK001_MOVIE"", ""TUNER_PREVIOUS"", ""VIDEO_COLOR-"", ""AM_TUNER"", ""TUNER_AM_BAND"", ""AM"", ""Z2_RADIO_[AM]"", ""BK001_AM"", ""SOURCE_IN_14"", ""AUDIO_TREBLE-"", ""TREB<"", ""BK001_TREBLE-"", ""VIDEO_SOURCE-"", ""EXIT"", ""BK001_EXIT"", ""VIDEO_MOSQUITO_NR"", ""BK001_DIMENSION+"", ""VIDEO_STRETCH-"", ""THX"", ""AUDIO_CINEMA"", ""THX"", ""BK001_CINEMA"", ""VIDEO_SHARP+"", ""VIDEO_PREFERENCE"", ""FM_TUNER"", ""TUNER_FM_BAND"", ""FM"", ""Z2_RADIO_[FM]"", ""BK001_FM"", ""VIDEO_PILLAR_BOX_ASP"", ""VIDEO_BRIGHT+"", ""SOURCE_IN_10"", ""VIDEO_ZOOM-"", ""AUDIO_MONO"", ""MONO"", ""BK001_MONO"", ""VIDEO_WIDE_ASPECT"", ""IMG+"", ""BK001_IMAGE+"", ""VIDEO_CHROMA_ENHANCE"", ""TUNER_SEEK+"", ""AUDIO_DTS_NEO:6"", ""NEO_6"", ""BK001_NEO:6"", ""VIDEO_LIP_SYNC+"", ""AUDIO_MUSIC"", ""MUSIC"", ""BK001_MUSIC"", ""VIDEO_SLEEP_TIMER"", ""BK001_SLEEP"", ""VIDEO_COLOR+"", ""SOURCE_IN_13"", ""AUDIO_SOURCE+"", ""VIDEO_TEMPORAL_NR"", ""TUNER_GUIDE"", ""TUNER_SEEK-"", ""BK001_PRESET-"", ""SURR"", ""BK001_SURROUND"", ""PAN__"", ""BK001_PANORAMA-"", ""VIDEO_LIP_SYNC-"", ""AUDIO_LAST_INPUT"", ""VIDEO_CONTRAST+"", ""VIDEO_CONTROL_ON"", ""SOURCE_IN_12"", ""AUDIO_SOURCE-"", ""VIDEO_DETAIL+"", ""VIDEO_ASPECT(STEP)"", ""STEREO"", ""AUDIO_STEREO"", ""STEREO"", ""BK001_STEREO"", ""AUDIO_BASS+"", ""BASS_>"", ""BK001_BASS+"", ""AUDIO_DOLBY_PLIIX"", ""DPLII"", ""BK001_PRO_LOGIC_IIX"", ""TUNER_STEREO_MONO"", ""VIDEO_NO_ASPECT"", ""IMG_-"", ""BK001_IMAGE-"", ""VIDEO_HUE+"", ""AUDIO_PREFERENCE"", ""AUDIO_TREBLE+"", ""TREB>"", ""BK001_TREBLE+"", ""VIDEO_SOURCE+"", ""BK001_DIMENSION-""]","[""NECext""]","[""1B 4E 00 00""]",device_family,0.58,"[""modelo/família identificável com conjunto amplo""]","[""modelo de baixa confiança foi tratado como evidência estrutural"", ""muitos nomes compartilham a mesma intenção"", ""nomes de comandos reais não chegaram ao classificador"", ""protocolos reais não chegaram ao classificador"", ""sequência numerada pode indicar codeset ou bruteforce""]","[""50 device_family determinísticos"", ""50 maiores quantidades de comandos"", ""50 maiores repetições de nomes"", ""50 nomes ou comandos com sequências numéricas""]"
529573af9e11ec50,_Converted_/CSV/B/BnK_Components/Receiver/27_78.ir,27_78.ir,Converted/CSV,BnK_Components,27_78,294,"[""POWER_OFF"", ""BK001_POWER_OFF"", ""POWER_OFF"", ""POWER_ON"", ""POWER_ON"", ""BK001_POWER_ON"", ""POWER_ON"", ""MUTE"", ""00_MUTE"", ""BK001_MUTE"", ""V1"", ""V_1"", ""VIDEO_1"", ""BK001_V1"", ""INPUT_V1"", ""SOURCE_IN_1"", ""TV"", ""BK001_TV"", ""INPUT_TV"", ""SOURCE_IN_3"", ""SOURCE_IN_8"", ""V2"", ""V_2"", ""VIDEO_2"", ""BK001_V2"", ""INPUT_V2"", ""SOURCE_IN_2"", ""TAPE"", ""TAPE_1"", ""BK001_TAPE"", ""INPUT_TAPE"", ""SOURCE_IN_7"", ""VIDEO_HUE-"", ""DVD"", ""BK001_DVD"", ""INPUT_DVD"", ""SOURCE_IN_4"", ""TUNER"", ""INPUT_TUNER"", ""SOURCE_TUNER"", ""CD"", ""BK001_CD"", ""INPUT_CD"", ""SOURCE_IN_5"", ""VIDEO_RECORD"", ""VIDEO_ZOOM_ASPECT"", ""TUNER_FREQ_DIRECT"", ""BAND"", ""TUNER_BAND_TOGGLE"", ""VIDEO_FORMAT_EDID"", ""CENTER_-"", ""CENTER_--"", ""CNTR_-"", ""BK001_CENTER-"", ""CENTER_DOWN"", ""AUDIO_CENTER-"", ""CENTER_+"", ""CNTR_+"", ""BK001_CENTER+"", ""CENTER_UP"", ""AUDIO_CENTER+"", ""PRESET_DOWN"", ""TUNER_STATION-"", ""PRESET_UP"", ""TUNER_STATION+"", ""REAR_-"", ""BK001_REAR-"", ""REAR_DOWN"", ""AUDIO_REAR-"", ""REAR_+"", ""BK001_REAR+"", ""REAR_UP"", ""AUDIO_REAR+"", ""TUNE_-"", ""TUNER_TUNE-"", ""TUNE_+"", ""TUNER_TUNE+"", ""SUB_-"", ""BK001_SUB-"", ""SUB_DOWN"", ""AUDIO_SUB-"", ""SUB_+"", ""BK001_SUB+"", ""SUB_UP"", ""AUDIO_SUB+"", ""MENU_LEFT"", ""BK001_LEFT"", ""BALANCE_L"", ""LEFT"", ""MENU_RIGHT"", ""BK001_RIGHT"", ""BALANCE_R"", ""RIGHT"", ""DELAY_-"", ""DELAY_DOWN"", ""DELAY_+"", ""DELAY_UP"", ""VOL-"", ""00_VOL-"", ""BK001_VOLUME-"", ""MASTER_VOLUME-"", ""VOL+"", ""00_VOL+"", ""BK001_VOLUME+"", ""MASTER_VOLUME+"", ""TEST"", ""MODE"", ""A"", ""BK001_NUMBER_+10"", ""NUMBER_+10"", ""EQ"", ""BK001_EQ"", ""AUDIO_EQ(STEP)"", ""DVD-A"", ""BK001_DVD-AUDIO"", ""AUDIO_DVD_AUDIO_PCM"", ""MENU_DOWN"", ""BK001_DOWN"", ""CURSOR_DOWN"", ""DOWN"", ""MENU_UP"", ""BK001_UP"", ""CURSOR_UP"", ""UP"", ""MENU"", ""BK001_MENU"", ""ENTER"", ""SELECT"", ""BK001_ENTER/SELECT"", ""1"", ""BK001_NUMBER_1"", ""NUMBER_1"", ""2"", ""BK001_NUMBER_2"", ""NUMBER_2"", ""3"", ""BK001_NUMBER_3"", ""NUMBER_3"", ""VIDEO_CONTRAST-"", ""4"", ""BK001_NUMBER_4"", ""NUMBER_4"", ""5"", ""BK001_NUMBER_5"", ""NUMBER_5"", ""6"", ""BK001_NUMBER_6"", ""NUMBER_6"", ""7"", ""BK001_NUMBER_7"", ""NUMBER_7"", ""8"", ""BK001_NUMBER_8"", ""NUMBER_8"", ""9"", ""9"", ""BK001_NUMBER_9"", ""NUMBER_9"", ""*"", ""0"", ""BK001_NUMBER_0"", ""NUMBER_0"", ""Z"", ""BK001_Z"", ""SAVE"", ""BK001_SAVE"", ""AUDIO_SAVE"", ""TUNER_SAVE"", ""VIDEO_SAVE"", ""VIDEO_BLOCK_NR"", ""VIDEO_STRETCH+"", ""SAT"", ""BK001_SAT"", ""INPUT_SAT"", ""SOURCE_IN_6"", ""PRESET"", ""BK001_PRESET+"", ""VIDEO_SHARP-"", ""PAN_+"", ""BK001_PANORAMA+"", ""VIDEO_STRETCH_2.35"", ""BK001_INFO"", ""INFORMATION"", ""VIDEO_BRIGHT-"", ""VIDEO_CONTROL_OFF"", ""SOURCE_IN_11"", ""VIDEO_ZOOM+"", ""VIDEO_DETAIL-"", ""VIDEO_LUMA_TRANSIENT"", ""BASS_--"", ""BASS_-"", ""BK001_BASS-"", ""AUDIO_BASS-"", ""DPL"", ""BK001_GAME"", ""AUDIO_DOLBY_GAME"", ""SOURCE_IN_9"", ""MOVIE"", ""MOVIE_PG_3"", ""BK001_MOVIE"", ""AUDIO_MOVIE"", ""TUNER_PREVIOUS"", ""VIDEO_COLOR-"", ""AM"", ""BK001_AM"", ""TUNER_AM_BAND"", ""SOURCE_IN_14"", ""TREBLE_-"", ""TREB_-"", ""BK001_TREBLE-"", ""AUDIO_TREBLE-"", ""VIDEO_SOURCE-"", ""BK001_EXIT"", ""EXIT"", ""VIDEO_MOSQUITO_NR"", ""DIM_+"", ""BK001_DIMENSION+"", ""VIDEO_STRETCH-"", ""THX"", ""BK001_CINEMA"", ""AUDIO_CINEMA"", ""VIDEO_SHARP+"", ""VIDEO_PREFERENCE"", ""FM"", ""FM"", ""BK001_FM"", ""TUNER_FM_BAND"", ""VIDEO_PILLAR_BOX_ASP"", ""VIDEO_BRIGHT+"", ""SOURCE_IN_10"", ""VIDEO_ZOOM-"", ""MONO"", ""BK001_MONO"", ""AUDIO_MONO"", ""VIDEO_WIDE_ASPECT"", ""IMG_+"", ""BK001_IMAGE+"", ""VIDEO_CHROMA_ENHANCE"", ""TUNER_SEEK+"", ""NEO:6"", ""NEO_6"", ""BK001_NEO:6"", ""AUDIO_DTS_NEO:6"", ""VIDEO_LIP_SYNC+"", ""MUSIC"", ""MUSIC_PG_3"", ""BK001_MUSIC"", ""AUDIO_MUSIC"", ""BK001_SLEEP"", ""VIDEO_SLEEP_TIMER"", ""VIDEO_COLOR+"", ""SOURCE_IN_13"", ""AUDIO_SOURCE+"", ""VIDEO_TEMPORAL_NR"", ""TUNER_GUIDE"", ""TUNER_SEEK-"", ""BK001_PRESET-"", ""SURR"", ""BK001_SURROUND"", ""PAN_-"", ""BK001_PANORAMA-"", ""VIDEO_LIP_SYNC-"", ""AUDIO_LAST_INPUT"", ""VIDEO_CONTRAST+"", ""VIDEO_CONTROL_ON"", ""SOURCE_IN_12"", ""AUDIO_SOURCE-"", ""VIDEO_DETAIL+"", ""VIDEO_ASPECT(STEP)"", ""STEREO"", ""BK001_STEREO"", ""AUDIO_STEREO"", ""BASS_+"", ""BK001_BASS+"", ""AUDIO_BASS+"", ""DPLII"", ""DPL_II"", ""BK001_PRO_LOGIC_IIX"", ""AUDIO_DOLBY_PLIIX"", ""TUNER_STEREO_MONO"", ""VIDEO_NO_ASPECT"", ""IMG_--"", ""IMG_-"", ""BK001_IMAGE-"", ""VIDEO_HUE+"", ""AUDIO_PREFERENCE"", ""TREBLE_+"", ""TREB_+"", ""BK001_TREBLE+"", ""AUDIO_TREBLE+"", ""VIDEO_SOURCE+"", ""DIM_--"", ""DIM_-"", ""BK001_DIMENSION-""]","[""NECext""]","[""1B 4E 00 00""]",device_family,0.58,"[""modelo/família identificável com conjunto amplo""]","[""modelo de baixa confiança foi tratado como evidência estrutural"", ""muitos nomes compartilham a mesma intenção"", ""nomes de comandos reais não chegaram ao classificador"", ""protocolos reais não chegaram ao classificador"", ""sequência numerada pode indicar codeset ou bruteforce""]","[""50 device_family determinísticos"", ""50 maiores quantidades de comandos"", ""50 nomes ou comandos com sequências numéricas""]"
5a7b046a9f269299,_Converted_/CSV/B/BnK_Components/Surround_Processor/27_78.ir,27_78.ir,Converted/CSV,BnK_Components,27_78,98,"[""POWER_OFF"", ""Z2_OFF"", ""POWER_OFF"", ""POWER_ON"", ""Z2_ON"", ""MUTE"", ""MUTE"", ""Z2_MUTE"", ""V1"", ""Z2_VCR_[V1]"", ""TV"", ""V3"", ""V2"", ""Z2_TIVO_[V2]"", ""TAPE"", ""DVD"", ""FM_INPUT"", ""CD"", ""Z2_CD"", ""CENTER_-"", ""CNTR_<"", ""CENTER_+"", ""CNTR_+"", ""REAR_-"", ""REAR_<"", ""REAR_+"", ""REAR_>"", ""SUB_-"", ""SUB_<"", ""SUB_+"", ""SUB_>"", ""CURSOR_LEFT"", ""CURSOR_LF"", ""CURSOR_RIGHT"", ""CURSOR_RT"", ""VOL-"", ""Z2_VOL_DN"", ""VOL+"", ""Z2_VOL_UP"", ""10+"", ""EQ"", ""DVD-A"", ""CURSOR_DOWN"", ""TUNE_-"", ""CURSOR_DN"", ""CURSOR_UP"", ""TUNE_+"", ""MENU"", ""MENU_-"", ""ENTER"", ""SELECT"", ""1"", ""2"", ""3"", ""4"", ""5"", ""5"", ""6"", ""EX"", ""7"", ""7"", ""8"", ""DIRECT"", ""9"", ""LTRT"", ""0"", ""HEADPHONE"", ""Z"", ""SAVE"", ""SAT"", ""Z2_SAT"", ""PAN+"", ""INFO"", ""BASS<"", ""DPL"", ""MOVIE"", ""AM_TUNER"", ""AM"", ""Z2_RADIO_[AM]"", ""TREB<"", ""EXIT"", ""THX"", ""THX"", ""FM_TUNER"", ""FM"", ""Z2_RADIO_[FM]"", ""MONO"", ""IMG+"", ""NEO_6"", ""MUSIC"", ""SURR"", ""PAN__"", ""STEREO"", ""STEREO"", ""BASS_>"", ""DPLII"", ""IMG_-"", ""TREB>""]","[""NECext""]","[""1B 4E 00 00""]",device_family,0.58,"[""modelo/família identificável com conjunto amplo""]","[""modelo de baixa confiança foi tratado como evidência estrutural"", ""muitos nomes compartilham a mesma intenção"", ""nomes de comandos reais não chegaram ao classificador"", ""protocolos reais não chegaram ao classificador"", ""sequência numerada pode indicar codeset ou bruteforce""]","[""50 device_family determinísticos""]"
aef5d52a15e3b82b,_Converted_/CSV/B/Bose/Lifestyle/186_160.ir,186_160.ir,Converted/CSV,Bose,186_160,151,"[""MUTE"", ""MUTE_TOGGLE"", ""MUTE"", ""MUTE_TOGGLE"", ""VOLYM_-"", ""VOL-"", ""VOL-"", ""VOLUME_DOWN"", ""VOLYM_+"", ""VOL+"", ""VOL+"", ""VOLUME_UP"", ""AM"", ""FM"", ""FM/AM_TOGGLE"", ""FM-AM"", ""FM/AM_TOGGLE"", ""VCR"", ""VCR_1"", ""VCR"", ""TV"", ""TV"", ""AUX"", ""AUX"", ""CBL/SAT"", ""SAT"", ""CBL-SAT"", ""CBL/SAT"", ""CH_-"", ""TRACK_DOWN"", ""TCPC_DOWN"", ""TRK/CHPTR/PRE/DWN"", ""TRACK/CH./PRE_DOWN"", ""CH_+"", ""TRACK_UP"", ""TCPC_UP"", ""TRK/CHPTR/PRESET/UP"", ""TRACK/CH./PRE._UP"", ""STOPP"", ""STOP"", ""STOP"", ""CURSOR_NER"", ""ARROW_DOWN"", ""ARROW_DOWN"", ""FM_ASSERT"", ""AM_ASSERT"", ""EXIT"", ""EXIT"", ""0"", ""0"", ""1"", ""1"", ""2"", ""2"", ""3"", ""3"", ""4"", ""4"", ""5"", ""5"", ""6"", ""6"", ""7"", ""7"", ""8"", ""8"", ""9"", ""9"", ""POWER_ON_OFF"", ""POWER_TOGGLE"", ""POWER"", ""POWER_ON/OFF"", ""MUTE_ALL"", ""MUTE_ALL_TOGGLE"", ""MUTE_ALL"", ""MUTE_ALL_TOGGLE"", ""CD_DVD"", ""CD/DVD"", ""CD-DVD"", ""CD/DVD"", ""PLAY"", ""PLAY"", ""PAUSE"", ""PAUSE_TOGGLE"", ""PAUSE"", ""PAUSE_TOGGLE"", ""SEARCH_<<"", ""SCAN_<<"", ""I<<_SEEK"", ""SEEK/SCAN<<"", ""SEARCH_>>"", ""SCAN_>>"", "">>I_SEEK"", ""SEEK/SCAN_>>"", ""FM"", ""SHUFFLE"", ""SHUFFLE"", ""GER"", ""ARROW_RIGHT"", ""ARROW_RIGHT"", ""CD#"", ""CD_#"", ""CD_#"", ""INFO"", ""INFO"", ""ENCORE"", ""ENCORE"", ""SIMILAR_(ENCOR)"", ""UMUSIC"", ""UMUSIC"", ""WHOLE_CD"", ""WHOLE_CD"", ""UM_-"", ""RATING_-"", ""RATING_-"", ""UM_+"", ""RATING_+"", ""RATING_+"", ""SYSTEM"", ""SYSTEM"", ""SETTING"", ""SETTINGS"", ""SETTINGS"", ""POWER_ON"", ""POWER_ON_ASSERT"", ""DVD_MENY"", ""DVD_MENU"", ""DVD_MENU"", ""REPEAT"", ""REPEAT"", ""PLAYLIST"", ""PLAYLIST"", ""NSTER"", ""ARROW_LEFT"", ""ARROW_LEFT"", ""LIBARY"", ""LIBRARY"", ""LIBRARY"", ""STORED_MUSIC"", ""STORED"", ""STORED"", ""CURSOR_UPP"", ""ARROW_UP"", ""ARROW_UP"", ""POWER_OFF"", ""POWER_OFF_ASSERT"", ""GUIDE"", ""GUIDE"", ""CURSOR_ENTER"", ""ENTER"", ""ENTER""]","[""NECext""]","[""BA A0 00 00""]",device_family,0.58,"[""modelo/família identificável com conjunto amplo""]","[""modelo de baixa confiança foi tratado como evidência estrutural"", ""muitos nomes compartilham a mesma intenção"", ""nomes de comandos reais não chegaram ao classificador"", ""protocolos reais não chegaram ao classificador"", ""sequência numerada pode indicar codeset ou bruteforce""]","[""50 device_family determinísticos"", ""50 maiores repetições de nomes""]"
ccc4bb5385c46a64,_Converted_/CSV/B/Bose/Lifestyle/186_177.ir,186_177.ir,Converted/CSV,Bose,186_177,96,"[""MUTE_TOGGLE"", ""MUTE_TOGGLE"", ""VOL-"", ""VOL-"", ""VOL+"", ""VOL+"", ""FM/AM_TOGGLE"", ""FM/AM_TOGGLE"", ""VCR_1"", ""VCR"", ""TV"", ""TV"", ""AUX"", ""AUX"", ""CBL/SAT"", ""CBL/SAT"", ""TRACK/CH./PRE._DOWN"", ""TCPC_UP"", ""TRACK/CH./PRE._UP"", ""STOP"", ""STOP"", ""ARROW_DOWN"", ""FM_ASSERT"", ""AM_ASSERT"", ""EXIT"", ""PAUSE_ASSERT"", ""0"", ""0"", ""1"", ""1"", ""2"", ""2"", ""3"", ""3"", ""4"", ""4"", ""5"", ""5"", ""6"", ""6"", ""7"", ""7"", ""8"", ""8"", ""9"", ""9"", ""POWER_TOGGLE"", ""POWER_ON/OFF"", ""MUTE_ALL_TOGGLE"", ""MUTE_ALL_TOGGLE"", ""CD/DVD"", ""CD/DVD"", ""PLAY"", ""PLAY"", ""PAUSE_TOGGLE"", ""PAUSE_TOGGLE"", ""SCAN_<<"", ""SEEK/SCAN_<<"", ""SCAN_>>"", ""SEEK/SCAN_>>"", ""SHUFFLE"", ""SHUFFLE"", ""ARROW_RIGHT"", ""CD_#"", ""CD_#"", ""INFO"", ""ENCORE"", ""SIMILAR_(ENCORE)"", ""UMUSIC"", ""UMUSIC"", ""WHOLE_CD"", ""WHOLE_CD"", ""RATING_-"", ""RATING_-"", ""RATING_+"", ""RATING_+"", ""SYSTEM"", ""SETTINGS"", ""POWER_ON_ASSERT"", ""DVD_MENU"", ""REPEAT"", ""TCPC_DOWN"", ""REPEAT"", ""PLAYLIST"", ""PLAYLIST"", ""ARROW_LEFT"", ""LIBRARY"", ""STORED"", ""STORED"", ""ARROW_UP"", ""POWER_OFF_ASSERT"", ""MUTE_ALL_ASSERT"", ""GUIDE"", ""ENTER"", ""LOCAL_SOURCE"", ""MUTE_ASSERT""]","[""NECext""]","[""BA B1 00 00""]",device_family,0.58,"[""modelo/família identificável com conjunto amplo""]","[""modelo de baixa confiança foi tratado como evidência estrutural"", ""muitos nomes compartilham a mesma intenção"", ""nomes de comandos reais não chegaram ao classificador"", ""protocolos reais não chegaram ao classificador"", ""sequência numerada pode indicar codeset ou bruteforce""]","[""50 device_family determinísticos""]"
355f9559daf1114f,_Converted_/CSV/B/Bose/Lifestyle/186_178.ir,186_178.ir,Converted/CSV,Bose,186_178,97,"[""MUTE_TOGGLE"", ""MUTE_TOGGLE"", ""VOL-"", ""VOL-"", ""VOL+"", ""VOL+"", ""FM/AM_TOGGLE"", ""FM/AM_TOGGLE"", ""VCR_1"", ""VCR"", ""TV"", ""TV"", ""AUX"", ""AUX"", ""CBL/SAT"", ""CBL/SAT"", ""TCPC_DOWN"", ""TRACK/CH./PRE._DOWN"", ""TCPC_UP"", ""TRACK/CH./PRE._UP"", ""STOP"", ""STOP"", ""ARROW_DOWN"", ""FM_ASSERT"", ""AM_ASSERT"", ""EXIT"", ""PAUSE_ASSERT"", ""0"", ""0"", ""1"", ""1"", ""2"", ""2"", ""3"", ""3"", ""4"", ""4"", ""5"", ""5"", ""6"", ""7"", ""6"", ""7"", ""8"", ""8"", ""9"", ""9"", ""POWER_TOGGLE"", ""POWER_ON/OFF"", ""MUTE_ALL_TOGGLE"", ""MUTE_ALL_TOGGLE"", ""CD/DVD"", ""CD/DVD"", ""PLAY"", ""PLAY"", ""PAUSE_TOGGLE"", ""PAUSE_TOGGLE"", ""SCAN_<<"", ""SEEK/SCAN_<<"", ""SCAN_>>"", ""SEEK/SCAN_>>"", ""SHUFFLE"", ""SHUFFLE"", ""ARROW_RIGHT"", ""CD_#"", ""CD_#"", ""INFO"", ""ENCORE"", ""SIMILAR_(ENCORE)"", ""UMUSIC"", ""UMUSIC"", ""WHOLE_CD"", ""WHOLE_CD"", ""RATING_-"", ""RATING_-"", ""RATING_+"", ""RATING_+"", ""SYSTEM"", ""SETTINGS"", ""POWER_ON_ASSERT"", ""DVD_MENU"", ""REPEAT"", ""REPEAT"", ""PLAYLIST"", ""PLAYLIST"", ""ARROW_LEFT"", ""LIBRARY"", ""STORED"", ""STORED"", ""ARROW_UP"", ""POWER_OFF_ASSERT"", ""MUTE_ALL_ASSERT"", ""GUIDE"", ""ENTER"", ""LOCAL_SOURCE_2"", ""LOCAL_SOURCE"", ""MUTE_ASSERT""]","[""NECext""]","[""BA B2 00 00""]",device_family,0.58,"[""modelo/família identificável com conjunto amplo""]","[""modelo de baixa confiança foi tratado como evidência estrutural"", ""muitos nomes compartilham a mesma intenção"", ""nomes de comandos reais não chegaram ao classificador"", ""protocolos reais não chegaram ao classificador"", ""sequência numerada pode indicar codeset ou bruteforce""]","[""50 device_family determinísticos""]"
7fab29e992be432d,_Converted_/CSV/B/Bose/Lifestyle/186_179.ir,186_179.ir,Converted/CSV,Bose,186_179,95,"[""MUTE_TOGGLE"", ""MUTE_TOGGLE"", ""VOL-"", ""VOL-"", ""VOL+"", ""VOL+"", ""FM/AM_TOGGLE"", ""FM/AM_TOGGLE"", ""VCR_1"", ""VCR"", ""TV"", ""AUX"", ""AUX"", ""CBL/SAT"", ""CBL/SAT"", ""TCPC_DOWN"", ""TRACK/CH./PRE._DOWN"", ""TCPC_UP"", ""TRACK/CH./PRE._UP"", ""STOP"", ""STOP"", ""ARROW_DOWN"", ""FM_ASSERT"", ""AM_ASSERT"", ""EXIT"", ""PAUSE_ASSERT"", ""0"", ""0"", ""1"", ""1"", ""2"", ""2"", ""3"", ""3"", ""4"", ""4"", ""5"", ""5"", ""6"", ""6"", ""7"", ""7"", ""8"", ""8"", ""9"", ""9"", ""POWER_TOGGLE"", ""POWER_ON/OFF"", ""MUTE_ALL_TOGGLE"", ""MUTE_ALL_TOGGLE"", ""CD/DVD"", ""CD/DVD"", ""PLAY"", ""PLAY"", ""PAUSE_TOGGLE"", ""PAUSE_TOGGLE"", ""SCAN_<<"", ""SEEK/SCAN_<<"", ""SCAN_>>"", ""SEEK/SCAN_>>"", ""SHUFFLE"", ""SHUFFLE"", ""ARROW_RIGHT"", ""CD_#"", ""CD_#"", ""INFO"", ""ENCORE"", ""SIMILAR_(ENCORE)"", ""UMUSIC"", ""UMUSIC"", ""WHOLE_CD"", ""WHOLE_CD"", ""RATING_-"", ""RATING_-"", ""RATING_+"", ""RATING_+"", ""SYSTEM"", ""SETTINGS"", ""POWER_ON_ASSERT"", ""DVD_MENU"", ""REPEAT"", ""REPEAT"", ""PLAYLIST"", ""PLAYLIST"", ""ARROW_LEFT"", ""LIBRARY"", ""STORED"", ""STORED"", ""ARROW_UP"", ""POWER_OFF_ASSERT"", ""MUTE_ALL_ASSERT"", ""GUIDE"", ""ENTER"", ""LOCAL_SOURCE"", ""MUTE_ASSERT""]","[""NECext""]","[""BA B3 00 00""]",device_family,0.58,"[""modelo/família identificável com conjunto amplo""]","[""modelo de baixa confiança foi tratado como evidência estrutural"", ""muitos nomes compartilham a mesma intenção"", ""nomes de comandos reais não chegaram ao classificador"", ""protocolos reais não chegaram ao classificador"", ""sequência numerada pode indicar codeset ou bruteforce""]","[""50 device_family determinísticos""]"
175ff832b2d7180f,_Converted_/CSV/B/Bose/Lifestyle/186_180.ir,186_180.ir,Converted/CSV,Bose,186_180,96,"[""MUTE_TOGGLE"", ""MUTE_TOGGLE"", ""VOL-"", ""VOL-"", ""VOL+"", ""VOL+"", ""FM/AM_TOGGLE"", ""FM/AM_TOGGLE"", ""VCR_1"", ""VCR"", ""TV"", ""TV"", ""AUX"", ""AUX"", ""CBL/SAT"", ""CBL/SAT"", ""TCPC_DOWN"", ""TRACK/CH./PRE._DOWN"", ""TCPC_UP"", ""TRACK/CH./PRE._UP"", ""STOP"", ""STOP"", ""ARROW_DOWN"", ""FM_ASSERT"", ""AM_ASSERT"", ""EXIT"", ""PAUSE_ASSERT"", ""0"", ""0"", ""1"", ""1"", ""2"", ""2"", ""3"", ""3"", ""4"", ""4"", ""5"", ""5"", ""6"", ""6"", ""7"", ""7"", ""8"", ""8"", ""9"", ""9"", ""POWER_TOGGLE"", ""POWER_ON/OFF"", ""MUTE_ALL_TOGGLE"", ""MUTE_ALL_TOGGLE"", ""CD/DVD"", ""CD/DVD"", ""PLAY"", ""PLAY"", ""PAUSE_TOGGLE"", ""PAUSE_TOGGLE"", ""SCAN_<<"", ""SEEK/SCAN_<<"", ""SCAN_>>"", ""SEEK/SCAN_>>"", ""SHUFFLE"", ""SHUFFLE"", ""ARROW_RIGHT"", ""CD_#"", ""CD_#"", ""INFO"", ""ENCORE"", ""SIMILAR_(ENCORE)"", ""UMUSIC"", ""UMUSIC"", ""WHOLE_CD"", ""WHOLE_CD"", ""RATING_-"", ""RATING_-"", ""RATING_+"", ""RATING_+"", ""SYSTEM"", ""SETTINGS"", ""POWER_ON_ASSERT"", ""DVD_MENU"", ""REPEAT"", ""REPEAT"", ""PLAYLIST"", ""PLAYLIST"", ""ARROW_LEFT"", ""LIBRARY"", ""STORED"", ""STORED"", ""ARROW_UP"", ""POWER_OFF_ASSERT"", ""MUTE_ALL_ASSERT"", ""GUIDE"", ""ENTER"", ""LOCAL_SOURCE"", ""MUTE_ASSERT""]","[""NECext""]","[""BA B4 00 00""]",device_family,0.58,"[""modelo/família identificável com conjunto amplo""]","[""modelo de baixa confiança foi tratado como evidência estrutural"", ""muitos nomes compartilham a mesma intenção"", ""nomes de comandos reais não chegaram ao classificador"", ""protocolos reais não chegaram ao classificador"", ""sequência numerada pode indicar codeset ou bruteforce""]","[""50 device_family determinísticos""]"
2b712ad3cb940596,_Converted_/CSV/B/Bose/Receiver/186_75.ir,186_75.ir,Converted/CSV,Bose,186_75,134,"[""MUTE"", ""MUTE"", ""VOL-"", ""VOL_-"", ""VOL+"", ""VOL_+"", ""INPUT_-_AM"", ""INP_-_AMFM"", ""AM/FM"", ""IPOD"", ""USB"", ""FRONT_HDMI"", ""FRONT_AV"", ""VCR"", ""INP_-_TV"", ""TV"", ""TV"", ""INP_-_AUX"", ""AUX"", ""IN_2"", ""IN_3"", ""LAST_CHANNEL"", ""INP_-_CBL"", ""SAT"", ""CABLE"", ""CBL/SAT"", ""IN_4"", ""CHAP/TRK_-"", ""CHANNEL_-"", ""CH_-"", ""CHAP/TRK_+"", ""CHANNEL_+"", ""CH_+"", ""TRANS_-_STOP"", ""STOP"", ""STOP"", ""ARROW_DOWN"", ""CURSOR_DOWN"", ""FM"", ""FM"", ""AM"", ""AM"", ""EXIT"", ""MENU"", ""EXIT"", ""0"", ""0"", ""1"", ""1"", ""2"", ""2"", ""3"", ""3"", ""4"", ""4"", ""5"", ""5"", ""6"", ""6"", ""7"", ""7"", ""8"", ""8"", ""9"", ""9"", ""POWER"", ""POWER_OFF"", ""POWER"", ""MUTE_ALL"", ""IN_5"", ""INP_-_CDDVD"", ""DVD"", ""CD/DVD"", ""TRANS_-_PLAY"", ""PLAY"", ""PLAY"", ""TRANS_-_PAUSE"", ""PAUSE"", ""PAUSE"", ""TRANS_-_SEEK_<<"", ""SEEK_-"", ""SEEK/SCAN_<<"", ""REV"", ""TRANS_-_SEEK_>>"", ""SEEK_+"", ""SEEK/SCAN_>>"", ""FF"", ""INPUT_-_FM"", ""REPLAY"", ""SKIP"", ""SHUFFLE"", ""SHUFFLE"", ""ARROW_RIGHT"", ""CURSOR_RIGHT"", ""CD_#"", ""INFO"", ""ENCORE"", ""UMUSIC"", ""WHOLE_CD"", ""PG_DN"", ""RATING_-"", ""PAGE_-"", ""PG_UP"", ""RATING_+"", ""PAGE_+"", ""SYSTEM"", ""SYSTEM"", ""SETTINGS"", ""MORE"", ""POWER_ON"", ""POWER"", ""MENU"", ""DVD_MENU"", ""DVD_MENU"", ""REPEAT"", ""REPEAT"", ""PLAYLIST"", ""ARROW_LEFT"", ""CURSOR_LEFT"", ""ZOOM"", ""LIBRARY"", ""STORED"", ""IN_1"", ""ARROW_UP"", ""CURSOR_UP"", ""POWER_OFF"", ""OFF"", ""GUIDE"", ""SOURCE"", ""ASPECT_RATIO"", ""ENTER"", ""CURSOR_ENTER"", ""NET_1"", ""NET_2""]","[""NECext""]","[""BA 4B 00 00""]",device_family,0.58,"[""modelo/família identificável com conjunto amplo""]","[""modelo de baixa confiança foi tratado como evidência estrutural"", ""muitos nomes compartilham a mesma intenção"", ""nomes de comandos reais não chegaram ao classificador"", ""protocolos reais não chegaram ao classificador"", ""sequência numerada pode indicar codeset ou bruteforce""]","[""50 device_family determinísticos""]"
7f72cf4576bf4882,_Converted_/CSV/C/Calypso/Control_System/17_-1.ir,17_-1.ir,Converted/CSV,Calypso,17_-1,48,"[""CT_018"", ""CT_019"", ""CT_020"", ""CT_021"", ""CT_022"", ""CT_023"", ""CT_024"", ""CT_025"", ""CT_026"", ""CT_029"", ""CT_011"", ""CT_002"", ""CT_003"", ""CT_001"", ""CT_004"", ""CT_033"", ""CT_010"", ""CT_017"", ""CT_027"", ""CT_038"", ""CT_028"", ""CT_037"", ""CT_032"", ""CT_005"", ""CT_008"", ""CT_009"", ""CT_034"", ""CT_081"", ""CT_006"", ""CT_007"", ""CT_042"", ""CT_041"", ""CT_040"", ""CT_043"", ""CT_044"", ""CT_045"", ""CT_046"", ""CT_047"", ""CT_035"", ""CT_031"", ""CT_030"", ""CT_039"", ""CT_036"", ""CT_014"", ""CT_015"", ""CT_012"", ""CT_013"", ""CT_016""]","[""NECext""]","[""11 00 00 00""]",specific_device,0.72,"[""modelo identificável e conjunto coerente""]","[""modelo de baixa confiança foi tratado como evidência estrutural"", ""muitos nomes compartilham a mesma intenção"", ""nomes de comandos reais não chegaram ao classificador"", ""protocolos reais não chegaram ao classificador"", ""sequência numerada pode indicar codeset ou bruteforce""]","[""50 nomes ou comandos com sequências numéricas""]"
8795d0018271c1c5,_Converted_/CSV/C/Calypso/Control_System/1_-1.ir,1_-1.ir,Converted/CSV,Calypso,1_-1,48,"[""CT_065"", ""CT_066"", ""CT_067"", ""CT_068"", ""CT_069"", ""CT_070"", ""CT_071"", ""CT_072"", ""CT_073"", ""CT_064"", ""CT_074"", ""CT_055"", ""CT_053"", ""CT_054"", ""CT_049"", ""CT_050"", ""CT_051"", ""CT_048"", ""CT_079"", ""CT_075"", ""CT_080"", ""CT_076"", ""CT_093"", ""CT_060"", ""CT_059"", ""CT_057"", ""CT_052"", ""CT_082"", ""CT_083"", ""CT_085"", ""CT_094"", ""CT_095"", ""CT_096"", ""CT_086"", ""CT_087"", ""CT_091"", ""CT_089"", ""CT_088"", ""CT_092"", ""CT_090"", ""CT_056"", ""CT_058"", ""CT_063"", ""CT_084"", ""CT_061"", ""CT_062"", ""CT_077"", ""CT_078""]","[""NECext""]","[""01 00 00 00""]",specific_device,0.72,"[""modelo identificável e conjunto coerente""]","[""modelo de baixa confiança foi tratado como evidência estrutural"", ""muitos nomes compartilham a mesma intenção"", ""nomes de comandos reais não chegaram ao classificador"", ""protocolos reais não chegaram ao classificador"", ""sequência numerada pode indicar codeset ou bruteforce""]","[""50 nomes ou comandos com sequências numéricas""]"
642de0a3255f051b,_Converted_/CSV/C/Classe_Audio/SACD/20_-1.ir,20_-1.ir,Converted/CSV,Classe_Audio,20_-1,72,"[""0_T0"", ""0_T1"", ""1_T0"", ""1_T1"", ""2_T0"", ""2_T1"", ""3_T0"", ""3_T1"", ""4_T0"", ""4_T1"", ""5_T0"", ""5_T1"", ""6_T0"", ""6_T1"", ""7_T0"", ""7_T1"", ""8_T0"", ""8_T1"", ""9_T0"", ""9_T1"", "">10_T0"", "">10_T1"", ""DISP_ON/OFF_T0"", ""DISP_ON/OFF_T1"", ""SRC_T0"", ""SRC_T1"", ""SAMPLE_RATE_T0"", ""SAMPLE_RATE_T1"", ""DISP_TIME_T0"", ""DISP_TIME_T1"", ""INPUT_T0"", ""INPUT_T1"", ""LOAD_T0"", ""LOAD_T1"", ""CHECK_T0"", ""CHECK_T1"", ""CONT_T0"", ""CONT_T1"", ""SHUFFLE_T0"", ""SHUFFLE_T1"", ""REPEAT_T0"", ""REPEAT_T1"", ""NEXT_T0"", ""NEXT_T1"", ""PREV_T0"", ""PREV_T1"", ""INDEX>_T0"", ""INDEX>_T1"", ""<INDEX_T0"", ""<INDEX_T1"", ""PROG_T0"", ""PROG_T1"", ""SACD/CD_T0"", ""SACD/CD_T1"", ""PAUSE_T0"", ""PAUSE_T1"", ""'PAUSE_T0"", ""'PAUSE_T1"", ""<<_T0"", ""<<_T1"", "">>_T0"", "">>_T1"", ""PLAY_T0"", ""PLAY_T1"", ""STOP_T0"", ""STOP_T1"", ""STOP_T2"", ""STOP_T3"", ""CLEAR_T0"", ""CLEAR_T1"", ""A-B_T0"", ""A-B_T1""]","[""NECext""]","[""14 00 00 00""]",specific_device,0.72,"[""modelo identificável e conjunto coerente""]","[""modelo de baixa confiança foi tratado como evidência estrutural"", ""muitos nomes compartilham a mesma intenção"", ""nomes de comandos reais não chegaram ao classificador"", ""protocolos reais não chegaram ao classificador""]","[""50 maiores repetições de nomes""]"
b54726e04ced0285,_Converted_/CSV/C/Classe_Audio/Surround_Processor/116_-1.ir,116_-1.ir,Converted/CSV,Classe_Audio,116_-1,174,"[""TAPE_MON_TOGGLE_T0"", ""TAPE_MON_TOGGLE_T1"", ""INPUT1_T0"", ""INPUT1_T1"", ""INPUT2_T0"", ""INPUT2_T1"", ""INPUT3_T0"", ""INPUT3_T1"", ""INPUT4_T0"", ""INPUT4_T1"", ""INPUT5_T0"", ""INPUT5_T1"", ""INPUT6_T0"", ""INPUT6_T1"", ""INPUT7_T0"", ""INPUT7_T1"", ""INPUT8_T0"", ""INPUT8_T1"", ""INPUT_UP_T0"", ""INPUT_UP_T1"", ""INPUT_DOWN_T0"", ""INPUT_DOWN_T1"", ""STANDBY_TOGGLE_T0"", ""STANDBY_TOGGLE_T1"", ""INFO_T0"", ""INFO_T1"", ""DISPLAY_T0"", ""DISPLAY_T1"", ""THX_T0"", ""THX_T1"", ""LATE_NIGHT_TOGGLE_T0"", ""LATE_NIGHT_TOGGLE_T1"", ""ZONE_T0"", ""ZONE_T1"", ""TRIM_T0"", ""TRIM_T1"", ""MODE_T0"", ""MODE_T1"", ""MENU_T0"", ""MENU_T1"", ""HOME_T0"", ""HOME_T1"", ""NAVIGATE_UP_T0"", ""NAVIGATE_UP_T1"", ""NAVIGATE_DOWN_T0"", ""NAVIGATE_DOWN_T1"", ""NAVIGATE_LEFT_T0"", ""NAVIGATE_LEFT_T1"", ""NAVIGATE_RIGHT_T0"", ""NAVIGATE_RIGHT_T1"", ""ENTER_T0"", ""ENTER_T1"", ""INPUT9_T0"", ""INPUT9_T1"", ""INPUT10_T0"", ""INPUT10_T1"", ""INPUT11_(7.1)_T0"", ""INPUT11_(7.1)_T1"", ""INPUT12_(TAPE)_T0"", ""INPUT12_(TAPE)_T1"", ""ZONE_MUTE_T0"", ""ZONE_MUTE_T1"", ""ZONE_UNMUTE_T0"", ""ZONE_UNMUTE_T1"", ""ZONE_MUTE_TOGGLE_T0"", ""ZONE_MUTE_TOGGLE_T1"", ""ZONE_VOL_UP_T0"", ""ZONE_VOL_UP_T1"", ""ZONE_VOL_DOWN_T0"", ""ZONE_VOL_DOWN_T1"", ""OPERATE_T0"", ""OPERATE_T1"", ""STANDBY_T0"", ""STANDBY_T1"", ""TAPE_MON_ON_T0"", ""TAPE_MON_ON_T1"", ""TAPE_MON_OFF_T0"", ""TAPE_MON_OFF_T1"", ""THX_ON_T0"", ""THX_ON_T1"", ""THX_OFF_T0"", ""THX_OFF_T1"", ""LATE_NIGHT_ON_T0"", ""LATE_NIGHT_ON_T1"", ""LATE_NIGHT_OFF_T0"", ""LATE_NIGHT_OFF_T1"", ""TRIM_FRONT_T0"", ""TRIM_FRONT_T1"", ""TRIM_CENTER_T0"", ""TRIM_CENTER_T1"", ""TRIM_SURR_T0"", ""TRIM_SURR_T1"", ""TRIM_SUB_T0"", ""TRIM_SUB_T1"", ""ZONE_INPUT_1_T0"", ""ZONE_INPUT_1_T1"", ""ZONE_INPUT_2_T0"", ""ZONE_INPUT_2_T1"", ""ZONE_INPUT_3_T0"", ""ZONE_INPUT_3_T1"", ""ZONE_INPUT_4_T0"", ""ZONE_INPUT_4_T1"", ""ZONE_INPUT_5_T0"", ""ZONE_INPUT_5_T1"", ""ZONE_INPUT_6_T0"", ""ZONE_INPUT_6_T1"", ""ZONE_INPUT_7_T0"", ""ZONE_INPUT_7_T1"", ""ZONE_INPUT_8_T0"", ""ZONE_INPUT_8_T1"", ""ZONE_INPUT_9_T0"", ""ZONE_INPUT_9_T1"", ""ZONE_INPUT_10_T0"", ""ZONE_INPUT_10_T1"", ""LISTEN.POS.1_T0"", ""LISTEN.POS.1_T1"", ""LISTEN.POS.2_T0"", ""LISTEN.POS.2_T1"", ""LISTEN.POS.3_T0"", ""LISTEN.POS.3_T1"", ""LISTEN.POS.4_T0"", ""LISTEN.POS.4_T1"", ""MULTI_T0"", ""MULTI_T1"", ""MULTI+THX_T0"", ""MULTI+THX_T1"", ""DOLBY_PRO_LOGIC_T0"", ""DOLBY_PRO_LOGIE_T1"", ""DOLBY_PL+THX_T0"", ""DOLBY_PL+THX_T1"", ""MM_NAT_T0"", ""MM_NAT_T1"", ""MM_PARTY_T0"", ""MM_PARTY_T1"", ""MONO_T0"", ""MONO_T1"", ""MONO+THX_T0"", ""MONO+THX_T1"", ""SURR._6.1_T0"", ""SURR._6.1_T1"", ""STEREO_T0"", ""STEREO_T1"", ""STEREO+THX_T0"", ""STEREO+THX_T1"", ""DOLBY_PLII_MOVIE_T0"", ""DOLBY_PLII_MOVIE_T1"", ""DPLII_M+THX_T0"", ""DPLII_M+THX_T1"", ""DPLII_MUZ_T0"", ""DPLII_MUZ_T1"", ""DOLBY_DIGITAL_EX_T0"", ""DOLBY_DIGITAL_EX_T1"", ""THX_ULTRA_2_MUSIC_T0"", ""THX_ULTRA_2_MUSIC_T1"", ""THX_ULTRA_2_CIN_T0"", ""THX_ULTRA_2_CIN_T1"", ""THX_SURR_EX_T0"", ""THX_SURR_EX_T1"", ""DTS_NEO6_T0"", ""DTS_NEO6_T1"", ""DTS_NEO6+T_T0"", ""DTS_NEO6+T_T1"", ""DTS_NEO6_CIN_T0"", ""DTS_NEO6_CIN_T1"", ""D_NEO6_CIN+T_T0"", ""D_NEO6_CIN+T_T1"", ""DTS_NEO6_MUZ_T0"", ""DTS_NEO6_MUZ_T1"", ""DTS_MTX6_T0"", ""DTS_MTX6_T1"", ""DTS_MTX6+T_T0"", ""DTS_MTX6+T_T1"", ""STEREO_24/96_T0"", ""STEREO_24/96_T1""]","[""NECext""]","[""74 00 00 00""]",device_family,0.58,"[""modelo/família identificável com conjunto amplo""]","[""modelo de baixa confiança foi tratado como evidência estrutural"", ""muitos nomes compartilham a mesma intenção"", ""nomes de comandos reais não chegaram ao classificador"", ""protocolos reais não chegaram ao classificador""]","[""50 device_family determinísticos"", ""50 maiores repetições de nomes""]"
0aa4d10e304af0d6,_Converted_/CSV/C/Classe_Audio/Surround_Processor/25_-1.ir,25_-1.ir,Converted/CSV,Classe_Audio,25_-1,126,"[""A.CAL_T0"", ""A.CAL_T1"", ""STANDBY_T0"", ""STANDBY_T1"", ""MUTE_T0"", ""MUTE_T1"", ""SLEEP_T0"", ""SLEEP_T1"", ""DISPLAY_T0"", ""DISPLAY_T1"", ""DIM_T0"", ""DIM_T1"", ""DISP_T0"", ""DISP_T1"", ""VOL+_T0"", ""VOL+_T1"", ""VOL-_T0"", ""VOL-_T1"", ""AUD5_T0"", ""AUD5_T1"", ""AUD6_T0"", ""AUD6_T1"", ""AUD1_T0"", ""AUD1_T1"", ""AUD2_T0"", ""AUD2_T1"", ""AUD3_T0"", ""AUD3_T1"", ""AUD4_T0"", ""AUD4_T1"", ""EX_7.1_T0"", ""EX_7.1_T1"", ""TAPE_T0"", ""TAPE_T1"", ""PATH_T0"", ""PATH_T1"", ""RECALL_T0"", ""RECALL_T1"", ""MEMORY_T0"", ""MEMORY_T1"", ""STORE_T0"", ""STORE_T1"", ""MODE>_T0"", ""MODE>_T1"", ""MODE_T0"", ""MODE_T1"", ""MODE_R_T0"", ""MODE_R_T1"", ""MENU_T0"", ""MENU_T1"", ""UP_T0"", ""UP_T1"", ""LEFT_T0"", ""LEFT_T1"", ""RIGHT_T0"", ""RIGHT_T1"", ""MENU_T0"", ""MENU_T1"", ""DOWN_T0"", ""DOWN_T1"", ""ENTER_T0"", ""ENTER_T1"", ""CANCEL_T0"", ""CANCEL_T1"", ""VIDEO_L_T0"", ""VIDEO_L_T1"", ""VIDEO_R_T0"", ""VIDEO_R_T1"", ""AUDIO_L_T0"", ""AUDIO_L_T1"", ""AUDIO_R_T0"", ""AUDIO_R_T1"", ""LEFT_FRONT_T0"", ""LEFT_FRONT_T1"", ""RIGHT_FRONT_T0"", ""RIGHT_FRONT_T1"", ""L_SURR_T0"", ""L_SURR_T1"", ""R_SURR_T0"", ""R_SURR_T1"", ""AV1_T0"", ""AV1_T1"", ""AV2_T0"", ""AV2_T1"", ""AV3_T0"", ""AV3_T1"", ""AV4_T0"", ""AV4_T1"", ""AV5_T0"", ""AV5_T1"", ""AV6_T0"", ""AV6_T1"", ""SUB+_T0"", ""SUB+_T1"", ""TRIM+_T0"", ""TRIM+_T1"", ""ZONE_T0"", ""ZONE_T1"", ""<MODE_T0"", ""<MODE_T1"", ""CAL_T0"", ""CAL_T1"", ""MODE_L_T0"", ""MODE_L_T1"", ""THX_T0"", ""THX_T1"", ""SUB_T0"", ""SUB_T1"", ""CENTER_T0"", ""CENTER_T1"", ""AUTO_T0"", ""AUTO_T1"", ""TRIM_T0"", ""TRIM_T1"", ""COMPR_T0"", ""COMPR_T1"", ""COMP_T0"", ""COMP_T1"", ""TRIM_T0"", ""TRIM_T1"", ""SUB-_T0"", ""SUB-_T1"", ""TRIM-_T0"", ""TRIM-_T1"", ""STATUS_T0"", ""STATUS_T1""]","[""NECext""]","[""19 00 00 00""]",device_family,0.58,"[""modelo/família identificável com conjunto amplo""]","[""modelo de baixa confiança foi tratado como evidência estrutural"", ""muitos nomes compartilham a mesma intenção"", ""nomes de comandos reais não chegaram ao classificador"", ""protocolos reais não chegaram ao classificador""]","[""50 device_family determinísticos"", ""50 maiores repetições de nomes""]"
6e6643d85a2aa221,_Converted_/CSV/C/Classe_Audio/Surround_Sound/116_-1.ir,116_-1.ir,Converted/CSV,Classe_Audio,116_-1,174,"[""TAPE_MON_TOGGLE_T0"", ""TAPE_MON_TOGGLE_T1"", ""INPUT1_T0"", ""INPUT1_T1"", ""INPUT2_T0"", ""INPUT2_T1"", ""INPUT3_T0"", ""INPUT3_T1"", ""INPUT4_T0"", ""INPUT4_T1"", ""INPUT5_T0"", ""INPUT5_T1"", ""INPUT6_T0"", ""INPUT6_T1"", ""INPUT7_T0"", ""INPUT7_T1"", ""INPUT8_T0"", ""INPUT8_T1"", ""INPUT_UP_T0"", ""INPUT_UP_T1"", ""INPUT_DOWN_T0"", ""INPUT_DOWN_T1"", ""STANDBY_TOGGLE_T0"", ""STANDBY_TOGGLE_T1"", ""INFO_T0"", ""INFO_T1"", ""DISPLAY_T0"", ""DISPLAY_T1"", ""THX_T0"", ""THX_T1"", ""LATE_NIGHT_TOGGLE_T0"", ""LATE_NIGHT_TOGGLE_T1"", ""ZONE_T0"", ""ZONE_T1"", ""TRIM_T0"", ""TRIM_T1"", ""MODE_T0"", ""MODE_T1"", ""MENU_T0"", ""MENU_T1"", ""HOME_T0"", ""HOME_T1"", ""NAVIGATE_UP_T0"", ""NAVIGATE_UP_T1"", ""NAVIGATE_DOWN_T0"", ""NAVIGATE_DOWN_T1"", ""NAVIGATE_LEFT_T0"", ""NAVIGATE_LEFT_T1"", ""NAVIGATE_RIGHT_T0"", ""NAVIGATE_RIGHT_T1"", ""ENTER_T0"", ""ENTER_T1"", ""INPUT9_T0"", ""INPUT9_T1"", ""INPUT10_T0"", ""INPUT10_T1"", ""INPUT11_(7.1)_T0"", ""INPUT11_(7.1)_T1"", ""INPUT12_(TAPE)_T0"", ""INPUT12_(TAPE)_T1"", ""ZONE_MUTE_T0"", ""ZONE_MUTE_T1"", ""ZONE_UNMUTE_T0"", ""ZONE_UNMUTE_T1"", ""ZONE_MUTE_TOGGLE_T0"", ""ZONE_MUTE_TOGGLE_T1"", ""ZONE_VOL_UP_T0"", ""ZONE_VOL_UP_T1"", ""ZONE_VOL_DOWN_T0"", ""ZONE_VOL_DOWN_T1"", ""OPERATE_T0"", ""OPERATE_T1"", ""STANDBY_T0"", ""STANDBY_T1"", ""TAPE_MON_ON_T0"", ""TAPE_MON_ON_T1"", ""TAPE_MON_OFF_T0"", ""TAPE_MON_OFF_T1"", ""THX_ON_T0"", ""THX_ON_T1"", ""THX_OFF_T0"", ""THX_OFF_T1"", ""LATE_NIGHT_ON_T0"", ""LATE_NIGHT_ON_T1"", ""LATE_NIGHT_OFF_T0"", ""LATE_NIGHT_OFF_T1"", ""TRIM_FRONT_T0"", ""TRIM_FRONT_T1"", ""TRIM_CENTER_T0"", ""TRIM_CENTER_T1"", ""TRIM_SURR_T0"", ""TRIM_SURR_T1"", ""TRIM_SUB_T0"", ""TRIM_SUB_T1"", ""ZONE_INPUT_1_T0"", ""ZONE_INPUT_1_T1"", ""ZONE_INPUT_2_T0"", ""ZONE_INPUT_2_T1"", ""ZONE_INPUT_3_T0"", ""ZONE_INPUT_3_T1"", ""ZONE_INPUT_4_T0"", ""ZONE_INPUT_4_T1"", ""ZONE_INPUT_5_T0"", ""ZONE_INPUT_5_T1"", ""ZONE_INPUT_6_T0"", ""ZONE_INPUT_6_T1"", ""ZONE_INPUT_7_T0"", ""ZONE_INPUT_7_T1"", ""ZONE_INPUT_8_T0"", ""ZONE_INPUT_8_T1"", ""ZONE_INPUT_9_T0"", ""ZONE_INPUT_9_T1"", ""ZONE_INPUT_10_T0"", ""ZONE_INPUT_10_T1"", ""LISTEN.POS.1_T0"", ""LISTEN.POS.1_T1"", ""LISTEN.POS.2_T0"", ""LISTEN.POS.2_T1"", ""LISTEN.POS.3_T0"", ""LISTEN.POS.3_T1"", ""LISTEN.POS.4_T0"", ""LISTEN.POS.4_T1"", ""MULTI_T0"", ""MULTI_T1"", ""MULTI+THX_T0"", ""MULTI+THX_T1"", ""DOLBY_PRO_LOGIC_T0"", ""DOLBY_PRO_LOGIE_T1"", ""DOLBY_PL+THX_T0"", ""DOLBY_PL+THX_T1"", ""MM_NAT_T0"", ""MM_NAT_T1"", ""MM_PARTY_T0"", ""MM_PARTY_T1"", ""MONO_T0"", ""MONO_T1"", ""MONO+THX_T0"", ""MONO+THX_T1"", ""SURR._6.1_T0"", ""SURR._6.1_T1"", ""STEREO_T0"", ""STEREO_T1"", ""STEREO+THX_T0"", ""STEREO+THX_T1"", ""DOLBY_PLII_MOVIE_T0"", ""DOLBY_PLII_MOVIE_T1"", ""DPLII_M+THX_T0"", ""DPLII_M+THX_T1"", ""DPLII_MUZ_T0"", ""DPLII_MUZ_T1"", ""DOLBY_DIGITAL_EX_T0"", ""DOLBY_DIGITAL_EX_T1"", ""THX_ULTRA_2_MUSIC_T0"", ""THX_ULTRA_2_MUSIC_T1"", ""THX_ULTRA_2_CIN_T0"", ""THX_ULTRA_2_CIN_T1"", ""THX_SURR_EX_T0"", ""THX_SURR_EX_T1"", ""DTS_NEO6_T0"", ""DTS_NEO6_T1"", ""DTS_NEO6+T_T0"", ""DTS_NEO6+T_T1"", ""DTS_NEO6_CIN_T0"", ""DTS_NEO6_CIN_T1"", ""D_NEO6_CIN+T_T0"", ""D_NEO6_CIN+T_T1"", ""DTS_NEO6_MUZ_T0"", ""DTS_NEO6_MUZ_T1"", ""DTS_MTX6_T0"", ""DTS_MTX6_T1"", ""DTS_MTX6+T_T0"", ""DTS_MTX6+T_T1"", ""STEREO_24/96_T0"", ""STEREO_24/96_T1""]","[""NECext""]","[""74 00 00 00""]",device_family,0.58,"[""modelo/família identificável com conjunto amplo""]","[""modelo de baixa confiança foi tratado como evidência estrutural"", ""muitos nomes compartilham a mesma intenção"", ""nomes de comandos reais não chegaram ao classificador"", ""protocolos reais não chegaram ao classificador""]","[""50 device_family determinísticos"", ""50 maiores repetições de nomes""]"
14fdbb45a6818168,_Converted_/CSV/C/Comcast/Cable_Box/0_-1.ir,0_-1.ir,Converted/CSV,Comcast,0_-1,89,"[""0"", ""Unknown"", ""ON_DEMAND"", ""1"", ""ON_DEMAND"", ""PPV"", ""2"", ""PPV"", ""PPV_INFO"", ""C"", ""3"", ""4"", ""5"", ""6"", ""7"", ""8"", ""9"", ""Unknown"", ""POWER"", ""CH+"", ""CHANNEL_+"", ""CH_DN"", ""CHANNEL_-"", ""ENTER"", ""ENTER_/_MUSIC"", ""ENTER_#PAD"", ""OK/SELECT"", ""Unknown"", ""SELECT"", ""OK_/_SELECT"", ""ENTER"", ""EXIT"", ""LAST"", ""INPUT_TV/VCR"", ""TV/VCR"", ""FAV"", ""A"", ""MENU"", ""PLAY"", ""PLAY"", ""STOP"", ""STOP"", ""FF"", ""FFWD"", ""FF"", ""FAST_FOWARD"", ""RW"", ""REWIND"", ""REW"", ""REW"", ""PAUSE"", ""PAUSE"", ""TUNER_JUMP"", ""SWAP"", ""GUIDE"", ""RECORD"", ""HELP["", ""HELP"", ""INFO"", ""UP"", ""ARROW_UP"", ""CURSOR_UP"", ""DN"", ""ARROW_DOWN"", ""CURSOR_DOWN"", ""DOWN"", ""LEFT"", ""ARROW_LEFT"", ""CURSOR_LEFT"", ""RIGHT"", ""ARROW_RIGHT"", ""CURSOR_RIGHT"", ""PLAY"", ""STOP"", ""PAGE_UP"", ""PAGE_DOWN"", ""PAGE_+"", ""PAGE_DN"", ""PAGE_UP"", ""PAGE_-"", ""PAGE_DOWN"", ""REPLAY"", ""REPLAY"", ""MY_DVR"", ""LIVE_TV"", ""LIVE"", ""30_SECOND_SKIP"", ""SKIP_30_SECONDS"", ""ENTER""]","[""NECext""]","[""00 00 00 00""]",device_family,0.58,"[""modelo/família identificável com conjunto amplo""]","[""modelo de baixa confiança foi tratado como evidência estrutural"", ""muitos nomes compartilham a mesma intenção"", ""nomes de comandos reais não chegaram ao classificador"", ""protocolos reais não chegaram ao classificador"", ""sequência numerada pode indicar codeset ou bruteforce""]","[""50 device_family determinísticos""]"
ec0ecd36f5e82021,_Converted_/CSV/D/DVDO/Scaler/132_32.ir,132_32.ir,Converted/CSV,DVDO,132_32,94,"[""INPUT_ADJUST"", ""UP"", ""MENU_UP"", ""CURSOR_UP"", ""DN"", ""MENU_DOWN"", ""CURSOR_DOWN"", ""SVID_2"", ""S-VIDEO_2"", ""SVIDEO_2"", ""INPUT_S-VIDEO_2"", ""LFT"", ""MENU_LEFT"", ""CURSOR_LEFT"", ""PAN"", ""CURTAIN"", ""VIDE_2"", ""VIDEO_2"", ""INPUT_VIDEO_2"", ""ENTER"", ""MENU_SELECT_/_ENTE"", ""CURSOR_ENTER"", ""ZOOM"", ""OUTPUT_SETUP"", ""0"", ""SDI"", ""INPUT_SDI"", ""3"", ""TEST_PATTERN_RIGHT"", ""TEST_PATTERN_>"", ""CONFIG"", ""CONFIGURATION"", ""RT"", ""MENU_RIGHT"", ""CURSOR_RIGHT"", ""COMP_2"", ""COMP_2"", ""COMPONENT_2"", ""INPUT_COMPONENT_2"", ""2"", ""4"", ""6"", ""5"", ""PICTURE_CONTROL"", ""1"", ""TEST_PATTERN_LEFT"", ""TEST_PATTERN_<"", ""9"", ""8"", ""7"", ""INFO"", ""TEST_PATTERNS"", ""TEST_PATTERN_ON/OFF"", ""POWER"", ""POWER_(ON)"", ""MENU"", ""EXIT"", ""4:3"", ""LBX"", ""16:9"", ""PRESET"", ""PASSTHRU"", ""VIDEO_1"", ""INPUT_VIDEO_1"", ""AUTO"", ""AUTO_INPUT"", ""INPUT_AUTO"", ""DVI"", ""SVID_1"", ""S-VIDEO_1"", ""SVIDEO_1"", ""INPUT_S-VIDEO_1"", ""COMP_1"", ""COMPONENT_1"", ""INPUT_COMPONENT_1"", ""DISPLAY_PROFILES"", ""DISPLAY_PROPERTIES"", ""VIEWING_MODES"", ""INPUT_ASPECT_RATIO"", ""TEST_PATTERN_ON/OFF"", ""BORDER"", ""CROP"", ""ASPECT"", ""HDMI_1"", ""INPUT_HDMI_1"", ""HDMI_2"", ""INPUT_HDMI_2"", ""HDMI_3"", ""INPUT_HDMI_3"", ""HDMI_4"", ""INPUT_HDMI_4"", ""RGBHV"", ""INPUT_RGBHV"", ""STANDBY""]","[""NECext""]","[""84 20 00 00""]",device_family,0.58,"[""modelo/família identificável com conjunto amplo""]","[""modelo de baixa confiança foi tratado como evidência estrutural"", ""muitos nomes compartilham a mesma intenção"", ""nomes de comandos reais não chegaram ao classificador"", ""protocolos reais não chegaram ao classificador"", ""sequência numerada pode indicar codeset ou bruteforce""]","[""50 device_family determinísticos""]"
8e88a68da9d5002f,_Converted_/CSV/D/Denon/Amplifier/2_-1.ir,2_-1.ir,Converted/CSV,Denon,2_-1,99,"[""PHONO"", ""CD"", ""TUNER"", ""AUX/VIDEO-1"", ""AUX/VIDEO-2"", ""MUTING"", ""VOL-"", ""VOL+"", ""POWER"", ""TAPE_MONITOR"", ""TAPE-1/1>2"", ""TAPE-2/2>1"", ""PHONO"", ""CD"", ""TUNER"", ""AUX"", ""MUTING"", ""VOLUME_V"", ""VOLUME_^"", ""AMP_POWER"", ""SOURCE_DIRECT"", ""TAPE-1"", ""TAPE-2"", ""SP-A"", ""SP-B"", ""SURR.AUT.BAL"", ""AMP_POWER"", ""POWER"", ""AMP_PHONO"", ""AMP_CD"", ""CD"", ""AMP_TUNER"", ""TUNER"", ""AUX"", ""AMP_DBS/BS"", ""DBS/BS"", ""TV"", ""AMP_VDP"", ""VDP"", ""AMP_V.AUX"", ""V.AUX"", ""AMP_VCR-1"", ""VCR-1"", ""AMP_VCR-2"", ""VCR-2"", ""AMP_DAT/TAPE-1"", ""TAPE-1"", ""AMP_DAT/TAPE-2"", ""DAT/TAPE-2"", ""AMP_CINEMA"", ""CINEMA"", ""AMP_VIDEO_SELECT"", ""VIDEO_SELECT"", ""AMP_A.V.S.E"", ""A.V.S.E"", ""AMP_REC_SELECT"", ""AUDIO_REC_SELECT"", ""AMP_PANEL"", ""PANEL"", ""AMP_SCREEN"", ""ON_SCREEN"", ""AMP_CENTER_MODE"", ""SURROUND_CENTER"", ""AMP_SURR.MODE"", ""SURROUND_MODE"", ""AMP_BYPASS"", ""AMP_DELAY_V"", ""SURR.DELAY_V"", ""AMP_DELAY_^"", ""SURR.DELAY_^"", ""AMP_T.TONE"", ""SURR./PARAM.T.TONE"", ""3CH_LOGIC"", ""AMP_CENTER"", ""OUTPUT_CENTER"", ""AMP_REAR"", ""OUTPUT_REAR"", ""AMP_SP-A"", ""OUTPUT_FRONT"", ""AMP_SP-B"", ""AMP_MUTING"", ""MUTING"", ""AMP_MASTER_VOL_^"", ""MASTER_^"", ""AMP_MASTER_VOL_V"", ""MASTER_V"", ""AMP_REAR_^"", ""SURR.REAR_^"", ""AMP_REAR_V"", ""SURR.REAR_V"", ""AMP_CENTER_^"", ""SURR.CENTER_^"", ""AMP_CENTER_V"", ""SURR.CENTER_V"", ""AMP_BALANCE_<"", ""SURR.BAL_<"", ""AMP_BALANCE_>"", ""SURR.BAL_>"", ""AMP_VDP_DIRECT""]","[""NECext""]","[""02 00 00 00""]",device_family,0.58,"[""modelo/família identificável com conjunto amplo""]","[""modelo de baixa confiança foi tratado como evidência estrutural"", ""muitos nomes compartilham a mesma intenção"", ""nomes de comandos reais não chegaram ao classificador"", ""protocolos reais não chegaram ao classificador"", ""sequência numerada pode indicar codeset ou bruteforce""]","[""50 device_family determinísticos""]"
95696ae2737f0410,_Converted_/CSV/D/Denon/CD_Player/8_-1.ir,8_-1.ir,Converted/CSV,Denon,8_-1,159,"[""DOWN"", ""0"", ""Unknown"", ""0"", ""1"", ""1_TRACK_NUMBER"", ""0/10"", ""2"", ""2_TRACK_NUMBER"", ""1"", ""3"", ""3_TRACK_NUMBER"", ""2"", ""4"", ""4_TRACK_NUMBER"", ""5"", ""5_TRACK_NUMBER"", ""6"", ""6_TRACK_NUMBER"", ""7"", ""7_TRACK_NUMBER"", ""8"", ""8_TRACK_NUMBER"", ""9"", ""9_TRACK_NUMBER"", ""Unknown"", ""10"", ""0"", ""10_TRACK_NUMBER"", ""+10"", ""10+"", ""+10_TRACK_NUMBER"", ""PROG/DIRECT"", ""PROGRAM"", ""Unknown"", ""PROGRAM"", ""PROG"", ""PROGRAM/DIRECT"", ""VOL+"", ""VOLUME_^"", ""VOLUME+"", ""VOL-"", ""VOLUME_V"", ""VOLUME-"", ""OPEN/CLOSE"", ""EJECT"", ""CLEAR"", ""FT_FILE_CLEAR"", ""CALL"", ""Unknown"", ""CHECK"", ""TIME"", ""TIME_MODE"", ""TIME/TEXT"", ""REPEAT"", ""REPEAT_ALL"", ""ALL"", ""A-B"", ""A-B_REPEAT"", ""INDEX"", ""DIRECT"", ""CONTINUE"", ""SKIP_>>"", ""TRACK_>>"", ""NEXT"", ""SKIP_>>"", ""SKIP_FWD_>>"", "">>I"", ""AUTO_SEARCH_>>"", ""TRACK_+"", ""SKIP_<<"", ""TRACK_<<"", ""PREV."", ""SKIP_<<"", ""SKIP_REW_<<"", ""I<<"", ""AUTO_SEARCH_<<"", ""TRACK_-"", ""SEARCH_>>"", ""SCAN_>>"", ""Unknown"", "">>"", ""SCAN_+"", ""FFWD_>>"", ""SEARCH_<<"", ""SCAN_<<"", ""<<"", ""SCAN_-"", ""REW_<<"", ""PLAY"", ""PLAY_>"", ""PAUSE"", ""PAUSE_"", ""STOP"", ""STOP_[]"", ""TIME_SEARCH"", ""AUTO_SPACE"", ""Unknown"", ""AUTO_SPACE"", ""Unknown"", ""A_SPACE"", ""REPEAT_1"", ""DISC_SELECT"", ""AUTO_EDIT"", ""DISC_1"", ""1_DISC_NUMBER"", ""1_DISC_NO/STORE_NO"", ""DISC_2"", ""2_DISC_NUMBER"", ""2_DISC_NO/STORE_NO"", ""DISC_3"", ""3_DISC_NUMBER"", ""3_DISC_NO/STORE_NO"", ""DISC_4"", ""4_DISC_NUMBER"", ""4_DISC_NO/STORE_NO"", ""DISC_5"", ""5_DISC_NUMBER"", ""5_DISC_NO/STORE_NO"", ""DISC_6"", ""6_DISC_NUMBER"", ""6_DISC_NO/STORE_NO"", ""RANDOM"", ""SHUFFLE"", ""RAMDOM"", ""DISC_SKIP_+"", ""DISC_+"", ""DISC_-"", ""DISC_SKIP"", ""DISC_SKIP+"", ""DISC_SKIP_UP"", ""TRACK_>>"", ""FILE"", ""FILE-FT_FILE"", ""STORE"", ""RECALL"", ""DISC_SKIP_-"", ""DISC_-"", ""DISC_SKIP-"", ""DISC_SKIP_DN"", ""TRACK_<<"", ""POWER_ON"", ""DISPLAY"", ""DISPLAY_SELECT"", ""FADER"", ""PITCH_+"", ""PITCH_-"", ""ENTER"", ""POWER_OFF"", ""GROUP"", ""UP"", ""POWER_OFF"", ""SINGLE"", ""MULTI"", ""ZONE_1"", ""ZONE_2"", ""LEFT"", ""RIGHT"", ""TRACK/CAPS""]","[""NECext""]","[""08 00 00 00""]",device_family,0.58,"[""modelo/família identificável com conjunto amplo""]","[""modelo de baixa confiança foi tratado como evidência estrutural"", ""muitos nomes compartilham a mesma intenção"", ""nomes de comandos reais não chegaram ao classificador"", ""protocolos reais não chegaram ao classificador"", ""sequência numerada pode indicar codeset ou bruteforce""]","[""50 device_family determinísticos""]"
84e5fb62ab536901,_Converted_/CSV/D/Denon/DVD_Player/8_-1.ir,8_-1.ir,Converted/CSV,Denon,8_-1,179,"[""SACD_SETUP"", ""SASC_SETUP"", ""SUPER_AUDIO_CD"", ""SUPER_AUDIO_CD_SETUP"", ""SUPER_AUDIO_CD_SET"", ""0"", ""6"", ""1"", ""2"", ""3"", ""4"", ""Unknown"", ""Unknown"", ""5"", ""6"", ""7"", ""8"", ""9"", ""+10"", ""10"", "">=_10"", "">10"", ""SUBTITLE"", ""Unknown"", ""Unknown"", ""AUDIO_MODE"", ""AUDIO"", ""ANGLE"", ""OPEN/CLOSE"", ""MENU"", ""RETURN"", ""EXIT"", ""REAPEAT"", ""REPEAT"", ""SKIP_+"", ""SKIP_FORWARD"", ""SKIP>>"", ""SKIP_>>"", ""NEXT_TRACK"", ""SKIP_>>I"", ""FRAME_>>"", ""SKIP>>I"", ""TRACK_>>"", ""SKIP_-"", ""SKIP_REVERSE"", ""SKIP<<"", ""NEXT"", ""SKIP_<<"", ""PREVIOUS_TRACK"", ""SKIP_I<<"", ""FRAME_<<"", ""I<<SKIP"", ""<<SKIP"", ""Unknown"", ""TRACK_<<"", ""FAST_FORWARD"", ""SLOW/FAST_FORWARD"", ""SLOW>"", ""PREVIOUS"", ""SHUTTLE_FORWARD"", ""SEARCH_>>"", ""SEARCH_>>_SLOW"", ""Unknown"", ""SLOW_MOTION_+"", "">>"", ""SCAN_>>"", ""FRAME_>>"", ""FF"", ""SLOW>>"", "">>>"", ""FWD"", ""SKIP_>>"", ""REWIND"", ""SLOW/FAST_REVERSE"", ""SLOW<"", ""SHUTTLE_REVERSE"", ""SLOW/FAST_FORWARD"", ""SEARCH_<<"", ""SEARCH_<<_SLOW"", ""SLOW_MOTION_-"", ""<<"", ""SCAN_<<"", ""FRAME_<<"", ""REW"", ""<<SLOW"", ""<<<"", ""REV"", ""SKIP_<<"", ""MODE"", ""SLOW/FAST_REVERSE"", ""PAUSE"", ""PAUSE/STILL"", ""STILL/PAUSE"", ""PAUSE"", ""PLAY"", ""PLAY_>"", ""STOP"", ""PROGRAM/DIRECT"", ""PROG/DIR."", ""PROG/DIRECT"", ""PROG/DIR"", ""PROGRAM/DIR"", ""PROG./DIRECT"", ""CLEAR"", ""DISC_1"", ""DISC_2"", ""DISC_3"", ""DISPLAY"", ""Unknown"", ""INFO"", ""DISC_4"", ""DISC_5"", ""Unknown"", ""RANDOM"", ""DISC_SKIP"", ""CURSOR_UP"", ""UP"", ""C-UP"", ""MENU_UP"", ""CURSER_UP"", ""C_UP"", ""UP_ARROW"", ""CURSOR_DOWN"", ""DOWN"", ""CURSOR_DN"", ""C-DOWN"", ""MENU_DOWN"", ""CURSER_DN"", ""C_DN"", ""DN"", ""Unknown"", ""DOWN_ARROW"", ""CURSOR_RIGHT"", ""RIGHT"", ""CURSOR_RT"", ""C-RT"", ""MENU_RIGHT"", ""CURSER_RT"", ""C_RT"", ""RIGHT_ARROW"", ""CURSOR_LEFT"", ""LEFT"", ""CURSOR_LF"", ""C-LF"", ""MENU_LEFT"", ""CURSER_LEFT"", ""C_LF"", ""LEFT_ARROW"", ""POWER_ON"", ""POWER"", ""POWER"", ""DVD_ON"", ""SRS.TS"", ""V.S.S."", ""SRS_TS"", ""VIRTUAL"", ""V.S.S"", ""NTSC/PAL"", ""MARKER"", ""A-B_REPEAT"", ""A-B"", ""REPEAT_A-B"", ""SIDE_A/B"", ""CURSOR_ENTER"", ""ENTER"", ""SELECT"", ""CURSOR_SELECT"", ""SETUP"", ""SET_UP"", ""Unknown"", ""Unknown"", ""TOP_MENU"", ""TITLE"", ""TOP_MENNU"", ""TEST_RETURN"", ""MODE"", ""MENU"", ""CALL"", ""FL_DISPLAY""]","[""NECext""]","[""08 00 00 00""]",device_family,0.58,"[""modelo/família identificável com conjunto amplo""]","[""modelo de baixa confiança foi tratado como evidência estrutural"", ""muitos nomes compartilham a mesma intenção"", ""nomes de comandos reais não chegaram ao classificador"", ""protocolos reais não chegaram ao classificador"", ""sequência numerada pode indicar codeset ou bruteforce""]","[""50 device_family determinísticos""]"
73bec3452ceca57e,_Converted_/CSV/D/Denon/Receiver/12_-1.ir,12_-1.ir,Converted/CSV,Denon,12_-1,131,"[""1_/_9"", ""2_/_10"", ""3_/_11"", ""4_/_12"", ""5_/_13"", ""6_/_14"", ""7_/_15"", ""8_/_16"", ""SHIFT"", ""MUTING_/_MUTE_TOGGLE"", ""VOLUME_DOWN"", ""VOLUME_UP"", ""PRESET_CHANNEL_UP"", ""PRESET_CHANNEL_DOWN"", ""POWER_TOGGLE"", ""INPUT_VCR1"", ""INPUT_VIDEO1"", ""INPUT_DVD/VDP"", ""INPUT_VCR2"", ""INPUT_PHONO"", ""INPUT_TUNER"", ""INPUT_CD"", ""INPUT_V.AUX"", ""INPUT_CDR/TAPE"", ""INPUT_DAT/TAPE1"", ""INPUT_DAT/TAPE2"", ""VIDEO_SELECT"", ""POWER_ON"", ""SPEAKER_B"", ""SPEAKER_A"", ""CENTER_UP"", ""CENTER_DOWN"", ""REAR_UP"", ""REAR_DOWN"", ""CENTER"", ""REAR"", ""DBS/BS"", ""VIDEO"", ""AUDIO_MULTI"", ""DELAY_UP"", ""DELAY_DOWN"", ""SURROUND_MODE"", ""POWER_OFF"", ""TEST_TONE"", ""3CH.LOGIC"", ""BYPASS"", ""STATUS_/_OSD_/_PANEL"", ""CURSOR/ARROW_LEFT"", ""LEVEL_ALL_BASS_DOWN"", ""SURROUND_MODE_DTS"", ""SB_SPEAKER_TOGGLE_ON/OFF"", ""VOLUME_PRESET_1_(0DB)"", ""VOLUME_PRESET_2_(-20DB)"", ""VOLUME_PRESET_3_(-40DB)"", ""ZONE2_VOLUME_PRESET_1_(0DB)"", ""ZONE2_VOLUME_PRESET_2_(-20DB)"", ""ZONE2_VOLUME_PRESET_3_(-40DB)"", ""ZONE2_DBS/SAT/CABLE"", ""SURROUND_MODE_HOME_THX_CINEMA"", ""ZONE3_VOLUME_PRESET_1_(0DB)"", ""ZONE2_VOLUME_UP"", ""ZONE2_VOLUME_DOWN"", ""ZONE2_INPUT_PHONO"", ""ZONE2_INPUT_CD/IPOD"", ""ZONE2_INPUT_TUNER/HD_RADIO"", ""ZONE2_INPUT_BD/HDP/DVD/VDP"", ""ZONE2_INPUT_V.AUX"", ""ZONE2_INPUT_GAME/VCR1"", ""ZONE2_INPUT_CDR/TAPE2"", ""ZONE2_MULTI_PRESET_UP"", ""ZONE2_MULTI_PRESET_DOWN"", ""ZONE2_INPUT_AUX"", ""ZONE2_INPUT_DVR/VCR2/AUX"", ""ZONE2_INPUT_VCR3"", ""ZONE2_INPUT_TV/DBS/CABLE"", ""ZONE2_INPUT_CDR/TAPE"", ""SURROUND_MODE_STEREO"", ""SURROUND_MODE_DIRECT"", ""ZONE3_VOLUME_PRESET_2_(-20DB)"", ""MENU_/_SYSTEM_SETUP"", ""SURROUND_PARAMETER"", ""ZONE3_VOLUME_PRESET_3_(-40DB)"", ""CURSOR/ARROW_UP"", ""CURSOR/ARROW_DOWN"", ""OUTPUT"", ""RCVR_EFFECT"", ""INPUT_ADJ_(V)"", ""SURROUND_MODE_5/7/MULTI_CH_STEREO"", ""SURROUND_MODE_2CH_STEREO"", ""SURROUND_MODE_MULTI_CH_STEREO"", ""TUNER_SHIFT_F"", ""AUDIO_FUNCTION"", ""VIDEO_FUNCTION"", ""TUNER_SHIFT_G"", ""SPEAKER_CH_LEVEL/SELECT"", ""SPEAKER_CH_VOLUME_UP"", ""SPEAKER_CH_VOLUME_DOWN"", ""VIDEO_OFF"", ""INPUT_MODE_EXT_IN"", ""INPUT_MODE_TOGGLE_ANALOG/DIGITAL"", ""LEVEL_ALL_TREBLE_UP"", ""LEVEL_ALL_TREBLE_DOWN"", ""TUNER_SHIFT_A"", ""TUNER_SHIFT_B"", ""TUNER_SHIFT_C"", ""TUNER_SHIFT_D"", ""TUNER_SHIFT_E"", ""ZONE2_INPUT_DVD/VDP"", ""LEVEL_ALL_BASS_UP"", ""TUNER_PRESET/CHANNEL/XM_1"", ""TUNER_PRESET/CHANNEL/XM_2"", ""TUNER_PRESET/CHANNEL/XM_3"", ""TUNER_PRESET/CHANNEL/XM_4"", ""TUNER_PRESET/CHANNEL/XM_5"", ""TUNER_PRESET/CHANNEL/XM_6"", ""TUNER_PRESET/CHANNEL/XM_7"", ""TUNER_PRESET/CHANNEL/XM_8"", ""TUNER_PRESET/CHANNEL/XM_9"", ""TUNER_PRESET/CHANNEL/XM_0"", ""TUNER_MEMORY"", ""TUNER_SHIFT"", ""TUNER_RT"", ""TUNER_DIRECT/RDS_SEARCH"", ""TUNER_PTY"", ""TUNER_PRESET/CHANNEL_DOWN"", ""TUNER_PRESET/CHANNEL_UP"", ""TUNER_BAND_TOGGLE"", ""TUNER_TUNING_MODE_AUTO/MANUAL"", ""TUNER_TUNING/SCAN_UP"", ""TUNER_TUNING/SCAN_DOWN"", ""DIMMER""]","[""NECext""]","[""0C 00 00 00""]",device_family,0.58,"[""modelo/família identificável com conjunto amplo""]","[""modelo de baixa confiança foi tratado como evidência estrutural"", ""muitos nomes compartilham a mesma intenção"", ""nomes de comandos reais não chegaram ao classificador"", ""protocolos reais não chegaram ao classificador"", ""sequência numerada pode indicar codeset ou bruteforce""]","[""50 device_family determinísticos""]"
980849e7b64b1f3e,_Converted_/CSV/D/Denon/Receiver/2_-1.ir,2_-1.ir,Converted/CSV,Denon,2_-1,102,"[""PHONO"", ""CD"", ""TUNER"", ""AUX/VIDEO_1"", ""AUX/VIDEO_2"", ""ZONE3_INPUT_TUNER"", ""ZONE3_INPUT_PHONO"", ""ZONE3_INPUT_CD"", ""MUTING"", ""VOL_-"", ""VOL_+"", ""ZONE3_INPUT_DVD"", ""ZONE3_INPUT_VDP"", ""POWER"", ""ZONE3_INPUT_TV"", ""ZONE3_INPUT_DBS/SAT"", ""ZONE3_INPUT_VCR1"", ""ZONE3_INPUT_VCR2"", ""ZONE_1_VCR-3"", ""MZ-1_VCR-3"", ""ZONE3_INPUT_V.AUX"", ""ZONE3_INPUT_CDR/TAPE"", ""ZONE_1_TAPE-2"", ""ZONE2_POWER_TOGGLE"", ""DIRECT_DIGITAL"", ""OPTICAL_DIGITAL_1"", ""DIGITAL_2"", ""DIGITAL_3"", ""ZONE3_VOLUME_DOWN"", ""ZONE3_VOLUME_UP"", ""DAT_MONITOR"", ""SURROUND_MODE_PURE_DIRECT"", ""INPUT_MODE_AUTO"", ""INPUT_MODE_PCM"", ""INPUT_MODE_DTS"", ""POWER_ON"", ""POWER_OFF"", ""ZONE2_POWER_ON"", ""ZONE2_POWER_OFF"", ""ZONE3_POWER_ON"", ""ZONE3_POWER_OFF"", ""ALL_POWER_TOGGLE"", ""FL_SPEAKER_LEVEL_UP"", ""INPUT_PHONO"", ""INPUT_CD"", ""INPUT_TUNER_/_HD_RADIO"", ""INPUT_AUX"", ""FL_SPEAKER_LEVEL_DOWN"", ""INPUT_CABLE/SAT/DBS"", ""INPUT_TV/DBS"", ""INPUT_BDP/HDP/DVP"", ""FR_SPEAKER_LEVEL_UP"", ""INPUT_V.AUX"", ""INPUT_GAME/VCR1"", ""INPUT_MEDIA_PLAYER/DVR1/VCR2"", ""INPUT_DVR2/VCR3"", ""FR_SPEAKER_LEVEL_DOWN"", ""AMP_DAT/TAPE_MONITOR"", ""INPUT_CDR/DAT/TAPE"", ""INPUT_TAPE2"", ""CINEMA_EQ_ON"", ""SR_SPEAKER_LEVEL_UP"", ""SR_SPEAKER_LEVEL_DOWN"", ""VIDEO_SELECT"", ""CINEMA_EQ_OFF"", ""AMP_VIDEO"", ""MODE_MULTI_CHANNEL"", ""INPUT_MODE_ANALOG"", ""CURSOR_RIGHT"", ""STATUS"", ""INFO_/_OSD"", ""ENTER_/_SELECT"", ""ALL_POWER_ON"", ""ALL_POWER_OFF"", ""INPUT_DVD"", ""SURROUND_MODE_STANDARD_(DOLBY/DTS)"", ""SW_SPEAKER_LEVEL_DOWN"", ""SURROUND_MODE_DSP_SIMULATION"", ""SB/SBL_SPEAKER_LEVEL_UP"", ""AMP_DELAY_V"", ""AMP_DELAY_^"", ""TEST_TONE"", ""SB/SBL_SPEAKER_LEVEL_DOWN"", ""SUBWOOFER_LEVEL_UP"", ""SPEAKER"", ""SP-A,_FRONT"", ""SP-B,_FRONT"", ""MUTING_/_MUTE_TOGGLE"", ""VOLUME_UP"", ""VOLUME_DOWN"", ""SL_SPEAKER_LEVEL_UP"", ""SL_SPEAKER_LEVEL_DOWN"", ""CENTER_SPEAKER_LEVEL_UP"", ""CENTER_SPEAKER_LEVEL_DOWN"", ""SBR_SPEAKER_LEVEL_UP"", ""SBR_SPEAKER_LEVEL_DOWN"", ""TONE_CONTROL_OFF_/_DEFEAT_ON"", ""TONE_CONTROL_ON_/_DEFEAT_OFF"", ""SB_SPEAKER_MATRIX_ON"", ""SB_SPEAKER_MATRIX_OFF"", ""SB_SPEAKER_OFF"", ""AMP_K-O""]","[""NECext""]","[""02 00 00 00""]",device_family,0.58,"[""modelo/família identificável com conjunto amplo""]","[""modelo de baixa confiança foi tratado como evidência estrutural"", ""nomes de comandos reais não chegaram ao classificador"", ""protocolos reais não chegaram ao classificador"", ""sequência numerada pode indicar codeset ou bruteforce""]","[""50 device_family determinísticos""]"
5fa60728703ce958,_Converted_/CSV/D/Denon/Receiver/4_1.ir,4_1.ir,Converted/CSV,Denon,4_1,194,"[""POWER_ON"", ""POWER_OFF"", ""12V_TRIGGER_1_ON"", ""12V_TRIGGER_1_OFF"", ""12V_TRIGGER_2_ON"", ""12V_TRIGGER_2_OFF"", ""RETURN_/_BACK"", ""GUI_MENU_/_SETUP"", ""TUNER_MEMORY"", ""TUNER_BAND_TOGGLE_AM/FM"", ""TUNER_BAND_FM"", ""TUNER_BAND_AM"", ""TUNER_BAND_XM"", ""INTERNET_RADIO_FAVORITE_1"", ""INTERNET_RADIO_FAVORITE_2"", ""INTERNET_RADIO_FAVORITE_3"", ""INTERNET_RADIO_FAVORITE_4"", ""QUICK_SELECT_/_USER_PRESET_1"", ""QUICK_SELECT_/_USER_PRESET_2"", ""QUICK_SELECT_/_USER_PRESET_3"", ""QUICK_SELECT_/_USER_PRESET_4"", ""QUICK_SELECT_/_USER_PRESET_5"", ""SURROUND_MODE_DIRECT_/_STEREO"", ""PURE_DIRECT"", ""SURROUND_MODE_STANDARD"", ""SURROUND_MODE_AUTO"", ""SURROUND_MODE_AURO_3D_PREVIOUS"", ""SURROUND_MODE_DSP_SIMULATION"", ""SURROUND_MODE_MULTI_CHANNEL"", ""SURROUND_MODE_NEURAL"", ""SURROUND_MODE_DOLBY_ATMOS"", ""SURROUND_MODE_AURO_3D_NEXT"", ""INPUT_MODE_HDMI"", ""INPUT_MODE_DIGITAL"", ""INPUT_MODE_DECODE"", ""VOLUME_UP"", ""VOLUME_DOWN"", ""VOLUME_MUTE"", ""CHANNEL_LEVEL"", ""SUBWOOFER_2_LEVEL_UP"", ""SUBWOOFER_2_LEVEL_DOWN"", ""DOLBY_TFL_SPEAKER_LEVEL_UP"", ""DOLBY_TFL_SPEAKER_LEVEL_DOWN"", ""DOLBY_TFR_SPEAKER_LEVEL_UP"", ""DOLBY_TFR_SPEAKER_LEVEL_DOWN"", ""DOLBY_TML_SPEAKER_LEVEL_UP"", ""DOLBY_TML_SPEAKER_LEVEL_DOWN"", ""DOLBY_TMR_SPEAKER_LEVEL_UP"", ""DOLBY_TMR_SPEAKER_LEVEL_DOWN"", ""DOLBY_TRL_SPEAKER_LEVEL_UP"", ""DOLBY_TRL_SPEAKER_LEVEL_DOWN"", ""DOLBY_TRR_SPEAKER_LEVEL_UP"", ""DOLBY_TRR_SPEAKER_LEVEL_DOWN"", ""DOLBY_RHL_SPEAKER_LEVEL_UP"", ""DOLBY_RHL_SPEAKER_LEVEL_DOWN"", ""DOLBY_RHR_SPEAKER_LEVEL_UP"", ""DOLBY_RHR_SPEAKER_LEVEL_DOWN"", ""DOLBY_LF_SPEAKER_LEVEL_UP"", ""DOLBY_LF_SPEAKER_LEVEL_DOWN"", ""DOLBY_RF_SPEAKER_LEVEL_UP"", ""DOLBY_RF_SPEAKER_LEVEL_DOWN"", ""DOLBY_SL_SPEAKER_LEVEL_UP"", ""DOLBY_SL_SPEAKER_LEVEL_DOWN"", ""DOLBY_SR_SPEAKER_LEVEL_UP"", ""DOLBY_SR_SPEAKER_LEVEL_DOWN"", ""DOLBY_LB_SPEAKER_LEVEL_UP"", ""DOLBY_LB_SPEAKER_LEVEL_DOWN"", ""DOLBY_RB_SPEAKER_LEVEL_UP"", ""DOLBY_RB_SPEAKER_LEVEL_DOWN"", ""LFC_ON"", ""LFC_OFF"", ""LFC_TOGGLE_ON/OFF"", ""DSX_SELECT"", ""DYNAMIC_VOLUME_TOGGLE_MODE"", ""DYNAMIC_EQ_TOGGLE_ON/OFF"", ""RESTORER_MODE"", ""DYNAMIC_EQ/VOLUME_TOGGLE_MODE"", ""FRONT_SPEAKER_A"", ""FRONT_SPEAKER_B"", ""FRONT_SPEAKER_A+B"", ""RESTORER_OFF"", ""RESTORER_MODE_1"", ""RESTORER_MODE_2"", ""RESTORER_MODE_3"", ""SS_AUDIO_DELAY"", ""AUDIO_DELAY_MODE"", ""AUDIO_DELAY_UP"", ""AUDIO_DELAY_DOWN"", ""INFO_/_OSD"", ""DSX_ON_HEIGHT"", ""DSX_ON_WIDE"", ""DSX_OFF"", ""STATUS_REQUEST"", ""DSX_ON_WIDE+HEIGHT"", ""INPUT_IPOD"", ""HDMI_MONITOR_SELECT_1"", ""HDMI_MONITOR_SELECT_2"", ""INPUT_AUX/NET/USB/ONLINE_MUSIC"", ""INPUT_TUNER_XM"", ""INPUT_DTU_/_HD_RADIO"", ""INPUT_AUX/NET"", ""INPUT_AUX/IPOD/DOCK"", ""INPUT_AUX/USB"", ""INPUT_HD_RADIO"", ""INPUT_BD"", ""INPUT_GAME"", ""INPUT_GAME_2"", ""INPUT_VCR4"", ""INPUT_AUX_2"", ""INPUT_BD/DVD/HDP"", ""INPUT_VCR_1/2"", ""INPUT_VCR_3/4"", ""INPUT_VCR/DVR/MEDIA_PLAYER"", ""MULTEQ_XT_32_TOGGLE_MODE"", ""INPUT_INTERNET_RADIO"", ""DYNAMIC_VOLUME_HEAVY/MIDNIGHT"", ""DYNAMIC_VOLUME_MEDIUM/EVENING"", ""DYNAMIC_VOLUME_LIGHT/DAY"", ""INPUT_BLUETOOTH"", ""HDMI_MONITOR_SELECT"", ""HDMI_MONITOR_SCALE/RESOLUTION"", ""HDMI_ASPECT_RADIO_16:9"", ""HDMI_ASPECT_RADIO_4:3"", ""DYNAMIC_EQ_REF_LEVEL_0DB"", ""DYNAMIC_EQ_REF_LEVEL_5DB"", ""DYNAMIC_EQ_REF_LEVEL_10DB"", ""DYNAMIC_EQ_REF_LEVEL_15DB"", ""INPUT_SPOTIFY"", ""INPUT_PANDORA"", ""NET/USB_CURSOR/ARROW_UP"", ""NET/USB_CURSOR/ARROW_DOWN"", ""NET/USB_CURSOR/ARROW_LEFT"", ""NET/USB_CURSOR/ARROW_RIGHT"", ""NET/USB_ENTER/PLAY/PAUSE"", ""NET/USB_PLAY"", ""NET/USB_PAUSE"", ""NET/USB_STOP"", ""NET/USB_SKIP_PLUS"", ""NET/USB_SKIP_MINUS"", ""NET/USB_REPEAT_ONE"", ""NET/USB_REPEAT_OFF"", ""NET/USB_RANDOM_ON"", ""NET/USB_RANDOM_OFF"", ""NET/USB_REPEAT_ALL"", ""GRAPHIC_EQ_TOGGLE_ON/OFF"", ""GRAPHIC_EQ_ON"", ""GRAPHIC_EQ_OFF"", ""IPOD_CURSOR/ARROW_UP"", ""IPOD_CURSOR/ARROW_DOWN"", ""IPOD_CURSOR/ARROW_LEFT"", ""IPOD_CURSOR/ARROW_RIGHT"", ""IPOD_ENTER"", ""IPOD_PLAY/PAUSE"", ""IPOD_STOP"", ""IPOD_SKIP_PLUS/FORWARD"", ""IPOD_SKIP_MINUS/REVERSE"", ""IPOD_SEARCH_FORWARD"", ""IPOD_SEARCH_REVERSE"", ""IPOD_REPEAT_ONE"", ""IPOD_REPEAT_ALL"", ""IPOD_REPEAT_OFF"", ""IPOD_SHUFFLE_SONGS"", ""IPOD_SHUFFLE_ALBUMS"", ""IPOD_SHUFFLE_OFF"", ""IPOD_MENU"", ""IPOD_MODE_BROWSE"", ""IPOD_MODE_REMOTE"", ""HDMI_CONTROL/CEC_ON"", ""HDMI_CONTROL/CEC_OFF"", ""HDMI_AUDIO_OUT_TOGGLE_TV/AMP"", ""HDMI_AUDIO_OUT_TV"", ""HDMI_AUDIO_OUT_AMP"", ""PARTY"", ""SLEEP"", ""INSTA_PREVIEW_TOGGLE_ON/OFF"", ""INSTA_PREVIEW_ON"", ""INSTA_PREVIEW_OFF"", ""ECO_MODE_TOGGLE"", ""ECO_MODE_OFF"", ""ECO_MODE_ON"", ""ECO_MODE_AUTO"", ""OPTION"", ""REPEAT"", ""RANDOM/SHUFFLE"", ""USB_DIRECT_PLAY"", ""FAVORITE_DIRECT_PLAY"", ""TUNER_PRESET_CHANNEL_UP"", ""TUNER_PRESET_CHANNEL_DOWN"", ""TUNER_PRESET_CHANNEL_SHIFT"", ""TUNER_PRESET_SEARCH/RDS"", ""PLAY/PAUSE"", ""STOP"", ""TUNER_PRESET_SKIP/TUNE_DOWN"", ""TUNER_PRESET_SKIP/TUNE_UP""]","[""NECext""]","[""04 01 00 00""]",device_family,0.58,"[""modelo/família identificável com conjunto amplo""]","[""modelo de baixa confiança foi tratado como evidência estrutural"", ""muitos nomes compartilham a mesma intenção"", ""nomes de comandos reais não chegaram ao classificador"", ""protocolos reais não chegaram ao classificador"", ""sequência numerada pode indicar codeset ou bruteforce""]","[""50 device_family determinísticos""]"
b2c841c0f0b78aa9,_Converted_/CSV/D/Denon/Receiver/4_3.ir,4_3.ir,Converted/CSV,Denon,4_3,130,"[""ZONE2_DIGIT_1"", ""ZONE2_DIGIT_2"", ""ZONE2_DIGIT_3"", ""ZONE2_DIGIT_4"", ""ZONE2_DIGIT_5"", ""ZONE2_DIGIT_6"", ""ZONE2_DIGIT_7"", ""ZONE2_DIGIT_8"", ""ZONE2_DIGIT_9"", ""ZONE2_DIGIT_0"", ""ZONE2_CURSOR/ARROW_UP"", ""ZONE2_CURSOR/ARROW_DOWN"", ""ZONE2_CURSOR/ARROW_LEFT"", ""ZONE2_CURSOR/ARROW_RIGHT"", ""ZONE2_ENTER/SELECT"", ""ZONE2_AUDIO_FUNCTION"", ""ZONE2_VIDEO_FUNCTION"", ""ZONE2_RETURN/BACK"", ""ZONE2_MENU"", ""ZONE2_VIDEO_SELECT"", ""ZONE2_FAVORITE_1"", ""ZONE2_FAVORITE_2"", ""ZONE2_FAVORITE_3"", ""ZONE2_FAVORITE_4"", ""ZONE2_QUICK_SELECT_/_USER_PRESET_1"", ""ZONE2_QUICK_SELECT_/_USER_PRESET_2"", ""ZONE2_QUICK_SELECT_/_USER_PRESET_3"", ""ZONE2_SURROUND_MODE_STEREO"", ""ZONE2_SURROUND_MODE_DIRECT"", ""ZONE2_SURROUND_MODE_PURE"", ""ZONE2_SURROUND_MODE_STANDARD_(DOLBY/DTS)"", ""ZONE2_SURROUND_MODE_DOLBY_DIGITAL"", ""ZONE2_SURROUND_MODE_DOLBY_DIGITAL_EX"", ""ZONE2_SURROUND_MODE_DOLBY_PL2_CINEMA"", ""ZONE2_SURROUND_MODE_DOLBY_PL2_MUSIC"", ""ZONE2_SURROUND_MODE_DOLBY_PL"", ""ZONE2_SURROUND_MODE_DTS_ES"", ""ZONE2_SURROUND_MODE_DTS_NEO6_CINEMA"", ""ZONE2_SURROUND_MODE_DTS_NEO6_MUSIC"", ""ZONE2_SURROUND_MODE_GAME"", ""ZONE2_SURROUND_MODE_CINEMA"", ""ZONE2_SURROUND_MODE_MUSIC"", ""ZONE2_SURROUND_MODE_DSP_SIMULATION"", ""ZONE2_SURROUND_MODE_5/7/MULTI_CH_STEREO"", ""ZONE2_SURROUND_MODE_DSP_WIDE_SCREEN"", ""ZONE2_SURROUND_MODE_DSP_SUPER_STADIUM"", ""ZONE2_SURROUND_MODE_DSP_ROCK_ARENA"", ""ZONE2_SURROUND_MODE_DSP_JAZZ_CLUB"", ""ZONE2_SURROUND_MODE_DSP_CLASSIC_CONCERT"", ""ZONE2_SURROUND_MODE_DSP_MONO_MOVIE"", ""ZONE2_SURROUND_MODE_DSP_MATRIX"", ""ZONE2_SURROUND_MODE_DSP_VIDEO_GAME"", ""ZONE2_SURROUND_MODE_DSP_VIRTUAL"", ""ZONE2_INPUT_MODE_AUTO"", ""ZONE2_INPUT_MODE_ANALOG"", ""ZONE2_VOLUME_UP"", ""ZONE2_VOLUME_DOWN"", ""ZONE2_VOLUME_MUTE"", ""ZONE2_VOLUME_PRESET_1_(0DB)"", ""ZONE2_VOLUME_PRESET_2_(-20DB)"", ""ZONE2_VOLUME_PRESET_3_(-40DB)"", ""ZONE2_CHANNEL_SELECT"", ""ZONE2_CHANNEL_LEVEL_UP"", ""ZONE2_CHANNEL_LEVEL_DOWN"", ""ZONE2_TEST_TONE"", ""ZONE2_ALL_TREBLE_UP"", ""ZONE2_ALL_TREBLE_DOWN"", ""ZONE2_ALL_BASS_UP"", ""ZONE2_ALL_BASS_DOWN"", ""ZONE2_TONE_CONTROL_OFF_/_DEFEAT_ON"", ""ZONE2_TONE_CONTROL_ON_/_DEFEAT_OFF"", ""ZONE2_SURROUND_PARAMETER"", ""ZONE2_CINEMA_EQ_ON"", ""ZONE2_CINEMA_EQ_OFF"", ""ZONE2_SB_SPEAKER_MATRIX_ON"", ""ZONE2_SB_SPEAKER_MATRIX_OFF"", ""ZONE2_SB_SPEAKER_OFF"", ""ZONE2_SB_SPEAKER_TOGGLE_ON/OFF"", ""ZONE2_FRONT_SPEAKER"", ""ZONE2_NIGHT_MODE"", ""ZONE2_RESTORE"", ""ZONE2_SURROUND_SPEAKER_SELECT"", ""ZONE2_SYSTEM_SETUP"", ""ZONE2_AUDIO_DELAY"", ""ZONE2_AUDIO_DELAY_UP"", ""ZONE2_AUDIO_DELAY_DOWN"", ""ZONE2_STATUS_REQUEST"", ""ZONE2_INPUT_IPOD"", ""ZONE2_INPUT_INTERNET_RADIO"", ""ZONE2_INPUT_SOURCE_SELECT"", ""ZONE2_INPUT_PHONO"", ""ZONE2_INPUT_CD"", ""ZONE2_INPUT_AUX/NET/USB/ONLINE_MUSIC"", ""ZONE2_INPUT_AUX/NET"", ""ZONE2_INPUT_AUX/IPOD"", ""ZONE2_INPUT_AUX/USB/SIRIUS_XM/HD_RADIO"", ""ZONE2_INPUT_DTU/HD_RADIO"", ""ZONE2_INPUT_NET"", ""ZONE2_INPUT_IPOD/DOCK"", ""ZONE2_INPUT_USB"", ""ZONE2_INPUT_TUNER/HD_RADIO"", ""ZONE2_INPUT_DVD"", ""ZONE2_INPUT_HDP/BD"", ""ZONE2_INPUT_TV/CABLE/HDMI_CEC_AUDIO"", ""ZONE2_INPUT_SAT/CABLE"", ""ZONE2_INPUT_GAME/VCR"", ""ZONE2_INPUT_GAME2"", ""ZONE2_INPUT_VCR4"", ""ZONE2_INPUT_V.AUX"", ""ZONE2_INPUT_V.AUX_2"", ""ZONE2_INPUT_DVD/HDP/BD"", ""ZONE2_INPUT_VCR1/2"", ""ZONE2_INPUT_VCR3/4"", ""ZONE2_INPUT_VCR/DVR/MEDIA_PLAYER"", ""ZONE2_INPUT_BLUETOOTH"", ""ZONE2_INPUT_PANDORA"", ""ZONE2_INPUT_SOURCE_SELECT_RIGHT"", ""ZONE2_INPUT_SOURCE_SELECT_LEFT"", ""ZONE2_REPEAT"", ""ZONE2_RANDOM/SHUFFLE"", ""ZONE2_USB_DIRECT_PLAY"", ""ZONE2_FAVORITE_DIRECT_PLAY"", ""ZONE2_TUNER_PRESET_CH_UP"", ""ZONE2_TUNER_PRESET_CH-"", ""ZONE2_TUNER_PRESET_SHIFT"", ""ZONE2_TUNER_SEARCH/RDS"", ""ZONE2_PLAY/PAUSE"", ""ZONE2_STOP"", ""ZONE2_TUNER_SKIP/TUNE_DOWN"", ""ZONE2_TUNER_SKIP/TUNE_UP""]","[""NECext""]","[""04 03 00 00""]",device_family,0.58,"[""modelo/família identificável com conjunto amplo""]","[""modelo de baixa confiança foi tratado como evidência estrutural"", ""muitos nomes compartilham a mesma intenção"", ""nomes de comandos reais não chegaram ao classificador"", ""protocolos reais não chegaram ao classificador"", ""sequência numerada pode indicar codeset ou bruteforce""]","[""50 device_family determinísticos""]"
460d8aff7a2f431c,_Converted_/CSV/D/Denon/Receiver/4_7.ir,4_7.ir,Converted/CSV,Denon,4_7,101,"[""POWER_Z4_TOGGLE"", ""Z4_ON"", ""POWER_Z4_ON"", ""Z4_OFF"", ""POWER_Z4_OFF"", ""CURSOR_UP"", ""NET_CURSOR_UP"", ""CURSOR_DOWN"", ""NET_CURSOR_DOWN"", ""CURSOR_LEFT"", ""NET_CURSOR_LEFT"", ""CURSOR_RIGHT"", ""NET_CURSOR_RIGHT"", ""CURSOR_ENTER"", ""NET_ENTER"", ""TUNER_UP"", ""TUNER_DOWN"", ""CHANNEL_+"", ""NET_PRESET+"", ""CHANNEL_-"", ""NET_PRESET-"", ""NET_SHIFT"", ""MODE"", ""MEMO"", ""NET_MEMORY"", ""SEARCH"", ""NET_PG./CHAR._SRCH."", ""1"", ""NET_1"", ""2"", ""NET_2"", ""3"", ""NET_3"", ""4"", ""NET_4"", ""5"", ""NET_5"", ""6"", ""NET_6"", ""7"", ""NET_7"", ""8"", ""NET_8"", ""9"", ""0"", ""TUNER_A"", ""NET_SHIFT_A"", ""TUNER_B"", ""NET_SHIFT_B"", ""TUNER_C"", ""NET_SHIFT_C"", ""TUNER_D"", ""NET_SHIFT_D"", ""TUNER_E"", ""NET_SHIFT_E"", ""TUNER_F"", ""NET_SHIFT_F"", ""TUNER_G"", ""NET_SHIFT_G"", ""STATUS_REQUEST"", ""INPUT_PHONO"", ""INPUT_TUNER"", ""INPUT_CD"", ""TOGGLE_NET/USB"", ""INPUT_XM"", ""INPUT_HD_RADIO"", ""INPUT_NET"", ""INPUT_IPOD"", ""INPUT_USB"", ""INPUT_DVD"", ""INPUT_HDP"", ""INPUT_TV/CBL"", ""INPUT_SAT"", ""INPUT_VCR"", ""INPUT_DVR"", ""INPUT_V.AUX"", ""TOGGLE_DVD/HDP"", ""TOGGLE_VCR/DVR"", ""NET_PLAY"", ""NET_PAUSE"", ""NET_STOP"", ""NET_SKIP_+"", ""NET_SKIP_-"", ""NET_REPEAT_ONE"", ""NET_REPEAT_OFF"", ""NET_RANDON_ON"", ""NET_RANDOM_OFF"", ""NET_REPEAT_ALL"", ""NET_STATUS_REQUEST"", ""Z4_REPEAT"", ""Z4_RANDOM"", ""Z4_USB_DIR._PLAY"", ""Z4_FAVORITE_DIR.PLAY"", ""Z4_PRESET_CH+"", ""Z4_PRESET_CH-"", ""Z4_PRESET_SHIFT"", ""Z4_SEARCH_(RDS)"", ""Z4_PLAY/PAUSE"", ""Z4_STOP"", ""Z4_SKIP/TUNE-"", ""Z4_SKIP/TUNE+""]","[""NECext""]","[""04 07 00 00""]",device_family,0.58,"[""modelo/família identificável com conjunto amplo""]","[""modelo de baixa confiança foi tratado como evidência estrutural"", ""muitos nomes compartilham a mesma intenção"", ""nomes de comandos reais não chegaram ao classificador"", ""protocolos reais não chegaram ao classificador"", ""sequência numerada pode indicar codeset ou bruteforce""]","[""50 device_family determinísticos""]"
fed040b73ae49a52,_Converted_/CSV/D/Denon/Receiver/8_-1.ir,8_-1.ir,Converted/CSV,Denon,8_-1,105,"[""CD_REPEAT"", ""REPEAT"", ""CD_SKIP_>>"", ""SKIP_+"", ""CD_>>"", ""CD-FF"", ""CD_SEARCH_>>_(>>)"", ""CD_SKIP_<<"", ""SKIP_-"", ""CD_<<"", ""CD-RW"", ""CD_SEARCH_<<_(<<)"", ""CD_SCAN_>>"", "">>"", ""FORWARD"", ""CD_>>"", ""CD-SEARCH+"", ""CD_SCAN_FWD_>>"", ""CD_SCAN_<<"", ""<<"", ""REV"", ""CD_<<"", ""CD-SEACH-"", ""CD_SCAN_REV_<<"", ""CD_PLAY_>"", ""PLAY"", ""CD-PLAY"", ""CD_PAUSE_"", ""A/B"", ""PAUSE"", ""PAUSE_A/B"", ""CD-PAUSE"", ""CD_PAUSE_(A/B)"", ""CD_STOP_[]"", ""STOP"", ""CD-STOP"", ""DISC_1"", ""DISC_2"", ""DISC_3"", ""DISC_4"", ""DISC_5"", ""DISC_6"", ""CD_RANDOM"", ""RANDOM"", ""CD_DISC_SKIP"", ""SKIP_-"", ""SKIP_+_REV"", ""CD_DISC_SKIP_+"", ""CD_DISC_SKIP_+_(POW)"", ""CD-SKIP_DISC+"", ""CD_DISC_SKIP_(<)"", ""0"", ""1"", ""2"", ""3"", ""4"", ""5"", ""6"", ""7"", ""8"", ""9"", ""+10"", ""SUBTITLE"", ""OPEN/CLOSE"", ""MENU"", ""DVD-MENU"", ""RETURN"", ""DVD-RETURN"", ""SKIP_>>"", ""DVD-FF"", ""SKIP_<<"", ""DVD-RW"", ""SEARCH_>>"", ""DVD-SEARCH+"", ""SEARCH_<<"", ""DVD-SEARCH-"", ""PAUSE"", ""DVD-PAUSE"", ""PLAY"", ""DVD-PLAY"", ""STOP"", ""DVD-STOP"", ""DISC_1"", ""DISC_2"", ""DISC_3"", ""DISPLAY"", ""DVD-DISPLAY"", ""DISC_4"", ""DISC_5"", ""DISC_SKIP"", ""DVD-DISC_SKIP+"", ""UP"", ""DVD-CURSOR_UP"", ""DOWN"", ""DVD-CURSOR_DOWN"", ""RIGHT"", ""DVD-CURSOR_RIGHT"", ""LEFT"", ""DVD-CURSOR_LEFT"", ""POWER_ON"", ""DVD-POWER"", ""ENTER"", ""DVD-SELECT"", ""DVD-DVD_SETUP"", ""DVD-TITLE""]","[""NECext""]","[""08 00 00 00""]",device_family,0.58,"[""modelo/família identificável com conjunto amplo""]","[""modelo de baixa confiança foi tratado como evidência estrutural"", ""muitos nomes compartilham a mesma intenção"", ""nomes de comandos reais não chegaram ao classificador"", ""protocolos reais não chegaram ao classificador"", ""sequência numerada pode indicar codeset ou bruteforce""]","[""50 device_family determinísticos""]"
47dd079b577cb378,_Converted_/CSV/D/DirecTV/DVR/133_48.ir,133_48.ir,Converted/CSV,DirecTV,133_48,72,"[""DIRECTV"", ""DIRECTV"", ""LIVE_TV"", ""LIVE_TV"", ""INFO"", ""INFO"", ""CURSOR_UP"", ""CURSOR_UP"", ""CURSOR_RIGHT"", ""CURSOR_RIGHT"", ""CURSOR_DOWN"", ""CURSOR_DOWN"", ""CURSOR_LEFT"", ""CURSOR_LEFT"", ""THUMBS_DOWN"", ""THUMBS_DOWN"", ""SELECT"", ""SELECT"", ""THUMBS_UP"", ""THUMBS_UP"", ""CHANNEL_+"", ""CHANNEL_+"", ""CHANNEL_-"", ""CHANNEL_-"", ""RECORD"", ""RECORD"", ""PLAY"", ""PLAY"", ""SCAN_<<"", ""SCAN_<<"", ""PAUSE"", ""PAUSE"", ""SCAN_>>"", ""SCAN_>>"", ""SLOW"", ""SLOW"", ""INSTANT_REPLAY"", ""INSTANT_REPLAY"", ""JUMP_/_-"", ""JUMP_/_-"", ""1"", ""1"", ""2"", ""2"", ""3"", ""3"", ""4"", ""4"", ""5"", ""5"", ""6"", ""6"", ""7"", ""7"", ""8"", ""8"", ""9"", ""9"", ""0"", ""0"", ""CLEAR"", ""CLEAR"", ""ENTER_/_LAST"", ""ENTER_/_LAST"", ""GUIDE"", ""GUIDE"", ""RATIO"", ""RATIO"", ""EXIT"", ""EXIT"", ""LIST"", ""LIST""]","[""NECext""]","[""85 30 00 00""]",specific_device,0.72,"[""modelo identificável e conjunto coerente""]","[""modelo de baixa confiança foi tratado como evidência estrutural"", ""muitos nomes compartilham a mesma intenção"", ""nomes de comandos reais não chegaram ao classificador"", ""protocolos reais não chegaram ao classificador"", ""sequência numerada pode indicar codeset ou bruteforce""]","[""50 maiores repetições de nomes""]"
e55aca568ac14749,_Converted_/CSV/D/DirecTV/Receiver_HDDVR/12_-1.ir,12_-1.ir,Converted/CSV,DirecTV,12_-1,84,"[""1"", ""2"", ""3"", ""4"", ""5"", ""6"", ""7"", ""8"", ""9"", ""CHANNEL_+"", ""CHANNEL_-"", ""PREVIOUS"", ""PREVIOUS_CHANNEL"", ""PREV_CH"", ""PREVIOUS_CHAN"", ""POWER"", ""PWR"", ""0"", ""DASH"", ""-_DASH"", ""(-)"", ""DASH_-"", ""ENTER"", ""MENU"", ""CURSOR_UP"", ""CURSOR_DOWN"", ""CURSOR_LEFT"", ""CURSOR_RIGHT"", ""SELECT"", ""CURSOR_SELECT"", ""CURSOR_ENTER"", ""EXIT"", ""BACK"", ""GUIDE"", ""ACTIVE"", ""LIST"", ""INFO"", ""PLAY"", ""STOP"", ""PAUSE"", ""REWIND"", ""REV"", ""SCAN_REVERSE"", ""FORWARD"", ""FF"", ""SCAN_FORWARD"", ""FAST_FORWARD"", ""RECORD"", ""REPLAY"", ""PREVIOUS/REPLAY"", ""RETURN"", ""END"", ""JUMP"", ""LIVE"", ""NEXT"", ""NEXT/ADVANCE"", ""SKIP_FWD"", ""ADVANCE"", ""SKIP_>I"", ""SKIP+"", ""RED"", ""RED_DOT"", ""COLOR_RED"", ""YELLOW"", ""YELLOW_DOT"", ""COLOR_YELLOW"", ""GREEN"", ""GREEN_DOT"", ""COLOR_GREEN"", ""BLUE"", ""BLUE_DOT"", ""COLOR_BLUE"", ""MUTE"", ""VOL-"", ""VOL+"", ""MUTE"", ""TV_INPUT"", ""VOL-"", ""VOL+"", ""OFF"", ""POWER"", ""FORMAT"", ""POWER_ON"", ""POWER_OFF""]","[""NECext""]","[""0C 00 00 00""]",device_family,0.58,"[""modelo/família identificável com conjunto amplo""]","[""modelo de baixa confiança foi tratado como evidência estrutural"", ""muitos nomes compartilham a mesma intenção"", ""nomes de comandos reais não chegaram ao classificador"", ""protocolos reais não chegaram ao classificador"", ""sequência numerada pode indicar codeset ou bruteforce""]","[""50 device_family determinísticos""]"
dffe6ebce6b0914a,_Converted_/CSV/D/DirecTV/Satellite/12_-1.ir,12_-1.ir,Converted/CSV,DirecTV,12_-1,89,"[""1"", ""2"", ""3"", ""4"", ""5"", ""6"", ""7"", ""8"", ""9"", ""CH/PAGE_UP"", ""CHANNEL_+"", ""CH/PAGE_DOWN"", ""CHANNEL_-"", ""PREV"", ""PREV_CH"", ""PREVIOUS_CHAN"", ""PREVIOUS_CHANNEL"", ""PWR"", ""POWER"", ""0"", ""DASH"", ""_DASH"", ""-"", ""ENTER"", ""Unknown"", ""MENU"", ""ARROW_UP"", ""CURSOR_UP"", ""UP_ARROW"", ""ARROW_DOWN"", ""CURSOR_DOWN"", ""DOWN_ARROW"", ""ARROW_LEFT"", ""CURSOR_LEFT"", ""LEFT_ARROW"", ""ARROW_RIGHT"", ""CURSOR_RIGHT"", ""RIGHT_ARROW"", ""ARROW_SELECT"", ""CURSOR_SELECT"", ""CURSOR_ENTER"", ""SELECT"", ""EXIT"", ""BACK"", ""GUIDE"", ""ACTIVE"", ""LIST"", ""INFO"", ""PLAY"", ""STOP"", ""PAUSE"", ""PAUSE"", ""REWIND"", ""REW"", ""SCAN_<<"", ""FAST_FORWARD"", ""FFORWARD"", ""FFWD"", ""FORWARD"", ""SCAN_>>"", ""R"", ""RECORD"", ""REPLAY"", ""ADVANCE"", ""RETURN"", ""JUMP"", ""REPEAT"", ""ADVANCE"", ""NEXT"", ""RED"", ""COLOR-RED"", ""YELLOW"", ""COLOR-YELLOW"", ""GREEN"", ""COLOR-GREEN"", ""BLUE"", ""COLOR-BLUE"", ""MUTE"", ""MUTE"", ""TV_INPUT"", ""TV_POWER_OFF"", ""TV_POWER_ON"", ""VOL-"", ""VOL+"", ""POWER_OFF"", ""POWER_ON"", ""FORMAT"", ""DISCRETE_ON"", ""DISCRETE_OFF""]","[""NECext""]","[""0C 00 00 00""]",device_family,0.58,"[""modelo/família identificável com conjunto amplo""]","[""modelo de baixa confiança foi tratado como evidência estrutural"", ""muitos nomes compartilham a mesma intenção"", ""nomes de comandos reais não chegaram ao classificador"", ""protocolos reais não chegaram ao classificador"", ""sequência numerada pode indicar codeset ou bruteforce""]","[""50 device_family determinísticos""]"
b68a806a12176c19,_Converted_/CSV/D/Dish_Network/Satellite/0_0.ir,0_0.ir,Converted/CSV,Dish_Network,0_0,111,"[""POWER"", ""POWER_ON"", ""POWER"", ""POWER_ON"", ""SAT_POWER"", ""1"", ""2"", ""ABC"", ""3"", ""DEF"", ""4"", ""GHI"", ""5"", ""JKL"", ""6"", ""MNO"", ""MENU"", ""7"", ""PQRS"", ""8"", ""TUV"", ""9"", ""WXYZ"", ""SELECT"", ""ENTER/SELECT"", ""OK"", ""ENTER"", ""CUR_/_SELECT"", ""CURSOR_SELECT"", ""CURSOR_ENTER"", ""C_SELECT"", ""0"", "">"", ""CANCEL"", ""CANCEL_-_EXIT"", ""LIVE"", ""RED"", ""GUIDE"", ""GUIDE_*"", ""LISTINGS"", ""VIEW"", ""VIEW_TV"", ""LIVE_TV"", ""LIVETV"", ""VIEW/LIVE_TV"", ""TV/VIDEO"", ""HD"", ""SD"", ""TV_/_VIDEO"", ""INPUT"", ""RIGHT"", ""CURSOR_RIGHT"", ""ARROW_RIGHT"", ""CUR_RIGHT"", ""CURSOR_RIGHT(BROWSE)"", ""C_RIGHT"", ""BROWSE"", ""UP"", ""CHANNEL_+"", ""CURSOR_UP"", ""ARROW_UP"", ""CUR_UP"", ""CH+"", ""C_UP"", ""RECALL"", ""LCV"", ""LEFT"", ""CURSOR_LEFT"", ""ARROW_LEFT"", ""CUR_LEFT"", ""CURSOR_LEFT_(THEMES)"", ""THEMES"", ""C_LEFT"", ""DOWN"", ""CHANNEL_-"", ""CURSOR_DOWN"", ""ARROW_DOWN"", ""CUR_DOWN"", ""CHAN_DN"", ""DN"", ""C_DOWN"", ""ARROW_DN"", ""RECORD"", ""REC"", ""PAUSE"", ""STOP"", ""YELLOW"", ""BLUE"", ""SYS_INFO"", ""*"", ""<"", ""ASPECT"", ""FORMAT/*"", ""*-FORMAT"", ""FORMAT"", ""SAT_FORMAT"", ""<_/_FORMAT"", ""#"", ""SEARCH"", ""SEARCH/#"", ""#-SEARCH"", ""SEARCH_#"", ""OFF"", ""POWER_OFF"", ""SAT"", ""SEARCH"", ""Unknown"", ""GREEN_R"", ""RECOVER"", ""GREEN"", ""0""]","[""NECext""]","[""00 00 00 00""]",device_family,0.58,"[""modelo/família identificável com conjunto amplo""]","[""modelo de baixa confiança foi tratado como evidência estrutural"", ""muitos nomes compartilham a mesma intenção"", ""nomes de comandos reais não chegaram ao classificador"", ""protocolos reais não chegaram ao classificador"", ""sequência numerada pode indicar codeset ou bruteforce""]","[""50 device_family determinísticos""]"
2437f092b02d6cee,_Converted_/CSV/D/Dream/Satellite/26_0.ir,26_0.ir,Converted/CSV,Dream,26_0,131,"[""0"", ""DIGIT_0"", ""1"", ""DIGIT_1"", ""Unknown"", ""ABC"", ""DIGIT_2"", ""2"", ""3"", ""3DEF"", ""DEF"", ""DIGIT_3"", ""4"", ""4GHI"", ""DIGIT_4"", ""GHI"", ""5"", ""5JKL"", ""DIGIT_5"", ""JKL"", ""6"", ""6MNO"", ""DIGIT_6"", ""MNO"", ""7"", ""7PQRS"", ""DIGIT_7"", ""PQRS"", ""8"", ""8TUV"", ""DIGIT_8"", ""TUV"", ""9"", ""9WXYZ"", ""DIGIT_9"", ""WXYZ"", ""VOLUME_UP"", ""VOL+"", ""Unknown"", ""VOLUME_DOWN"", ""VOL-"", ""STOP"", ""TV_[]"", ""TV"", ""BOUQUET_UP"", ""BOUQUET_+"", ""CHANNEL_UP"", ""CHANNEL_+"", ""BOUQUET_DOWN"", ""BOUQUET_-"", ""CHANNEL_DOWN"", ""CHANNEL_-"", ""POWER"", ""TV_POWER_(TOGGLING)"", ""POWER_TOGGLE"", ""DREAM"", ""MENU"", ""CURSOR_UP"", ""UP"", ""MENU_UP"", ""CURSOR_DOWN"", ""DOWN"", ""MENU_DOWN"", ""CURSOR_LEFT"", ""LEFT"", ""MENU_LEFT"", ""CURSOR_RIGHT"", ""RIGHT"", ""MENU_RIGHT"", ""SELECT"", ""OK"", ""CURSOR_ENTER"", ""ENTER"", ""AUDIO"", ""VIDEO"", ""GUIDE"", ""INFO"", ""A"", ""B"", ""C"", ""DDD"", ""SHIFT-STOP"", ""SHIFT-RECORD"", ""REW_<<"", ""RED_<<"", "">"", ""RED"", ""REWIND"", ""PLAY"", ""GREEN_>"", ""GREEN"", ""PAUSE"", ""YELLOW_II"", ""YELLOW"", ""FFW_>>"", ""BLUE_>>"", ""BACKGROUND"", ""BLUE"", ""FAST_FORWARD"", ""MUTE"", ""TEXT"", "">"", ""FORWARD"", ""PAGE_UP"", ""<"", ""PAGE_DOWN"", ""EXIT"", ""LAME!"", ""RADIO"", ""RADIO_O"", ""RECORD"", ""TUNER"", ""HELP"", ""SET-TOP_BOX_0"", ""SET-TOP_BOX_1"", ""SET-TOP_BOX_2"", ""SET-TOP_BOX_3"", ""SET-TOP_BOX_4"", ""SET-TOP_BOX_5"", ""SET-TOP_BOX_6"", ""SET-TOP_BOX_7"", ""SET-TOP_BOX_8"", ""SET-TOP_BOX_9"", ""POWER_OFF"", ""POWER"", ""POWER_ON"", ""RWD"", ""PLAY"", ""PAUSE"", ""FF"", ""STOP""]","[""NECext""]","[""1A 00 00 00""]",device_family,0.58,"[""modelo/família identificável com conjunto amplo""]","[""modelo de baixa confiança foi tratado como evidência estrutural"", ""muitos nomes compartilham a mesma intenção"", ""nomes de comandos reais não chegaram ao classificador"", ""protocolos reais não chegaram ao classificador"", ""sequência numerada pode indicar codeset ou bruteforce""]","[""50 device_family determinísticos""]"
57b626cc42fb874e,_Converted_/CSV/D/Dwin/Video_Projector/15_-1.ir,15_-1.ir,Converted/CSV,Dwin,15_-1,89,"[""ALT"", ""CTR_+"", ""GUIDE"", ""NEXT"", ""SOURCE"", ""SUB_+"", ""PREV_CH"", ""MENU"", ""EXIT"", ""FLASHBK"", ""POWER_ON"", ""POWER"", ""POWER"", ""POWER_OFF"", ""CH_-"", ""CH_V"", ""CH_+"", ""CH_^"", ""VOL_-"", ""VOL_V"", ""VOL_+"", ""VOL_^"", ""0"", ""0_-_DVI2"", ""1"", ""1_-_COMPOSITE_1"", ""2"", ""2_-_COMPOSITE_2"", ""3"", ""3_-_SVIDEO_1"", ""4"", ""4_-_SVIDEO_2"", ""5"", ""5_-_COMPONENT_1"", ""6"", ""6_-_COMPONENT_2"", ""7"", ""7_-_RGB1"", ""8"", ""8_-_RGB2"", ""9"", ""9_-_DVI_1"", ""+10"", ""CURSOR_UP"", ""SELECT_^"", ""ARROW_UP"", ""UP"", ""ENTER"", ""MUTE"", ""CURSOR_LEFT"", ""ADJ_<"", ""ARROW_LEFT"", ""LEFT"", ""CURSOR_RIGHT"", ""ADJ_>"", ""ARROW_RIGHT"", ""RIGHT"", ""SELECT"", ""MENU"", ""EXIT"", ""OFF"", ""SOURCE"", ""POWER"", ""0"", ""1"", ""2"", ""3"", ""4"", ""5"", ""6"", ""7"", ""8"", ""9"", ""UP"", ""LEFT"", ""RIGHT"", ""ENTER"", ""DOWN"", ""INFO"", ""GUIDE"", ""CURSOR_DOWN"", ""SELECT_V"", ""ARROW_DN"", ""DOWN"", ""INFO"", ""MODE_+"", ""FAV"", ""GUIDE"", ""SCREEN_R""]","[""NECext""]","[""0F 00 00 00""]",device_family,0.58,"[""modelo/família identificável com conjunto amplo""]","[""modelo de baixa confiança foi tratado como evidência estrutural"", ""muitos nomes compartilham a mesma intenção"", ""nomes de comandos reais não chegaram ao classificador"", ""protocolos reais não chegaram ao classificador"", ""sequência numerada pode indicar codeset ou bruteforce""]","[""50 device_family determinísticos""]"
442a57760e4f32bc,_Converted_/CSV/E/Escient/Media_Manager/1_22.ir,1_22.ir,Converted/CSV,Escient,1_22,107,"[""0"", ""1_./_?'"", ""1"", ""2"", ""3_DEF"", ""3"", ""4"", ""5_JKL"", ""5"", ""6"", ""7_PQRS"", ""7"", ""8"", ""9_WXYZ"", ""9"", ""VOLUME_DOWN"", ""CH_PAGE_UP"", ""CH/PAGE_+"", ""CHANNEL_+"", ""PAGE_DOWN"", ""CH/PAGE_DOWN"", ""POWER"", ""PWR"", ""ENTER"", ""MODE"", ""LAST_/_MODE"", ""MODE/LAST"", ""SETUP"", ""OPTIONS"", ""GUIDE"", ""GUIDE_TOGGLE"", ""MENU_-_HOME"", ""OPEN_GLOBE"", ""GLOBE"", ""DISC_FLIP"", ""OPENGLOBE"", ""TOGGLE/EXIT"", ""CURSOR_UP"", ""ARROW_UP"", ""ARROW_DOWN"", ""CURSOR_DOWN"", ""CURSOR_LEFT"", ""CURSOR_RIGHT"", ""ARROW_RIGHT"", ""CURSOR_OK"", ""INFO_/_ALL"", ""INFO"", ""MENU_/_VIEW"", ""MENU/VIEW"", ""MENU"", ""VIEW_TOGGLE"", ""REW_/BACKSPACE"", ""REWIND/BACKSPACE"", ""REW"", ""BACKSPACE"", ""REWIND_BACKSPACE"", ""PLAY"", ""SKIP_>>"", ""FF/SPACE"", ""FF"", ""SPACE"", ""FORWARD_SPACE"", ""SCAN_>>"", ""RECORD"", ""STOP"", ""PAUSE"", ""MOVIES"", ""SKIP_>>"", ""SKIP_<<"", ""I-RADIO"", ""I_RADIO"", ""IRADIO"", ""RADIO"", ""MENU_-_RHAPSODY"", ""NEXT"", ""DISC_+"", ""JUKEBOX_NEXT"", ""MUSIC"", ""MENU_-_MUSIC"", ""ADD_FAVORITES"", ""ADD_TO_FAVORITES"", ""JUKEBOX_ADD"", ""PLAY_FAVOR"", ""PLAY_(FAVORITES)"", ""RAMDOM"", ""RANDOM"", ""AUDIO"", ""MACRO"", ""JUKEBOX_MACRO"", ""PREV"", ""JUKEBOX_PREVIOUS"", ""JUKEBOX_REPEAT"", ""REPEAT"", ""POWER_ON"", ""POWER_OFF"", ""PLAYMODE-NORMAL"", ""PLAYMODE-RPT_TRACK"", ""PLAYMODE-RPT_TITLE"", ""PLAYMODE-RPT_GROUP"", ""PLAYMODE-RAND_TITLE"", ""PLAYMODE-RAND_GROUP"", ""VIEW_BY_ARTIST"", ""VIEW_BY_TITLE"", ""VIEW_BY_SONG"", ""VIEW_BY_COVER"", ""PLAYER"", ""GUIDE""]","[""NECext""]","[""01 16 00 00""]",device_family,0.58,"[""modelo/família identificável com conjunto amplo""]","[""modelo de baixa confiança foi tratado como evidência estrutural"", ""muitos nomes compartilham a mesma intenção"", ""nomes de comandos reais não chegaram ao classificador"", ""protocolos reais não chegaram ao classificador"", ""sequência numerada pode indicar codeset ou bruteforce""]","[""50 device_family determinísticos""]"
4ca81ad4908f3e66,_Converted_/CSV/F/Fujitsu/Plasma/132_-1.ir,132_-1.ir,Converted/CSV,Fujitsu,132_-1,105,"[""POWER"", ""POWER_ON"", ""POWER"", ""POWER_-_ON"", ""POWER_OFF"", ""OFF"", ""POWER_-_OFF"", ""MODE"", ""VIDEO"", ""VIDEO_1_2_3"", ""INPUT_-_VIDEO"", ""VIDEO_1"", ""INPUT_1_-_COMPOSITE"", ""COMPOSITE"", ""VIDEO"", ""RGB"", ""RGB_1_2"", ""INPUT_-_RGB"", ""INPUT_RGB2_-_(D-SUB)"", ""RGB_DSUB"", ""RGB2:_D-SUB15"", ""RGB-BNC"", ""RGB3:_5_BNC"", ""INPUT_2_-_S-VIDEO"", ""S-VIDEO"", ""COMPONET"", ""COMPONENT"", ""HIDDEN_1"", ""INPUT_RGB1_-_DVI"", ""RGB_DVI"", ""RGB1:_DVI-D"", ""SHIFT_1"", ""VOL_+"", ""VOL-_UP"", ""VOL+"", ""VOLUME_UP"", ""SHIFT_2"", ""VOL+"", ""VOL_-"", ""VOL-_DOWN"", ""VOL-"", ""VOLUME_DOWN"", ""VOL_DN"", ""SHIFT_3"", ""CUR_LEFT"", ""CURSOR_-_LEFT"", ""CURSOR_LEFT"", ""ARROW_LEFT"", ""LEFT"", ""ADJ_LEFT"", ""CURSOR_LF"", ""CUR_RIGHT"", ""CURSOR_-_RIGHT"", ""CURSOR_RIGHT"", ""ARROW_RIGHT"", ""RIGHT"", ""ADJ_RIGHT"", ""CURSOR_RT"", ""MENU"", ""SHIFT_4"", ""CUR_UP"", ""CURSOR_-_UP"", ""CURSOR_UP"", ""ADJUST_>"", ""ARROW_UP"", ""UP"", ""ADJ_UP"", ""CUR_DOWN"", ""CURSOR_-_DOWN"", ""ADJUST_<"", ""ARROW_DOWN"", ""DOWN"", ""ADJ_DOWN"", ""CURSOR_DN"", ""CURSOR_-_ENTER"", ""CURSOR_DOWN"", ""ENTER"", ""SET"", ""HIDDEN_4"", ""HIDDEN_6"", ""HIDDEN_5"", ""WIDE"", ""SCRN.MODE-WIDE"", ""ASPECT_TOGGLE"", ""ASPECT_AUTO"", ""SCRN.MODE-NORMAL"", ""NORMAL"", ""ASPECT_NORMAL"", ""SCRN.MODE-WIDE1"", ""SCRN.MODE-WIDE2"", ""WIDE_1"", ""WIDE_2"", ""ASPECT_WIDE1"", ""ASPECT_WIDE2"", ""SCRN.MODE-ZOOM1"", ""ZOOM1"", ""ASPECT_ZOOM1"", ""SCRN.MODE-ZOOM2"", ""ZOOM_2"", ""ASPECT_ZOOM2"", ""HIDDEN_8"", ""LOCK_(HIDDEN)"", ""HIDDEN_7"", ""MODE_(HIDDEN)"", ""HIDDEN_3""]","[""NECext""]","[""84 00 00 00""]",device_family,0.58,"[""modelo/família identificável com conjunto amplo""]","[""modelo de baixa confiança foi tratado como evidência estrutural"", ""muitos nomes compartilham a mesma intenção"", ""nomes de comandos reais não chegaram ao classificador"", ""protocolos reais não chegaram ao classificador"", ""sequência numerada pode indicar codeset ou bruteforce""]","[""50 device_family determinísticos""]"
a2a847da8dacd10c,_Converted_/CSV/G/General_Instruments/Unknown_XRC-200/0_-1.ir,0_-1.ir,Converted/CSV,General_Instruments,0_-1,84,"[""CBL_0"", ""CBL_0"", ""CBL_1"", ""CBL_1"", ""CBL_2"", ""CBL_2"", ""CBL_3"", ""CBL_3"", ""CBL_4"", ""CBL_4"", ""CBL_5"", ""CBL_5"", ""CBL_6"", ""CBL_6"", ""CBL_7"", ""CBL_7"", ""CBL_8"", ""CBL_8"", ""CBL_9"", ""CBL_9"", ""CBL_POWER"", ""CBL_POWER"", ""CBL_CHAN+"", ""CBL_CHAN+"", ""CBL_CHAN-"", ""CBL_CHAN-"", ""CBL_VOL+"", ""CBL_VOL+"", ""CBL_VOL-"", ""CBL_VOL-"", ""CBL_MUTE"", ""CBL_MUTE"", ""CBL_MUSIC"", ""CBL_MUSIC"", ""CBL_OK"", ""CBL_OK"", ""EXIT"", ""EXIT"", ""CBL_LAST"", ""CBL_LAST"", ""CBL_BYPASS"", ""CBL_BYPASS"", ""CBL_FAV"", ""CBL_FAV"", ""CBL_LOCK"", ""CBL_LOCK"", ""CBL_A"", ""CBL_A"", ""CBL_MENU"", ""CBL_MENU"", ""CBL_FF"", ""CBL_FF"", ""CBL_REW"", ""CBL_REW"", ""CBL_PAUSE"", ""CBL_PAUSE"", ""CBL_B"", ""CBL_B"", ""CBL_C"", ""CBL_C"", ""CBL_GUIDE"", ""CBL_GUIDE"", ""CBL_REC"", ""CBL_REC"", ""CBL_HELP"", ""CBL_HELP"", ""CBL_INFO"", ""CBL_INFO"", ""CBL_UP"", ""CBL_UP"", ""CBL_DOWN"", ""CBL_DOWN"", ""CBL_LEFT"", ""CBL_LEFT"", ""CBL_RIGHT"", ""CBL_RIGHT"", ""CBL_PLAY"", ""CBL_PLAY"", ""CBL_STOP"", ""CBL_STOP"", ""CBL_PAGE+"", ""CBL_PAGE+"", ""CBL_PAGE-"", ""CBL_PAGE-""]","[""NECext""]","[""00 00 00 00""]",device_family,0.58,"[""modelo/família identificável com conjunto amplo""]","[""modelo de baixa confiança foi tratado como evidência estrutural"", ""muitos nomes compartilham a mesma intenção"", ""nomes de comandos reais não chegaram ao classificador"", ""protocolos reais não chegaram ao classificador"", ""sequência numerada pode indicar codeset ou bruteforce""]","[""50 device_family determinísticos"", ""50 maiores repetições de nomes""]"
1032d0c4fc0189e1,_Converted_/CSV/G/Grundig/Unknown_Grundig-TP660/0_-1.ir,0_-1.ir,Converted/CSV,Grundig,0_-1,41,"[""32"", ""40"", ""14"", ""36"", ""29"", ""28"", ""24"", ""23"", ""19"", ""18"", ""39"", ""38"", ""34"", ""33"", ""26"", ""11"", ""12"", ""13"", ""15"", ""16"", ""17"", ""20"", ""21"", ""22"", ""25"", ""27"", ""37"", ""30"", ""35"", ""41"", ""5"", ""10"", ""7"", ""9"", ""8"", ""2"", ""4"", ""31"", ""6"", ""1"", ""3""]","[""NECext""]","[""00 00 00 00""]",specific_device,0.72,"[""modelo identificável e conjunto coerente""]","[""modelo de baixa confiança foi tratado como evidência estrutural"", ""muitos nomes compartilham a mesma intenção"", ""nomes de comandos reais não chegaram ao classificador"", ""protocolos reais não chegaram ao classificador"", ""sequência numerada pode indicar codeset ou bruteforce""]","[""50 nomes ou comandos com sequências numéricas""]"
5400a17fbd65cec0,_Converted_/CSV/H/Harman_Kardon/CD_Player/128_112.ir,128_112.ir,Converted/CSV,Harman_Kardon,128_112,98,"[""OPEN/CLOSE"", ""POWER"", ""STOP"", ""STOP_[]"", ""PLAY"", ""PLAY_>"", ""PLAY/PAUSE"", ""PAUSE"", ""PAUSE"", ""SKIP_>>"", "">>I"", "">>"", ""SKIP_FWD_>>"", ""SKIP_<<"", ""I<<"", ""<<"", ""SKIP_REV_<<"", ""<<SEARCH"", ""SEARCH>>"", "">>"", "">>"", ""SEARCH_>>"", ""SEARCH_>>"", ""SEARCH_<<"", ""<<"", ""<<"", ""SEARCH_<<"", ""INDEX_->"", ""10+"", ""INDEX_<-"", ""10-"", ""REPEAT"", ""REPEAT"", ""A-B"", ""REPEAT_A-B"", ""SPACE"", ""INTRO_SCAN"", ""INTRO"", ""PROGRAM"", ""PROGRAM"", ""CLEAR"", ""CLEAR"", ""10+"", ""+10"", ""1"", ""1"", ""2"", ""2"", ""3"", ""3"", ""4"", ""4"", ""5"", ""5"", ""6"", ""6"", ""7"", ""7"", ""8"", ""8"", ""9"", ""9"", ""10"", ""10"", ""0"", ""CHECK"", ""CHECK"", ""TIME"", ""TIME"", ""DISPLAY"", ""DISPLAY"", ""OUTPUT_^"", ""FOLDER+"", ""OUTPUT_V"", ""FOLDER-"", ""0"", ""0"", ""SHUFFLE"", ""RANDOM"", ""PAUSE"", ""RANDOM"", ""DISC_+"", ""DISC_SKIP"", ""SKIP_UP"", ""DISC_1"", ""DISC_2"", ""DISC_3"", ""DISC_4"", ""DISC_5"", ""POWER"", ""POWER_ON"", ""OFF"", ""POWER_OFF"", ""POWER_ON"", ""POWER_OFF"", ""DISC_-"", ""SKIP_DN"", ""INFO""]","[""NECext""]","[""80 70 00 00""]",device_family,0.58,"[""modelo/família identificável com conjunto amplo""]","[""modelo de baixa confiança foi tratado como evidência estrutural"", ""muitos nomes compartilham a mesma intenção"", ""nomes de comandos reais não chegaram ao classificador"", ""protocolos reais não chegaram ao classificador"", ""sequência numerada pode indicar codeset ou bruteforce""]","[""50 device_family determinísticos""]"
7b5428d4ce73372d,_Converted_/CSV/H/Harman_Kardon/DVD_Player/130_114.ir,130_114.ir,Converted/CSV,Harman_Kardon,130_114,121,"[""EJECT"", ""OPEN/CLOSE"", ""OPEN/CLOSE"", ""POWER_ON"", ""POWER"", ""POWER"", ""POWER_OFF"", ""OFF"", ""TITLE"", ""TITLE"", ""SET-UP"", ""OSD"", ""SETUP"", ""RETURN"", ""UP"", ""CURSOR_UP"", ""PIL_UPP"", ""CURSOR_UP"", ""DOWN"", ""CURSOR_DOWN"", ""PIL_NER"", ""CURSOR_DOWN'"", ""LEFT"", ""CURSOR_LEFT"", ""NSTER"", ""CURSOR_LEFT"", ""RIGHT"", ""CURSOR_RIGHT"", ""GER"", ""RIGH"", ""ENTER"", ""SELECT"", ""ENTER"", ""PLAY"", ""PAUSE"", ""PAUSE"", ""STOP"", ""STOP"", ""SEARCH_<<"", ""SCAN_<<"", ""SKIP_<<"", ""SEARCH_<<"", ""SEARCH_<<"", ""SCAN_<<"", ""REWIND"", ""SEARCH_>>"", ""SCAN_>>"", ""SKIP_>>"", ""SEARCH_>>"", ""SEARCH_>>"", ""SCAN_>>"", ""FAST_FOWARD"", ""SKIP_<<"", ""PREVIOUS"", ""PREVIOUS"", ""SKIP_>>"", ""NEXT"", ""NEXT"", ""SUBTITLE"", ""AUDIO_MODE"", ""AUDIO"", ""AUDIO"", ""ANGLE"", ""ANGLE"", ""EZ-MENU"", ""EZMENU"", ""STATUS"", ""STATUS"", ""FRAME_>>"", ""SLOW_MOTION_+"", ""SLOW_MOTION_-"", ""FRAME_<<"", ""SLOW_MOTION_-"", ""SLOW_MOTION_+"", ""ZOOM"", ""ZOOM"", ""TEST"", ""GROUP"", ""MENU"", ""DISC_MENU"", ""D.MENU"", ""INFO"", ""V.OFF"", ""0"", ""1"", ""2"", ""2"", ""3"", ""3"", ""4"", ""4"", ""5"", ""5"", ""6"", ""6"", ""7"", ""7"", ""8"", ""8"", ""9"", ""9"", ""PROG"", ""PROG"", ""CHECK"", ""CLEAR"", ""RANDOM"", ""REPEAT"", ""PREAT"", ""REPEAT"", ""A-B"", ""SIDE_A/B"", ""A-B"", ""PLAYLIST"", ""PLAY_LIST"", ""DIMMER"", ""DISPLAY"", ""DIMMER"", ""PIC_+"", ""PIC_-"", ""AUDIO_MODE"", ""HDMI""]","[""NECext""]","[""82 72 00 00""]",device_family,0.58,"[""modelo/família identificável com conjunto amplo""]","[""modelo de baixa confiança foi tratado como evidência estrutural"", ""muitos nomes compartilham a mesma intenção"", ""nomes de comandos reais não chegaram ao classificador"", ""protocolos reais não chegaram ao classificador"", ""sequência numerada pode indicar codeset ou bruteforce""]","[""50 device_family determinísticos"", ""50 maiores repetições de nomes""]"
069e5f873cb79755,_Converted_/CSV/H/Harman_Kardon/Receiver/128_112.ir,128_112.ir,Converted/CSV,Harman_Kardon,128_112,327,"[""CD_STOP_[]"", ""CD_STOP"", ""CD_STOP"", ""CD_STOP_(RDS_DISP)"", ""CD_STOP"", ""CD_PLAY_>"", ""CD_PLAY"", ""CD_PLAY"", ""CD_PLAY_(AF)"", ""CD_PLAY"", ""CD_PAUSE_"", ""CD_PAUSE"", ""CD_MUTE"", ""CD_REC/PAUSE_(PTY)"", ""CD_SKIP_>>"", ""CD_SKIP_>>"", ""CD_CHAN/SKIP_>>"", ""CD_SKIP_+"", ""CD_SKIP_<<"", ""CD_SKIP_<<"", ""CD_CHAN/SKIP_<<"", ""CD_SKIP_-"", ""CD_SEARCH_>>"", ""CD_SEARCH>>"", ""CD_SEARCH>>"", ""CD_SCAN_>>"", ""CD_TUNE/SRCH_>>"", ""CD_SEARCH_<<"", ""CD_SEARCH<<"", ""CD_SEARCH<<"", ""CD_SCAN_<<"", ""CD_TUNE/SRCH_<<"", ""CD_REPEAT"", ""CD_A-B"", ""CD_A-B"", ""CD_A_-_B"", ""CD_INTRO"", ""CD_INTRO"", ""INTRO"", ""CD_#_(P-SCAN)"", ""CD_*_(MEMO)"", ""CLEAR"", ""DIRECT"", ""CD_1_(ABC)"", ""CD_2_(DEF)"", ""CD_3_(GHI)"", ""CD_4_(JKL)"", ""CD_5_(MNO)"", ""CD_6_(PQR)"", ""CD_7_(STU)"", ""CD_8_(VWX)"", ""CD_9_(YZ)"", ""CD_0"", ""TUNING+"", ""TUNING-"", ""CD_0_(CLEAR)"", ""CD_DISC"", ""CD_DISC"", ""DISC"", ""CD_DISC_SKIP"", ""CD_DISC_+"", ""CD_PRESET_DISC_+"", ""DISC_+"", ""CD_SOURCE_POWER_ON"", ""Unknown"", ""CD_ON"", ""CD_SOURCE_POWER_OFF"", ""CD_OFF"", ""CD_POWER_OFF"", ""CD_PRESET_DISC_-"", ""DISC_-"", ""CD_REV_PLAY_<_(FM_M)"", ""FM"", ""AM/FM"", ""IN_AM/FM"", ""AM/FM"", ""SOURCE_RADIO"", ""INPUT_AM/FM"", ""TUNER"", ""AM"", ""TUNING_^"", ""TUNING_+"", ""AVR30_CH_^"", ""TUNING_UP"", ""TUNE+"", ""TUNE_^"", ""TUNE_+"", ""TUNING_UP"", ""TUNE_UP"", ""TUNE_UP"", ""TUNING_>>"", ""AM/FM_TUNE/SRCH_>>"", ""TUNER_SCAN_+"", ""TUNING_V"", ""TUNING_-"", ""AVR30_CH_V"", ""TUNING_DOWN"", ""TUNE-"", ""TUNE_V"", ""TUNE_-"", ""TUNING_DOWN"", ""TUNE_DOWN"", ""TUNE_DN"", ""TUNING_<<"", ""TUNE_DOWN"", ""AM/FM_TUNE/SRCH_<<"", ""TUNER_SCAN_-"", ""MEMORY"", ""MEM"", ""AM/FM_*_(MEMO)"", ""1"", ""AVR30_1"", ""DELAY1"", ""AM/FM_1"", ""1"", ""AM/FM_1_(ABC)"", ""TUNER_PRESET_1"", ""2"", ""AVR30_2"", ""2"", ""AM/FM_2"", ""3"", ""AM/FM_2_(DEF)"", ""TUNER_PRESET_2"", ""3"", ""AVR30_3"", ""3"", ""AM/FM_3"", ""AM/FM_3_(GHI)"", ""TUNER_PRESET_3"", ""4"", ""AVR30_4"", ""AM/FM_4"", ""4"", ""AM/FM_4_(JKL)"", ""TUNER_PRESET_4"", ""5"", ""AVR30_5"", ""AM/FM_5"", ""5"", ""AM/FM_5_(MNO)"", ""TUNER_PRESET_5"", ""6"", ""AVR30_6"", ""AM/FM_6"", ""AM/FM_6_(PQR)"", ""TUNER_PRESET_6"", ""7"", ""AVR30_7"", ""6CH"", ""AM/FM_7"", ""7"", ""AM/FM_7_(STU)"", ""TUNER_PRESET_7"", ""8"", ""AVR30_8"", ""7"", ""AM/FM_8"", ""8"", ""AM/FM_8_(VWX)"", ""TUNER_PRESET_8"", ""SHIFT"", ""AVR30_SHIFT"", ""SEEK"", ""SEEK-STEREO"", ""TUN-M"", ""FM_MODE"", ""TUNE-M"", ""AM/FM_FM_MODE_(<)"", ""P.SCAN"", ""PRESET_SCAN"", ""TUNER_P.SCAN"", ""PRESET_SCAN"", ""PSCAN"", ""P._SCAN"", ""AM/FM_#_(P-SCAN)"", ""DIRECT"", ""DIRECT"", ""DIRECT/M3"", ""ON_(MAIN_POWER)"", ""POWER"", ""9"", ""9"", ""AM/FM_9_(YZ)"", ""TUNER_PRESET_9"", ""9"", ""0"", ""0"", ""AM/FM_0_(CLEAR)"", ""POWER_OFF"", ""OFF"", ""POWER"", ""OFF_(MAIN_POWER)"", ""RECEIVER_POWER_OFF"", ""SOURCE_CABLE/SAT"", ""SOURCE_TV"", ""SOURCE_GAME"", ""SOURCE_MEDIA_SERVR"", ""SOURCE_AUX"", ""LAST"", ""BACK/EXIT"", ""MENU"", ""CHANNEL_+"", ""CHANNEL_-"", ""INFO"", ""POWER_ON"", ""RECEIVER_POWER"", ""POWER"", ""AVR30_POWER"", ""STANDBY"", ""AVR"", ""IN_AVR"", ""POWER"", ""AVR_/_ON"", ""ON/AVR"", ""STANDBY"", ""MUTE"", ""VOLUME_MUTE"", ""MUTE"", ""MUTE"", ""PHONO"", ""TUNER"", ""CD"", ""IN_CD"", ""CD"", ""A/V"", ""AUX"", ""VIDEO"", ""VOL+"", ""VOLUME_^"", ""VOL_^"", ""MASTER_VOLUME_^"", ""VOLUME+"", ""VOLUME_UP"", ""VOLYM_+"", ""VOL-"", ""VOLUME_V"", ""VOL_V"", ""MASTER_VOLUME_V"", ""VOLUME_DOWN"", ""VOLYM_-"", ""VIDEO_1"", ""VCR1"", ""VCR_1"", ""VID1"", ""VCR/TAPE1"", ""IN_VIDEO_1"", ""VIDEO1"", ""VID_1"", ""INPUT_VIDEO_1"", ""VCR1"", ""VIDEO_2"", ""VCR2"", ""VCR_2"", ""VID2"", ""VCR/TAPE2"", ""IN_VIDEO_2"", ""VIDEO2"", ""VID_2"", ""INPUT_VIDEO_2"", ""VCR2"", ""TAPE/CDR"", ""TAPE_1"", ""TAPE"", ""IN_TAPE"", ""TAPE1"", ""TAPE_MON"", ""TAPE_2"", ""TAPE_MON"", ""IN_AUX"", ""TAPE2"", ""TAPE_MON"", ""VIDEO_3"", ""AUX"", ""TV/AUX"", ""VID3"", ""IN_VIDEO_3"", ""VIDEO3"", ""TV_/_AUX"", ""VID_3"", ""INPUT_VIDEO_3"", ""TV/AUX"", ""DVD"", ""IN_DVD"", ""VDP"", ""SOURCE_DVD"", ""VIDEO4"", ""VCP"", ""VID_4"", ""VIDEO_4"", ""SAT"", ""TV"", ""R_LEV_^(REAR_LEVEL)"", ""SURR_REAR_LVL_^"", ""REAR_LEVEL+"", ""REAR_LEVEL_+"", ""REAR_LEVEL_^"", ""R_LEV_V(REAR_LEVEL)"", ""SURR_REAR_LVL_V"", ""REAR_LEVEL-"", ""REAR_LEVEL_-"", ""REAR_LEVEL_V"", ""SURR_CENTER_LVL_^"", ""CENTER_LEVEL+"", ""CENTER_LEVEL_+"", ""SURR_CENTER_LVL_V"", ""CENTER_LEVEL-"", ""CENTER_LEVEL_-"", ""SLEEP"", ""CH+"", ""CH+_/_SLEEP"", ""SLEEP/CH_+"", ""SLEEP"", ""DIMMER"", ""DISPLAY"", ""DIM"", ""THE_BRIDGE"", ""SOURCE_THE_BRIDGE"", ""HDMI"", ""IN_HDMI_1"", ""HDMI_1"", ""IN_HDMI_2"", ""HDMI_2"", ""XM"", ""VIDEO_MODES"", ""IN_HDMI_3"", ""AVR30_0/9""]","[""NECext""]","[""80 70 00 00""]",device_family,0.58,"[""modelo/família identificável com conjunto amplo""]","[""modelo de baixa confiança foi tratado como evidência estrutural"", ""muitos nomes compartilham a mesma intenção"", ""nomes de comandos reais não chegaram ao classificador"", ""protocolos reais não chegaram ao classificador"", ""sequência numerada pode indicar codeset ou bruteforce""]","[""50 device_family determinísticos"", ""50 maiores quantidades de comandos"", ""50 maiores repetições de nomes"", ""50 nomes ou comandos com sequências numéricas""]"
ed04715af67d03df,_Converted_/CSV/H/Harman_Kardon/Receiver/130_114.ir,130_114.ir,Converted/CSV,Harman_Kardon,130_114,281,"[""CAS.PLAY_>"", ""CASS_PLAY_>"", ""CASS_TRACK+"", ""CASS_FAST_FORWARD"", ""CASS.DECK_PLAY_>"", ""TAPE1_PLAY_>"", ""TAPE_PLAY_>_(AF)"", ""CAS.REV.PLAY_<"", ""CASS_REV_PLAY"", ""CASS_REV.PLAY_<"", ""CASS_TRACK-"", ""CASS_REWIND"", ""CASS.DECK_REV_PLAY"", ""TAPE1_REV_PLAY"", ""TAPE_REV_PLAY_<_(FM)"", ""CAS.STOP_[]"", ""CASS_STOP_[]"", ""CASS_STOP"", ""CASS_DECK_STOP"", ""CASS.DECK_STOP_[]"", ""TAPE1_STOP_[]"", ""TAPE_STOP_[]_(RDS)"", ""CAS.F.FWD_>>"", ""CASS_FWD_>>"", ""CASS_F.FWD_>>"", ""CASS_SCAN+"", ""CASS_SEARCH>>"", ""CASS.DECK_FF_>>"", ""TUNING_+"", ""TAPE1_TUNE/SRCH_>>"", ""TAPE_TUNE/SCH_>>"", ""CAS.REW_<<"", ""CASS_REW_<<"", ""CASS_SCAN-"", ""CASS_SEARCH<<"", ""CASS.DECK_REW_<<"", ""TUNING_-"", ""TAPE1_TUNE/SRCH_<<"", ""TAPE_TUNE/SCH_<<"", ""CAS.REC/PAUSE"", ""CASS_REC/PAUSE"", ""CASS_PAUSE"", ""CASS_RECORD"", ""CASS.DECK_REC/PAUSE"", ""TAPE1_PAUSE_"", ""TAPE_REC/PAUSE_(PTY)"", ""CAS.SKIP_>>"", ""CASS_SKIP_>>"", ""CASS.DECK_SRCH_>>"", ""TAPE1_CHAN/SKIP_>>"", ""TAPE_SKIP_>>"", ""CAS.SKIP_<<"", ""CASS_SKIP_<<"", ""CASS.DECK_SRCH_<<"", ""TAPE1_CHAN/SKIP_<<"", ""TAPE_SKIP_<<"", ""#_(P-SCAN)"", ""CASS_SELECT_A/B"", ""CASS_A-B"", ""TAPE1_DISC/DECK/ANT"", ""TAPE_PRESET_DISC_+/-"", ""CASS_A/B_(SELECT)"", ""POWER_ON"", ""Unknown"", ""AM/FM"", ""POWER_OFF"", ""DVD_POWER_OFF"", ""LEFT"", ""RIGHT"", ""SET"", ""DVD_PLAY"", ""DVD_STOP"", ""SKIP_NER"", ""DVD_SKIP_-"", ""SKIP_UPP"", ""DVD_SKIP_+"", ""TAPE1_SOURCE_POW_ON"", ""TAPE_ON_(SRCE_PWR)"", ""TAPE1_SOURCE_POW_OFF"", ""TAPE_OFF_(SRCH_PWR)"", ""DOLBY"", ""DOLBY_SUR"", ""AC-3"", ""DELAY"", ""DELAY"", ""PREV_CH_/_DELAY_/_BL"", ""PREV._CH./DELAY"", ""SPKR"", ""SPEAKER"", ""MENU"", ""MENU_/_SPKR_/_GRE"", ""MENU/SPKR"", ""DIGITAL"", ""DIGITAL"", ""EXIT_/_DIGITAL_/_YEL"", ""EXIT/DIGITAL"", ""RF"", ""OPT"", ""OPTICAL"", ""COAX"", ""CH-"", ""CH-_/_SURR"", ""SURROUND"", ""SURR./CH_-"", ""SURR"", ""OSD"", ""AVR_(MENY)"", ""OSD"", ""CH"", ""CHANNEL"", ""CH."", ""GUIDE"", ""GUIDE_/_CH_/_RED"", ""CH"", ""GUIDE/CH"", ""CH_SELECT"", ""CH._SELECT"", ""ON_SCREEN_^"", ""ON_SCREEN_^"", ""UP_ARROW"", ""SELECT_^"", ""CURSOR_UP"", ""ON_SCREEN_V"", ""ON_SCREEN_V"", ""DOWN_ARROW"", ""SELECT_V"", ""CURSOR_DOWN"", ""ON_SCREEN_>"", ""ON_SCREEN_>"", ""RIGHT_ARROW"", ""SELECT_>"", ""CURSOR_RIGHT"", ""ON_SCREEN_<"", ""ON_SCREEN_<"", ""LEFT_ARROW"", ""SELECT_<"", ""CURSOR_LEFT"", ""ON_SCREEN_ENTER"", ""ENTER"", ""CURSOR_OK"", ""ON_SCREEN_ENTER"", ""SET"", ""CURSOR_SET"", ""SELECT"", ""SURROUND_UP"", ""SURROUND_DOWN"", ""EFFECTS_^"", ""EFFECTS_V"", ""SURROUND_OFF"", ""SURR_OFF"", ""OFF"", ""DIRECT"", ""SURROUND_DELAY"", ""SURR_DELAY"", ""DELAY"", ""SURR_TEST"", ""TEST"", ""TEST"", ""T/V_/_TEST"", ""TEST_TONE"", ""SURR_CENT_MODE"", ""CENTER_MODE"", ""CENT_MODE"", ""CENTER"", ""SPEAKER_^"", ""SPEAKER_+"", ""SPEAKER_V"", ""SPEAKER_-"", ""SURROUND_HALL"", ""SURR_HALL"", ""HALL"", ""CLUB"", ""SURROUND_THEATER"", ""THEATER"", ""SIM.SURR."", ""SIM._SURR"", ""MATRIX"", ""SURROUND_STADIUM"", ""STADIUM"", ""MOVIE"", ""NIGHT"", ""NIGHT"", ""UP"", ""CURSOR_UP"", ""CURSOR_UP"", ""UP"", ""UP_ARROW"", ""PIL_UPP"", ""DOWN"", ""DN"", ""CURSOR_DOWN"", ""DOWN"", ""CURSOR_DOWN"", ""DOWN_ARROW"", ""PIL_NER"", ""STEREO"", ""STEREO"", ""STEREO/BYPASS"", ""VMAX"", ""SURROUND_3_STEREO"", ""SURR_3STEREO"", ""SURROUND_3-CH"", ""3-CH"", ""3_ST"", ""3_CHAN._STEREO"", ""MOVIE"", ""SURROUND_PRO-LOGIC"", ""SURR_PRO-LOGIC"", ""PRO-LOGIC"", ""PROLOGIC"", ""P/L"", ""DTS"", ""DTS_SURR"", ""DTS_SUR"", ""DTS_SURROUND"", ""DTS_NEO:6"", ""DTS_NEO:6"", ""DTS_NEO_6"", ""DTS_NEO"", ""LOGIC_7"", ""AUDIO_EFFECTS"", ""SURROUND_MODES"", ""LEFT"", ""CURSOR_LEFT"", ""CURSOR_LEFT"", ""LEFT_ARROW"", ""NSTER"", ""RIGHT"", ""CURSOR_RIGHT"", ""CURSOR_RIGHT"", ""RIGHT"", ""RIGHT_ARROW"", ""GER"", ""SPEAKER_1"", ""SPEAKERS_1"", ""SPEAKER_2"", ""SPEAKERS_2"", ""TONE"", ""PRES+"", ""PRESET_+"", ""PRESET+"", ""PRESET_UP"", ""PRESET_UP"", ""PSET_UP"", ""PRESET_>>"", ""AM/FM_PRESET_DISC_+"", ""TUNER_PRESET_+"", ""FM_PRESET_+"", ""PRES-"", ""PRESET_-"", ""PRESET-"", ""PRESET_DOWN"", ""PRESET_DOWN"", ""PSET_DN"", ""PRESET_<<"", ""AM/FM_PRESET_DISC_-"", ""TUNER_PRESET_-"", ""FM_PRESET_-"", ""AM/FM_SKIP_>>"", ""AM/FM_SKIP_<<"", ""AM/FM_PTY_(REC/)"", ""AM/FM_AF_(>)"", ""6_CH"", ""CLEAR"", ""CLEAR/M4"", ""6/8_CH"", ""6_CHAN"", ""6/8CH"", ""6/8CH"", ""6_CH."", ""INPUT_6_CHANNEL"", ""RDS"", ""D.SKIP"", ""AM/FM_RDS_DISP_(STOP"", ""AUTO_PRESET"", ""AUTO-PRESET_MODE"", ""M-ROOM"", ""MULTI-ROOM"", ""MULTI_ROOM"", ""MULTI"", ""M-RUM""]","[""NECext""]","[""82 72 00 00""]",device_family,0.58,"[""modelo/família identificável com conjunto amplo""]","[""modelo de baixa confiança foi tratado como evidência estrutural"", ""muitos nomes compartilham a mesma intenção"", ""nomes de comandos reais não chegaram ao classificador"", ""protocolos reais não chegaram ao classificador"", ""sequência numerada pode indicar codeset ou bruteforce""]","[""50 device_family determinísticos"", ""50 maiores quantidades de comandos"", ""50 maiores repetições de nomes""]"
d8fbaa770f982525,_Converted_/CSV/H/Herma/Dipper/5_-1.ir,5_-1.ir,Converted/CSV,Herma,5_-1,124,"[""OPEN_52"", ""OPEN_54"", ""OPEN_50"", ""CLOSE_56"", ""CLOSE_33"", ""OPEN_33"", ""CLOSE_31"", ""CLOSE_54"", ""CLOSE_32"", ""OPEN_32"", ""OPEN_31"", ""CLOSE_36"", ""CLOSE_30"", ""OPEN_30"", ""CLOSE_29"", ""OPEN_56"", ""CLOSE_34"", ""OPEN_34"", ""OPEN_29"", ""OPEN_36"", ""CLOSE_28"", ""OPEN_28"", ""CLOSE_27"", ""CLOSE_35"", ""OPEN_27"", ""CLOSE_26"", ""OPEN_26"", ""CLOSE_25"", ""OPEN_25"", ""OPEN_35"", ""OPEN_57"", ""OPEN_51"", ""OPEN_53"", ""OPEN_49"", ""CLOSE_58"", ""CLOSE_45"", ""OPEN_45"", ""CLOSE_43"", ""OPEN_58"", ""CLOSE_44"", ""OPEN_44"", ""OPEN_43"", ""CLOSE_48"", ""CLOSE_42"", ""OPEN_42"", ""CLOSE_41"", ""OPEN_55"", ""CLOSE_46"", ""OPEN_46"", ""OPEN_41"", ""OPEN_48"", ""CLOSE_40"", ""OPEN_40"", ""CLOSE_39"", ""CLOSE_47"", ""OPEN_39"", ""CLOSE_38"", ""OPEN_38"", ""CLOSE_37"", ""OPEN_37"", ""OPEN_47"", ""CLOSE_57"", ""CLOSE_51"", ""CLOSE_53"", ""CLOSE_49"", ""CLOSE_ALL"", ""CLOSE_9"", ""OPEN_9"", ""CLOSE_7"", ""OPEN_ALL"", ""CLOSE_8"", ""OPEN_8"", ""OPEN_7"", ""CLOSE_12"", ""CLOSE_6"", ""OPEN_6"", ""CLOSE_5"", ""CLOSE_55"", ""CLOSE_10"", ""OPEN_10"", ""OPEN_5"", ""OPEN_12"", ""CLOSE_4"", ""OPEN_4"", ""CLOSE_3"", ""CLOSE_11"", ""OPEN_3"", ""STOP"", ""CLOSE_2"", ""OPEN_2"", ""CLOSE_1"", ""OPEN_1"", ""OPEN_11"", ""CLOSE_59"", ""CLOSE_50"", ""CLOSE_52"", ""OPEN_23"", ""CLOSE_60"", ""CLOSE_21"", ""OPEN_21"", ""CLOSE_19"", ""OPEN_60"", ""CLOSE_20"", ""OPEN_20"", ""OPEN_19"", ""CLOSE_24"", ""CLOSE_18"", ""OPEN_18"", ""CLOSE_17"", ""OPEN_59"", ""CLOSE_22"", ""OPEN_22"", ""OPEN_17"", ""OPEN_24"", ""CLOSE_16"", ""OPEN_16"", ""CLOSE_15"", ""CLOSE_23"", ""OPEN_15"", ""WIND"", ""CLOSE_14"", ""OPEN_14"", ""CLOSE_13"", ""OPEN_13""]","[""NECext""]","[""05 00 00 00""]",device_family,0.58,"[""modelo/família identificável com conjunto amplo""]","[""modelo de baixa confiança foi tratado como evidência estrutural"", ""muitos nomes compartilham a mesma intenção"", ""nomes de comandos reais não chegaram ao classificador"", ""protocolos reais não chegaram ao classificador"", ""sequência numerada pode indicar codeset ou bruteforce""]","[""50 device_family determinísticos"", ""50 maiores repetições de nomes"", ""50 nomes ou comandos com sequências numéricas""]"
399bd5a11713506e,_Converted_/CSV/H/Hitachi/TV/80_-1.ir,80_-1.ir,Converted/CSV,Hitachi,80_-1,200,"[""8"", ""8"", ""TV_8_(VWX)"", ""9"", ""9"", ""TV_9_(YZ)"", ""ENTER"", ""100/ENT"", ""E"", ""100"", ""ENTER/100"", ""PIP_SURF"", ""PIP_CHANNEL"", ""SURF"", ""PIP_CH"", ""ANT."", ""AVX"", ""ANT"", ""INPUT_NEXT"", ""INPUT"", ""INPUTS"", ""ASPECT"", ""INPUT_SOURCE"", ""TUNER"", ""TV_INPUT"", ""INPUT_SELECT"", ""LAST_CHAN"", ""LAST_CHANNEL"", ""LAST_CH"", ""LAST"", ""LST-CH"", ""PREV._CHANNEL"", ""TV_LAST_CH"", ""JUMP"", ""MUTE"", ""TV_MUTE"", ""0"", ""TV_0_(&!/)"", ""1"", ""1"", ""TV_1_(ABC)"", ""2"", ""2"", ""TV_2_(DEF)"", ""3"", ""3"", ""TV_3_(GHI)"", ""RECALL"", ""DISPLAY"", ""INFO"", ""STATUS"", ""USER"", ""SLEEP"", ""SLEEP_(-)"", ""--"", ""DASH"", ""C.S."", ""OFF-TIMER"", ""VOLUME_UP"", ""VOL+"", ""VOL+"", ""VOLUME_^"", ""TV_VOL_^"", ""INPUT_RGB2"", ""A/V_NET"", ""INPUT_A/V_NET"", ""ANT"", ""VOLUME_DOWN"", ""VOL-"", ""VOL-"", ""VOLUME_V"", ""TV_VOL_V"", ""INPUT_AV_2"", ""POWER"", ""TV_POWER"", ""POWER_TOGGLE"", ""OFF"", ""CHANNEL_-"", ""CHANNEL_DOWN"", ""CHANNEL_DOWN"", ""CHANNEL-"", ""CH-"", ""CH_V"", ""ARROW_DOWN"", ""TV_CH_V"", ""CHANNEL_+"", ""CHANNEL_UP"", ""CHANNEL+"", ""CHANNEL_+"", ""CH+"", ""CH_^"", ""ARROW_UP"", ""TV_CH_^"", ""4"", ""4"", ""TV_4_(JKL)"", ""5"", ""5"", ""TV_5_(MNO)"", ""6"", ""6"", ""TV_6_(PQR)"", ""7"", ""7"", ""TV_7_(STU)"", ""INPUT_VIDEO_6"", ""VIDEO_1"", ""INPUT_1"", ""VID_1__SAT"", ""VIDEO_2"", ""INPUT_2"", ""VID_2__DVD"", ""VIDEO_2"", ""VIDEO_3"", ""INPUT_3"", ""VID_3__REC."", ""VIDEO_4"", ""INPUT_4"", ""VID_4"", ""CHANNEL_+"", ""CHANNEL_-"", ""INPUT_VIDEO_5"", ""INPUT_VIDEO_1"", ""CURSOR_SELECT"", ""SELECT"", ""INPUT_VIDEO_3"", ""MENU_ENTER"", ""TV_SELECT"", ""TV/RGB"", ""GUIDE"", ""FAV_CH"", ""VIDEO"", ""MODE"", ""HELP"", ""VIDEO_5"", ""VID_5"", ""VIDEO_5"", ""POWER_ON"", ""POWER_OFF"", ""INPUT_VIDEO_4"", ""REWIND"", ""PLAY"", ""FF"", ""INPUT_AV_3"", ""INPUT_VIDEO_2"", ""RECORD"", ""MENU"", ""TV_MENU"", ""PIP"", ""DTV/SAT"", ""PIP_SWAP"", ""SWAP"", ""PIP"", ""PIP_MODE"", ""PIP_MODE"", ""SWAP"", ""MOVE"", ""PICTURE_RESET"", ""PICTURE_+"", ""+_(PLUS)"", ""PICTURE_-"", ""-_(MINUS)"", ""PIP_INPUT"", ""DAY/NIGHT"", ""P.MODE"", ""PICTURE_MODE"", ""SOUND_MODE"", ""PIP_FREEZE"", ""FREEZE"", ""PAUSE"", ""MOVE"", ""EXIT"", ""ASPECT_16:9_STANDARD"", ""ASPECT_16:9_ZOOM"", ""ASPECT_4:3_STANDARD"", ""ASPECT_4:3_EXPAND"", ""ASPECT_4:3_ZOOM1"", ""ASPECT_4:3_ZOOM2"", ""ASPECT"", ""TV_ASPECT"", ""CURSOR_UP"", ""ARROW_UP"", ""TV_^"", ""CURSOR_DOWN"", ""ARROW_DOWN"", ""TV_V"", ""CURSOR_RIGHT"", ""TV_>"", ""CURSOR_LEFT"", ""ARROW_LEFT"", ""TV_<"", ""DAY"", ""NIGHT"", ""TUNER"", ""CHANNEL_/_PAGE_+"", ""INPUT_RGB1"", ""SWIVEL"", ""CHANNEL_/_PAGE_-"", ""VOL+"", ""VOL-""]","[""NECext""]","[""50 00 00 00""]",device_family,0.58,"[""modelo/família identificável com conjunto amplo""]","[""modelo de baixa confiança foi tratado como evidência estrutural"", ""muitos nomes compartilham a mesma intenção"", ""nomes de comandos reais não chegaram ao classificador"", ""protocolos reais não chegaram ao classificador"", ""sequência numerada pode indicar codeset ou bruteforce""]","[""50 maiores repetições de nomes"", ""50 nomes ou comandos com sequências numéricas""]"
ddbefba3bd81cac4,_Converted_/CSV/H/Hitachi/VCR/96_-1.ir,96_-1.ir,Converted/CSV,Hitachi,96_-1,391,"[""TRACKING_-_UP"", ""S._TRACKING_^"", ""TRACKING_^"", ""VCR1_TRACKING_^"", ""TRACKING_+"", ""VCR1_AUTO_TRK_^"", ""VCR1_MANUAL_^"", ""VTR1_TRACKING_^"", ""TRACKING_V"", ""TRACKING_-_DOWN"", ""S._TRACKING_V"", ""TRACKING_V"", ""VCR1_TRACKING_V"", ""TRACKING_-"", ""VCR1_AUTO_TRK_V"", ""VCR1_MANUAL_V"", ""VTR1_TRACKING_V"", ""TRACKING_^"", ""SPEED_+"", ""VCR1_SLOW_+"", ""VARIABLE_+"", ""SLOW_SPEED_+"", ""VCR1_SLOW_SPEED_+"", ""VCR1_SLOW_^"", ""VTR1_SLOW_SPEED_+"", ""VCR1_SLOW"", ""SPEED_-"", ""VCR1_SLOW_-"", ""VARIABLE_-"", ""SLOW_SPEED_-"", ""VCR1_SLOW_SPEED_-"", ""VCR1_SLOW_V"", ""VTR1_SLOW_SPEED_-"", ""8"", ""VTR_8"", ""8_(AM)"", ""VCR1_8"", ""8_VWX"", ""VCR_8"", ""VCR1_8_(AM)"", ""VTR1_8_(T_U_V_AM)"", ""VCR_8_(AM)"", ""VCR1_8_AM"", ""9"", ""VTR_9"", ""9_(PM)"", ""VCR1_9"", ""9_YZ."", ""VCR_9"", ""VCR1_9_(PM)"", ""VTR1_9_(W_X_Y_PM)"", ""VCR_9_(PM)"", ""VCR1_9_PM"", ""100_ENT"", ""100/ENT"", ""100+"", ""VCR1_100/ENT"", ""VCR_100/ENT"", ""+100"", ""ENTER"", ""FAST_FORWARD_>>"", ""VTR_FFWD_>>"", ""FFWD_>>"", ""FFWD/SRCH_>>"", ""VCR1_FFWD>>"", ""VCR1_FFWD_>>"", ""FF/VISUAL_SRCH_>>"", ""FFWD/VI.SRCH_>>"", ""VCR_FFWD_>>"", ""VCR_F.FWD_>>"", ""VCR1_FF/V.SRCH_>>"", ""F.FWD/VI.SRCH_>>"", ""VCR1_F.FWD/V.SRCH"", ""VCR1_F.FWD/SRCH_>>"", ""VCR1_F.FWD_>>"", ""VTR1_FF/VI.SRCH_>>"", ""F.FWD/VISUAL_SRCH_>>"", ""VCR_FFWD_>>/>>"", ""FF"", ""REWIND_<<"", ""VTR_REW_<<"", ""REW_<<"", ""REW/SRCH_<<"", ""VCR1_REW<<"", ""VCR1_REW_<<"", ""REW/VISUAL_SRCH_<<"", ""REW/VI.SRCH_<<"", ""VCR_REW_<<"", ""VCR1_REW/V.SRCH_<<"", ""VCR1_REW/VISUAL_SRCH"", ""VCR1_REW/SRCH_<<"", ""VTR1_REW/VI.SRCH_<<"", ""VCR_REW_<</<<"", ""RR"", ""STOP"", ""VTR_STOP_[]"", ""STOP_[]"", ""VCR1_STOP[]"", ""VCR1_STOP_[]"", ""VCR_STOP_[]"", ""VTR1_STOP_[]"", ""0"", ""VTR_0"", ""0_(WEEK_DAILY)"", ""VCR1_0"", ""0_?!\"""", ""VCR_0"", ""VTR1_0_(?_!)"", ""1"", ""VTR_1"", ""1_(SUN)"", ""VCR1_1"", ""1_ABC"", ""VCR_1"", ""VTR1_1_(Q_Z)"", ""2"", ""VTR_2"", ""2_(MON)"", ""VCR1_2"", ""2_DEF"", ""VCR_2"", ""VTR1_2_(A_B_C)"", ""3"", ""VTR_3"", ""3_(TUE)"", ""VCR1_3"", ""3_GHI"", ""VCR_3"", ""VTR1_3_(D_E_F)"", ""F.ADV"", ""F._ADV_(FAST_PLAY)"", ""STILL_F.ADV_>"", ""F.ADV_>"", ""F_ADV"", ""VCR1_F.ADV_>"", ""VCR1_SKIP/F.ADV_>"", ""VCR1_F.ADV"", ""VTR1_F.ADV_>"", ""VCR1_F_ADV"", ""STILL_F.ADV"", ""SLOW_MOTION_+"", ""SLOW_>"", ""SLOW"", ""VCR1_SLOW_>"", ""VCR1_SLOW"", ""VTR1_SLOW"", ""X2_FAST"", ""X2"", ""PLAY"", ""VTR_PLAY_>"", ""PLAY_>"", ""VCR1_PLAY>"", ""VCR1_PLAY_>"", ""PLAY_>"", ""VCR_PLAY_>"", ""VTR1_PLAY_>"", ""MONITOR"", ""VCR1_AUDIO_MONITOR"", ""VTR1_UNKNOWN_2"", ""VCR1_CH1/2"", ""VCR1_MONITOR"", ""VCR_TV"", ""VCR/TV"", ""VCR1_VCR/TV"", ""TV/VCR"", ""VTR_VTR/TV"", ""TV/VTR"", ""VTR/TV"", ""VTR/TV"", ""VCR_VCR/TV"", ""VTR1_UNKNOWN_1"", ""VCR1_TV/VCR"", ""POWER"", ""POWER"", ""VTR_POWER"", ""VCR1_OPERATE"", ""VCR1_POWER"", ""POWER"", ""VCR_POWER"", ""VTR1_OPERATE"", ""CHANNEL_-"", ""CHANNEL_--"", ""VTR_CHANNEL_V"", ""CHANNEL-"", ""V_(CHANNEL)"", ""CHANNEL_V_(AUX)"", ""CHANNEL_DOWN"", ""CHAN_-"", ""CHANNEL_V"", ""VCR1_CH_V"", ""VCR_CH_V"", ""VCR1_CHANNEL_V"", ""VTR1_TV_PROGRAMME_V"", ""VCR_CHANNEL_V"", ""CH-"", ""CHANNEL_+"", ""VTR_CHANNEL_^"", ""^_(CHANNEL)"", ""CHANNEL_^_(AUX)"", ""CHANNEL_UP"", ""CHAN_+"", ""CHANNEL_^"", ""VCR1_CH_^"", ""VCR_CH_^"", ""VCR1_CHANNEL_^"", ""VTR1_TV_PROGRAMME_^"", ""VCR_CHANNEL_^"", ""CH_+"", ""PAUSE"", ""ENTER"", ""VTR_PAUSE_"", ""PAUSE_"", ""PAUSE/STILL_"", ""VCR1_PAUSE"", ""EDIT"", ""VCR1_PAUSE_"", ""VCR_PAUSE_"", ""VCR1_PAUSE/STILL_"", ""VTR1_PAUSE/STILL_"", ""REVERSE"", ""4"", ""VTR_4"", ""4_(WED)"", ""VCR1_4"", ""4_JKL"", ""VCR_4"", ""VTR1_4_(G_H_I_WKL)"", ""VCR1_4_(DAILY)"", ""5"", ""VTR_5"", ""5_(THU)"", ""VCR1_5"", ""5_MNO"", ""VCR_5"", ""VCR1_5_(DAILY)"", ""VTR1_5_(J_K_L)"", ""VCR_5_(DAILY)"", ""VCR1_5_DAILY"", ""6"", ""6"", ""VTR_6"", ""6_(FRI)"", ""VCR1_6_(CL)"", ""VCR1_6"", ""6_PQR"", ""VCR_6"", ""VCR1_6_PL"", ""6_PL"", ""VCR1_6_(WEEKLY)"", ""VCR1_6_(PL)"", ""VTR1_6_(M_N_O)"", ""VCR_6_(WEEKLY)"", ""VCR1_6_WEEKLY"", ""7"", ""VTR_7"", ""7_(SAT)"", ""VCR1_7"", ""7_STU"", ""VCR_7"", ""VTR1_7_(P_R_S_DLY)"", ""VCR1_7_(WEEKLY)"", ""ART"", ""MEMORY"", ""PNP"", ""P_IN_P"", ""SHIFT"", ""MULTI"", ""SEEK"", ""RECALL"", ""VCR1_A.DUB"", ""TAPE_SPEED"", ""VCR1_T.SPEED"", ""VCR1_TAPE_SPEED"", ""VCR1_SP/EP"", ""VTR1_TAPE_SPEED"", ""AVX"", ""INPUT"", ""VCR1_AUX"", ""VCR1_AVX"", ""VCR_AVX"", ""VCR1_INPUT"", ""VTR1_TRANS_(AUX)"", ""VCR1_MTS_MONO"", ""EJECT"", ""VCR1_EJECT"", ""VTR1_EJECT"", ""VCR1_V.DUB"", ""GUIDE"", ""VCR1_GUIDE"", ""INTELASCAN"", ""TRACKING_-_AUTO"", ""AUTO"", ""VCR1_AUTO"", ""VCR1_TRACKING_AUTO"", ""VTR1_AUTO"", ""VCR1_AUTO_TRACKING"", ""GUIDE"", ""PROG"", ""VCR1_MENU"", ""VCR1_GUIDE"", ""VCR_GUIDE"", ""VTR1_MENU"", ""SCREEN_MENU"", ""CLEAR"", ""VCR1_0000"", ""VCR1_CLEAR"", ""VCR_CLEAR"", ""VCR1_CLEAR_CNT_RESET"", ""CLEAR_COUNT_RESET"", ""VCR1_RESET"", ""VTR1_COUNTER_0000"", ""COUNTER_RESET"", ""VCR1_T-160_RESET"", ""DISPLAY"", ""VCR1_DISPLAY"", ""VCR_DISPLAY"", ""VTR1_DISP."", ""SCREEN_DISPLAY"", ""DISPLY"", ""TIMER"", ""MEMORY"", ""VCR1_MEMORY"", ""RETURN"", ""VCR1_TAPE_RETURN"", ""VTR1_COUNTER_MEMO"", ""COUNTER_MEMORY"", ""INDEX"", ""VCR1_INDEX"", ""VCR1_GO-TO_INDEX"", ""GO-TO_INDEX"", ""VTR1_INDEX"", ""VCR1_INDEX_GO-TO"", ""MODE"", ""COUNTER/REMAIN"", ""VCR1_COUNT_CLOCK"", ""COUNTER_REMAIN"", ""VCR1_COUNTER_REMAIN"", ""VCR1_REMAIN_MODE"", ""VTR1_COUNT_REMAIN"", ""CLOCK_COUNTER"", ""VCR1_MODE"", ""REPEAT"", ""VCR1_REPEAT"", ""VCR1_TV_MONITOR"", ""VCR1_EDIT"", ""VCR1_SET"", ""CENTER"", ""VCR1_JOG/SHUTTLE"", ""SKIPFF"", ""SKIPRR"", ""SLOW_MOTION_+"", ""Unknown"", ""VCR1_SHUTTLE_FWD"", ""VCR1_SHUT_FWD_(F.S.)"", ""VCR1_SHUT_FWD_>>"", ""VCR_SHUT_FWD"", ""VCR1_SHUT.FWD(F.S)"", ""Unknown"", ""VCR1_SHUTTLE_REW"", ""VCR1_SHUT_REV_(F.S.)"", ""VCR1_SHUT_REV_<<"", ""VCR_SHUT_REV"", ""VCR1_SHUT.REV(F.S)"", ""FRAME_>>"", ""Unknown"", ""VCR1_JOG_FWD"", ""JOG_+"", ""VCR1_JOG_FORWARD"", ""VCR1_JOG/SHU.FORWARD"", ""FRAME_<<"", ""VCR1_JOG_REW"", ""VCR1_JOG_REV"", ""JOG_-"", ""VCR1_JOG_REVERSE"", ""VCR1_JOG/SHU.REVERSE"", ""SHUTTLE_+"", ""SHUTTLE_-"", ""GO-TO"", ""VCR1_GO-TO"", ""TITLE_(LAST_CH)"", ""TITLE"", ""VCR1_TITLE"", ""VCR_100/ENT"", ""VCR1_100/ENT"", ""100/ENT"", ""VCR1_+100"", ""VCR1_+100/ENT"", ""VCR1_MTS_SA_SET"", ""VCR1_PRINT"", ""SPECTRA_SONIC"", ""VCR1_SPECTRA_SONIC""]","[""NECext""]","[""60 00 00 00""]",device_family,0.58,"[""modelo/família identificável com conjunto amplo""]","[""modelo de baixa confiança foi tratado como evidência estrutural"", ""muitos nomes compartilham a mesma intenção"", ""nomes de comandos reais não chegaram ao classificador"", ""protocolos reais não chegaram ao classificador"", ""sequência numerada pode indicar codeset ou bruteforce""]","[""50 maiores quantidades de comandos"", ""50 maiores repetições de nomes"", ""50 nomes ou comandos com sequências numéricas""]"
fbf1d710bfd9f9dd,_Converted_/CSV/H/Hitachi/VCR/96_158.ir,96_158.ir,Converted/CSV,Hitachi,96_158,239,"[""AUTO_TRACKING_^"", ""VCR2_TRACKING_^"", ""VCR2_AUTO_TRK_^"", ""VCR2_MANUAL_^"", ""TRACKING_^"", ""VTR2_TRACKING_^"", ""AUTO_TRACKING_V"", ""VCR2_TRACKING_V"", ""VCR2_AUTO_TRK_V"", ""VCR2_MANUAL_V"", ""TRACKING_V"", ""VTR2_TRACKING_V"", ""SLOW_SPEED_+"", ""VCR2_SLOW_+"", ""VCR2_SLOW_SPEED_+"", ""VCR2_SLOW_^"", ""VTR2_SLOW_SPEED_+"", ""VCR2_SLOW"", ""SLOW_SPEED_-"", ""VCR2_SLOW_-"", ""VCR2_SLOW_SPEED_-"", ""VCR2_SLOW_V"", ""VTR2_SLOW_SPEED_-"", ""8"", ""VCR2_8"", ""VCR2_8_(AM)"", ""CAM_8"", ""VTR2_8_(T_U_V)"", ""VCR2_8_AM"", ""9"", ""VCR2_9"", ""VCR2_9_(PM)"", ""CAM_9"", ""VTR2_9_(W_X_Y)"", ""VCR2_9_PM"", ""VCR2_100/ENT"", ""CAM_100/ENT"", ""FFWD/VISUAL_SRCH_>>"", ""VCR2_FFWD>>"", ""VCR2_FFWD_>>"", ""VCR2_FF/V.SRCH_>>"", ""VCR2_F.FWD/VI.SRCH"", ""CAM_F.FWD_>>"", ""VCR2_F.FWD/SRCH_>>"", ""VCR2_F.FWD_>>"", ""F.FWD_>>"", ""VTR2_FF/VI.SRCH_>>"", ""REW/VISUAL_SRCH_<<"", ""VCR2_REW<<"", ""VCR2_REW_<<"", ""VCR2_REW/V.SRCH_<<"", ""VCR2_REW/VISUAL_SRCH"", ""CAM_REW_<<"", ""VCR2_REW/SRCH_<<"", ""REW_<<"", ""VTR2_REW/VI.SRCH_<<"", ""STOP_[]"", ""VCR2_STOP[]"", ""VCR2_STOP_[]"", ""CAM_STOP_[]"", ""VTR2_STOP_[]"", ""0"", ""VCR2_0"", ""CAM_0"", ""VTR2_0_(?_!)"", ""1"", ""VCR2_1"", ""CAM_1"", ""VTR2_1_(Q_Z)"", ""2"", ""VCR2_2"", ""CAM_2"", ""VTR2_2_(A_B_C)"", ""3"", ""VCR2_3"", ""CAM_3"", ""VTR2_3_(D_E_F)"", ""F.ADV_>"", ""VCR2_F.ADV"", ""VCR2_F.ADV_>"", ""VCR2_SKIP/F.ADV_>"", ""F.ADV"", ""VTR2_F.ADV_>"", ""SLOW_>"", ""VCR2_SLOW_>"", ""VCR2_SLOW"", ""VTR2_SLOW"", ""PLAY_>"", ""VCR2_PLAY>"", ""VCR2_PLAY_>"", ""CAM_PLAY_>"", ""VTR2_PLAY_>"", ""VCR2_AUDIO_MONITOR"", ""VTR2_UNKNOWN_2"", ""VCR2_CH1/2"", ""VCR2_MONITOR"", ""VCR/TV"", ""VCR2_VCR/TV"", ""CAM_VCR/TV"", ""VTR2_UNKNOWN_1"", ""VCR2_TV/VCR"", ""POWER"", ""VCR2_OPERATE"", ""VCR2_POWER"", ""CAM_POWER"", ""VTR2_OPERATE"", ""CHANNEL_V"", ""VCR2_CHANNEL_V"", ""VCR2_CH_V"", ""CAM_CH_V"", ""VTR2_TV_PROGRAMME_V"", ""CHANNEL_^"", ""VCR2_CHANNEL_^"", ""VCR2_CH_^"", ""CAM_CH_^"", ""VTR2_TV_PROGRAMME_^"", ""PAUSE/STILL_"", ""VCR2_PAUSE"", ""Unknown"", ""VCR2_PAUSE_"", ""VCR2_PAUSE/STILL_"", ""CAM_PAUSE_"", ""VTR2_PAUSE/STILL_"", ""4"", ""VCR2_4"", ""CAM_4"", ""VTR2_4_(G_H_I)"", ""VCR2_4_(DAILY)"", ""5"", ""VCR2_5"", ""VCR2_5_(DAILY)"", ""CAM_5"", ""VTR2_5_(J_K_L)"", ""VCR2_5_DAILY"", ""6_PL"", ""VCR2_6_(CL)"", ""VCR2_6"", ""VCR2_6_PL"", ""VCR2_6_(WEEKLY)"", ""CAM_6"", ""VCR2_6_(PL)"", ""6"", ""VTR2_6_(M_N_O)"", ""VCR2_6_WEEKLY"", ""7"", ""VCR2_7"", ""CAM_7"", ""VTR2_7_(P_R_S)"", ""VCR2_7_(WEEKLY)"", ""VCR2_A.DUB"", ""TAPE_SPEED"", ""VCR2_T.SPEED"", ""VCR2_TAPE_SPEED"", ""VCR2_SP/EP"", ""VTR2_TAPE_SPEED"", ""AVX"", ""VCR2_AUX"", ""VCR2_AVX"", ""VCR2_INPUT"", ""CAM_AVX"", ""VTR2_TRANS_AUX"", ""VCR2_MTS_MONO"", ""EJECT"", ""VCR2_EJECT"", ""VTR2_EJECT"", ""VCR2_V.DUB"", ""GUIDE"", ""VCR2_GUIDE"", ""TV_GUIDE"", ""AUTO"", ""VCR2_AUTO"", ""VCR2_TRACKING_AUTO"", ""VTR2_AUTO"", ""VCR2_AUTO_TRACKING"", ""VCR2_MENU"", ""VCR2_GUIDE"", ""CAM_GUIDE"", ""VTR2_MENU_OSD"", ""CLEAR/COUNT_RESET"", ""VCR2_0000"", ""VCR2_CLEAR"", ""VCR2_CLEAR_CNT_RESET"", ""VCR2_RESET"", ""CAM_CLEAR"", ""CLEAR"", ""VTR2_COUNTER_0000"", ""VCR2_T-160_RESET"", ""DISPLAY"", ""VCR2_DISPLAY"", ""CAM_DISPLAY"", ""VTR2_DISP_OSD"", ""MEMORY"", ""VCR2_MEMORY"", ""VCR2_TAPE_RETURN"", ""VTR2_COUNTER_MEMO"", ""INDEX"", ""VCR2_INDEX"", ""VCR2_GO-TO_INDEX"", ""GO-TO_INDEX"", ""VTR2_INDEX"", ""VCR2_INDEX_GO-TO"", ""COUNTER_REMAIN"", ""VCR2_COUNT_CLOCK"", ""VCR2_COUNTER_REMAIN"", ""VCR2_REMAIN_MODE"", ""VTR2_COUNT_REMAIN"", ""VCR2_MODE"", ""VCR2_REPEAT"", ""VCR2_TV_MONITOR"", ""VCR2_EDIT"", ""EDIT"", ""VCR2_SET"", ""VCR2_JOG/SHUTTLE"", ""VCR2_SHUTTLE_FWD"", ""VCR2_SHUT_FWD_(F.S.)"", ""VCR2_SHUT_FFWD_>>"", ""CAM_SHUT_FWD"", ""VCR2_SHU.FWD(F.S)"", ""Unknown"", ""VCR2_SHUTTLE_REW"", ""VCR2_SHUT_REV_(F.S.)"", ""VCR2_SHUT_REV_<<"", ""CAM_SHUT_REV"", ""VCR2_SHU.REV(F.S)"", ""Unknown"", ""VCR2_JOG_FWD"", ""VCR2_JOG/SHU.FORWARD"", ""VCR2_JOG_REW"", ""VCR2_JOG_REV"", ""VCR2_JOG/SHU.REVERSE"", ""VCR2_GO-TO"", ""VCR2_TITLE"", ""100/ENT"", ""VCR2_100/ENT"", ""VCR2_+100"", ""VCR2_+100/ENT"", ""VCR2_MTS_SA_SET"", ""VCR2_PRINT"", ""VCR2_SPECTRA_SONIC""]","[""NECext""]","[""60 9E 00 00""]",device_family,0.58,"[""modelo/família identificável com conjunto amplo""]","[""modelo de baixa confiança foi tratado como evidência estrutural"", ""muitos nomes compartilham a mesma intenção"", ""nomes de comandos reais não chegaram ao classificador"", ""protocolos reais não chegaram ao classificador"", ""sequência numerada pode indicar codeset ou bruteforce""]","[""50 maiores quantidades de comandos""]"
417f1c2268c0a20b,_Converted_/CSV/I/Integra/DVD_Player/210_43.ir,210_43.ir,Converted/CSV,Integra,210_43,205,"[""PWR_ON-OFF"", ""POWER"", ""POWER"", ""OPEN/CLOSE"", ""EJECT"", ""DISPLAY"", ""DISPLAY/NAVI"", ""ANGLE"", ""ENTER"", ""1"", ""CURSOR_ENTER"", ""RETURN"", ""RANDOM"", ""RANDOM_1"", ""STEP/SLOW_>>"", ""SLOW_MOTION_+"", ""SLOW_MOTION_>"", ""SLOW_MOTION_-"", ""STEP_+"", ""SLOW+"", ""SLOW_>>"", ""STEP/SLOW_+"", ""SCAN_>>"", ""FF"", ""FAST_FORWARD"", ""FAST_FORWARD>>"", ""SEARCH_>>"", ""SLOW_MOTION_+"", ""FAST_FORWARD_>>"", ""SEARCH_+"", ""FORWARD_SEARCH"", ""FRAME_>>"", ""SCAN_<<"", ""RR"", ""REWIND"", ""FAST_REWIND<<"", ""SEARCH_<<"", ""SLOW_MOTION_-"", ""REW"", ""FAST_REWIND_<<"", ""SEARCH_-"", ""REVERSE_SEARCH"", ""FRAME_<<"", ""1"", ""2"", ""3"", ""4"", ""5"", ""6"", ""7"", ""8"", ""9"", ""0"", ""+10"", ""10+"", ""SEARCH/ENTER"", ""SEARCH"", ""PLAY"", ""STOP"", ""STOP_5.1"", ""SKIP_>>"", ""CHAPTER_+"", ""SEARCH_>>"", ""CHAPTER>"", ""NEXT_DISC"", ""NEXT_TRACK/CHPT"", ""TRACK+"", ""SCAN_>>"", ""CHAP_+"", ""TRACK_>"", ""TRACK_+"", ""TRACK-"", ""SKIP_<<"", ""CHAPTER_-"", ""SEARCH_<<"", ""Unknown"", ""CHAPTER<"", ""PREV_TRACK/CHPT"", ""TRACK-"", ""SCAN_<<"", ""CHAP_-"", ""TRACK_<"", ""TRACK_-"", ""TRACK_+"", ""PAUSE"", ""REPEAT"", ""A-B"", ""A/B"", ""DIMMER"", ""ZOOM"", ""ZOOM_ON"", ""LAST_M"", ""LAST_MEMORY"", ""PROGRAM"", ""MEMORY"", ""LAST_MEMORY"", ""CLEAR"", ""SET-UP"", ""SETUP"", ""TOP_MENU"", ""TITLE"", ""MENU"", ""MENU_(_DISC_)"", ""CURSOR_UP"", ""UP"", ""C_UP"", ""MENU_UP"", ""CURSOR_DOWN"", ""DOWN"", ""Unknown"", ""C_DN"", ""MENU_DOWN"", ""CURSOR_DN"", ""CURSOR_LEFT"", ""LEFT"", ""C_LF"", ""MENU_LEFT"", ""CURSOR_LF"", ""CURSOR_RIGHT"", ""RIGHT"", ""CURSOR_RIGHT"", ""C_RT"", ""Unknown"", ""MENU_RIGHT"", ""CURSOR_RT"", ""SUBTITLE"", ""AUDIO"", ""AUDIO_MODE"", ""SUBTITLE_ON/OFF"", ""DNR"", ""PLAY_MODE"", ""SPEED_>"", ""SPEED_<"", ""STANDBY"", ""POWER_OFF"", ""OFF"", ""STEP/SLOW_<<"", ""SLOW_MOTION_-"", ""SLOW_MOTION_<"", ""STEP-"", ""SLOW-"", ""SLOW_<<"", ""STEP/SLOW_-"", ""NEXT_SELECTION"", ""AUDIO_SEL"", ""PROGRESSIVE"", ""PRORESSIVE"", ""V._REMOTE"", ""COND_M"", ""COND._M"", ""CONDITION_MEMORY"", ""Unknown"", ""FUNCTION_M"", ""FUNCTION_MENU"", ""POWER_ON"", ""POWER"", ""PICTURE"", ""STILL_-"", ""FRAME_<<"", ""STILL_+"", ""FRAME_>>"", ""QUICK"", ""CHANNEL_UP"", ""ZOOM_+"", ""ZOOM+"", ""CHANNEL_DOWN"", ""ZOOM_-"", ""ZOOM-"", ""CD_MODE"", ""CDPLAY"", ""CHAIN_MODE"", ""DISC_+"", ""DISC+"", ""DISC_SKIP"", ""DISC_SKIP_+"", ""DISC_-"", ""DISC-"", ""DISC_SKIP_-"", ""D1"", ""DISC_1"", ""DISC1"", ""D2"", ""DISC_2"", ""DISC2"", ""2"", ""D3"", ""DISC_3"", ""DISC3"", ""3"", ""D4"", ""DISC_4"", ""DISC4"", ""4"", ""D5"", ""DISC_5"", ""DISC5"", ""5"", ""DISC_6"", ""DISC6"", ""D6"", ""6"", ""RESOLUTION"", ""ASPECT/ZOOM"", ""VIDEO_OFF"", ""VID_OFF""]","[""NECext""]","[""D2 2B 00 00""]",device_family,0.58,"[""modelo/família identificável com conjunto amplo""]","[""modelo de baixa confiança foi tratado como evidência estrutural"", ""muitos nomes compartilham a mesma intenção"", ""nomes de comandos reais não chegaram ao classificador"", ""protocolos reais não chegaram ao classificador"", ""sequência numerada pode indicar codeset ou bruteforce""]","[""50 maiores repetições de nomes""]"
2335d10c19730736,_Converted_/CSV/I/Integra/Receiver/210_108.ir,210_108.ir,Converted/CSV,Integra,210_108,255,"[""IN_MULTI_CH"", ""MULTI_CHANNEL"", ""MULTI-CH"", ""Unknown"", ""MULTICHANNEL"", ""INPUT:_MULTI_CHANNEL"", ""MULTI_CH"", ""DSP"", ""3"", ""DSP>>"", ""MODE:_DSP_UP"", ""MODE_DSP_UP"", ""DSP_+"", ""DSP>"", ""6"", ""DSP+"", ""DSP_>"", ""8_/_DSP+"", ""DSP>"", ""3_(DSP_UP)"", ""DSP_UP"", ""DSP_UP"", ""6"", ""DSP<<"", ""MODE:_DSP_DOWN"", ""MODE_DSP_DOWN"", ""DSP-"", ""DSP<"", ""DSP_<"", ""7_/_DSP-"", ""DSP<"", ""6_(DSP_DN)"", ""DSP_DOWN"", ""DSP_-"", ""<_DSP"", ""AUDIO_INPUT_-"", ""INPUT_+"", ""INPUT_-"", ""INPUT_>"", ""INPUT_+"", ""INPUT_SELECT_UP"", ""INPUT_SELECTOR_UP"", ""INPUT_<"", ""INPUT_-"", ""INPUT_SELECT_DOWN"", ""INPUT_SELECTOR_DN"", ""LEVEL_+"", ""9"", ""CHANNEL_LEVEL_+"", ""6_UP"", ""LEVEL_UP"", ""SPK_LEVEL_UP"", ""LEVEL+"", ""LEV_UP"", ""Unknown"", ""SPEAKER_LEVEL_DN"", ""SPEAKER_LEVEL_UP"", ""CH_LEVEL_+"", ""LEVEL_UP"", ""Unknown"", ""LEV_+"", ""LEVEL_-"", ""CHANNEL_LEVEL_-"", ""9_DOWN"", ""LEVEL_DOWN"", ""SPK_LEVEL_DOWN"", ""LEVEL-"", ""LEV_DN"", ""Unknown"", ""SUB_LEVEL_CONTROL"", ""CH_LEVEL_-"", ""ENT"", ""LEVEL_DOWN"", ""Unknown"", ""LEV_-"", ""CH_SEL/TOP_MENU"", ""8"", ""CHANNEL_SELECT"", ""3_CH_SET"", ""SPK_CHANNEL_SELECT"", ""CH_SEL./TOP_MENU"", ""CH_SEL_TOP_MENU"", ""CH_SEL"", ""CH_SELECT"", ""CH_SEL"", ""LISTEN_MODE_DOWN"", ""MODE_LISTEN_MODEDOWN"", ""LISTENING_MODE_-"", ""LISTENING_MODE_DN"", ""MODE:_LEFT"", ""STANDBY"", ""STANDY"", ""OFF"", ""POWER_OFF"", ""Unknown"", ""STANDBY_(OFF)"", ""RECIEVER_OFF"", ""Unknown"", ""TIMER"", ""STEREO"", ""1"", ""MODE:_STEREO"", ""MODE_STEREO"", ""3"", ""LM_STEREO"", ""3_/_STEREO"", ""1_(STEREO)"", ""STEREO"", ""SURR"", ""4"", ""SURROUND"", ""MODE:_SURR_TOGGLE"", ""MODE_SURR_WRAP_UP"", ""SURROUND_-_WRAPAROUN"", ""4_/_SURR"", ""MODE_SURROUND"", ""4_(DPL)"", ""MODE:_STEREO"", ""MODE:_SURROUND"", ""SURROUND"", ""5"", ""THX"", ""MODE_THX_WRAP_UP"", ""5_/_THX"", ""MODE_THX"", ""5_(THX)"", ""MODE:_THX"", ""THX"", ""ALL_ST"", ""MODE:_ALL_CH_STEREO"", ""MODE_ALL_CH_STEREO"", ""ALL_5_STEREO"", ""5"", ""ALL_STEREO"", ""6_/_ALL_ST."", ""ALL_CH_STEREO"", ""MODE:_ALL_ST"", ""ALL_CHANNEL_STEREO"", ""ALL_ST"", ""SETUP"", ""OSD_MENU"", ""MENU"", ""RETURN"", ""EXIT/RETURN"", ""EXIT"", ""RETURN"", ""DISPLAY"", ""DISPLAY/DVD_SET"", ""DISPLAY_MODE"", ""DIMMER"", ""+10_/_DISPLAY"", ""PREV_CH"", ""MUTE_ON"", ""MT-ON"", ""Unknown"", ""MUTING_ON"", ""MUTE_OFF"", ""MT-OFF"", ""Unknown"", ""MUTING_OFF"", ""SPEAKER_LAYOUT"", ""SP_A/B"", ""INPUT:_DVD"", ""DVD"", ""INPUT_DVD/BD"", ""IN_DVD"", ""Unknown"", ""DVD"", ""Unknown"", ""INPUT_DVD"", ""PLAY"", ""STOP"", "">_NEXT"", ""<_PREVIOUS"", "">>_FWD"", ""<<_REW"", ""PAUSE"", ""LAST_M"", ""SUBTITLE"", ""SETUP_TV_INPUT"", ""TOP_MENU"", ""MENU"", ""CURSOR_UP"", ""CURSOR_DN"", ""CURSOR_LF"", ""CURSOR_RT"", ""ENTER"", ""RETURN"", ""POWER"", ""STANDBY/ON_TOGGLE"", ""POWER_ON/STANDBY"", ""POWER_TOGGLE"", ""INPUT_HIDDEN_1"", ""INPUT_HIDDEN_2"", ""INPUT_HIDDEN_3"", ""DOLBY"", ""MODE_DOLBY"", ""DTS_-_WRAPAROUND"", ""MONO"", ""DTS"", ""MODE_DTS"", ""HDMI_OUT"", ""PURE_A"", ""1"", ""PURE_AUDIO"", ""1_/_PURE_A"", ""PURE"", ""MODE_PURE_AUDIO"", ""MODE:_REPEAT"", ""PURE_AUDIO"", ""AUDIO_ADJUST"", ""SETUP_AUDIO"", ""AUDIO_ADJ."", ""AUDIO"", ""MENU"", ""ZONE_2_OFF"", ""CINE_FLTR"", ""7"", ""RE-EQ"", ""RE-EQ/CINEMA"", ""AUDYSSEY_2EQ_WRAP"", ""RE-EQ/CINEMA_WRAP"", ""9"", ""9_/_RE-EQ"", ""CINE"", ""RE_EQ"", ""RE-EQ_CINEMA"", ""RE-EQ_/_CINEMA"", ""RE-EQ_/_HDD"", ""RE_EQ"", ""+10"", ""LATE_NIGHT"", ""LATE_NIGHT_STATE"", ""LATE_NIGHT_WRAP"", ""L_NIGHT"", ""LATE_NITE"", ""OPEN_/_CLOSE"", ""OPEN/CLOSE"", ""AUDIO_SEL/A"", ""AUDIO_SELECT"", ""AUDIO_SELECT_WRAP"", ""AUDIO_SEL"", ""AUDIO_SELECTOR"", ""7_IPM"", ""1_SP_SETUP"", ""T-D/ST"", ""MODE:_THTR_DIMENSION"", ""MODE_THTR_DIMENSION"", ""THEATREDIMENSIONAL"", ""8_T-D_SETUP"", ""4_SW_MODE"", ""SUB_LEVEL_CONTROL"", ""SPK_SUB_LVL_CONTROL"", ""SUBWOOFER_LEVEL"", ""5_DISTANCE""]","[""NECext""]","[""D2 6C 00 00""]",device_family,0.58,"[""modelo/família identificável com conjunto amplo""]","[""modelo de baixa confiança foi tratado como evidência estrutural"", ""muitos nomes compartilham a mesma intenção"", ""nomes de comandos reais não chegaram ao classificador"", ""protocolos reais não chegaram ao classificador"", ""sequência numerada pode indicar codeset ou bruteforce""]","[""50 maiores quantidades de comandos"", ""50 maiores repetições de nomes""]"
c35eaf9030dca452,_Converted_/CSV/I/Integra/Receiver/210_109.ir,210_109.ir,Converted/CSV,Integra,210_109,363,"[""TUNER_PRESET_+"", ""CH+_TUNE_STEP/SL"", ""PRESET_>"", ""PRESET_UP"", ""TUNE_PRESET_UP"", ""CHANNEL_UP"", ""CH_+"", ""XM_PRESET_UP"", ""CH+"", ""CHANNEL_+"", ""CH+"", ""PRESET_+"", ""Unknown"", ""UP"", ""CH+"", ""Unknown"", ""CH/DISC/ALBUM_+"", ""CHAN_+"", ""TUNER_PRESET_-"", ""CH-_TUNE_STEP/SL"", ""PRESET_<"", ""PRESET_DOWN"", ""TUNE_PRESET_DOWN"", ""CHANNEL_DOWN"", ""CH_-"", ""XM_PRESET_DOWN"", ""CH-"", ""CHANNEL_-"", ""CH_DN"", ""PRESET_-"", ""Unknown"", ""DOWN"", ""CH-"", ""Unknown"", ""CH/DISC/ALBUM_-"", ""CHAN_-"", ""VOL+"", ""VOL+"", ""VOLUME_UP"", ""VOL+"", ""Unknown"", ""VOL_+"", ""Unknown"", ""VOL-"", ""VOL-"", ""VOLUME_DOWN"", ""VOL_DN"", ""Unknown"", ""VOL_-"", ""Unknown"", ""POWER_ON"", ""POWER"", ""Unknown"", ""Unknown"", ""POWER"", ""RECIEVER_ON"", ""RCVR_ON"", ""MUTING/M"", ""MUTE"", ""MUTING"", ""MUTE_TOGGLE"", ""VOLUME_MUTE"", ""Unknown"", ""MUTING_(TOGGLE)"", ""INPUT:_TAPE_2"", ""TAPE_2"", ""Unknown"", ""INPUT:_TAP"", ""INPUT:_TAPE_1"", ""TAPE_1"", ""IN_TAPE"", ""TAPE"", ""TAP"", ""Unknown"", ""INPUT:_TAPE"", ""INPUT_TAPE_1"", ""TAPE"", ""Unknown"", ""INPUT_TAPE"", ""INPUT:_CD"", ""CD"", ""INPUT_CD"", ""IN_CD"", ""Unknown"", ""CD"", ""Unknown"", ""INPUT:_PH"", ""INPUT:_PHONO"", ""PHONO"", ""INPUT_PHONO"", ""Unknown"", ""PHONO"", ""Unknown"", ""INPUT:_TUNER"", ""TUNER"", ""INPUT_TUNER"", ""FM"", ""IN_TUNER"", ""Unknown"", ""Unknown"", ""AM/FM"", ""TUNER"", ""INPUT:_V3"", ""INPUT:_VIDEO_3"", ""VIDEO_3_GAME/TV"", ""INPUT_V3_GAME/TV"", ""VIDEO_3"", ""VID3"", ""V3"", ""V3_GAME/TV"", ""IN_GAME/TV"", ""Unknown"", ""VID_3"", ""GAME/TV"", ""INPUT:_GAME/TV"", ""INPUT:(V3)_GAME/TV"", ""VIDEO_3"", ""Unknown"", ""INPUT_GAME/TV"", ""VIDEO3"", ""INPUT:_V2"", ""INPUT:_VIDEO_2"", ""VIDEO_2_CBL/SAT"", ""INPUT_V2_CBL/SAT"", ""VIDEO_2"", ""V2"", ""V2_CBL/SAT"", ""IN_CBL/SAT"", ""Unknown"", ""SAT"", ""CBL/SAT"", ""INPUT:_CBL/SAT"", ""INPUT:(V2)_CBL/SAT"", ""VIDEO_2"", ""Unknown"", ""INPUT_CBL/SAT"", ""VIDEO2"", ""INPUT:_V1"", ""INPUT:_VIDEO_1"", ""VIDEO"", ""VIDEO_1_VCR/DVR"", ""INPUT_V1_VCR/DVR"", ""VIDEO_1"", ""V1"", ""V1_VCR/DVR"", ""IN_VCR/DVR"", ""Unknown"", ""CABLE"", ""VCR_1"", ""VCR/DVR"", ""INPUT:_VCR/DVR"", ""INPUT:(V1)_VCR/DVR"", ""VIDEO_1"", ""Unknown"", ""INPUT_VCR/DVR"", ""VIDEO1"", ""SCAN"", ""STOP"", ""TR_STOP"", ""PLAY"", ""TR_PLAY"", ""PAUSE"", ""TR_PAUSE"", ""RANDOM"", ""SCAN+"", ""TR_SCAN>>"", ""SCAN-"", ""TR_SCAN<<"", ""DIRECT"", ""2"", ""MODE:_DIRECT"", ""MODE_DIRECT"", ""2_/_DIRECT"", ""2_(DIRECT)"", ""DIRECT"", ""FM"", ""INPUT_FM"", ""Unknown"", ""AM"", ""INPUT_AM"", ""Unknown"", ""SURROUND"", ""LISTEN_MODE_UP"", ""MODE_LISTEN_MODEUP"", ""LISTENING_MODE_+"", ""MODE_DSP_UP"", ""LISTENING_MODE_UP"", ""MODE:_RIGHT"", ""SUR_MODE_+"", ""SP_A"", ""SPK_A"", ""7"", ""SPEAKER_SET_A_ON/OFF"", ""SP_B"", ""SPK_B"", ""8"", ""SPEAKER_SET_B_ON/OFF"", ""SLEEP"", ""SLEEP_TIME"", ""CLEAR/SLEEP"", ""SLEEP_TIMER"", ""SLEEP"", ""CURSOR_UP"", ""CURSOR_UP"", ""UP"", ""CURSER_UP"", ""CUR_UP"", ""CURSOR_DOWN"", ""CURSOR_DOWN"", ""DOWN"", ""DN"", ""CURSOR_DN"", ""CURSER_DOWN"", ""CUR_DWN"", ""CURSOR_LEFT"", ""CURSOR_LEFT"", ""LEFT"", ""Unknown"", ""CURSOR_LF"", ""CURSER_LEFT"", ""CUR_LEFT"", ""CURSOR_RIGHT"", ""CURSOR_RIGHT"", ""Unknown"", ""RIGHT"", ""CURSOR_RT"", ""CURSER_RIGHT"", ""CUR_RIGHT"", ""TRACK-"", ""TR_SKIP<<"", ""TRACK+"", ""TR_SKIP>>"", ""DIMMER"", ""0"", ""10+"", ""0_/_DIMMER"", ""DIMMER"", ""CLOCK"", ""ENTER"", ""CURSOR_ENTER"", ""SELECT"", ""TEST_MENU"", ""TEST_TONE"", ""2_TEST_TONE"", ""SPK_TEST_TONE"", ""TEST"", ""SPEAKER_TEST_TONE"", ""SET_-_SPL"", ""A._CONTROL"", ""INPUT_V6_PC"", ""INPUT:_V5"", ""INPUT:_VIDEO_5"", ""V5"", ""AUX_2"", ""INPUT:_AUX_2"", ""VIDEO_5"", ""Unknown"", ""INPUT_AUX2"", ""VID_5"", ""Unknown"", ""INPUT:_V4"", ""INPUT:_VIDEO_4"", ""VIDEO_4_AUX_1"", ""INPUT_V4_AUX1"", ""VIDEO_4"", ""V4"", ""V4_AUX_1"", ""IN_AUX"", ""Unknown"", ""AUX_1"", ""INPUT:_AUX_1"", ""INPUT:(V4)_AUX_1"", ""VIDEO_4"", ""Unknown"", ""INPUT_AUX1"", ""ZONE_2"", ""ZONE_2_(SELECT/ON)"", ""ZONE2/SEARCH/ENTER"", ""Z2_CD"", ""Z2_DVD"", ""Z2_ON"", ""Z2_STANDBY"", ""Z2_TUN"", ""Z2_V1"", ""Z2_V2"", ""Z2_V3"", ""Z2_V4"", ""ZONE2"", ""CABLE_MUSIC"", ""CD"", ""ZONE_2_OFF"", ""RADIO"", ""ZONE_2_ON"", ""0"", ""1"", ""2"", ""3"", ""4"", ""5"", ""6"", ""7"", ""8"", ""9"", ""AM"", ""CH_DN"", ""CH+"", ""CURSOR_DN"", ""CURSOR_UP"", ""DIRECT"", ""DVD"", ""FM"", ""MT-OFF"", ""MT-ON"", ""MULTI-CH"", ""MUTE"", ""POWER"", ""PHONO"", ""STANDBY"", ""TAPE_1"", ""TUNE_DN"", ""TUNE_UP"", ""TUNER"", ""V1"", ""V2"", ""V3"", ""V4"", ""VOL_DN"", ""VOL+"", ""DOWN"", ""DVD"", ""FM"", ""POWER"", ""STANDBY"", ""UP"", ""VCR_1"", ""ZONE_2_ON"", ""ZONE_2_CD"", ""ZONE_2_DVD"", ""ZONE_2_IRD"", ""ZONE_2_MSRV"", ""ZONE_2_PHONO"", ""ZONE_2_TAPE"", ""ZONE_2_TUNER"", ""ZONE_2_VIDEO_1"", ""ZONE_2_VIDEO_2"", ""ZONE_2_VIDEO_3"", ""ZONE_2_VIDEO_4"", ""ZONE_2_VIDEO_5"", ""ZONE_2_VOL-"", ""ZONE_2_VOL+"", ""Z2_LEV_DOWN"", ""Z2_LEV_UP"", ""Z2_OFF"", ""Z2_ON"", ""ZONE_2"", ""VIDEO_5"", ""VIDEO_4"", ""VIDEO_3"", ""VIDEO_2"", ""VIDEO_1"", ""TAPE_2"", ""POWER_ON"", ""POWER_OFF""]","[""NECext""]","[""D2 6D 00 00""]",device_family,0.58,"[""modelo/família identificável com conjunto amplo""]","[""modelo de baixa confiança foi tratado como evidência estrutural"", ""muitos nomes compartilham a mesma intenção"", ""nomes de comandos reais não chegaram ao classificador"", ""protocolos reais não chegaram ao classificador"", ""sequência numerada pode indicar codeset ou bruteforce""]","[""50 maiores quantidades de comandos"", ""50 maiores repetições de nomes"", ""50 nomes ou comandos com sequências numéricas""]"
1db7e7a6b123f5ae,_Converted_/CSV/J/JVC/CD_Player/179_-1.ir,179_-1.ir,Converted/CSV,JVC,179_-1,180,"[""POWER"", ""POWER_(ENTER)"", ""STOP"", ""STOP_[]"", ""STOP[]"", ""STOP/CANCEL_[]"", ""STOP_[]_(U)"", ""STOP_[]"", ""OPEN/CLOSE"", ""DISC_OPEN/CLOSE"", ""OPEN/CLOSE_(W)"", ""DISC_NEXT"", ""CALL"", ""INTRO"", ""PLAY_MODE_INTROSCAN"", ""EDITING"", ""SIDE_A/B"", ""EJECT"", ""M._EJECT"", ""M.EJECT"", ""M.EJECT_(V)"", ""PLAY"", ""PLAY_>"", ""PLAY>"", ""PLAY_>_(T)"", ""PLAY_>"", ""PAUSE"", ""PAUSE_"", ""PAUSE"", ""PAUSE_(S)"", ""PAUSE_"", ""DISPLAY_MODE"", ""DISPLAY"", ""DISPLAY_(MODE)"", ""CALL"", ""CALL_(->)"", ""CALL"", ""INDEX_->"", ""INDEX_-->"", ""INDEX_<-"", ""INDEX_<--"", ""AUTO_SEARCH_REV"", ""AUTO_SEARCH_<<"", ""SKIP_REW_<<"", ""SKIP_<<"", ""SKIP_<<"", ""AUTO_SRCH_<<_(X)"", ""SKIP_REW_<<"", ""AUTO_SRCH/CK_<<"", ""AUTO_SEARCH_>>"", ""SKIP_FWD>>"", ""SKIP_>>"", ""SKIP_>>"", ""AUTO_SRCH_>>_(Y)"", ""SKIP_FWD_>>"", ""AUTO_SRCH/CK_>>"", ""REPEAT_ALL/1"", ""REPEAT"", ""REPEAT_(ALL_1)"", ""1"", ""1_TRACK"", ""TRACK_1"", ""TRACK_1_(A)"", ""TRACK_1"", ""2"", ""2_TRACK"", ""TRACK_2"", ""TRACK_2_(B)"", ""TRACK_2"", ""3"", ""3_TRACK"", ""TRACK_3"", ""TRACK_3_(C)"", ""TRACK_3"", ""4"", ""4_TRACK"", ""TRACK_4"", ""TRACK_4_(D)"", ""TRACK_4"", ""5"", ""5_TRACK"", ""TRACK_5"", ""TRACK_5_(E)"", ""TRACK_5"", ""6"", ""6_TRACK"", ""TRACK_6"", ""TRACK_6_(F)"", ""TRACK_6"", ""7"", ""7_TRACK"", ""TRACK_7"", ""TRACK_7_(G)"", ""TRACK_7"", ""8"", ""8_TRACK"", ""TRACK_8"", ""TRACK_8_(H)"", ""TRACK_8"", ""9"", ""9_TRACK"", ""TRACK_9"", ""TRACK_9_(I)"", ""TRACK_9"", ""PROGRAM"", ""MEMORY"", ""RESERVE"", ""CANCEL"", ""CANCEL_(<-)"", ""CANCEL"", ""10"", ""10_TRACK"", ""TRACK_10"", ""TRACK_10_(J)"", ""TRACK_10"", ""0"", ""+10"", ""+10_TRACK"", ""TRACK_+10"", ""10+"", ""TRACK_+10_(K)"", ""TRACK_+10"", ""SEARCH_REV"", ""SEARCH_<<"", ""SRCH_REW<<"", ""SEARCH_REV_<<"", ""MANUAL_SEARCH_<<"", ""SEARCH_REW_<<"", ""SCAN_<<"", ""PROGRAM"", ""PLAY_MODE_PROGRAM"", ""PRGM"", ""RANDOM"", ""PLAY_MODE_RANDOM"", ""MAG.PRGM"", ""GRAPHICS_CH_^"", ""GRAPHICS_CH_V"", ""SEARCH_FWD"", ""SEARCH_>>"", ""SRCH_FWD>>"", ""SEARCH_FWD_>>"", ""MANUAL_SEARCH_>>"", ""SEARCH_FWD_>>"", ""SCAN_>>"", ""CONTINUE"", ""CONTINUE_(Z)"", ""PLAY_MODE_CONTINUE"", ""DISC_P"", ""DISC_P_(L)"", ""DISC_P"", ""P_DISC"", ""DISC_1"", ""DISC_1_(M)"", ""DISC_1"", ""1_DISC"", ""DISC_2"", ""DISC_2_(N)"", ""DISC_2"", ""2_DISC"", ""DISC_3"", ""DISC_3_(O)"", ""DISC_3"", ""3_DISC"", ""DISC_4"", ""DISC_4_(P)"", ""DISC_4"", ""4_DISC"", ""DISC_5"", ""DISC_5_(Q)"", ""DISC_5"", ""5_DISC"", ""DISC_6"", ""DISC_6_(R)"", ""DISC_6"", ""6_DISC"", ""DISC_SKIP"", ""DEL._PRGM"", ""DEL.PRGM"", ""EXCHANGE"", ""DISC_BEFORE""]","[""NECext""]","[""B3 00 00 00""]",device_family,0.58,"[""modelo/família identificável com conjunto amplo""]","[""modelo de baixa confiança foi tratado como evidência estrutural"", ""muitos nomes compartilham a mesma intenção"", ""nomes de comandos reais não chegaram ao classificador"", ""protocolos reais não chegaram ao classificador"", ""sequência numerada pode indicar codeset ou bruteforce""]","[""50 maiores repetições de nomes"", ""50 nomes ou comandos com sequências numéricas""]"
3541a9a015b4fac0,_Converted_/CSV/J/JVC/CD_Player/179_0.ir,179_0.ir,Converted/CSV,JVC,179_0,146,"[""PLAY_>"", ""STOP_[]"", ""PAUSE_"", ""AUTO_SEARCH/CK_>>"", ""AUTO_SEARCH/CK_<<"", ""SEARCH_>>"", ""SEARCH_<<"", ""POWER_(ON)"", ""STANDBY_(OFF)"", ""CANCEL"", ""RANDOM"", ""REPEAT"", ""INTRO"", ""DISC_SKIP_>>"", ""DISC_SKIP_<<"", ""MEMORY"", ""DELETE_FILE"", ""PROGRAM"", ""CURSOR/USER_FILE_->"", ""CURSOR/USER_FILE_<-"", ""USER_FILE"", ""TRACK_1"", ""TRACK_2"", ""TRACK_3"", ""TRACK_4"", ""TRACK_5"", ""TRACK_6"", ""TRACK_7"", ""TRACK_8"", ""TRACK_9"", ""TRACK_10"", ""TRACK_11"", ""TRACK_12"", ""TRACK_13"", ""TRACK_14"", ""TRACK_15"", ""TRACK_16"", ""TRACK_17"", ""TRACK_18"", ""TRACK_19"", ""TRACK_20"", ""TRACK_21"", ""TRACK_22"", ""TRACK_23"", ""TRACK_24"", ""TRACK_25"", ""DISC_1"", ""DISC_2"", ""DISC_3"", ""DISC_4"", ""DISC_5"", ""DISC_6"", ""DISC_7"", ""DISC_8"", ""DISC_9"", ""DISC_10"", ""DISC_11"", ""DISC_12"", ""DISC_13"", ""DISC_14"", ""DISC_15"", ""DISC_16"", ""DISC_17"", ""DISC_18"", ""DISC_19"", ""DISC_20"", ""DISC_21"", ""DISC_22"", ""DISC_23"", ""DISC_24"", ""DISC_25"", ""DISC_26"", ""DISC_27"", ""DISC_28"", ""DISC_29"", ""DISC_30"", ""DISC_31"", ""DISC_32"", ""DISC_33"", ""DISC_34"", ""DISC_35"", ""DISC_36"", ""DISC_37"", ""DISC_38"", ""DISC_39"", ""DISC_40"", ""DISC_41"", ""DISC_42"", ""DISC_43"", ""DISC_44"", ""DISC_45"", ""DISC_46"", ""DISC_47"", ""DISC_48"", ""DISC_49"", ""DISC_50"", ""DISC_51"", ""DISC_52"", ""DISC_53"", ""DISC_54"", ""DISC_55"", ""DISC_56"", ""DISC_57"", ""DISC_58"", ""DISC_59"", ""DISC_60"", ""DISC_61"", ""DISC_62"", ""DISC_63"", ""DISC_64"", ""DISC_65"", ""DISC_66"", ""DISC_67"", ""DISC_68"", ""DISC_69"", ""DISC_70"", ""DISC_71"", ""DISC_72"", ""DISC_73"", ""DISC_74"", ""DISC_75"", ""DISC_76"", ""DISC_77"", ""DISC_78"", ""DISC_79"", ""DISC_80"", ""DISC_81"", ""DISC_82"", ""DISC_83"", ""DISC_84"", ""DISC_85"", ""DISC_86"", ""DISC_87"", ""DISC_88"", ""DISC_89"", ""DISC_90"", ""DISC_91"", ""DISC_92"", ""DISC_93"", ""DISC_94"", ""DISC_95"", ""DISC_96"", ""DISC_97"", ""DISC_98"", ""DISC_99"", ""DISC_100""]","[""NECext""]","[""B3 00 00 00""]",device_family,0.58,"[""modelo/família identificável com conjunto amplo""]","[""modelo de baixa confiança foi tratado como evidência estrutural"", ""muitos nomes compartilham a mesma intenção"", ""nomes de comandos reais não chegaram ao classificador"", ""protocolos reais não chegaram ao classificador"", ""sequência numerada pode indicar codeset ou bruteforce""]","[""50 maiores repetições de nomes"", ""50 nomes ou comandos com sequências numéricas""]"
22e11dee578a710a,_Converted_/CSV/J/JVC/Receiver/163_-1.ir,163_-1.ir,Converted/CSV,JVC,163_-1,297,"[""SLEEP_TIMER"", ""SLEEP"", ""TV_SLEEP"", ""SLEEP_(SHIFT+3)"", ""DAP_PRO_LOGIN_ON/OFF"", ""SURROUND"", ""SURROUND_ON/OFF"", ""SURR_REAR_ON/OFF(-)"", ""ACCOUSTIC_EXPANDER"", ""DAP(PROCESS)POWER"", ""DAPDOLBY_ON/OFF"", ""DAT"", ""TAPE_2"", ""TAPE_2_SOURCE_SELECT"", ""TAPE_2/VIDEO_SOUND"", ""VIDEO_SOUND"", ""TAPE2"", ""TAPE2/VIDEO_SOUND"", ""SOURCE_SELECT_TAPE_2"", ""SOURCE_SLCT_TAPE2"", ""TAPE2_MONITOR"", ""FM"", ""FM_SOURCE_SELECT"", ""SOURCE_SELECT_FM"", ""SOURCE_SLCT_FM"", ""INPUT_-_FM"", ""AM"", ""AM_SOURCE_SELECT"", ""SOURCE_SELECT_AM"", ""SOURCE_SLCT_AM"", ""INPUT_-_AM"", ""FM/AM"", ""DAP_L_BALANCE"", ""DAP_R_BALANCE"", ""TV/VIDEO"", ""TVSOUND"", ""INPUT_-_TV"", ""VTR"", ""VCR"", ""INPUT_-_VCR"", ""AUX-1_(VIDEO)"", ""VIDEO"", ""VCR2_POWER"", ""VIDEO2"", ""VTR_SOUND_SELECTOR"", ""SOUND_SELECTOR"", ""AUDIO_POWER"", ""POWER"", ""AM/FM_DOWN_-"", ""PRESET_-"", ""AM/FM_PRESET_CH_-"", ""AM/FM_PRESET_-"", ""FM/AM_PRESET_-"", ""AM/FM_TUNER_PRE(-[])"", ""AM/FM_UP_+"", ""PRESET_+"", ""AM/FM_PRESET_CH_+"", ""AM/FM_PRESET_+"", ""FM/AM_PRESET_+"", ""AM/FM_TUNER_PRE(+>)"", ""POWER_OFF"", ""MUTE"", ""FADE_MUTING"", ""FADE_MUTE"", ""POWER_ON"", ""VOL+"", ""RCVR_VOL+"", ""MAIN_VOL+"", ""MASTER_VOL+"", ""VOL-"", ""RCVR_VOL-"", ""MAIN_VOL-"", ""MASTER_VOL-"", ""TUNER_100"", ""FM/AM_0/10"", ""AM/FM_0"", ""0"", ""TUNER_100_MAG.PR"", ""FM/AM_0"", ""AM/FM_1"", ""TUNER_101"", ""PHONO_PLAY_>"", ""FM/AM_1"", ""AM/FM_1(63HZ)"", ""1"", ""TUNER_101_63HZ"", ""AM/FM_2"", ""TUNER_102"", ""PHONO_STOP_[]"", ""FM/AM_2"", ""AM/FM_2(160HZ)"", ""2"", ""TUNER_102_160HZ"", ""AM/FM_3"", ""TUNER_103"", ""FM/AM_3"", ""AM/FM_3(400HZ)"", ""3"", ""TUNER_103_400HZ"", ""AM/FM_4"", ""TUNER_104"", ""FM/AM_4"", ""AM/FM_4(1KHZ)"", ""4"", ""TUNER_104_1KHZ"", ""AM/FM_5"", ""TUNER_105"", ""FM/AM_5"", ""AM/FM_5(2.5KHZ)"", ""5"", ""TUNER_105_2.5KHZ"", ""AM/FM_6"", ""TUNER_106"", ""FM/AM_6"", ""AM/FM_6(6.3KHZ)"", ""6"", ""TUNER_106_6.3KHZ"", ""AM/FM_7"", ""TUNER_107"", ""AM/FM_7/P"", ""FM/AM_7"", ""AM/FM_7/P(16KHZ)"", ""7/P"", ""TUNER_107/P_16KZ"", ""FM/AM_7/P"", ""7"", ""AM/FM_8"", ""TUNER_108"", ""8"", ""FM/AM_8"", ""TUNER_108_-SEA"", ""AM/FM_9"", ""TUNER_109"", ""9"", ""FM/AM_9"", ""TUNER_109_+SEA"", ""AM/FM_10"", ""TUNER_1010"", ""10"", ""FM/AM_10"", ""AM/FM_+10"", ""TUNER_10+10"", ""+10"", ""10_+"", ""TUNER_10+10_PRGM"", ""FM/AM_10+"", ""FM/AM_+10"", ""0"", ""SEA_ON/OFF_SEA"", ""SEA_ON/OFF"", ""POWER"", ""SEA_SOURCE"", ""SEA_LEVEL_ON/OFF"", ""SEA_63_HZ"", ""SEA_CON._63HZ"", ""CONTROL_1_63HZ"", ""SEA_63HZ(1)"", ""SEA_160_HZ"", ""SEA_CON._160HZ"", ""CONTROL_2_160HZ"", ""SEA_160HZ(2)"", ""SEA_400_HZ"", ""SEA_CON._400HZ"", ""CONTROL_3_400HZ"", ""SEA_400HZ(3)"", ""SEA_1KHZ"", ""SEA_CON._1KHZ"", ""CONTROL_4_1KHZ"", ""SEA_1KHZ(4)"", ""SEA_2.5_KHZ"", ""SEA_CON._2.5KHZ"", ""CONTROL_5_2.5KHZ"", ""SEA_25KHZ(5)"", ""SEA_6.3_KHZ"", ""SEA_CON._6.3KHZ"", ""CONTROL_6_6.3KHZ"", ""SEA_63KHZ(6)"", ""SEA_16_KHZ"", ""SEA_CON._16KHZ"", ""CONTROL_7/P_16KHZ"", ""SEA_16KHZ(7)"", ""SEA_PRESET_SEA"", ""SEA_PRESET"", ""PRESET"", ""SEA_MODE"", ""SEA_LVL_PRESET()"", ""SEA_MODE_(+10)"", ""SEA_UP_+"", ""SEA_CON._SEA_LEVEL_+"", ""CONTROL_9_+_SEA_LEV."", ""SEA_LEVEL_+"", ""SEA_LEVEL_(+>)"", ""SEA_DOWN_-"", ""SEA_CON._SEA_LEVEL_-"", ""CONTROL_8_-_SEA_LEV."", ""SEA_LEVEL_-"", ""SEA_LVL_FREQ(-[])"", ""PHONO"", ""PHONO_SOURCE_SELECT"", ""PHONO_PLAY_>"", ""SOURCE_SELECT_PHONO"", ""SOURCE_SLCT_PHONO"", ""CD"", ""CD_SOURCE_SELECT"", ""CD_PLAY_>"", ""SOURCE_SELECT_CD"", ""SOURCE_SLCT_CD"", ""AUX-2_(AUDIO)"", ""TAPE_1"", ""TAPE_1_SOURCE_SELECT"", ""TAPE"", ""TAPE1_PLAY_>"", ""SOURCE_SELECT_TAPE_1"", ""SOURCE_SLCT_TAPE1"", ""TAPE1"", ""VIDEO"", ""VIDEO1"", ""INPUT_-_DVR/DVD"", ""DAP_DELAY_TIME"", ""SURROUND_DELAY"", ""SURR_DELAY_(+)"", ""SURR_DELAY_(1)"", ""DAP_REAR_LEVEL_+"", ""SURROUND_REAR_+"", ""CH_REAR_LEVEL_+"", ""SUR_LVL_REAR_LVL_+"", ""SURR_REAR_+_(6)"", ""REAR_VOL+"", ""REAR_LEVEL_+"", ""DAP_REAR_LEVEL_-"", ""SURROUND_REAR_-"", ""CH_REAR_LEVEL_-"", ""SUR_LVL_REAR_LVL_-"", ""SURR_REAR_-_(5)"", ""REAR_VOL-"", ""REAR_LEVEL_-"", ""CSRP"", ""CSRP_ON/OFF"", ""DAP_DAP_MODE"", ""MODE"", ""SURROUND_MODE"", ""SURR_CENTER_MODE_(-)"", ""SURR_MODE_(10)"", ""DAPDOLBY_DAP_MODE(6)"", ""SURROUND"", ""FM_MODE/MUTE_(0)"", ""FM_MODE"", ""DAP_DAP_LEVEL_+"", ""SURROUND_VOL+"", ""DAP_DAP_LEVEL_-"", ""SURROUND_VOL-"", ""INPUT_-_DBS"", ""SEA_CON._DISPLAY"", ""DISPLAY"", ""SEA_DISPLAY"", ""SEA_CON._SEA_DISPLAY"", ""CSRP_DISPLAY"", ""ON_SCREEN"", ""SURR:ANLG/DIG."", ""BASS_BOOST"", ""TUNING_+"", ""TUNING_-"", ""MEMORY"", ""EQ:_LEVEL_+"", ""EQ:_LEVEL_-"", ""SEA_FREQUENCY_+"", ""EQ:_FREQUENCY"", ""SEA_FREQUENCY_-"", ""DAP_DAP_ON/OFF"", ""INPUT_-_DVD_MULTI"", ""DAP_TEST"", ""SURROUND_TEST"", ""SURR_TEST_(+)"", ""DAP_TEST_(>>)"", ""SURR_TEST_(4)"", ""DAPDOLBY_TEST"", ""TEST"", ""DAP_CENTER_LEVEL_+"", ""PRESET_CENTER_L.+"", ""SUR_LVL_CTR_LVL_+"", ""SURROUND_CTR_+"", ""DAP_CENTER_(+>)"", ""SURR_CNTR_+_(3)"", ""DAP_CENTER_LEVEL_-"", ""PRESET_CENTER_L.-"", ""SUR_LVL_CTR_LVL_-"", ""SURROUND_CTR_-"", ""DAP_REAR_(-[])"", ""SURR_CNTR_-_(2)"", ""C._TONE"", ""DAP_MODE_SIZE"", ""DAPDOLBY_SIZE_(3)"", ""DAP_MODE_LIVE"", ""DAP_MODE_WALL"", ""DAPDOLBY_WALL_(4)"", ""DAPDOLBY_LEVEL+_(8)"", ""DAPDOLBY_LEVEL-(7/P)""]","[""NECext""]","[""A3 00 00 00""]",device_family,0.58,"[""modelo/família identificável com conjunto amplo""]","[""modelo de baixa confiança foi tratado como evidência estrutural"", ""muitos nomes compartilham a mesma intenção"", ""nomes de comandos reais não chegaram ao classificador"", ""protocolos reais não chegaram ao classificador"", ""sequência numerada pode indicar codeset ou bruteforce""]","[""50 maiores quantidades de comandos"", ""50 nomes ou comandos com sequências numéricas""]"
96d2440072c39d09,_Converted_/CSV/J/JVC/Receiver/179_-1.ir,179_-1.ir,Converted/CSV,JVC,179_-1,185,"[""PHONO_STOP_[]"", ""PHONO_STOP_[]_(4)"", ""PHONO_STOP"", ""STOP_[]"", ""PHONO_PLAY_>"", ""PHONO_PLAY_>_(1)"", ""PHONO_PLAY"", ""CD_STOP_[]"", ""CD_STOP_[]_(4)"", ""CD_STOP[]"", ""CD_STOP_(-_[])"", ""CD_STOP"", ""CD_EJECT_(10)"", ""CD_OPEN/CLOSE"", ""CD_PLAY_>"", ""CD_PLAY_>_(1)"", ""CD_PLAY>"", ""CD_PLAY_(+_>)"", ""CD_PLAY"", ""CD_PAUSE_"", ""CD_PAUSE_(5)"", ""CD_PAUSE_()"", ""CD_PAUSE"", ""CD_SKIP_<<"", ""CD_<<_(2)"", ""CD_A.SEARCH_REV_<<"", ""CD_SKIP_REV_<<"", ""CD_SKIP_<"", ""CD_AUTO_SEARCH_<<"", ""AUTO_SEARCH_<<"", ""CD_<<"", ""CD_REW/<<"", ""CD_SKIP_>>"", ""CD_>>(3)"", ""CD_A.SEARCH_FWD_>>"", ""CD_SKIP_FWD_>>"", ""CD_SKIP_>"", ""CD_AUTO_SEARCH_>>"", ""AUTO_SEARCH_>>"", ""CD_>>"", ""CD_FF/>>"", ""TRACK_0"", ""CD_100"", ""CD_TRACK_0"", ""CD_0"", ""TRACK_1"", ""CD_101"", ""CD_TRACK_1"", ""TV_1"", ""CD_1"", ""TRACK_2"", ""CD_102"", ""CD_TRACK_2"", ""TV_2"", ""CD_2"", ""TRACK_3"", ""CD_103"", ""CD_TRACK_3"", ""TV_3"", ""CD_3"", ""TRACK_4"", ""CD_104"", ""CD_TRACK_4"", ""TV_4"", ""CD_4"", ""TRACK_5"", ""CD_105"", ""CD_TRACK_5"", ""TV_5"", ""CD_5"", ""TRACK_6"", ""CD_106"", ""CD_TRACK_6"", ""TV_6"", ""CD_6"", ""TRACK_7/P"", ""CD_107/P"", ""CD_TRACK_7"", ""TV_7/P"", ""CD_7/P"", ""CD_7"", ""TRACK_8"", ""CD_108"", ""CD_TRACK_8"", ""TV_8"", ""CD_8"", ""TRACK_9"", ""CD_109"", ""CD_TRACK_9"", ""TV_9"", ""CD_9"", ""TRACK_10"", ""CD_1010"", ""CD_TRACK_10"", ""TV_10"", ""CD_10"", ""CD_10_CONTINUE"", ""TRACK_+10"", ""CD_10+10"", ""CD_TRACK_+10"", ""TV_+10"", ""CD_+10"", ""CD_SCAN_<<"", ""CD_<<_(6)"", ""CD_REW_<<"", ""CD_SEARCH_REV_<<"", ""CD_REV_(<_<<)"", ""CD_CHANGER_PRGM"", ""PRGM"", ""CD_CHANGER_+10"", ""DISC_PRGM"", ""CD_DISC_PRGM(10)"", ""CD_0_(DISC)"", ""CD_PRGM"", ""CD_CHANGER_MAG.PRGM"", ""MAG.PRGM"", ""MAG._PRGM"", ""CD_CHANGER_0"", ""DISC_MAG.PRGM"", ""CD_+10_(DISC)"", ""CD_SCAN_>>"", ""CD_>>_(P)"", ""CD_FFWD_>>"", ""CD_SEARCH_FWD_>>"", ""CD_FWD_(>_>>)"", ""CD_CHANGER_CONTINUE"", ""CONTINUE"", ""CD_CHANGER_10"", ""DISC_CONTINUE"", ""CD_DISC_CONTINUE(9)"", ""CD_10_(DISC)_CONTIN"", ""CD_CONTINUE"", ""CD_DISC_P"", ""CD_CHANGER_P"", ""CD_DISC_7/P"", ""7"", ""DISC_7/P"", ""CD_CHANGER_7/P"", ""DISC_P"", ""CD_DISC_P_(7)"", ""CD_7/P"", ""CD_DISC_7"", ""CD_7/P_(DISC)"", ""CD_DISC_1"", ""CD_DISC_1_(>)"", ""CD_CHANGER_1"", ""1"", ""DISC_1"", ""CD_1"", ""CD_1_(DISC)"", ""CD_DISC_2"", ""CD_DISC_2_(<<)"", ""CD_CHANGER_2"", ""2"", ""DISC_2"", ""CD_2"", ""CD_2_(DISC)"", ""CD_DISC_3"", ""CD_DISC_3_(>>)"", ""CD_CHANGER_3"", ""3"", ""DISC_3"", ""CD_3"", ""CD_3_(DISC)"", ""CD_DISC_4"", ""CD_DISC_4_([])"", ""CD_CHANGER_4"", ""4"", ""DISC_4"", ""CD_4"", ""CD_4_(DISC)"", ""CD_DISC_5"", ""CD_DISC_5_()"", ""CD_CHANGER_5"", ""5"", ""DISC_5"", ""CD_5"", ""CD_5_(DISC)"", ""CD_DISC_6"", ""CD_DISC_6_(<<)"", ""CD_CHANGER_6"", ""6"", ""DISC_6"", ""CD_6"", ""CD_6_(DISC)""]","[""NECext""]","[""B3 00 00 00""]",device_family,0.58,"[""modelo/família identificável com conjunto amplo""]","[""modelo de baixa confiança foi tratado como evidência estrutural"", ""muitos nomes compartilham a mesma intenção"", ""nomes de comandos reais não chegaram ao classificador"", ""protocolos reais não chegaram ao classificador"", ""sequência numerada pode indicar codeset ou bruteforce""]","[""50 maiores repetições de nomes"", ""50 nomes ou comandos com sequências numéricas""]"
3c87974ae66a4223,_Converted_/CSV/J/JVC/VCR/67_-1.ir,67_-1.ir,Converted/CSV,JVC,67_-1,645,"[""Unknown"", ""REC"", ""VCR_REC"", ""STOP_[]"", ""STOP"", ""VCR_STOP_[]"", ""A_STOP_[]"", ""VCRA_STOP_[]"", ""EJECT"", ""STOP"", ""VIDEO_A_STOP_[]"", ""VCR_A_STOP[]"", ""EP/SP"", ""VCR_STOP[]"", ""EJECT"", ""A_VIDEO_REJECT"", ""FF/SHUTTLE_SRCH_>>"", ""FAST_FORWARD_>>"", ""SCAN_>>"", ""VCR_FF>>"", ""VCR_FF_>>_/_>>"", ""FF/SRCH_>>"", ""FF_>>"", ""A_FFWD_>>"", ""VCR_FF_>>"", ""FF/SHUT.SRCH_>>"", ""FF_>>/>>"", ""VCRA_FFWD_>>/>>"", ""VCRA_FF_>>_/_>>"", "">>"", ""SLOW_MOTION_+"", ""FFWD/SFWD"", ""FAST_FORWARD_>>"", ""VIDEO_A_>>/>>"", ""FAST_FORWARD"", ""VCR_A_FFWD_>>/>>"", ""PROGRAM-CHECK"", ""SHTL_FWD/TV_VOL+"", ""VCR_FWD_>>/>>"", ""VCR_>>"", ""REW/SHUTTLE_SRCH_<<"", ""REWIND_<<"", ""SCAN_<<"", ""VCR_REW_<<"", ""VCR_REW_<<_/_<<"", ""REW/SRCH_<<"", ""REW_<<"", ""A_REW_<<"", ""REW/SHUT.SRCH_<<"", ""REW_<</<<"", ""VCRA_REW_<</<<"", ""VCRA_REW_<<_/_<<"", ""<<"", ""SLOW_MOTION_-"", ""REW/SREV"", ""REWIND_<<"", ""VIDEO_A_<</<<"", ""REWIND"", ""VCR_A_REW_<</<<"", ""CHANNEL_-"", ""SHTL_REW_/_TV_VOL-"", ""VCR_REW_<</<<"", ""VCR_<<"", ""OPERATE"", ""POWER_OFF"", ""POWER_ON"", ""POWER"", ""VCR_POWER"", ""(VCR)_POWER"", ""VIDEO_POWER"", ""POWER_(VCR)"", ""A_POWER_VIDEO"", ""VCR_OPERATE"", ""VCRA_POWER"", ""EJECT"", ""POWER"", ""VIDEO_A_OPERATE"", ""VCR_A_POWER"", ""PLAY_>"", ""PLAY"", ""VCR_PLAY_>"", ""PLAY/X2"", ""REC_PLAY/X2"", ""A_PLAY/X2"", ""VCR_PLAY/X2"", ""VCRA_PLAY_>"", ""RECORD"", ""PLAY"", ""VIDEO_A_PLAY_>"", ""VCR_A_PLAY>"", ""PROGRAM"", ""VCR_PLAY>"", ""PAUSE/STILL_"", ""PAUSE"", ""VCR_PAUSE_"", ""A_PAUSE/STILL_"", ""VCR_PAUSE/STILL_"", ""PAUSE_>"", ""PAUSE_>"", ""VCRA_PAUSE_"", ""PAUSE_"", ""PAUSE"", ""VIDEO_A_PAUSE_"", ""VCR_A_PAUSE"", ""SKIP-SEARCH"", ""VCR_PAUSE"", ""Unknown"", ""TV"", ""Unknown"", ""Unknown"", ""TV"", ""VCR"", ""TV/VCR"", ""VCR_TV/VCR"", ""VCR_TV/VIDEO"", ""TV/VIDEO"", ""A_TV/VIDEO"", ""VCRA_TV/VIDEO"", ""TV/VCR"", ""VIDEO_A_TV/VIDEO"", ""VCR_A_TV/VIDEO"", ""SLOW_+"", ""FRAME_>>"", ""SCAN_>>"", ""CURSOR_-_RIGHT"", ""VCR_SEARCH_>>"", ""VCR_SEARCH_>>"", ""VARIABLE_SRCH_>>"", ""A_VAR_SRCH_>>"", ""VCR_VAR.SRCH_>>"", ""VAR.SRCH_FWD_>>"", ""VAR._SEARCH>>"", ""VCRA_SHUTTLE_>>_(+)"", ""VCRA_SHUT_PLUS_>>"", ""SEARCH_>>"", ""CURSOR_RIGHT"", "">>"", ""SLOW_MOTION_+"", "">>_/PUSH_JOG_+"", ""SHUTTLE_>>"", ""RIGHT"", ""SEARCH_FWD"", ""SCAN_>>"", ""FORWARD_>>"", ""VID_A_VAR_SEARCH_>>"", ""SHUTTLE_RIGHT"", ""SEARCH_+"", ""VCRA_SRCH>>(VARIABLE"", ""TIME_SCAN_RIGHT"", ""SCAN>>"", ""VAR_SEARCH_>>"", ""ARROW_RIGHT"", ""PAUSE"", ""VCR_SEARCH>>"", ""TV_VOL+"", ""SLOW_-"", ""FRAME_<<"", ""SCAN_<<"", ""CURSOR_-_LEFT"", ""VCR_SEARCH_<<"", ""VCR_SEARCH_<<"", ""VARIABLE_SRCH_<<"", ""A_VAR_SRCH_<<"", ""VCR_VAR.SRCH_<<"", ""VAR.SRCH_REV_<<"", ""VAR._SEARCH<<"", ""VCRA_SHUTTLE_<<_(-)"", ""VCRA_SHUT_PLUS_<<"", ""SEARCH_<<"", ""CURSOR_LEFT"", ""<<_REVIEW"", ""SLOW_MOTION_-"", ""<<_/PUSH_JOG_-"", ""SHUTTLE_<<"", ""LEFT"", ""SEARCH_REV"", ""SCAN_<<"", ""SLOW_REWIND_<<"", ""VID_A_VAR_SEARCH_<<"", ""SHUTTLE_LEFT"", ""SEARCH_-"", ""VCRA_SRCH<<(VARIABLE"", ""TIME_SCAN_LEFT"", ""SCAN<<"", ""VAR_SEARCH_<<"", ""ARROW_LEFT"", ""MENU"", ""VCR_SEARCH<<"", ""TV_VOL--"", ""AUDIO_MONITOR"", ""MUTE"", ""A.MONITOR"", ""AUDIO_MONITOR"", ""VID_A_AUDIO_MONITOR"", ""A._MONITOR"", ""CHANNEL_-"", ""CURSOR_-_DOWN"", ""VCR_CH_-"", ""VCR_CH_V"", ""CH_-"", ""VCR_CH/SET_-"", ""(VCR)_CHANNEL_V"", ""VIDEO_CH_-_NEXT"", ""VCR_CH_V_/SET_-"", ""A_-"", ""A_VIDEO_CH_-"", ""CHANNEL_V/SET_-"", ""CH_V_/SET_-"", ""CH-"", ""CH_V"", ""CH/SET_-"", ""VCR_CH_-_(TV_PROG)"", ""VCRA_CH/SET_-"", ""VCRA_CH_V"", ""CURSOR_DOWN"", ""CHANNEL_--"", ""TV_PROG/2SET_-"", ""CH_DN"", ""CHANNEL-"", ""DOWN"", ""CH-"", ""SET_-"", ""VID_A_TV_PROG_-"", ""SHUTTLE_DOWN"", ""SET-"", ""VCR_A_CH-"", ""TIME_SCAN_DOWN"", ""CURSOR_NEXT"", ""ARROW_DOWN"", ""STOP"", ""STOP_+"", ""VCR_CHANNEL_-"", ""TV_CHANNEL_--"", ""CHANNEL_DOWN"", ""CH-"", ""CHANNEL_+"", ""CURSOR_-_UP"", ""VCR_CH_+"", ""VCR_CH_^"", ""CH_+"", ""VCR_CH/SET_+"", ""(VCR)_CHANNEL_^"", ""VIDEO_CH_+_BACK"", ""VCR_CH_^_/SET_+"", ""A_+"", ""A_VIDEO_CH_+"", ""CHANNEL_^/SET_+"", ""CH_^_/SET_+"", ""CH+"", ""CH_^"", ""CH/SET_+"", ""VCR_CH_+_(2_SET_)"", ""VCRA_CH/SET_+"", ""VCRA_CH_^"", ""CURSOR_UP"", ""TV_PROG/2SET_+"", ""CHANNEL+"", ""UP"", ""CH+"", ""SET_+"", ""VID_A_TV_PROG_+"", ""SHUTTLE_UP"", ""SET+"", ""VCR_A_CH+"", ""TIME_SCAN_UP"", ""CURSOR_BACK"", ""ARROW_UP"", ""FAST_FORWARD_>>"", ""START_-"", ""VCR_CHANNEL_+"", ""TV_CHANNEL_+"", ""CHANNEL_UP"", ""CH+"", ""POWER_OFF_(ALT.)"", ""Unknown"", ""POWER_ON_(ALT.)"", ""Unknown"", ""ON_SCREEN"", ""1"", ""VCR_1"", ""1_(SUN)"", ""A_1"", ""VCRA_1"", ""1/START_+"", ""1_/_START_+"", ""1"", ""1_(ABC)"", ""VIDEO_A_1"", ""SUN"", ""VCR_A_1_(ABC)"", ""POWER"", ""2"", ""VCR_2"", ""2_(MON)"", ""A_2"", ""VCRA_2"", ""2/STOP_+"", ""2_/_STOP_+"", ""2_(DEF)"", ""2"", ""VIDEO_A_2"", ""MON"", ""VCR_A_2_(DEF)"", ""REVIEW"", ""3"", ""VCR_3"", ""3_(TUE)"", ""A_3"", ""VCRA_3"", ""3/DATE_+"", ""3_/_DATE_+"", ""3_(GHI)"", ""3"", ""VIDEO_A_3"", ""TUES"", ""VCR_A_3_(GHI)"", ""TV/VCR"", ""4"", ""VCR_4"", ""4_(WED)"", ""A_4"", ""VCRA_4"", ""4/START_-"", ""4_/_START_-"", ""4_(JKL)"", ""4"", ""VIDEO_A_4"", ""WED"", ""VCR_A_4_(JKL)"", ""ENTER/OSD"", ""5"", ""VCR_5"", ""5_(THU)"", ""A_5"", ""VCRA_5"", ""5/STOP_-"", ""5_/_STOP_-"", ""5_(MNO)"", ""5"", ""VIDEO_A_5"", ""THUR"", ""VCR_A_5_(MNO)"", ""DISPLAY"", ""6"", ""VCR_6"", ""6_(FRI)"", ""A_6"", ""VCRA_6"", ""6/DATE_-"", ""6_/_DATE_-"", ""6_(PQR)"", ""6"", ""VIDEO_A_6"", ""FRI"", ""VCR_A_6_(PQR)"", ""1"", ""7"", ""VCR_7"", ""7_(SAT)"", ""A_7"", ""VCRA_7"", ""7_(STU)"", ""7"", ""VIDEO_A_7"", ""7_/_DBS"", ""SAT"", ""VCR_A_7_(STU)"", ""2"", ""8"", ""VCR_8_(DAILY)"", ""8_(2ND)"", ""A_8"", ""VCRA_8_(DAILY_M-F)"", ""8/DAILY"", ""8_DAILY_(M-F)"", ""8_DAILY(M-F)"", ""VCR_PLUS:_DAILY"", ""8_(VWX)_(DAILY)"", ""8_(VWX/DAILY(M-F)"", ""8"", ""VIDEO_A_8_(DAILY)"", ""8/DAILY(M-F)"", ""2ND"", ""VCR_A_8_(VWX)"", ""3"", ""VCR_8/DAILY(M-F)"", ""9"", ""VCR_9_(WEEKLY)"", ""9_(DAILY)"", ""A_9"", ""9_WEEKLY"", ""VCRA_9_(WEEKLY)"", ""9/WEEKLY"", ""VCR_PLUS:_WEEKLY"", ""9_(YZ.:)_(WEEKLY)"", ""9_(YZ.:/WEEKLY)"", ""9"", ""VIDEO_A_9_(WEEKLY)"", ""9_/_WEEKLY"", ""DAILY"", ""VCR_A_9_(WEEKLY)"", ""4"", ""VCR_9/WEEKLY"", ""HS/STD_&_SP/EP"", ""RECORD_SPEED"", ""VCR_SP/EP"", ""SPEED"", ""SP/EP"", ""A_SP/EP"", ""VCRA_SP/EP"", ""///_(SP/EP)"", ""SP/EP"", ""TAPE_SPEED"", ""VID_A(SP/EP)"", ""VCR_A_SP/EP"", ""SP_/_EP"", ""DATE_-"", ""AM/PM"", ""A_AM/PM"", ""0/AUX"", ""0"", ""VCR_0_(AUX)"", ""0_REPEAT/AUX"", ""0_(REPEAT)"", ""0_(REPEAT/AUX)"", ""A_0"", ""VCRA_0_(AUX)"", ""0_/_AUX"", ""0_(AUX)"", ""TV/VIDEO"", ""AUX_INPUT"", ""0"", ""VIDEO_A_0_(AUX)"", ""REPEAT"", ""VCR_A_0_(AUX)"", ""5"", ""VCR_0/AUX"", ""TIMER"", ""VCR_TIMER"", ""A_TIMER"", ""[4]_TIMER"", ""VCRA_TIMER"", ""(4)_TIMER"", ""TIMR"", ""VID_A_5_TIMER_(CH)"", ""VCR_A_TIMER"", ""7"", ""CANCEL"", ""VCR_CANCEL_(CRST/CS)"", ""VCR_CANCEL/CH.SKIP"", ""CANCEL(CRESET/CHSKIP"", ""CANCEL/C.RESET_SKIP"", ""A_SKIP"", ""CANCEL/C.RESET"", ""CANCEL_SKIP"", ""CANCEL/SKIP"", ""CANCEL_(CRESET/SKIP)"", ""VCRA_CANCEL(C.RESET"", ""VCRA_CANCEL/CHSKIP"", ""CANCEL_/_C.RESET"", ""CANCEL"", ""CANCEL_(C.RESET)"", ""CANCEL/RESET"", ""CANCEL_(SKIP)"", ""CNCL"", ""VID_A_CANCEL"", ""CANCEL/COUNTER_RESET"", ""VCR_A_CANCEL"", ""VCR_CANCEL"", ""6"", ""CANCEL/C.RESET/SKIP"", ""MENU"", ""VCR_MENU"", ""PROG."", ""A_MENU"", ""[1]_PROG_(CLOCK)"", ""VCRA_MENU"", ""PROG_(CLOCK/CH_SET)"", ""(1)_PROG_CLOCK"", ""VCR_RA_EDIT_(MENU)"", ""MENU"", ""VID_A_REVIEW"", ""PROGRAM"", ""VCR_A_MENU"", ""VCR_PROG"", ""REWIND_<<"", ""DISPLAY"", ""VCR_DISPLAY"", ""A_DISPLAY"", ""VCRA_DISPLAY"", ""DSPL"", ""VID_A_DISPLAY"", ""VCR_A_DISPLAY"", ""COUNTER_RESET"", ""GO-TO"", ""A_GOTO"", ""GO_TO"", ""ENTER"", ""CURSOR_-_ENTER/OK"", ""VCR_OK"", ""VCR_SELECT"", ""SELECT"", ""A_SELECT"", ""[3]_SELECT_(CMEMORY)"", ""VCRA_SELECT"", ""VCRA_OK"", ""SELECT_(CMEMORY)"", ""ENTER/OK"", ""OK_ENTER/OSD"", ""(3)_SELECT_C.MEMORY"", ""OK"", ""SELECT_(IN/OUT)"", ""VCR_SELECT_(IN/OUT)"", ""VID_A_3_SELECT(CMEM)"", ""OK_/_ENTER_/_OSD"", ""VCR_A_SELECT"", ""PLAY"", ""RECORD"", ""PROGRAM_CHECK"", ""PROG._CHECK"", ""PROG_CHECK"", ""PROG_CHK"", ""PROGCHECK"", ""DATE_+"", ""ENTER"", ""OSD/ENTER"", ""VCR_ENTER_(OSD)"", ""VCR_ENTER"", ""ENTER/ADD"", ""A_ENTER"", ""ENTER_SELECT"", ""SELECT/ENTER"", ""VCRA_ENTER_(OSD)"", ""ENTER_(OSD)"", ""ENTER"", ""VCR_A_ENTER/OSD"", ""ENTER/OSD"", ""ENTER_OSD"", ""+"", ""TRACKING_+"", ""A_TRACKING_+"", ""-"", ""TRACKING_-"", ""A_TRACKING_-"", ""DIGITAL_OFF"", ""DIGITAL_MEMORY"", ""ART"", ""ZOOM_UP"", ""STROBE_SPEED"", ""TWIN_PICTURE"", ""SWAP"", ""MULTI_SCREEN"", ""TV_MONITOR"", ""A_TV_MONITOR"", ""VID_A_4_TRANS(CHSRCH"", ""LINE_1"", ""VCRA_SHUT_PLUS_^"", ""CURSOR_UP"", ""VCRA_SHUT_PLUS_V"", ""CURSOR_DOWN"", ""VCR_ADD"", ""C.MEMORY/ADD"", ""ADD"", ""REPEAT"", ""REPEAT_(CMEMORY/ADD)"", ""VCRA_C.MEMORY_(ADD)"", ""VCRA_C.MEMORY"", ""C.MEMORY/ADD_(START)"", ""START_(C.MEMORY/ADD)"", ""COUNTER_MEMORY"", ""VCR_A_IN/OUT/START/C"", ""C_MEMORY/ADD"", ""C._MEMORY"", ""INDEX"", ""A_INDEX"", ""MARK"", ""ERASE"", ""A_ERASE"", ""SKIP_SEARCH"", ""VCR_SKIP_SEARCH"", ""A_SKIP_SEARCH"", ""VCRA_SKIP_SEARCH"", ""SKIP_SRCH"", ""SKIP"", ""VCR_A_SKIP_SRCH"", ""CHANNEL_+"", ""INTRO"", ""A_INTRO"", ""ZERO_RTN"", ""VCR_VOL_+"", ""VCR_VOL_-"", ""PICTURE"", ""VCR_A_JOG_<"", ""JOG_REV"", ""<"", ""SHUTTLE_REV_(F.S.)"", ""SLOW_MOTION_-"", ""SLOW_MOTION_+"", "">"", ""SHUTTLE_FWD_(F.S.)"", ""PROGRAM"", ""PROG."", ""PROG"", ""STOP_-"", ""REVIEW"", ""VCR_REVIEW"", ""VCRA_REVIEW"", ""RE-VIEW"", ""DATE_+"", ""DAY_+"", ""TIMER"", ""DATE_-"", ""DATE-"", ""DAY_-"", ""START_+"", ""DATE_--"", ""START_+"", ""8"", ""START_-"", ""9"", ""START--"", ""STOP_+"", ""0"", ""STOP_-"", ""CANCEL"", ""STOP_--"", ""REC/PLAY"", ""RECORD"", ""VCR_REC"", ""Unknown"", ""REC/PLAY/X2"", ""A_REC/PLAY/X2"", ""VCR_REC_PLAY/X2"", ""REC"", ""VCRA_REC"", ""RECORD"", ""Unknown"", ""VIDEO_A_REC"", ""VCR_A_RECORD"", ""REC/PAUSE/STILL"", ""REC/PAUSE"", ""NAVIGATION"", ""LINE_2"", ""VCR_A_JOG_>"", ""JOG_FWD""]","[""NECext""]","[""43 00 00 00""]",device_family,0.58,"[""modelo/família identificável com conjunto amplo""]","[""modelo de baixa confiança foi tratado como evidência estrutural"", ""muitos nomes compartilham a mesma intenção"", ""nomes de comandos reais não chegaram ao classificador"", ""protocolos reais não chegaram ao classificador"", ""sequência numerada pode indicar codeset ou bruteforce""]","[""50 maiores quantidades de comandos"", ""50 maiores repetições de nomes"", ""50 nomes ou comandos com sequências numéricas""]"
406dae5e5de4fcb5,_Converted_/CSV/J/JVC/VCR/83_-1.ir,83_-1.ir,Converted/CSV,JVC,83_-1,229,"[""STOP"", ""B_STOP"", ""VCRB_STOP_[]"", ""VIDEO_B_STOP_[]"", ""STOP_[]"", ""VCR_B_STOP[]"", ""B_EJECT"", ""EJECT"", ""FAST_FORWARD_>>"", ""B_FF_>>"", ""VCRB_FF_>>/>>"", ""VCRB_FF_>>_/>>\\"", ""VIDEO_B_>>/>>"", ""FFWD_>>"", ""VCR_B_FFWD_>>/>>"", ""REWIND_<<"", ""B_REW_<<"", ""VCRB_REW_<</<<"", ""VCRB_REW_<<_/<<"", ""VIDEO_B_<</<<"", ""REW_<<"", ""VCR_B_REW_<</<<"", ""POWER"", ""B_POWER_VIDEO"", ""VCRB_POWER"", ""VIDEO_B_OPERATE"", ""VIDEO_POWER"", ""VCR_B_POWER"", ""PLAY"", ""B_PLAY/X2"", ""VCRB_PLAY_>"", ""VIDEO_B_PLAY_>"", ""PLAY/X2_>"", ""VCR_B_PLAY>"", ""PAUSE"", ""B_PAUSE/STILL"", ""VCRB_PAUSE_"", ""VIDEO_B_PAUSE_"", ""PAUSE/STILL_"", ""VCR_B_PAUSE"", ""TV/VCR"", ""B_TV/VIDEO"", ""VCRB_TV/VIDEO"", ""VIDEO_B_TV/VIDEO"", ""TV/VIDEO"", ""VCR_B_TV/VIDEO"", ""RIGHT"", ""B_VARIABLE_SEARCH_>>"", ""VCRB_SHUTTLE_>>(+)"", ""VCRB_SHUT_PLUS_>>"", ""VIDEO_B_VAR_SRCH_>>"", ""VAR.SEARCH_FWD_>>"", ""VCRB_SRCH>>(VARIABLE"", ""LEFT"", ""B_VARIABLE_SEARCH_<<"", ""VCRB_SHUTTLE_<<_(-)"", ""VCRB_SHUT_PLUS_<<"", ""VIDEO_B_VAR_SRCH_<<"", ""VAR.SEARCH_REV_<<"", ""VCRB_SRCH<<(VARIABLE"", ""VIDEO_B_AUDIO_MONITO"", ""AUDIO_MONITOR"", ""DOWN"", ""B_-"", ""B_CH_-"", ""VCRB_CH/SET_-"", ""VCRB_CH_V"", ""VIDEO_B_TV_PROG_-"", ""SET_-"", ""SET_REV"", ""VCR_B_CH_-"", ""UP"", ""B_+"", ""B_CH_+"", ""VCRB_CH/SET_+"", ""VCRB_CH_^"", ""VIDEO_B_TV_PROG_+"", ""SET_+"", ""SET_FWD"", ""VCR_B_CH_+"", ""POWER_OFF"", ""POWER_ON"", ""1"", ""B_1"", ""VCRB_1"", ""VIDEO_B_1"", ""1"", ""VCR_B_1_(ABC)"", ""2"", ""B_2"", ""VCRB_2"", ""VIDEO_B_2"", ""2"", ""VCR_B_2_(DEF)"", ""3"", ""B_3"", ""VCRB_3"", ""VIDEO_B_3"", ""3"", ""VCR_B_3_(GHI)"", ""4"", ""B_4"", ""VCRB_4"", ""VIDEO_B_4"", ""4"", ""VCR_B_4_(JKL)"", ""5"", ""B_5"", ""VCRB_5"", ""VIDEO_B_5"", ""5"", ""VCR_B_5_(MNO)"", ""6"", ""B_6"", ""VCRB_6"", ""VIDEO_B_6"", ""6"", ""VCR_B_6_(PQR)"", ""7"", ""B_7"", ""VCRB_7"", ""VIDEO_B_7"", ""7"", ""VCR_B_7_(STU)"", ""8"", ""B_8"", ""VCRB_8_(DAILY_M-F)"", ""VIDEO_B_8_(DAILY)"", ""8"", ""VCR_B_8_(VWX)"", ""9"", ""B_9"", ""VCRB_9_(WEEKLY)"", ""VIDEO_B_9_(WEEKLY)"", ""9"", ""VCR_B_9_(WEEKLY)"", ""B_SP/EP"", ""VCRB_SP/EP"", ""VIDEO_B_///_(SP/EP)"", ""SP/EP"", ""VCR_B_SP/EP"", ""B_AM/PM"", ""0"", ""B_0"", ""VCRB_0_(AUX)"", ""VIDEO_B_0_(AUX)"", ""0"", ""VCR_B_0_(AUX)"", ""B_TIMER"", ""VCRB_TIMER"", ""VID_B_5_TIMER_(CH)"", ""TIMER"", ""VCR_B_TIMER"", ""B_SKIP"", ""VCRB_CANCEL(C/RESET"", ""VCRB_CANCEL/CHSKIP"", ""VIDEO_B_CANCEL"", ""CANCEL/SKIP"", ""VCR_B_CANCEL"", ""MENU"", ""B_MENU"", ""VCRB_MENU"", ""VIDEO_B_REVIEW"", ""MENU"", ""VCR_B_MENU"", ""B_DISPLAY"", ""VCRB_DISPLAY"", ""VIDEO_B_DISPLAY"", ""DISPLAY"", ""VCR_B_DISPLAY"", ""B_GOTO"", ""GO-TO"", ""OK"", ""B_SELECT"", ""VCRB_SELECT"", ""VCRB_OK"", ""VID_B_3_SELECT(CMEM)"", ""SELECT"", ""VCR_B_SELECT"", ""B_ENTER"", ""VCRB_ENTER_(OSD)"", ""ENTER/ADD"", ""VCR_B_ENTER/OSD"", ""B_TRACKING_+"", ""AUTO_TRACKING_UP"", ""B_TRACKING_-"", ""AUTO_TRACKING_DOWN"", ""B_TV_MONITOR"", ""TV/MONITOR"", ""VID_B_4_TRANS(CHSRCH"", ""Unknown"", ""SELECT_FWD"", ""VCRB_SHUT_PLUS_^"", ""SELECT_REV"", ""VCRB_SHUT_PLUS_V"", ""VCRB_C.MEMORY_(ADD)"", ""VCRB_C.MEMORY"", ""VCR_B_IN/OUT/START_C"", ""B_INDEX"", ""INDEX"", ""B_MARK"", ""MARK"", ""B_ERASE"", ""ERASE"", ""B_SKIP_SEARCH"", ""VCRB_SKIP_SEARCH"", ""SKIP/BLANK"", ""VCR_B_SKIP_SRCH"", ""B_INTRO"", ""INTRO"", ""FRAME_<<"", ""Unknown"", ""JOG_REV"", ""VCR_B_JOG_<<"", ""SCAN_<<"", ""SCAN_>>"", ""VCRB_REVIEW"", ""RECORD"", ""B_REC/PLAY/X2"", ""VCRB_REC"", ""VIDEO_B_REC"", ""REC/PLAY/X2"", ""VCR_B_RECORD"", ""REC/PAUSE"", ""Unknown"", ""FRAME_>>"", ""Unknown"", ""JOG_FWD"", ""VCR_B_JOG_>>""]","[""NECext""]","[""53 00 00 00""]",device_family,0.58,"[""modelo/família identificável com conjunto amplo""]","[""modelo de baixa confiança foi tratado como evidência estrutural"", ""muitos nomes compartilham a mesma intenção"", ""nomes de comandos reais não chegaram ao classificador"", ""protocolos reais não chegaram ao classificador"", ""sequência numerada pode indicar codeset ou bruteforce""]","[""50 maiores quantidades de comandos"", ""50 nomes ou comandos com sequências numéricas""]"
0607159123a0acb1,_Converted_/CSV/K/KEY_DIGITAL/Matrix_Switcher/130_19.ir,130_19.ir,Converted/CSV,KEY_DIGITAL,130_19,106,"[""0"", ""1"", ""2"", ""3"", ""4"", ""5"", ""6"", ""7"", ""8"", ""9"", ""POWER"", ""ANS"", ""OFF"", ""EXT_12V_CONTROL_ON"", ""INPUT_SELECT_<"", ""INPUT_SELECT_>"", ""SAT"", ""CURSOR_UP"", ""CURSOR_LEFT"", ""CURSOR_RIGHT"", ""CURSOR_DOWN"", ""MENU"", ""EXT_12V_CONTROL_OFF"", ""NP_>"", ""PP_<"", ""SR"", ""R8"", ""R1"", ""R2"", ""R3"", ""R4"", ""ZO"", ""R5"", ""R6"", ""R7"", ""PA"", ""AR-IN"", ""GB"", ""SH"", ""BR"", ""CO"", ""U3"", ""1"", ""1"", ""2"", ""2"", ""3"", ""3"", ""4"", ""4"", ""5"", ""6"", ""7"", ""8"", ""9"", ""U4"", ""0"", ""INPUT_>"", "">_UP"", ""DOWN"", ""POWER_ON"", ""POWER_ON_-2"", ""POWER_OFF"", ""POWER_OFF_-2"", ""U1"", ""U2"", ""INPUT_<"", ""<_DN"", ""UP"", ""OUT_1"", ""OUT_2"", ""OUT_3"", ""OUT_4"", ""R1"", ""R2"", ""R3"", ""POWER_ON"", ""POWER_OFF"", ""VIDEO_MODE"", ""AUDIO_MODE"", ""ARROW_UP"", ""ARROW_DOWN"", ""MUTE"", ""RESTORE"", ""ALL_MUTE"", ""ALL_RESTORE"", ""VOL+"", ""BALANCE"", ""BASS"", ""MIDDLE"", ""TREBLE"", ""LIPSYNC"", ""R1"", ""R2"", ""R3"", ""R4"", ""0"", ""1"", ""2"", ""3"", ""4"", ""5"", ""6"", ""7"", ""8"", ""9""]","[""NECext""]","[""82 13 00 00""]",device_family,0.58,"[""modelo/família identificável com conjunto amplo""]","[""modelo de baixa confiança foi tratado como evidência estrutural"", ""muitos nomes compartilham a mesma intenção"", ""nomes de comandos reais não chegaram ao classificador"", ""protocolos reais não chegaram ao classificador"", ""sequência numerada pode indicar codeset ou bruteforce""]","[""50 nomes ou comandos com sequências numéricas""]"
fde5d0d34437a389,_Converted_/CSV/K/Kenwood/Receiver/184_-1.ir,184_-1.ir,Converted/CSV,Kenwood,184_-1,298,"[""CD_SCAN_<<"", ""CD/LD_SCAN_<<"", ""CD_ANY_V"", ""REW_<<"", ""CD_SCAN_>>"", ""CD/LD_SCAN_>>"", ""CD_ANY_^"", ""FF_>>"", ""CD_DISC"", ""DISC"", ""CD_DISC_SKIP_(AUTO)"", ""CD_FUNCTION"", ""CENTER_LEVEL_V"", ""AUDIO_REV_PLAY_<"", ""SURROUND_CENTER"", ""CENTER"", ""CENTER_LEVEL_^"", ""AUDIO_PLAY_>"", ""+10"", ""TUNER/CD_+10"", ""CD_+10"", ""TUNER/CD/LD_+10"", ""CD/AUDIO_+10"", ""10+"", ""EQ_EFFECT"", ""EQUALIZER_EFFECT"", ""M"", ""MENU_ON_SCREEN"", ""M1"", ""M2"", ""SURROUND_MEMORY"", ""MEMORY"", ""MEMO"", ""SURROUND_M.CALL"", ""M.CALL"", ""M_1"", ""M_2"", ""M_3"", ""DELAY_TIME_V"", ""AUDIO_ANY_V"", ""V_DELAY"", ""SURROUND_DELAY"", ""DELAY"", ""DELAY_TIME_^"", ""AUDIO_ANY_^"", ""CENTER_MODE"", ""SURROUND_TONE"", ""TEST_TONE"", ""TEST_TONE_ON/OFF"", ""SURROUND_TEST_ZONE"", ""AUDIO_FUNCTION"", ""ON/OFF_TEST_TONE"", ""TEST_TONE_MODE"", ""MODE_TEST_TONE"", ""VIDEO_4"", ""0"", ""TUNER/CD_0"", ""CD_0"", ""TUNER/CD/LD_0"", ""CD/AUDIO_0"", ""1"", ""TUNER/CD_1"", ""CD_1"", ""TUNER/CD/LD_1"", ""CD/AUDIO_1"", ""2"", ""TUNER/CD_2"", ""CD_2"", ""TUNER/CD/LD_2"", ""CD/AUDIO_2"", ""3"", ""TUNER/CD_3"", ""CD_3"", ""TUNER/CD/LD_3"", ""CD/AUDIO_3"", ""4"", ""TUNER/CD_4"", ""CD_4"", ""TUNER/CD/LD_4"", ""CD/AUDIO_4"", ""5"", ""TUNER/CD_5"", ""CD_5"", ""TUNER/CD/LD_5"", ""CD/AUDIO_5"", ""6"", ""TUNER/CD_6"", ""CD_6"", ""TUNER/CD/LD_6"", ""CD/AUDIO_6"", ""7"", ""TUNER/CD_7"", ""CD_7"", ""TUNER/CD/LD_7"", ""CD/AUDIO_7"", ""8"", ""TUNER/CD_8"", ""CD_8"", ""TUNER/CD/LD_8"", ""CD/AUDIO_8"", ""9"", ""TUNER/CD_9"", ""CD_9"", ""TUNER/CD/LD_9"", ""CD/AUDIO_9"", ""VIDEO_3"", ""TUNER_P.CALL_V"", ""PRESET_-"", ""TUNER_P.SCAN_V"", ""P.CALL_V"", ""RCVR_P.CALL_<"", ""PRESET_DOWN"", ""AM"", ""TUNER_BAND"", ""BAND"", ""RCVR_BAND"", ""FM"", ""AM-FM"", ""PHONO"", ""TUNER"", ""CD"", ""CD/LD"", ""VIDEO2"", ""VIDEO_2"", ""TAPE1"", ""TAPE_1"", ""TAPE2/MONITOR"", ""TAPE_2"", ""TAPE2_(MONITOR)"", ""TAPE2"", ""TAPE_2_(MONITOR)"", ""VIDEO1"", ""VIDEO_1"", ""TUNER_P.CALL"", ""TUNER_P.SCAN"", ""TUNER_P.CALL_^"", ""PRESET_+"", ""P.SCAN"", ""TUNER_P.SCAN_^"", ""P.CALL_^"", ""RCVR_P.CALL_>"", ""PRESET_UP"", ""VOL-"", ""VOLUME_CONTROL_V"", ""VOLUME_CTRL_V"", ""MAIN_VOLUME_V"", ""VOL_CONTROL_V"", ""VOLUME_V"", ""VOL-"", ""VOLUME+"", ""VOLUME_CONTROL_^"", ""VOLUME_CTRL_^"", ""VOL+"", ""MAIN_VOLUME_^"", ""VOL_CONTROL_^"", ""VOLUME_^"", ""VOL+"", ""MUTE"", ""MUTING"", ""POWER"", ""RCVR_POWER"", ""CD/AUDIO_POWER"", ""AUDIO_POWER"", ""CDOE2_POWER_OFF"", ""CODE_5_POWER_ON"", ""CODE2_POWER_ON"", ""CODE5_POWER_OFF"", ""TUNER_DIRECT"", ""DIRECT"", ""1-10/11-20"", ""PHONO_STOP_[]"", ""PHONO_R.PLAY_<"", ""PHONO_PLAY_<"", ""EQ_M.CALL"", ""EQ"", ""EQUALIZER_M.CALL"", ""REAR_LEVEL_V"", ""AUDIO_SKIP_REV_<<"", ""SURROUND_REAR"", ""REAR"", ""REAR_LEVEL_^"", ""AUDIO_SKIP_FWD>>"", ""CD_STOP_[]"", ""STOP_[]"", ""CD_STOP_(BAND)"", ""CD/LD_STOP_[]"", ""CD_PLAY/PAUSE_>/"", ""CD_PLAY/PAUSE"", ""CD_PLAY_>/"", ""CD/LD_PLAY/PA._>/"", ""CD_PLAY_>"", ""PLAY/PAUSE_>/"", ""CD_SKIP_<<"", ""CD_<<"", ""CD_SKIP_REV_<<"", ""CD_<<_(TUNING_<<)"", ""CD/LD_SKIP_<<"", ""SKIP_<<"", ""CD_SKIP_>>"", ""CD_>>"", ""CD_SKIP_FWD_>>"", ""CD_>>(TUNING_>>)"", ""CD/LD_SKIP_>>"", ""SKIP_>>"", ""TAPEA_R.PLAY_<"", ""TAPEA_REV_PLAY_<"", ""TAPE_A_REV_PLAY_<"", ""TAPE_A_R.PLAY_<"", ""TAPE_A_PLAY_REV"", ""A_PLAY_R._<"", ""TAPEA_PLAY_>"", ""TAPE_A_PLAY_>"", ""TAPE_A_PLAY"", ""A_PLAY_>"", ""TAPEA_REW_<<"", ""TAPEA_<<"", ""TAPE_A_REW_<<"", ""TAPEA_<<_(TUNING_<<)"", ""TAPE_A_REW_I<<"", ""A_REW_<<"", ""TAPEA_FFWD_>>"", ""TAPEA_>>"", ""TAPEA_FF_>>"", ""TAPE_A_FF_>>"", ""TAPEA_>>_(TUNING_>>)"", ""TAPE_A_FFWD_>>"", ""TAPE_A_FFWD_>>I"", ""A_FF_>>"", ""TAPEA_PAUSE_"", ""TAPEA_PAUSE_(AUTO)"", ""TAPE_A_PAUSE_"", ""A_PAUSE_"", ""TAPEA_STOP_[]"", ""TAPE_A_STOP_[]"", ""TAPEA_STOP_(BAND)"", ""A_STOP_[]"", ""TAPEA_RECORD"", ""TAPEA_REC"", ""TAPE_A_REC"", ""TAPE_A_RECORD"", ""A_REC"", ""SURROUND"", ""SURROUND_MODE"", ""SURR_MODE"", ""BYPASS"", ""STEREO"", ""BYPASS_SURROUND"", ""TAPEB_R.PLAY_<"", ""TAPEB_REV_PLAY_<"", ""PLAY_REV_<"", ""TAPEB_R.PLAY"", ""TAPE_B_REV_PLAY_<"", ""TAPE_B_R.PLAY_<"", ""TAPE_B_PLAY_REV"", ""B_PLAY_R._<"", ""TAPEB_PLAY_>"", ""PLAY_>"", ""TAPE_B_PLAY_>"", ""TAPEB_PLAY_(P.CALL)"", ""TAPE_B_PLAY"", ""B_PLAY_>"", ""TAPEB_REW_<<"", ""TAPEB_<<"", ""REWIND_<<"", ""TAPE_B_REW_<<"", ""TAPEB_<<_(TUNING_<<)"", ""TAPE_B_REW_I<<"", ""B_REW_<<"", ""TAPEB_FFWD_>>"", ""TAPEB_>>"", ""FFWD_>>"", ""TAPEB_FF_>>"", ""TAPE_B_FF_>>"", ""TAPEB_>>_(TUNING_>>)"", ""TAPE_B_FFWD_>>"", ""TAPE_B_FFWD_>>I"", ""B_FF_>>"", ""TAPEB_PAUSE_"", ""PAUSE_"", ""TAPEB_PAUSE_(AUTO)"", ""TAPE_B_PAUSE_"", ""B_PAUSE_"", ""TAPEB_STOP_[]"", ""TAPE_B_STOP_[]"", ""TAPEB_STOP_(BAND)"", ""B_STOP_[]"", ""TAPEB_RECORD"", ""TAPEB_REC"", ""TAPEB_REC/ARM"", ""REC"", ""TAPE_B_REC/ARM"", ""TAPE_B_REC"", ""TAPE_B_RECORD"", ""B_REC"", ""SURR.MODE"", ""SURROUND_MODE"", ""SURROUND"", ""MODE_SURROUND""]","[""NECext""]","[""B8 00 00 00""]",device_family,0.58,"[""modelo/família identificável com conjunto amplo""]","[""modelo de baixa confiança foi tratado como evidência estrutural"", ""muitos nomes compartilham a mesma intenção"", ""nomes de comandos reais não chegaram ao classificador"", ""protocolos reais não chegaram ao classificador"", ""sequência numerada pode indicar codeset ou bruteforce""]","[""50 maiores quantidades de comandos"", ""50 maiores repetições de nomes"", ""50 nomes ou comandos com sequências numéricas""]"
db4aabae5f887240,_Converted_/CSV/L/LG/TV/4_-1.ir,4_-1.ir,Converted/CSV,LG,4_-1,290,"[""CHANNEL_+"", ""CURSOR_UP_/_PR_UP"", ""CURSOR_UP"", ""PAGE_UP"", ""UP"", ""CH+_/_UP"", ""CHANNEL_-"", ""CURSOR_DOWN_/_PR_DN"", ""ARROW_LEFT"", ""CURSOR_DOWN"", ""PAGE_DOWN"", ""DOWN"", ""CH-_/_DOWN"", ""VOL+"", ""CURSOR_RIGHT_/_VOL+"", ""ARROW_RIGHT"", ""RIGHT"", ""VOL+_/_RIGHT"", ""VOL-"", ""CURSOR_LEFT_/_VOL-"", ""LEFT"", ""VOL-_/_LEFT"", ""ARROW_RIGHT"", ""C-RT"", ""CURSOR_RIGHT"", ""ARROW_RT"", ""RIGHT"", ""ARROW_LEFT"", ""C-LF"", ""CURSOR_LEFT"", ""ARROW_LT"", ""LEFT"", ""POWER_TOGGLE"", ""POWER"", ""MUTE"", ""VOLUME_MUTE"", ""I/II"", ""SAP"", ""MTS"", ""TV/AV"", ""TV/AV_INPUT"", ""TV/VIDEO"", ""INPUT_SOURCE"", ""Unknown"", ""TV/_VIDEO"", ""TV_/_VIDEO"", ""SLEEP"", ""TIMER"", ""TV_INPUT"", ""INPUT_TV"", ""0"", ""1"", ""2"", ""3"", ""4"", ""5"", ""6"", ""7"", ""8"", ""9"", ""FLASH_BACK"", ""Q.VIEW"", ""FLASHBACK"", ""REVIEW"", ""YELLOW_/_Q.WIEV"", ""FAV"", ""FAVORITE"", ""SURF"", ""FCR"", ""FRC"", ""TEXT"", ""TEXT_MODE"", ""TEXT_MIX"", ""MIX"", ""TEXT_TIME"", ""TIME"", ""INDEX"", ""RETURN"", ""TEXT_REVEAL"", ""REVEAL"", ""AV_MODE"", ""UPDATE"", ""MODE"", ""CLOSED_CAPTIONS"", ""CC"", ""CAPTION"", ""ARROW_UP"", ""ZOOM_+"", ""C-UP"", ""CURSOR_UP"", ""UP"", ""ARROW_DOWN"", ""ZOOM_-"", ""C-DN"", ""CURSOR_DOWN"", ""ARROW_DN"", ""DOWN"", ""MENU"", ""ENTER"", ""CURSOR_OK"", ""CURSOR_ENTER"", ""OK"", ""Q.MENU"", ""DASP_(L30W36)"", ""DASH"", ""DASH_(-)_LIST"", ""-"", ""--"", ""EZ_PICTURE"", ""VIDEO"", ""EZ_PIC"", ""APC"", ""GREEN_/_ACP/PCM"", ""S-VIDEO_1"", ""S-VIDEO"", ""DASP"", ""SOUND"", ""EZ_SOUND"", ""AUDIO"", ""LIST"", ""BLUE_/_LIST"", ""A._PROGRAM"", ""AUTO"", ""MEMORY/ERASE"", ""WIDGETS"", ""NETCAST"", ""VIDEO_1"", ""INPUT_-_VIDEO_1"", ""INPUT:_VIDEO_1"", ""EXIT"", ""EXIT/RETURN"", ""RETURN"", ""PIP"", ""PIP/_DW"", ""RED_/_PIP"", ""COLOR_1_BLUE"", ""PIP/SUB_INPUT"", ""PIP_INPUT"", ""POP"", ""TEXT_UPDATE"", ""POSITION"", ""WINDOW_POSITION"", ""COLOR_2_YELLOW"", ""SWAP"", ""PIP_SWAP"", ""TEXT_SIZE"", ""PIP_ARC"", ""SIZE"", ""WINDOW_SIZE"", ""FREEZE"", ""STILL"", ""HOLD"", ""WINDOW_SIZE"", ""WINDOW_POSITION"", ""*/SSM"", ""TEXT_INDEX"", ""POP"", ""ASPECT_-_POP"", ""POP"", ""SCAN"", ""COLOR_3_GREEN"", ""PIP_CHANNEL_UP"", ""PIP_CH+"", ""PIP_CHANNEL_+"", ""PIP_CH_+"", ""Unknown"", ""COLOR_4_RED"", ""PIP_CHANNEL_DOWN"", ""PIP_CH-"", ""PIP_CHANNEL_-"", ""PIP_CH_-"", ""PIP_CH_--"", ""PIP_CH+"", ""4:3"", ""ASPECT_4:3"", ""ASPECT_-_4:3"", ""RATIO:_4:3"", ""16:9"", ""ASPECT_16:9"", ""ASPECT_-_16:9"", ""RATIO:_16:9"", ""ASPECT_RATIO"", ""RATIO"", ""ARC"", ""ZOOM_SPLIT"", ""ZOOM"", ""SPLIT_ZOOM"", ""X_STUDIO_PRO"", ""MARK"", ""SIMPLINK"", ""AUTO_DEMO"", ""AUDIO_DEMO"", ""1394"", ""NEXT"", ""SCAN_>>"", ""FF"", ""PREVIOUS"", ""SCAN_<<"", ""REWIND"", ""RECORD_LIST"", ""REC_LIST"", ""APM_XD"", ""APM"", ""SIGNAL"", ""*"", ""RGB_-_1"", ""COMP/RGB/DVI"", ""RGB1"", ""MULTIMEDIA"", ""SOURCE"", ""AUTO_CONFIGURE"", ""AUTO"", ""LIVE"", ""TV_GUIDE"", ""GUIDE"", ""INFO"", ""INFORMATION"", ""ZOOM"", ""ASPECT_-_ZOOM"", ""RATIO:_ZOOM"", ""PLAY"", ""STOP"", ""SKIP/DAY_-"", ""REWIND"", ""SKIP_<<_/_DAY_-"", ""SKIP_<<"", ""DAY_-"", ""GO_TO_PREV"", ""SKIP/DAY_+"", ""FAST_FORWARD"", ""SKIP_>>_/_DAY_+"", ""SKIP_>>"", ""DAY_+"", ""GO_TO_NEXT"", ""PAUSE"", ""RECORD"", ""COMPONENT_1"", ""INPUT_-_COMPONENT_1"", ""INPUT:_COMPONENT_1"", ""POWER_ON"", ""POWER_ON"", ""POWER_OFF"", ""POWER_OFF"", ""RGB_-_DVI"", ""INPUT_-_HDMI_1"", ""RGB2"", ""DVI"", ""INPUT:_HDMI/DVI"", ""DVI-PC"", ""X_STUDIO"", ""MC_EJECT"", ""M/C_EJECT"", ""ADJUST"", ""HDMI_2"", ""INPUT_-_HDMI_2"", ""HDMI_1"", ""VIDEO_5"", ""VIDEO_2"", ""INPUT_-_VIDEO_2"", ""INPUT:_VIDEO_2"", ""VIDEO_3"", ""VIDEO_4"", ""S-VIDEO_2"", ""COMPONENT_2"", ""INPUT_-_COMPONENT_2"", ""INPUT:_COMPONENT_2"", ""RGB_-_PC"", ""INPUT_-_PC"", ""RGBPC"", ""RGB"", ""INPUT:_RGB-PC"", ""ANT/CABLE/ANALOG"", ""ANT/CABLE_ANALOG"", ""INPUT_-_TV"", ""ANTENNA"", ""TV"", ""INPUT:_TV"", ""RGB_-_DTV"", ""INPUT_-_DTV"", ""DTV"", ""INPUT:_RGB-DTV"", ""S-VIDEO"", ""S-VIDEO_1"", ""COMPONENT_3"", ""HDMI_4"", ""BRIGHTNESS_+"", ""BRIGHTNESS_-"", ""HDMI_3"", ""IN-START"", ""ADJ""]","[""NECext""]","[""04 00 00 00""]",device_family,0.58,"[""modelo/família identificável com conjunto amplo""]","[""modelo de baixa confiança foi tratado como evidência estrutural"", ""muitos nomes compartilham a mesma intenção"", ""nomes de comandos reais não chegaram ao classificador"", ""protocolos reais não chegaram ao classificador"", ""sequência numerada pode indicar codeset ou bruteforce""]","[""50 maiores quantidades de comandos"", ""50 maiores repetições de nomes""]"
fac061b17f0f54cf,_Converted_/CSV/L/Lexicon/Surround_Processor/130_11.ir,130_11.ir,Converted/CSV,Lexicon,130_11,268,"[""MENU_+"", ""MENU_UP_ARROW"", ""MENU:_UP"", ""MENU_UP"", ""OSD_OFF"", ""DISPLAY:_OSD_ON/OFF"", ""OSD"", ""FRONT_PANEL_OFF"", ""DISPLAY:_BACK_ON/OFF"", ""BLUE"", ""BALANCE_RIGHT"", ""FRONT_PANEL_ON"", ""DISPLAY:_FP_ON/OFF"", ""FP"", ""BALANCE_REAR"", ""OSD_ON"", ""PWR:_ON/STDBY"", ""BALANCE_LEFT"", ""SELECT"", ""MENU_SELECT"", ""MENU:_RIGHT"", ""MENU_RIGHT"", ""MENU:_ON/OFF"", ""DONE"", ""MENU_DONE"", ""MENU:_LEFT"", ""MENU_LEFT"", ""MODE:_THX"", ""THX_(LISTING_MODE)"", ""TAPE"", ""INPUT_TAPE"", ""MODE:_DOLBY"", ""DD_(LISTING_MODE)"", ""TUNER"", ""INPUT_TUNER"", ""MODE:_LOGIC7"", ""L7_(LISTING_MODE)"", ""CD"", ""INPUT_CD"", ""MODE:_TV_LOGIC7"", ""TV_(LISTING_MODE)"", ""AUX"", ""INPUT_AUX"", ""MODE:_DTS"", ""DTS_(LISTING_MODE)"", ""TV"", ""INPUT_TV"", ""MODE:_MUSIC"", ""MUSIC_(LISTING_MODE)"", ""VIDEO_DISC"", ""INPUT_V-DISC"", ""VCR_2"", ""INPUT_DVD"", ""VCR_1"", ""INPUT_VCR"", ""RECORD_ZONE_II"", ""MUTE"", ""VOLUME_MUTE"", ""MAIN:_VOLUME_MUTE"", ""VOL-"", ""MAIN:_VOL-1DB"", ""VOL+"", ""MAIN:_VOL+1DB"", ""VOL+"", ""POWER_ON"", ""POWER_OFF"", ""EFFECT_+"", ""FX_UP"", ""MODE:_+"", ""MODE_+"", ""EFFECT_-"", ""FX_DOWN"", ""MODE:_-"", ""MODE_-"", ""MAIN:_STATUS"", ""STAT"", ""MENU_-"", ""MENU_DOWN_ARROW"", ""MENU:_DOWN"", ""MENU_DOWN"", ""BALANCE_FRONT"", ""MODE:_7/5_TOGGLE"", ""7/5_(LISTING_MODE)"", ""EFFECT_BYPASS"", ""MODE:_2-CH_TOGGLE"", ""2_CH_(LISTING_MODE)"", ""FX_DOLBY"", ""MAIN:_INPUT_DVD_1"", ""DVD_1"", ""FX_THX"", ""MAIN:_INPUT_DVD_2"", ""DVD_2"", ""FX_LOGIC_7"", ""MAIN:_INPUT_LD"", ""FX_DTS"", ""MAIN:_INPUT_TV"", ""TV"", ""FX_2-CHANNEL"", ""MAIN:_INPUT_SAT"", ""SAT"", ""FX_PARTY"", ""MAIN:_INPUT_VCR"", ""VCR_1"", ""FX_TV_MATRIX"", ""MAIN:_INPUT_CD"", ""CD"", ""FX_MUSIC"", ""MAIN:_INPUT_PVR"", ""MAIN:_INPUT_GAME"", ""MAIN:_INPUT_TAPE"", ""MAIN:_INPUT_TUNER"", ""TUNER"", ""MAIN:_INPUT_AUX"", ""AUX"", ""R/Z-2_+_OSD_OFF"", ""R/Z-2_+_FP_OFF"", ""ZONE:_VOLUME_TO_-30"", ""R/Z-2_+_FP_ON"", ""ZONE:_VOLUME_TO_-15"", ""MENU_STATUS"", ""Z-2_BALANCE_RIGHT"", ""ZONE:_BALANCE_RIGHT"", ""ZONE:_BALANCE_CENTER"", ""Z-2_BALANCE_LEFT"", ""ZONE:_BALANCE_LEFT"", ""R/Z-2_INPUT_TAPE"", ""R/Z-2_INPUT_TUNER"", ""R/Z-2_INPUT_CD"", ""R/Z-2_INPUT_AUX"", ""R/Z-2_INPUT_TV"", ""R/Z-2_INPUT_V-DISC"", ""R/Z-2_INPUT_DVD"", ""R/Z-2_INPUT_VCR"", ""Z-2_MUTE"", ""ZONE:_VOL_FULL_MUTE"", ""Z-2_VOL-"", ""ZONE:_VOL-1DB"", ""Z-2_VOL+"", ""ZONE:_VOL+1DB"", ""Z-2_ON"", ""Z-2_OFF"", ""MENU_LOCK_ON_LOCK"", ""TRIGGER_1:_ON"", ""R/Z-2_+_FX_DOWN"", ""TRIGGER_1:_OFF"", ""ZONE:_STATUS"", ""Z-2_VOLUME_TO_-30DB"", ""ZONE:_INPUT_DVD_1"", ""Z-2_VOLUME_TO_-20DB"", ""ZONE:_INPUT_DVD_2"", ""Z-2_VOLUME_TO_-10DB"", ""ZONE:_INPUT_LD"", ""Z-2_VOLUME_TO_+00DB"", ""ZONE:_INPUT_TV"", ""VOLUME_TO_-30_DB"", ""ZONE:_INPUT_SAT"", ""VOLUME_TO_-20_DB"", ""ZONE:_INPUT_VCR"", ""VOLUME_TO_-10_DB"", ""ZONE:_INPUT_CD"", ""VOLUME_TO_+00_DB"", ""ZONE:_INPUT_PVR"", ""ZONE:_INPUT_GAME"", ""ZONE:_INPUT_TAPE"", ""ZONE:_INPUT_TUNER"", ""ZONE:_INPUT_AUX"", ""BALANCE_FRONT"", ""MAIN:_BALANCE_FRONT"", ""MENU_BACK_OFF"", ""MAIN:_EQ_OFF"", ""SHIFT_+_FP_OFF"", ""MAIN:_VOLUME_TO_-30"", ""+5DB"", ""SHIFT_+_FP_ON"", ""MAIN:_VOLUME_TO_-15"", ""REMOTE_TRIGGER_OFF"", ""MENU_BACK_ON"", ""-5DB"", ""DEACTIVATE_ZONE_2"", ""BALANCE_RIGHT"", ""MAIN:_BALANCE_RIGHT"", ""MAIN:_BALANCE_CENTER"", ""U_R_HERE"", ""BALANCE_LEFT"", ""MAIN:_BALANCE_LEFT"", ""MODE_ADJ:_EX_ON/OFF"", ""ACCY_+_TAPE_MODE"", ""EQ_LOUDNESS_OFF"", ""ACCY_+_TUNER_MODE"", ""EQ_TILT_-"", ""ACCY_+_CD_MODE"", ""EQ_TREBLE_-"", ""ACCY_+_AUX_MODE"", ""EQ_BASS_-"", ""ACCY_+_TV_MODE"", ""EQ_LOUDNESS_ON"", ""ACCY_+_V_DISC_MODE"", ""EQ_TILT_+"", ""ACCY_+_VCR2_MODE"", ""EQ_TREBLE_+"", ""ACCY_+_VCR1_MODE"", ""EQ_BASS_+"", ""ZONE_2_MODE"", ""FULL_MUTE"", ""VOLUME_FULL_MUTE"", ""MAIN:_VOL_FULL_MUTE"", ""TREBLE_-"", ""VOL-5_DB"", ""MAIN:_VOL-3DB"", ""TREBLE_+"", ""VOL+5_DB"", ""MAIN:_VOL+3DB"", ""OSD_ON"", ""PGM_TRIGGER_ON"", ""OSD_OFF"", ""PGM_TRIGGER_OFF"", ""BASS_+"", ""BALANCE_CENTERED"", ""PWR:_ON"", ""BASS_-"", ""EQ_OFF"", ""PWR:_STANDBY"", ""MAIN:_STATUS_(INPUT)"", ""BALANCE_REAR"", ""MAIN:_BALANCE_REAR"", ""REMOTE_TRIGGER_ON"", ""FX_NIGHTCLUB"", ""MAIN:_OFF"", ""FX_CONCERT_HALL"", ""ZONE:_OFF"", ""FX_CHURCH"", ""REC:_OFF"", ""FX_CATHEDRAL"", ""MAIN:_EQ_LOUD_ON"", ""INPUT_EXPANSION_PORT"", ""MAIN:_EQ_LOUD_OFF"", ""FX_PANORAMA"", ""FX_MONO_LOGIC"", ""MAIN:_EQ_BASS_+"", ""FX_MUSIC_SURROUND"", ""MAIN:_EQ_TREBLE_+"", ""MAIN:_EQ_TILT_+"", ""MAIN:_EQ_BASS_-"", ""MAIN:_EQ_TREBLE_-"", ""MAIN:_EQ_TILT_-"", ""REC:_VOLUME_TO_-30"", ""REC:_VOLUME_TO_-15"", ""REC:_BALANCE_RIGHT"", ""REC:_BALANCE_CENTER"", ""REC:_BALANCE_LEFT"", ""REC:_VOL_FULL_MUTE"", ""REC:_VOL-1DB"", ""REC:_VOL+1DB"", ""TRIGGER_2:_ON"", ""TRIGGER_2:_OFF"", ""REC:_STATUS"", ""REC:_INPUT_DVD_1"", ""REC:_INPUT_DVD_2"", ""REC:_INPUT_LD"", ""REC:_INPUT_TV"", ""REC:_INPUT_SAT"", ""REC:_INPUT_VCR"", ""REC:_INPUT_CD"", ""REC:_INPUT_PVR"", ""REC:_INPUT_GAME"", ""REC:_INPUT_TAPE"", ""REC:_INPUT_TUNER"", ""REC:_INPUT_AUX""]","[""NECext""]","[""82 0B 00 00""]",device_family,0.58,"[""modelo/família identificável com conjunto amplo""]","[""modelo de baixa confiança foi tratado como evidência estrutural"", ""muitos nomes compartilham a mesma intenção"", ""nomes de comandos reais não chegaram ao classificador"", ""protocolos reais não chegaram ao classificador"", ""sequência numerada pode indicar codeset ou bruteforce""]","[""50 maiores quantidades de comandos""]"
9b663e3a9b5c3f86,"_Converted_/CSV/M/MSI/Unknown_lircd.conf/134,107.ir","134,107.ir",Converted/CSV,MSI,"134,107",99,"[""0"", ""0"", ""1"", ""1"", ""2"", ""2"", ""3"", ""3"", ""4"", ""4"", ""5"", ""5"", ""6"", ""6"", ""7"", ""7"", ""8"", ""8"", ""9"", ""9"", ""MUTE"", ""MUTE"", ""MENU"", ""MENU"", ""T-Shift"", ""HiFi"", ""POWER"", ""Mts/Srs"", ""MTS"", ""PLAY"", ""PLAY"", ""REWIND"", ""Rev"", ""ENTER"", ""CH_RTN"", ""FORWARD"", ""Ffd"", ""CHANNELUP"", ""CHANNELUP"", ""VOL+"", ""VOL+"", ""CHANNELDOWN"", ""CHANNELDOWN"", ""VOL-"", ""VOL-"", ""TV"", ""TV"", ""Fm/Am"", ""FMRadio"", ""MP3"", ""AUDIO"", ""IMAGES"", ""IMAGES"", ""VIDEO"", ""VIDEO"", ""DVD"", ""DVD"", ""KaraOk"", ""GameZone"", ""Ap"", ""Application"", ""RECORD"", ""RECORD"", ""PREVIOUS"", ""PREVIOUS"", ""Enter2"", ""Enter_Small"", ""EXIT"", ""EXIT"", ""Ttx"", ""CC_TTX"", ""Suspend"", ""Suspend"", ""SLEEP"", ""SLEEP"", ""HOME"", ""HOME"", ""ENTER"", ""ENTER"", ""DVD"", ""DVD"", ""AGAIN"", ""RADIO"", ""RADIO"", ""Set"", ""Eq"", ""STOP"", ""STOP"", ""PLAY"", ""NEXT"", ""NEXT"", ""UP"", ""UP"", ""LEFT"", ""LEFT"", ""RIGHT"", ""RIGHT"", ""DOWN"", ""DOWN""]","[""NECext""]","[""86 6B 00 00""]",device_family,0.58,"[""modelo/família identificável com conjunto amplo""]","[""modelo de baixa confiança foi tratado como evidência estrutural"", ""muitos nomes compartilham a mesma intenção"", ""nomes de comandos reais não chegaram ao classificador"", ""protocolos reais não chegaram ao classificador"", ""sequência numerada pode indicar codeset ou bruteforce""]","[""50 maiores repetições de nomes""]"
92fa4701c215c997,"_Converted_/CSV/M/Marantz/Receiver/17,-1.ir","17,-1.ir",Converted/CSV,Marantz,"17,-1",188,"[""(TUNER-1)_0"", ""TUNER1-0"", ""0"", ""[TUNER-1]_0"", ""0_TUNER"", ""TUNER_-_0"", ""(TUNER-1)_1"", ""TUNER1-1"", ""1"", ""[TUNER-1]_1"", ""1_TUNER"", ""TUNER_-_1"", ""0"", ""4"", ""(TUNER-1)_2"", ""TUNER1-2"", ""2"", ""[TUNER-1]_2"", ""2TUNER"", ""TUNER_-_2"", ""(TUNER-1)_3"", ""TUNER1-3"", ""3"", ""[TUNER-1]_3"", ""3_TUNER"", ""TUNER_-_3"", ""(TUNER-1)_4"", ""TUNER1-4"", ""4"", ""[TUNER-1]_4"", ""4_TUNER"", ""TUNER_-_4"", ""(TUNER-1)_5"", ""TUNER1-5"", ""5"", ""[TUNER-1]_5"", ""5_TUNER"", ""TUNER_-_5"", ""(TUNER-1)_6"", ""TUNER1-6"", ""6"", ""[TUNER-1]_6"", ""6_TUNER"", ""TUNER_-_6"", ""(TUNER-1)_7"", ""TUNER1-7"", ""7"", ""[TUNER-1]_7"", ""7_TUNER"", ""TUNER_-_7"", ""(TUNER-1)_8"", ""8"", ""TUNER1-8"", ""[TUNER-1]_8"", ""8_TUNER"", ""TUNER_-_8"", ""(TUNER-1)_9"", ""TUNER1-9"", ""9"", ""[TUNER-1]_9"", ""9_TUNER"", ""TUNER_-_9"", ""(TUNER-1)FRQ._DIRECT"", ""TUNER1_FREQ._DIRECT"", ""DIRECT_TUNE"", ""[TUNER-1]_F-DIRECT"", ""FREQ._DIRECT_(TUNER)"", ""GUIDE"", ""F/P"", ""FREQ._DIRECT"", ""SOURCE_ON/OFF"", ""POWER"", ""DISPLAY_MODE"", ""T.DISP_/_PAUSE"", ""DISPLAY"", ""TUNER:_DISP"", ""(TUNER-1)_TUNING_+"", ""TUNE>>"", ""TUNER1_FREQ._TUNE_+"", ""TUNE_+"", ""TUNE_UP"", ""[TUNER-1]_FREQ+"", ""TUNING_+"", ""TUNER_>>_TUNING_+"", ""SCAN_+"", ""TUNER:_FREQUENCY_+"", ""TUNER_FREQUENCY_+"", ""SEEK_UP"", ""TUNING_UP"", ""(TUNER-1)_TUNING_-"", ""F0"", ""TUNE<<"", ""TUNER1_FREQ._TUNE_-"", ""TUNE_-"", ""TUNE_DOWN"", ""[TUNER-1]_FREQ_-"", ""TUNING_-"", ""TUNER_<<TUNING_-"", ""SCAN_-"", ""TUNER:_FREQUENCY_-"", ""TUNER_FREQUENCY_-"", ""SEEK_DOWN"", ""TUNING_DOWN"", ""(TUNER-1)_PRE_UP+"", ""PRESET_++"", ""CHANNEL>>"", ""TUNER1_PRESET_+"", ""CHANNEL_UP"", ""CH+"", ""[TUNER-1]PRESET+"", ""PRESET_+"", ""TUNER_>>I_PRESET_+"", ""TUNER_-_PRESET+"", ""FM/AM_+"", ""TUNER:_PRESET_+"", ""TUNER_PRESET_+"", ""SKIP_UP"", ""PRESET_UP"", ""(TUNER-1)_PRE_DOWN-"", ""PRESET_--"", ""CHANNEL<<"", ""TUNER1_PRESET_-"", ""CHANNEL_DOWN"", ""[TUNER-1]PRESET_-"", ""PRESET_-"", ""TUNER_I<<_PRESET_-"", ""TUNER_-_PRESET-"", ""TUNER:_PRESET_-"", ""TUNER_PRESET_-"", ""SKIP_DOWN"", ""PRESET_DOWN"", ""(TUNER-1)_T-MODE"", ""TUNER1_T-MODE"", ""[TUNER-1]_T-MODE"", ""TUNER_MODE"", ""T.MODE"", ""TUNER:_FM_MODE"", ""TUNER:_T-MODE"", ""FM_MODE"", ""MODE"", ""STEREO/MONO"", ""(TUNER-1)_MEMO"", ""TUNER1_MEMO"", ""MEMO"", ""[TUNER-1]_MEMO"", ""MEMORY_(TUNER)"", ""MEMORY"", ""(TUNER-1)_PRE_SCAN"", ""TUNER1_PRESET_SCAN"", ""PRESET_SCAN"", ""P.SCAN/V-OFF"", ""PRESET_SCAN_TUNER"", ""TUNER:_PRESET_SCAN"", ""SCAN"", ""DWR"", ""TUNER:_DWR"", ""(TUNER-1)_FM"", ""TUNER1_FM"", ""FM"", ""[TUNER-1]_FM"", ""INPUT:_FM"", ""(TUNER-1)_AM"", ""TUNER1_AM"", ""AM"", ""[TUNER-1]_AM"", ""INPUT:_AM"", ""LW"", ""TUNER:_LW"", ""(TUNER-1)_CLEAR"", ""TUNER1_CLEAR"", ""[TUNER-1]_CLEAR"", ""CLEAR"", ""BAND"", ""LINE_1"", ""TUNER-1"", ""TUNER"", ""AM/FM"", ""TUNER_-_1_(LINE_1)"", ""FM/AM"", ""TUNER_-_AM/FM"", ""INPUT_-_TUNER"", ""INPUT:_TUNER"", ""TUNER:_BAND"", ""PRESET_INFO"", ""TUNER:_PRESET_INFO"", ""PTY"", ""TUNER:_PTY"", ""TUNER:_STM""]","[""NECext""]","[""11 00 00 00""]",device_family,0.58,"[""modelo/família identificável com conjunto amplo""]","[""modelo de baixa confiança foi tratado como evidência estrutural"", ""muitos nomes compartilham a mesma intenção"", ""nomes de comandos reais não chegaram ao classificador"", ""protocolos reais não chegaram ao classificador"", ""sequência numerada pode indicar codeset ou bruteforce""]","[""50 nomes ou comandos com sequências numéricas""]"
0bbd37d5925d52c7,"_Converted_/CSV/M/Mitsubishi/Monitor/71,-1.ir","71,-1.ir",Converted/CSV,Mitsubishi,"71,-1",211,"[""TV_1_(SUN)"", ""1_(SUN)"", ""TV_1"", ""1"", ""TV_9"", ""9"", ""TV_POWER"", ""POWER"", ""COLOR_+"", ""EXT1"", ""TV/VCR"", ""TV_CANCEL"", ""CANCEL"", ""TV"", ""TV_2_(MON)"", ""2_(MON)"", ""TV_2"", ""2"", ""TV_0"", ""0"", ""TV_CH_^"", ""CH_^"", ""TV_CHANNEL_^"", ""SCAN_^_(CH_^)"", ""CHANNEL_^"", ""SCAN_^(CH_^)"", ""TV_CH^"", ""SCAN^(CH^)"", ""RESET"", ""COLOR_-"", ""EXT2"", ""TV_Q.V."", ""Q.V._(QUICK_VIEW)"", ""TV_QV"", ""QV"", ""Q.V."", ""TV_3_(TUE)"", ""3_(TUE)"", ""3"", ""TV_3"", ""TV_CH_V"", ""CH_V"", ""TV_CHANNEL_V"", ""SCAN_V_(CH_V)"", ""CHANNEL_V"", ""SCAN_V(CH_V)"", ""TV_CHV"", ""SCANV(CHV)"", ""EXPAND"", ""TV_OFF-T_OTR"", ""OFF-T_OTR"", ""TV_OFF-T/OTR"", ""OFF-T/OTR"", ""OFF-T"", ""OFF-TV/QTR"", ""OFF_TIMER"", ""TV_SLEEP"", ""TV_4_(WED)"", ""4_(WED)"", ""TV_4"", ""4"", ""INPUT_V"", ""ANT_A/B"", ""INPUTV"", ""TV_DISP"", ""DISP_(DISPLAY)"", ""DISP"", ""DATA_ON_SCREEN"", ""DISPLAY"", ""TV_INFO"", ""TV_5_(THU)"", ""5_(THU)"", ""TV_5"", ""5"", ""VOL_^"", ""VOLUME_^"", ""CONTRAST_+"", ""REPEAT"", ""TV_6_(FRI)"", ""6_(FRI)"", ""TV_6"", ""6"", ""VOL_V"", ""VOLUME_V"", ""CONTRAST_-"", ""TV_7_(SAT)"", ""7_(SAT)"", ""TV_7"", ""7"", ""MUTE"", ""MUTING"", ""TINT_+"", ""SLOW"", ""TV_ENTER"", ""ENTER"", ""INDEX_-"", ""TV_8_(M-F)"", ""8_(M-F)"", ""TV_8"", ""8"", ""ANT_A/B"", ""TV_INPUT"", ""INPUT"", ""TV_INPUT_^"", ""INPUT_^"", ""VIDEO/TV"", ""INPUT^"", ""TINT_-"", ""NEXT"", ""SKIP"", ""INDEX_+"", ""TV_VIDEO"", ""VIDEO"", ""TV_VIDEO_^"", ""VIDEO_^"", ""FUNCTION_VIDEO"", ""VIDEO^"", ""TV_ADJ_>"", ""ADJ_>"", ""TV_ADJUST_^"", ""ADJ_^"", ""ADJUST_^"", ""ADJ(ADJUST)_^"", ""ADJUST^"", ""TV_VIDEO_V"", ""VIDEO_V"", ""VIDEOV"", ""TV_ADJ_<"", ""ADJ_<"", ""TV_ADJUST_V"", ""ADJ_V"", ""ADJUST_V"", ""ADJ(ADJUST)_V"", ""ADJUSTV"", ""TV_EXCH_V"", ""SQV"", ""TV_SQV"", ""TV_AUDIO"", ""AUDIO"", ""TV_AUDIO_^"", ""AUDIO_^"", ""FUNCTION_AUDIO"", ""AUDIO^"", ""TV_MODE"", ""MODE"", ""TV_MENU"", ""MENU"", ""TV_AUDIO_V"", ""AUDIO_V"", ""AUDIOV"", ""TV_SOURCE"", ""SOURCE"", ""-2"", ""<"", ""TV_<"", ""-5"", ""UNKNOWN"", ""FREEZE"", ""PAUSE(FREEZE)"", ""FREEZE(PAUSE)"", ""PIP_FREEZE(PAUSE)"", "">"", ""TV_>"", ""TV_POSITION"", ""POSITION"", ""-4"", ""REC_(STARSIGHT)"", ""TV_PIP_CH_^"", ""TV_PIP"", ""PIP"", ""-1"", ""HOME"", ""TV_HOME"", ""TV_PIP_CH_V"", ""TV_EXCH"", ""EXCH"", ""EXCH_(EXCHANGE)"", ""-3"", ""EXT_1"", ""MONO-CHROME"", ""POWER"", ""CONT"", ""EXT_2"", ""BRIGHT"", ""EXT_3"", ""SHARPNESS"", ""SET_+"", ""VTR"", ""S-VIDEO"", ""COLOR"", ""SET_-"", ""8"", ""SEPARATE"", ""VOL_^"", ""TINT"", ""H.SIZE"", ""OVER/UNDER"", ""16"", ""ON_GREEN"", ""VOL_V"", ""BALANCE"", ""V.SIZE"", ""64"", ""MUTE"", ""TREBLE"", ""H.POS"", ""SUPERIMP"", ""AUTO"", ""RESET"", ""BASS"", ""V.POS""]","[""NECext""]","[""47 00 00 00""]",device_family,0.58,"[""modelo/família identificável com conjunto amplo""]","[""modelo de baixa confiança foi tratado como evidência estrutural"", ""muitos nomes compartilham a mesma intenção"", ""nomes de comandos reais não chegaram ao classificador"", ""protocolos reais não chegaram ao classificador"", ""sequência numerada pode indicar codeset ou bruteforce""]","[""50 maiores quantidades de comandos""]"
77fa4bd0308fcaae,"_Converted_/CSV/M/Mitsubishi/Monitor/87,-1.ir","87,-1.ir",Converted/CSV,Mitsubishi,"87,-1",173,"[""VCR_1_(SUN)"", ""VCR_1"", ""VCRA_1"", ""VCR_9"", ""VCRA_9"", ""VCR_POWER"", ""VCRA_POWER"", ""VCR_PLAY_>"", ""VCR_PLAY"", ""VCRA_PLAY_>"", ""VIDEO/TV"", ""VCR/TV"", ""TV/VCR"", ""VCRA_TV/VCR"", ""VCRA_VCR/TV"", ""VCR_2_(MON)"", ""VCR_2"", ""VCRA_2"", ""VCR_0"", ""VCRA_0"", ""VCR_CH_^"", ""VCR_CHANNEL_^"", ""VCR_CANCEL"", ""VCRA_CANCEL"", ""VCR_REC"", ""VCRA_REC"", ""INDEX_+"", ""VCRA_>"", ""VCR_3_(TUE)"", ""VCR_3"", ""VCRA_3"", ""VCR_CH_V"", ""VCR_CHANNEL_V"", ""VCR_STOP_[]"", ""VCR_STOP"", ""VCRA_STOP_[]"", ""INDEX_-"", ""VCRA_<"", ""VCR_4_(WED)"", ""VCR_4"", ""VCRA_4"", ""VCR_INPUT_V"", ""VCR_INPUT_^"", ""VCR_PAUSE_"", ""VCRA_PAUSE_"", ""VCR_5_(THU)"", ""VCR_5"", ""VCRA_5"", ""VCR_FF/SRCH_>>"", ""VCR_FF/SEARCH_>>"", ""VCRA_FF/FWD_>>"", ""VCR_Q.V."", ""VCR_QV"", ""QV"", ""VCRA_SQV/QV"", ""VCR_DISP"", ""VCRA_INFO"", ""VCR_6_(FRI)"", ""VCR_6"", ""VCRA_6"", ""VCR_REW/SRCH_<<"", ""VCR_REW/SEARCH_<<"", ""VCRA_REW/REV_<<"", ""VCR_OFF-T_OTR"", ""VCR_OFF-T/OTR"", ""OFF-T"", ""VCRA_SLEEP"", ""VCR_7_(SAT)"", ""VCR_7"", ""VCRA_7"", ""QUICK_PROGRAM"", ""VCR_ENTER"", ""ENTER"", ""VCRA_ENTER"", ""VCR_8_(M-F)"", ""VCR_8"", ""VCRA_8"", ""VCR_INPUT"", ""VCR_INPUT_^"", ""VCR_INPUT_V"", ""VCRA_INPUT"", ""VCR_VIDEO"", ""VCR_VIDEO_^"", ""VCRA_VIDEO"", ""VCR_ADJ_>"", ""VCR_ADJUST_^"", ""^"", ""VCRA_ADJUST_^"", ""VCR_VIDEO_V"", ""VCR_ADJ_<"", ""VCR_ADJUST_V"", ""V"", ""VCRA_EXCH_V"", ""VCR_AUDIO"", ""VCR_AUDIO_^"", ""VCRA_AUDIO"", ""VCR_MODE"", ""VCR_MENU"", ""VCRA_MENU"", ""VCR_AUDIO_V"", ""1"", ""VCRB_1"", ""9"", ""VCRB_9"", ""POWER"", ""VCRB_POWER"", ""PLAY_>"", ""VCRB_PLAY_>"", ""VCRB_TV/VCR"", ""VCRB_VCR/TV"", ""VCR/TV"", ""2"", ""VCRB_2"", ""0"", ""VCRB_0"", ""CH_^_(SCAN_^)"", ""VCRB_CHANNEL_^"", ""CANCEL"", ""VCRB_CANCEL"", ""REC"", ""VCRB_REC"", ""ZERO_STOP"", ""SLOW_+"", ""INDEX_SRCH_+"", ""VCRB_>"", ""3"", ""VCRB_3"", ""CH_V_(SCAN_V)"", ""VCRB_CHANNEL_V"", ""STOP_[]"", ""VCRB_STOP_[]"", ""SLOW_-"", ""INDEX_SRCH_-"", ""VCRB_<"", ""4"", ""VCRB_4"", ""PAUSE_"", ""VCRB_PAUSE_"", ""5"", ""VCRB_5"", ""FF/SRCH_>>"", ""VCRB_FF/FWD_>>"", ""FAST_PLAY"", ""Q.V."", ""VCRB_SQV/QV"", ""DISPLAY"", ""VCRB_INFO"", ""6"", ""VCRB_6"", ""REW/SRCH_<<"", ""VCRB_REW/REV_<<"", ""OFF-T_OTR"", ""VCRB_SLEEP"", ""7"", ""VCRB_7"", ""SLOW_>"", ""ENTER"", ""VCRB_ENTER"", ""8"", ""VCRB_8"", ""INPUT_SELECT"", ""INPUT"", ""VCRB_INPUT"", ""VIDEO"", ""VCRB_VIDEO"", ""VCRB_ADJUST_^"", ""VCRB_EXCH_V"", ""AUDIO"", ""VCRB_AUDIO"", ""MENU"", ""VCRB_MENU"", ""ADJUST_-"", ""ADJUST_+""]","[""NECext""]","[""57 00 00 00""]",device_family,0.58,"[""modelo/família identificável com conjunto amplo""]","[""modelo de baixa confiança foi tratado como evidência estrutural"", ""muitos nomes compartilham a mesma intenção"", ""nomes de comandos reais não chegaram ao classificador"", ""protocolos reais não chegaram ao classificador"", ""sequência numerada pode indicar codeset ou bruteforce""]","[""50 nomes ou comandos com sequências numéricas""]"
745c33a428ac0653,"_Converted_/CSV/M/Mitsubishi/Unknown/87,-1.ir","87,-1.ir",Converted/CSV,Mitsubishi,"87,-1",233,"[""VCRA_1"", ""VCR_1_(SUN)"", ""VCR_1"", ""VCRA_9"", ""VCR_9"", ""VCRA_POWER"", ""VCR_POWER"", ""VCRA_PLAY_>"", ""VCR_PLAY_>"", ""VCR/TV"", ""VIDEO/TV"", ""VCR_VCR/TV"", ""VCRA_TV/VCR"", ""VCRA_VCR/TV"", ""VCRA_2"", ""VCR_2_(MON)"", ""VCR_2"", ""VCRA_0"", ""VCR_0"", ""VCRA_CHANNEL_^"", ""VCR_CH_^"", ""VCR_SCAN_^(CH_^)"", ""VCR_SCAN_^_(CH_^)"", ""VCRA_SCAN_^_(CH_^)"", ""VCRA_CANCEL"", ""VCR_CANCEL"", ""VCRA_REC"", ""VCR_REC"", ""VCRA/TV/CBL_INDEX_+"", ""VCR_JOG/INDEX_S.+"", ""INDEX_+"", ""VCRA_INDEX_+"", ""VCRA_3"", ""VCR_3_(TUE)"", ""VCR_3"", ""VCRA_CHANNEL_V"", ""VCR_CH_V"", ""VCR_SCAN_V(CH_V)"", ""VCR_SCAN_V_(CH_V)"", ""VCRA_SCAN_V_(CH_V)"", ""VCRA_STOP_[]"", ""VCR_STOP_[]"", ""VCRA/TV/CBL_INDEX_-"", ""VCR_JOG/INDEX_S.-"", ""INDEX_-"", ""VCRA_INDEX_-"", ""VCRA_4"", ""VCR_4_(WED)"", ""VCR_4"", ""VCRA_INPUT_V"", ""VCRA_PAUSE_"", ""VCR_PAUSE_"", ""VCRA_5"", ""VCR_5_(THU)"", ""VCR_5"", ""VCRA_FF_>>"", ""VCR_FF/SRCH_>>"", ""VCR_FF_>>"", ""VCRA_QV"", ""VCR_Q.V."", ""VCRA_DISPLAY"", ""VCR_DISP"", ""VCR_DISPLAY"", ""VCRA_6"", ""VCR_6_(FRI)"", ""VCR_6"", ""VCRA_REW_<<"", ""VCR_REW/SRCH_<<"", ""VCR_REW_<<"", ""VCRA_OFF-T"", ""VCR_OFF-T_OTR"", ""VCRA_OFF-T_OTR"", ""VCRA_7"", ""VCR_7_(SAT)"", ""VCR_7"", ""VCRA/TV/CBL_QUIKPROG"", ""VCR_Q.PROG/VCR_PLUS+"", ""VCRA_QUICK_PROGRAM"", ""VCRA_ENTER"", ""VCR_ENTER"", ""VCRA_8"", ""VCR_8_(M-F)"", ""VCR_8"", ""VCRA_INPUT_^"", ""VCR_INPUT"", ""INPUT"", ""VCRA_INPUT"", ""VCRA_VIDEO"", ""VCR_VIDEO"", ""VCR_FUNCTION_VIDEO"", ""VCRA_FUNC_VIDEO"", ""VCRA_^"", ""VCR_ADJ_>"", ""VCR_ADJUST_^"", ""Unknown"", ""VCRA_S.(QUICK_VIEW)"", ""VCRA_V"", ""VCR_ADJ_<"", ""VCR_ADJUST_V"", ""VCR_SCAN_REV"", ""VCR_SCAN_REV_1/10"", ""VCR_SCAN_REV_1/30"", ""VCR_SCAN_REV_1/5"", ""VCR_SCAN_FWD"", ""VCR_SCAN_FWD_1/10"", ""VCR_SCAN_FWD_1/30"", ""VCR_SCAN_FWD_1/5"", ""VCRA_S.(RE.SP.SRCH)"", ""VCRA_AUDIO"", ""VCR_AUDIO"", ""VCR_FUNCTION_AUDIO"", ""VCRA_FUNC_AUDIO"", ""VCRA_MENU"", ""VCR_MODE"", ""VCR_MENU"", ""VCRA_S.(F.SP.SRCH)"", ""ADJUST_ON"", ""Unknown"", ""VCRA_S(RE.PLAY_BACK)"", ""Unknown"", ""VCRA_SHU.FWD(NORMAL)"", ""ADJUST_OFF"", ""Unknown"", ""VCRA_S.(R.FAST_P.B.)"", ""Unknown"", ""VCR_ADJUST_-"", ""Unknown"", ""VCRA_JOG_REV"", ""VCR_ADJUST_+"", ""VCRA_JOG_FWD"", ""VCRA_S.(F.H.SP.SRCH)"", ""VCRA_S.(R.H.SP.SRCH)"", ""VCRB_1"", ""1"", ""VCRB_9"", ""9"", ""VCRB_POWER"", ""POWER"", ""VCRB_PLAY_>"", ""PLAY_>"", ""VCRB_VCR/TV"", ""TV/VCR"", ""VCRB_2"", ""2"", ""VCRB_0"", ""0"", ""VCRB_CHANNEL_^"", ""SCAN_^(CH_^)"", ""VCRB_SCAN_^_(CH_^)"", ""VCRB_CANCEL"", ""CANCEL"", ""VCRB_REC"", ""REC"", ""VCRB_INDEX_+"", ""INDEX_+"", ""VCRB_3"", ""3"", ""VCRB_CHANNEL_V"", ""SCAN_V(CH_V)"", ""VCRB_SCAN_V_(CH_V)"", ""VCRB_STOP_[]"", ""STOP_[]"", ""VCRB_INDEX_-"", ""INDEX_-"", ""REPEAT"", ""VCRB_4"", ""4"", ""VCRB_INPUT_V"", ""INPUT_V"", ""VCRB_PAUSE_"", ""PAUSE/STILL_"", ""VCRB_5"", ""5"", ""VCRB_VOL_^"", ""VCRB_FF_>>"", ""FF/SRCH_>>"", ""VCRB_QV"", ""Q.V."", ""VCRB_Q.V."", ""VCRB_DISPLAY"", ""DISP"", ""VCRB_6"", ""6"", ""VCRB_VOL_V"", ""VCRB_REW_<<"", ""REW/SRCH_<<"", ""R.PLAY_<"", ""VCRB_OFF-T"", ""OFF-T_OTR"", ""VCRB_OFF-T_OTR"", ""VCRB_7"", ""7"", ""VCRB_MUTE"", ""VCRB_QUICK_PROGRAM"", ""SLOW"", ""VCRB_ENTER"", ""ENTER"", ""VCRB_8"", ""8"", ""ANT_A/B"", ""VCRB_INPUT_^"", ""INPUT_^"", ""VCRB_INPUT"", ""NEXT"", ""VCRB_VIDEO"", ""VIDEO_^"", ""VCRB_FUNC_VIDEO"", ""VCRB_^"", ""ADJ_^"", ""VCRB_S.(QUICH_VIEW)"", ""VIDEO_V"", ""VCRB_V"", ""ADJ_V"", ""VCRB_S.(RE.SP.SRCH)"", ""VCRB_AUDIO"", ""AUDIO_^"", ""VCRB_FUNC_AUDIO"", ""VCRB_MENU"", ""MENU"", ""VCRB_S.(F.SP.SRCH)"", ""AUDIO_V"", ""VCRB_S(RE.PLAY_BACK)"", ""VCRB_SHU.FWD(NORMAL)"", ""-2"", ""-5"", ""VCRB_S.(R.FAST_P.B.)"", ""-4"", ""VCRB_JOG_REV"", ""VCRB_JOG_FWD"", ""VCRB_S.(F.H.SP.SRCH)"", ""-1"", ""VCRB_S.(R.H.SP.SRCH)"", ""-3""]","[""NECext""]","[""57 00 00 00""]",device_family,0.58,"[""modelo/família identificável com conjunto amplo""]","[""modelo de baixa confiança foi tratado como evidência estrutural"", ""muitos nomes compartilham a mesma intenção"", ""nomes de comandos reais não chegaram ao classificador"", ""protocolos reais não chegaram ao classificador"", ""sequência numerada pode indicar codeset ou bruteforce""]","[""50 maiores quantidades de comandos"", ""50 nomes ou comandos com sequências numéricas""]"
bb94355193b69a39,"_Converted_/CSV/M/Mitsubishi/VCR/87,-1.ir","87,-1.ir",Converted/CSV,Mitsubishi,"87,-1",487,"[""1_SUN"", ""1"", ""VCR_1"", ""VCRA_1"", ""VCR-A"", ""9"", ""VCR_9"", ""VCRA_9"", ""POWER"", ""VCR_POWER"", ""VCRA_POWER"", ""AUDIO_MONITOR"", ""PLAY_>"", ""VCR_PLAY>"", ""PLAY/STOP"", ""PLAY"", ""ENTER"", ""STOP"", ""VCR_PLAY"", ""VCR_PLAY/STOP/ENTER"", ""VCR_PLAY/STOP"", ""VCR_PLAY_>"", ""VCRA_PLAY_>"", ""VIDEO/TV"", ""VCR/TV"", ""TV/VCR"", ""VCR_VCR/TV"", ""VCRA_VCR/TV"", ""VCRA_VIDEO/TV"", ""INPUT_SELECT"", ""2_MON"", ""2"", ""VCR_2"", ""VCRA_2"", ""0"", ""VCR_0"", ""VCRA_0"", ""CHANNEL_^"", ""CHANNEL_UP"", ""SCAN_+_(CH_^)"", ""ADJUST/SCAN_+"", ""VCR_CHANNEL_^"", ""CHANNEL_+"", ""SCAN_UP_(CH_^)"", ""CH_^_(SCAN_^)"", ""SCAN_^_(CH_^)"", ""VCR_SCAN_^_(CH_^)"", ""VCR_SCAN_^(CH_^)"", ""VCRA_SCAN_^_(CH_^)"", ""VCRA_CHANNEL_^"", ""SELECT_<_DIGITAL_CLE"", ""CLEAR"", ""CLEAR_<"", ""CANCEL"", ""VCR_CANCEL"", ""VCRA_CANCEL"", ""CANCEL_<"", ""REC"", ""RECORD"", ""VCR_RECORD"", ""VCR_REC"", ""VCRA_REC"", ""ZERO_STOP"", ""ZERO-STOP_TIME_COU."", ""SLOW_+"", ""INDEX_SEARCH_SLOW_+"", ""FR_ADV_SLOW_+"", ""INDEX_SEARCH_+"", ""VCR_JOG/ADJ+(IND_SRC"", ""JOG/ADJUST_+"", ""FS/+"", ""INDEX_SRCH_+"", ""FRAME_>>"", ""INDEX_+"", ""SLOW_MOTION_+"", ""VCR_INDEX_+"", ""SCAN_>>"", ""VCR_JOG/INDEX_S.+"", ""VCRA_INDEX_+"", ""VCRA_INDEX_SEARCH_+"", ""VCRA_SRCH_INDEX_+"", ""INDEX_>>>"", ""VCRA_ADJUST_>"", ""ADDRESS_ENTER"", ""INDEX_ENTER"", ""3_TUE"", ""3"", ""VCR_3"", ""VCRA_3"", ""CHANNEL_V"", ""CHANNEL_DOWN"", ""SCAN_-_(CH_V)"", ""ADJUST/SCAN_-"", ""VCR_CHANNEL_V"", ""CHANNEL_-"", ""SCAN_DOWN_(CH_V)"", ""CH_V_(SCAN_V)"", ""SCAN_V_(CH_V)"", ""VCR_SCAN_V_(CH_V)"", ""VCR_SCAN_V(CH_V)"", ""VCRA_SCAN_V_(CH_V)"", ""VCRA_CHANNEL_V"", ""SET_+"", ""SET"", ""STOP_[]"", ""VCR_STOP[]"", ""STOP"", ""VCR_STOP"", ""VCR_STOP_[]"", ""VCRA_STOP_[]"", ""RESET"", ""RESET_TIME_COUNTER"", ""COUNTER_RESET"", ""VCR_COUNTER_RESET"", ""SLOW_-"", ""INDEX_SEARCH_SLOW_-"", ""FR_ADV_SLOW_-"", ""INDEX_SEARCH_-"", ""VCR_JOG/ADJ-(IND_SRC"", ""JOG/ADJUST_-"", ""RS/-"", ""INDEX_SRCH_-"", ""FRAME_<<"", ""INDEX_-"", ""SLOW_MOTION_-"", ""VCR_INDEX_-"", ""SCAN_<<"", ""VCR_JOG/INDEX_S.-"", ""VCRA_INDEX_-"", ""VCRA_INDEX_SEARCH_-"", ""VCRA_SRCH_INDEX_-"", ""INDEX_<<<"", ""VCRA_ADJUST_<"", ""REPEAT"", ""VCRA_REPEAT"", ""4_WED"", ""4"", ""VCR_4"", ""VCRA_4"", ""INPUT_DOWN"", ""PROG_LIST_ON/OFF"", ""PROG.LIST_ON/OFF"", ""DATA_ON_SCREEN"", ""PAUSE/STILL_"", ""STILL/PAUSE_"", ""PAUSE_"", ""VCR_PAUSE"", ""PAUSE"", ""VCR_PAUSE_"", ""PAUSE_/_STILL"", ""VCRA_PAUSE_"", ""VCRA_PAUSE/STILL_"", ""SET"", ""SET_TIME_COUNTER"", ""PROG_REC_ON/OFF"", ""PROG.REC_ON/OFF"", ""5_THU"", ""5"", ""VCR_5"", ""VCRA_5"", ""ADDRESS_SEARCH"", ""FF/SRCH_>>"", ""FF_>>"", ""VCR_FFWD>>"", ""FF>>_(ADJUST_+)"", ""FAST_FORWARD_>>"", ""VCR_FF_>>"", ""FFWD_>>"", ""SCAN_>>"", ""VCRA_FF_>>"", ""VCRA_FF/SRCH_>>"", ""VCRA_FF/FWD_>>"", ""FAST_PLAY"", ""FAST_PLAY_X2"", ""VCR_QV"", ""QV"", ""Q.V."", ""VCRA_QV"", ""VCRA_Q.V."", ""X2"", ""VCRA_SQV/QV"", ""DATA_ON_SCREEN"", ""DISPLAY"", ""VCR_DISPLAY"", ""VCRA_DISPLAY"", ""VCRA_DATA_ON_SCREEN"", ""VCRA_INFO"", ""6_FRI"", ""6"", ""VCR_6"", ""VCRA_6"", ""PROG_NBR"", ""V_PROG.NBR"", ""REW/SRCH_<<"", ""REW_<<"", ""VCR_REW<<"", ""REW<<_(ADJUST_-)"", ""REWIND_<<"", ""VCR_REW_<<"", ""SCAN_<<"", ""VCRA_REW_<<"", ""VCRA_REW/SRCH_<<"", ""VCRA_REW/REV_<<"", ""R_PLAY_<"", ""PLAY_R._<"", ""REVERSE_PLAY"", ""SEARCH"", ""SEARCH_TIME_COUNTER"", ""OFF-T_OTR"", ""OFF-T/OTR"", ""OTR"", ""OTR_RECORD_TIME"", ""VCRA_OFF-T_OTR"", ""VCRA_OFF-T/OTR"", ""VCR/TV"", ""VCRA_SLEEP"", ""7_SAT"", ""7"", ""VCR_7"", ""VCRA_7"", ""SELECT_>_QUAD"", ""SELECT_>"", ""QUICK_PROGRAM"", ""VCR_QUI.PGM/PLUS+"", ""VCR_PLUS+"", ""VCR_Q.PROG/VCR_PLUS+"", ""VCRA_QUICK_PROGRAM"", ""QUICK_PROGRAM/VCR+"", ""VCRA_QUICKPRM/VCR+"", ""SLOW_>"", ""INDEX_SEARCH_SLOW_>"", ""FR_ADV_SLOW_>"", ""SLOW/FR_ADV_>"", ""SLOW"", ""SLOW/FRAME_ADV"", ""SLOW_/_FRAME_ADVANCE"", ""CHANNEL_SELECT"", ""ENTER"", ""ENTER_SLOW/FR_ADV"", ""VCR_ENTER"", ""VCRA_ENTER"", ""ENTER_>"", ""VCRA_ENTER_(EXCH)"", ""VCR_EJECT"", ""EJECT"", ""VCRA_EJECT"", ""8_M-F"", ""8"", ""VCR_8"", ""VCRA_8"", ""A"", ""VCRA_ANT_A/B"", ""INPUT_SELECT"", ""VCR_INPUT"", ""INPUT_X2"", ""INPUT"", ""INPUT_UP"", ""VCR_INPUT(X2)"", ""VCRA_INPUT"", ""INPUT_(X2)"", ""VCRA_INPUT_SELECT"", ""SET_-"", ""COUNTER_RESET"", ""SLOW_<"", ""SLOW/FR_ADV_<"", ""SKIP_SEARCH"", ""INTRO"", ""VCRA_SRCH_SKIP"", ""SP/EP"", ""POWER_ON"", ""FUNCTION_VIDEO"", ""VCR_AUDIO/VIDEO"", ""AUDIO/VIDEO"", ""VIDEO"", ""VIDEO_UP"", ""VCR_FUNC.VIDEO"", ""VCR_VIDEO"", ""VIDEO_^"", ""VCRA_FUNC_VIDEO"", ""VCRA_VIDEO"", ""VCRA_VIDEO_^"", ""ADJUST_^"", ""ADJUST_UP"", ""VCR_ADJUST_^"", ""ADJUST_+"", ""VCRA_ADJUST_^"", ""POWER_ON_(ALT.)"", ""Unknown"", ""VCRA_S.(QUICK_VIEW)"", ""TIME_SEARCH"", ""VIDEO_DOWN"", ""VIDEO_V"", ""VCRA_VIDEO_V"", ""ADJUST_V"", ""ADJUST_DOWN"", ""VCR_ADJUST_V"", ""ADJUST_-"", ""VCRA_ADJUST_V"", ""POWER_OFF"", ""SCAN_REV_(NEW)"", ""SLOW_MOTION_-"", ""SCAN_<<"", ""SLOW_MOTION_+"", ""SCAN_>>"", ""VCRA_SHUTTLE_FWD"", ""VCRA_S.(RE.SP.SRCH)"", ""STILL/STROBE"", ""FUNCTION_AUDIO"", ""AUDIO"", ""AUDIO_UP"", ""VCR_FUNC.AUDIO"", ""VCR_AUDIO"", ""AUDIO_^"", ""VCRA_FUNC_AUDIO"", ""VCRA_AUDIO"", ""VCRA_AUDIO_^"", ""MENU"", ""VCR_MENU"", ""ENTER_(MENU)"", ""VCRA_MENU"", ""VCRA_S.(F.SP.SRCH)"", ""CURSOR_DOWN"", ""VCRA_JOG/SHUTTLE"", ""CHANNEL"", ""AUDIO_DOWN"", ""AUDIO_V"", ""VCRA_AUDIO_V"", ""INPUT_TUNER"", ""Unknown"", ""VCRA_S(RE.PLAY_BACK)"", ""VCRA_SHU.FWD(NORMAL)"", ""ADDRESS_SEARCH_DIVID"", ""INPUT_1"", ""FREEZE"", ""INPUT_2"", ""VCRA_S.(R.FAST_P.B.)"", ""Unknown"", ""STROBE"", ""ADJUST_-"", ""VCR_ADJUST_REV"", ""CURSOR_UP"", ""JOG/SHUTTLE_REV"", ""VCRA_JOG_REV"", ""Unknown"", ""FRAME_<<"", ""VCRA_ADJUST-JOG"", ""ADJUST_+"", ""VCR_ADJUST_FWD"", ""CURSOR_DOWN"", ""JOG/SHUTTLE_FF"", ""VCRA_JOG_FWD"", ""FRAME_>>"", ""VCRA_ADJUST+JOG"", ""VCR_ENTER_FWD(F.SP)"", ""VCRA_S.(F.H.SP.SRCH)"", ""VCRA_SHUTTLE_FWD"", ""PIP"", ""VCR_ENTER_REV(F.SP)"", ""VCRA_S.(R.H.SP.SRCH)"", ""VCRA_SHUTTLE_REW"", ""VCRB_1"", ""1"", ""VCR-B"", ""VCRB_9"", ""9"", ""VCRB_POWER"", ""POWER"", ""VCRB_PLAY"", ""PLAY"", ""VCRB_PLAY_>"", ""VCRB_VCR/TV"", ""TV/VCR"", ""VCRB_VIDEO/TV"", ""VCRB_2"", ""2"", ""VCRB_0"", ""0"", ""VCRB_CHANNEL_^"", ""CHANNEL_+"", ""VCRB_SCAN_^_(CH_^)"", ""VCRB_CANCEL"", ""CANCEL"", ""VCRB_RECORD"", ""RECORD"", ""VCRB_REC"", ""VCRB_INDEX_+"", ""INDEX_SEARCH_+"", ""VCRB_INDEX_SEARCH_+"", ""VCRB_SRCH_INDEX_+"", ""VCRB_ADJUST_>"", ""VCRB_3"", ""3"", ""VCRB_CHANNEL_V"", ""CHANNEL_-"", ""VCRB_SCAN_V_(CH_V)"", ""VCRB_STOP"", ""STOP"", ""VCRB_STOP_[]"", ""VCRB_INDEX_-"", ""INDEX_SEARCH_-"", ""VCRB_INDEX_SEARCH_-"", ""VCRB_SRCH_INDEX_-"", ""VCRB_ADJUST_<"", ""VCRB_REPEAT"", ""VCRB_4"", ""4"", ""VCRB_PAUSE"", ""PAUSE"", ""VCRB_PAUSE_"", ""VCRB_PAUSE/STILL_"", ""VCRB_5"", ""5"", ""VCRB_FF_>>"", ""FAST_FORWARD_>>"", ""VCRB_FF/SRCH_>>"", ""VCRB_FF/FWD_>>"", ""VCRB_Q.V."", ""Q.V."", ""VCRB_SQV/QV"", ""VCRB_DISPLAY"", ""DISPLAY"", ""VCRB_DATA_ON_SCREEN"", ""VCRB_INFO"", ""VCRB_6"", ""6"", ""VCRB_REW_<<"", ""REWIND_<<"", ""VCRB_REW/SRCH_<<"", ""VCRB_REW/REV_<<"", ""VCRB_OFF-T/OTR"", ""VCRB_OFF-T_OTR"", ""VCRB_SLEEP"", ""VCRB_7"", ""7"", ""VCRB_QUICK_PROGRAM"", ""VCR_PLUS+"", ""VCRB_QUICKPRG/VCR+"", ""VCRB_ENTER"", ""ENTER"", ""VCRB_ENTER_(EXCH)"", ""VCRB_EJECT"", ""EJECT"", ""VCRB_8"", ""8"", ""VCRB_ANT_A/B"", ""VCBR_INPUT"", ""INPUT"", ""VCRB_INPUT"", ""VCRB_INPUT_SELECT"", ""VCRB_SRCH_SKIP"", ""VCRB_VIDEO"", ""VIDEO"", ""VCRB_FUNC_VIDEO"", ""VCRB_VIDEO_^"", ""VCRB_ADJUST_^"", ""POWER_ON"", ""Unknown"", ""VCRB_S.(QUICH_VIEW)"", ""VCRB_VIDEO_V"", ""VCRB_ADJUST_V"", ""POWER_OFF"", ""VCRB_SHUTTLE_REV"", ""VCRB_S.(RE.SP.SRCH)"", ""SCAN_<<"", ""VCRB_AUDIO"", ""AUDIO"", ""VCRB_FUNC_AUDIO"", ""VCRB_AUDIO_^"", ""VCRB_MENU"", ""MENU"", ""SCAN_>>"", ""VCRB_S.(F.SP.SRCH)"", ""VCRB_AUDIO_V"", ""VCRB_S(RE.PLAY_BACK)"", ""VCRB_SHU.FWD(NORMAL)"", ""VCRB_JOG/SHUTTLE"", ""INPUT_1"", ""INPUT_2"", ""VCRB_S.(R.FAST_P.B.)"", ""VCRB_JOG_REV"", ""VCRB_ADJUST-JOG"", ""VCRB_JOG_FWD"", ""VCRB_ADJUST+JOG"", ""VCRB_S.(F.H.SP.SRCH)"", ""VCRB_SHUTTLE_FWD"", ""VCRB_S.(R.H.SP.SRCH)"", ""VCRB_SHUTTLE_REW""]","[""NECext""]","[""57 00 00 00""]",device_family,0.58,"[""modelo/família identificável com conjunto amplo""]","[""modelo de baixa confiança foi tratado como evidência estrutural"", ""muitos nomes compartilham a mesma intenção"", ""nomes de comandos reais não chegaram ao classificador"", ""protocolos reais não chegaram ao classificador"", ""sequência numerada pode indicar codeset ou bruteforce""]","[""50 maiores quantidades de comandos"", ""50 maiores repetições de nomes"", ""50 nomes ou comandos com sequências numéricas""]"
7ad0c449a4549769,"_Converted_/CSV/M/Motorola/Cable_Box/0,-1.ir","0,-1.ir",Converted/CSV,Motorola,"0,-1",263,"[""0"", ""Unknown"", ""ON_DEMAND"", ""1"", ""ON_DEMAND"", ""2"", ""C/PPV"", ""C"", ""B"", ""PPV_/_C"", ""3"", ""4"", ""4"", ""5"", ""5"", ""6"", ""6"", ""7"", ""7"", ""8"", ""8"", ""9"", ""9"", ""ON_DEMAND"", ""CABLE"", ""VCR/DVD/VOD"", ""POWER"", ""ALL_ON"", ""CODE1_POWER_OFF"", ""CODE1_POWER_ON"", ""CODE3_POWER_OFF"", ""CODE3_POWER_ON"", ""CODE4_POWER_OFF"", ""CODE4_POWER_ON"", ""MUSIC"", ""POWER"", ""CHANNEL_+"", ""CHANNEL_+"", ""NEW_CODE"", ""CHANNEL_UP"", ""CH+"", ""CH+"", ""CHANNEL_-"", ""CHANNEL_-"", ""CHANNEL_DOWN"", ""CH-"", ""CH-"", ""MUTE"", ""VOL+"", ""VOL-"", ""MUTE"", ""ENTER"", ""ENTER/MUSIC"", ""VOL+"", ""#/ENTER"", ""MUSIC"", ""OK/SELECT"", ""MENU_ENTER"", ""Unknown"", ""OK_SELECT"", ""VOL-"", ""CURSOR_ENTER"", ""ENTER"", ""SELECT"", ""OK"", ""/ENTER"", ""C_OK"", ""MENU-SELECT/OK"", ""CURSOR_SELECT_OK"", ""CURSER_OK"", ""EXIT"", ""RETURN"", ""LAST"", ""LAST_CH."", ""LAST_CH"", ""LAST/PREVIOUS"", ""PREVIOUS_CHANNEL"", ""LAST_CHANNEL"", ""PREV_CHANNEL"", ""BYPASS-_TV/VCR"", ""INPUT"", ""TV/VCR_INPUT"", ""TV/VCR"", ""BYPASS"", ""FAV"", ""FAV"", ""FAVORITES"", ""FAVORITE_CHANNEL"", ""FAVORITE"", ""LOCK"", ""A/LOCK"", ""A"", ""A_LOCK"", ""A_(LOCK)"", ""LOCKOUT"", ""LOCK_/_A"", ""A"", ""PPV"", ""ON_DEMAND"", ""P-CHANNEL-"", ""VOD"", ""MENU"", ""SETTINGS"", ""VOD"", ""VOD2"", ""ON_DEMAND"", ""P-CHANNEL+"", ""ONDEMAND"", ""PLAY"", ""STOP"", ""FAST_FOWARD"", ""FF"", ""FAST_FORWARD"", ""FWD"", "">>"", ""FAST-FORWARD"", ""FAST_FWD"", ""FFWD"", ""FORWARD"", ""SHUTTLE_FORWARD"", ""FWD_>>"", ""FFD"", ""REWIND"", ""REW"", ""REVERSE"", ""<<"", ""REV"", ""SHUTTLE_REVERSE"", ""BACK_<<"", ""REW"", ""PAUSE"", ""PAUSE_"", ""PIP_ON/OFF"", ""SWAP"", ""PIP_SWAP"", ""MOVE"", ""PIP_MOVE"", ""PIP_CH+"", ""PIP_+"", ""PIP_CH-"", ""PIP_-"", ""B"", ""C"", ""C"", ""EXIT"", ""D"", ""GUIDE"", ""TV_GUIDE"", ""RECORD"", ""REC"", ""HELP"", ""INFO"", ""ARROW_UP"", ""MENU_UP"", ""CURSOR_UP"", ""UP_ARROW"", ""C_UP"", ""UP"", ""C_UP"", ""MENU-UP"", ""CURSER_UP"", ""ARROW_DOWN"", ""MENU_DOWN"", ""CURSOR_DOWN"", ""CURSOR_DN"", ""DOWN_ARROW"", ""C_DOWN"", ""ARROWN_DOWN"", ""DOWN"", ""MENU-DOWN"", ""CURSER_DOWN"", ""DN"", ""ARROW_LEFT"", ""MENU_LEFT"", ""CURSOR_LEFT"", ""CURSOR_LF"", ""LEFT_ARROW"", ""C_LEFT"", ""LEFT"", ""MENU-LEFT"", ""CURSER_LEFT"", ""<"", ""ARROW_RIGHT"", ""MENU_RIGHT"", ""CURSOR_RIGHT"", ""CURSOR_RT"", ""RIGHT_ARROW"", ""C_RIGHT"", ""RIGHT"", ""C_RIGHT"", ""MENU-RIGHT"", ""CURSER_RIGHT"", "">"", ""DAY_-"", ""PLAY"", ""DAY_+"", "">"", ""DAY+"", ""C"", ""C_DAY_+"", ""C_(DAY_+)"", ""DAY_UP"", ""DAY>"", ""DAY_FOR"", ""DAY_+"", ""STOP"", ""DAY_-"", ""DAY-"", ""DAY_="", ""B"", ""B_DAY_-"", ""B_(DAY_-)"", ""DAY_DOWN"", ""<DAY"", ""DAT_REV"", ""PAGE_+"", ""PAGE_/\\"", ""PAGE_UP"", ""PAGE+"", ""PAGE_-"", ""PG_UP"", ""PAGE_-"", ""PAGE_\\/"", ""PAGE_--"", ""PAGE_DN"", ""PAGE-"", ""PAGE_+"", ""PAGE_DOWN"", ""PG_DOWN"", ""REPLAY"", ""RE-PLAY"", ""BACKUP"", ""JUMP"", ""BACK"", ""INSTANT_REPLAY"", ""MUSIC"", ""PIPTG"", ""PPV"", ""PREVIOUS"", ""RETURN"", ""LIST"", ""MY_DVR"", ""P-SWP"", ""DVR"", ""DVR_LIST"", ""LIVE_TV"", ""LIVE"", ""LOCKOUT"", ""LV-TV"", ""P-MOVE"", ""FIOS_TV"", ""SKIP30"", ""30_SECOND_SKIP"", ""SKIP_FORWARD"", ""NEXT"", ""ASPECT"", ""ENTER"", ""HD_ZOOM"", ""*"", ""HD_ZOOM_ENTER"", ""OPTIONS"", ""WIDGETS"", ""DVD""]","[""NECext""]","[""00 00 00 00""]",device_family,0.58,"[""modelo/família identificável com conjunto amplo""]","[""modelo de baixa confiança foi tratado como evidência estrutural"", ""muitos nomes compartilham a mesma intenção"", ""nomes de comandos reais não chegaram ao classificador"", ""protocolos reais não chegaram ao classificador"", ""sequência numerada pode indicar codeset ou bruteforce""]","[""50 maiores quantidades de comandos"", ""50 maiores repetições de nomes""]"
d0f5acd8ac0948af,"_Converted_/CSV/O/Onkyo/Receiver/210,109.ir","210,109.ir",Converted/CSV,Onkyo,"210,109",256,"[""TUNER_PRESET_>"", ""TUNER_STATION_+_(CH)"", ""PRESETUP"", ""TUNER_PRESET_+"", ""PRESET_+"", ""CH+"", ""TUNER_PRESET_^"", ""TUNER_PRESET_<"", ""TUNER_STATION_-_(CH)"", ""PRESETDOWN"", ""TUNER_PRESET_-"", ""PRESET_-"", ""CH-"", ""TUNER_PRESET_V"", ""VOLUME_UP"", ""VOLUME_^"", ""VOLUP"", ""VOL+"", ""MASTER_VOLUME_UP"", ""MASTER_VOL_UP"", ""VOLUME_DOWN"", ""VOLUME_V"", ""VOLDOWN"", ""VOL-"", ""MASTER_VOLUME_DOWN"", ""MASTER_VOL_DOWN"", ""POWER"", ""POWER_(MAIN)"", ""POWER"", ""POWER_(RCVR)"", ""MUTING"", ""AUDIO_MUTING"", ""MUTING_/_REMOTE_SPKR"", ""AUX-1"", ""TAPE-2"", ""TAPE_2"", ""T2"", ""TAPE-1"", ""TAPE/DAT_(+10)"", ""TAPE_1"", ""T1"", ""CD"", ""CD_(12)"", ""PHONO"", ""TUNER"", ""DAT"", ""VCR-2"", ""VIDEO-2_(9)"", ""V3"", ""VIDEO_3"", ""VIDEO-2"", ""VIDEO-3"", ""VIDEO_2"", ""VCR-1/VDP"", ""VIDEO-1_(8)"", ""V2"", ""VIDEO_2"", ""VIDEO-1"", ""VIDEO-2"", ""VIDEO_1"", ""VDP_(6)"", ""V1"", ""VIDEO_1"", ""VIDEO-3"", ""VIDEO-1"", ""VIDEO_3"", ""AUX-2"", ""DBS_(7)"", ""DECKB_STOP_[]"", ""TAPE1_DECKB_STOP_[]"", ""DECK-B_STOP_[]"", ""DECKB_STOP[]"", ""DECKB/DAT_STOP_[]"", ""DECK_B_STOP_[]"", ""DECKB_PLAY_>"", ""TAPE1_DECKB_PLAY_>"", ""DECK-B_PLAY_>"", ""DECKB_PLAY>"", ""DECKB/DAT_PLAY_>"", ""DECK_B_PLAY_>"", ""DECKB_R.PLAY_<"", ""DECKB_PLAY_REV_<"", ""DECKB_REV_PLAY_(<<)"", ""TAPE1_DECKB_REV_PLAY"", ""DECK-B_R.PLAY_<"", ""DECKB_REV_PLAY_<"", ""DECKB_PLAY<"", ""DECKB/DAT_REV_PLAY_<"", ""DECK_B_PLAY_REV_<"", ""DECKB_REC/PAUSE"", ""TAPE1_DECKB_REC/PAUS"", ""DECK-B_REC/PAUSE"", ""DECKB/DAT_REC/PAUSE"", ""DECK_B_REC/PAUSE"", ""DECKB_FFWD_>>"", ""DECKB_FF_>>"", ""DECKB_>>"", ""TAPE1_DECKB_FFWD_>>"", ""DECK-B_FFWD_>>"", ""DECKB_FFWD>>"", ""DECKB/DAT_FWD_>>"", ""DECK_B_FFWD_>>"", ""DECKB_REW_<<"", ""DECKB_<<"", ""TAPE1_DECKB_REW_<<"", ""DECK-B_REW_<<"", ""DECKB/DAT_REW_<<"", ""DECK_B_REW_<<"", ""CD_PLAY_>"", ""CD_PLAY>"", ""CD_STOP_[]"", ""CD_STOP[]"", ""CD_SKIP_>>"", ""CD_>>"", ""CD_SKIP_FWD_>>"", ""CD_SKIP_<<"", ""CD_<<"", ""CD_SKIP_REV_<<"", ""CD_PAUSE_"", ""REAR_LEVEL_^"", ""REAR_BALANCE_UP"", ""REAR_LEVEL_UP"", ""REAR/SIMUL_UP"", ""REAR_LEVEL_V"", ""REAR_BALANCE_DOWN"", ""REAR_LEVEL_DOWN"", ""REAR/SIMUL_DOWN"", ""2/DIRECT"", ""TUNER_CLASS"", ""GROUP"", ""CLASS"", ""TUNER_GROUP"", ""SURROUND_MODE"", ""SUR_MODE"", ""DOLBY_SURROUND"", ""SURR_MODE"", ""SURR_DELAY_MODE"", ""SURR_MODE_>"", ""DECKA_STOP_[]"", ""TAPE1_DECKA_STOP_[]"", ""DECK-A_STOP_[]"", ""DECKA_STOP[]"", ""DECK_A_STOP[]"", ""DECKA_PLAY_>"", ""TAPE1_DECKA_PLAY_>"", ""DECK-A_PLAY_>"", ""DECKA_PLAY>"", ""DECK_A_PLAY>"", ""DECKA_R.PLAY_<"", ""DECKA_PLAY_REV_<"", ""DECKA_REV_PLAY_(POW)"", ""TAPE1_DECKA_REV_PLAY"", ""DECK-A_R.PLAY_<"", ""DECKA_REV_PLAY_<"", ""DECKA_PLAY<"", ""DECK_A_PLAY_REV<"", ""DECKA_REC/PAUSE"", ""TAPE1_DECKA_REC/PAUS"", ""DECK-A_REC/PAUSE"", ""DECK_A_REC/PAUSE"", ""DECKA_FFWD_>>"", ""DECKA_FF_>>"", ""DECKA_>>"", ""TAPE1_DECKA_FFWD_>>"", ""DECK-A_FFWD_>>"", ""DECKA_FWD_>>"", ""DECK_A_FFWD>>"", ""DECKA_REW_<<"", ""DECKA_<<"", ""TAPE1_DECKA_REW_<<"", ""DECK-A_REW_<<"", ""DECK_A_REW<<"", ""DELAY_TIME"", ""SURR_DELAY_TIME"", ""SPEAKERS_A"", ""7/SP_A"", ""SPEAKERS_MAIN"", ""MAIN_SPEAKERS"", ""SPEAKERS_B"", ""8/SP_B"", ""SPEAKERS_SUB_ROOM"", ""REMOTE_SPEAKERS"", ""SPEAKERS_REMOTE"", ""CD_DISC"", ""CD_DISK_(POWER)"", ""SLEEP"", ""PHONO_PLAY/REJECT"", ""CENTER_LEVEL_^"", ""CENTER_UP"", ""CENTER_LEVEL_UP"", ""CENTER_LEVEL_V"", ""CENTER_DOWN"", ""CENTER_LEVEL_DOWN"", ""CURSOR_^"", ""CURSOR_UP"", ""MENU_UP"", ""CURSOR_V"", ""CURSOR_DOWN"", ""MENU_DOWN"", ""CURSOR_<"", ""CURSOR_LEFT"", ""MENU_LEFT"", ""CURSOR_>"", ""CURSOR_RIGHT"", ""MENU_RIGHT"", ""CD_>>"", ""CD_<<"", ""DAT_PLAY_>"", ""DAT_REC/PAUSE"", ""DAT_REC/PAUSE_O/"", ""DAT_STOP_[]"", ""DAT_>>"", ""DAT_SRCH_FWD_>>"", ""DAT_<<_(<)"", ""DAT_SRCH_REV_<<"", ""CD_EJECT"", ""DIMMER"", ""0/DIMMER"", ""CURSOR_ENTER/ESCAPE"", ""ENTER"", ""MENU_ENTER"", ""ENTER/ESCAPE"", ""CENTER_OFF/ON"", ""TEST_TONE"", ""TEST_MENU"", ""TEST"", ""SURR_FUNC_TEST"", ""SURR_FUNCT_TEST"", ""SURR_TEST_TONE"", ""VIDEO-4_(11)"", ""VIDEO_6"", ""VIDEO-3_(10)"", ""VIDEO_5"", ""V4"", ""VIDEO-4"", ""VIDEO_4"", ""REAR_BALANCE_L"", ""REAR/SIMUL_L_BALANCE"", ""REAR_BALANCE_R"", ""REAR/SIMUL_R_BALANCE"", ""MULTI_SOURCE_LVL_^"", ""MULTI_SOURCE_^"", ""MULTI_SOURCE_LVL_V"", ""MULTI_SOURCE_V"", ""DAT_>>"", ""DAT_FFWD_>>"", ""DAT_<<"", ""DAT_REW_<<"", ""ENTER/ZONE_2"", ""MULTI_SOURCE"", ""SIMUL_SOURCE"", ""1/6_(1)"", ""2/7_(2)"", ""3/8_(3)"", ""4/9_(4)"", ""5/10_(5)""]","[""NECext""]","[""D2 6D 00 00""]",device_family,0.58,"[""modelo/família identificável com conjunto amplo""]","[""modelo de baixa confiança foi tratado como evidência estrutural"", ""muitos nomes compartilham a mesma intenção"", ""nomes de comandos reais não chegaram ao classificador"", ""protocolos reais não chegaram ao classificador"", ""sequência numerada pode indicar codeset ou bruteforce""]","[""50 maiores quantidades de comandos""]"
2894bd79b2eb1921,"_Converted_/CSV/P/PHAST/PLR-IR1/85,-1.ir","85,-1.ir",Converted/CSV,PHAST,"85,-1",132,"[""Z_-_RECORD"", ""Z_-_RECORD"", ""Z_-_RECORD"", ""Z_-_RECORD"", ""7"", ""7"", ""7"", ""7"", ""6"", ""6"", ""6"", ""6"", ""INFO"", ""INFO"", ""INFO"", ""INFO"", ""CURSOR_-_RIGHT"", ""CURSOR_-_RIGHT"", ""CURSOR_-_RIGHT"", ""CURSOR_-_RIGHT"", ""VOL-_MUTE"", ""VOL-_MUTE"", ""VOL-_MUTE"", ""VOL-_MUTE"", ""Z_-_FAST_REWIND"", ""Z_-_FAST_REWIND"", ""Z_-_FAST_REWIND"", ""Z_-_FAST_REWIND"", ""Z_-_PAUSE"", ""Z_-_PAUSE"", ""Z_-_PAUSE"", ""Z_-_PAUSE"", ""8"", ""8"", ""8"", ""8"", ""1"", ""1"", ""1"", ""1"", ""CANCEL"", ""CANCEL"", ""CANCEL"", ""CANCEL"", ""CURSOR_-_UP"", ""CURSOR_-_UP"", ""CURSOR_-_UP"", ""CURSOR_-_UP"", ""MENU"", ""MENU"", ""MENU"", ""MENU"", ""Z_-_PLAY"", ""Z_-_PLAY"", ""Z_-_PLAY"", ""Z_-_PLAY"", ""ALL_OFF"", ""ALL_OFF"", ""ALL_OFF"", ""ALL_OFF"", ""9"", ""9"", ""9"", ""9"", ""2"", ""2"", ""2"", ""2"", ""CURSOR_-_DOWN"", ""CURSOR_-_DOWN"", ""CURSOR_-_DOWN"", ""CURSOR_-_DOWN"", ""VOL-_DOWN"", ""VOL-_DOWN"", ""VOL-_DOWN"", ""VOL-_DOWN"", ""Z_-_FAST_FORWARD"", ""Z_-_FAST_FORWARD"", ""Z_-_FAST_FORWARD"", ""Z_-_FAST_FORWARD"", ""0"", ""0"", ""0"", ""0"", ""4"", ""4"", ""4"", ""4"", ""3"", ""3"", ""3"", ""3"", ""CURSOR_-_LEFT"", ""CURSOR_-_LEFT"", ""CURSOR_-_LEFT"", ""CURSOR_-_LEFT"", ""GUIDE"", ""GUIDE"", ""GUIDE"", ""GUIDE"", ""PHAST"", ""PHAST"", ""PHAST"", ""PHAST"", ""Z_-_STOP"", ""Z_-_STOP"", ""Z_-_STOP"", ""Z_-_STOP"", ""RECALL"", ""RECALL"", ""RECALL"", ""RECALL"", ""5"", ""5"", ""5"", ""5"", ""SOURCE"", ""SOURCE"", ""SOURCE"", ""SOURCE"", ""CURSOR_-_ENTER"", ""CURSOR_-_ENTER"", ""CURSOR_-_ENTER"", ""CURSOR_-_ENTER"", ""VOL-_UP"", ""VOL-_UP"", ""VOL-_UP"", ""VOL-_UP"", ""POWER"", ""POWER"", ""POWER"", ""POWER""]","[""NECext""]","[""55 00 00 00""]",device_family,0.58,"[""modelo/família identificável com conjunto amplo""]","[""modelo de baixa confiança foi tratado como evidência estrutural"", ""muitos nomes compartilham a mesma intenção"", ""nomes de comandos reais não chegaram ao classificador"", ""protocolos reais não chegaram ao classificador"", ""sequência numerada pode indicar codeset ou bruteforce""]","[""50 maiores repetições de nomes"", ""50 nomes ou comandos com sequências numéricas""]"
7c0979c0d9400664,"_Converted_/CSV/P/Philips/Digital_Recorder/133,48.ir","133,48.ir",Converted/CSV,Philips,"133,48",310,"[""TIVO"", ""TIVO"", ""TIVO"", ""TIVO"", ""TIVO"", ""TIVO"", ""TIVO"", ""TIVO"", ""TIVO"", ""TIVO"", ""LIVE_TV_/_GUIDE"", ""LIVE_TV_/_GUIDE"", ""LIVE_TV_/_GUIDE"", ""LIVE_TV_/_GUIDE"", ""LIVE_TV_/_GUIDE"", ""LIVE_TV_/_GUIDE"", ""LIVE_TV_/_GUIDE"", ""LIVE_TV_/_GUIDE"", ""LIVE_TV_/_GUIDE"", ""LIVE_TV_/_GUIDE"", ""CURSOR_UP"", ""CURSOR_UP"", ""CURSOR_UP"", ""CURSOR_UP"", ""CURSOR_UP"", ""CURSOR_UP"", ""CURSOR_UP"", ""CURSOR_UP"", ""CURSOR_UP"", ""CURSOR_UP"", ""CURSOR_RIGHT"", ""CURSOR_RIGHT"", ""CURSOR_RIGHT"", ""CURSOR_RIGHT"", ""CURSOR_RIGHT"", ""CURSOR_RIGHT"", ""CURSOR_RIGHT"", ""CURSOR_RIGHT"", ""CURSOR_RIGHT"", ""CURSOR_RIGHT"", ""CURSOR_DOWN"", ""CURSOR_DOWN"", ""CURSOR_DOWN"", ""CURSOR_DOWN"", ""CURSOR_DOWN"", ""CURSOR_DOWN"", ""CURSOR_DOWN"", ""CURSOR_DOWN"", ""CURSOR_DOWN"", ""CURSOR_DOWN"", ""CURSOR_LEFT"", ""CURSOR_LEFT"", ""CURSOR_LEFT"", ""CURSOR_LEFT"", ""CURSOR_LEFT"", ""CURSOR_LEFT"", ""CURSOR_LEFT"", ""CURSOR_LEFT"", ""CURSOR_LEFT"", ""CURSOR_LEFT"", ""THUMBS_DOWN"", ""THUMBS_UP"", ""THUMBS_DOWN"", ""THUMBS_DOWN"", ""THUMBS_DOWN"", ""THUMBS_DOWN"", ""THUMBS_DOWN"", ""THUMBS_DOWN"", ""THUMBS_DOWN"", ""THUMBS_DOWN"", ""SELECT"", ""SELECT"", ""SELECT"", ""SELECT"", ""SELECT"", ""SELECT"", ""SELECT"", ""SELECT"", ""SELECT"", ""SELECT"", ""THUMBS_UP"", ""THUMBS_DOWN"", ""THUMBS_UP"", ""THUMBS_UP"", ""THUMBS_UP"", ""THUMBS_UP"", ""THUMBS_UP"", ""THUMBS_UP"", ""THUMBS_UP"", ""THUMBS_UP"", ""CHANNEL_+"", ""CHANNEL_+"", ""CHANNEL_+"", ""CHANNEL_+"", ""CHANNEL_+"", ""CHANNEL_+"", ""CHANNEL_+"", ""CHANNEL_+"", ""CHANNEL_+"", ""CHANNEL_+"", ""CHANNEL_-"", ""CHANNEL_-"", ""CHANNEL_-"", ""CHANNEL_-"", ""CHANNEL_-"", ""CHANNEL_-"", ""CHANNEL_-"", ""CHANNEL_-"", ""CHANNEL_-"", ""CHANNEL_-"", ""RECORD"", ""RECORD"", ""RECORD"", ""RECORD"", ""RECORD"", ""RECORD"", ""RECORD"", ""RECORD"", ""RECORD"", ""RECORD"", ""PLAY"", ""PLAY"", ""PLAY"", ""PLAY"", ""PLAY"", ""PLAY"", ""PLAY"", ""PLAY"", ""PLAY"", ""PLAY"", ""BACK"", ""BACK"", ""BACK"", ""BACK"", ""BACK"", ""BACK"", ""BACK"", ""BACK"", ""BACK"", ""BACK"", ""PAUSE"", ""PAUSE"", ""PAUSE"", ""PAUSE"", ""PAUSE"", ""PAUSE"", ""PAUSE"", ""PAUSE"", ""PAUSE"", ""PAUSE"", ""FWD"", ""FWD"", ""FWD"", ""FWD"", ""FWD"", ""FWD"", ""FWD"", ""FWD"", ""FWD"", ""FWD"", ""SLOW_MOTION"", ""SLOW_MOTION"", ""SLOW_MOTION"", ""SLOW_MOTION"", ""SLOW_MOTION"", ""SLOW_MOTION"", ""SLOW_MOTION"", ""SLOW_MOTION"", ""SLOW_MOTION"", ""SLOW_MOTION"", ""INSTANT_REPLAY"", ""INSTANT_REPLAY"", ""INSTANT_REPLAY"", ""INSTANT_REPLAY"", ""INSTANT_REPLAY"", ""INSTANT_REPLAY"", ""INSTANT_REPLAY"", ""INSTANT_REPLAY"", ""INSTANT_REPLAY"", ""INSTANT_REPLAY"", ""RETURN_TO_LIVE_TV"", ""RETURN_TO_LIVE_TV"", ""RETURN_TO_LIVE_TV"", ""RETURN_TO_LIVE_TV"", ""RETURN_TO_LIVE_TV"", ""RETURN_TO_LIVE_TV"", ""RETURN_TO_LIVE_TV"", ""RETURN_TO_LIVE_TV"", ""RETURN_TO_LIVE_TV"", ""RETURN_TO_LIVE_TV"", ""1"", ""1"", ""1"", ""1"", ""1"", ""1"", ""1"", ""1"", ""1"", ""1"", ""2"", ""2"", ""2"", ""2"", ""2"", ""2"", ""2"", ""2"", ""2"", ""2"", ""3"", ""3"", ""3"", ""3"", ""3"", ""3"", ""3"", ""3"", ""3"", ""3"", ""4"", ""4"", ""4"", ""4"", ""4"", ""4"", ""4"", ""4"", ""4"", ""4"", ""5"", ""5"", ""5"", ""5"", ""5"", ""5"", ""5"", ""5"", ""5"", ""5"", ""6"", ""6"", ""6"", ""6"", ""6"", ""6"", ""6"", ""6"", ""6"", ""6"", ""7"", ""7"", ""7"", ""7"", ""7"", ""7"", ""7"", ""7"", ""7"", ""7"", ""8"", ""8"", ""8"", ""8"", ""8"", ""8"", ""8"", ""8"", ""8"", ""8"", ""9"", ""9"", ""9"", ""9"", ""9"", ""9"", ""9"", ""9"", ""9"", ""9"", ""0"", ""0"", ""0"", ""0"", ""0"", ""0"", ""0"", ""0"", ""0"", ""0"", ""CLEAR"", ""CLEAR"", ""CLEAR"", ""CLEAR"", ""CLEAR"", ""CLEAR"", ""CLEAR"", ""CLEAR"", ""CLEAR"", ""CLEAR"", ""ENTER"", ""ENTER"", ""ENTER"", ""ENTER"", ""ENTER"", ""ENTER"", ""ENTER"", ""ENTER"", ""ENTER"", ""ENTER""]","[""NECext""]","[""85 30 00 00""]",device_family,0.58,"[""modelo/família identificável com conjunto amplo""]","[""modelo de baixa confiança foi tratado como evidência estrutural"", ""muitos nomes compartilham a mesma intenção"", ""nomes de comandos reais não chegaram ao classificador"", ""protocolos reais não chegaram ao classificador"", ""sequência numerada pode indicar codeset ou bruteforce""]","[""50 maiores quantidades de comandos"", ""50 maiores repetições de nomes"", ""50 nomes ou comandos com sequências numéricas""]"
9534056b75894b2e,"_Converted_/CSV/P/Pioneer/DVD_Player/163,-1.ir","163,-1.ir",Converted/CSV,Pioneer,"163,-1",125,"[""STOP"", ""CURSOR_DOWN"", ""STOP"", ""1"", ""Unknown"", ""0"", ""2"", ""3"", ""4"", ""5"", ""6"", ""7"", ""8"", ""9"", ""+10"", ""ANGLE"", ""AUDIO"", ""CLEAR"", ""CONDITION_MEMORY"", ""DISPLAY"", ""DOWN"", ""ENTER"", ""LAST_MEMORY"", ""LEFT"", ""MENU"", ""OPEN/CLOSE"", ""POWER"", ""PROGRAM"", ""RANDOM"", ""REPEAT"", ""REPEAT_A-B"", ""RETURN"", ""RIGHT"", ""SEARCH_MODE"", ""SET_UP"", ""SLOW_MOTION_-"", ""SLOW_MOTION_+"", ""SUB_TITLE"", ""TOP_MENU"", ""UP"", ""ANGLE"", ""Unknown"", ""ASPECT"", ""AUDIO_MODE"", ""CHAPTER/TIME"", ""DISPLAY"", ""MENU"", ""POWER"", ""RETURN"", ""STEP<<"", ""STEP>>"", ""SUBTITLE"", ""TITLE"", ""0"", ""1"", ""2"", ""3"", ""4"", ""5"", ""6"", ""7"", ""8"", ""9"", ""+10"", ""A-B"", ""CLEAR"", ""CONDITION_MEMORY"", ""CURSOR_DOWN"", ""CURSOR_LEFT"", ""CURSOR_RIGHT"", ""CURSOR_UP"", ""ENTER"", ""LAST_MEMORY"", ""OPEN/CLOSE"", ""PROGRAM"", ""RANDOM"", ""REPEAT"", ""SEARCH_MODE"", ""SETUP"", ""SLOW_-"", ""SLOW_+"", ""TOP_MENU"", ""CHP/TIME"", ""CONDITION"", ""DISC_SIDE"", ""LAST_MEMO"", ""MODE"", ""SIDE_A/B"", ""AUDIO"", ""DOWNV"", ""LEFT<"", ""RIGHT>"", ""STEP<"", ""STEP>"", ""UP^"", ""POWER_OFF"", ""POWER_ON"", ""FORWARD"", ""CURSOR_RIGHT"", ""SCAN_>>"", ""SKIP_>>"", ""FRAME_>>"", ""SEARCH_>>"", ""REVERSE"", ""CURSOR_LEFT"", ""SCAN_<<"", ""SKIP_<<"", ""FRAME_<<"", ""SEARCH_<<"", ""NEXT"", ""SKIP_>>"", ""NEXT_>>"", ""NEXT"", ""TRACK>"", ""PREVIOUS"", ""SKIP_<<"", ""PREVIOUS_<<"", ""PREV"", ""TRACK<"", ""PLAY"", ""ENTER"", ""PLAY"", ""PAUSE"", ""CURSOR_UP"", ""PAUSE""]","[""NECext""]","[""A3 00 00 00""]",device_family,0.58,"[""modelo/família identificável com conjunto amplo""]","[""modelo de baixa confiança foi tratado como evidência estrutural"", ""muitos nomes compartilham a mesma intenção"", ""nomes de comandos reais não chegaram ao classificador"", ""protocolos reais não chegaram ao classificador"", ""sequência numerada pode indicar codeset ou bruteforce""]","[""50 maiores repetições de nomes""]"
d77c03dd6b6474c1,"_Converted_/CSV/P/Pioneer/DVD_Player/175,-1.ir","175,-1.ir",Converted/CSV,Pioneer,"175,-1",76,"[""Unknown"", ""Unknown"", ""Unknown"", ""Unknown"", ""Unknown"", ""Unknown"", ""Unknown"", ""Unknown"", ""Unknown"", ""Unknown"", ""Unknown"", ""Unknown"", ""Unknown"", ""Unknown"", ""Unknown"", ""Unknown"", ""Unknown"", ""Unknown"", ""Unknown"", ""Unknown"", ""Unknown"", ""Unknown"", ""Unknown"", ""Unknown"", ""Unknown"", ""Unknown"", ""Unknown"", ""Unknown"", ""Unknown"", ""Unknown"", ""Unknown"", ""Unknown"", ""Unknown"", ""Unknown"", ""Unknown"", ""Unknown"", ""Unknown"", ""Unknown"", ""Unknown"", ""Unknown"", ""Unknown"", ""Unknown"", ""Unknown"", ""Unknown"", ""Unknown"", ""Unknown"", ""Unknown"", ""Unknown"", ""Unknown"", ""Unknown"", ""Unknown"", ""Unknown"", ""Unknown"", ""Unknown"", ""Unknown"", ""Unknown"", ""Unknown"", ""Unknown"", ""Unknown"", ""Unknown"", ""Unknown"", ""Unknown"", ""Unknown"", ""Unknown"", ""Unknown"", ""Unknown"", ""Unknown"", ""Unknown"", ""Unknown"", ""Unknown"", ""Unknown"", ""Unknown"", ""Unknown"", ""Unknown"", ""Unknown"", ""Unknown""]","[""NECext""]","[""AF 00 00 00""]",specific_device,0.72,"[""modelo identificável e conjunto coerente""]","[""modelo de baixa confiança foi tratado como evidência estrutural"", ""muitos nomes compartilham a mesma intenção"", ""nomes de comandos reais não chegaram ao classificador"", ""protocolos reais não chegaram ao classificador""]","[""50 maiores repetições de nomes""]"
17a7ddabbb7bc302,"_Converted_/CSV/S/Sony/CD_Player/17,-1.ir","17,-1.ir",Converted/CSV,Sony,"17,-1",164,"[""TRACK_1"", ""1"", ""1/&!?"", ""TRACK_2"", ""2"", ""2/ABC"", ""TRACK_3"", ""3"", ""3/DEF"", ""TRACK_4"", ""4"", ""4/GHI"", ""TRACK_5"", ""5"", ""5/JKL"", ""TRACK_6"", ""6"", ""6/MNO"", ""TRACK_7"", ""7"", ""7/PRS"", ""TRACK_8"", ""8"", ""8/TUV"", ""TRACK_9"", ""9"", ""9/WXY"", ""ENTER"", ""CHECK"", ""CLEAR"", ""CLEAR_PROGRAM"", ""CLEAR_REPEAT"", ""TRACK_17"", ""17"", ""TRACK_18"", ""18"", ""LINE_OUT_+"", ""VOL-_UP"", ""LINE_LEVEL_OUT_+"", ""LINE_VOL_+"", ""LINE_OUT_-"", ""VOL-_DOWN"", ""LINE_LEVEL_OUT_-"", ""LINE_VOL_-"", ""POWER"", ""OPEN/CLOSE"", ""TRAY"", ""TRACK_19"", ""19"", ""SORT"", ""CONTINUE"", ""CONTINUE_PLAY"", ""SINGLE"", ""PROGRAM"", ""PROGRAM_PLAY"", ""TRACK_10"", ""10"", ""0"", ""10/0"", ""10/0/QZ"", ""TRACK_11"", ""11"", ""TRACK_12"", ""12"", ""TRACK_13"", ""13"", ""TRACK_14"", ""14"", ""TRACK_15"", ""15"", ""TRACK_16"", ""16"", ""+10"", "">10"", "">20"", ""TIME"", ""TIME/TEXT/SPACE"", ""TIME/TEXT"", ""TRACK_20"", ""20"", ""REPEAT_A-B"", ""A_-_B"", ""REPEAT"", ""CLEAR_REPEAT"", ""<<_TRACK"", ""AMS<<"", ""SKIP_<<"", ""Z_-_TRACK_(_-_)"", "">>_TRACK"", ""AMS>>"", ""SKIP_>>"", ""Z_-_TRACK_(_+_)"", ""PLAY"", ""Z_-_PLAY"", ""<<_SCAN"", ""SEARCH_<<"", ""Z_-_FAST_REWIND"", ""<<_SCAN_FAST"", "">>_SCAN"", ""SEARCH_>>"", ""Z_-_FAST_FORWARD"", "">>_SCAN_FAST"", ""SHUFFLE"", ""SHUFFLE_PLAY"", ""INDEX_<<"", ""INDEX_>>"", ""STOP"", ""Z_-_STOP"", ""PAUSE"", ""Z_-_PAUSE"", ""SLOW_<<"", ""SLOW_>>"", ""INTRO_SCAN"", ""MUSIC_SCAN"", ""DISC_-"", ""DISK_SKIP_-"", ""DISC_SKIP_-"", ""DISC_SKIP"", ""DISC_+"", ""DISK_SKIP_+"", ""DISC_SKIP_+"", ""HIGH-LIGHT"", ""EXTRA"", ""DISC_1"", ""DISC1"", ""DISC_2"", ""DISC2"", ""DISC_3"", ""DISC3"", ""DISC_4"", ""DISC4"", ""DISC_5"", ""DISC5"", ""DISC_6"", ""DISC_7"", ""DISC_8"", ""DISC_9"", ""DISC_10"", ""DISC/CAPS"", ""DISC_(CAPS)"", ""DISC"", ""TRACK_(SPACE)"", ""TRACK"", ""GROUP_(DELETE)"", ""GROUP"", ""PEAK"", ""DISPLAY"", ""HIT_LIST"", ""SELECT"", ""FLAT"", ""FADER"", ""FADER/DEL"", ""MEMO_INPUT"", ""INPUT"", ""MEMO_SCAN"", ""MEGA_NO_DELAY"", ""MEGA_CONTROL"", ""PLAYER_SELECT"", ""MEGA_X-FADE"", ""CURSOR_UP"", ""CURSOR_DOWN"", ""CURSOR_LEFT"", ""CURSOR_RIGHT"", ""CURSOR_ENTER""]","[""NECext""]","[""11 00 00 00""]",device_family,0.58,"[""modelo/família identificável com conjunto amplo""]","[""modelo de baixa confiança foi tratado como evidência estrutural"", ""muitos nomes compartilham a mesma intenção"", ""nomes de comandos reais não chegaram ao classificador"", ""protocolos reais não chegaram ao classificador"", ""sequência numerada pode indicar codeset ou bruteforce""]","[""50 nomes ou comandos com sequências numéricas""]"
ed714ece915357bf,"_Converted_/CSV/S/Sony/DVD_Player/26,73.ir","26,73.ir",Converted/CSV,Sony,"26,73",205,"[""1"", ""4"", ""STOP"", ""2"", ""0"", ""SEARCH_>>"", ""SIDE_A/B"", ""3"", ""5"", ""SEARCH_<<"", ""SLOW_MOTION_+"", ""4"", ""Unknown"", ""3"", ""9"", ""FRAME_<<"", ""FRAME_>>"", ""PAUSE"", ""PLAY"", ""POWER"", ""5"", ""1"", ""SCAN_>>"", ""6"", ""7"", ""SCAN_<<"", ""SLOW_MOTION_-"", ""8"", ""2"", ""SKIP_>>"", ""9"", ""7"", ""SKIP_<<"", ""0"", ""ENTER"", ""CURSOR_ENTER"", ""EXECUTE"", ""CURSOR_SELECT"", ""MENU_ENTER"", ""RETURN"", ""CLEAR"", ""SEARCH_<<"", ""SEARCH>>"", ""POWER"", ""POWER_ON"", ""POWER_TOGGLE"", ""OPEN/CLOSE"", ""TITLE"", ""TOP_MENU"", ""DVD_MENU"", ""MENU"", ""PROGRAM"", ""SEARCH_<<"", ""SEARCH/STEP_>>"", ""SEARCH_>>"", ""SEARCH_/STEP<<"", ""SCAN_<<"", ""SLOW_<<"", ""SCAN/SLOW_<<"", ""SCAN_/SLOW>>"", ""SCAN_>>"", ""SLOW_>>"", ""SCAN/SLOW_>>"", ""SCAN_/SLOW<<"", ""TIME"", ""TIME/TEXT"", ""TME/TEXT"", ""Unknown"", ""A-B"", ""A_-_B"", ""SIDE_A/B"", ""A<-->B"", ""A<->B"", ""REPEAT"", ""POWER_ON"", ""POWER_ON_(MOST)"", ""POWER_ON_(S7000)"", ""POWER_OFF"", ""POWER_OFF_(MOST)"", ""POWER_OFF_(S7000)"", ""<<PREVIOUS"", ""PREV"", ""PREVIOUS_<<"", ""PREV_<<"", ""PREV."", ""PREV_<<"", ""SKIP_<<"", ""SKIP_<<_(PREV)"", ""PREVIOUS"", ""FRAME_<<"", ""PREV<<"", "">>NEXT"", ""NEXT"", ""NEXT_>>"", ""NEXT_>>"", ""SKIP_>>"", ""SKIP_<<_(NEXT)"", ""FRAME_>>"", ""NEXT>>"", ""PLAY"", ""PLAY_>"", ""SCAN_<<"", ""SCAN_>>"", ""SCAN>>"", ""SHUFFLE"", ""X2_<"", ""X2_>"", ""STOP"", ""PAUSE"", ""Unknown"", ""JOG_CCW"", ""STEP_<<"", ""JOG_-"", ""JOG_CW"", ""STEP_>>"", ""JOG_+"", ""DISC_1"", ""DISC_2"", ""DISC_3"", ""DISC_4"", ""DISC_5"", ""ONE/ALL_DISCS"", "".1/ALL_DISCS"", ""1/ALL_DISCS"", ""1/ALL_DISCS_/_LOAD"", ""BNR"", ""DNR"", ""LOAD"", ""1/ALL_DISCS_/_LOAD"", ""SEARCH_MODE"", ""MEGA"", ""MEGA_CONTROL"", ""MEMO_INPUT"", ""PICTURE_NAVI"", ""EASY_PLAY"", ""SET_UP"", ""MENU"", ""SETUP"", ""DISPLAY"", ""VIDEO_ON/OFF"", ""FL_ON/OFF"", ""BOOK_MARK"", ""DVE"", ""SUR"", ""SURROUND"", ""PICTURE_MODE"", ""REPLAY"", ""INSTANT_REPLAY"", ""STEP<"", ""SACD/CD"", ""SLOW_<<"", ""SLOW_MOTION_<"", ""SLOW_>>"", ""SLOW_MOTION_>"", ""SUBTITLE_ON/OFF"", ""SUB-TITLE_ON/OFF"", ""SUBTITLE_CHANGE"", ""SUBTITLE"", ""SUBTITLE_/_EDIT"", ""SUBTITLE_ON/OFF"", ""SUB-TITLE_CHANGE"", ""AUDIO_CHANGE"", ""AUDIO"", ""AUDIO_/_FILE"", ""AUDIO_MODE"", ""ANGLE_CHANGE"", ""ANGLE"", ""ANGLE_/_SORT"", ""SCAN_<<"", ""FRAME_<<"", ""Unknown"", ""SEARCH_<<"", ""SLOW_MOTION_-"", ""DIAL_CCW"", ""SCAN>>"", ""FRAME_>>"", ""Unknown"", ""SCAN_>>"", ""SEARCH_>>"", ""SLOW_MOTION_+"", ""DIAL_CW"", ""PICTURE_MEMORY"", ""CURSOR_UP"", ""UP"", ""Unknown"", ""MENU_UP"", ""ARROW_UP"", ""CURSOR_DOWN"", ""DOWN"", ""CURSOR_DN"", ""Unknown"", ""MENU_DOWN"", ""ARROW_DOWN"", ""CURSOR_LEFT"", ""LEFT"", ""CURSOR_LF"", ""Unknown"", ""MENU_LEFT"", ""ARROW_LEFT"", ""CURSOR_RIGHT"", ""RIGHT"", ""CURSOR_RT"", ""Unknown"", ""MENU_RIGHT"", ""ARROW_RIGHT""]","[""NECext""]","[""1A 49 00 00""]",device_family,0.58,"[""modelo/família identificável com conjunto amplo""]","[""modelo de baixa confiança foi tratado como evidência estrutural"", ""muitos nomes compartilham a mesma intenção"", ""nomes de comandos reais não chegaram ao classificador"", ""protocolos reais não chegaram ao classificador"", ""sequência numerada pode indicar codeset ou bruteforce""]","[""50 maiores repetições de nomes""]"
00d132bdec609e9d,"_Converted_/CSV/S/Sony/Receiver/36,-1.ir","36,-1.ir",Converted/CSV,Sony,"36,-1",207,"[""ARENA_SURROUND"", ""AUTO_FORMAT_DECODING"", ""Unknown"", ""GAME_SURROUND"", ""JAZZ_CLUB"", ""NIGHT_THEATER"", ""NORMAL_SURROUND"", ""STADIUM"", ""STEREO"", ""THEATER_A"", ""AUTO_FORMAT_DECODE"", ""CENTER_LEVE_L+7_DB"", ""CENTER_LEVEL_-1_DB"", ""CENTER_LEVEL_-2_DB"", ""CENTER_LEVEL_-3_DB"", ""CENTER_LEVEL_-4_DB"", ""CENTER_LEVEL_-5_DB"", ""CENTER_LEVEL_-6_DB"", ""CENTER_LEVEL_-7_DB"", ""CENTER_LEVEL_-8_DB"", ""CENTER_LEVEL_-9_DB"", ""CENTER_LEVEL_-10_DB"", ""CENTER_LEVEL_+1_DB"", ""CENTER_LEVEL_+2_DB"", ""CENTER_LEVEL_+3_DB"", ""CENTER_LEVEL_+4_DB"", ""CENTER_LEVEL_+5_DB"", ""CENTER_LEVEL_+6_DB"", ""CENTER_LEVEL_+8_DB"", ""CENTER_LEVEL_+9_DB"", ""CENTER_LEVEL_+10_DB"", ""CENTERL_LEVEL_0_DB"", ""D._RANGE_0.1"", ""D._RANGE_0.2"", ""D._RANGE_0.3"", ""D._RANGE_0.4"", ""D._RANGE_0.5"", ""D._RANGE_0.6"", ""D._RANGE_0.7"", ""D._RANGE_0.8"", ""D._RANGE_0.9"", ""DOLBY_PROLOGIC"", ""LFE_-_12_DB"", ""LFE_-_13_DB"", ""LFE_-_14_DB"", ""LFE_-_17_DB"", ""LFE_-_18_DB"", ""LFE_-_20_DB"", ""LFE_0_DB"", ""LFE_-1_DB"", ""LFE_-2_DB"", ""LFE_-3_DB"", ""LFE_-4_DB"", ""LFE_-5_DB"", ""LFE_-6_DB"", ""LFE_-7_DB"", ""LFE_-8_DB"", ""LFE_-9_DB"", ""LFE_-10_DB"", ""LFE_-11_DB"", ""LFE_-15_DB"", ""LFE_-19_DB"", ""LFE_-16DB"", ""LFE_MUTING"", ""REAR_BALANCE_CENTER"", ""REAR_BALANCE_L1"", ""REAR_BALANCE_L2"", ""REAR_BALANCE_L3"", ""REAR_BALANCE_L4"", ""REAR_BALANCE_L5"", ""REAR_BALANCE_L6"", ""REAR_BALANCE_L7"", ""REAR_BALANCE_L8_(L)"", ""REAR_BALANCE_R1"", ""REAR_BALANCE_R2"", ""REAR_BALANCE_R3"", ""REAR_BALANCE_R4"", ""REAR_BALANCE_R5"", ""REAR_BALANCE_R6"", ""REAR_BALANCE_R7"", ""REAR_BALANCE_R8_(R)"", ""REVERB_TIME_2"", ""REVERB_TIME_3"", ""REVERB_TIME_4"", ""REVERB_TIME_5"", ""REVERB_TIME_6"", ""REVERB_TIME_7"", ""REVERB_TIME_8"", ""REVERB_TIME_10"", ""REVERB_TIME_11"", ""REVERB_TIME_12"", ""REVERB_TIME_13"", ""REVERB_TIME_14"", ""REVERB_TIME_15"", ""REVERB_TIME_16"", ""REVERB_TIME_17_LONG"", ""REVERB_TIME_9_MID"", ""REVERB_TIME_1_SHORT"", ""SOUNDFIELD_OFF"", ""SUR_EFFECT_STEP_01"", ""SUR_EFFECT_STEP_02"", ""SUR_EFFECT_STEP_03"", ""SUR_EFFECT_STEP_04"", ""SUR_EFFECT_STEP_05"", ""SUR_EFFECT_STEP_06"", ""SUR_EFFECT_STEP_07"", ""SUR_EFFECT_STEP_08"", ""SUR_EFFECT_STEP_09"", ""SUR_EFFECT_STEP_10"", ""SUR_EFFECT_STEP_11"", ""SUR_EFFECT_STEP_12"", ""SUR_EFFECT_STEP_13"", ""SUR_EFFECT_STEP_14"", ""SUR_EFFECT_STEP_15"", ""SUR_EFFECT_STEP_16"", ""SUR_EFFECT_STEP_17"", ""SUR_EFFECT_STEP_18"", ""SUR_EFFECT_STEP_19"", ""SUR_EFFECT_STEP_20"", ""SUR_EFFECT_STEP_21"", ""SUR_VIRT_ENHANCED_A"", ""SUR_VIRT_ENHANCED_B"", ""SUR_VIRT_MULTI_DIMEN"", ""SUR_VIRT_MULTI_REAR"", ""SUR_VIRT_SEMI_THEATA"", ""SUR_VIRT_SEMI_THEATB"", ""SUR_VIRT_SEMI_THEATC"", ""SUR_VIRTSEMI_MULDIM"", ""SUR_WALL_SOFT-HARD01"", ""SUR_WALL_SOFT-HARD02"", ""SUR_WALL_SOFT-HARD03"", ""SUR_WALL_SOFT-HARD04"", ""SUR_WALL_SOFT-HARD05"", ""SUR_WALL_SOFT-HARD06"", ""SUR_WALL_SOFT-HARD07"", ""SUR_WALL_SOFT-HARD08"", ""SUR_WALL_SOFT-HARD09"", ""SUR_WALL_SOFT-HARD10"", ""SUR_WALL_SOFT-HARD11"", ""SUR_WALL_SOFT-HARD12"", ""SUR_WALL_SOFT-HARD13"", ""SUR_WALL_SOFT-HARD14"", ""SUR_WALL_SOFT-HARD15"", ""SUR_WALL_SOFT-HARD16"", ""SUR_WALL_SOFT-HARD17"", ""SURROUND_ARENA"", ""SURROUND_CHURCH"", ""SURROUND_DISCO"", ""SURROUND_JAZZ"", ""SURROUND_LARGE_HALL"", ""SURROUND_LIVE_HOUSE"", ""SURROUND_MOVIE_MONO"", ""SURROUND_MOVIE_STERE"", ""SURROUND_NIGHT_THEAT"", ""SURROUND_NORMAL"", ""SURROUND_OPERA_HOUSE"", ""SURROUND_SMALL_HALL"", ""SURROUND_STADIUM"", ""SURROUND_STUDIO_A"", ""SURROUND_STUDIO_B"", ""SURROUND_STUDIO_C"", ""SURROUND_VIRT_THEATA"", ""SURROUND_VIRT_THEATB"", ""SURROUND_VIRT_THEATC"", ""ANALOG_DIRECT"", ""ARENA"", ""CHURCH"", ""CINEMA_C_STUDIO_EX_B"", ""CINEMA_C_STUDIO_EX_C"", ""CINEMA_STUDIO_A"", ""CINEMA_STUDIO_B"", ""CINEMA_STUDIO_C"", ""GAME"", ""HEADPHONE_THEATER"", ""LARGE_HALL"", ""LIVE_HOUSE"", ""MONO_MOVIE"", ""SEMI_C_STUDIO_A"", ""SMALL_HALL"", ""STEREO_MOVIE"", ""VIRT_ENHANCED_B"", ""VIRTUAL_MATRIX_6.1"", ""VIRTUAL_MULTI_DIMENS"", ""VIRTUAL_MULTI_REAR"", ""2_CH._STEREO"", ""AUTO_DECODE"", ""CINEMA_STUDIO_EX_A"", ""CINEMA_STUDIO_EX_B"", ""CINEMA_STUDIO_EX_C"", ""DIGITAL_CONCERT_A"", ""DIGITAL_CONCERT_B"", ""DISCO/CLUB"", ""EQ_OFF"", ""EQ_PESET_1"", ""EQ_PESET_2"", ""EQ_PESET_3"", ""EQ_PESET_4"", ""EQ_PESET_5"", ""OPERA_HOUSE"", ""SEMI-CINEMA_EX_A"", ""SEMI-CINEMA_EX_B"", ""SEMI-CINEMA_EX_C"", ""VIRTUAL_ENHANCED_A"", ""VIRTUAL_ENHANCED_B"", ""VIRTUAL_MULTI-DIMENS"", ""VIRTUAL_SEMI-MULTI_D"", ""VITUAL_MULTI-REAR""]","[""NECext""]","[""24 00 00 00""]",device_family,0.58,"[""modelo/família identificável com conjunto amplo""]","[""modelo de baixa confiança foi tratado como evidência estrutural"", ""muitos nomes compartilham a mesma intenção"", ""nomes de comandos reais não chegaram ao classificador"", ""protocolos reais não chegaram ao classificador"", ""sequência numerada pode indicar codeset ou bruteforce""]","[""50 maiores repetições de nomes""]"
f93b06e629fa0685,_Converted_/CSV/Y/Yamaha/DVD_Player/124_-1.ir,124_-1.ir,Converted/CSV,Yamaha,124_-1,272,"[""1"", ""POWER"", ""POWER:_TOGGLE"", ""POWER"", ""POWER_ON/OFF"", ""POWER_TOGGLE"", ""POWER_(TOGGLE)"", ""OPEN/CLOSE"", ""FUNCTN:_OPEN/CLOSE"", ""PLAY"", ""FUNCTN:_PLAY"", ""PAUSE"", ""FUNCTN:_PAUSE"", ""PAUSE_(STEP_+)"", ""PAUSE/STOP"", ""STOP"", ""FUNCTN:_STOP"", ""SEARCH/SLOW_REV"", ""SEARCH_<"", ""SEARCH_<<"", ""SCAN_<<"", ""SEARCH_REV"", ""REWIND"", ""FUNCTN:_SEARCH-"", ""SEARCH_-_(<<)"", ""SEARCH_-"", ""SCAN_DOWN"", ""SEARCH/SLOW_FWD"", ""SEARCH_>"", ""SEARCH_>>"", ""SCAN_>>"", ""SEARCH_FWD"", ""FFWD"", ""FUNCTN:_SEARCH+"", ""SEARCH_+_(>>)"", ""SEARCH_+"", ""SCAN_UP"", ""SKIP_<"", ""SKIP_>"", ""FUNCTN:_DISC_SKIP-"", ""DISC_SKIP"", ""FUNCTN:_DISC_SKIP+"", ""INDEX_-"", ""INDEX_+"", ""SLOW_-"", ""SLOW_+"", ""STEP_<"", ""STEP_>"", ""PLAY_/_PAUSE"", ""0"", ""NUMERIC:_0"", ""2"", ""1"", ""NUMERIC:_1"", ""0"", ""2"", ""NUMERIC:_2"", ""1"", ""3"", ""NUMERIC:_3"", ""2"", ""4"", ""NUMERIC:_4"", ""3"", ""5"", ""NUMERIC:_5"", ""4"", ""6"", ""NUMERIC:_6"", ""5"", ""7"", ""NUMERIC:_7"", ""6"", ""8"", ""NUMERIC:_8"", ""7"", ""9"", ""NUMERIC:_9"", ""8"", ""+10"", "">10"", ""9"", ""NUMERIC:_+10/_>10"", ""+10"", ""CLEAR"", ""CANCEL_(CLEAR)"", ""PROG:_CANCEL/CLEAR"", ""CANCEL"", ""TITLE/INDEX"", ""CANCEL/CLEAR"", ""PROGRAM"", ""PROG:_PROGRAM"", ""CANCEL_(CLEAR)"", ""RANDOM"", ""PROG:_RANDOM"", ""PROGRAM"", ""RANDOM"", ""REP_MODE"", ""PROG:_REPEAT_MODE"", ""REPEAT"", ""REPEART_MODE"", ""REPEAT_MODE"", ""REP_A-B"", ""PROG:_REPEAT_A-B"", ""A-B"", ""REPEAR_A-B"", ""REPEAT_A-B"", ""SIDE_A/B"", ""AUTO_SPACE"", ""ON_SCREEN"", ""DISPLAY"", ""SET:_DISPLAY_TOGGLE"", ""DISPLAY_ON/OFF"", ""OSD_TOG"", ""DISPLAY_TOG"", ""ON-SCREEN"", ""STATUS"", ""TIME"", ""SET:_TIME"", ""DIMMER"", ""SET:_DIMMER"", ""SUBTITLE_ON/OFF"", ""SET:_SUBTITLE"", ""SUBTITLE"", ""SUBTITILE_ON/OFF"", ""SUB_TITLE"", ""SUBTITLE"", ""SUBTITLE_2"", ""SETUP"", ""SET:_SETUP"", ""AUDIO"", ""SET:_AUDIO"", ""AUDIO_MODE"", ""ANGLE"", ""SET:_ANGLE"", ""TOP_MENU/_DIR.NAV."", ""TITLE"", ""FUNCTN:_TOP_MENU"", ""TOP_MENU"", ""TOP_MENU/RETURN"", ""RETURN"", ""MENU"", ""FUNCTN:_MENU"", ""CURSOR_DOWN"", ""FUNCTN:_CURSOR_DOWN"", ""DOWN"", ""ARROW_DOWN"", ""CURSOR_UP"", ""FUNCTN:_CURSOR_UP"", ""UP"", ""ARROW_UP"", ""CURSOR_LEFT"", ""FUNCTN:_CURSOR_LEFT"", ""LEFT"", ""ARROW_LEFT"", ""CURSOR_RIGHT"", ""FUNCTN:_CURSOR_RIGHT"", ""RIGHT"", ""ARROW_RIGHT"", ""RETURN"", ""FUNCTN:_RETURN"", ""OK"", ""SELECT_(ENTER)"", ""FUNCTN:_SELECT/ENTER"", ""ENTER"", ""ENTER/SELECT"", ""ENTER/OK"", ""CURSOR_ENTER/OK"", ""SKIP_REV"", ""SKIP_/_SEARCH_<"", ""FUNCTN:_SKIP-"", ""SKIP_<<"", ""SKIP/SEARCH_<"", ""SKIP/SEARCH_REV"", ""SKIP_-"", ""SKIP/SEARCH_-"", ""SKIP_DOWN"", ""SCAN_<<"", ""SKIP_FWD"", ""SKIP_/_SEARCH_>"", ""FUNCTN:_SKIP+"", ""SKIP_>>"", ""SKIP/SEARCH_>"", ""SKIP/SEARCH_FWD"", ""SKIP_+"", ""SKIP/SEARCH_+"", ""SKIP_UP"", ""SCAN_>>"", ""MULTI_SPEED"", ""DISC_MODE"", ""PLAY_MODE"", ""PLAY_MODE:_TOG"", ""POP-UP_MENU"", ""SUB_MENU"", ""DISC_1"", ""FUNCTN:_DISC_1"", ""DISC_2"", ""FUNCTN:_DISC_2"", ""DISC_3"", ""FUNCTN:_DISC_3"", ""DISC_4"", ""FUNCTN:_DISC_4"", ""DISC_5"", ""FUNCTN:_DISC_5"", ""ZOOM"", ""MARKER"", ""SET:_MARKER"", ""VIDEO_ON/OFF"", ""AUDIO_DIRECT"", ""AUDIO_DIRECT_(VID)"", ""SET:_VIDEO_TOGGLE"", ""AUDIO_DIR(VIDON/OFF)"", ""AUDIO_MODE"", ""PROGRESSIVE"", ""SET:_PROGRESSIVE_TOG"", ""TEXT"", ""GROUP_-"", ""GROUP_+"", ""GROUP"", ""SET:_GROUP+"", ""PAGE_-"", ""PAGE-"", ""PAGE_+"", ""PAGE+"", ""SET:_PAGE+"", ""SET:_PLAYER_MODE"", ""MULTI/2CH"", ""SET:_MULTI/2CH"", ""MULTI_/_2CH."", ""SCAN"", ""MUTE"", ""HDMI"", ""HDMI_ON/OFF"", ""INPUT:_USB"", ""FUNCTIONS"", ""A_(RED)"", ""B_(GREEN)"", ""C_(BLUE)"", ""D_(YELLOW)"", ""PIP"", ""SECONDARY_AUDIO"", ""BD/SD"", ""PLAY_MODE:_NORMAL"", ""NORMAL_PLAY_MODE"", ""PLAY_MODE_NORMAL"", ""PLAYMODE_-_NORMAL"", ""PLAY_MODE_-_NORMAL"", ""PLAY_-_NORMAL"", ""PLAY_MODE:_RANDOM"", ""RANDOM_PLAY_MODE"", ""PLAY_MODE_RANDOM"", ""PLAYMODE_-_RANDOM"", ""PLAY_MODE_-_RANDOM"", ""PLAY_-_RANDOM"", ""PLAY_MODE:_PROGRAM"", ""PROGRAM_MODE"", ""PLAY_MODE_PROGRAM"", ""PLAY_MODE_-_PROGRAM"", ""PLAY_-_PROGRAM"", ""PROG:_REPEAT_OFF"", ""REPEAT_MODE_OFF"", ""REPEAT_OFF"", ""PROG:_REPEAT_ALL"", ""ALL_DISC_REPEAT"", ""REPEAT_ALL"", ""POWER_ON"", ""POWER:_ON"", ""REPEAT_OFF"", ""POWER"", ""POWER_OFF"", ""POWER:_OFF"", ""STANDBY""]","[""NECext""]","[""7C 00 00 00""]",device_family,0.58,"[""modelo/família identificável com conjunto amplo""]","[""modelo de baixa confiança foi tratado como evidência estrutural"", ""muitos nomes compartilham a mesma intenção"", ""nomes de comandos reais não chegaram ao classificador"", ""protocolos reais não chegaram ao classificador"", ""sequência numerada pode indicar codeset ou bruteforce""]","[""50 maiores quantidades de comandos"", ""50 nomes ou comandos com sequências numéricas""]"
d81c91cb56d9ca55,_Converted_/CSV/Y/Yamaha/Projector/209_-1.ir,209_-1.ir,Converted/CSV,Yamaha,209_-1,166,"[""V.POS"", ""V.POS_UP"", ""V.POS_DOWN"", ""ZOOM"", ""ZOOM_UP"", ""ZOOM_DOWN"", ""FOCUS"", ""FOCUS_UP"", ""FOCUS_DOWN"", ""IRIS"", ""IRIS_UP"", ""IRIS_DOWN"", ""ASPECT_CINEMA_ZOOM"", ""ASPECT_CIN_SQUEEZE"", ""ASPECT_CIN_16:9_ZOOM"", ""POWER_OFF"", ""POWER_ON"", ""POWER_TOGGLE"", ""AUTO"", ""HIDE_OFF"", ""HIDE_ON"", ""HIDE_TOG"", ""PATTERN_OFF"", ""PATTERN_ON"", ""PATTERN_TOG"", ""RESET"", ""CURSOR_UP"", ""CURSOR_DOWN"", ""CURSOR_LEFT"", ""CURSOR_RIGHT"", ""SELECT"", ""MENU_OFF"", ""MENU_ON"", ""MENU_TOG"", ""ESCAPE"", ""INPUT_TOG"", ""S_VIDEO"", ""VIDEO"", ""INPUT_A"", ""INPUT_B"", ""HDMI"", ""D4"", ""STILL_OFF"", ""STILL_ON"", ""STILL_TOG"", ""MEMORY_1"", ""MEMORY_2"", ""MEMORY_3"", ""MEMORY_4"", ""MEMORY_5"", ""MEMORY_6"", ""ASPECT"", ""ASPECT_NORMAL"", ""ASPECT_ZOOM"", ""ASPECT_ZOOM_TITLE"", ""ASPECT_SQUEEZE"", ""ASPECT_THROUGH"", ""ASPECT_AUTO"", ""ASPECT_THRU_SQUEEZE"", ""ASPECT_SMART_ZOOM"", ""INPUT_A_COMPONENT"", ""INPUT_A_RGB_PC"", ""INPUT_A_RGB_TV"", ""INPUT_B_COMPONENT"", ""INPUT_B_RGB_PC"", ""INPUT_B_RGB_TV"", ""HDMI_COMPONENT"", ""HDMI_RGB_TV"", ""HDMI_AUTO"", ""V.POS"", ""V.POS_UP"", ""V.POS_DOWN"", ""ZOOM"", ""ZOOM_UP"", ""ZOOM_DOWN"", ""FOCUS"", ""FOCUS_UP"", ""FOCUS_DOWN"", ""IRIS"", ""IRIS_UP"", ""IRIS_DOWN"", ""ASPECT_CINEMA_ZOOM"", ""ASPECT_CIN_SQUEEZE"", ""ASPECT_CIN_16:9_ZOOM"", ""DVI_RGB-PC"", ""DVI_RGB-TV"", ""POWER_OFF"", ""POWER_ON"", ""POWER"", ""POWER_TOGGLE"", ""AUTO"", ""HIDE_OFF"", ""HIDE_ON"", ""HIDE"", ""HIDE_TOG"", ""PATTERN_OFF"", ""PATTERN_ON"", ""PATT"", ""PATTERN_TOG"", ""PATTERN"", ""RESET"", ""CURSOR_UP"", ""ARROW_UP"", ""CURSOR_DOWN"", ""ARROW_DOWN"", ""CURSOR_LEFT"", ""-"", ""CURSOR_RIGHT"", ""+"", ""CURSOR_SELECT"", ""SELECT"", ""RETURN_<--"", ""MENU_OFF"", ""MENU_ON"", ""MENU"", ""MENU_TOG"", ""DVI"", ""ESCAPE"", ""INPUT"", ""INPUT_TOG"", ""PICTURE"", ""S-VID"", ""S_VIDEO"", ""INPUT:_S-VIDEO"", ""VIDEO"", ""INPUT:_VIDEO"", ""INPUT_A"", ""INPUT:_A_(COMPNENT)"", ""INPUT_B"", ""INPUT:_B_(DB-15)"", ""HDMI"", ""INPUT:_DVI"", ""D4"", ""INPUT:_D4"", ""STILL_OFF"", ""STILL"", ""STILL_ON"", ""STILL_TOG"", ""STILL_TOG"", ""STILL_ON"", ""MEMORY_1"", ""MEMORY_2"", ""MEMORY_3"", ""MEMORY_4"", ""MEMORY_5"", ""MEMORY_6"", ""ASPECT"", ""ASPECT_TOGGLE"", ""ASPECT_NORMAL"", ""ASPECT_ZOOM"", ""ASPECT_ZOOM_TITLE"", ""ASPECT_SQUEEZE"", ""ASPECT_THROUGH"", ""ASPECT_AUTO"", ""ASPECT_THRU_SQUEEZE"", ""ASPECT_SMART_ZOOM"", ""INPUT_A_COMPONENT"", ""INPUT_1A"", ""INPUT_A_RGB_PC"", ""INPUT_A_RGB_TV"", ""INPUT_B_COMPONENT"", ""INPUT_B_RGB_PC"", ""INPUT_B_RGB_TV"", ""HDMI_COMPONENT"", ""HDMI_RGB_TV"", ""HDMI_AUTO""]","[""NECext""]","[""D1 00 00 00""]",device_family,0.58,"[""modelo/família identificável com conjunto amplo""]","[""modelo de baixa confiança foi tratado como evidência estrutural"", ""muitos nomes compartilham a mesma intenção"", ""nomes de comandos reais não chegaram ao classificador"", ""protocolos reais não chegaram ao classificador"", ""sequência numerada pode indicar codeset ou bruteforce""]","[""50 maiores repetições de nomes""]"
54b0adf97aba3ed1,_Converted_/CSV/Y/Yamaha/Receiver/122_-1.ir,122_-1.ir,Converted/CSV,Yamaha,122_-1,2499,"[""SCENE_1"", ""SYS_MEM_1"", ""SYS_MEM_1_TOG"", ""SCENE:_BD/DVD"", ""Unknown"", ""SCENE_BD/DVD"", ""TAPE_PLAY"", ""MZ:_SYSM_RC/SV_1"", ""SYS_MEM_1_TOG"", ""TAPE_REW"", ""Z2:_SYSM_REC/SV_1"", ""SYS_MEM_1_TOG"", ""TAPE_FF"", ""Z3:_SYSM_REC/SV_1"", ""SCENE_2"", ""SYS_MEM_2"", ""SYS_MEM_2_TOG"", ""SCENE:_TV"", ""Unknown"", ""SCENE_TV"", ""TAPE_STOP"", ""MZ:_SYSM_RE/SV_2"", ""SYS_MEM_2_TOG"", ""TAPE_REC/PAUSE"", ""Z2:_SYSM_REC/SV_2"", ""SYS_MEM_2_TOG"", ""TAPE_REC_MUTE"", ""Z3:_SYSM_REC/SV_2"", ""A/B"", ""SCENE_3"", ""SYS_MEM_3"", ""SYS_MEM_3_TOG"", ""SCENE:_CD"", ""Unknown"", ""SCENE_CD"", ""TAPE_DECK_A/B"", ""MZ:_SYSM_RE/SV_3"", ""DIR_A"", ""SYS_MEM_3_TOG"", ""TAPE_DIR_A"", ""Z2:_SYSM_REC/SV_3"", ""SYS_MEM_3_TOG"", ""CD_PLAY"", ""Z3:_SYSM_REC/SV_3"", ""SCENE_4"", ""SYS_MEM_4"", ""SYS_MEM_4_TOG"", ""SCENE:_RADIO"", ""Unknown"", ""SCENE_RADIO"", ""CD_PAUSE/STOP"", ""MZ:_SYSM_RE/SV_4"", ""SYS_MEM_4_TOG"", ""CD_SKIP_>>"", ""Z2:_SYSM_REC/SV_4"", ""SYS_MEM_4_TOG"", ""CD_SKIP_<<"", ""Z3:_SYSM_REC/SV_4"", ""CD_SEARCH_>>"", ""CD_SEARCH_<<"", ""SELECT_VCR-1"", ""VCR"", ""VCR_1"", ""TAPE_2"", ""INPUR_VCR"", ""INPUT_VCR"", ""INPUT:_VCR_1"", ""INPUT:_VCR1"", ""INPUT_VCR1"", ""MZ:_VCR1"", ""VCR1"", ""VCR-1"", ""MZ_IN:_VCR1"", ""INP_VCR"", ""INPUT_VCR_1"", ""INPUT:_VCR"", ""MAIN:_VCR1"", ""INP_VCR1(VCR)"", ""MZ:_INP_VCR"", ""MZ_INP:_VCR"", ""MZ_INP:_VCR"", ""CHANNEL_UP"", ""PRESET_+"", ""PRESET_>"", ""PRESET/CH._UP"", ""PRESET_UP"", ""TUNER_PRESET_+"", ""TUNER_PRESET_CH_UP"", ""TUNER_UP"", ""PRESET_NO._+"", ""TUNER:_PRES_(+)"", ""TUNER:_PRESET_NO_(+)"", ""TUNER_+"", ""TUNER:_PRESET_CH_+"", ""PRESET_CH._UP"", ""NAV_UP"", ""TUNER:TUNE/PST_NO_UP"", ""Unknown"", ""TUNER:_PRESET_UP"", ""TUNER_CURSOR_UP"", ""TUNER:_PRESET_(+)"", ""TUN_PRES/CH+"", ""TUNER_PRESET"", ""TUNER:_UP"", ""TUNER:_UP"", ""CHANNEL_DOWN"", ""PRESET_-"", ""PRESET_--"", ""PRESET_<"", ""PRESET/_CH._DN"", ""PRESET_DOWN"", ""PRESET_DOWN"", ""TUNER_PRESET_-"", ""TUNER_PRESET_CH-"", ""TUNER_DOWN"", ""PRESET_NO._-"", ""TUNER:_PRES_(-)"", ""TUNER:_PRESET_NO_(-)"", ""TUNER_-"", ""TUNER:_PRESET_CH_-"", ""PRESET_CH._DOWN"", ""NAV_DOWN"", ""TUNER:TUNE/PST_NO_DN"", ""Unknown"", ""PRESET_DN"", ""TUNER:_PRESET_DOWN"", ""TUNER_CURSOR_DOWN"", ""TUNER:_PRESET_(-)"", ""TUN_PRES/CH_DN"", ""TUNER:_DOWN"", ""TUNER:_DOWN"", ""A/B/C/D/E"", ""PRESET_BANK"", ""A-E/CAT.+"", ""TUNER_CAT_+"", ""TUNER_PAGE_TOGGLE"", ""PRESET_PAGE"", ""TUNER:_PAGE_TOG"", ""TUNER:_PG_TOG"", ""TUNER:_PRESET_PG_(+)"", ""TUNER_A/B/C/D/E"", ""TUNER_PRESET_PG_+"", ""PRESET_A/B/C/D/E"", ""TUNER:_PRESET_PG_+"", ""CLASS_UP"", ""NAV_RIGHT"", ""TUNER:_PRES_PG_TOG"", ""TUNER:_A-E_UP"", ""TUNER_CURSOR_RIGHT"", ""Unknown"", ""TUNER:_PRESET_PG_TOG"", ""TUN_A-B/CAT_(+)"", ""PRESET_MODE_(A-E)"", ""TUNER:_RIGHT"", ""TUNER:_RIGHT"", ""DVR/VCR2"", ""AUX"", ""INPUT_DVR"", ""INPUT:_VCR_2"", ""VCR_2"", ""INPUT:_VCR_2/DVR"", ""VCR2/DVR"", ""VCR_2/DVR"", ""INPUT:_VCR2_/_DVR"", ""VCR2"", ""INPUT_DVR/_VCR2"", ""MZ:_VCR2"", ""MZ:_DVR/VCR2"", ""DVR"", ""VCR-2"", ""INPUT:_VCR2"", ""MZ_IN:_DVR/VCR2"", ""INPUT:_VCR_2_/_DVR"", ""DVR_INPUT"", ""INP_DVR"", ""INPUT_VCR_2"", ""MZ:_VCR2/DVR"", ""DVR/VCR_2"", ""INPUT:_DVR"", ""Unknown"", ""MAIN:_VCR2/DVR"", ""INP_DVR/VCR2"", ""MZ:_INP_DVR"", ""MZ_INP:_DVR"", ""MZ_INP:_DVR"", ""SELECT_PHONO"", ""PHONO"", ""PHONO"", ""INPUT_PHONO"", ""INPUT_PHONO"", ""INPUT:_PHONO"", ""MZ:_PHONO"", ""MZ_IN:_PHONO"", ""INP_PHONO"", ""Unknown"", ""MAIN:_PHONO"", ""INP_PHONO"", ""MZ:_INP_PHONO"", ""MZ_INP:_PHONO"", ""MZ_INP:_PHONO"", ""SELECT_CD"", ""CD"", ""INPUT_CD"", ""INPUT:_CD"", ""MZ:_CD"", ""CB"", ""CD_(MP3)"", ""MZ_IN:_CD"", ""CD_INPUT"", ""INP_CD"", ""Unknown"", ""MAIN:_CD"", ""INP_CD"", ""MZ:_INP_CD"", ""Z2:_INP_CD"", ""MZ_INP:_CD"", ""MZ_INP:_CD"", ""SELECT_TUNER"", ""TUNER"", ""TUNER"", ""TUNER"", ""INPUT_TUNER"", ""INPUT:_TUNER"", ""MZ:_TUNER"", ""MZ_IN:_TUNER"", ""TUNER_INPUT"", ""INP_TUNER"", ""Unknown"", ""MAIN:_TUNER"", ""INP_TUNER"", ""MZ:_INP_TUNER"", ""MZ_INP:_TUNER"", ""MZ_INP:_TUNER"", ""SELECT_DVD_/_LD"", ""LD/TV"", ""AUX"", ""AUX"", ""VIDEO/AUX"", ""DVD"", ""INPUT_DVD"", ""INPUT:_LD"", ""LD"", ""TV_LD"", ""DVD/LD"", ""LDV"", ""LASER_DISC"", ""SELECT_TAPE_/_MD"", ""MD/TAPE"", ""TAPE_2"", ""TAPE_1"", ""TAPE/MD"", ""INPUT:_TAPE"", ""TAPE"", ""INPUT_MD/TAPE"", ""MZ:_MD/TAPE"", ""INPUT:_MD/TAPE"", ""MZ_IN:_MD/TAPE"", ""MZ:_MD/CD-R"", ""TAPE_/MD"", ""TAPE_2/VCR_2"", ""MZ:_INP_MD/TAPE"", ""Z4:_SYSM_REC/SV_1"", ""CD-R"", ""TAPE_1"", ""TAPE_2"", ""INPUT:_CD-R"", ""INPUT:_TAPE2"", ""INPUT_CD-R"", ""MZ:_CD-R"", ""MZ_IN:_CD-R"", ""INPUT:CD-R"", ""INP_MD/CD-R"", ""TAPE_1/DAT"", ""MZ:_INP_CD-R"", ""Z4:_SYSM_REC/SV_2"", ""MZ_INP:_MD/CD-R"", ""MZ_INP:_MD/CD-R"", ""VOLUME_UP"", ""VOL+"", ""VOL+"", ""MAINZONE_VOL_+"", ""VOL+"", ""MZ:_VOL_(+)"", ""MZ_VOL_+"", ""VOL_+"", ""MZ:_VOL+"", ""MAIN:_VOLUME+"", ""Unknown"", ""MASTER_VOL_+"", ""MAIN:_VOLUME_UP"", ""VOLUME_(+)"", ""MZ:_VOLUME_UP"", ""Z4:_SYSM_REC/SV_3"", ""MZ:_VOLUME_UP"", ""VOLUME_DOWN"", ""VOL-"", ""VOL-"", ""MAINZONE_VOL_-"", ""VOL-"", ""MZ:_VOL_(-)"", ""MZ_VOL_-"", ""VOL_-"", ""MZ:_VOL-"", ""MAIN:_VOLUME-"", ""Unknown"", ""MASTER_VOL_-"", ""VIOLUME_DOWN"", ""MAIN:_VOLUME_DOWN"", ""VOLUME_(-)"", ""MZ:_VOLUME_DOWN"", ""Z4:_SYSM_REC/SV_4"", ""MZ:_VOLUME_DOWN"", ""MUTE"", ""MUTE"", ""MUTE_TOGGLE"", ""AUDIO_MUTE"", ""MZ:_MUTE_TOG"", ""MZ_MUTE_TOGGLE"", ""MZ:_MUTE_TOGGLE"", ""MUTE_TOG"", ""MAIN:_MUTE"", ""Unknown"", ""MUTE-TOGGLE"", ""MUTE:_TOGGLE"", ""MAIN:_MUTE_TOGGLE"", ""MUTE_TOG"", ""DIAGNOSTIC"", ""POWER_ON"", ""SYSTEM_POWER"", ""POWER_ON"", ""POWER_ON"", ""SYSTEM_POWER_(ON)"", ""Unknown"", ""POWER"", ""MZ:_POWER_ON"", ""MZ:_SYSTEM_POWER_ON"", ""ALL_ZONE_POWER_ON"", ""ALL_POWER_ON"", ""SYSTEM_POWER_ON"", ""POWER"", ""ALL_ZONES_ON"", ""POWER_ON_ALL"", ""POWER_ON_(ALL)"", ""Unknown"", ""ALL:_POWER_ON"", ""MAIN:_POWER_ON"", ""SYSTEM_POWER_ON"", ""MZ_+_Z2_POWER_ON"", ""AZ:_POWER_ON"", ""POWER_OFF"", ""STANDBY"", ""STAND_BY"", ""STANDBY_(OFF)"", ""MZ:_POWER_OFF"", ""MZ:_SYSTEM_POWER_OFF"", ""ALL_ZONE_POWER_OFF"", ""ALL_POWER_STANDBY"", ""POWER_OFF"", ""ALL_ZONES_OFF"", ""POWER_OFF/STNDBY_ALL"", ""POWER"", ""POWER_OFF_(ALL)"", ""STANDBY_ALL"", ""Unknown"", ""ALL:_STANDBY"", ""MAIN:_POWER_OFF"", ""SYSTEM_POWER_OFF"", ""MZ_+_Z2_POWER_OFF"", ""AZ:_POWER_OFF"", ""POWER"", ""POWER_TOGGLE"", ""MZ:_POWER_TOG"", ""MZ:_SYSTEM_POWER_TOG"", ""ALL_ZONE_POWER_TOG"", ""INPUT_+"", ""Unknown"", ""INPUT_UP"", ""MAIN:_POWER_TOGGLE"", ""POWER_ON/OFF"", ""MZ:_INPUT_UP"", ""INPUT_+"", ""Z2_INPUT_UP"", ""Z2:_INPUT_+"", ""Unknown"", ""Z2_INPUT_+"", ""Z4:_INP_TUNER"", ""Z2:_INPUT_UP"", ""Z4_INP:_TUNER"", ""Z4_INP:_TUNER"", ""INPUT_+"", ""Z4:_INP_MD/TAPE"", ""Z3:_INPUT_UP"", ""Z4:_INP_CD-R"", ""Z4:_INPUT_UP"", ""Z4_INP:_MD/CD-R"", ""Z4_INP:_MD/CD-R"", ""INPUT_-"", ""Unknown"", ""INPUT_DOWN"", ""MZ:_INPUT_DOWN"", ""Z4:_INP_DTV"", ""Z4_INP:_TV"", ""Z4_INP:_TV"", ""INPUT_-"", ""Z2_INPUT_DOWN"", ""Z2:_INPUT_-"", ""Unknown"", ""Z2_INPUT_-"", ""Z4:_INP_CBL/SAT"", ""Z2:_INPUT_DOWN"", ""Z4_INP:_CBL/SAT"", ""Z4_INP:_CBL/SAT"", ""INPUT_-"", ""Z3:_INPUT_DOWN"", ""Z4:_INP_VCR"", ""Z4:_INPUT_DOWN"", ""Z4_INP:_VCR"", ""Z4_INP:_VCR"", ""DISP_INFO_TOG"", ""INFO"", ""Unknown"", ""DISPLAY_INFO"", ""Z4:_INP_DVR"", ""INFO_TOGGLE"", ""INFO_TOGGLE"", ""Z4_INP:_DVR"", ""Z4_INP:_DVR"", ""DISP_INFO_TOG"", ""Z4:_INP_BD/HDDVD"", ""INFO_TOGGLE"", ""INFO_TOGGLE"", ""Z4_INP:_BD/HD"", ""Z4_INP:_BD/HD"", ""DISP_INFO_TOG"", ""Z4:_INP_DVD"", ""INFO"", ""INFO"", ""Z4_INP:_DVD"", ""Z4_INP:_DVD"", ""Z4:_INP_XM"", ""Z4_INP:_XM"", ""INFO_TOGGLE"", ""Z4_INP:_XM"", ""INFO_TOGGLE"", ""SETUP_UP"", ""Z4:_VOLUME_UP"", ""SETUP:_UP"", ""SETUP:_UP"", ""SETUP_DOWN"", ""Z4:_VOLUME_DOWN"", ""SETUP:_DOWN"", ""SETUP:_DOWN"", ""SETUP_LEFT"", ""Z4:_MUTE_TOGGLE"", ""SETUP:_LEFT"", ""SETUP:_LEFT"", ""SETUP_RIGHT"", ""SETUP:_RIGHT"", ""SETUP:_RIGHT"", ""SETUP_ENTER"", ""SETUP:_ENTER"", ""SETUP:_ENTER"", ""SLEEP_TOG"", ""SETUP_UP"", ""MZ:_SLEEP_TOGGLE"", ""SETUP:_UP"", ""SETUP:_UP"", ""SLEEP_TOG"", ""SETUP_DOWN"", ""Z2:_SLEEP_TOGGLE"", ""SETUP:_DOWN"", ""SETUP:_DOWN"", ""SLEEP_TOG"", ""SETUP_LEFT"", ""Z3:_SLEEP_TOGGLE"", ""Z3:_SLEEP"", ""SETUP:_LEFT"", ""Z3:_SLEEP"", ""SETUP:_LEFT"", ""SETUP_RIGHT"", ""Z4_SLEEP_TOGGLE"", ""Z4:_SLEEP_TOGGLE"", ""SETUP:_RIGHT"", ""SETUP:_RIGHT"", ""Z4:_SLEEP"", ""Z4:_SLEEP"", ""SETUP_ENTER"", ""MZ:_PARTY_TOGGLE"", ""PARTY:_ZONE_TOGGLE"", ""SETUP:_ENTER"", ""SETUP:_ENTER"", ""HDMI_OUT_TOG"", ""MZ:_HDMI_OUT_TOG"", ""SETUP:_UP"", ""SETUP:_UP"", ""DISP_DISPLAY_TOG"", ""Z2:_DISPLAY_TOGGLE"", ""DISPLAY_TOGGLE"", ""DISPLAY_TOGGLE"", ""SETUP:_ENTER"", ""SETUP:_DOWN"", ""SETUP:_DOWN"", ""DISP_DISPLAY_TOG"", ""Z3:_DISPLAY_TOGGLE"", ""DISPLAY"", ""DISPLAY"", ""SETUP:_LEFT"", ""SETUP:_LEFT"", ""Z4:_DISPLAY_TOGGLE"", ""DISPLAY_TOGGLE"", ""SETUP:_RIGHT"", ""DISPLAY_TOGGLE"", ""SETUP:_RIGHT"", ""INP_SIRIUS"", ""SIRIUS_INPUT"", ""Unknown"", ""SIRIUS"", ""INPUT_SIRIUS"", ""MZ_INP:_SIRIUS"", ""MZ_INP:_SIRIUS"", ""SETUP:_ENTER"", ""INP_SIRIUS"", ""DISP_STATUS_TOG"", ""ZONE_2_SIRIUS"", ""Unknown"", ""Z2_INPUT_SIRIUS"", ""Z2:_SIRIUS"", ""Z2_INP:_SIRIUS"", ""STATUS_TOGGLE"", ""Z2_INP:_SIRIUS"", ""STATUS_TOGGLE"", ""SETUP_MENU"", ""INP_SIRIUS"", ""SETUP:_MENU"", ""SETUP:_MENU"", ""Z3_INP:_SIRIUS"", ""Z3_INP:_SIRIUS"", ""SETUP_RTRN/SUBMEN"", ""SETUP:_RETURN_(SUB)"", ""SETUP:_RETURN_(SUB)"", ""Z4_INP:_SIRIUS"", ""Z4_INP:_SIRIUS"", ""DISP_STATUS_TOG"", ""XM_INFO"", ""Unknown"", ""STATUS"", ""STATUS"", ""MZ:_SYSM_REC_10"", ""SETUP_RTRN/SUBMEN"", ""SETUP:_RETURN_(SUB)"", ""SETUP:_RETURN_(SUB)"", ""DIR_B"", ""TAPE_DIR_B"", ""STATUS_TOGGLE"", ""STATUS_TOGGLE"", ""SETUP:_MENU"", ""SETUP:_MENU"", ""SETUP:_RETURN_(SUB)"", ""SETUP:_RETURN_(SUB)"", ""DISP_STATUS"", ""DISP_STATUS_TOG"", ""STATUS_TOGGLE"", ""STATUS_TOGGLE"", ""SETUP_MENU"", ""SETUP:_MENU"", ""SETUP:_MENU"", ""Z2:_POWER/STANDBY"", ""Unknown"", ""INPUT_HDMI_1"", ""HDMI_1"", ""Unknown"", ""INPUT_HDMI-1"", ""INPUT_HDMI_2"", ""HDMI_2"", ""Unknown"", ""INPUT_HDMI-2"", ""INPUT_HDMI_3"", ""HDMI_3"", ""Unknown"", ""INPUT_HDMI-3"", ""Z4_INP:_DOCK"", ""CD_DISK_SKIP"", ""INPUT_HDMI_4"", ""HDMI_4"", ""Unknown"", ""INPUT_HDMI-4"", ""MENU>"", ""DSP_+"", ""C-RT"", ""RIGHT"", ""LEVEL/SET_MENU:_(+)"", ""MENU:_CURSOR_RIGHT"", ""TIME/LEVEL_RIGHT"", ""LEVEL_+"", ""C_RIGHT"", ""ARROW_RIGHT"", ""YRIGHT"", ""SET_MENU:_(+)"", ""SET_MENU_RIGHT"", ""DELAY_TIME_+"", ""SELECT_+"", ""CURSOR_RIGHT"", ""MENU<"", ""DSP_-"", ""C-LF"", ""LEFT"", ""INPUT_AV_1"", ""LEVEL/SET_MENU:_(-)"", ""MENU:_CURSOR_LEFT"", ""TIME/LEVEL_LEFT"", ""AV_1"", ""Unknown"", ""LEVEL_-"", ""Unknown"", ""C_LEFT"", ""ARROW_LEFT"", ""YLEFT"", ""SET_MENU:_(-)"", ""SET_MENU_LEFT"", ""INPUT_AV-1"", ""DELAY_TIME_-"", ""SELECT_-"", ""CURSOR_LEFT"", ""SELECT_TV_/_DBS"", ""TV/CBL"", ""DTV"", ""D-TV"", ""INPUT_DTV/CBL"", ""INPUT:_D-TV"", ""INPUT:_D-TV/LD"", ""D-TV/LD"", ""INPUT:_D-TV_/_LD"", ""INPUT_DTV"", ""MZ:_DTV/LD"", ""INPUT_D-TV/CBL"", ""DBS"", ""TV/DBS"", ""MZ_IN:_D-TV"", ""DTV/CBL_INPUT"", ""INP_TV"", ""MZ:_DTV/CBL"", ""Z2:_DTV/CBL"", ""DTV/CBL"", ""INPUT:_DTV/CBL"", ""Unknown"", ""MAIN:_D-TV/CBL"", ""ZONE2:_D-TV/CBL"", ""INP_DTV/CBL"", ""MZ:_INP_DTV"", ""MZ_INP:_TV"", ""MZ_INP:_TV"", ""SELECT_V-AUX"", ""V-AUX"", ""V-AUX"", ""INPUT_V-AUX"", ""INPUT:_V-AUX"", ""V_AUX"", ""INPUT_VAUX"", ""MZ:_VIDEO_AUX"", ""MZ:_V-AUX"", ""INPUT_V-AUX/DCK"", ""AUX"", ""INPUT:_VIDEO_AUX"", ""MZ_IN:_V-AUX/DOCK"", ""MZ:_V-AUX/DOCK"", ""V.AUX/DOCK_INPUT"", ""INP_V-AUX"", ""V._AUX"", ""Unknown"", ""SELECT"", ""V.AUX"", ""V._AUX/DOCK"", ""MAIN:_VIDEO_AUX"", ""INP_V-AUX"", ""MZ:_INP_V-AUX"", ""MZ_INP:_V-AUX"", ""MZ_INP:_V-AUX"", ""EFECT_ON/OFF"", ""STEREO_(EFFECT)"", ""STRAIGHT/EFFECT"", ""DSP_STRAIGHT"", ""INPUT_AV_2"", ""EFFECT"", ""EFFECT_ON/OFF"", ""DSP_TOG:_EFFECT"", ""DSP_TOG:_STRAIGHT"", ""DSP_STR/EFF_TOGGLE"", ""EFFECTS"", ""DSP:_EFFECT_TOGGLE"", ""DSP_TOG:_STRAIGHT/"", ""STRAIGHT"", ""DSP_TOG_STRAIGHT"", ""AV_2"", ""Unknown"", ""Unknown"", ""DSP_EFFECT_TOGGLE"", ""DSP:_STRAIGHT"", ""STRIAGHT"", ""DSP_STRAIGHT_TOG"", ""PROGRAM_STRAIGHT"", ""INPUT_AV-2"", ""DSP_EFFECT_ON/OFF"", ""DSP:_T_STRAIGHT"", ""DSPTOG:_STRAIT/EFECT"", ""SLEEP"", ""SLEEP"", ""SLEEP_TOGGLE"", ""MZ:_SLEEP_TOG"", ""SLEEP:_TOGGLE"", ""SLEEP_TIMER_SET"", ""MAIN:_SLEEP_TOG"", ""?AZ:_SLEEP_TOGGLE"", ""DSP_UP"", ""DSP_PROGRAM+"", ""DSP_PROGRAM_+"", ""PROGRAM_UP"", ""Unknown"", ""PRGRM_PRESET_UP"", ""DSP_DOWN"", ""DSP_PROGRAM-"", ""INPUT_AV_3"", ""DSP_PROGRAM_-"", ""AV_3"", ""Unknown"", ""PROGRAM_DOWN"", ""Unknown"", ""PRGRM_PRESET_DOWN"", ""INPUT_AV-3"", ""EQ_ON/FLAT"", ""EQ_PRESET_+"", ""EQ_PRESET_-"", ""INPUT_AV_4"", ""AV_4"", ""Unknown"", ""INPUT_AV-4"", ""REAR_LEVEL_+"", ""INPUT_AV_5"", ""AV_5"", ""Unknown"", ""INPUT_AV-5"", ""REAR_LEVEL_-"", ""XM_PRESET/NUM_0"", ""XM:_0"", ""XM_NUM_0"", ""0"", ""XM:_0"", ""0"", ""XM_0"", ""Unknown"", ""XM_0"", ""XM:_PRESET_0"", ""Z2:_AV_5"", ""Unknown"", ""Z2_INPUT_AV-5"", ""XM:_0"", ""XM_PRESET/NUM_1"", ""XM:_1"", ""XM_NUM_1"", ""1"", ""XM:_1"", ""1"", ""XM_1"", ""Unknown"", ""XM_1"", ""XM:_PRESET_1"", ""XM:_1"", ""XM_PRESET/NUM_2"", ""INPUT_AV_6"", ""XM:_2"", ""XM_NUM_2"", ""2"", ""XM:_2"", ""2"", ""XM_2"", ""AV_6"", ""Unknown"", ""Unknown"", ""XM:_PRESET_2"", ""INPUT_AV-6"", ""XM:_2"", ""XM_PRESET/NUM_3"", ""XM:_3"", ""XM_NUM_3"", ""3"", ""XM:_3"", ""3"", ""XM_3"", ""Unknown"", ""XM_3"", ""XM:_PRESET_3"", ""Z2:_AV_6"", ""Unknown"", ""Z2_INPUT_AV-6"", ""XM:_3"", ""XM_PRESET/NUM_4"", ""XM:_4"", ""XM_NUM_4"", ""4"", ""XM:_4"", ""4"", ""XM_4"", ""Unknown"", ""XM:_PRESET_4"", ""XM:_4"", ""XM_PRESET/NUM_5"", ""INPUT_AUDIO_1"", ""AUDIO_INPUT_1"", ""XM:_5"", ""XM_NUM_5"", ""5"", ""XM:_5"", ""5"", ""XM_5"", ""AUDIO_1"", ""Unknown"", ""Unknown"", ""XM:_PRESET_5"", ""INPUT_AUDIO-1"", ""XM:_5"", ""XM_PRESET/NUM_6"", ""XM:_6"", ""XM_NUM_6"", ""6"", ""XM:_6"", ""6"", ""XM_6"", ""Unknown"", ""XM_6"", ""XM:_PRESET_6"", ""Z2:_AUDIO_1"", ""Unknown"", ""Z2_INPUT_AUDIO-1"", ""XM:_6"", ""XM_PRESET/NUM_7"", ""XM:_7"", ""XM_NUM_7"", ""7"", ""XM:_7"", ""7"", ""XM_7"", ""Unknown"", ""XM_7"", ""XM:_PRESET_7"", ""XM:_7"", ""XM_PRESET/NUM_8"", ""INPUT_AUDIO_2"", ""XM:_8"", ""XM_NUM_8"", ""8"", ""XM:_8"", ""8"", ""XM_8"", ""AUDIO_2"", ""Unknown"", ""Unknown"", ""XM:_PRESET_8"", ""INPUT_AUDIO-2"", ""XM:_8"", ""XM_PRESET/NUM_9"", ""XM:_9"", ""XM_NUM_9"", ""9"", ""XM:_9"", ""9"", ""XM_9"", ""Unknown"", ""XM:_PRESET_9"", ""Z2:_AUDIO_2"", ""Unknown"", ""Z2_INPUT_AUDIO-2"", ""XM:_9"", ""XM_PRESET_CH_UP"", ""XM:_PRE/CH+"", ""XM_PRESET/CH_+"", ""XM:_PRESET/CH_+"", ""NAV_UP"", ""XM:CH/PRESET_#_UP"", ""Unknown"", ""XM:_PRESET_UP"", ""XM_CURSOR_UP"", ""XM_CH/PR_NO_UP"", ""XM:_UP"", ""XM_PRESET_CH-"", ""XM:_PRE/CH-"", ""XM_PRESET/CH_-"", ""XM:_PRESET/CH_-"", ""NAV_DOWN"", ""XM:CH/PRESET_#_DOWN"", ""OPTION"", ""Unknown"", ""Unknown"", ""XM:_PRESET_DOWN"", ""XM_CURSOR_DOWN"", ""XM_CH/PR_NO_DN"", ""MENU_OPTION"", ""XM:_DOWN"", ""XM:_DOWN"", ""XM_CAT_+"", ""XM:_A-E/CAT._(+)"", ""XM_A-E/CAT._+"", ""XM:_A-E/CAT_+"", ""NAV_RIGHT"", ""XM_CATEGORY_+"", ""XM:CAT/PST_GRP_UP"", ""Unknown"", ""XM:_A-E_UP"", ""XM_CURSOR_RIGHT"", ""XM_CAT/PR_GROUP_UP"", ""XM:_RIGHT"", ""XM:_RIGHT"", ""XM_SEACH_MODE"", ""XM:_SEARCH_MD_TOG"", ""XM_SRCH_MD_TOGGLE"", ""XM:_SEARCH_MODE"", ""XM_SEARCH_MODE"", ""Unknown"", ""XM:CAT/PST_GP_DOWN"", ""XM_SRCH_MODE"", ""XM_CAT_-"", ""XM:_A-E/CAT_(-)"", ""XM_A-E/CAT._-"", ""XM:_A-E/CAT_-"", ""NAV_LEFT"", ""XM_CATEGORY_-"", ""Unknown"", ""XM_A-E_DOWN"", ""XM_CURSOR_LEFT"", ""XM_CAT/PR_GROUP_DN"", ""XM:_LEFT"", ""XM:_UP"", ""XM:_LEFT"", ""XM_ENTER(HOLD/DSPL)"", ""XM:_ENTER_TOG"", ""XM_ENTER_TOGGLE"", ""XM:_ENTER"", ""ENTER"", ""XM_ENTER"", ""Unknown"", ""XM_SETUP:_ENTER"", ""XM:_ENTER"", ""XM_TITLE"", ""XM:_TITLE_TOG"", ""XM_TITLE_TOGGLE"", ""XM:_TITLE"", ""XM_MEMORY"", ""XM:_MEMORY_PRESET"", ""XM_PRESET_MEMORY"", ""XM:_MEMORY"", ""MEMORY"", ""Unknown"", ""XM:_MEMORY"", ""XM_DISPLAY"", ""XM:_DISPLAY_TOG"", ""XM_DISPLAY_TOGGLE"", ""XM:_DISPLAY"", ""Unknown"", ""Z2:_BASS_(+)"", ""Z2_TONE_BASS_+"", ""Z2:_BASS_+"", ""TONE_BASS_+"", ""BASS_+"", ""BASS_+"", ""Z2:_BASS_(-)"", ""Z2_TONE_BASS_-"", ""Z2:_BASS_-"", ""TONE_BASS_-"", ""BASS_-"", ""BASS_-"", ""Z2:_TREBLE_(+)"", ""Z2_TONE_TREB_+"", ""Z2:_TREBLE_+"", ""TONE_TREBLE_+"", ""TREBLE_+"", ""TREBLE_+"", ""Z2:_TREBLE_(-)"", ""Z2_TONE_TREB_-"", ""Z2:_TREBLE_-"", ""TONE_TREBLE_-"", ""TREBLE_-"", ""TREBLE_-"", ""Z3:_BASS_(+)"", ""Z3:_BASS_+"", ""TONE_BASS_+"", ""BASS_+"", ""BASS_+"", ""Z3:_BASS_(-)"", ""Z3:_BASS_-"", ""TONE_BASS_-"", ""BASS_-"", ""BASS_-"", ""Z3:_TREBLE_(+)"", ""Z3:_TREBLE_+"", ""TONE_TREBLE_+"", ""TREBLE_+"", ""TREBLE_+"", ""Z3:_TREBLE_(-)"", ""Z3:_TREBLE_-"", ""TONE_TREBLE_-"", ""TREBLE_-"", ""TREBLE_-"", ""Z4:_POWER_ON"", ""Z4:_POWER_ON"", ""Z4:_POWER_OFF"", ""Z4:_STANDBY"", ""Z4:_STANDBY"", ""Z4:_INP_V-AUX"", ""Z4_INP:_V-AUX"", ""Z4_INP:_V-AUX"", ""Z4:_INP_PHONO"", ""Z4_INP:_PHONO"", ""Z4_INP:_PHONO"", ""Z4:_INP_CD"", ""Z4_INP:_CD"", ""Z4_INP:_CD"", ""FRONT_LEVEL_+"", ""FRONT_LEVEL_-"", ""CENTER_LEVEL_+"", ""CENTER_LEVEL_-"", ""MENU"", ""MENU_SET_MENU"", ""MENU:_SET_MENU"", ""GUI:_SET_MENU"", ""SETUP_MENU"", ""SETUP"", ""Unknown"", ""SET_MENU"", ""MENU_SETUP"", ""DSP_CENTER_MODE"", ""MZ:_MENU_TOGGLE"", ""TEST_TONE"", ""TEST"", ""TEST"", ""PARAMETER_TEST"", ""TEST_MODE"", ""PARAMETER:_TEST"", ""SET_MENU_TEST"", ""DSP_TOG:_TEST_MODE"", ""TEST_TONE_OFF"", ""TEST_TONE_ON"", ""SET_MENU_RTRN/TEST"", ""DSP_TEST"", ""MENU"", ""LEVEL"", ""LEVEL"", ""DSP_LEVEL"", ""PARAMETER_LEVEL"", ""PARAMETER:_LEVEL"", ""MZ:_LEVEL_TOG"", ""LEVEL_TOGGLE"", ""SET_MENU_LEVEL"", ""DSP_TOG:_EFFECT_LEVL"", ""SPEAKER_LEVEL"", ""SETUP_LEVEL"", ""PARAMETER:_SPKR_LEVL"", ""TITLE"", ""DSP:_LEVEL"", ""Unknown"", ""DSP_LEVEL"", ""MZ:_SET_LEVEL_TOG"", ""EXTERNAL_DECODER"", ""6CH_INPUT"", ""MULTI_CH_INPUT"", ""INPUT_MULTI_CH"", ""6CH._INPUT_TOGGLE"", ""6_CH._INPUT"", ""6_CH_INPUT"", ""MULTI_IN"", ""MZ:_EXT_INP_TOG"", ""MZ:_MULTI-CH_TOG"", ""MULTICH_IN_ON/OFF"", ""EXT._DEC."", ""EXT.DEC"", ""MULTI_CH_ON/OFF"", ""MULTI-CH_INPUT"", ""INP_MULTI_CH_IN"", ""MULTI_CH_IN"", ""MULTI_CHANNEL"", ""Unknown"", ""MULTI-CHANNEL"", ""INPUT:_MULTI-CHANNEL"", ""MAIN:_EXT_INPUT_TOG"", ""MULTI_CH_IN_TOG"", ""INPUT_MULTI_CH_IN"", ""?MZ:_INP_MULTCH_DIR"", ""MZ:_M.CH_IN_TOG"", ""MZ_INP:_MULTI_CH"", ""MZ_INP:_MULTI_CH"", ""MODE_PROLOGIC"", ""HALL"", ""STEREO"", ""DSP_CLASSICAL"", ""DSP_MUSIC"", ""DSP_MOVIE"", ""HALL_1_TOGGLE"", ""HALL_1"", ""HALL"", ""DSP_CONCERT_HALL"", ""1_STEREO"", ""DSP_TOG:_STEREO"", ""PRO-LOGIC"", ""DSP_DD/PRO_LOGIC"", ""DSP_CONCERT_HALL_1"", ""DSP:_STEREO"", ""DSPTOG:_CLASSICAL"", ""DSP_TOG:_CLASSICAL"", ""DSP_TOG_CLASSICAL"", ""1"", ""MOVIE"", ""Unknown"", ""DTS"", ""DSP_CNCT_HALL"", ""DSP_TOG:_HALL"", ""DSP:_CLASSICAL"", ""DSP_STEREO_TOG"", ""PROGRAM_MOVIE"", ""DOLBY_SURROUND"", ""DSP_PRO_LOGIC"", ""CLASSICAL"", ""DIG._PRO-LOGIC"", ""CONCERT_HALL_1"", ""DSP:_T_CLASSICAL1"", ""DSPTOG:_STEREO"", ""MODE_MOVIE-1"", ""JAZZ_CLUB"", ""HALL"", ""DSP_LIVE/CLUB"", ""DSP_MUSIC"", ""HALL_2_TOGGLE"", ""HALL_2"", ""CHURCH"", ""DSP_CHURCH"", ""2_HALL"", ""DSP_TOG:_HALL"", ""DSP_TOG:_MUSIC"", ""DSP_ENHANCED"", ""DSP_CONCERT_HALL_2"", ""DSPTOG:_LIVE/CLUB"", ""DSP_TOG:_LIVE/CLUB"", ""DSP_TOG_LIVE/CLUB"", ""2"", ""MUSIC"", ""Unknown"", ""ENHANCED"", ""DSP_JAZZ_CLUB"", ""DSP_TOG:_JAZZ"", ""DSP:_LIVE/CLUB"", ""DSP_MUSIC_TOG"", ""PROGRAM_MUSIC"", ""DSP_PRO_LOGIC_ENH."", ""LIVE"", ""PRO-LOGIC_ENHANCED"", ""CONCERT_HALL_2"", ""DSP:_T_CLASSICAL2"", ""DSPTOG:_HALL_1"", ""MODE_MOVIE-2"", ""ROCK_CONCERT"", ""JAZZ"", ""DSP_ENTERTAINMENT"", ""CHURCH_TOGGLE"", ""CHURCH"", ""JAZZ_CLUB"", ""DSP_JAZZ_CLUB"", ""3_JAZZ"", ""DSP_TOG:_JAZZ"", ""DSP_TOG:_ENTERTAIN."", ""DSP_THEATER"", ""DSP_CHURCH"", ""DSP_TOG:_CHURCH"", ""DSPTOG:_ENTERTAIN"", ""DSP_TOG_ENTERTAIN"", ""3"", ""ENTERTAIN"", ""MOVIE_THEATER"", ""DSP_TOG:_ROCKCONCERT"", ""ENTERTAINMENT"", ""DSP:_ENTERTAINMENT"", ""Unknown"", ""DSP_ENTERTAIN_TOG"", ""DSP_CONCERT_VIDEO"", ""MOVIE_THEATRE"", ""DSP:_T_LIVE/CLUB"", ""CHUCH"", ""DSPTOG:_HALL_2"", ""MODE_MONO_MOVIE"", ""ENTERTAINMENT"", ""ROCK"", ""DSP_MOVIE"", ""JAZZ_CLUB_TOGGLE"", ""JAZZ_CLUB"", ""JAZZ"", ""ROCK_CONCERT"", ""DSP_ROCK_CONCERT"", ""4_ROCK"", ""DSP_TOG:_ROCKCONCERT"", ""DSP_TOG:_ROCK_CNCRT"", ""DSP_TOG:_MOVIE"", ""DSP_TV_SPORTS"", ""DSP_JAZZ_CLUB"", ""DSP_TOG:_JAZZ_CLUB"", ""DSPTOG:_MOVIE"", ""DSP_TOG_MOVIE"", ""4"", ""MOVIE"", ""MONO_MOVIE"", ""DSP_FIVE_CH_STEREO"", ""DSP_TOG:_ENTERTNMNT"", ""DSP:_MOVIE"", ""Unknown"", ""DSP_TOG:_ROCK_CONCRT"", ""DSP_MOVIE_TOG"", ""DSP_MONO_MOVIE"", ""TV_SPORTS"", ""DSP:_T_ENTERTAINME"", ""DSPTOG:_CHURCH"", ""MODE_TV-SPORTS"", ""TV_SPORTS"", ""ENTERTAIN"", ""DSP_STEREO"", ""ROCK_CONCERT_TOGGLE"", ""ROCK_CONCERT"", ""ENTERTAINMENT"", ""DSP_ENTERTAINMENT"", ""5_ENTITAIN"", ""DSP_TOG:_ENTERTNMNT"", ""DSP_TOG:_ENTERTAIN"", ""DSP_TOG:_THX"", ""STEREO"", ""DSP_ROCK"", ""ROCK"", ""DSP_ROCK_CONCERT"", ""DSP_TOG:_ROCKCONCERT"", ""DSPTOG:_STEREO"", ""DSP_TOG:_STEREO"", ""DSP_TOG_STEREO"", ""5"", ""THX"", ""DSP_TV_SPORTS"", ""DSP_TOG:_MUSIC_VIDEO"", ""DSP:_STEREO"", ""Unknown"", ""DSP_TOG:_MUSIC_VID"", ""DSP_ROCK"", ""DSP:_T_MOVIE"", ""DSPTOG:_JAZZ_CLUB"", ""MODE_DISCO"", ""MONO_MOVIE"", ""MUSIC"", ""SURROUND"", ""DSP_SUR._DECODE"", ""DSP_SURR._DECODE"", ""ENTERTAINMENT_TOGGLE"", ""ENTERTAINMENT"", ""STADIUM"", ""TV_SPORTS"", ""DSP_MUSIC_VIDEO"", ""6_MUSIC"", ""DSP_TOG:_MUSIC_VIDEO"", ""DSP_TOG:_STANDARD"", ""PRO_LOGIC"", ""DSP_SUR.DECODE"", ""DSP_JAZZ_CLUB"", ""DSP_ENTERTAINMENT"", ""DSP_TOG:_ENTERTNMNT"", ""DSP_TOG:_SURROUND"", ""DSPTOG:_SUR._DECODE"", ""DSP_TOG:_SUR._DECODE"", ""STADIUM_TOGGLE"", ""SURR_DECODE"", ""DSP_TOG_SUR._DEC"", ""6"", ""STANDARD"", ""SUR._DECODE"", ""Unknown"", ""DISCO"", ""DSP_MONO_MOVIE"", ""DSP_TOG:_TV_THEATER"", ""DSP:_SURR_DECODE"", ""DSP_TOG:_ENTERTAIN"", ""PROGRAM_SUR.DECOD"", ""DSP_HALL"", ""JAZZ_CLUB"", ""DECOD:_T_SUR.DEC"", ""DSPTOG:_ROCKCONCERT"", ""SUR_DECODE"", ""MODE_ROCK"", ""MOVIE_THEATER_1"", ""TV_THEATER"", ""CONCERT_VID_1_TOGGLE"", ""CONCERT_VIDEO_1"", ""ENTERTAINMENT"", ""DISCO"", ""MONO_MOVIE"", ""DSP_TV_SPORTS"", ""7_TV_THEATER"", ""DSP_TOG:_TV_THEATER"", ""DSP_STADIUM"", ""STADIUM"", ""DSP_MUSIC_VIDEO"", ""DSP_TOG:_MUSIC_VIDEO"", ""ROCK"", ""DSP_MOV_THTR_1"", ""DSP_TOG:_MOVIETHEATR"", ""CONCERT_VIDEO"", ""DSP:_T_STEREO"", ""DSPTOG:_MUSIC_VIDEO"", ""MODE_JAZZ_CLUB"", ""MOVIE_THEATER_2"", ""MOVIE"", ""CONCERT_VID_2_TOGGLE"", ""CONCERT_VIDEO_2"", ""TV_SPORTS"", ""MOVIE_THEATER_1"", ""DSP_MOVIE_THEATER_1"", ""8_MOVIE"", ""DSP_TOG:_MOVIETHEATR"", ""DSP_TOG:_MOVIE"", ""STADIUM"", ""DSP_DISCO"", ""CONCERT_VIDEO"", ""DSP_TV_THEATER"", ""DSP_TOG:_TV_THEATER"", ""TV_THEATER_TOGGLE"", ""DSP_MONO_MOVIE"", ""HALL"", ""DSP_MOV_THTR_2"", ""DSP_TOG:_MOVIETHEAT2"", ""JAZZ_CLUB"", ""DISCO"", ""MONO_MOVIE"", ""DSP:_T_THX"", ""DSPTOG:_ENTERTNMNT"", ""MODE_CHURCH"", ""DD/DTS"", ""THX"", ""TV_THEATER_TOGGLE"", ""TV_THEATER"", ""MONO_MOVIE"", ""MOVIE_THEATER_2"", ""DSP_MOVIE_THEATER_2"", ""9_THX"", ""DSP_TOG:_THX"", ""DSP_CHURCH"", ""MOVIE_THEATER_1"", ""DSP_MOVIE_THEATER_1"", ""DSP_TOG:_MOVIETHEATR"", ""MOVIE_1_TOGGLE"", ""DSP_D_DIGITAL"", ""DSP_TOG:_DOLBY/DTS"", ""CHURCH"", ""DSPTOG:_MOVIETHEATR"", ""MODE_HALL"", ""DOLBY/DTS"", ""MOVIE_1_TOGGLE"", ""MOVIE_THEATER_1"", ""MOVIE_1"", ""DTS"", ""DOLBY/DTS/AAC_SUR"", ""0_DD/_DTS"", ""DSP_TOG:_DOLBY/DTS"", ""HALL"", ""Unknown"", ""DSP_HALL"", ""MOVIE_THEATER_2"", ""DSP_MOVIE_THEATER_2"", ""DSP_TOG:_THX"", ""MOVIE_2_TOGGLE"", ""AC-3/DTS"", ""DSPTOG:_THX"", ""MOVIE_2_TOGGLE"", ""MOVIE_THEATER_2"", ""MOVIE_2"", ""DOLOBY_SURROUND"", ""DOLBY/DTS/AAC_SUR"", ""DSP_TOG:_DOLBY/DTS"", ""DSPTOG:_DOLBY/DTS"", ""DOLBY/DTS_TOGGLE"", ""DTS/SURR."", ""DOLBY/DTS"", ""DD/DTS_SURROUND"", ""DTS"", ""DOLBY_DTS"", ""DOLBY/DTS_SUR"", ""DOLBY/DTS_SURROUND"", ""DSP_ENHANCER"", ""DSP_STEREO/ENHANR"", ""DSPTOG:_ENHANCER"", ""DSP_TOG:_ENHANCER"", ""ENHANCER"", ""DSP_TOG_ENHANCER"", ""STEREO_ENHANCER"", ""Unknown"", ""DSP:_ENHANCER"", ""PROGRAM_ST/ENHANC"", ""DSP:_T_ENHANCER"", ""NIGHT"", ""DSP_NIGHT"", ""+10_NIGHT"", ""DSP_TOG:_NIGHT"", ""NIGHT:_TOGGLE"", ""DSP:_NIGHT_TOGGLE"", ""DSP_NIGHT_TOG"", ""DSP:_T_NIGHT"", ""DSPTOG:_NIGHT"", ""SELECT_DD/DTS"", ""DSP_SELECT"", ""SELECT"", ""SURROUND_SELECT"", ""DSP_TOG:_SELECT"", ""DSP_3D_DSP"", ""DSPTOG:_SELECT"", ""DSP_TOG_3D_DSP"", ""7"", ""DSP_SELECT_TOG"", ""DSP:_T_3D_DSP"", ""MATRIX_6.1"", ""EX/ES"", ""DSP_EXTD_SUR."", ""6.1/ES_TOGGLE"", ""6.1/ES"", ""6.1_ES"", ""ENTER_EX/_ES"", ""DSP_TOG:_EX/ES"", ""DSP_TOG:_EX._SURRND"", ""DSP_TOG:_EX.SURROUND"", ""EXT_SUR:_TOGGLE"", ""SETUP_EXTED_SURR"", ""8"", ""EXTENDED_SURROUND"", ""EXTD._SURR."", ""DSP:_EXTENDED_SURR"", ""DSP_EXTD_SUR_TOG"", ""DECOD:_T_EX_SURR."", ""DSPTOG:_EX/ES"", ""DSP_(UP)"", ""C-UP"", ""UP"", ""LEVEL/SET_MENU:_UP"", ""MENU:_CURSOR_UP"", ""TIME/LEVEL_UP"", ""SELECT"", ""C_UP"", ""ARROW_UP"", ""YUP"", ""SET_MENU:_UP"", ""SET_MENU_UP"", ""CURSER_UP"", ""CURSOR_UP"", ""DSP_(DOWN)"", ""C-DOWN"", ""DOWN"", ""LEVEL/SET_MENU:_DOWN"", ""MENU:_CURSOR_DOWN"", ""TIME/LEVEL_DOWN"", ""C-DWN"", ""C_DOWN"", ""ARROW_DOWN"", ""YDOWN"", ""SET_MENU:_DOWN"", ""SET_MENU_DOWN"", ""CURSER_DOWN"", ""CURSOR_DOWN"", ""SPEAKER_A"", ""SPEAKERS_A"", ""MZ:_SPKR_A_TOG"", ""A_SPEAKERS"", ""SPKRS_A"", ""SPEAKERS_A:_TOGGLE"", ""SPKRS_A_TOG"", ""MZ:_SPKR_A_TOG"", ""SPEAKER_B"", ""SPEAKERS_B"", ""MZ:_SPKR_B_TOG"", ""B_SPEAKERS"", ""SPKRS_B"", ""SPKRS_B_TOG"", ""MZ:_SPKR_B_TOG"", ""SETUP_MENU_DOWN"", ""SET_MENU"", ""MENU"", ""DIRECTION_DOWN"", ""CURSER_DOWN"", ""CURSOR_DOWN"", ""SET_MENU_DOWN"", ""SET_MENU:_DOWN"", ""MENU:_ON/OFF"", ""DOWN"", ""MENU_CURSOR_DOWN"", ""SET_MENU_DOWN"", ""SET_MENU_CURSOR_DOWN"", ""GUI:_DOWN"", ""GUI:_CURSOR_DOWN"", ""MENU:_CURSOR_DOWN"", ""SETUP_DOWN"", ""ARROW_DOWN"", ""MENU:_DOWN"", ""Unknown"", ""PARAMETER:_MENU"", ""YMENU"", ""SET_MENU:_ON"", ""SET_MENU"", ""MENU_DOWN"", ""MZ:_SET_CURS_DOWN"", ""SETUP_MENU_UP"", ""DIRECTION_UP"", ""CURSER_UP"", ""CURSOR_UP"", ""SET_MENU_UP"", ""SET_MENU:_UP"", ""UP"", ""MENU_CURSOR_UP"", ""SET_MENU_UP"", ""SET_MENU_CURSOR_UP"", ""GUI:_UP"", ""GUI:_CURSOR_UP"", ""MENU:_CURSOR_UP"", ""SETUP_UP"", ""ARROW_UP"", ""MENU:_UP"", ""Unknown"", ""MZ:_SET_CURSOR_UP"", ""SETUP_MENU_+"", ""DIRECTION_RIGHT"", ""CURSER_+"", ""+"", ""SET_MENU_+"", ""SET_MENU:_(+)"", ""RIGHT"", ""MENU_CURSOR_RIGHT"", ""SET_MENU_RIGHT"", ""SET_MENU_CURSOR_RIGH"", ""GUI:_(+)"", ""GUI:_CURSOR_RIGHT"", ""MENU:_CURSOR_RIGHT"", ""CURSOR_RIGHT"", ""SETUP_RIGHT"", ""ARROW_RIGHT"", ""MENU:_RIGHT"", ""Unknown"", ""MENU_RIGHT"", ""MZ:_SET_CURS_RIGHT"", ""SETUP_MENU_-"", ""DIRECTION_LEFT"", ""CURSER_-"", ""-"", ""SET_MENU_-"", ""SET_MENU:_(-)"", ""LEFT"", ""MENU_CURSOR_LEFT"", ""SET_MENU_LEFT"", ""SET_MENU_CURSOR_LEFT"", ""GUI:_(-)"", ""GUI:_CURSOR_LEFT"", ""MENU:_CURSOR_LEFT"", ""CURSOR_LEFT"", ""SETUP_LEFT"", ""ARROW_LEFT"", ""MENU:_LEFT"", ""Unknown"", ""MENU_LEFT"", ""MZ:_SET_CURS_LEFT"", ""GUI:_TOP_MENU"", ""MENU_ON"", ""BAND"", ""MZ:_MENU_ON"", ""GUI:_TOP"", ""MZ:_MENU_OFF"", ""MZ:_MENU_ON"", ""GUI:_EXIT"", ""MENU:_EXIT"", ""MENU_OFF"", ""MZ:_MENU_OFF"", ""GUI:_EXIT"", ""MZ:_MENU_ON"", ""MZ:_MENU_OFF"", ""FREQ/TEXT"", ""TUNER_HD_INFO"", ""TUNER_INFO"", ""Unknown"", ""EON_DATA"", ""TUNER_EON"", ""Unknown"", ""TUNER_HD_EON"", ""PARTY_MODE"", ""TUNER_PARTY_MODE"", ""Unknown"", ""TUNER_HD_PRG_SEL_DWN"", ""TUNER_PTY_SEEK_MODE"", ""Unknown"", ""TUNER_PROG_SEL_DWN"", ""PARTY_START"", ""TUNER_PARTY_START"", ""Unknown"", ""TUNER_HD_PRG_SEL_UP"", ""TUNER_PTY_SEEK_START"", ""Unknown"", ""TUNER_PROG_SEL_UP"", ""SYS_MEMORY_1"", ""9"", ""MZ:_INP_MODE_DIGTL"", ""SYS_MEMORY_2"", ""0"", ""RETURN"", ""MZ:_INP_MODE_ANLOG"", ""MZ:_AUDIO_ANALOG"", ""MENU:_RETURN"", ""MENU_CURSORRETURN"", ""MENU:_RETURN"", ""SETUP_RTRN/SUBMEN"", ""Unknown"", ""MAIN:_INP_MODE_ANLOG"", ""SET_MENU_RETURN"", ""MENU_RETURN"", ""MZ:_SET_CURS_RETUR"", ""SUB_MENU_TOGGLE"", ""SUB_MENU_TOGGLE"", ""TUNER:_SEARCH_MODE"", ""TUNER:_SEARCH_MOD"", ""SEARCH_MODE"", ""Unknown"", ""TUNER_SEARCH_MODE"", ""TUN_SRCH_MODE_XM"", ""TUNER_SRCH_MODE"", ""TUNER_CAT_-"", ""TUNER:_PRESET_PG_(-)"", ""TUNER_PRESET_PG_-"", ""TUNER:_PRESET_PG_-"", ""CLASS_DOWN"", ""NAV_LEFT"", ""TUNER:_A-E_DOWN"", ""TUNER_CURSOR_LEFT"", ""Unknown"", ""TUN_A-B/CAT_(-)"", ""TUNER:_LEFT"", ""TUNER:_LEFT"", ""TUNER_HD_ENTER"", ""TUN_ENTER_XM"", ""TUNER_ENTER"", ""Unknown"", ""TUNER_BAND"", ""TUNER:_BAND_AM/FM"", ""TUNER_BAND_TOGGLE"", ""TUNER:_BAND"", ""BAND"", ""TUNER:_BAND_TOGGLE"", ""Unknown"", ""MEMORY"", ""TUNER_MEMORY"", ""Unknown"", ""TUNER:_0"", ""TUNER:_MEMORY"", ""TUNER:_MEMORY"", ""TUNER_HD_DISPLAY"", ""TUN_DISPLAY_XM"", ""TUNER_DISPLAY"", ""Unknown"", ""9"", ""TUNER:_9"", ""Unknown"", ""TUNER_9"", ""TUNER_NUM_9"", ""TUN_9_XM"", ""TUNER:_9"", ""0"", ""TUNER:_0"", ""Unknown"", ""TUNER_0"", ""TUNER_NUM_0"", ""TUN_0_XM"", ""TUNER:_0"", ""ENT"", ""TUNER:_ENTER"", ""Unknown"", ""TUNER_ENT"", ""TUNER_NUM_ENT"", ""TUN_ENT_XM"", ""TUNER:_ENTER"", ""INPUT_XM"", ""MZ:_XM"", ""MZ_IN:_XM"", ""INP_XM"", ""XM_INPUT"", ""Unknown"", ""XM"", ""INPUT:_XM"", ""TUN_BAND_TOG"", ""MZ:_INP_XM"", ""MZ_INP:_XM"", ""MZ_INP:_XM"", ""XM_ALL_CH_SRCH"", ""XM:_SEARCH_ALL_CH"", ""XM_SRCH_MODE_ALL"", ""XM:_SEARCH_ALL_CH"", ""SEARCH_ALL_CH"", ""XM:_ALL_CHANNEL"", ""Unknown"", ""XM:_ALL_CH_SEARCH"", ""XM_MODE_ALL"", ""XM_ALL_CH"", ""XM:_ALL_MODE"", ""XM:_ALL_CHANNEL"", ""XM_CAT._SRCH"", ""XM:_SEARCH_CATEG"", ""XM_SRCH_MODE_CAT."", ""XM:_SEARCH_CATEGORY"", ""SEARCH_CATEGORY"", ""XM:_CATEGORY"", ""Unknown"", ""XM:_CATAGORY_SRCH"", ""XM_MODE_CATEGORY"", ""XM_CATEGORY"", ""XM:_CATEGORY_MODE"", ""XM:_CATEGORY"", ""XM_PRESET_SRCH"", ""XM:_SEARCH_PRESET"", ""XM_SRCH_MODE_PRES"", ""XM:_SEARCH_PRESET"", ""SEARCH_PRESET"", ""XM:_PRESET"", ""Unknown"", ""XM:_PRESET_SRCH"", ""XM_MODE_PRESET"", ""XM_PRESET"", ""XM:_PRESET_MODE"", ""XM:_PRESET"", ""Z2_INPUT_XM"", ""Z2:_XM"", ""IN_XM"", ""Z2_IN_XM"", ""Z2_IN:_XM"", ""INP_XM"", ""ZONE_2_XM_INPUT"", ""ZONE2_XM"", ""ZONE_2:_INPUT_XM"", ""ZONE_2_XM"", ""Unknown"", ""Z2:_XM"", ""Z2:_INP_XM"", ""Z2_INP:_XM"", ""Z2_INP:_XM"", ""IN_XM"", ""Z3_IN_XM"", ""Z3_IN:_XM"", ""Z3:_XM"", ""INP_XM"", ""Z3:_INP_XM"", ""Z3_INP:_XM"", ""Z3_INP:_XM"", ""XM_PRESET_A"", ""XM:_PRESET_PG_A"", ""XM_PRESET_PAGE_A"", ""XM:_PRESET_PG_A"", ""A"", ""ZONE_2_POWER_ON"", ""XM:_CATAGORY_A"", ""XM:_PRESET_A"", ""XM:_A"", ""XM:_A"", ""XM_PRESET_B"", ""XM:_PRESET_PG_B"", ""XM_PRESET_PAGE_B"", ""XM:_PRESET_PG_B"", ""B"", ""XM:_CATAGORY_B"", ""XM:_PRESET_B"", ""XM:_B"", ""XM:_B"", ""XM_PRESET_C"", ""XM:_PRESET_PG_C"", ""XM_PRESET_PAGE_C"", ""XM:_PRESET_PG_C"", ""C"", ""XM:_CATAGORY_C"", ""XM:_PRESET_C"", ""XM:_C"", ""TUNER:_FM"", ""XM:_C"", ""XM_PRESET_D"", ""XM:_PRESET_PG_D"", ""XM_PRESET_PAGE_D"", ""XM:_PRESET_PG_D"", ""D"", ""XM:_CATAGORY_D"", ""XM:_PRESET_D"", ""XM:_D"", ""TUNER:_AM"", ""XM:_D"", ""XM_PRESET_E"", ""XM:_PRESET_PG_E"", ""XM_PRESET_PAGE_E"", ""XM:_PRESET_PG_E"", ""E"", ""XM:_CATAGORY_E"", ""XM:_PRESET_E"", ""XM:_E"", ""XM:_E"", ""XM_PRESET/NUM_ENT"", ""XM:_NUMERIC_ENTER"", ""XM_NUM_ENTER"", ""XM:_ENTER"", ""ENT"", ""XM_ENT_NUM_INPUT"", ""Unknown"", ""XM_ENT"", ""XM_SETUP:_ENTER"", ""CBL/SAT"", ""INPUT:_CB-SAT"", ""INPUT:_CBL-SAT"", ""INPUT:_CBL_/_SAT"", ""SAT"", ""INPUT_CBL/SAT"", ""MZ:_CBL/SAT"", ""INPUT:_CABLE"", ""MZ_IN:_CBL/SAT"", ""INP_CBL/SAT"", ""CBLE/SAT"", ""INPUT_D-TV/CBL"", ""MZ:_INP_CBL/SAT"", ""MZ:_CABLE"", ""MZ_INP:_CBL/SAT"", ""MZ_INP:_CBL/SAT"", ""DVD"", ""INPUT_DVD"", ""INPUT:_DVD"", ""MZ:_DVD"", ""MZ_IN:_DVD"", ""DVD_INPUT"", ""INP_DVD"", ""Unknown"", ""MAIN:_DVD"", ""INP_DVD"", ""MZ:_INP_DVD"", ""MZ_INP:_DVD"", ""MZ_INP:_DVD"", ""DISPLAY"", ""ON_SCREEN"", ""DISP"", ""ON_SCREEN_TOGGLE"", ""ONSCREEN_DISPLAY"", ""OSD"", ""MZ:_OSD_TOG"", ""MZ:_OSD_TOG"", ""DSP_PARAMETER"", ""DISP_DISPLAY_TOG"", ""YDISPLAY"", ""ON_SCREEN:_TOGGLE"", ""Unknown"", ""MAIN:_OSD_TOG"", ""OSD_TOG"", ""MZ:_DISPLAY_TOGGLE"", ""DISPLAY_TOGGLE"", ""DISPLAY_TOGGLE"", ""INPUT_MODE"", ""AUDIO_SEL"", ""MZ:_AUDIO_TOG"", ""AUDIO_SELECT_TOGGLE"", ""AUDIO_SEL:_TOGGLE"", ""AUDIO_SELECT"", ""INP_AUDIO_SELECT"", ""Unknown"", ""MZ:_INPUT_TOG"", ""INPUT_MODE_TOG"", ""MZ:_AUDIO_SEL_TOG"", ""PARAMETER_DOWN"", ""PAR._CURSER_DOWN"", ""PARAMETER:_DOWN"", ""PARAMETER"", ""Unknown"", ""GUI:_DOWN"", ""EFFECT_LEVELS_DOWN"", ""EFFECT_LEVELS_UP"", ""PARAMETER_UP"", ""PAR._CURSER_UP"", ""PARAMETER:_UP"", ""GUI:_UP"", ""EFFECT_LEVELS_+"", ""PARAMETER_RIGHT"", ""PARAMETER_+"", ""Z2_VCR_1"", ""PAR._CURSER_RIGHT"", ""PARAMETER:_(+)"", ""GUI:_RIGHT"", ""EFFECT_LEVELS_-"", ""PARAMETER_LEFT"", ""PARAMETER_-"", ""Z2_VCR_2_/_DVR"", ""PAR._CURSER_LEFT"", ""PARAMETER:_(-)"", ""GUI:_LEFT"", ""INPUT:_VCR_3"", ""VCR_3"", ""Z2_V-AUX"", ""INPUT_BD/HDDVD"", ""INP_BD/HD_DVD"", ""INPUT:_VCR3_/_DVR"", ""MZ:_INP_BDHDDVD"", ""MZ:_DVR"", ""MZ_INP:_BD/HD"", ""MZ_INP:_BD/HD"", ""MD/CDR"", ""INPUT_MD/CD-R"", ""INPUT:_MD"", ""MD"", ""INPUT:_MD/TAPE"", ""MD/TAPE"", ""Z2_D-TV_/_LD"", ""INPUT:_MD_/_TAPE"", ""MD/CD-R_INPUT"", ""MD/CD-R"", ""MZ:_MD/CD-R"", ""CD-R"", ""INPUT:_MD/CD-R"", ""Unknown"", ""MAIN:_MD/CD-R"", ""INP_MD/CD-R"", ""ZONE_2_D-TV_/_LD"", ""INPUT:_SAT"", ""INPUT:_SATELLITE"", ""INPUT:SAT"", ""ZONE_2_SIRIUS_INPUT"", ""ZONE_2_STANDBY"", ""MZ:_SAT"", ""INPUT:_SAT"", ""ZONE_2_SAT"", ""Z2:_SAT"", ""INPUT:_CB-SAT"", ""Z2_CBL/SAT"", ""Z2:_CBL/SAT"", ""CBL/SAT"", ""IN_CBL/SAT"", ""Z2_IN:_CBL/SAT"", ""INPUT:_CABLE"", ""INP_CBL/SAT"", ""ZONE_2_CABLE"", ""Z2:_INP_CBL/SAT"", ""Z2:_CABLE"", ""Z2_INP:_CBL/SAT"", ""Z2_INP:_CBL/SAT"", ""Z2_INPUT_DVD"", ""INPUT:_DVD"", ""Z2_DVD"", ""Z2:_DVD"", ""DVD"", ""IN_DVD"", ""Z2_IN_DVD"", ""Z2_IN:_DVD"", ""INP_DVD"", ""ZONE_2_DVD_INPUT"", ""ZONE2_DVD"", ""ZONE_2:_INPUT_DVD"", ""ZONE_2_DVD"", ""Unknown"", ""ZONE2:_DVD"", ""Z2_DVD"", ""Z2:_INP_DVD"", ""Z2_INP:_DVD"", ""Z2_INP:_DVD"", ""INPUT:_VCR_3"", ""Z2_IN_BD/HD-DVD"", ""INP_BD/HD_DVD"", ""ZONE_2_VCR_3_/_DVR"", ""Z2:_INP_BD/HDDVD"", ""Z2:_DVR"", ""Z2_INP:_BD/HD"", ""Z2_INP:_BD/HD"", ""Z2_INPUT_MD/CD"", ""INPUT:_MD"", ""Z2_MD/TAPE"", ""INPUT:_MD_/_TAPE"", ""DSP_PARAMETER"", ""ZONE_2_MD/CD-R"", ""Z2:_MD/CD-R"", ""ZONE2_CD-R"", ""ZONE_2:_INPUT_MD"", ""Unknown"", ""ZONE2:_MD/CD-R"", ""Z2_MD/CD-R"", ""PHONO"", ""Z2_INPUT_PHONO"", ""INPUT:_PHONO"", ""Z2_PHONO"", ""Z2:_PHONO"", ""Z2:_PHONO"", ""IN_PHONO"", ""Z2_IN_PHONO"", ""Z2_IN:_PHONO"", ""INP_PHONO"", ""ZONE_2:_INPUT_PHON"", ""ZONE_2_PHONO"", ""Unknown"", ""ZONE2:_PHONO"", ""Z2_PHONO"", ""Z2:_INP_PHONO"", ""Z2_INP:_PHONO"", ""Z2_INP:_PHONO"", ""CD"", ""Z2_INPUT_CD"", ""INPUT:_CD"", ""Z2_CD"", ""Z2:_CD"", ""IN_CD"", ""Z2_IN_CD"", ""ZONE_2_CD"", ""Z2_IN:_CD"", ""INP_CD"", ""ZONE_2_CD_INPUT"", ""ZONE2_CD"", ""ZONE_2:_INPUT_CD"", ""Unknown"", ""ZONE2:_CD"", ""Z2_CD"", ""Z2_INP:_CD"", ""Z2_INP:_CD"", ""TUNER"", ""Z2_INPUT_TUNER"", ""INPUT:_TUNER"", ""Z2_TUNER"", ""Z2:_TUNER"", ""IN_TUNER"", ""Z2_IN_TUNER"", ""ZONE_2_TUNER"", ""Z2_IN:_TUNER"", ""INP_TUNER"", ""ZONE_2_TUNER_INPUT"", ""ZONE2_TUNER"", ""ZONE_2:_INPUT_TUNER"", ""Unknown"", ""ZONE2:_TUNER"", ""Z2_TUNER"", ""Z2:_INP_TUNER"", ""Z2_INP:_TUNER"", ""Z2_INP:_TUNER"", ""TAPE_1"", ""INPUT:_TAPE"", ""Z2:_MD/TAPE"", ""MD/TAPE"", ""IN_MD/TAPE"", ""Z2_IN_MD/TAPE"", ""Z2_IN:_MD/TAPE"", ""Z2:_MD/CD-R"", ""ZONE_2_MD/TAPE"", ""Z2:_INP_MD/TAPE"", ""Z2_CD-R"", ""Z2:_CD-R"", ""CD-R"", ""IN_CD-R"", ""Z2_IN_CD-R"", ""Z2_IN:_CD-R"", ""INPUT:_CD-R"", ""INP_MD/CD-R"", ""ZONE_2_CD-R"", ""Z2:_INP_CD-R"", ""Z2_INP:_MD/CD-R"", ""Z2_INP:_MD/CD-R"", ""DVD"", ""INPUT:_LD"", ""ZONE_2_DVD/LD"", ""VCR1"", ""Z2_INPUT_VCR"", ""INPUT:_VCR_1"", ""Z2:_VCR1"", ""VCR-1"", ""IN_VCR_1"", ""Z2_IN_VCR"", ""ZONE_2_VCR_1"", ""Z2_IN:_VCR1"", ""INP_VCR"", ""ZONE2_VCR"", ""ZONE_2:_INPUT_VCR"", ""ZONE2:_VCR1"", ""Z2_VCR1(VCR)"", ""Z2:_INP_VCR"", ""Z2_INP:_VCR"", ""Z2_INP:_VCR"", ""VCR_2"", ""Z2_INPUT_DVR"", ""INPUT:_VCR_2"", ""Z2:_VCR2"", ""DVR/VCR2"", ""Z2:_DVR/VCR2"", ""IN_DVR/VCR_2"", ""Z2_IN_DVR"", ""ZONE_2_VCR_2"", ""Z2_IN:_DVR/VCR2"", ""INPUT:_VCR_2_/_DVR"", ""INP_DVR"", ""ZONE_2_DVR_INPUT"", ""ZONE2_DVR"", ""ZONE_2:_INPUT_DVR"", ""ZONE_2_DVR"", ""Unknown"", ""Z2_DVR/VCR2"", ""Z2:_INP_DVR"", ""Z2_INP:_DVR"", ""Z2_INP:_DVR"", ""V_AUX"", ""Z2_INPUT_V-AUX"", ""INPUT:_V-AUX"", ""Z2:_V-AUX"", ""V-AUX"", ""Z2:_V-AUX"", ""IN_V-AUX"", ""Z2_IN_V-AUX/DOCK"", ""Z2_IN:_V-AUX/DOCK"", ""Z2:_V-AUX/DOCK"", ""INP_V-AUX"", ""ZONE_2_V.AUX/DOCK"", ""ZONE2_V-AUX"", ""ZONE_2:_INPUT_V-AUX"", ""Unknown"", ""Z2:_V._AUX"", ""ZONE2:_V-AUX"", ""Z2_VOLUME_(-)"", ""ZONE_2_V-AUX"", ""Z2:_INPUT_V-AUX"", ""Z2_INP:_V-AUX"", ""Z2_INP:_V-AUX"", ""TV/DBS"", ""Z2_INPUT_DTV/CB"", ""INPUT:_D-TV"", ""Z2:_DTV/LD"", ""DTV"", ""Z2:_DTV"", ""IN_DTV"", ""Z2_IN_D-TV/CBL"", ""ZONE_2_TV/DBS"", ""Z2_IN:_D-TV"", ""INPUT:_D-TV_/_LD"", ""INP_TV"", ""ZONE_2_DTV/CBL"", ""ZONE2_DTV"", ""ZONE_2:_INPUT_DTV"", ""Unknown"", ""Z2:_DTV/CBL"", ""Z2_DTV/CBL"", ""MENU_UP"", ""Z2:_INP_DTV"", ""Z2_INP:_TV"", ""Z2_INP:_TV"", ""Z2_VOL_+"", ""Z2:_VOL_(+)"", ""VOL+"", ""ZONE_2_VOL._UP"", ""Z2_VOLUME_UP"", ""Z2:_VOL+"", ""ZONE_2:_VOLUME_UP"", ""ZONE_2_VOLUME_UP"", ""Unknown"", ""Z2_VOLUME_(+)"", ""Z2:_VOLUME_UP"", ""Z2:_VOLUME_UP"", ""Z2_VOL_-"", ""Z2:_VOL_(-)"", ""VOL-"", ""ZONE_2_VOL._DWON"", ""Z2_VOLUME_DOWN"", ""Z2:_VOL-"", ""ZONE_2:_VOLUME_DN"", ""ZONE_2_VOL._DOWN"", ""Unknown"", ""ZONE_2_VOLUME_DOWN"", ""Z2:_VOLUME_DOWN"", ""Z2:_VOLUME_DOWN"", ""Z2_MUTE"", ""Z2:_MUTE_TOG"", ""MUTE"", ""Z2_MUTE_TOGGLE"", ""Z2:_MUTE_TOGGLE"", ""MUTE_TOG"", ""ZONE_2_MUTE"", ""ZONE_2:_MUTE"", ""Unknown"", ""Z2:_MUTE"", ""ZONE2:_MUTE_TOG"", ""Z2_MUTE"", ""DSP_DIRECT_STEREO"", ""DSP_PURE_DIRECT"", ""DSP_TOG:_PURE_DIRECT"", ""DSP_PUREDIR_TOGGLE"", ""PURE_DIRECT:_TOGGLE"", ""DIRECT_STEREO"", ""DSP_TOG_PURE_DIR"", ""DIRECT"", ""Unknown"", ""PURE_DIRECT"", ""DSP:_PURE_TOGGLE"", ""DSP:_STEREO_DIRECT"", ""DSP_PURE_DIRECT_TOG"", ""PROGRAM_PURE_DIRECT"", ""DSP:_T_PURE_DIRECT"", ""MZ:_PURE_DIRECT"", ""ENTER"", ""MENU:_ENTER"", ""MENU_CURSOR_ENTER"", ""GUI:_ENTER"", ""MENU:_ENTER"", ""SETUP_ENTER"", ""SOURCE:_ENTER"", ""Unknown"", ""YENTER"", ""CURSOR_ENTER"", ""SET_MENU:_ENTER"", ""SET_MENU_ENTER"", ""MENU_ENTER"", ""MZ_SOURCE_ENTER"", ""MZ:_SET_CURS_ENTER"", ""GUI:_ENTER"", ""TUNER_PRESET_A"", ""TUNER_PAGE_A"", ""TUNER_BANK_A"", ""A"", ""TUNER:_PG_A"", ""TUNER_PRESETPAGEA"", ""TUNER:_PRESET_PG_A"", ""TUNER:_CATAGORY_A"", ""TUNER:_PRESET_A"", ""TUNER:_A"", ""TUNER:_A"", ""TUNER_PRESET_B"", ""TUNER_PAGE_B"", ""9"", ""TUNER_BANK_B"", ""B"", ""TUNER:_PG_B"", ""TUNER_PRESETPAGEB"", ""TUNER:_PRESET_PG_B"", ""TUNER:_CATAGORY_B"", ""TUNER:_PRESET_B"", ""TUNER:_B"", ""TUNER:_B"", ""TUNER_PRESET_C"", ""TUNER_PAGE_C"", ""0"", ""10"", ""TUNER_BANK_C"", ""C"", ""TUNER:_PG_C"", ""TUNER_PRESETPAGEC"", ""TUNER:_PRESET_PG_C"", ""TUNER:_CATAGORY_C"", ""TUNER:_PRESET_C"", ""TUNER:_C"", ""TUNER:_C"", ""TUNER_PRESET_D"", ""TUNER_PAGE_D"", ""11"", ""TUNER_BANK_D"", ""D"", ""TUNER:_PG_D"", ""TUNER_PRESETPAGED"", ""TUNER:_PRESET_PG_D"", ""TUNER:_CATAGORY_D"", ""TUNER:_PRESET_D"", ""TUNER:_D"", ""TUNER:_D"", ""TUNER_PRESET_E"", ""TUNER_PAGE_E"", ""12"", ""TUNER_BANK_E"", ""E"", ""TUNER:_PG_E"", ""TUNER_PRESETPAGEE"", ""TUNER:_PRESET_PG_E"", ""TUNER:_CATAGORY_E"", ""TUNER:_PRESET_E"", ""TUNER:_E"", ""TUNER:_E"", ""TUNER_PRESET_1"", ""1"", ""STEREO"", ""TUNER:_PRES_#_1"", ""TUNER:_PRESET_1"", ""PRESET_1"", ""TUNER:_1"", ""Unknown"", ""TUNER_1"", ""TUNER_NUM_1"", ""TUNER:_PRESET_#_1"", ""TUN_1"", ""TUNER:_1"", ""TUNER_PRESET_2"", ""2"", ""TUNER:_PRES_#_2"", ""TUNER:_PRESET_2"", ""PRESET_2"", ""TUNER:_2"", ""Unknown"", ""TUNER_2"", ""TUNER_NUM_2"", ""TUNER:_PRESET_#_2"", ""TUN_2"", ""TUNER:_2"", ""TUNER_PRESET_3"", ""3"", ""TUNER:_PRES_#_3"", ""TUNER:_PRESET_3"", ""PRESET_3"", ""TUNER:_3"", ""Unknown"", ""TUNER_3"", ""TUNER_NUM_3"", ""TUNER:_PRESET_#_3"", ""TUN_3"", ""TUNER:_3"", ""TUNER_PRESET_4"", ""4"", ""TUNER:_PRES_#_4"", ""TUNER:_PRESET_4"", ""PRESET_4"", ""TUNER:_4"", ""Unknown"", ""TUNER_4"", ""TUNER_NUM_4"", ""TUNER:_PRESET_#_4"", ""TUN_4"", ""TUNER:_4"", ""TUNER_PRESET_5"", ""5"", ""TUNER:_PRES_#_5"", ""TUNER:_PRESET_5"", ""PRESET_5"", ""TUNER:_5"", ""Unknown"", ""TUNER_5"", ""TUNER_NUM_5"", ""TUNER:_PRESET_#_5"", ""TUN_5"", ""TUNER:_5"", ""TUNER_PRESET_6"", ""6"", ""TUNER:_PRES_#_6"", ""TUNER:_PRESET_6"", ""PRESET_6"", ""TUNER:_6"", ""Unknown"", ""TUNER_6"", ""TUNER_NUM_6"", ""TUNER:_PRESET_#_6"", ""TUN_6"", ""TUNER:_6"", ""TUNER_PRESET_7"", ""7"", ""TV"", ""TUNER:_PRES_#_7"", ""TUNER:_PRESET_7"", ""PRESET_7"", ""TUNER:_7"", ""Unknown"", ""TUNER_7"", ""TUNER_NUM_7"", ""TUNER:_PRESET_#_7"", ""TUN_7"", ""TUNER:_7"", ""TUNER_PRESET_8"", ""8"", ""TUNER:_PRES_#_8"", ""TUNER:_PRESET_8"", ""PRESET_8"", ""TUNER:_8"", ""Unknown"", ""TUNER_8"", ""TUNER_NUM_8"", ""TUNER:_PRESET_#_8"", ""TUN_8"", ""TUNER:_8"", ""Z3:_POWER_ON"", ""POWER_ON"", ""Z3_POWER_ON"", ""Z3:_POWER_ON"", ""Z3:_POWER_OFF"", ""POWER_OFF_(STANDBY)"", ""Z3_POWER_OFF"", ""POWER_OFF"", ""POWER_OFF/STNDBY"", ""Z3:_STANDBY"", ""Z3:_STANDBY"", ""Z3:_V-AUX"", ""Z3:_V-AUX"", ""IN_V-AUX"", ""Z3_IN_V-AUX/DOCK"", ""Z3_IN:_V-AUX/DOCK"", ""Z3:_V-AUX/DOCK"", ""INP_V-AUX"", ""Z3:_INP_V-AUX"", ""Z3_INP:_V-AUX"", ""Z3_INP:_V-AUX"", ""Z3:_PHONO"", ""Z3:_PHONO"", ""IN_PHONO"", ""Z3_IN_PHONO"", ""INPUT:_PHONO"", ""Z3_IN:_PHONO"", ""INP_PHONO"", ""Z3:_INP_PHONO"", ""Z3_INP:_PHONO"", ""Z3_INP:_PHONO"", ""Z3:_CD"", ""IN_CD"", ""Z3_IN_CD"", ""INPUT:_CD"", ""Z3_IN:_CD"", ""INP_CD"", ""Z3:_INP_CD"", ""Z3_INP:_CD"", ""Z3_INP:_CD"", ""Z3:_TUNER"", ""IN_TUNER"", ""Z3_IN_TUNER"", ""INPUT:_TUNER"", ""Z3_IN:_TUNER"", ""INP_TUNER"", ""Z3:_INP_TUNER"", ""Z3_INP:_TUNER"", ""Z3_INP:_TUNER"", ""Z3:_MD/TAPE"", ""IN_MD/TAPE"", ""Z3_IN_MD/TAPE"", ""INPUT:_MD/TAPE"", ""Z3_IN:_MD/TAPE"", ""Z3:_INP_MD/TAPE"", ""Z3:_CD-R"", ""IN_CD-R"", ""Z3_IN_CD-R"", ""INPUT:_CD-R"", ""Z3_IN:_CD-R"", ""INP_MD/CD-R"", ""Z3:_INP_CD-R"", ""Z3_INP:_MD/CD-R"", ""Z3_INP:_MD/CD-R"", ""Z3:_DTV/LD"", ""Z3:_DTV"", ""IN_DTV"", ""Z3_IN_D-TV/CBL"", ""INPUT:_D-TV/LD"", ""Z3_IN:_D-TV"", ""INP_TV"", ""Z3:_INP_DTV"", ""Z3_INP:_TV"", ""Z3_INP:_TV"", ""Z3:_CBL/SAT"", ""IN_CBL/SAT"", ""INPUT:_CABLE"", ""Z3_IN:_CBL/SAT"", ""INP_CBL/SAT"", ""Z3:_INP_CBL/SAT"", ""Z3_INP:_CBL/SAT"", ""Z3_INP:_CBL/SAT"", ""Z3:_VCR1"", ""IN_VCR_1"", ""Z3_IN_VCR"", ""INPUT:_VCR1"", ""Z3_IN:_VCR1"", ""INP_VCR"", ""Z3:_INP_VCR"", ""Z3_INP:_VCR"", ""Z3_INP:_VCR"", ""Z3:_VCR2"", ""Z3:_DVR/VCR2"", ""IN_DVR/VCR_2"", ""Z3_IN_DVR"", ""INPUT:_VCR2"", ""Z3_IN:_DVR/VCR2"", ""INP_DVR"", ""Z3:_INP_DVR"", ""Z3_INP:_DVR"", ""Z3_INP:_DVR"", ""Z3_IN_BD/HD-DVD"", ""INP_BD/HD_DVD"", ""Z3:_INP_BD/HDDVD"", ""Z3_INP:_BD/HD"", ""Z3_INP:_BD/HD"", ""Z3:_DVD"", ""IN_DVD"", ""Z3_IN_DVD"", ""INPUT:_DVD"", ""Z3_IN:_DVD"", ""INP_DVD"", ""Z3:_INP_DVD"", ""Z3_INP:_DVD"", ""Z3_INP:_DVD"", ""Z3:_VOL_(+)"", ""VOL+"", ""Z3_VOL_+"", ""Z3:_VOL+"", ""Z3:_VOLUME_UP"", ""Z3:_VOLUME_UP"", ""Z3:_VOL_(-)"", ""VOL-"", ""Z3_VOL_-"", ""Z3:_VOL-"", ""Z3:_VOLUME_DOWN"", ""Z3:_VOLUME_DOWN"", ""Z3:_MUTE_TOG"", ""MUTE"", ""Z3_MUTE_TOGGLE"", ""MUTE_ON/OFF"", ""Z3:_MUTE_TOGGLE"", ""MUTE_TOG"", ""MUTE_TOGGLE"", ""MUTE_TOGGLE""]","[""NECext""]","[""7A 00 00 00""]",device_family,0.58,"[""modelo/família identificável com conjunto amplo""]","[""modelo de baixa confiança foi tratado como evidência estrutural"", ""muitos nomes compartilham a mesma intenção"", ""nomes de comandos reais não chegaram ao classificador"", ""protocolos reais não chegaram ao classificador"", ""sequência numerada pode indicar codeset ou bruteforce""]","[""50 maiores quantidades de comandos"", ""50 maiores repetições de nomes"", ""50 nomes ou comandos com sequências numéricas""]"
a24818c3023d1ea8,_Converted_/CSV/Y/Yamaha/Receiver/126_-1.ir,126_-1.ir,Converted/CSV,Yamaha,126_-1,2234,"[""Z4:_VOL_MEM_1"", ""Z4:_VOL_MEMORY_1"", ""Z4:_VOL_MEMORY_1"", ""Z4:_VOL_MEM_2"", ""Z4:_VOL_MEMORY_2"", ""Z4:_VOL_MEMORY_2"", ""Z4:_VOL_MEM_3"", ""Z4:_VOL_MEMORY_3"", ""Z4:_VOL_MEMORY_3"", ""Z4:_VOL_MEM_4"", ""Z4:_VOL_MEMORY_4"", ""Z4:_VOL_MEMORY_4"", ""Z4:_VOL_MEM_5"", ""Z4:_VOL_MEM_6"", ""Z4:_VOL_REC_1"", ""Z4:_VOL_RECALL_1"", ""Z4:_VOL_RECALL_1"", ""Z4:_VOL_REC_2"", ""Z4:_VOL_RECALL_2"", ""Z4:_VOL_RECALL_2"", ""Z4:_VOL_REC_3"", ""Z4:_VOL_RECALL_3"", ""Z4:_VOL_REC_4"", ""Z4:_VOL_RECALL_4"", ""Z4:_VOL_RECALL_4"", ""Z4:_VOL_REC_5"", ""Z4:_VOL_REC_6"", ""Z4:_MUTE_FULL"", ""Z4:_MUTE_OFF"", ""DSP_ENHANCER_XCH"", ""DSP:_X_CH_ENHANCER"", ""Unknown"", ""DSP_ENHANCER_7CH"", ""DSP_XCH_ENHANCER"", ""DSP:_ENHANCER_XCH"", ""DSP:_XCH_ENHANCE"", ""DSP:_XCH_ENHANCE"", ""DSP_EX_SUR_NEURAL"", ""DECOD:_E_NEURAL"", ""SLEEP_ON"", ""MZ:_SLEEP_ON"", ""SLEEP_ON"", ""Z2:_SLEEP_ON"", ""SLEEP_ON"", ""Z3:_SLEEP_ON"", ""SLEEP_ON"", ""Z4:_SLEEP_ON"", ""SLEEP_ON"", ""SLEEP_ON"", ""SLEEP_ON_ALL"", ""Z2_MUTE_OFF"", ""AZ:_SLEEP_ON"", ""SLEEP_OFF"", ""MZ:_SLEEP_OFF"", ""SLEEP_OFF"", ""Z2:_SLEEP_OFF"", ""SLEEP_OFF"", ""Z3:_SLEEP_OFF"", ""SLEEP_OFF"", ""Z4:_SLEEP_OFF"", ""SLEEP_OFF"", ""SLEEP_OFF"", ""RECOVERY_RESERVE"", ""RECOVERY:_ON"", ""HOME_BANK_MAIN"", ""Z3:_VOL_MEM_SAVE_1"", ""Z3_VOL_MEM_SAVE_1"", ""Z3:_VL_P_MEM_A"", ""V._PRESET_MEMORY_A"", ""Z3_VOL_MEM:_SAVE_1"", ""HDMI_OUT_1"", ""VOL_MEMORY_1"", ""MZ:_HDMI_OUT_1"", ""Z3:_VOL_MEM_1"", ""HDMI_OUT_1"", ""Z3:_VOL_MEMORY_1"", ""Z3:_VOL_MEMORY_1"", ""HOME_BANK_A"", ""Z3:_VOL_MEM_SAVE_2"", ""Z3_VOL_MEM_SAVE_2"", ""Z3:_VL_P_MEM_B"", ""V._PRESET_MEMORY_B"", ""Z3_VOL_MEM:_SAVE_2"", ""HDMI_OUT_2"", ""VOL_MEMORY_2"", ""MZ:_HDMI_OUT_2"", ""Z3:_VOL_MEM_2"", ""HDMI_OUT_2"", ""Z3:_VOL_MEMORY_2"", ""Z3:_VOL_MEMORY_2"", ""HOME_BANK_B"", ""Z3:_VOL_MEM_SAVE_3"", ""Z3_VOL_MEM_SAVE_3"", ""Z3:_VL_P_MEM_C"", ""V._PRESET_MEMORY_C"", ""Z3_VOL_MEM:_SAVE_3"", ""DISP_ASP_SMRT_ZOOM"", ""VOL_MEMORY_3"", ""ASPECT_SMART_ZOOM"", ""Unknown"", ""DISPLAY_SMART_ZOOM"", ""MZ:_ASP_SMRT_ZOOM"", ""Z3:_VOL_MEM_3"", ""Z3:_VOL_MEMORY_3"", ""Z3:_VOL_MEMORY_3"", ""HOME_BANK_C"", ""Z3:_VOL_MEM_SAVE_4"", ""Z3_VOL_MEM_SAVE_4"", ""Z3:_VL_P_MEM_D"", ""V._PRESET_MEMORY_D"", ""Z3_VOL_MEM:_SAVE_4"", ""DISP_ASP_THROUGH"", ""VOL_MEMORY_4"", ""ASPECT_THROUGH"", ""Unknown"", ""DISPLAY_ASPECT_THROU"", ""MZ:_ASP_THROUGH"", ""Z3:_VOL_MEM_4"", ""Z3:_VOL_MEMORY_4"", ""Z3:_VOL_MEMORY_4"", ""HOME_BANK_D"", ""Z3:_VOL_MEM_SAVE_5"", ""Z3_VOL_MEM_SAVE_5"", ""Z3:_VL_P_MEM_E"", ""V._PRESET_MEMORY_E"", ""Z3_VOL_MEM:_SAVE_5"", ""VOL+_ALL_ZONES"", ""AZ:_VOLUME_UP"", ""Z3:_VOL_MEM_5"", ""Z3:_VOL_MEMORY_5"", ""HOME_BANK_E"", ""Z3:_VOL_MEM_SAVE_6"", ""Z3_VOL_MEM_SAVE_6"", ""Z3:_VL_P_MEM_F"", ""V._PRESET_MEMORY_F"", ""Z3_VOL_MEM:_SAVE_6"", ""VOL-_ALL_ZONES"", ""AZ:_VOLUME_DOWN"", ""Z3:_VOL_MEM_6"", ""Z3:_VOL_MEMORY_6"", ""HOME_BANK_F"", ""Z3:_MUTE_ON"", ""Z3_MUTE_ON"", ""MUTE_ON"", ""MUTE_ON_(FULL)"", ""?AZ:_MUTE_TOGGLE"", ""Z3:_MUTE_FULL"", ""MUTE_ON"", ""PRGRM_EFFECT_ON"", ""DSP_EFFECT_ON"", ""DSP:_EFFECT_ON"", ""DSP_STRAIGHT_OFF"", ""MUTE_ON_(FULL)_ALL_Z"", ""Unknown"", ""DSP_EFFECT_ON"", ""DSP:_STRAIGHT_OFF"", ""AZ:_MUTE_FULL"", ""EFFECT_ON"", ""MZ:_MUTE_ON"", ""DSP:_STRAIGHT_OFF"", ""SPKR_B_SET_MAIN"", ""SP_B_SET_ZONE_1"", ""MZ:_SPKR_B_SET_MAIN"", ""MUTE_OFF_ALL_ZONES"", ""SPKR_B_MAIN"", ""AZ:_MUTE_OFF"", ""MZ:_MUTE_OFF"", ""SPKR_B_SET_Z2"", ""SP_B_SET_ZONE_2"", ""MZ:_SPKR_B_ZONE_B"", ""MUTE_ON_(-20DB)"", ""SPKR_B_ZB"", ""Z2:_MUTE_-20DB"", ""MUTE_-20DB"", ""MUTE_-20DB"", ""MUTE_ON_(-20DB)"", ""POWER_ON/STANDBY"", ""Unknown"", ""MZ_POWER_TOGGLE"", ""Z3:_MUTE_-20DB"", ""MUTE_-20DB"", ""MUTE_-20DB"", ""HOME_MEMORY_A"", ""HM_BK_PRESET_MEM_A"", ""MZ:_HM_P_MEM_A"", ""MZ:_SYS_MEM_SAVE_1"", ""SYS_MEM_SAVE_1"", ""SYS_MEM:_SAVE_1"", ""MZ:_SYSM_MEM_1"", ""Z4:_MUTE_-20DB"", ""HOME_BANK_MEMORY_A"", ""MZ:_SYSM_MEM_1"", ""HOME_MEMORY_B"", ""HM_BK_PRESET_MEM_B"", ""MZ:_HM_P_MEM_B"", ""MZ:_SYS_MEM_SAVE_2"", ""SYS_MEM_SAVE_2"", ""SYS_MEM:_SAVE_2"", ""SYS_MEM_2_MEMORY"", ""MUTE_ON_(-20DB)_AZ"", ""MZ:_SYSM_MEM_2"", ""AZ:_MUTE_-20DB"", ""HOME_BANK_MEMORY_B"", ""MZ:_MUTE_ON_-20DB"", ""MZ:_SYSM_MEM_2"", ""HOME_MEMORY_C"", ""HM_BK_PRESET_MEM_C"", ""MZ:_HM_P_MEM_C"", ""MZ:_SYS_MEM_SAVE_3"", ""SYS_MEM_SAVE_3"", ""SYS_MEM:_SAVE_3"", ""SYS_MEM_3_MEMORY"", ""MZ:_SYSM_MEM_3"", ""SRCE:_Z2_DISPL_ON"", ""Z2:_DISPLAY_ON"", ""HOME_BANK_MEMORY_C"", ""MZ:_SYSM_MEM_3"", ""DISPLAY_ON"", ""DISPLAY_ON"", ""SOURCE:_DISPLAY_ON"", ""HOME_MEMORY_D"", ""HM_BK_PRESET_MEM_D"", ""MZ:_HM_P_MEM_D"", ""MZ:_SYS_MEM_SAVE_4"", ""SYS_MEM_SAVE_4"", ""SYS_MEM:_SAVE_4"", ""SYS_MEM_4_MEMORY"", ""DISP_DISPLAY_ON"", ""MZ:_SYSM_MEM_4"", ""SRCE:_Z3_DISPL_ON"", ""Z3:_DISPLAY_ON"", ""HOME_BANK_MEMORY_D"", ""MZ:_SYSM_MEM_4"", ""DISPLAY_ON"", ""DISPLAY_ON"", ""HOME_MEMORY_E"", ""HM_BK_PRESET_MEM_E"", ""MZ:_HM_P_MEM_E"", ""MZ:_SYS_MEM_SAVE_5"", ""SYS_MEM_SAVE_5"", ""SYS_MEM:_SAVE_5"", ""SYS_MEM_5_MEMORY"", ""MZ:_SYSM_MEM_5"", ""SRCE:_Z4_DISPL_ON"", ""Z4:_DISPLAY_ON"", ""HOME_BANK_MEMORY_E"", ""MZ:_SYSM_MEM_5"", ""DISPLAY_ON"", ""HOME_MEMORY_F"", ""HOME_RECALL_F"", ""HM_BK_PRESET_MEM_F"", ""MZ:_HM_P_MEM_F"", ""MZ:_SYS_MEM_SAVE_6"", ""SYS_MEM_SAVE_6"", ""SYS_MEM:_SAVE_6"", ""SYS_MEM_6_MEMORY"", ""DISP_DISPLAY_OFF"", ""MZ:_SYSM_MEM_6"", ""SRCE:_Z2_DISPL_OFF"", ""Z2:_DISPLAY_OFF"", ""HOME_BANK_MEMORY_F"", ""MZ:_SYSM_MEM_6"", ""DISPLAY_OFF"", ""DISPLAY_OFF"", ""SOURCE:_DISPLAY_OFF"", ""12V:_DC1_CTL_Z3"", ""DC1_TRIG_CTRL_Z3"", ""DC1_TRG_CTL:_ZONE_3"", ""DC1_TRIGGER_CONTROL"", ""DISP_DISPLAY_OFF"", ""SRCE:_Z3_DISPL_OFF"", ""Z3:_DISPLAY_OFF"", ""SETMENU_EXTENDED"", ""TRIGGER_1_CTRL_Z3"", ""DISPLAY_OFF"", ""TRIGGER_1_CTRL_Z3"", ""DISPLAY_OFF"", ""DC1_TRG_CTRL_Z1"", ""DC1_TRG_CTRL_ZONE1"", ""DC1_TRG_CTRL_Z1_&_2"", ""12V:_DC1_CTL_Z1"", ""DC1_TRIG_CTRL_Z1"", ""DC1_TRG_CTRL_ZONE_1"", ""DC1_TRG_CTL:_ZONE_1"", ""DC1_TRIGGER_CONTROL"", ""TRIGGER_CTR:_ZONE_1"", ""MAIN:DC1_TRIGGER_CTR"", ""Unknown"", ""12V:_DC1_CNTL_Z1"", ""DC1_TRG_CTL_Z1"", ""DC1_TRIG_MZ_TOGGLE"", ""SRCE:_Z4_DISPL_OFF"", ""Z4:_DISPLAY_OFF"", ""DC_TRG_CTRL_ZONE1"", ""TRIGGER:_1_CTRL_MZ"", ""TRIGGER:_1_CTRL_MZ"", ""DISPLAY_OFF"", ""DC1_TRG_CTRL_Z2"", ""DC1_TRG_CTRL_ZONE2"", ""12V:_DC1_CTL_Z2"", ""DC1_TRIG_CTRL_Z2"", ""DC1_TRG_CTRL_ZONE_2"", ""DC1_TRG_CTL:_ZONE_2"", ""DC1_TRIGGER_CONTROL"", ""TRIGGER_CTL:_ZONE_2"", ""Z2:_DC1_TRIGGER_CTRL"", ""Unknown"", ""12V:_DC1_CNTL_Z2"", ""DC1_TRG_CTL_Z2"", ""DECOD:_3D_DSP_ON"", ""DC_TRG_CTRL_ZONE2"", ""DSP:_3D_DSP_ON"", ""DSP:_3D_DSP_ON"", ""TRIGGER_1_CTRL_Z2"", ""TRIGGER_1_CTRL_Z2"", ""DC1_TRG_CTRL_ALL"", ""DC1_TRG_CTRL_ALL_OR"", ""12V:_DC1_CTL_ALL"", ""DC1_TRIG_CTRL_ALL"", ""DSP_3D_DSP_ON"", ""DSP_3D_DSP_OFF"", ""DC1_TRG_CTL:_ALL_OR"", ""DC1_TRG_CTRL_ALL_ZON"", ""A-B"", ""TRIGGER_CTL:_ALL"", ""12V:_DC1_CNTL_ALL"", ""DC1_TRG_CTL_ALL_OR"", ""DECOD:_3D_DSP_OFF"", ""DC_TRG_CTRL_ZONE1/2"", ""DSP:_3D_DSP_OFF"", ""DSP:_3D_DSP_OFF"", ""HOME_RECALL_A"", ""HM_BK_PRESET_RCL_A"", ""MZ:_HM_P_RECL_A"", ""MZ:_SYS_MEM_LOAD_1"", ""SYS_MEM_LOAD_1"", ""SYS_MEM:_LOAD_1"", ""SYS_MEM_1_RECALL"", ""MZ:_SYSM_REC_1"", ""PARTY:_ON"", ""HOME_BANK_RECALL_A"", ""PARTY_ON"", ""DUAL_MONO_ALL"", ""MZ:_SYSM_REC_1"", ""PARTY_ON"", ""HOME_RECALL_B"", ""HM_BK_PRESET_RCL_B"", ""MZ:_HM_P_RECL_B"", ""MZ:_SYS_MEM_LOAD_2"", ""SYS_MEM_LOAD_2"", ""SYS_MEM:_LOAD_2"", ""SYS_MEM_2_RECALL"", ""MZ:_SYSM_REC_2"", ""PARTY:_OFF"", ""HOME_BANK_RECALL_B"", ""PARTY_OFF"", ""MZ:_SYSM_REC_2"", ""PARTY_OFF"", ""HOME_RECALL_C"", ""HM_BK_PRESET_RCL_C"", ""MZ:_HM_P_RECL_C"", ""MZ:_SYS_MEM_LOAD_3"", ""SYS_MEM_LOAD_3"", ""SYS_MEM:_LOAD_3"", ""SYS_MEM_3_RECALL"", ""MZ:_SYSM_REC_3"", ""MZ:_SYSM_MEM_7"", ""HOME_BANK_RECALL_C"", ""MZ:_SYSM_REC_3"", ""HOME_RECALL_D"", ""HM_BK_PRESET_RCL_D"", ""MZ:_HM_P_RECL_D"", ""MZ:_SYS_MEM_LOAD_4"", ""SYS_MEM_LOAD_4"", ""SYS_MEM:_LOAD_4"", ""SYS_MEM_4_RECALL"", ""MZ:_SYSM_REC_4"", ""MZ:_SYSM_MEM_8"", ""HOME_BANK_RECALL_D"", ""MZ:_SYSM_REC_4"", ""HOME_RECALL_E"", ""HM_BK_PRESET_RCL_E"", ""MZ:_HM_P_RECL_E"", ""MZ:_SYS_MEM_LOAD_5"", ""SYS_MEM_LOAD_5"", ""SYS_MEM:_LOAD_5"", ""SYS_MEM_5_RECALL"", ""MZ:_SYSM_REC_5"", ""MZ:_SYSM_MEM_9"", ""HOME_BANK_RECALL_E"", ""MZ:_SYSM_REC_5"", ""HM_BK_PRESET_RCL_F"", ""MZ:_HM_P_RECL_F"", ""MZ:_SYS_MEM_LOAD_6"", ""SYS_MEM_LOAD_6"", ""SYS_MEM:_LOAD_6"", ""SYS_MEM_6_RECALL"", ""MZ:_SYSM_REC_6"", ""MZ:_SYSM_MEM_10"", ""HOME_BANK_RECALL_F"", ""MZ:_SYSM_REC_6"", ""MZ:_SYSM_REC_7"", ""12V:_DC2_Z2_ON"", ""DC2_TRIG_Z2_ON"", ""DC2_TRG_ZONE_2_ON"", ""ZONE2_DC2_TRG_ON"", ""DC2_TRIGGER_ON"", ""MZ:_SYSM_REC_8"", ""TRIGGER_2_ON"", ""TRIGGER_2_ON"", ""12V:_DC2_Z2_OFF"", ""DC2_TRIG_Z2_OFF"", ""DC2_TRG_ZONE_2_OFF"", ""ZONE2_DC2_TRG_OFF"", ""DC2_TRIGGER_OFF"", ""MZ:_SYSM_REC_9"", ""TRIGGER_2_OFF"", ""TRIGGER_2_OFF"", ""12V:_DC2_Z1_ON"", ""DC2_TRIG_Z1_ON"", ""DC2_TRG_ZONE_1_ON"", ""ZONE1_DC2_TRG_ON"", ""DC2_TRIGGER_ON"", ""TRIGGER:_2_ON"", ""TRIGGER:_2_ON"", ""12V:_DC2_Z1_OFF"", ""DC2_TRIG_Z1_OFF"", ""DC2_TRG_ZONE_1_OFF"", ""ZONE1_DC2_TRG_OFF"", ""DC1_MANUAL_ON"", ""TRIGGER:_1_ON"", ""TRIGGER:_2_OFF"", ""TRIGGER:_2_OFF"", ""DC1_MANUAL_OFF"", ""TRIGGER:_1_OFF"", ""DC2_MANUAL_ON"", ""TRIGGER:_2_ON"", ""DC2_MANUAL_OFF"", ""TRIGGER:_2_OFF"", ""Z4:_BASS_+"", ""Z4:_BASS_-"", ""Z4:_TREBLE_+"", ""Z4:_TREBLE_-"", ""Z4:_BALANCE_LEFT"", ""Z4:_BALANCE_RIGHT"", ""SYS_MEM_1_MEMORY"", ""Z2:_SYSM_MEM_1"", ""Z2:_SYSM_MEM_1"", ""SYS_MEM_2_MEMORY"", ""Z2:_SYSM_MEM_2"", ""Z2:_SYSM_MEM_2"", ""SYS_MEM_3_MEMORY"", ""Z2:_SYSM_MEM_3"", ""Z2:_SYSM_MEM_3"", ""SYS_MEM_4_MEMORY"", ""Z2:_SYSM_MEM_4"", ""Z2:_SYSM_MEM_4"", ""SYS_MEM_1_MEMORY"", ""Z3:_SYSM_MEM_1"", ""Z3:_SYSM_MEM_1"", ""SYS_MEM_2_MEMORY"", ""Z3:_SYSM_MEM_2"", ""Z3:_SYSM_MEM_2"", ""SYS_MEM_3_MEMORY"", ""Z3:_SYSM_MEM_3"", ""Z3:_SYSM_MEM_3"", ""SYS_MEM_4_MEMORY"", ""Z3:_SYSM_MEM_4"", ""Z3:_SYSM_MEM_4"", ""Z4:_SYSM_MEM_1"", ""Z4:_SYSM_MEM_1"", ""Z4:_SYSM_MEM_2"", ""Z4:_SYSM_MEM_2"", ""Z4:_SYSM_MEM_3"", ""Z4:_SYSM_MEM_3"", ""Z4:_SYSM_MEM_4"", ""Z4:_SYSM_MEM_4"", ""SYS_MEM_1_RECALL"", ""Z2:_SYSM_REC_1"", ""Z2:_SYSM_REC_1"", ""SYS_MEM_2_RECALL"", ""Z2:_SYSM_REC_2"", ""Z2:_SYSM_REC_2"", ""SYS_MEM_3_RECALL"", ""Z2:_SYSM_REC_3"", ""Z2:_SYSM_REC_3"", ""SYS_MEM_4_RECALL"", ""Z2:_SYSM_REC_4"", ""Z2:_SYSM_REC_4"", ""SYS_MEM_1_RECALL"", ""Z3:_SYSM_REC_1"", ""Z3:_SYSM_REC_1"", ""SYS_MEM_2_RECALL"", ""Z3:_SYSM_REC_2"", ""Z3:_SYSM_REC_2"", ""SYS_MEM_3_RECALL"", ""Z3:_SYSM_REC_3"", ""Z3:_SYSM_REC_3"", ""SYS_MEM_4_RECALL"", ""Z3:_SYSM_REC_4"", ""Z3:_SYSM_REC_4"", ""Z4:_SYSM_REC_1"", ""Z4:_SYSM_REC_1"", ""Z4:_SYSM_REC_2"", ""Z4:_SYSM_REC_2"", ""Z4:_SYSM_REC_3"", ""Z4:_SYSM_REC_3"", ""VOLUME_BANK_MAIN"", ""Z3:_VOL_MEM_LOAD_1"", ""Z3_VOL_MEM_LOAD_1"", ""Z3:_VL_P_RECL_A"", ""V._PRESET_RECALL_A"", ""Z3_VOL_MEM:_LOAD_1"", ""VOL_RECALL_1"", ""VOL_MEMORY_6"", ""Z3:_VOL_REC_1"", ""Z4:_SYSM_REC_4"", ""Z3:_VOL_RECALL_1"", ""Z3:_VOL_RECALL_1"", ""Z4:_SYSM_REC_4"", ""VOLUME_BANK_A"", ""Z3:_VOL_MEM_LOAD_2"", ""Z3_VOL_MEM_LOAD_2"", ""Z3:_VL_P_RECL_B"", ""V._PRESET_RECALL_B"", ""Z3_VOL_MEM:_LOAD_2"", ""VOL_RECALL_2"", ""Z3:_VOL_REC_2"", ""Z3:_VOL_RECALL_2"", ""Z3:_VOL_RECALL_2"", ""VOLUME_BANK_B"", ""Z3:_VOL_MEM_LOAD_3"", ""Z3_VOL_MEM_LOAD_3"", ""Z3:_VL_P_RECL_C"", ""V._PRESET_RECALL_C"", ""Z3_VOL_MEM:_LOAD_3"", ""VOL_RECALL_3"", ""Z3:_VOL_REC_3"", ""Z3:_VOL_RECALL_3"", ""Z3:_VOL_RECALL_3"", ""Z4:_VOL_RECALL_3"", ""VOLUME_BANK_C"", ""Z3:_VOL_MEM_LOAD_4"", ""Z3_VOL_MEM_LOAD_4"", ""Z3:_VL_P_RECL_D"", ""V._PRESET_RECALL_D"", ""Z3_VOL_MEM:_LOAD_4"", ""MUTE_ON_(-40DB)"", ""VOL_RECALL_4"", ""MZ:_MUTE_-40DB"", ""Z3:_VOL_REC_4"", ""MZ:_MUTE_ON_-40DB"", ""Z3:_VOL_RECALL_4"", ""Z3:_VOL_RECALL_4"", ""VOLUME_BANK_D"", ""Z3:_VOL_MEM_LOAD_5"", ""Z3_VOL_MEM_LOAD_5"", ""Z3:_VL_P_RECL_E"", ""V._PRESET_RECALL_E"", ""Z3_VOL_MEM:_LOAD_5"", ""MUTE_ON_(-40DB)"", ""Z3:_VOL_REC_5"", ""Z2:_MUTE_-40DB"", ""MUTE_-40DB"", ""MUTE_-40DB"", ""Z3:_VOL_RECALL_5"", ""VOLUME_BANK_E"", ""Z3:_VOL_MEM_LOAD_6"", ""Z3_VOL_MEM_LOAD_6"", ""Z3:_VL_P_RECL_F"", ""V._PRESET_RECALL_F"", ""Z3_VOL_MEM:_LOAD_6"", ""MUTE_ON_(-40DB)"", ""Z3:_VOL_REC_6"", ""Z3:_MUTE_-40DB"", ""MUTE_-40DB"", ""Z3:_VOL_RECALL_6"", ""MUTE_-40DB"", ""VOLUME_BANK_F"", ""Z3:_MUTE_OFF"", ""Z3_MUTE_OFF"", ""MUTE_OFF"", ""Z4:_MUTE_-40DB"", ""MUTE_OFF"", ""2CH_DECODE_MOVIE"", ""DSP_PLII_MOVIE"", ""DSP:_PLII_MOVIE"", ""DSP:_S_PLIIX_MOVIE"", ""SUR_DEC_PLIIX_MOV."", ""DSP:_PLIIX_MOVIE"", ""DCODE_PLIIX_MOVIE"", ""MUTE_ON_(-40DB)_AZ"", ""PROLOGIC_IIX_MOVIE"", ""Unknown"", ""DSP_PLIIX_MOVIE"", ""DECOD:_PLIIX_MOVIE"", ""AZ:_MUTE_-40DB"", ""PROGRAM_PLII_MOVIE"", ""SUR_PLIIX_MOVIE"", ""MZ:_MUTE_ON_-40DB"", ""SUR_PLIIX_MOVIE"", ""2CH_DECODE_MUSIC"", ""DSP_PLII_MUSIC"", ""DSP:_PLII_MUSIC"", ""DSP:_S_PLIIX_MUSIC"", ""SUR_DEC_PLIIX_MUS."", ""DSP:_PLIIX_MUSIC"", ""DCODE_PLIIX_MUSIC"", ""PROLOGIC_IIX_MUSIC"", ""Unknown"", ""DSP_PLIIX_MUSIC"", ""DECOD:_PLIIX_MUSIC"", ""FAN:_ON"", ""PROGRAM_PLII_MUSIC"", ""SUR_PLIIX_MUSIC"", ""SUR_PLIIX_MUSIC"", ""2CH_DECODE_CINEM"", ""DSP_NEO:6_MOVIE"", ""DSP:_NEO/6_MOVIE"", ""DSP:_S_NEO:6_CINEMA"", ""SUR_DEC_NEO6_CINE"", ""DSP:_NEO:6_CINEMA"", ""DCODE_NEO6_MOVI"", ""NEO:6_CINEMA"", ""Unknown"", ""DSP:_NEO:6_MOVIE"", ""DSP:_NEO6_CINEMA"", ""DSP_NEO6_CINEMA"", ""DECOD:_NEO6_MOVI"", ""DECOD:_PRO-LOGIC"", ""FAN:_OFF"", ""PROGRAM_NEO:6_MOVIE"", ""SUR_NEO6_MOVIE"", ""SUR_NEO6_MOVIE"", ""2CH_DECODE_NMUSI"", ""DSP_NEO:6_MUSIC"", ""DSP:_NEO/6_MUSIC"", ""DSP:_S_NEO:6_MUSIC"", ""SUR_DEC_NEO6_MUS"", ""DSP_NEO6:_MUSIC"", ""DSP:_NEO:6_MUSIC"", ""DCODE_NEO6_MUSI"", ""NEO:6_MUSIC"", ""Unknown"", ""DSP:_NEO6_MUSIC"", ""DSP_NEO6_MUSIC"", ""DECOD:_NEO6_MUSI"", ""PROGRAM_NEO:6_MUSIC"", ""SUR_NEO6_MUSIC"", ""SUR_NEO6_MUSIC"", ""VOL_MEM_A"", ""VOLUME_MEMORY_A"", ""PRESET_MEMORY_A"", ""MZ:_VOL_P_MEM_A"", ""MZ:_VOL_MEM_SAVE_1"", ""MZ_VOL_MEM_SAVE_1"", ""MZ:_VL_P_MEM_A"", ""MZ_VOL_MEM:_SAVE_1"", ""VOL_MEMORY_1"", ""VOL._MEMORY_1"", ""Unknown"", ""VOLUME_MEMORY:_A"", ""MZ:_VOL_MEM_1"", ""VOLUME_BANK_MEMORY_A"", ""MZ:_VOL_MEM_1"", ""VOL_MEM_B"", ""VOLUME_MEMORY_B"", ""PRESET_MEMORY_B"", ""MZ:_VOL_P_MEM_B"", ""MZ:_VOL_MEM_SAVE_2"", ""MZ_VOL_MEM_SAVE_2"", ""MZ:_VL_P_MEM_B"", ""MZ_VOL_MEM:_SAVE_2"", ""VOL_MEMORY_2"", ""VOL._MEMORY_2"", ""Unknown"", ""VOLUME_MEMORY:_B"", ""MZ:_VOL_MEM_2"", ""MZ:_VOL_MEM_7"", ""VOLUME_BANK_MEMORY_B"", ""MZ:_VOL_MEM_2"", ""VOL_MEM_C"", ""VOLUME_MEMORY_C"", ""PRESET_MEMORY_C"", ""MZ:_VOL_P_MEM_C"", ""MZ:_VOL_MEM_SAVE_3"", ""MZ_VOL_MEM_SAVE_3"", ""MZ:_VL_P_MEM_C"", ""MZ_VOL_MEM:_SAVE_3"", ""VOL_MEMORY_3"", ""VOL._MEMORY_3"", ""Unknown"", ""VOLUME_MEMORY:_C"", ""MZ:_VOL_MEM_3"", ""MZ:_VOL_MEM_8"", ""VOLUME_BANK_MEMORY_C"", ""MZ:_VOL_MEM_3"", ""VOL_MEM_D"", ""VOLUME_MEMORY_D"", ""PRESET_MEMORY_D"", ""MZ:_VOL_P_MEM_D"", ""MZ:_VOL_MEM_SAVE_4"", ""MZ_VOL_MEM_SAVE_4"", ""MZ:_VL_P_MEM_D"", ""MZ_VOL_MEM:_SAVE_4"", ""VOL_MEMORY_4"", ""VOL._MEMORY_4"", ""Unknown"", ""VOLUME_MEMORY:_D"", ""MZ:_VOL_MEM_4"", ""MZ:_VOL_MEM_9"", ""VOLUME_BANK_MEMORY_D"", ""MZ:_VOL_MEM_4"", ""VIDEO_PRESET_4"", ""VOL_MEM_E"", ""VOLUME_MEMORY_E"", ""PRESET_MEMORY_E"", ""MZ:_VOL_P_MEM_E"", ""MZ:_VOL_MEM_SAVE_5"", ""MZ_VOL_MEM_SAVE_5"", ""MZ:_VL_P_MEM_E"", ""MZ_VOL_MEM:_SAVE_5"", ""VOL_MEMORY_5"", ""VOL._MEMORY_5"", ""Unknown"", ""VOLUME_MEMORY:_E"", ""MZ:_VOL_MEM_5"", ""MZ:_VOL_MEM_10"", ""VOLUME_BANK_MEMORY_E"", ""MZ:_VOL_MEM_5"", ""VIDEO_PRESET_5"", ""VOL_MEM_F"", ""VOLUME_MEMORY_F"", ""PRESET_MEMORY_F"", ""MZ:_VOL_P_MEM_F"", ""MZ:_VOL_MEM_SAVE_6"", ""MZ_VOL_MEM_SAVE_6"", ""MZ:_VL_P_MEM_F"", ""MZ_VOL_MEM:_SAVE_6"", ""VOL_MEMORY_6"", ""VOL._MEMORY_6"", ""Unknown"", ""VOLUME_MEMORY:_F"", ""MZ:_VOL_MEM_6"", ""MZ:_VOL_REC_7"", ""VOLUME_BANK_MEMORY_F"", ""MZ:_VOL_MEM_6"", ""VIDEO_PRESET_6"", ""DC1_TRG_Z2_ON"", ""Z2_DC1_TRG_ON"", ""12V:_DC1_Z2_ON"", ""DC1_TRIG_Z2_ON"", ""ZONE2_DC1_TRG_ON"", ""DC1_TRG_ZONE_2_ON"", ""DC1_TRIGGER_ON"", ""TRIGGER_ZONE_2_ON"", ""Z2:_DC1_TRIGGER_ON"", ""Unknown"", ""12V:_DC2_ON"", ""DC1_TRG_Z2_ON"", ""MZ:_VOL_REC_8"", ""ZONE2_DC_TRG_ON"", ""TRIGGER_1_ON"", ""TRIGGER_1_ON"", ""DC1_TRG_Z2_OFF"", ""Z2_DC1_TRG_OFF"", ""12V:_DC1_Z2_OFF"", ""DC1_TRIG_Z2_OFF"", ""ZONE2_DC1_TRG_OFF"", ""DC1_TRG_ZONE_2_OFF"", ""DC1_TRIGGER_OFF"", ""TRIGGER_ZONE_2_OFF"", ""Z2:_DC1_TRIGGER_OFF"", ""Unknown"", ""12V:_DC2_OFF"", ""DC1_TRG_Z2_OFF"", ""MZ:_VOL_REC_9"", ""ZONE2_DC_TRG_OFF"", ""TRIGGER_1_OFF"", ""TRIGGER_1_OFF"", ""DC1_TRG_Z1_ON"", ""ZONE1_DC1_TRG_ON"", ""12V:_DC1_Z1_ON"", ""DC1_TRIG_Z1_ON"", ""DC1_TRG_ZONE_1_ON"", ""DC1_TRIGGER_ON"", ""TRIGGER_ZONE_1_ON"", ""MAIN:DC1_TRIGGER_ON"", ""Unknown"", ""12V:_DC1_ON"", ""DC1_TRG_Z1_ON"", ""DC1_TRIG_MZ_ON"", ""MZ:_VOL_REC_10"", ""DC_TRIGGER_ON"", ""TRIGGER:_1_ON"", ""TRIGGER:_1_ON"", ""DC1_TRG_Z1_OFF"", ""ZONE1_DC1_TRG_OFF"", ""12V:_DC1_Z1_OFF"", ""DC1_TRIG_Z1_OFF"", ""ADAPTIVE_DRC_ON"", ""DC1_TRG_ZONE_1_OFF"", ""DC1_TRIGGER_OFF"", ""DSP_A-DRC_ON"", ""Unknown"", ""TRIGGER_ZONE_1_OFF"", ""MAIN:DC1_TRIGGER_OFF"", ""Unknown"", ""12V:_DC1_OFF"", ""DC1_TRG_Z1_OFF"", ""DC1_TRIG_MZ_OFF"", ""MENU_ADRC_ON"", ""MZ:_ADAP-DRC_ON"", ""DC_TRIGGER_OFF"", ""TRIGGER:_1_OFF"", ""ADAP_DRC_ON"", ""TRIGGER:_1_OFF"", ""ADAP_DRC_ON"", ""VOL_RECALL_A"", ""VOLUME_RECALL_A"", ""PRESET_RECALL_A"", ""MZ:_VOL_P_RECL_A"", ""MZ:_VOL_MEM_LOAD_1"", ""MZ_VOL_MEM_LOAD_1"", ""ADAPTIVE_DRC_OFF"", ""MZ:_VL_P_RECL_A"", ""MZ_VOL_MEM:_LOAD_1"", ""VOL_RECALL_1"", ""DSP_A-DRC_OFF"", ""VOLUME_1_LOAD"", ""VOL._RECALL_1"", ""Unknown"", ""Unknown"", ""VOLUME_RECALL:_A"", ""MENU_ADRC_OFF"", ""MZ:_VOL_REC_1"", ""MZ:_ADAP-DRC_OFF"", ""VOLUME_BANK_RECALL_A"", ""ADAP_DRC_OFF"", ""MZ:_VOL_REC_1"", ""ADAP_DRC_OFF"", ""VOL_RECALL_B"", ""VOLUME_RECALL_B"", ""PRESET_RECALL_B"", ""MZ:_VOL_P_RECL_B"", ""MZ:_VOL_MEM_LOAD_2"", ""MZ_VOL_MEM_LOAD_2"", ""ADAPTIVE_DSP_ON"", ""MZ:_VL_P_RECL_B"", ""MZ_VOL_MEM:_LOAD_2"", ""VOL_RECALL_2"", ""DSP_A-DSP_ON"", ""VOL._RECALL_2"", ""Unknown"", ""Unknown"", ""VOLUME_RECALL:_B"", ""MENU_ADSP_ON"", ""MZ:_VOL_REC_2"", ""MZ:_ADAP-DSP_ON"", ""VOLUME_BANK_RECALL_B"", ""ADAP_DSP_ON"", ""MZ:_VOL_REC_2"", ""ADAP_DSP_ON"", ""VOL_RECALL_C"", ""VOLUME_RECALL_C"", ""PRESET_RECALL_C"", ""MZ:_VOL_P_RECL_C"", ""MZ:_VOL_MEM_LOAD_3"", ""MZ_VOL_MEM_LOAD_3"", ""ADAPTIVE_DSP_OFF"", ""MZ:_VL_P_RECL_C"", ""MZ_VOL_MEM:_LOAD_3"", ""VOL_RECALL_3"", ""DSP_A-DSP_OFF"", ""VOL._RECALL_3"", ""Unknown"", ""Unknown"", ""VOLUME_RECALL:_C"", ""MENU_ADSP_OFF"", ""MZ:_VOL_REC_3"", ""MZ:_ADAP-DSP_OFF"", ""VOLUME_BANK_RECALL_C"", ""ADAP_DSP_OFF"", ""MZ:_VOL_REC_3"", ""ADAP_DSP_OFF"", ""VOL_RECALL_D"", ""VOLUME_RECALL_D"", ""PRESET_RECALL_D"", ""MZ:_VOL_P_RECL_D"", ""MZ:_VOL_MEM_LOAD_4"", ""MZ_VOL_MEM_LOAD_4"", ""MZ:_VL_P_RECL_D"", ""MZ_VOL_MEM:_LOAD_4"", ""VOL_RECALL_4"", ""VOL._RECALL_4"", ""Unknown"", ""VOLUME_RECALL:_D"", ""MZ:_VOL_REC_4"", ""VCXO:_ON"", ""VOLUME_BANK_RECALL_D"", ""MZ:_VOL_REC_4"", ""VOL_RECALL_E"", ""VOLUME_RECALL_E"", ""PRESET_RECALL_E"", ""MZ:_VOL_P_RECL_E"", ""MZ:_VOL_MEM_LOAD_5"", ""MZ_VOL_MEM_LOAD_5"", ""MZ:_VL_P_RECL_E"", ""MZ_VOL_MEM:_LOAD_5"", ""VOL_RECALL_5"", ""VOL._RECALL_5"", ""Unknown"", ""VOLUME_RECALL:_E"", ""MZ:_VOL_REC_5"", ""VCXO:_OFF"", ""VOLUME_BANK_RECALL_E"", ""MZ:_VOL_REC_5"", ""VOL_RECALL_F"", ""VOLUME_RECALL_F"", ""PRESET_RECALL_F"", ""MZ:_VOL_P_RECL_F"", ""MZ:_VOL_MEM_LOAD_6"", ""MZ_VOL_MEM_LOAD_6"", ""MZ:_VL_P_RECL_F"", ""MZ_VOL_MEM:_LOAD_6"", ""VOL_RECALL_6"", ""VOL._RECALL_6"", ""Unknown"", ""VOLUME_RECALL:_F"", ""MZ:_VOL_REC_6"", ""FAN:_AUTO"", ""VOLUME_BANK_RECALL_F"", ""MZ:_VOL_REC_6"", ""FAN:_STOP"", ""MZ:_INP_MODE_ILINK"", ""EX/ES_AUTO"", ""6.1/ES_AUTO"", ""DSP:_EX/ES_AUTO"", ""DSP:_EX_ES_AUTO"", ""DSP:_EX_SURR._AUTO"", ""EXTD_SUR_AUTO"", ""DSP:_EX/6.1/ES_AUTO"", ""EXT_SUR:_AUTO"", ""DSP_EX_SUR_AUTO"", ""EXTED._SURR._AUTO"", ""Unknown"", ""DSP:_AUTO"", ""EX/ES_AUTO"", ""EXTED_SUR._AUTO"", ""DECOD:_EX_AUTO"", ""FAN:_LOW"", ""EXTED_SUR_AUTO"", ""EXTED_SUR_AUTO"", ""6.1/ES_DISCRETE_ON"", ""DSP:_EX/ES_ON"", ""DSP:_EX_ES_ON"", ""DSP:_EX/6.1/ES_ON"", ""FAN:_MID"", ""POWER"", ""POWER_ON"", ""MAIN_POWER_ON"", ""MZ:_MAIN_POWER_ON"", ""MZ_POWER_ON"", ""MAIN_ZONE_ON"", ""MZ:_POWER_ON"", ""Unknown"", ""POWER"", ""POWER_ON_(MAIN)"", ""MAIN:_MAIN_POWER_ON"", ""MAIN_POWER_ON"", ""FAN:_HIGH"", ""MZ:_POWER_ON"", ""STANDBY"", ""POWER_OFF"", ""MAIN_POWER_OFF"", ""MZ:_MAIN_POWER_OFF"", ""MZ_POWER_OFF"", ""MAIN_ZONE_OFF"", ""MZ:_POWER_OFF"", ""POWER_OFF/STNDBY"", ""Unknown"", ""POWER_OFF_(MAIN)"", ""MAIN:_MAIN_POWER_OFF"", ""MAIN_POWER_OFF"", ""MZ:_STANDBY"", ""MZ:_STANDBY"", ""PURE_DIRECT_ON"", ""DSP:_PURE_DIRECT_ON"", ""DSP_PURE_DIRECT_ON"", ""PURE_DIRECT:_ON"", ""DSP:_DIRECT_ON"", ""Unknown"", ""DSP:_PURE_ON"", ""PURE_DIRECT_ON"", ""DSP:_PURE_DIR._ON"", ""Z2_VOL_BANK_MAIN"", ""DSP:_PURE_DIR_ON"", ""DSP:_PURE_DIR_ON"", ""Z2_VOL_BANK_A"", ""PURE_DIRECT_OFF"", ""DSP:_PURE_DIRECT_OFF"", ""DSP_PURE_DIRECT_OFF"", ""PURE_DIRECT:_OFF"", ""HDMI_OUT_OFF"", ""DSP:_DIRECT_OFF"", ""Unknown"", ""DSP:_PURE_OFF"", ""PURE_DIRECT_OFF"", ""DSP:_PURE_DIR._OFF"", ""Z2_VOL_BANK_B"", ""DSP:_PURE_DIR_OFF"", ""DSP:_PURE_DIR_OFF"", ""HDMI_OUT_OFF"", ""12V:_DC1_Z3_ON"", ""DC1_TRIG_Z3_ON"", ""DC1_TRG_ZONE_3_ON"", ""HDMI_AUTO_ON"", ""DC1_TRIGGER_ON"", ""HDMI_LIPSYNC_ON"", ""Unknown"", ""Z2_VOL_BANK_C"", ""HDMI_AUTO_ON"", ""TRIGGER_1_ON"", ""TRIGGER_1_ON"", ""12V:_DC1_Z3_OFF"", ""DC1_TRIG_Z3_OFF"", ""DC1_TRG_ZONE_3_OFF"", ""HDMI_AUTO_OFF"", ""DC1_TRIGGER_OFF"", ""HDMI_LIPSYNC_OFF"", ""Unknown"", ""Z2_VOL_BANK_D"", ""HDMI_AUTO_OFF"", ""TRIGGER_1_OFF"", ""TRIGGER_1_OFF"", ""12V:_DC2_Z3_ON"", ""DC2_TRIG_Z3_ON"", ""DC2_TRG_ZONE_3_ON"", ""MENU_ON"", ""DC2_TRIGGER_ON"", ""Z2_VOL_BANK_E"", ""MENU_ON"", ""TRIGGER_2_ON"", ""TRIGGER_2_ON"", ""12V:_DC2_Z3_OFF"", ""DC2_TRIG_Z3_OFF"", ""DC2_TRG_ZONE_3_OFF"", ""DC2_TRIGGER_OFF"", ""MENU_ON"", ""Z2_VOL_BANK_F"", ""TRIGGER_2_OFF"", ""TRIGGER_2_OFF"", ""MENU_ON"", ""Z2_VOL_MEM_A"", ""Z2:_VOLP_MEM_A"", ""Z2:_VOL_MEM_SAVE_1"", ""Z2_VOL_MEM_SAVE_1"", ""Z2_PRESET_MEMORY_A"", ""Z2:_VL_P_MEM_A"", ""Z2_VOL_MEM:_SAVE_1"", ""VOL_MEMORY_1"", ""Z2:_VOL._MEMORY_1"", ""Unknown"", ""Z2_VOL_MEM_1"", ""Z2:_VOL_MEM_1"", ""Z2_VOL_BANK_MEMORY_A"", ""Z2:_VOL_MEMORY_1"", ""Z2:_VOL_MEMORY_1"", ""MENU_ON"", ""MENU_ON"", ""Z2_VOL_MEM_B"", ""Z2:_VOLP_MEM_B"", ""Z2:_VOL_MEM_SAVE_2"", ""Z2_VOL_MEM_SAVE_2"", ""Z2_PRESET_MEMORY_B"", ""Z2:_VL_P_MEM_B"", ""Z2_VOL_MEM:_SAVE_2"", ""VOL_MEMORY_2"", ""MENU_OFF"", ""Z2:_VOL._MEMORY_2"", ""Unknown"", ""Z2_VOL_MEM_2"", ""Z2:_VOL_MEM_2"", ""Z2_VOL_BANK_MEMORY_B"", ""Z2:_VOL_MEMORY_2"", ""Z2:_VOL_MEMORY_2"", ""MENU_OFF"", ""Z2_VOL_MEM_C"", ""Z2:_VOLP_MEM_C"", ""Z2:_VOL_MEM_SAVE_3"", ""Z2_VOL_MEM_SAVE_3"", ""Z2_PRESET_MEMORY_C"", ""Z2:_VL_P_MEM_C"", ""Z2_VOL_MEM:_SAVE_3"", ""VOL_MEMORY_3"", ""MENU_OFF"", ""Z2:_VOL._MEMORY_3"", ""Unknown"", ""Z2_VOL_MEM_3"", ""Z2:_VOL_MEM_3"", ""Z2_VOL_BANK_MEMORY_C"", ""Z2:_VOL_MEMORY_3"", ""Z2:_VOL_MEMORY_3"", ""MENU_OFF"", ""Z2_VOL_MEM_D"", ""Z2:_VOLP_MEM_D"", ""Z2:_VOL_MEM_SAVE_4"", ""Z2_VOL_MEM_SAVE_4"", ""Z2_PRESET_MEMORY_D"", ""Z2:_VL_P_MEM_D"", ""Z2_VOL_MEM:_SAVE_4"", ""VOL_MEMORY_4"", ""Z2:_VOL._MEMORY_4"", ""Unknown"", ""Z2_VOL_MEM_4"", ""Z2:_VOL_MEM_4"", ""Z2_VOL_BANK_MEMORY_D"", ""Z2:_VOL_MEMORY_4"", ""Z2:_VOL_MEMORY_4"", ""MENU_OFF"", ""MENU_OFF"", ""Z2_VOL_MEM_E"", ""Z2:_VOLP_MEM_E"", ""Z2:_VOL_MEM_SAVE_5"", ""Z2_VOL_MEM_SAVE_5"", ""Z2_PRESET_MEMORY_E"", ""Z2:_VL_P_MEM_E"", ""Z2_VOL_MEM:_SAVE_5"", ""DISP_STATUS_ON"", ""Z2:_VOL._MEMORY_5"", ""Unknown"", ""DC1_TRIG_Z2_ON"", ""Z2:_VOL_MEM_5"", ""Z2_VOL_BANK_MEMORY_E"", ""Z2:_VOL_MEMORY_5"", ""Z2:_VOL_MEMORY_5"", ""Z2_VOL_MEM_F"", ""Z2:_VOLP_MEM_F"", ""Z2:_VOL_MEM_SAVE_6"", ""Z2_VOL_MEM_SAVE_6"", ""Z2_PRESET_MEMORY_F"", ""Z2:_VL_P_MEM_F"", ""Z2_VOL_MEM:_SAVE_6"", ""VOL_RECALL_1"", ""DISP_STATUS_ON"", ""Z2:_VOL._MEMORY_6"", ""Unknown"", ""Z2_VOL_MEM_6"", ""Z2:_VOL_MEM_6"", ""Z2_VOL_BANK_MEMORY_F"", ""Z2:_VOL_MEMORY_6"", ""STATUS_ON"", ""Z2:_VOL_MEMORY_6"", ""STATUS_ON"", ""Z2_VOL_RECALL_A"", ""Z2:_VOLP_RECL_A"", ""Z2:_VOL_MEM_LOAD_1"", ""Z2_VOL_MEM_LOAD_1"", ""Z2_PRESET_RECALL_A"", ""Z2:_VL_P_RECL_A"", ""Z2_VOL_MEM:_LOAD_1"", ""DISP_STATUS_ON"", ""Z2:_VOL._RECALL_1"", ""Unknown"", ""Z2_VOL_RECALL_1"", ""Z2:_VOL_REC_1"", ""Z2_VOL_BANK_RECALL_A"", ""Z2:_VOL_RECALL_1"", ""Z2:_VOL_RECALL_1"", ""STATUS_ON"", ""STATUS_ON"", ""Z2_VOL_RECALL_B"", ""Z2:_VOLP_RECL_B"", ""Z2:_VOL_MEM_LOAD_2"", ""Z2_VOL_MEM_LOAD_2"", ""Z2_PRESET_RECALL_B"", ""Z2:_VL_P_RECL_B"", ""Z2_VOL_MEM:_LOAD_2"", ""VOL_RECALL_2"", ""Z2:_VOL._RECALL_2"", ""Unknown"", ""Z2_VOL_RECALL_2"", ""Z2:_VOL_REC_2"", ""Z2_VOL_BANK_RECALL_B"", ""Z2:_VOL_RECALL_2"", ""Z2:_VOL_RECALL_2"", ""STATUS_ON"", ""STATUS_ON"", ""Z2_VOL_RECALL_C"", ""Z2:_VOLP_RECL_C"", ""Z2:_VOL_MEM_LOAD_3"", ""Z2_VOL_MEM_LOAD_3"", ""Z2_PRESET_RECALL_C"", ""Z2:_VL_P_RECL_C"", ""Z2_VOL_MEM:_LOAD_3"", ""DISP_STATUS_OFF"", ""VOL_RECALL_3"", ""Z2:_VOL._RECALL_3"", ""Unknown"", ""Z2_VOL_RECALL_3"", ""Z2:_VOL_REC_3"", ""Z2_VOL_BANK_RECALL_C"", ""Z2:_VOL_RECALL_3"", ""Z2:_VOL_RECALL_3"", ""Z2_VOL_RECALL_D"", ""Z2:_VOLP_RECL_D"", ""Z2:_VOL_MEM_LOAD_4"", ""Z2_VOL_MEM_LOAD_4"", ""Z2_PRESET_RECALL_D"", ""Z2:_VL_P_RECL_D"", ""Z2_VOL_MEM:_LOAD_4"", ""VOL_RECALL_4"", ""DISP_STATUS_OFF"", ""Z2:_VOL._RECALL_4"", ""Unknown"", ""Z2_VOL_RECALL_4"", ""Z2:_VOL_REC_4"", ""Z2_VOL_BANK_RECALL_D"", ""Z2:_SYSM_REC_4"", ""Z2:_VOL_RECALL_4"", ""STATUS_OFF"", ""Z2:_VOL_RECALL_4"", ""STATUS_OFF"", ""Z2_VOL_RECALL_E"", ""Z2:_VOLP_RECL_E"", ""Z2:_VOL_MEM_LOAD_5"", ""Z2_VOL_MEM_LOAD_5"", ""Z2_PRESET_RECALL_E"", ""Z2:_VL_P_RECL_E"", ""Z2_VOL_MEM:_LOAD_5"", ""DISP_STATUS_OFF"", ""Z2:_VOL._RECALL_5"", ""Unknown"", ""Z2_VOL_RECALL_5"", ""Z2:_VOL_REC_5"", ""Z2_VOL_BANK_RECALL_E"", ""Z2:_VOL_RECALL_5"", ""Z2:_VOL_RECALL_5"", ""STATUS_OFF"", ""STATUS_OFF"", ""Z2_VOL_RECALL_F"", ""Z2:_VOLP_RECL_F"", ""Z2:_VOL_MEM_LOAD_6"", ""Z2_VOL_MEM_LOAD_6"", ""Z2_PRESET_RECALL_F"", ""Z2:_VL_P_RECL_F"", ""Z2_VOL_MEM:_LOAD_6"", ""Z2:_VOL._RECALL_6"", ""Unknown"", ""Z2_VOL_RECALL_6"", ""Z2:_VOL_REC_6"", ""Z2_VOL_BANK_RECALL_F"", ""Z2:_VOL_RECALL_6"", ""Z2:_VOL_RECALL_6"", ""STATUS_OFF"", ""STATUS_OFF"", ""DISP_INFO_ON"", ""DUAL_MONO_MAIN"", ""Unknown"", ""DUAL_MONO_MAIN"", ""DISP_INFO_ON"", ""DUAL_MONO_SUB"", ""Unknown"", ""DUAL_MONO_SUB"", ""INFO_ON"", ""INFO_ON"", ""DISP_INFO_ON"", ""DUAL_MONO_ALL"", ""Unknown"", ""INFO_ON"", ""INFO_ON"", ""12V:_DC2_CTL_Z1"", ""DC2_TRIG_CTRL_Z1"", ""DC2_TRG_CTL:_ZONE_1"", ""DC2_TRG_CTRL_ZONE1"", ""DC2_TRIGGER_CONTROL"", ""TRIGGER:_2_CTRL_MZ"", ""INFO_ON"", ""INFO_ON"", ""12V:_DC2_CTL_Z2"", ""DC2_TRIG_CTRL_Z2"", ""DC2_TRG_CTL:_ZONE_2"", ""DC2_TRG_CTRL_ZONE2"", ""DISP_INFO_OFF"", ""TRIGGER_2_CTRL_Z2"", ""TRIGGER_2_CTRL_Z2"", ""12V:_DC2_CTL_ALL"", ""DC2_TRIG_CTRL_ALL"", ""DC2_TRG_CTL:_ALL_OR"", ""DC2_TRG_CTRL_Z1_&_2"", ""DC2_TRG_CTRL_ALL_ZON"", ""DISP_INFO_OFF"", ""TRIGGER:_2_CTRL_MZ"", ""INFO_OFF"", ""INFO_OFF"", ""Z2_SPKR_OUT_ON"", ""Z2:_AMP_INTERNAL"", ""Z2_SP_SET_ON"", ""Z2:_SPKR_OUT"", ""Z2:_AMP_INT:_PRNS"", ""DISP_INFO_OFF"", ""Z2_SPKR_OUT_ON"", ""INFO_OFF"", ""INFO_OFF"", ""Z2_SPKR_OUT_OFF"", ""Z2:_AMP_EXTERNAL"", ""Z2_SP_SET_OFF"", ""Z2:_SPKR_OFF"", ""Z2:_AMP_EXT"", ""Z2_SPKR_OUT_OFF"", ""INFO_OFF"", ""INFO_OFF"", ""NIGHT_MODE_ON"", ""DSP:_NIGHT_ON"", ""DSP:_NIGHT_CINEMA"", ""DSP:_NIGHT_MODE_CIN"", ""NIGHT:_CINEMA"", ""SUBMENU_ON"", ""SYS_MEM_1_MEMORY"", ""NIGHT_MODE_ON"", ""SUB_MENU_ON"", ""SUB_MENU_ON"", ""NIGHT_MODE_OFF"", ""DSP:_NIGHT_OFF"", ""NIGHT:_OFF"", ""SUBMENU_ON"", ""NIGHT_MODE_OFF"", ""SUBMENU_ON"", ""SUBMENU_ON"", ""SUBMENU_ON"", ""SUBMENU_ON"", ""SUBMENU_ON"", ""12V:_DC2_CTL_Z3"", ""DC2_TRIG_CTRL_Z3"", ""DC2_TRG_CTL:_ZONE_3"", ""SUBMENU_OFF"", ""DC2_TRIGGER_CONTROL"", ""SUB_MENU_OFF"", ""SUB_MENU_OFF"", ""TRIGGER_2_CTRL_Z3"", ""TRIGGER_2_CTRL_Z3"", ""Z2_MUTE_ON"", ""MUTE_ON"", ""Z2:_MUTE_ON"", ""MENU_ON"", ""MUTE_ON_(FULL)"", ""SUBMENU_OFF"", ""ZONE_2:_MUTE_ON"", ""Unknown"", ""ZONE2:_MUTE_ON"", ""Z2_MUTE_ON"", ""Z2:_MUTE_FULL"", ""ZONE2_MUTE_ON"", ""MUTE_ON"", ""SUBMENU_OFF"", ""Z2_MUTE_OFF"", ""MUTE_OFF"", ""Z2:_MUTE_OFF"", ""MENU_OFF"", ""SUBMENU_OFF"", ""ZONE_2:_MUTE_OFF"", ""Unknown"", ""ZONE2:_MUTE_OFF"", ""Z2_MUTE_OFF"", ""ZONE2_MUTE_OFF"", ""MUTE_OFF"", ""SUBMENU_OFF"", ""MUTE_ON"", ""AUDIO_MUTE_ON"", ""MZ:_MUTE_ON"", ""MZ_MUTE_ON"", ""MUTE_ON_(FULL)"", ""MAIN:_MUTE_ON(FULL)"", ""Unknown"", ""MUTE:_ON"", ""MAIN:_MUTE_ON"", ""AUDIO_MUTE_ON"", ""MZ:_MUTE_FULL"", ""MAIN_MUTE_ON"", ""MZ:_MUTE_ON"", ""SUBMENU_OFF"", ""SUBMENU_OFF"", ""MUTE_OFF"", ""AUDIO_MUTE_OFF"", ""MZ:_MUTE_OFF"", ""MZ_MUTE_OFF"", ""DCODE_NEURAL_MUSI"", ""MAIN:_MUTE_OFF"", ""Unknown"", ""MUTE:_OFF"", ""AUDIO_MUTE_OFF"", ""MAIN_MUTE_OFF"", ""SUR_NEURAL_MUSIC"", ""MZ:_MUTE_OFF"", ""SUR_NEURAL_MUSIC"", ""MULTICH_INPUT_ON"", ""6CH._INPUT_ON"", ""6CH_INPUT_ON"", ""MZ:_EXT_INP_ON"", ""MZ:_MULTI-CH_ON"", ""MULTI_CH_INPUT_ON"", ""INPUT:_MULTI-CH_ON"", ""MAIN:_EXT_INPUT_ON"", ""MULTICH_INPUT_ON"", ""?MZ:_MULTI-CH_TOG"", ""MZ:_M.CH_INP_ON"", ""VIDEO_PRESET_1"", ""VIDEO_PRESET_1"", ""MULTICH_INPUT_OFF"", ""6CH._INPUT_OFF"", ""6CH_INPUT_OFF"", ""MZ:_EXT_INP_OFF"", ""MZ:_MULTI-CH_OFF"", ""INPUT:_MULTI-CH_OFF"", ""MAIN:_EXT_INPUT_OFF"", ""MULTICH_INPUT_OFF"", ""MZ:_M.CH_INP_OFF"", ""VIDEO_PRESET_2"", ""VIDEO_PRESET_2"", ""AUDIO_SELECT_AUTO"", ""DECODE_MODE_AUTO"", ""INPUT_MODE:_AUTO"", ""INPUT_MODE_AUTO"", ""MZ:_INP_MODE_AUTO"", ""MZ:_AUDIO_AUTO"", ""AUDIO_SEL:_AUTO"", ""INP-A_AUTO"", ""AUDIO_SELECT:_AUTO"", ""DSP:_DECODE_AUTO"", ""MAIN:_INP_MODE_AUTO"", ""INP_MODE_AUTO"", ""MZ:_AUD_SEL_AUTO"", ""VIDEO_PRESET_3"", ""VIDEO_PRESET_3"", ""INPUT_MODE:_DD_RF"", ""MZ:_INP_MODE_DD.RF"", ""INPUT_MODE_D.D.RF"", ""VIDEO_PRESET_4"", ""DECODE_MODE_DTS"", ""INPUT_MODE:_DTS"", ""INPUT_MODE_DTS"", ""MZ:_INP_MODE_DTS"", ""MZ:_DECODER_DTS"", ""DECODER_MODE_DTS"", ""DECODER_MODE:_DTS"", ""DSP:_DECODE_DTS"", ""MAIN:_INP_MODE_DTS"", ""INP_MODE_DTS"", ""VIDEO_PRESET_5"", ""AUDIO_SELECT_COAX"", ""INPUT_MODE:_DIGITAL"", ""MZ:_AUDIO_OPT/COX"", ""AUDIO_SEL_COAX/OPT"", ""AUDIO_SEL:_OPT/COAX"", ""INP-A_COAX/OPT"", ""AUDIO_SELECT:_COAX"", ""AUDIO_SELECT:_OPTIC"", ""MZ:_AUD_SEL_CX/OP"", ""INPUT_MODE_DIGITAL"", ""VIDEO_PRESET_6"", ""AUDIO_SELECT_ANALOG"", ""INPUT_MODE:_ANALOG"", ""INPUT_MODE_ANALOG"", ""AUDIO_SEL:_ANALOG"", ""INP-A_ANALOG"", ""HDMI_OUT_1_AND_2"", ""AUDIO_SELECT:_ANALO"", ""INP_MODE_ANALOG"", ""MZ:_AUD_SEL_ANALOG"", ""HDMI_OUT_1_&_2"", ""HDMI_OUT_1_&_2"", ""SP_RELAY_A_ON"", ""SPKR_RELAY_A_ON"", ""SPEAKER_RELAY_A_ON"", ""MZ:_SPKR_A_ON"", ""FRONT_SP_ON"", ""Unknown"", ""SPEAKERS_A:_ON"", ""MAIN:_SPEAKER_A_ON"", ""SPKR_RELAY_A_ON"", ""OUTPUT_FRONT_SP_ON"", ""MZ:_SPEAKER_A_ON"", ""SP_RELAY_A_OFF"", ""SPKR_RELAY_A_OFF"", ""SPEAKER_RELAY_A_OFF"", ""MZ:_SPKR_A_OFF"", ""FRONT_SP_OFF"", ""Unknown"", ""SPEAKERS_A:_OFF"", ""MAIN:_SPEAKER_A_OFF"", ""SPKR_RELAY_A_OFF"", ""OUTPUT_FRONT_SP_OFF"", ""MZ:_SPEAKER_A_OFF"", ""SP_RELAY_B_ON"", ""SPKR_RELAY_B_ON"", ""SPEAKER_RELAY_B_ON"", ""MZ:_SPKR_B_ON"", ""SPEAKERS_B:_ON"", ""MAIN:_SPEAKER_B_ON"", ""SPKR_RELAY_B_ON"", ""MZ:_SPEAKER_B_ON"", ""SP_RELAY_B_OFF"", ""SPKR_RELAY_B_OFF"", ""SPEAKER_RELAY_B_OFF"", ""MZ:_SPKR_B_OFF"", ""SPEAKERS_B:_OFF"", ""MAIN:_SPEAKER_B_OFF"", ""SPKR_RELAY_B_OFF"", ""MZ:_SPEAKER_B_OFF"", ""PRGRM_CHAMBER"", ""DSP_CHAMBER"", ""DSP:_CHAMBER"", ""DSP_CLASS_CHAMBER"", ""Unknown"", ""REMOTE_CTRL_CODE_OFF"", ""DSP:_CHAMBER"", ""ONSCREEN_OFF"", ""ON_SCREEN_OFF"", ""OSD_OFF"", ""MZ:_OSD_OFF"", ""DSP:_CHAMBER"", ""DISP_DISPLAY_OFF"", ""ON_SCREEN:_OFF"", ""MAIN:_OSD_OFF"", ""OSD_OFF"", ""MZ:_DISPLAY_OFF"", ""SRCE:_MZ_DISPL_OFF"", ""ONSCREEN_SHORT"", ""ON_SCREEN_SHORT"", ""OSD_SHORT"", ""MZ:_OSD_SHORT"", ""ON_SCREEN:_SHORT"", ""MAIN:_OSD_SHORT"", ""OSD_SHORT"", ""ONSCREEN_FULL"", ""ON_SCREEN_FULL"", ""OSD_FULL"", ""MZ:_OSD_FULL"", ""MZ:_OSD_FULL"", ""DISP_DISPLAY_ON"", ""ON_SCREEN:_FULL"", ""MAIN:_OSD_FULL"", ""OSD_FULL"", ""MZ:_DISPLAY_ON"", ""SRCE:_MZ_DISPL_ON"", ""SLEEP_OFF"", ""MZ:_SLEEP_OFF"", ""SLEEP:_OFF"", ""SLEEP_OFF_ALL"", ""Unknown"", ""MAIN:_SLEEP_OFF"", ""SLEEP_OFF"", ""AZ:_SLEEP_OFF"", ""SLEEP_120"", ""MZ:_SLEEP_120"", ""SLEEP:_120"", ""SLEEP_120_ALL_ZONES"", ""Unknown"", ""MAIN:_SLEEP_120"", ""SLEEP_120"", ""AZ:_SLEEP_120MIN"", ""SLEEP_90"", ""MZ:_SLEEP_90"", ""SLEEP:_90"", ""SLEEP_90_ALL_ZONES"", ""Unknown"", ""MAIN:_SLEEP_90"", ""SLEEP_90"", ""AZ:_SLEEP_90MIN"", ""SLEEP_60"", ""MZ:_SLEEP_60"", ""SLEEP:_60"", ""SLEEP_60_ALL_ZONES"", ""Unknown"", ""MAIN:_SLEEP_60"", ""SLEEP_60"", ""AZ:_SLEEP_60MIN"", ""SLEEP_30"", ""MZ:_SLEEP_30"", ""SLEEP:_30"", ""SLEEP_30_ALL_ZONES"", ""Unknown"", ""MAIN:_SLEEP_30"", ""SLEEP_30"", ""AZ:_SLEEP_30MIN"", ""EX/ES_MTRX_ON"", ""6.1/ES_ON"", ""6.1/ES_MATRIX_ON"", ""DSP:_EX/ES_ON"", ""EXTD_SUR_EX/ES_ON"", ""EXT_SUR:_EX/ES_ON"", ""DSP_EX_SUR_EX/ES"", ""EXTED._SURR._ON"", ""Unknown"", ""DSP:_EX/ES_MTRX"", ""EX/ES_MATRIX_ON"", ""EXTED_SUR._ON"", ""DECOD:_E_EX/ES"", ""EXTED_SUR_EX/ES"", ""EXTED_SUR_EX/ES"", ""EX/ES_OFF"", ""6.1/ES_OFF"", ""DSP:_EX/ES_OFF"", ""DSP:_EX_ES_OFF"", ""DSP:_EX_SURR._OFF"", ""EXTD_SUR_OFF"", ""DSP:_EX/6.1/ES_OFF"", ""EXT_SUR:_OFF"", ""DSP_EX_SUR_OFF"", ""EXTED._SURR._OFF"", ""Unknown"", ""DSP:_OFF"", ""EX/ES_OFF"", ""EXTED_SUR._OFF"", ""DECOD:_E_OFF"", ""EXTED_SUR_OFF"", ""EXTED_SUR_OFF"", ""Z2_POWER_ON"", ""POWER_ON"", ""Z2:_POWER_ON"", ""POWER"", ""ZONE2_ON"", ""ZONE_2:_POWER_ON"", ""ZONE_2_POWER_ON"", ""Unknown"", ""ZONE2:_POWER_ON"", ""Z2_POWER_ON"", ""ZONE2_POWER_ON"", ""Z2:_POWER_ON"", ""Z2_POWER_OFF"", ""POWER_OFF"", ""Z2:_POWER_OFF"", ""OFF"", ""POWER_OFF_(STANDBY)"", ""POWER_OFF/STNDBY"", ""ZONE_2_OFF"", ""ZONE2_OFF"", ""ZONE_2:_POWER_OFF"", ""ZONE_2_STANDBY"", ""Unknown"", ""Z2:_STANDBY"", ""ZONE2:_POWER_OFF"", ""Z2_POWER_OFF"", ""ZONE2_POWER_OFF"", ""Z2:_STAND_BY"", ""Z2:_STAND_BY"", ""TUNER_FM"", ""TUNER:_FM"", ""INP_FM"", ""FM"", ""TUNER:_FM_BAND"", ""Unknown"", ""TUNER:_BAND_FM"", ""TUN_FM"", ""OPERATION_FM"", ""FM/AM_FM"", ""TUNER_AM"", ""TUNER:_AM"", ""INP_AM"", ""AM"", ""TUNER:_AM_BAND"", ""Unknown"", ""TUNER:_BAND_AM"", ""TUN_AM"", ""OPERATION_AM"", ""FM/AM_AM"", ""TUNER_AUTO_TUNE_+"", ""AUTO_TUNING_+"", ""TUNER_AUTO_TUNE_UP"", ""TUNER:_AUTO_TUNE_(+)"", ""TUNER:_AUTO_TUNE_+"", ""AUTO_TUNE_+"", ""TUNER:AUTO_TUNING+"", ""Unknown"", ""TUNER:_AUTOTN_UP"", ""TUNER:_AUTO_TUNE_UP"", ""TUN_AUTO_TUN_UP"", ""OPERATION_TUNE_+"", ""TUNER:_AUTO_TUN_UP"", ""FM/AM_AUTO_TUNE_UP"", ""AUTO_TUNE_+"", ""TUNER_AUTO_TUNE_-"", ""AUTO_TUNING_-"", ""TUNER_AUTO_TUNE_DN"", ""TUNER:_AUTO_TUNE_(-)"", ""TUNER:_AUTO_TUNE_-"", ""AUTO_TUNE_-"", ""TUNER:AUTO_TUNING-"", ""Unknown"", ""TUNER:_AUTOTN_DN"", ""TUNER:_AUTO_TUNE_DN"", ""TUN_AUTO_TUN_DN"", ""OPERATION_TUNE_-"", ""TUNER:_AUTO_TUN_DN"", ""FM/AM_AUTO_TUNE_DOWN"", ""AUTO_TUNE_-"", ""PRGRM_2CH_STEREO"", ""DSP:_2CH_STEREO"", ""DSP_2CH_STEREO"", ""DSP_STEREO_2CH"", ""2_CH_STEREO"", ""Unknown"", ""DSP:_2-CHANNEL"", ""DSP_2-CH_STEREO"", ""DSP:_2CH_STEREO"", ""PRGRM_DIRECT_STEREO"", ""DSP:_DIRECT_STEREO"", ""DSP:_2CH_DIRECT"", ""DSP:_THX_CINEMA"", ""DECOD:_THX_CINU2"", ""DSP:_THX_MUSIC"", ""DECOD:_THX_MUSIC"", ""DSP:_THX/MUSIC"", ""DSP:_HALL_USA_A"", ""DSP:_HALL_F"", ""DSP:_HALL_USA_B"", ""DSP:_HALL_G"", ""DSP:_HALL_H"", ""2CH_DECODE_GAME"", ""DSP:_S_PLIIX_GAME"", ""SUR_DEC_PLIIX_GAM"", ""DSP:_PLIIX_GAME"", ""DCODE_PLIIX_GAME"", ""PROLOGIC_IIX_GAME"", ""Unknown"", ""DSP:_PLII_GAME"", ""DSP_PLIIX_GAME"", ""DECOD:_PLIIX_GAME"", ""SUR_PLIIX_GAME"", ""SUR_PLIIX_GAME"", ""DSP:_THX_GAME"", ""DECOD:_THX_GAME"", ""2CH_DECODE_PROLOGI"", ""DSP:_S_PRO_LOGIC"", ""SUR_DEC_PRO_LOGIC"", ""DSP:_PRO_LOGIC"", ""DCODE_PROLOGIC"", ""PROLOGIC"", ""Unknown"", ""DSP:_PROLOGIC"", ""DSP_PRO_LOGIC"", ""SUR_PRO_LOGIC"", ""SUR_PRO_LOGIC"", ""DCODE_CSII_CINEMA"", ""DSP_CSII_CINEMA"", ""DECOD:_CSII_CINEMA"", ""SUR_CSII_CINEMA"", ""SUR_CSII_CINEMA"", ""DCODE_CSII_MUSIC"", ""DSP_CSII_MUSIC"", ""DECOD:_CSII_MUSIC"", ""SUR_CSII_MUSIC"", ""SUR_CSII_MUSIC"", ""2CH_DECODER_NEURA"", ""DSP_NEURAL_SUR."", ""SUR_DEC_NEURALTHX"", ""DSP:_NEURAL_SUR."", ""DCODE_NEURAL"", ""DSP:_NEURAL_SURR"", ""DECOD:_NEURAL_THX"", ""SUR_NEURAL"", ""SUR_NEURAL"", ""PRGRM_CELLAR_CLUB"", ""DSP_CELLAR_CLUB"", ""DSP:_CELLAR_CLUB"", ""DSP_L/C_CELLAR_CLUB"", ""Unknown"", ""DSP:_CELLAR_CLUB"", ""PRGRM_RPGAME"", ""DSP_RPG"", ""DSP:_ROLEPLAY_GAME"", ""DSP:_ROLEPLAY_GAM"", ""DSP_ENT_ROLE_PLAY"", ""DSP:_ROLEPLAYING_GAM"", ""Unknown"", ""DSP:_ROLE_GAME"", ""DSP_ROLLPLAYING_GA"", ""DSP:_ROLEPLAY/GAM"", ""DSP:_ROLEPLAYING"", ""DSP:_ROLEPLAYING"", ""PRGRM_NIGHT_MUSIC"", ""DSP:_NIGHT_MUSIC"", ""DSP:_NIGHT_MODE_MUS"", ""NIGHT:_MUSIC"", ""DISP_XM/IPOD/FM_ON"", ""MAIN_DISPLAY_ON"", ""MZ:_DISPLAY_ON"", ""SOURCE:_DISPLAY_ON"", ""Unknown"", ""DISPLAY:_ON"", ""SOURCE_DISPLAY_ON"", ""DISP_XM/IPOD/FM_OFF"", ""MAIN_DISPLAY_OFF"", ""MAIN_DISP_ON"", ""MZ:_DISPLAY_OFF"", ""MZ:_MAIN_POWER_OFF"", ""SOURCE:_DISPLAY_OFF"", ""Unknown"", ""DISPLAY:_OFF"", ""SOURCE_DISPLAY_OFF"", ""Z2_DISPLAY_ON"", ""MAIN_DISP_OFF"", ""Z2:_DISPLAY_ON"", ""SOURCE:_DISPLAY_ON"", ""Z2_DISPLAY_OFF"", ""Z2:_BALANCE_LEFT"", ""Z2_DISP_ON"", ""Z2:_DISPLAY_OFF"", ""SOURCE:_DISPLAY_OFF"", ""Z2_BALANCE_L"", ""Z2:_BALANCE_RIGHT"", ""Z2_DISP_OFF"", ""Z2:_BALANCE_LEFT"", ""TONE_BALANCE_LEFT"", ""Z2:_BALANCE_LEFT"", ""Z2_BALANCE_R"", ""Z3:_BALANCE_LEFT"", ""Z2:_BALANCE_RIGHT"", ""TONE_BALANCE_RIGHT"", ""Z2:_BALANCE_RIGHT"", ""Z3_BALANCE_L"", ""Z3:_BALANCE_RIGHT"", ""Z3:_BALANCE_LEFT"", ""TONE_BALANCE_LEFT"", ""Z3:_BALANCE_LEFT"", ""Z3_BALANCE_R"", ""Z3:_BALANCE_RIGHT"", ""TONE_BALANCE_RIGHT"", ""Z3:_BALANCE_RIGHT"", ""PRGRM_ENHANCER2CH"", ""DSP_ENHANCER_STRAI"", ""ENHANCER_ON"", ""DSP:_ENHANCER_ON"", ""DSP_ENHANCER_2CH"", ""2_CH_ENHANCER"", ""Unknown"", ""DSP:_ENHANCER2CH"", ""DSP_2CH_ENH"", ""DSP:_ENHA_STRAIGHT"", ""DSP:_2CH_ENHANCER"", ""DSP:_2CH_ENHANCER"", ""PRGRM_ENHANCER_OFF"", ""ENHANCER_OFF"", ""DSP:_ENHANCER_OFF"", ""AUDIO_SELECT_HDMI"", ""MZ:_AUDIO_HDMI"", ""AUDIO_SEL:_HDMI"", ""INP-A_HDMI"", ""AUDIO_SELECT:_HDMI"", ""MZ:_AUD_SEL_HDMI"", ""MZ:_DECODER_AUTO"", ""DECODER_MODE_AUTO"", ""DECODER_MODE:_AUTO"", ""EX/ES_EX_ON"", ""DSP:_DOLBY_EX"", ""EXTD_SUR_DOLBY_EX"", ""EXT_SUR:_DOLBY_EX"", ""DSP:_EX_ON"", ""DSP:_EX_ON"", ""EX/ES_EX_ON"", ""DECOD:_E_EX"", ""DSP:_EX_ES_ON"", ""EX/ES_PLIIX_MOVIE"", ""DSP:_PLIIX_MOVIE"", ""EXTD_SUR_PLIIX_MOV"", ""EXT_SUR:_PLIIX_MOVIE"", ""DSP_EX_PLIIX_MOVI"", ""PLIIX_MOVIE"", ""DSP:_PLII_MOVIE"", ""DSP:_PLIIX_MOVIE_ON"", ""EX/ES_PLIIX_MOVIE"", ""DECOD:_E_PLIIX_MOV"", ""EXT_SUR_PLIIX_MOVIE"", ""EXT_SUR_PLIIX_MOVIE"", ""EX/ES_PLIIX_MUSIC"", ""DSP:_PLIIX_MUSIC"", ""EXTD_SUR_PLIIX_MUS"", ""EXT_SUR:_PLIIX_MUSIC"", ""DSP_EX_PLIIZ_MUSI"", ""PLIIX_MUSIC"", ""DSP:_PLII_MUSIC"", ""DSP:_PLIIX_MUSIC_ON"", ""EX/ES_PLIIX_MUSIC"", ""DECOD:_E_PLIIX_MUS"", ""EXT_SUR_PLIIX_MUSIC"", ""EXT_SUR_PLIIX_MUSIC"", ""MZ:_MUTE_-20DB"", ""MZ_MUTE_-20DB"", ""MZ:_MUTE_-20DB"", ""MUTE_ON_(-20DB)"", ""MAIN:_MUTE_ON(-20DB)"", ""Unknown"", ""MUTE:_-20_DB"", ""AUDIO_MUTE_-20DB"", ""VOL_MUTE_ON_-20DB"", ""MZ:_MUTE_ON_-20DB"", ""PRGRM_STRAIGHT"", ""EFFECT_OFF"", ""DSP_EFFECT_OFF"", ""DSP:_EFFECT_OFF"", ""DSP:_STRAIGHT"", ""DSP_STRAIGHT"", ""DSP_STRAIGHT_ON"", ""Unknown"", ""DSP:_STRAIGHT_ON"", ""PGM_STEREO(EFF._OFF)"", ""DSP:_STRAIGHT_ON"", ""PRGRM_HALL_MUNICH"", ""HALL_A"", ""HALL_1"", ""DSP:_HALL_IN_MUNICH"", ""DSP_HALL_IN_MUNCH"", ""DSP_HALL1"", ""DSP:_MUNICH"", ""HALL_EUROPE_A"", ""DSP_HALL_A"", ""DSP_CLASS_MUNICH"", ""Unknown"", ""DSP:_HALL_1"", ""DSP_HALL_IN_MUNICH"", ""DSP:_HALL_MUNICH_A"", ""PGM_HALL_A"", ""DSP:_HALL_A"", ""DSP:_HALL_MUNICH"", ""DSP:_HALL_MUNICH"", ""HALL_B"", ""HALL_EUROPE_B"", ""DSP_HALL_B"", ""DSP:_HALL_MUNICH_B"", ""PGM_HALL_B"", ""DSP:_HALL_B"", ""HALL_C"", ""HALL_USA_C"", ""DSP_HALL_C"", ""DSP:_HALL_FRANKFURT"", ""PGM_HALL_C"", ""DSP:_HALL_C"", ""HALL_D"", ""HALL_2"", ""HALL_LIVE_CONCERT"", ""HALL"", ""DSP:_HALL_STUTTGART"", ""PGM_HALL_D"", ""DSP:_HALL_D"", ""PRGRM_VIENNA"", ""HALL_E"", ""CHURCH"", ""DSP:_HALL_IN_VIENNA"", ""DSP:_CONCERT_HALL"", ""DSP:_VIENNA"", ""DSP_HALL_IN_VIENNA"", ""CHURCH_FREIBURG"", ""DSP_CLASS_VIENNA"", ""Unknown"", ""DSP:_HALL_2"", ""DSP:_HALL_VIENNA"", ""PGM_HALL_E"", ""DSP:_HALL_E"", ""DSP:_HALL_VIENNE"", ""DSP:_HALL_VIENNE"", ""HALL_LIVE_CONCERT"", ""DSP_HALL"", ""DSP_AMSTERDAM"", ""DSP_HALL2"", ""DSP:_AMSTERDAM"", ""CHURCH_ROYAUMONT"", ""DSP_LIVE_CONCERT"", ""DSP_CLASS_AMSTERD"", ""DSP:_CONCERT_HALL"", ""DSP:_HALL_AMSTERDA"", ""PGM_LIVE_CONCERT"", ""DSP:_LIVE_CONCERT"", ""DSP:_HALL_AMSTERDA"", ""CHURCH_TOKYO"", ""JAZZ_CLUB_VILL._GATE"", ""DSP:_CHURCH_TOKYO"", ""PGM_TOKYO"", ""DSP:_TOKYO"", ""CHURCH_FREIBURG"", ""JAZZ_CLUB"", ""DSP_CHURCH"", ""DSP:_CHURCH"", ""DSP_FREIBURG"", ""DSP:_FRIEBURG"", ""DSP:_FREIBURG"", ""JAZZ_CLUB_BOTTOMLINE"", ""DSP_CLASS_FREIBURG"", ""DSP:_CHURCH_FREIBU"", ""PGM_FREIBURG"", ""DSP:_CHURCH_FREIBU"", ""CHURCH_ROYAUMONT"", ""ROCK_CONCERT"", ""ROCK_CONCERT_ROXY"", ""DSP_ROYAUMONT"", ""DSP:_CHURCH_ROYAU"", ""PGM_ROYAUMONT"", ""DSP:_ROYAUMONT"", ""JAZZ_CLUB_VIL._GATE"", ""ROCK_CONCERT_ARENA"", ""DSP_VILLAGE_GATE"", ""DSP:_VILLAGE_GATE"", ""PGM_VILLAGE_GATE"", ""JAZZ_CLUB_VIL._VANG."", ""STADIUM"", ""DSP_VILLAGE_VANGUA"", ""DSP:_VILLAGEVANGUARD"", ""DSP:_VILL._VANGUARD"", ""STADIUM_ANIHEIM"", ""DSP_L/C_VIL_VANGUARD"", ""PGM_VILLAGE_VANGUARD"", ""DSP:_VILLA_VANGAURD"", ""DSP:_VILLA_VANGAURD"", ""PRGRM_BOTTOM_LINE"", ""JAZZ_CLUB_BOTTOMLINE"", ""DSP_JAZZ_CLUB"", ""DSP:_JAZZ_CLUB"", ""DSP:_BOTTOM_LINE"", ""DSP_BOTTOM_LINE"", ""DSP:_THE_BOTTOM_LINE"", ""STADIUM_BOWL"", ""DSP_THE_BOTTOM_LINE"", ""DSP_L/C_BOTTOM_LINE"", ""Unknown"", ""DSP_BOTTOM_LINE"", ""DSP_THE_BOTTOM_LI"", ""PGM_THE_BOTTOM_LINE"", ""DSP:_BOTTOM_LINE"", ""PRGRM_ROXY_THEATRE"", ""ROCK_CONCERT_ROXY"", ""DISCO"", ""DSP_ROCK_CONCERT"", ""DSP:_ROCK_CONCERT"", ""DSP:_ROXY_THEATER"", ""DSP_ROXY_THEATER"", ""ENTERTAINMENT_DISCO"", ""DSP_THE_ROXY_THEATRE"", ""DSP_L/C_ROXY_THEATER"", ""DSP:_THE_ROXY_THEATR"", ""Unknown"", ""DSP_ROXY_THEATER"", ""DSP_THE_ROXY_TH"", ""PGM_THE_ROXY_THEATER"", ""DSP:_ROXY_THEATRE"", ""DSP:_ROXY_THEATRE"", ""ROCK_CONCERT_LOFT"", ""GAME"", ""DSP_WAREHOUSE_LO"", ""DSP:_WAREHOUSE_LOFT"", ""DSP:_WAREHS._LOFT"", ""ENTERTAINMENT_GAME"", ""DSP_L/C_WHSE_LOFT"", ""DSP:_WAREHSE_LOFT"", ""PGM_WAREHOUSE_LOFT"", ""DSP:_LOFT"", ""DSP:_WAREHOUSE"", ""DSP:_WAREHOUSE"", ""ROCK_CONCERT_ARENA"", ""6_CH._STEREO"", ""8_CH._STEREO"", ""DSP_ARENA"", ""5_CH._STEREO"", ""DSP:_ARENA"", ""PGM_ARENA"", ""PRGRM_DISCO"", ""ENTERTAINMENT_DISCO"", ""DSP_DISCO"", ""DSP:_DISCO"", ""CONCERT_POP/ROCK"", ""DSP_DISCO"", ""PGM_DISCO"", ""ENTERTAINMENT_PARTY"", ""TV_SPORTS"", ""CONCERT_CLASS/OPERA"", ""PGM_PARTY"", ""DSP:_PARTY"", ""PRGRM_ACTION_GAME"", ""ENTERTAINMENT_AMUSE"", ""MONO_MOVIE"", ""DSP_GAME"", ""DSP:_GAME"", ""DSP_ACTION_GAME"", ""DSP:_ACTION_GAME"", ""TV_MONO_MOVIE"", ""DSP_ENT_ACTN_GAME"", ""Unknown"", ""DSP:_GAME_(ACTION)"", ""DSP_GAME"", ""PGM_GAME"", ""DSP:_ACTION_GAME"", ""PRGRM_MUSIC_VID"", ""CONCERT_VID_POP/ROCK"", ""DSP_MUSIC_VIDEO"", ""DSP:_MUSIC_VIDEO"", ""DSP:_POP/ROCK"", ""DSP:_MUSIC/VIDEO"", ""TV_VARIETY_/_SPORTS"", ""DSP_POP/ROCK"", ""DSP_ENT_MUSIC_VID"", ""Unknown"", ""DSP_POP/ROCK"", ""PGM_POP/ROCK"", ""DSP:_MUSIC_VIDEO"", ""CONCERT_VID_DJ"", ""SPECTACLE"", ""MOVIE_70MM_SPECTACLE"", ""PGM_DJ"", ""DSP:_DJ"", ""CONCERT_VID_CLASS/OP"", ""SCI-FI"", ""DSP_RECITALL/OPERA"", ""DSP:_CLASSICAL/OPERA"", ""DSP:_RECITAL/OPERA"", ""MOVIE_SCI-FI"", ""DSP_CLASSICAL/OPERA"", ""DSP_ENT_R/OPERA"", ""PGM_CLASSICAL_OPERA"", ""DSP:_RECITAL/OPERA"", ""CONCERT_VID_PAVILION"", ""ADVENTURE"", ""MOVIE_70MM_ADVENTURE"", ""DSP:_PAVILLION"", ""PGM_PAVILION"", ""PRGRM_MONO_MOVIE"", ""TV_THEATER_MONO"", ""GENERAL"", ""DSP_MONO_MOVIE"", ""DSP:_MONO_MOVIE"", ""MOVIE_70MM_GENERAL"", ""DSP_MOV_MONO"", ""Unknown"", ""DSP_MONO_MOVIE"", ""PGM_MONO_MOVIE"", ""DSP:_MONO_MOVIE"", ""PRGRM_SPORTS"", ""TV_THEATER_VAR/SPORT"", ""NORMAL"", ""DSP_VARIETY_SPORTS"", ""DSP:_VARIETY/SPORTS"", ""DSP:_TV/SPORTS"", ""DSP_SPORTS"", ""DSP:_SPORTS"", ""PRO_LOGIC_NORMAL"", ""DSP_ENT_SPORTS"", ""Unknown"", ""DSP_TV_SPORTS"", ""PGM_VARIETY_SPORTS"", ""DSP:_STANDARD"", ""DSP:_SPORTS"", ""PRGRM_SPECTACLE"", ""MOVIE_SPECTACLE"", ""MOVIE_ENHANCED"", ""DSP_SPECTACLE"", ""DSP:_SPECTACLE"", ""PRO_LOGIC_ENHACED"", ""DSP_MOV_SPECTACL"", ""Unknown"", ""DSP:_SPACIOUS"", ""DSP_SPECTACLE"", ""PGM_SPECTACLE"", ""DSP:_SPECTACLE"", ""PRGRM_SCI-FI"", ""MOVIE_SCI-FI"", ""DSP_SCI-FI"", ""DSP:_SCI-FI"", ""DSP_MOV_SCI-FI"", ""Unknown"", ""DSP_SCI-FI"", ""PGM_SCI-FI"", ""DSP:_SCI-FI"", ""PRGRM_ADVENTURE"", ""MOVIE_ADVENTURE"", ""DSP_ADVENTURE"", ""DSP:_ADVENTURE"", ""DSP_MOV_ADVENTUR"", ""Unknown"", ""DSP_ADVENTURE"", ""PGM_ADVENTURE"", ""DSP:_ADVENTURE"", ""PRGRM_DRAMA"", ""MOVIE_GERNERAL"", ""DSP_GENERAL"", ""DSP:_GENERAL"", ""DSP_DRAMA"", ""DSP:_DRAMA"", ""DSP_MOV_DRAMA"", ""Unknown"", ""DSP:_DRAMATIC"", ""DSP_GENERAL"", ""PGM_GENERAL"", ""DSP:_DRAMA"", ""PRGRM_STANDARD_ALT."", ""DOLBY/DTS_NORMAL"", ""DSP_NORMAL"", ""DSP:_NORMAL"", ""DSP:_STANDARD"", ""DSP:_SUR._DECODE"", ""Unknown"", ""DSP_STANDARD_TOG"", ""DSP_SUR._DECODE"", ""DECOD:_SURR._DEC"", ""PGM_NORMAL"", ""SUR_DECODE"", ""PRGRM_STANDARD"", ""DOLBY/DTS_ENHANCED"", ""DSP_ENHANCED"", ""DSP:_ENHANCED"", ""DSP_STANDARD"", ""DSP:_STANDARD"", ""DSP_MOV_STANDARD"", ""DSP:_MOVIE_STANDARD"", ""Unknown"", ""DSP_ENHANCED"", ""DSP_MOVIE_STANDAR"", ""PGM_ENHANCED"", ""PRGRM_XCH_STEREO"", ""DSP_6CH_STEREO"", ""DSP:_8CH_STEREO"", ""DSP:_7CH_STEREO"", ""DSP:_X-CH_STEREO"", ""DSP_7CH_STEREO"", ""DSP_8CH_STEREO"", ""DSP_STEREO_XCH"", ""DSP:_X_CH_STERO"", ""Unknown"", ""DSP:_6CH_STEREO"", ""DSP:_X-CHANNEL"", ""DSP:_6/7CH_STEREO"", ""DSP_X-CH_STEREO"", ""DSP_XCH_STEREO"", ""DSP:_11CH_STEREO"", ""PGM_8CH_STEREO"", ""DSP:_9CH_STEREO"", ""DSP:_XCH_STEREO"", ""DSP:_XCH_STEREO""]","[""NECext""]","[""7E 00 00 00""]",device_family,0.58,"[""modelo/família identificável com conjunto amplo""]","[""modelo de baixa confiança foi tratado como evidência estrutural"", ""muitos nomes compartilham a mesma intenção"", ""nomes de comandos reais não chegaram ao classificador"", ""protocolos reais não chegaram ao classificador"", ""sequência numerada pode indicar codeset ou bruteforce""]","[""50 maiores quantidades de comandos"", ""50 maiores repetições de nomes"", ""50 nomes ou comandos com sequências numéricas""]"
f4887bc0645bcd4f,_Converted_/CSV/Y/Yamaha/Receiver/127_1.ir,127_1.ir,Converted/CSV,Yamaha,127_1,1013,"[""SRCH_MODE_PRESET"", ""HDRADIO:_PRES_MOD"", ""SRCH_MODE_TUNING"", ""HDRADIO:_MAN_MOD"", ""OPERATION_11"", ""SRCE:_MZ_PRESET_-"", ""SRCE:_Z2_PRESET_-"", ""Z2_OPERATION_11"", ""Z2_OPERATION_11"", ""SRCE:_Z3_PRESET_-"", ""Z3_SOURCE:_OP_11"", ""Z3_SOURCE:_OP_11"", ""SRCE:_Z4_PRESET_-"", ""Z4_SOURCE:_OP_11"", ""Z4_SOURCE:_OP_11"", ""OPERATION_12"", ""SRCE:_MZ_PRESET_+"", ""SRCE:_Z2_PRESET_+"", ""Z2_OPERATION_12"", ""Z2_OPERATION_12"", ""SRCE:_Z3_PRESET_+"", ""Z3_SOURCE:_OP_12"", ""Z3_SOURCE:_OP_12"", ""SRCE:_Z4_PRESET_+"", ""Z4_SOURCE:_OP_12"", ""Z4_SOURCE:_OP_12"", ""A"", ""SIRIUS_PRESET_A"", ""SIRIUS:_A"", ""B"", ""SIRIUS_PRESET_B"", ""SIRIUS:_B"", ""SIRIUS:_B"", ""C"", ""SIRIUS_PRESET_C"", ""SIRIUS:_C"", ""SIRIUS:_C"", ""DOCK_BLUETOOTH_PAIR"", ""D"", ""SIRIUS_PRESET_D"", ""SIRIUS:_D"", ""SIRIUS:_D"", ""IPOD_UP"", ""IPOD_CURSOR_UP"", ""IPOD:_CURSOR_UP"", ""IPOD_MENU_UP"", ""DOCK_NAV_UP"", ""E"", ""DOCK:_UP"", ""Unknown"", ""UP"", ""SIRIUS_PRESET_E"", ""DOCK_MENU_UP"", ""IPOD:_UP"", ""SIRIUS:_E"", ""IPOD:_UP"", ""SIRIUS:_E"", ""IPOD_MENU"", ""IPOD:_MENU"", ""SEARCH_ALL_CH"", ""SIRIUS:ALL_CH_SEARCH"", ""Unknown"", ""MENU"", ""SIRIUS_MODE_ALL"", ""SIRIUS_ALL_CH_SRCH"", ""IPOD_MENU_LEFT"", ""IPOD_CURSOR_LEFT"", ""IPOD:_CURSOR_LEFT"", ""SEARCH_CATEGORY"", ""DOCK:_LEFT"", ""SIRIUS:CATEG._SEARCH"", ""Unknown"", ""Unknown"", ""LEFT"", ""SIRIUS_MODE_CATEGOR"", ""DOCK_MENU_LEFT"", ""SIRIUS_CAT_SRCH"", ""IPOD:_LEFT"", ""IPOD:_LEFT"", ""IPOD_ENTER"", ""IPOD_CURSOR_ENTER"", ""IPOD:_CURSOR_ENTER"", ""DOCK_NAV_ENTER"", ""SEARCH_PRESET"", ""DOCK:_ENTER"", ""SIRIUS:PRESET_SEARCH"", ""Unknown"", ""Unknown"", ""ENTER"", ""IPOD:_ENTER"", ""SIRIUS_MODE_PRESET"", ""DOCK_MENU_ENTER"", ""SIRIUS_PRESET_SRCH"", ""IPOD:_ENTER"", ""IPOD_MENU_RIGHT"", ""IPOD_CURSOR_RIGHT"", ""IPOD:_CURSOR_RIGHT"", ""DOCK_NAV_RIGHT"", ""DOCK:_RIGHT"", ""Unknown"", ""RIGHT"", ""DOCK_MENU_RIGHT"", ""IPOD:_RIGHT"", ""IPOD:_RIGHT"", ""NET:_RIGHT"", ""IPOD_BLUETOOTH_OFF"", ""IPOD_DOWN"", ""IPOD_CURSOR_DOWN"", ""IPOD:_CURSOR_DOWN"", ""IPOD_MENU_DOWN"", ""DOCK_NAV_DOWN"", ""DOCK:_DOWN"", ""Unknown"", ""DOWN"", ""DOCK_MENU_DOWN"", ""IPOD:_DOWN"", ""IPOD:_DOWN"", ""IPOD_DISPLAY"", ""IPOD:_DISPLAY"", ""DOCK:_DISPLAY"", ""Unknown"", ""DISPLAY"", ""DOCK_DISPLAY"", ""IPOD_REW(SEARCH)"", ""IPOD_REW"", ""IPOD:_REWIND"", ""IPOD:_REW"", ""IPOD_REWIND"", ""DOCK_REW"", ""DOCK:_REW"", ""Unknown"", ""REWIND"", ""IPOD:_SCAN_DOWN"", ""IPOD_SEARCH-"", ""DOCK_CONT_REW"", ""IPOD:_REWIND"", ""IPOD_FF(SEARCH)"", ""IPOD_FF"", ""IPOD:_FAST_FORWARD"", ""IPOD:_FF"", ""IPOD_FAST_FORWARD"", ""DOCK_FF"", ""DOCK_NAV_LEFT"", ""DOCK:_FF"", ""Unknown"", ""FAST_FORWARD"", ""IPOD:_SCAN_UP"", ""IPOD_SEARCH_UP"", ""DOCK_CONT_FF"", ""IPOD:_FAST_FORWARD"", ""IPOD_PAUSE"", ""IPOD:_PAUSE"", ""DOCK_PAUSE"", ""DOCK:_PAUSE"", ""Unknown"", ""PAUSE"", ""DOCK_CONT_PAUSE"", ""IPOD:_PAUSE"", ""IPOD_CHP/SKIP-"", ""IPOD_SKIP_-"", ""IPOD:_SKIP_-"", ""IPOD:_SKIP-"", ""DOCK_SKIP_-"", ""DOCK:_SKIP-"", ""Unknown"", ""PREV_TRACK"", ""IPOD:_SKIP_DOWN"", ""IPOD_SKIP_BACK"", ""DOCK_CONT_SKIP_-"", ""IPOD:_SKIP-"", ""NET:_SKIP-"", ""IPOD_CHP/SKIP+"", ""IPOD_SKIP_+"", ""IPOD:_SKIP_+"", ""IPOD:_SKIP+"", ""DOCK_SKIP_+"", ""DOCK:_SKIP+"", ""Unknown"", ""NEXT_TRACK"", ""IPOD:_SKIP_UP"", ""IPOD_SKIP_UP"", ""DOCK_CONT_SKIP_+"", ""IPOD:_SKIP+"", ""NET:_SKIP+"", ""IPOD_STOP"", ""IPOD:_STOP"", ""DOCK_STOP"", ""DOCK:_STOP"", ""Unknown"", ""STOP"", ""DOCK_CONT_STOP"", ""IPOD:_STOP"", ""NET:_STOP"", ""IPOD_PLAY"", ""IPOD:_PLAY"", ""DOCK_PLAY"", ""DOCK:_PLAY"", ""Unknown"", ""PLAY"", ""DOCK_CONT_PLAY"", ""IPOD:_PLAY"", ""NET_1"", ""NET:_1"", ""1"", ""NET/USB_1"", ""HD_RADIO:_1"", ""NET:_1"", ""HD_RADIO:_1"", ""NET_2"", ""NET:_2"", ""2"", ""NET/USB_2"", ""HD_RADIO:_2"", ""NET:_2"", ""HD_RADIO:_2"", ""NET_3"", ""NET:_3"", ""3"", ""NET/USB_3"", ""HD_RADIO:_3"", ""NET:_3"", ""HD_RADIO:_3"", ""NET_4"", ""NET:_4"", ""4"", ""NET/USB_4"", ""HD_RADIO:_4"", ""NET:_4"", ""HD_RADIO:_4"", ""NET_5"", ""NET:_5"", ""5"", ""NET/USB_5"", ""HD_RADIO:_5"", ""NET:_5"", ""HD_RADIO:_5"", ""NET_6"", ""NET:_6"", ""6"", ""NET/USB_6"", ""HD_RADIO:_6"", ""NET:_6"", ""HD_RADIO:_6"", ""NET_7"", ""NET:_7"", ""7"", ""NET/USB_7"", ""HD_RADIO:_7"", ""NET:_7"", ""HD_RADIO:_7"", ""NET_8"", ""NET:_8"", ""8"", ""NET/USB_8"", ""HD_RADIO:_8"", ""NET:_8"", ""HD_RADIO:_8"", ""9"", ""HD_RADIO:_9"", ""HD_RADIO:_9"", ""0"", ""HD_RADIO:_0"", ""HD_RADIO:_0"", ""NET_NUM_ENTER"", ""NET:_ENTER"", ""NET:_ENT"", ""ENT"", ""NET/USB_ENT"", ""HD_RADIO:_ENTER"", ""NET_SETUP:_ENTER"", ""HD_RADIO:_ENTER"", ""NET_TITLE"", ""NET:_TITLE"", ""NET_CURSOR_UP"", ""NET:_CURSOR_UP"", ""IPOD_MENU"", ""NET/USB_NAV_UP"", ""USB_MENU_UP"", ""NET:_UP"", ""NET:_UP"", ""SETUP:_UP"", ""NET_MENU"", ""NET:_MENU"", ""MEMORY"", ""HD_RADIO:_MEMORY"", ""HD_RADIO:_MEMORY"", ""NET_CURSOR_LEFT"", ""NET:_CURSOR_LEFT"", ""NET/USB_NAV_LEFT"", ""USB_MENU_LEFT"", ""NET:_LEFT"", ""NET:_LEFT"", ""SETUP:_LEFT"", ""NET_CURSOR_ENTER"", ""NET:_CURSOR_ENTER"", ""NAV_UP"", ""NET/USB_NAV_ENTER"", ""USB_ENTER"", ""NET_SETUP:_ENTER"", ""NET:_ENTER"", ""SETUP:_ENTER"", ""NET_CURSOR_RIGHT"", ""NET:_CURSOR_RIGHT"", ""NAV_LEFT"", ""NET/USB_NAV_RIGHT"", ""USB_MENU_RIGHT"", ""NET:_RIGHT"", ""SETUP:_RIGHT"", ""NET_MEM"", ""NET:_MEMORY"", ""ENTER"", ""NET/USB_MEMORY"", ""USB_RETURN"", ""HD_RAD_SETUP:_ENT"", ""NET:_MEMORY"", ""HD_RAD_SETUP:_ENT"", ""NET_CURSOR_DOWN"", ""NET:_CURSOR_DOWN"", ""NAV_RIGHT"", ""NET/USB_NAV_DOWN"", ""USB_MENU_DOWN"", ""NET:_DOWN"", ""NET:_DOWN"", ""SETUP:_DOWN"", ""NET_DISPLAY"", ""NET:_DISPLAY"", ""NAV_DOWN"", ""USB_DISPLAY"", ""NET_REC(PC/MCX)"", ""NET_INPUT:_PC/MCX"", ""NET:_PC/MCX"", ""NET:_REC"", ""NET_REW_(RADIO)"", ""NET_INPUT:_NET_RADIO"", ""NET:_IRADIO"", ""NET:_REW"", ""NET_FF(USB)"", ""NET_INPUT:_USB"", ""NET:_FF"", ""NET:_USB"", ""NET_PAUSE"", ""NET:_PAUSE"", ""NET:_PAUSE"", ""NET_SKIP_-"", ""NET:_SKIP_-"", ""NET:_SKIP-"", ""NET/USB_SKIP_-"", ""USB_SKIP_BACK"", ""NET_SKIP_+"", ""NET:_SKIP_+"", ""NET:_SKIP+"", ""PROGRAM_SELECT_-"", ""NET/USB_SKIP_+"", ""USB_SKIP_FORWARD"", ""NET_STOP"", ""NET:_STOP"", ""PROGRAM_SELECT_+"", ""NET/USB_STOP"", ""USB_STOP"", ""NET_PLAY"", ""NET:_PLAY"", ""NET/USB_PLAY"", ""USB_PLAY"", ""NET:_PLAY"", ""INPUT_NET/USB"", ""INPUT_USB-NET"", ""MZ_IN:_NET/USB"", ""Z2_IN:_NET/USB"", ""MZ:_NET/USB"", ""INP_NET/USB"", ""USB_INPUT"", ""MZ:_INP_NET/USB"", ""Z2_IN_NET/USB"", ""ZONE2_INPUT_USB-NET"", ""Z3_IN:_NET/USB"", ""Z2:_NET/USB"", ""DOCK_SIMPL_REMOTE"", ""INP_NET/USB"", ""DOCK_SIMPLE_REMOT"", ""Z2:_INP_NET/USB"", ""Z2_INP:_NET/USB"", ""Z2_INP:_NET/USB"", ""Z3_IN_NET/USB"", ""ZONE3_INPUT_USB-NET"", ""Z3:_NET/USB"", ""DOCK_MENU_BROWSE"", ""INP_NET/USB"", ""Z3:_INP_NET/USB"", ""Z3_INP:_NET/USB"", ""Z3_INP:_NET/USB"", ""DOCK_PAGE_UP"", ""IPOD:_PAGE_UP"", ""IPOD:_PAGE_UP"", ""DOCK_PAGE_DOWN"", ""IPOD:_PAGE_DOWN"", ""IPOD:_PAGE_DOWN"", ""NET_PAGE_UP"", ""NET:_PAGE_UP"", ""NET:_PAGE_UP"", ""NET_PAGE_DOWN"", ""NET:_PAGE_DOWN"", ""NET:_PAGE_DOWN"", ""NET_BOOK_MARK_ON"", ""NET:_BOOKMARK_ON"", ""NET:_BOOKMARK_ON"", ""NET_BOOK_MARK_OFF"", ""NET:_BOOKMARK_OFF"", ""NET:_BOOKMARK_OFF"", ""INPUT_RHAPSODY"", ""INP_RHAPSODY"", ""MZ_INP:_RHAPSODY"", ""MZ_INP:_RHAPSODY"", ""INP_SIRIUS_INTERNET"", ""Z4:_INP_NET/USB"", ""MZ_INP:_SIRIUS_INTER"", ""MZ_INP:_SIRIUS_INTER"", ""Z4_INP:_NET/USB"", ""Z4_INP:_NET/USB"", ""INPUT_DOCK"", ""INP_DOCK"", ""STEREO"", ""DOCK_INPUT"", ""Unknown"", ""MZ:_INP_DOCK"", ""MZ_INP:_DOCK"", ""MZ_INP:_DOCK"", ""MONO"", ""INP_DOCK"", ""Z2:_DOCK"", ""Unknown"", ""Z2_INPUT_DOCK"", ""Z2:_INP_DOCK"", ""Z2_INP:_DOCK"", ""Z2_INP:_DOCK"", ""STEREO"", ""INP_DOCK"", ""Z3:_INP_DOCK"", ""Z3_INP:_DOCK"", ""Z3_INP:_DOCK"", ""MONO"", ""Z4:_INP_DOCK"", ""Z4_INP:_DOCK"", ""DOCK_PAIRING"", ""DOCK_PAIRING_CANCL"", ""DOCK_PARING_CANCEL"", ""DOCK_CONNECT"", ""DOCK_DISCONNECT"", ""1"", ""SRCE:_MZ_1"", ""INPUT_PC"", ""INP_PC/MCX"", ""2"", ""SRCE:_MZ_2"", ""MZ_INP:_PC/MCX"", ""MZ_INP:_PC/MCX"", ""INPUT_NET_RADIO"", ""INP_NET_RADIO"", ""3"", ""SRCE:_MZ_3"", ""MZ_INP:_NET_RADIO"", ""MZ_INP:_NET_RADIO"", ""Z2_SOURCE:_3"", ""INPUT_USB"", ""INP_USB"", ""4"", ""SRCE:_MZ_4"", ""MZ_INP:_USB"", ""MZ_INP:_USB"", ""5"", ""SOURCE:_CAT./BAND+"", ""Unknown"", ""MZ_OP-CAT_BAND_+"", ""SRCE:_MZ_5"", ""Z2_SOURCE:_5"", ""6"", ""Z2:SOURC:_CAT/BAND_+"", ""Unknown"", ""Z2_OP-CAT_BAND_+"", ""SRCE:_MZ_6"", ""7"", ""SRCE:_MZ_7"", ""Z2_SOURCE:_7"", ""8"", ""SOURCE:_CAT./BAND-"", ""Unknown"", ""MZ_OP-CAT_BAND_-"", ""SRCE:_MZ_8"", ""9"", ""Z2:SOURC:_CAT/BAND_-"", ""Unknown"", ""Z2_OP-CAT_BAND_-"", ""SRCE:_MZ_9"", ""0"", ""SRCE:_MZ_0"", ""SOURCE:_PRESET+"", ""Unknown"", ""MZ_OP-PRESET_+"", ""Z2:_SOURCE:PRESET_+"", ""Unknown"", ""Z2_OP-PRESET_+"", ""TUNER:_MZ_ENTER"", ""XM:_MZ_ENTER"", ""PARENTAL_LOCK"", ""MODE_1"", ""TUNER:_MZ_BAND"", ""XM:_MZ_TITLE"", ""MODE_2"", ""SOURCE:_PRESET-"", ""Unknown"", ""MZ_OP-PRESET_-"", ""DOCK:_MZ_MENU"", ""NETUSB:_MZ_MENU"", ""TUNER:_MZ_SRCHM"", ""XM:_MZ_SRCH_MODE"", ""MODE_3"", ""Z2:_SOURCE:PRESET_-"", ""Unknown"", ""Z2_OP-PRESET_-"", ""SRCE:_MZ_MEMORY"", ""MODE_4"", ""SOURCE:_DISPLAY"", ""Unknown"", ""MZ_SOURCE_DISPLAY"", ""SRCE:_MZ_DISPLAY"", ""SETUP_UP"", ""SOURCE:TUNING/CH+"", ""Unknown"", ""MZ_OP-TUNING_+"", ""SRCE:_MZ_CURS_UP"", ""SETUP:_UP"", ""SETUP_LEFT"", ""Z2:SOURCE:TUNING/CH+"", ""Unknown"", ""Z2_OP-TUNING_+"", ""SRCE:_MZ_CURS_LEFT"", ""SETUP_ENTER"", ""SRCE:_MZ_CURS_ENTER"", ""SETUP:_ENTER"", ""SETUP_RIGHT"", ""SOURCE:TUNING/CH-"", ""Unknown"", ""MZ_OP-TUNING_-"", ""SRCE:_MZ_CURS_RIGHT"", ""SETUP:_RIGHT"", ""SETUP_DOWN"", ""Z2:SOURCE:TUNING/CH-"", ""Unknown"", ""Z2_OP-TUNING_-"", ""SRCE:_MZ_CURS_DN"", ""SETUP:_DOWN"", ""SETUP:_LEFT"", ""NETUSB:_MZ_PC/MC"", ""OPERATION_2"", ""SOURCE:_MEMORY"", ""Unknown"", ""MZ_SOURCE_MEMORY"", ""DOCK:_MZ_PAUSE"", ""OPERATION_3"", ""DOCK:_MZ_PLAY"", ""NETUSB:_MZ_PLAY"", ""OPERATION_4"", ""DOCK:_MZ_STOP"", ""NETUSB:_MZ_STOP"", ""OPERATION_5"", ""DOCK:_MZ_REW"", ""NETUSB:_MZ_NRADIO"", ""OPERATION_6"", ""DOCK:_MZ_FF"", ""NETUSB:_MZ_USB"", ""OPERATION_7"", ""DOCK:_MZ_SKIP_-"", ""HDRADIO:_MZ_PROG-"", ""NETUSB:_MZ_SKIP_-"", ""OPERATION_8"", ""DOCK:_MZ_SKIP_+"", ""HDRADIO:_MZPROG+"", ""NETUSB:_MZ_SKIP_+"", ""OPERATION_9"", ""SRCE:_Z2_1"", ""Z2_SOURCE:_1"", ""Z2_SOURCE:_1"", ""SRCE:_Z2_2"", ""Z2_SOURCE:_2"", ""Z2_SOURCE:_2"", ""SRCE:_Z2_3"", ""Z2_SOURCE:_3"", ""SRCE:_Z2_4"", ""Z2_SOURCE:_4"", ""Z2_SOURCE:_4"", ""SRCE:_Z2_5"", ""Z2_SOURCE:_5"", ""SRCE:_Z2_6"", ""Z2_SOURCE:_6"", ""Z2_SOURCE:_6"", ""SRCE:_Z2_7"", ""Z2_SOURCE:_7"", ""SRCE:_Z2_8"", ""Z2_SOURCE:_8"", ""Z2_SOURCE:_8"", ""SRCE:_Z2_9"", ""Z2_SOURCE:_9"", ""Z2_SOURCE:_9"", ""SRCE:_Z2_0"", ""Z2_SOURCE:_0"", ""Z2_SOURCE:_0"", ""TUNER:_Z2_ENTER"", ""XM:_Z2_ENTER"", ""Z2_SOURCE:_ENTER"", ""Z2_SOURCE:_ENTER"", ""TUNER:_Z2_BAND"", ""XM:_Z2_TITLE"", ""DOCK:_Z2_MENU"", ""NETUSB:_Z2_MENU"", ""TUNER:_Z2_SRCHM"", ""XM:_Z2_SRCH_MODE"", ""SRCE:_Z2_MEMORY"", ""SRCE:_Z2_DISPLAY"", ""SRCE:_Z2_CURS_UP"", ""SRCE:_Z2_CURS_LEFT"", ""Z3_SOURCE:_LEFT"", ""SRCE:_Z2_CURS_ENTER"", ""SRCE:_Z2_CURS_RIGHT"", ""SRCE:_Z2_CURS_DOWN"", ""NETUSB:_Z2_PC/MC"", ""DOCK:_Z2_PAUSE"", ""Z2_OPERATION_2"", ""Z2_OPERATION_2"", ""DOCK:_Z2_PLAY"", ""NETUSB:_Z2_PLAY"", ""Z2_OPERATION_3"", ""Z2_OPERATION_3"", ""DOCK:_Z2_STOP"", ""NETUSB:_Z2_STOP"", ""Z2_OPERATION_4"", ""Z2_OPERATION_4"", ""DOCK:_Z2_REW"", ""NETUSB:_Z2_NRADIO"", ""Z2_OPERATION_5"", ""Z2_OPERATION_5"", ""DOCK:_Z2_FF"", ""NETUSB:_Z2_USB"", ""Z2_OPERATION_6"", ""Z2_OPERATION_6"", ""DOCK:_Z2_SKIP_-"", ""HDRADIO:_Z2_PROG_-"", ""NETUSB:_Z2_SKIP_-"", ""Z2_OPERATION_7"", ""Z2_OPERATION_7"", ""DOCK:_Z2_SKIP_+"", ""HDRADIO:_Z2_PROG+"", ""NETUSB:_Z2_SKIP_+"", ""Z2_OPERATION_8"", ""Z2_OPERATION_8"", ""Z2_OPERATION_9"", ""Z2_OPERATION_9"", ""SRCE:_Z3_1"", ""Z3_SOURCE:_1"", ""Z3_SOURCE:_1"", ""SRCE:_Z3_2"", ""Z3_SOURCE:_2"", ""Z3_SOURCE:_2"", ""SRCE:_Z3_3"", ""Z3_SOURCE:_3"", ""Z3_SOURCE:_3"", ""SRCE:_Z3_4"", ""Z3_SOURCE:_4"", ""Z3_SOURCE:_4"", ""SRCE:_Z3_5"", ""Z3_SOURCE:_5"", ""Z3_SOURCE:_5"", ""SRCE:_Z3_6"", ""Z3_SOURCE:_6"", ""Z3_SOURCE:_6"", ""SRCE:_Z3_7"", ""Z3_SOURCE:_7"", ""Z3_SOURCE:_7"", ""SRCE:_Z3_8"", ""Z3_SOURCE:_8"", ""Z3_SOURCE:_8"", ""SRCE:_Z3_9"", ""Z3_SOURCE:_9"", ""Z3_SOURCE:_9"", ""SRCE:_Z3_0"", ""Z3_SOURCE:_0"", ""Z3_SOURCE:_0"", ""TUNER:_Z3_ENTER"", ""XM:_Z3_ENTER"", ""Z3:_SOURCE_ENT"", ""Z3_SOURCE:_ENTER"", ""Z3:_SOURCE_ENT"", ""TUNER:_Z3_BAND"", ""XM:_Z3_TITLE"", ""Z3_SOURCE:_MODE_1"", ""Z3_SOURCE:_MODE_1"", ""DOCK:_Z3_MENU"", ""NETUSB:_Z3_MENU"", ""TUNER:_Z3_SRCHM"", ""XM:_Z3_SRCH_MODE"", ""Z3_SOURCE:_MODE_2"", ""Z3_SOURCE:_MODE_2"", ""SRCE:_Z3_MEMORY"", ""Z3_SOURCE:_MODE_3"", ""Z3_SOURCE:_MODE_3"", ""SRCE:_Z3_DISPLAY"", ""Z3_SOURCE:_MODE_4"", ""Z3_SOURCE:_MODE_4"", ""SRCE:_Z3_CURS_UP"", ""Z3_SOURCE:_UP"", ""Z3_SOURCE:_UP"", ""SRCE:_Z3_CURS_LEFT"", ""Z3_SOURCE:_LEFT"", ""SRCE:_Z3_CURS_ENTER"", ""Z3_SOURCE:_ENTER"", ""SRCE:_Z3_CURS_RIGHT"", ""Z3_SOURCE:_RIGHT"", ""Z3_SOURCE:_RIGHT"", ""SRCE:_Z3_CURS_DOWN"", ""Z3_SOURCE:_DOWN"", ""Z3_SOURCE:_DOWN"", ""NETUSB:_Z3_PC/MC"", ""DOCK:_Z3_PAUSE"", ""Z3_SOURCE:_OP_2"", ""Z3_SOURCE:_OP_2"", ""DOCK:_Z3_PLAY"", ""NETUSB:_Z3_PLAY"", ""Z3_SOURCE:_OP_3"", ""Z3_SOURCE:_OP_3"", ""DOCK:_Z3_STOP"", ""NETUSB:_Z3_STOP"", ""Z3_SOURCE:_OP_4"", ""Z3_SOURCE:_OP_4"", ""DOCK:_Z3_REW"", ""NETUSB:_Z3_NRADIO"", ""Z3_SOURCE:_OP_5"", ""Z3_SOURCE:_OP_5"", ""DOCK:_Z3_FF"", ""NETUSB:_Z3_USB"", ""Z3_SOURCE:_OP_6"", ""Z3_SOURCE:_OP_6"", ""DOCK:_Z3_SKIP_-"", ""HDRADIO:_Z3_PROG_-"", ""NETUSB:_Z3_SKIP_-"", ""Z3_SOURCE:_OP_7"", ""Z3_SOURCE:_OP_7"", ""DOCK:_Z3_SKIP_+"", ""HDRADIO:_Z3_PROG+"", ""NETUSB:_Z3_SKIP_+"", ""Z3_SOURCE:_OP_8"", ""Z3_SOURCE:_OP_8"", ""Z3_SOURCE:_OP_9"", ""Z3_SOURCE:_OP_9"", ""SRCE:_Z4_1"", ""Z4_SOURCE:_1"", ""Z4_SOURCE:_1"", ""SRCE:_Z4_2"", ""Z4_SOURCE:_2"", ""Z4_SOURCE:_2"", ""SRCE:_Z4_3"", ""Z4_SOURCE:_3"", ""Z4_SOURCE:_3"", ""SRCE:_Z4_4"", ""Z4_SOURCE:_4"", ""Z4_SOURCE:_4"", ""SRCE:_Z4_5"", ""Z4_SOURCE:_5"", ""Z4_SOURCE:_5"", ""SRCE:_Z4_6"", ""Z4_SOURCE:_6"", ""Z4_SOURCE:_6"", ""SRCE:_Z4_7"", ""Z4_SOURCE:_7"", ""Z4_SOURCE:_7"", ""SRCE:_Z4_8"", ""Z4_SOURCE:_8"", ""Z4_SOURCE:_8"", ""SRCE:_Z4_9"", ""Z4_SOURCE:_9"", ""Z4_SOURCE:_9"", ""SRCE:_Z4_0"", ""Z4_SOURCE:_0"", ""Z4_SOURCE:_0"", ""TUNER:_Z4_ENTER"", ""XM:_Z4_ENTER"", ""Z4_SOURCE:_ENT"", ""Z4:_SOURCE_ENT"", ""Z4:_SOURCE_ENT"", ""TUNER:_Z4_BAND"", ""XM:_Z4_TITLE"", ""Z4_SOURCE:_MODE_1"", ""Z4_SOURCE:_MODE_1"", ""DOCK:_Z4_MENU"", ""NETUSB:_Z4_MENU"", ""TUNER:_Z4_SRCHM"", ""XM:_Z4_SRCH_MODE"", ""Z4_SOURCE:_MODE_2"", ""Z4_SOURCE:_MODE_2"", ""SRCE:_Z4_MEMORY"", ""Z4_SOURCE:_MODE_3"", ""Z4_SOURCE:_MODE_3"", ""SRCE:_Z4_DISPLAY"", ""Z4_SOURCE:_MODE_4"", ""Z4_SOURCE:_MODE_4"", ""SRCE:_Z4_CURS_UP"", ""Z4_SOURCE:_UP"", ""Z4_SOURCE:_UP"", ""SRCE:_Z4_CURS_LEFT"", ""Z4_SOURCE:_LEFT"", ""Z4_SOURCE:_LEFT"", ""SRCE:_Z4_CURS_ENTER"", ""Z4_SOURCE:_ENTER"", ""Z4_SOURCE:_ENTER"", ""SRCE:_Z4_CURS_RIGHT"", ""Z4_SOURCE:_RIGHT"", ""Z4_SOURCE:_RIGHT"", ""SRCE:_Z4_CURS_DOWN"", ""Z4_SOURCE:_DOWN"", ""Z4_SOURCE:_DOWN"", ""NETUSB:_Z4_PC/MC"", ""DOCK:_Z4_PAUSE"", ""Z4_SOURCE:_OP_2"", ""Z4_SOURCE:_OP_2"", ""DOCK:_Z4_PLAY"", ""NETUSB:_Z4_PLAY"", ""Z4_SOURCE:_OP_3"", ""Z4_SOURCE:_OP_3"", ""DOCK:_Z4_STOP"", ""NETUSB:_Z4_STOP"", ""Z4_SOURCE:_OP_4"", ""Z4_SOURCE:_OP_4"", ""DOCK:_Z4_REW"", ""NETUSB:_Z4_NRADIO"", ""Z4_SOURCE:_OP_5"", ""Z4_SOURCE:_OP_5"", ""DOCK:_Z4_FF"", ""NETUSB:_Z4_USB"", ""Z4_SOURCE:_OP_6"", ""Z4_SOURCE:_OP_6"", ""DOCK:_Z4_SKIP_-"", ""HDRADIO:_Z4_PROG_-"", ""NETUSB:_Z4_SKIP_-"", ""Z4_SOURCE:_OP_7"", ""Z4_SOURCE:_OP_7"", ""DOCK:_Z4_SKIP_+"", ""HDRADIO:_Z4_PROG+"", ""NETUSB:_Z4_SKIP_+"", ""Z4_SOURCE:_OP_8"", ""Z4_SOURCE:_OP_8"", ""Z4_SOURCE:_OP_9"", ""Z4_SOURCE:_OP_9"", ""SIRIUS_0"", ""1"", ""SIRIUS_1"", ""SIRIUS:_1"", ""Unknown"", ""SIRIUS_NUM_1"", ""SIRIUS:_1"", ""2"", ""SIRIUS_2"", ""SIRIUS:_2"", ""Unknown"", ""SIRIUS_NUM_2"", ""SIRIUS:_2"", ""3"", ""SIRIUS_3"", ""SIRIUS:_3"", ""Unknown"", ""SIRIUS_NUM_3"", ""SIRIUS:_3"", ""4"", ""SIRIUS_4"", ""SIRIUS:_4"", ""Unknown"", ""SIRIUS_NUM_4"", ""SIRIUS:_4"", ""5"", ""SIRIUS_5"", ""SIRIUS:_5"", ""Unknown"", ""SIRIUS_NUM_5"", ""SIRIUS:_5"", ""6"", ""SIRIUS_6"", ""SIRIUS:_6"", ""Unknown"", ""SIRIUS_NUM_6"", ""SIRIUS:_6"", ""7"", ""SIRIUS_7"", ""SIRIUS:_7"", ""Unknown"", ""SIRIUS_NUM_7"", ""SIRIUS:_7"", ""8"", ""SIRIUS_8"", ""SIRIUS:_8"", ""Unknown"", ""SIRIUS_NUM_8"", ""SIRIUS:_8"", ""9"", ""SIRIUS_9"", ""SIRIUS:_9"", ""Unknown"", ""SIRIUS_NUM_9"", ""SIRIUS:_9"", ""0"", ""SIRIUS:_0"", ""Unknown"", ""SIRIUS_0"", ""SIRIUS_NUM_0"", ""SIRIUS:_0"", ""ENT"", ""SIRIUS_ENT_NO_INPUT"", ""SIRIUS:_ENTER"", ""Unknown"", ""SIRIUS_ENT"", ""SIRIUS_NUM_ENT"", ""SIRIUS_SEARCH_MODE"", ""SIRIUS:SEARCH_MODE"", ""Unknown"", ""SIRIUS_SRCH_MODE"", ""MEMORY"", ""SIRIUS_MEMORY"", ""Unknown"", ""SIRIUS:_MEMORY"", ""SIRIUS:_MEMORY"", ""SIRIUS_DISPLAY"", ""Unknown"", ""NAV_UP"", ""SIRIUS_PRESET_CH_UP"", ""SIRIUS:CH/PRESET_UP"", ""Unknown"", ""SIRIUS_CURSOR_UP"", ""SIRIUS_CH/PR_NO_UP"", ""SIRIUS:_UP"", ""SIRIUS:_UP"", ""NAV_LEFT"", ""SIRIUS_CATEGORY_-"", ""SIRIU:CAT/PST_GRP_DN"", ""Unknown"", ""SIRIUS_CURSOR_LEFT"", ""SIRIUS_CAT/PR_GRP_DN"", ""SIRIUS:_LEFT"", ""SIRIUS:_LEFT"", ""ENTER"", ""SIRIUS_ENTER"", ""Unknown"", ""SIRIUS_SETUP:_ENTER"", ""SIRIUS_SETUP:_ENTER"", ""SIRIUS:_ENTER"", ""NAV_RIGHT"", ""SIRIUS_CATEGORY_+"", ""SIRIU:CAT/PST_GRP_UP"", ""Unknown"", ""SIRIUS_CURSOR_RIGHT"", ""SIRIUS_CAT/PR_GRP_UP"", ""SIRIUS:_RIGHT"", ""SIRIUS:_RIGHT"", ""NAV_DOWN"", ""SIRIUS_PRESET_CH_DW"", ""SIRIUS:CH/PRESET_DWN"", ""Unknown"", ""SIRIUS_CURSOR_DOWN"", ""SIRIUS_CH/PR_NO_DN"", ""SIRIUS:_DOWN"", ""SIRIUS:_DOWN"", ""SIRIUS_INFO"", ""Unknown"", ""A"", ""HDRADIO:_PRESET_A"", ""HD_RADIO:_A"", ""HD_RADIO:_A"", ""B"", ""HDRADIO:_PRESET_B"", ""HD_RADIO:_B"", ""HD_RADIO:_B"", ""C"", ""HDRADIO:_PRESET_C"", ""HD_RADIO:_C"", ""HD_RADIO:_C"", ""D"", ""HDRADIO:_PRESET_D"", ""HD_RADIO:_D"", ""HD_RADIO:_D"", ""E"", ""HDRADIO:_PRESET_E"", ""HD_RADIO:_E"", ""HD_RADIO:_E"", ""INP_AM"", ""HDRADIO:_AM"", ""INP_FM"", ""HDRADIO:_FM"", ""AUTO_TUNE_-"", ""HDRADIO:_AUTO_DN"", ""AUTO_TUNE_+"", ""HDRADIO:_AUTO_UP"", ""DISPLAY_ON"", ""DISPLAY_OFF"", ""SRCH_MODE_PRESET"", ""TUNER:_SEARCH_PRESET"", ""Unknown"", ""TUNER_MODE_PRESET"", ""TUNER_SRCH_MODE_PRES"", ""TUNER:_PRES_MODE"", ""SRCH_MODE_TUNING"", ""TUNER:_SEARCH_MANUAL"", ""Unknown"", ""TUNER_MODE_MANUAL"", ""TUNER_SRCH_MODE_MANU"", ""TUNER:_MANL_MODE"", ""TUNER:_SEARCH_AUTO"", ""Unknown"", ""TUNER_MODE_AUTO"", ""TUNER_SRCH_MODE_AUTO""]","[""NECext""]","[""7F 01 00 00""]",device_family,0.58,"[""modelo/família identificável com conjunto amplo""]","[""modelo de baixa confiança foi tratado como evidência estrutural"", ""muitos nomes compartilham a mesma intenção"", ""nomes de comandos reais não chegaram ao classificador"", ""protocolos reais não chegaram ao classificador"", ""sequência numerada pode indicar codeset ou bruteforce""]","[""50 maiores quantidades de comandos"", ""50 maiores repetições de nomes"", ""50 nomes ou comandos com sequências numéricas""]"
f530a78881095514,_Converted_/CSV/Y/Yamaha/Sound_Projector/120_-1.ir,120_-1.ir,Converted/CSV,Yamaha,120_-1,252,"[""POWER_TOG"", ""0"", ""FM/XM:_0"", ""1"", ""FM/XM:_1"", ""2"", ""FM/XM:_2"", ""3"", ""FM/XM:_3"", ""4"", ""FM/XM:_4"", ""5"", ""FM/XM:_5"", ""6"", ""FM/XM:_6"", ""7"", ""FM/XM:_7"", ""8"", ""FM/XM:_8"", ""9"", ""FM/XM:_9"", ""FM_UP"", ""SUR_UPP"", ""PRESET_+"", ""FM/XM:_PRESET_+"", ""FM_DOWN"", ""SUR_NER"", ""PRESET_-"", ""FM/XM:_PRESET_-"", ""FM_A-E"", ""XM_CATEGORY_+"", ""FM/XM:_PG/CAT+"", ""VOL+"", ""VOLUME_UP"", ""VOL-"", ""VOLUME_DOWN"", ""CH_LEVEL"", ""LEVEL"", ""LEVEL_TOG"", ""DSP:_LEVEL_TOGGLE"", ""INPUT_AUX1"", ""INPUT_VCR"", ""INPUT_AUX_1"", ""INPUT:_AUX_1"", ""INPUT_DVD"", ""INPUT:_DVD"", ""INPUT_FM"", ""INPUT:_XM/FM"", ""DISPLAY"", ""SLEEP"", ""SLEEP_TOG"", ""SLEEP:_TOGGLE"", ""4"", ""SUR_STEREO"", ""BEAM-STEREO"", ""STEREO/5_CH_STEREO"", ""DSP:_BMSTEREOTOG"", ""TEST"", ""TEST_MODE"", ""TEST_MODE_TOG"", ""TEST_(DOLBY)"", ""TEST_TOGGLE"", ""SEARCH_MODE_ALL_CH"", ""FM/XM:_SRCHMD_ALL"", ""SEARCH_MODE_PREST"", ""FM/XM:_SRCHMPRES"", ""DEMO_1_ON"", ""DEMO_1_ON"", ""DEMO_1_OFF"", ""DEMO_1_OFF"", ""TRUBASS_MID"", ""DEMO_2_ON"", ""TRUBASS:_MID"", ""DSP:_TBASS_ON_MID"", ""TRUBASS_DEEP"", ""DEMO_2_OFF"", ""TRUBASS:_DEEP"", ""DSP:_TBASS_ON_DEEP"", ""TRUBASS_OFF"", ""TRUBASS:_OFF"", ""DSP:_TBASS_OFF"", ""PRESET_MEMORY_A"", ""VOLUME_MEMORY_A"", ""PRESET_RECALL_A"", ""VOLUME_RECALL_A"", ""PRESET_MEMORY_B"", ""VOLUME_MEMORY_B"", ""PRESET_RECALL_B"", ""VOLUME_RECALL_B"", ""PRESET_MEMORY_C"", ""VOLUME_MEMORY_C"", ""PRESET_RECALL_C"", ""VOLUME_RECALL_C"", ""MEMORY_SAVE_USER1"", ""MEMORY_LOAD_USER1"", ""MEMORY_SAVE_USER2"", ""MEMORY_LOAD_USER2"", ""MEMORY_SAVE_USER3"", ""MEMORY_LOAD_USER3"", ""TV_EQUAL_VOL_ON"", ""TV_MODE:_ON"", ""DSP:_TV_MODE_ON"", ""INPUT_XM"", ""INPUT:_XM"", ""POWER_ON"", ""POWER_OFF"", ""VOL_MODE"", ""NIGHT_TOG"", ""VOLUME_MODE"", ""DSP:_VOL_MODE_TOG"", ""TRUBASS_TOG"", ""SRS_TRUBASS"", ""DSP:_TBASS_TOGG"", ""INPUTMODE"", ""INPUT_MODE:_TOGGLE"", ""CURSOR_UP"", ""SET_MENU_UP"", ""UP"", ""SET:_CURSOR_UP"", ""CURSOR_DOWN"", ""SET_MENU_DOWN"", ""DOWN"", ""SET:_CURSOR_DOWN"", ""SUR_DECODE"", ""SURROUND_TOG"", ""DSP:_T_SURROUND"", ""0"", ""SUR_OFF"", ""DSP_OFF"", ""CINEMA_DSP:_OFF"", ""DSP:_CDSP_OFF"", ""VOLUME_MUTE"", ""MUTE_TOG"", ""NIGHT_MODE_OFF"", ""MUTE_TOGGLE"", ""MENU"", ""SET_MENU"", ""SET_MENU_TOG"", ""SET:_SET_MENU"", ""CURSOR_RIGHT"", ""SET_MENU_+"", ""SET_MENU_RIGHT"", ""RIGHT"", ""SET:_CURSOR_RIGHT"", ""CURSOR_LEFT"", ""SUR_A-E"", ""SET_MENU_-"", ""SET_MENU_LEFT"", ""LEFT"", ""SET:_CURSOR_LEFT"", ""MUTE_ON"", ""AUTO_SETUP"", ""AUTO_INTELLIBEAM"", ""INTELLIBEAM_START"", ""MUTE_OFF"", ""SET:_IBM_START_TRIGG"", ""+10"", ""FM_PRESET/TUNE"", ""PRESET/TUNE_MODE"", ""FM/XM:_PRES/TUNE"", ""TUNING-/PRESET-"", ""FM/XM:_TUN/PRE-"", ""TUNING+/PRESET+"", ""FM/XM:_TUN/PRE+"", ""PRESET_E_CATEGORY"", ""FM/XM:_PAGE_E"", ""PRESET_D_CATEGORY"", ""FM/XM:_PAGE_D"", ""PRESET_C_CATEGORY"", ""FM/XM:_PAGE_C"", ""PRESET_B_CATEGORY"", ""FM/XM:_PAGE_B"", ""PRESET_A_CATEGORY"", ""FM/XM:_PAGE_A"", ""AUTO_SEARCH_-"", ""FM/XM:_AUTO_SRCH-"", ""AUTO_SEARCH_+"", ""FM/XM:_AUTO_SRCH+"", ""FM_MEMORY"", ""MEMORY"", ""FM/XM:_MEMORY"", ""INPUT_FM"", ""INPUT:_FM"", ""FM_SEARCH"", ""FM/XM:_SRCH_MODE"", ""XM_DISPLAY"", ""FM/XM:_XM_DISPLAY"", ""XM_CATEGORY_-"", ""FM/XM:_PG/CAT-"", ""INPUT_AUX3"", ""INPUT_AUX_3"", ""INPUT:_AUX_3"", ""XM_ENTER"", ""FM/XM:_XM_ENTER"", ""RETURN"", ""SET_MENU_RETURN"", ""SET:_RETURN"", ""CURSOR_ENTER"", ""SET_MENU_SELECT"", ""SET_MENU_ENTER"", ""SET:_ENTER"", ""1"", ""SUR_5BEAM"", ""BEAM-5BEAM"", ""5_BEAM_MODE"", ""DSP:_BM_5_BEAM"", ""2"", ""SUR_ST+3BEAM"", ""BEAM-ST+3BEAM"", ""ST+3_BEAM_MODE"", ""DSP:_BM_ST+3_BEA"", ""3"", ""SUR_3BEAM"", ""BEAM-3BEAM"", ""3_BEAM_MODE"", ""DSP:_BM_3_BEAM"", ""5"", ""SUR_MY_BEAM"", ""BEAM-TARGET"", ""BEAM-MY_BEAM_AUTO"", ""DSP:_BM_MY_BEAM"", ""6"", ""SUR_MY_SUR"", ""DSP:_BM_MY_SURR."", ""ENHANCER"", ""MUSIC_ENHANCER_TOGGL"", ""DSP:_M_ENHAN_TOG"", ""DSP:_T_MUSIC_ENHA"", ""POWER"", ""8"", ""SUR_MOVIE"", ""DSP_MOVIE_TOG"", ""CINEMA_DSP_(MOVIE)_T"", ""DSP:_T_CDSP_MOVIE"", ""7"", ""SUR_MUSIC"", ""DSP_MUSIC_TOG"", ""CINEMA_DSP_(MUSIC)_T"", ""DSP:_T_CDSP_MUSIC"", ""9"", ""SUR_SPORTS"", ""CINEMA_DSP_(SPORTS)"", ""DSP:_CDSP_SPORTS"", ""INPUT_AUX2"", ""INPUT_AUX"", ""INPUT_AUX_2"", ""INPUT:_AUX_2"", ""INPUT_STB"", ""INPUT_TV"", ""INPUT_TV/STB"", ""MUTE_20%"", ""INPUT:_TV/STB""]","[""NECext""]","[""78 00 00 00""]",device_family,0.58,"[""modelo/família identificável com conjunto amplo""]","[""modelo de baixa confiança foi tratado como evidência estrutural"", ""muitos nomes compartilham a mesma intenção"", ""nomes de comandos reais não chegaram ao classificador"", ""protocolos reais não chegaram ao classificador"", ""sequência numerada pode indicar codeset ou bruteforce""]","[""50 maiores quantidades de comandos""]"
60a6994ca1f904a4,_Converted_/IR_Plus/E/EXAMPLE/RC5.ir,RC5.ir,Converted/IR_Plus,EXAMPLE,RC5,2399,"[""S00C00"", ""S00C01"", ""S00C02"", ""S00C03"", ""S00C04"", ""S00C05"", ""S00C06"", ""S00C07"", ""S00C08"", ""S00C09"", ""S00C0A"", ""S00C0B"", ""S00C0C"", ""S00C0D"", ""S00C0E"", ""S00C0F"", ""S00C10"", ""S00C11"", ""S00C12"", ""S00C13"", ""S00C14"", ""S00C15"", ""S00C16"", ""S00C17"", ""S00C18"", ""S00C19"", ""S00C1A"", ""S00C1B"", ""S00C1C"", ""S00C1D"", ""S00C1E"", ""S00C1F"", ""S00C20"", ""S00C21"", ""S00C22"", ""S00C23"", ""S00C24"", ""S00C25"", ""S00C26"", ""S00C27"", ""S00C28"", ""S00C29"", ""S00C2A"", ""S00C2B"", ""S00C2C"", ""S00C2D"", ""S00C2E"", ""S00C2F"", ""S00C30"", ""S00C31"", ""S00C32"", ""S00C33"", ""S00C34"", ""S00C35"", ""S00C36"", ""S00C37"", ""S00C38"", ""S00C39"", ""S00C3A"", ""S00C3B"", ""S00C3C"", ""S00C3D"", ""S00C3E"", ""S00C3F"", ""S00C40"", ""S00C41"", ""S00C42"", ""S00C43"", ""S00C44"", ""S00C45"", ""S00C46"", ""S00C47"", ""S00C48"", ""S00C49"", ""S00C4A"", ""S00C4B"", ""S00C4C"", ""S00C4D"", ""S00C4E"", ""S00C4F"", ""S00C50"", ""S00C51"", ""S00C52"", ""S00C53"", ""S00C54"", ""S00C55"", ""S00C56"", ""S00C57"", ""S00C58"", ""S00C59"", ""S00C5A"", ""S00C5B"", ""S00C5C"", ""S00C5D"", ""S00C5E"", ""S00C5F"", ""S00C60"", ""S00C61"", ""S00C62"", ""S00C63"", ""S00C64"", ""S00C65"", ""S00C66"", ""S00C67"", ""S00C68"", ""S00C69"", ""S00C6A"", ""S00C6B"", ""S00C6C"", ""S00C6D"", ""S00C6E"", ""S00C6F"", ""S00C70"", ""S00C71"", ""S00C72"", ""S00C73"", ""S00C74"", ""S00C75"", ""S00C76"", ""S00C77"", ""S00C78"", ""S00C79"", ""S00C7A"", ""S00C7B"", ""S00C7C"", ""S00C7D"", ""S00C7E"", ""S00C7F"", ""S01C00"", ""S01C01"", ""S01C02"", ""S01C03"", ""S01C04"", ""S01C05"", ""S01C06"", ""S01C07"", ""S01C08"", ""S01C09"", ""S01C0A"", ""S01C0B"", ""S01C0C"", ""S01C0D"", ""S01C0E"", ""S01C0F"", ""S01C10"", ""S01C11"", ""S01C12"", ""S01C13"", ""S01C14"", ""S01C15"", ""S01C16"", ""S01C17"", ""S01C18"", ""S01C19"", ""S01C1A"", ""S01C1B"", ""S01C1C"", ""S01C1D"", ""S01C1E"", ""S01C1F"", ""S01C20"", ""S01C21"", ""S01C22"", ""S01C23"", ""S01C24"", ""S01C25"", ""S01C26"", ""S01C27"", ""S01C28"", ""S01C29"", ""S01C2A"", ""S01C2B"", ""S01C2C"", ""S01C2D"", ""S01C2E"", ""S01C2F"", ""S01C30"", ""S01C31"", ""S01C32"", ""S01C33"", ""S01C34"", ""S01C35"", ""S01C36"", ""S01C37"", ""S01C38"", ""S01C39"", ""S01C3A"", ""S01C3B"", ""S01C3C"", ""S01C3D"", ""S01C3E"", ""S01C3F"", ""S01C40"", ""S01C41"", ""S01C42"", ""S01C43"", ""S01C44"", ""S01C45"", ""S01C46"", ""S01C47"", ""S01C48"", ""S01C49"", ""S01C4A"", ""S01C4B"", ""S01C4C"", ""S01C4D"", ""S01C4E"", ""S01C4F"", ""S01C50"", ""S01C51"", ""S01C52"", ""S01C53"", ""S01C54"", ""S01C55"", ""S01C56"", ""S01C57"", ""S01C58"", ""S01C59"", ""S01C5A"", ""S01C5B"", ""S01C5C"", ""S01C5D"", ""S01C5E"", ""S01C5F"", ""S01C60"", ""S01C61"", ""S01C62"", ""S01C63"", ""S01C64"", ""S01C65"", ""S01C66"", ""S01C67"", ""S01C68"", ""S01C69"", ""S01C6A"", ""S01C6B"", ""S01C6C"", ""S01C6D"", ""S01C6E"", ""S01C6F"", ""S01C70"", ""S01C71"", ""S01C72"", ""S01C73"", ""S01C74"", ""S01C75"", ""S01C76"", ""S01C77"", ""S01C78"", ""S01C79"", ""S01C7A"", ""S01C7B"", ""S01C7C"", ""S01C7D"", ""S01C7E"", ""S01C7F"", ""S02C00"", ""S02C01"", ""S02C02"", ""S02C03"", ""S02C04"", ""S02C05"", ""S02C06"", ""S02C07"", ""S02C08"", ""S02C09"", ""S02C0A"", ""S02C0B"", ""S02C0C"", ""S02C0D"", ""S02C0E"", ""S02C0F"", ""S02C10"", ""S02C11"", ""S02C12"", ""S02C13"", ""S02C14"", ""S02C15"", ""S02C16"", ""S02C17"", ""S02C18"", ""S02C19"", ""S02C1A"", ""S02C1B"", ""S02C1C"", ""S02C1D"", ""S02C1E"", ""S02C1F"", ""S02C20"", ""S02C21"", ""S02C22"", ""S02C23"", ""S02C24"", ""S02C25"", ""S02C26"", ""S02C27"", ""S02C28"", ""S02C29"", ""S02C2A"", ""S02C2B"", ""S02C2C"", ""S02C2D"", ""S02C2E"", ""S02C2F"", ""S02C30"", ""S02C31"", ""S02C32"", ""S02C33"", ""S02C34"", ""S02C35"", ""S02C36"", ""S02C37"", ""S02C38"", ""S02C39"", ""S02C3A"", ""S02C3B"", ""S02C3C"", ""S02C3D"", ""S02C3E"", ""S02C3F"", ""S02C40"", ""S02C41"", ""S02C42"", ""S02C43"", ""S02C44"", ""S02C45"", ""S02C46"", ""S02C47"", ""S02C48"", ""S02C49"", ""S02C4A"", ""S02C4B"", ""S02C4C"", ""S02C4D"", ""S02C4E"", ""S02C4F"", ""S02C50"", ""S02C51"", ""S02C52"", ""S02C53"", ""S02C54"", ""S02C55"", ""S02C56"", ""S02C57"", ""S02C58"", ""S02C59"", ""S02C5A"", ""S02C5B"", ""S02C5C"", ""S02C5D"", ""S02C5E"", ""S02C5F"", ""S02C60"", ""S02C61"", ""S02C62"", ""S02C63"", ""S02C64"", ""S02C65"", ""S02C66"", ""S02C67"", ""S02C68"", ""S02C69"", ""S02C6A"", ""S02C6B"", ""S02C6C"", ""S02C6D"", ""S02C6E"", ""S02C6F"", ""S02C70"", ""S02C71"", ""S02C72"", ""S02C73"", ""S02C74"", ""S02C75"", ""S02C76"", ""S02C77"", ""S02C78"", ""S02C79"", ""S02C7A"", ""S02C7B"", ""S02C7C"", ""S02C7D"", ""S02C7E"", ""S02C7F"", ""S03C00"", ""S03C01"", ""S03C02"", ""S03C03"", ""S03C04"", ""S03C05"", ""S03C06"", ""S03C07"", ""S03C08"", ""S03C09"", ""S03C0A"", ""S03C0B"", ""S03C0C"", ""S03C0D"", ""S03C0E"", ""S03C0F"", ""S03C10"", ""S03C11"", ""S03C12"", ""S03C13"", ""S03C14"", ""S03C15"", ""S03C16"", ""S03C17"", ""S03C18"", ""S03C19"", ""S03C1A"", ""S03C1B"", ""S03C1C"", ""S03C1D"", ""S03C1E"", ""S03C1F"", ""S03C20"", ""S03C21"", ""S03C22"", ""S03C23"", ""S03C24"", ""S03C25"", ""S03C26"", ""S03C27"", ""S03C28"", ""S03C29"", ""S03C2A"", ""S03C2B"", ""S03C2C"", ""S03C2D"", ""S03C2E"", ""S03C2F"", ""S03C30"", ""S03C31"", ""S03C32"", ""S03C33"", ""S03C34"", ""S03C35"", ""S03C36"", ""S03C37"", ""S03C38"", ""S03C39"", ""S03C3A"", ""S03C3B"", ""S03C3C"", ""S03C3D"", ""S03C3E"", ""S03C3F"", ""S03C40"", ""S03C41"", ""S03C42"", ""S03C43"", ""S03C44"", ""S03C45"", ""S03C46"", ""S03C47"", ""S03C48"", ""S03C49"", ""S03C4A"", ""S03C4B"", ""S03C4C"", ""S03C4D"", ""S03C4E"", ""S03C4F"", ""S03C50"", ""S03C51"", ""S03C52"", ""S03C53"", ""S03C54"", ""S03C55"", ""S03C56"", ""S03C57"", ""S03C58"", ""S03C59"", ""S03C5A"", ""S03C5B"", ""S03C5C"", ""S03C5D"", ""S03C5E"", ""S03C5F"", ""S03C60"", ""S03C61"", ""S03C62"", ""S03C63"", ""S03C64"", ""S03C65"", ""S03C66"", ""S03C67"", ""S03C68"", ""S03C69"", ""S03C6A"", ""S03C6B"", ""S03C6C"", ""S03C6D"", ""S03C6E"", ""S03C6F"", ""S03C70"", ""S03C71"", ""S03C72"", ""S03C73"", ""S03C74"", ""S03C75"", ""S03C76"", ""S03C77"", ""S03C78"", ""S03C79"", ""S03C7A"", ""S03C7B"", ""S03C7C"", ""S03C7D"", ""S03C7E"", ""S03C7F"", ""S04C00"", ""S04C01"", ""S04C02"", ""S04C03"", ""S04C04"", ""S04C05"", ""S04C06"", ""S04C07"", ""S04C08"", ""S04C09"", ""S04C0A"", ""S04C0B"", ""S04C0C"", ""S04C0D"", ""S04C0E"", ""S04C0F"", ""S04C10"", ""S04C11"", ""S04C12"", ""S04C13"", ""S04C14"", ""S04C15"", ""S04C16"", ""S04C17"", ""S04C18"", ""S04C19"", ""S04C1A"", ""S04C1B"", ""S04C1C"", ""S04C1D"", ""S04C1E"", ""S04C1F"", ""S04C20"", ""S04C21"", ""S04C22"", ""S04C23"", ""S04C24"", ""S04C25"", ""S04C26"", ""S04C27"", ""S04C28"", ""S04C29"", ""S04C2A"", ""S04C2B"", ""S04C2C"", ""S04C2D"", ""S04C2E"", ""S04C2F"", ""S04C30"", ""S04C31"", ""S04C32"", ""S04C33"", ""S04C34"", ""S04C35"", ""S04C36"", ""S04C37"", ""S04C38"", ""S04C39"", ""S04C3A"", ""S04C3B"", ""S04C3C"", ""S04C3D"", ""S04C3E"", ""S04C3F"", ""S04C40"", ""S04C41"", ""S04C42"", ""S04C43"", ""S04C44"", ""S04C45"", ""S04C46"", ""S04C47"", ""S04C48"", ""S04C49"", ""S04C4A"", ""S04C4B"", ""S04C4C"", ""S04C4D"", ""S04C4E"", ""S04C4F"", ""S04C50"", ""S04C51"", ""S04C52"", ""S04C53"", ""S04C54"", ""S04C55"", ""S04C56"", ""S04C57"", ""S04C58"", ""S04C59"", ""S04C5A"", ""S04C5B"", ""S04C5C"", ""S04C5D"", ""S04C5E"", ""S04C5F"", ""S04C60"", ""S04C61"", ""S04C62"", ""S04C63"", ""S04C64"", ""S04C65"", ""S04C66"", ""S04C67"", ""S04C68"", ""S04C69"", ""S04C6A"", ""S04C6B"", ""S04C6C"", ""S04C6D"", ""S04C6E"", ""S04C6F"", ""S04C70"", ""S04C71"", ""S04C72"", ""S04C73"", ""S04C74"", ""S04C75"", ""S04C76"", ""S04C77"", ""S04C78"", ""S04C79"", ""S04C7A"", ""S04C7B"", ""S04C7C"", ""S04C7D"", ""S04C7E"", ""S04C7F"", ""S05C00"", ""S05C01"", ""S05C02"", ""S05C03"", ""S05C04"", ""S05C05"", ""S05C06"", ""S05C07"", ""S05C08"", ""S05C09"", ""S05C0A"", ""S05C0B"", ""S05C0C"", ""S05C0D"", ""S05C0E"", ""S05C0F"", ""S05C10"", ""S05C11"", ""S05C12"", ""S05C13"", ""S05C14"", ""S05C15"", ""S05C16"", ""S05C17"", ""S05C18"", ""S05C19"", ""S05C1A"", ""S05C1B"", ""S05C1C"", ""S05C1D"", ""S05C1E"", ""S05C1F"", ""S05C20"", ""S05C21"", ""S05C22"", ""S05C23"", ""S05C24"", ""S05C25"", ""S05C26"", ""S05C27"", ""S05C28"", ""S05C29"", ""S05C2A"", ""S05C2B"", ""S05C2C"", ""S05C2D"", ""S05C2E"", ""S05C2F"", ""S05C30"", ""S05C31"", ""S05C32"", ""S05C33"", ""S05C34"", ""S05C35"", ""S05C36"", ""S05C37"", ""S05C38"", ""S05C39"", ""S05C3A"", ""S05C3B"", ""S05C3C"", ""S05C3D"", ""S05C3E"", ""S05C3F"", ""S05C40"", ""S05C41"", ""S05C42"", ""S05C43"", ""S05C44"", ""S05C45"", ""S05C46"", ""S05C47"", ""S05C48"", ""S05C49"", ""S05C4A"", ""S05C4B"", ""S05C4C"", ""S05C4D"", ""S05C4E"", ""S05C4F"", ""S05C50"", ""S05C51"", ""S05C52"", ""S05C53"", ""S05C54"", ""S05C55"", ""S05C56"", ""S05C57"", ""S05C58"", ""S05C59"", ""S05C5A"", ""S05C5B"", ""S05C5C"", ""S05C5D"", ""S05C5E"", ""S05C5F"", ""S05C60"", ""S05C61"", ""S05C62"", ""S05C63"", ""S05C64"", ""S05C65"", ""S05C66"", ""S05C67"", ""S05C68"", ""S05C69"", ""S05C6A"", ""S05C6B"", ""S05C6C"", ""S05C6D"", ""S05C6E"", ""S05C6F"", ""S05C70"", ""S05C71"", ""S05C72"", ""S05C73"", ""S05C74"", ""S05C75"", ""S05C76"", ""S05C77"", ""S05C78"", ""S05C79"", ""S05C7A"", ""S05C7B"", ""S05C7C"", ""S05C7D"", ""S05C7E"", ""S05C7F"", ""S06C00"", ""S06C01"", ""S06C02"", ""S06C03"", ""S06C04"", ""S06C05"", ""S06C06"", ""S06C07"", ""S06C08"", ""S06C09"", ""S06C0A"", ""S06C0B"", ""S06C0C"", ""S06C0D"", ""S06C0E"", ""S06C0F"", ""S06C10"", ""S06C11"", ""S06C12"", ""S06C13"", ""S06C14"", ""S06C15"", ""S06C16"", ""S06C17"", ""S06C18"", ""S06C19"", ""S06C1A"", ""S06C1B"", ""S06C1C"", ""S06C1D"", ""S06C1E"", ""S06C1F"", ""S06C20"", ""S06C21"", ""S06C22"", ""S06C23"", ""S06C24"", ""S06C25"", ""S06C26"", ""S06C27"", ""S06C28"", ""S06C29"", ""S06C2A"", ""S06C2B"", ""S06C2C"", ""S06C2D"", ""S06C2E"", ""S06C2F"", ""S06C30"", ""S06C31"", ""S06C32"", ""S06C33"", ""S06C34"", ""S06C35"", ""S06C36"", ""S06C37"", ""S06C38"", ""S06C39"", ""S06C3A"", ""S06C3B"", ""S06C3C"", ""S06C3D"", ""S06C3E"", ""S06C3F"", ""S06C40"", ""S06C41"", ""S06C42"", ""S06C43"", ""S06C44"", ""S06C45"", ""S06C46"", ""S06C47"", ""S06C48"", ""S06C49"", ""S06C4A"", ""S06C4B"", ""S06C4C"", ""S06C4D"", ""S06C4E"", ""S06C4F"", ""S06C50"", ""S06C51"", ""S06C52"", ""S06C53"", ""S06C54"", ""S06C55"", ""S06C56"", ""S06C57"", ""S06C58"", ""S06C59"", ""S06C5A"", ""S06C5B"", ""S06C5C"", ""S06C5D"", ""S06C5E"", ""S06C5F"", ""S06C60"", ""S06C61"", ""S06C62"", ""S06C63"", ""S06C64"", ""S06C65"", ""S06C66"", ""S06C67"", ""S06C68"", ""S06C69"", ""S06C6A"", ""S06C6B"", ""S06C6C"", ""S06C6D"", ""S06C6E"", ""S06C6F"", ""S06C70"", ""S06C71"", ""S06C72"", ""S06C73"", ""S06C74"", ""S06C75"", ""S06C76"", ""S06C77"", ""S06C78"", ""S06C79"", ""S06C7A"", ""S06C7B"", ""S06C7C"", ""S06C7D"", ""S06C7E"", ""S06C7F"", ""S07C00"", ""S07C01"", ""S07C02"", ""S07C03"", ""S07C04"", ""S07C05"", ""S07C06"", ""S07C07"", ""S07C08"", ""S07C09"", ""S07C0A"", ""S07C0B"", ""S07C0C"", ""S07C0D"", ""S07C0E"", ""S07C0F"", ""S07C10"", ""S07C11"", ""S07C12"", ""S07C13"", ""S07C14"", ""S07C15"", ""S07C16"", ""S07C17"", ""S07C18"", ""S07C19"", ""S07C1A"", ""S07C1B"", ""S07C1C"", ""S07C1D"", ""S07C1E"", ""S07C1F"", ""S07C20"", ""S07C21"", ""S07C22"", ""S07C23"", ""S07C24"", ""S07C25"", ""S07C26"", ""S07C27"", ""S07C28"", ""S07C29"", ""S07C2A"", ""S07C2B"", ""S07C2C"", ""S07C2D"", ""S07C2E"", ""S07C2F"", ""S07C30"", ""S07C31"", ""S07C32"", ""S07C33"", ""S07C34"", ""S07C35"", ""S07C36"", ""S07C37"", ""S07C38"", ""S07C39"", ""S07C3A"", ""S07C3B"", ""S07C3C"", ""S07C3D"", ""S07C3E"", ""S07C3F"", ""S07C40"", ""S07C41"", ""S07C42"", ""S07C43"", ""S07C44"", ""S07C45"", ""S07C46"", ""S07C47"", ""S07C48"", ""S07C49"", ""S07C4A"", ""S07C4B"", ""S07C4C"", ""S07C4D"", ""S07C4E"", ""S07C4F"", ""S07C50"", ""S07C51"", ""S07C52"", ""S07C53"", ""S07C54"", ""S07C55"", ""S07C56"", ""S07C57"", ""S07C58"", ""S07C59"", ""S07C5A"", ""S07C5B"", ""S07C5C"", ""S07C5D"", ""S07C5E"", ""S07C5F"", ""S07C60"", ""S07C61"", ""S07C62"", ""S07C63"", ""S07C64"", ""S07C65"", ""S07C66"", ""S07C67"", ""S07C68"", ""S07C69"", ""S07C6A"", ""S07C6B"", ""S07C6C"", ""S07C6D"", ""S07C6E"", ""S07C6F"", ""S07C70"", ""S07C71"", ""S07C72"", ""S07C73"", ""S07C74"", ""S07C75"", ""S07C76"", ""S07C77"", ""S07C78"", ""S07C79"", ""S07C7A"", ""S07C7B"", ""S07C7C"", ""S07C7D"", ""S07C7E"", ""S07C7F"", ""S08C00"", ""S08C01"", ""S08C02"", ""S08C03"", ""S08C04"", ""S08C05"", ""S08C06"", ""S08C07"", ""S08C08"", ""S08C09"", ""S08C0A"", ""S08C0B"", ""S08C0C"", ""S08C0D"", ""S08C0E"", ""S08C0F"", ""S08C10"", ""S08C11"", ""S08C12"", ""S08C13"", ""S08C14"", ""S08C15"", ""S08C16"", ""S08C17"", ""S08C18"", ""S08C19"", ""S08C1A"", ""S08C1B"", ""S08C1C"", ""S08C1D"", ""S08C1E"", ""S08C1F"", ""S08C20"", ""S08C21"", ""S08C22"", ""S08C23"", ""S08C24"", ""S08C25"", ""S08C26"", ""S08C27"", ""S08C28"", ""S08C29"", ""S08C2A"", ""S08C2B"", ""S08C2C"", ""S08C2D"", ""S08C2E"", ""S08C2F"", ""S08C30"", ""S08C31"", ""S08C32"", ""S08C33"", ""S08C34"", ""S08C35"", ""S08C36"", ""S08C37"", ""S08C38"", ""S08C39"", ""S08C3A"", ""S08C3B"", ""S08C3C"", ""S08C3D"", ""S08C3E"", ""S08C3F"", ""S08C40"", ""S08C41"", ""S08C42"", ""S08C43"", ""S08C44"", ""S08C45"", ""S08C46"", ""S08C47"", ""S08C48"", ""S08C49"", ""S08C4A"", ""S08C4B"", ""S08C4C"", ""S08C4D"", ""S08C4E"", ""S08C4F"", ""S08C50"", ""S08C51"", ""S08C52"", ""S08C53"", ""S08C54"", ""S08C55"", ""S08C56"", ""S08C57"", ""S08C58"", ""S08C59"", ""S08C5A"", ""S08C5B"", ""S08C5C"", ""S08C5D"", ""S08C5E"", ""S08C5F"", ""S08C60"", ""S08C61"", ""S08C62"", ""S08C63"", ""S08C64"", ""S08C65"", ""S08C66"", ""S08C67"", ""S08C68"", ""S08C69"", ""S08C6A"", ""S08C6B"", ""S08C6C"", ""S08C6D"", ""S08C6E"", ""S08C6F"", ""S08C70"", ""S08C71"", ""S08C72"", ""S08C73"", ""S08C74"", ""S08C75"", ""S08C76"", ""S08C77"", ""S08C78"", ""S08C79"", ""S08C7A"", ""S08C7B"", ""S08C7C"", ""S08C7D"", ""S08C7E"", ""S08C7F"", ""S09C00"", ""S09C01"", ""S09C02"", ""S09C03"", ""S09C04"", ""S09C05"", ""S09C06"", ""S09C07"", ""S09C08"", ""S09C09"", ""S09C0A"", ""S09C0B"", ""S09C0C"", ""S09C0D"", ""S09C0E"", ""S09C0F"", ""S09C10"", ""S09C11"", ""S09C12"", ""S09C13"", ""S09C14"", ""S09C15"", ""S09C16"", ""S09C17"", ""S09C18"", ""S09C19"", ""S09C1A"", ""S09C1B"", ""S09C1C"", ""S09C1D"", ""S09C1E"", ""S09C1F"", ""S09C20"", ""S09C21"", ""S09C22"", ""S09C23"", ""S09C24"", ""S09C25"", ""S09C26"", ""S09C27"", ""S09C28"", ""S09C29"", ""S09C2A"", ""S09C2B"", ""S09C2C"", ""S09C2D"", ""S09C2E"", ""S09C2F"", ""S09C30"", ""S09C31"", ""S09C32"", ""S09C33"", ""S09C34"", ""S09C35"", ""S09C36"", ""S09C37"", ""S09C38"", ""S09C39"", ""S09C3A"", ""S09C3B"", ""S09C3C"", ""S09C3D"", ""S09C3E"", ""S09C3F"", ""S09C40"", ""S09C41"", ""S09C42"", ""S09C43"", ""S09C44"", ""S09C45"", ""S09C46"", ""S09C47"", ""S09C48"", ""S09C49"", ""S09C4A"", ""S09C4B"", ""S09C4C"", ""S09C4D"", ""S09C4E"", ""S09C4F"", ""S09C50"", ""S09C51"", ""S09C52"", ""S09C53"", ""S09C54"", ""S09C55"", ""S09C56"", ""S09C57"", ""S09C58"", ""S09C59"", ""S09C5A"", ""S09C5B"", ""S09C5C"", ""S09C5D"", ""S09C5E"", ""S09C5F"", ""S09C60"", ""S09C61"", ""S09C62"", ""S09C63"", ""S09C64"", ""S09C65"", ""S09C66"", ""S09C67"", ""S09C68"", ""S09C69"", ""S09C6A"", ""S09C6B"", ""S09C6C"", ""S09C6D"", ""S09C6E"", ""S09C6F"", ""S09C70"", ""S09C71"", ""S09C72"", ""S09C73"", ""S09C74"", ""S09C75"", ""S09C76"", ""S09C77"", ""S09C78"", ""S09C79"", ""S09C7A"", ""S09C7B"", ""S09C7C"", ""S09C7D"", ""S09C7E"", ""S09C7F"", ""S0AC00"", ""S0AC01"", ""S0AC02"", ""S0AC03"", ""S0AC04"", ""S0AC05"", ""S0AC06"", ""S0AC07"", ""S0AC08"", ""S0AC09"", ""S0AC0A"", ""S0AC0B"", ""S0AC0C"", ""S0AC0D"", ""S0AC0E"", ""S0AC0F"", ""S0AC10"", ""S0AC11"", ""S0AC12"", ""S0AC13"", ""S0AC14"", ""S0AC15"", ""S0AC16"", ""S0AC17"", ""S0AC18"", ""S0AC19"", ""S0AC1A"", ""S0AC1B"", ""S0AC1C"", ""S0AC1D"", ""S0AC1E"", ""S0AC1F"", ""S0AC20"", ""S0AC21"", ""S0AC22"", ""S0AC23"", ""S0AC24"", ""S0AC25"", ""S0AC26"", ""S0AC27"", ""S0AC28"", ""S0AC29"", ""S0AC2A"", ""S0AC2B"", ""S0AC2C"", ""S0AC2D"", ""S0AC2E"", ""S0AC2F"", ""S0AC30"", ""S0AC31"", ""S0AC32"", ""S0AC33"", ""S0AC34"", ""S0AC35"", ""S0AC36"", ""S0AC37"", ""S0AC38"", ""S0AC39"", ""S0AC3A"", ""S0AC3B"", ""S0AC3C"", ""S0AC3D"", ""S0AC3E"", ""S0AC3F"", ""S0AC40"", ""S0AC41"", ""S0AC42"", ""S0AC43"", ""S0AC44"", ""S0AC45"", ""S0AC46"", ""S0AC47"", ""S0AC48"", ""S0AC49"", ""S0AC4A"", ""S0AC4B"", ""S0AC4C"", ""S0AC4D"", ""S0AC4E"", ""S0AC4F"", ""S0AC50"", ""S0AC51"", ""S0AC52"", ""S0AC53"", ""S0AC54"", ""S0AC55"", ""S0AC56"", ""S0AC57"", ""S0AC58"", ""S0AC59"", ""S0AC5A"", ""S0AC5B"", ""S0AC5C"", ""S0AC5D"", ""S0AC5E"", ""S0AC5F"", ""S0AC60"", ""S0AC61"", ""S0AC62"", ""S0AC63"", ""S0AC64"", ""S0AC65"", ""S0AC66"", ""S0AC67"", ""S0AC68"", ""S0AC69"", ""S0AC6A"", ""S0AC6B"", ""S0AC6C"", ""S0AC6D"", ""S0AC6E"", ""S0AC6F"", ""S0AC70"", ""S0AC71"", ""S0AC72"", ""S0AC73"", ""S0AC74"", ""S0AC75"", ""S0AC76"", ""S0AC77"", ""S0AC78"", ""S0AC79"", ""S0AC7A"", ""S0AC7B"", ""S0AC7C"", ""S0AC7D"", ""S0AC7E"", ""S0AC7F"", ""S0BC00"", ""S0BC01"", ""S0BC02"", ""S0BC03"", ""S0BC04"", ""S0BC05"", ""S0BC06"", ""S0BC07"", ""S0BC08"", ""S0BC09"", ""S0BC0A"", ""S0BC0B"", ""S0BC0C"", ""S0BC0D"", ""S0BC0E"", ""S0BC0F"", ""S0BC10"", ""S0BC11"", ""S0BC12"", ""S0BC13"", ""S0BC14"", ""S0BC15"", ""S0BC16"", ""S0BC17"", ""S0BC18"", ""S0BC19"", ""S0BC1A"", ""S0BC1B"", ""S0BC1C"", ""S0BC1D"", ""S0BC1E"", ""S0BC1F"", ""S0BC20"", ""S0BC21"", ""S0BC22"", ""S0BC23"", ""S0BC24"", ""S0BC25"", ""S0BC26"", ""S0BC27"", ""S0BC28"", ""S0BC29"", ""S0BC2A"", ""S0BC2B"", ""S0BC2C"", ""S0BC2D"", ""S0BC2E"", ""S0BC2F"", ""S0BC30"", ""S0BC31"", ""S0BC32"", ""S0BC33"", ""S0BC34"", ""S0BC35"", ""S0BC36"", ""S0BC37"", ""S0BC38"", ""S0BC39"", ""S0BC3A"", ""S0BC3B"", ""S0BC3C"", ""S0BC3D"", ""S0BC3E"", ""S0BC3F"", ""S0BC40"", ""S0BC41"", ""S0BC42"", ""S0BC43"", ""S0BC44"", ""S0BC45"", ""S0BC46"", ""S0BC47"", ""S0BC48"", ""S0BC49"", ""S0BC4A"", ""S0BC4B"", ""S0BC4C"", ""S0BC4D"", ""S0BC4E"", ""S0BC4F"", ""S0BC50"", ""S0BC51"", ""S0BC52"", ""S0BC53"", ""S0BC54"", ""S0BC55"", ""S0BC56"", ""S0BC57"", ""S0BC58"", ""S0BC59"", ""S0BC5A"", ""S0BC5B"", ""S0BC5C"", ""S0BC5D"", ""S0BC5E"", ""S0BC5F"", ""S0BC60"", ""S0BC61"", ""S0BC62"", ""S0BC63"", ""S0BC64"", ""S0BC65"", ""S0BC66"", ""S0BC67"", ""S0BC68"", ""S0BC69"", ""S0BC6A"", ""S0BC6B"", ""S0BC6C"", ""S0BC6D"", ""S0BC6E"", ""S0BC6F"", ""S0BC70"", ""S0BC71"", ""S0BC72"", ""S0BC73"", ""S0BC74"", ""S0BC75"", ""S0BC76"", ""S0BC77"", ""S0BC78"", ""S0BC79"", ""S0BC7A"", ""S0BC7B"", ""S0BC7C"", ""S0BC7D"", ""S0BC7E"", ""S0BC7F"", ""S0CC00"", ""S0CC01"", ""S0CC02"", ""S0CC03"", ""S0CC04"", ""S0CC05"", ""S0CC06"", ""S0CC07"", ""S0CC08"", ""S0CC09"", ""S0CC0A"", ""S0CC0B"", ""S0CC0C"", ""S0CC0D"", ""S0CC0E"", ""S0CC0F"", ""S0CC10"", ""S0CC11"", ""S0CC12"", ""S0CC13"", ""S0CC14"", ""S0CC15"", ""S0CC16"", ""S0CC17"", ""S0CC18"", ""S0CC19"", ""S0CC1A"", ""S0CC1B"", ""S0CC1C"", ""S0CC1D"", ""S0CC1E"", ""S0CC1F"", ""S0CC20"", ""S0CC21"", ""S0CC22"", ""S0CC23"", ""S0CC24"", ""S0CC25"", ""S0CC26"", ""S0CC27"", ""S0CC28"", ""S0CC29"", ""S0CC2A"", ""S0CC2B"", ""S0CC2C"", ""S0CC2D"", ""S0CC2E"", ""S0CC2F"", ""S0CC30"", ""S0CC31"", ""S0CC32"", ""S0CC33"", ""S0CC34"", ""S0CC35"", ""S0CC36"", ""S0CC37"", ""S0CC38"", ""S0CC39"", ""S0CC3A"", ""S0CC3B"", ""S0CC3C"", ""S0CC3D"", ""S0CC3E"", ""S0CC3F"", ""S0CC40"", ""S0CC41"", ""S0CC42"", ""S0CC43"", ""S0CC44"", ""S0CC45"", ""S0CC46"", ""S0CC47"", ""S0CC48"", ""S0CC49"", ""S0CC4A"", ""S0CC4B"", ""S0CC4C"", ""S0CC4D"", ""S0CC4E"", ""S0CC4F"", ""S0CC50"", ""S0CC51"", ""S0CC52"", ""S0CC53"", ""S0CC54"", ""S0CC55"", ""S0CC56"", ""S0CC57"", ""S0CC58"", ""S0CC59"", ""S0CC5A"", ""S0CC5B"", ""S0CC5C"", ""S0CC5D"", ""S0CC5E"", ""S0CC5F"", ""S0CC60"", ""S0CC61"", ""S0CC62"", ""S0CC63"", ""S0CC64"", ""S0CC65"", ""S0CC66"", ""S0CC67"", ""S0CC68"", ""S0CC69"", ""S0CC6A"", ""S0CC6B"", ""S0CC6C"", ""S0CC6D"", ""S0CC6E"", ""S0CC6F"", ""S0CC70"", ""S0CC71"", ""S0CC72"", ""S0CC73"", ""S0CC74"", ""S0CC75"", ""S0CC76"", ""S0CC77"", ""S0CC78"", ""S0CC79"", ""S0CC7A"", ""S0CC7B"", ""S0CC7C"", ""S0CC7D"", ""S0CC7E"", ""S0CC7F"", ""S0DC00"", ""S0DC01"", ""S0DC02"", ""S0DC03"", ""S0DC04"", ""S0DC05"", ""S0DC06"", ""S0DC07"", ""S0DC08"", ""S0DC09"", ""S0DC0A"", ""S0DC0B"", ""S0DC0C"", ""S0DC0D"", ""S0DC0E"", ""S0DC0F"", ""S0DC10"", ""S0DC11"", ""S0DC12"", ""S0DC13"", ""S0DC14"", ""S0DC15"", ""S0DC16"", ""S0DC17"", ""S0DC18"", ""S0DC19"", ""S0DC1A"", ""S0DC1B"", ""S0DC1C"", ""S0DC1D"", ""S0DC1E"", ""S0DC1F"", ""S0DC20"", ""S0DC21"", ""S0DC22"", ""S0DC23"", ""S0DC24"", ""S0DC25"", ""S0DC26"", ""S0DC27"", ""S0DC28"", ""S0DC29"", ""S0DC2A"", ""S0DC2B"", ""S0DC2C"", ""S0DC2D"", ""S0DC2E"", ""S0DC2F"", ""S0DC30"", ""S0DC31"", ""S0DC32"", ""S0DC33"", ""S0DC34"", ""S0DC35"", ""S0DC36"", ""S0DC37"", ""S0DC38"", ""S0DC39"", ""S0DC3A"", ""S0DC3B"", ""S0DC3C"", ""S0DC3D"", ""S0DC3E"", ""S0DC3F"", ""S0DC40"", ""S0DC41"", ""S0DC42"", ""S0DC43"", ""S0DC44"", ""S0DC45"", ""S0DC46"", ""S0DC47"", ""S0DC48"", ""S0DC49"", ""S0DC4A"", ""S0DC4B"", ""S0DC4C"", ""S0DC4D"", ""S0DC4E"", ""S0DC4F"", ""S0DC50"", ""S0DC51"", ""S0DC52"", ""S0DC53"", ""S0DC54"", ""S0DC55"", ""S0DC56"", ""S0DC57"", ""S0DC58"", ""S0DC59"", ""S0DC5A"", ""S0DC5B"", ""S0DC5C"", ""S0DC5D"", ""S0DC5E"", ""S0DC5F"", ""S0DC60"", ""S0DC61"", ""S0DC62"", ""S0DC63"", ""S0DC64"", ""S0DC65"", ""S0DC66"", ""S0DC67"", ""S0DC68"", ""S0DC69"", ""S0DC6A"", ""S0DC6B"", ""S0DC6C"", ""S0DC6D"", ""S0DC6E"", ""S0DC6F"", ""S0DC70"", ""S0DC71"", ""S0DC72"", ""S0DC73"", ""S0DC74"", ""S0DC75"", ""S0DC76"", ""S0DC77"", ""S0DC78"", ""S0DC79"", ""S0DC7A"", ""S0DC7B"", ""S0DC7C"", ""S0DC7D"", ""S0DC7E"", ""S0DC7F"", ""S0EC00"", ""S0EC01"", ""S0EC02"", ""S0EC03"", ""S0EC04"", ""S0EC05"", ""S0EC06"", ""S0EC07"", ""S0EC08"", ""S0EC09"", ""S0EC0A"", ""S0EC0B"", ""S0EC0C"", ""S0EC0D"", ""S0EC0E"", ""S0EC0F"", ""S0EC10"", ""S0EC11"", ""S0EC12"", ""S0EC13"", ""S0EC14"", ""S0EC15"", ""S0EC16"", ""S0EC17"", ""S0EC18"", ""S0EC19"", ""S0EC1A"", ""S0EC1B"", ""S0EC1C"", ""S0EC1D"", ""S0EC1E"", ""S0EC1F"", ""S0EC20"", ""S0EC21"", ""S0EC22"", ""S0EC23"", ""S0EC24"", ""S0EC25"", ""S0EC26"", ""S0EC27"", ""S0EC28"", ""S0EC29"", ""S0EC2A"", ""S0EC2B"", ""S0EC2C"", ""S0EC2D"", ""S0EC2E"", ""S0EC2F"", ""S0EC30"", ""S0EC31"", ""S0EC32"", ""S0EC33"", ""S0EC34"", ""S0EC35"", ""S0EC36"", ""S0EC37"", ""S0EC38"", ""S0EC39"", ""S0EC3A"", ""S0EC3B"", ""S0EC3C"", ""S0EC3D"", ""S0EC3E"", ""S0EC3F"", ""S0EC40"", ""S0EC41"", ""S0EC42"", ""S0EC43"", ""S0EC44"", ""S0EC45"", ""S0EC46"", ""S0EC47"", ""S0EC48"", ""S0EC49"", ""S0EC4A"", ""S0EC4B"", ""S0EC4C"", ""S0EC4D"", ""S0EC4E"", ""S0EC4F"", ""S0EC50"", ""S0EC51"", ""S0EC52"", ""S0EC53"", ""S0EC54"", ""S0EC55"", ""S0EC56"", ""S0EC57"", ""S0EC58"", ""S0EC59"", ""S0EC5A"", ""S0EC5B"", ""S0EC5C"", ""S0EC5D"", ""S0EC5E"", ""S0EC5F"", ""S0EC60"", ""S0EC61"", ""S0EC62"", ""S0EC63"", ""S0EC64"", ""S0EC65"", ""S0EC66"", ""S0EC67"", ""S0EC68"", ""S0EC69"", ""S0EC6A"", ""S0EC6B"", ""S0EC6C"", ""S0EC6D"", ""S0EC6E"", ""S0EC6F"", ""S0EC70"", ""S0EC71"", ""S0EC72"", ""S0EC73"", ""S0EC74"", ""S0EC75"", ""S0EC76"", ""S0EC77"", ""S0EC78"", ""S0EC79"", ""S0EC7A"", ""S0EC7B"", ""S0EC7C"", ""S0EC7D"", ""S0EC7E"", ""S0EC7F"", ""S0FC00"", ""S0FC01"", ""S0FC02"", ""S0FC03"", ""S0FC04"", ""S0FC05"", ""S0FC06"", ""S0FC07"", ""S0FC08"", ""S0FC09"", ""S0FC0A"", ""S0FC0B"", ""S0FC0C"", ""S0FC0D"", ""S0FC0E"", ""S0FC0F"", ""S0FC10"", ""S0FC11"", ""S0FC12"", ""S0FC13"", ""S0FC14"", ""S0FC15"", ""S0FC16"", ""S0FC17"", ""S0FC18"", ""S0FC19"", ""S0FC1A"", ""S0FC1B"", ""S0FC1C"", ""S0FC1D"", ""S0FC1E"", ""S0FC1F"", ""S0FC20"", ""S0FC21"", ""S0FC22"", ""S0FC23"", ""S0FC24"", ""S0FC25"", ""S0FC26"", ""S0FC27"", ""S0FC28"", ""S0FC29"", ""S0FC2A"", ""S0FC2B"", ""S0FC2C"", ""S0FC2D"", ""S0FC2E"", ""S0FC2F"", ""S0FC30"", ""S0FC31"", ""S0FC32"", ""S0FC33"", ""S0FC34"", ""S0FC35"", ""S0FC36"", ""S0FC37"", ""S0FC38"", ""S0FC39"", ""S0FC3A"", ""S0FC3B"", ""S0FC3C"", ""S0FC3D"", ""S0FC3E"", ""S0FC3F"", ""S0FC40"", ""S0FC41"", ""S0FC42"", ""S0FC43"", ""S0FC44"", ""S0FC45"", ""S0FC46"", ""S0FC47"", ""S0FC48"", ""S0FC49"", ""S0FC4A"", ""S0FC4B"", ""S0FC4C"", ""S0FC4D"", ""S0FC4E"", ""S0FC4F"", ""S0FC50"", ""S0FC51"", ""S0FC52"", ""S0FC53"", ""S0FC54"", ""S0FC55"", ""S0FC56"", ""S0FC57"", ""S0FC58"", ""S0FC59"", ""S0FC5A"", ""S0FC5B"", ""S0FC5C"", ""S0FC5D"", ""S0FC5E"", ""S0FC5F"", ""S0FC60"", ""S0FC61"", ""S0FC62"", ""S0FC63"", ""S0FC64"", ""S0FC65"", ""S0FC66"", ""S0FC67"", ""S0FC68"", ""S0FC69"", ""S0FC6A"", ""S0FC6B"", ""S0FC6C"", ""S0FC6D"", ""S0FC6E"", ""S0FC6F"", ""S0FC70"", ""S0FC71"", ""S0FC72"", ""S0FC73"", ""S0FC74"", ""S0FC75"", ""S0FC76"", ""S0FC77"", ""S0FC78"", ""S0FC79"", ""S0FC7A"", ""S0FC7B"", ""S0FC7C"", ""S0FC7D"", ""S0FC7E"", ""S0FC7F"", ""S10C00"", ""S10C01"", ""S10C02"", ""S10C03"", ""S10C04"", ""S10C05"", ""S10C06"", ""S10C07"", ""S10C08"", ""S10C09"", ""S10C0A"", ""S10C0B"", ""S10C0C"", ""S10C0D"", ""S10C0E"", ""S10C0F"", ""S10C10"", ""S10C11"", ""S10C12"", ""S10C13"", ""S10C14"", ""S10C15"", ""S10C16"", ""S10C17"", ""S10C18"", ""S10C19"", ""S10C1A"", ""S10C1B"", ""S10C1C"", ""S10C1D"", ""S10C1E"", ""S10C1F"", ""S10C20"", ""S10C21"", ""S10C22"", ""S10C23"", ""S10C24"", ""S10C25"", ""S10C26"", ""S10C27"", ""S10C28"", ""S10C29"", ""S10C2A"", ""S10C2B"", ""S10C2C"", ""S10C2D"", ""S10C2E"", ""S10C2F"", ""S10C30"", ""S10C31"", ""S10C32"", ""S10C33"", ""S10C34"", ""S10C35"", ""S10C36"", ""S10C37"", ""S10C38"", ""S10C39"", ""S10C3A"", ""S10C3B"", ""S10C3C"", ""S10C3D"", ""S10C3E"", ""S10C3F"", ""S10C40"", ""S10C41"", ""S10C42"", ""S10C43"", ""S10C44"", ""S10C45"", ""S10C46"", ""S10C47"", ""S10C48"", ""S10C49"", ""S10C4A"", ""S10C4B"", ""S10C4C"", ""S10C4D"", ""S10C4E"", ""S10C4F"", ""S10C50"", ""S10C51"", ""S10C52"", ""S10C53"", ""S10C54"", ""S10C55"", ""S10C56"", ""S10C57"", ""S10C58"", ""S10C59"", ""S10C5A"", ""S10C5B"", ""S10C5C"", ""S10C5D"", ""S10C5E"", ""S10C5F"", ""S10C60"", ""S10C61"", ""S10C62"", ""S10C63"", ""S10C64"", ""S10C65"", ""S10C66"", ""S10C67"", ""S10C68"", ""S10C69"", ""S10C6A"", ""S10C6B"", ""S10C6C"", ""S10C6D"", ""S10C6E"", ""S10C6F"", ""S10C70"", ""S10C71"", ""S10C72"", ""S10C73"", ""S10C74"", ""S10C75"", ""S10C76"", ""S10C77"", ""S10C78"", ""S10C79"", ""S10C7A"", ""S10C7B"", ""S10C7C"", ""S10C7D"", ""S10C7E"", ""S10C7F"", ""S11C00"", ""S11C01"", ""S11C02"", ""S11C03"", ""S11C04"", ""S11C05"", ""S11C06"", ""S11C07"", ""S11C08"", ""S11C09"", ""S11C0A"", ""S11C0B"", ""S11C0C"", ""S11C0D"", ""S11C0E"", ""S11C0F"", ""S11C10"", ""S11C11"", ""S11C12"", ""S11C13"", ""S11C14"", ""S11C15"", ""S11C16"", ""S11C17"", ""S11C18"", ""S11C19"", ""S11C1A"", ""S11C1B"", ""S11C1C"", ""S11C1D"", ""S11C1E"", ""S11C1F"", ""S11C20"", ""S11C21"", ""S11C22"", ""S11C23"", ""S11C24"", ""S11C25"", ""S11C26"", ""S11C27"", ""S11C28"", ""S11C29"", ""S11C2A"", ""S11C2B"", ""S11C2C"", ""S11C2D"", ""S11C2E"", ""S11C2F"", ""S11C30"", ""S11C31"", ""S11C32"", ""S11C33"", ""S11C34"", ""S11C35"", ""S11C36"", ""S11C37"", ""S11C38"", ""S11C39"", ""S11C3A"", ""S11C3B"", ""S11C3C"", ""S11C3D"", ""S11C3E"", ""S11C3F"", ""S11C40"", ""S11C41"", ""S11C42"", ""S11C43"", ""S11C44"", ""S11C45"", ""S11C46"", ""S11C47"", ""S11C48"", ""S11C49"", ""S11C4A"", ""S11C4B"", ""S11C4C"", ""S11C4D"", ""S11C4E"", ""S11C4F"", ""S11C50"", ""S11C51"", ""S11C52"", ""S11C53"", ""S11C54"", ""S11C55"", ""S11C56"", ""S11C57"", ""S11C58"", ""S11C59"", ""S11C5A"", ""S11C5B"", ""S11C5C"", ""S11C5D"", ""S11C5E"", ""S11C5F"", ""S11C60"", ""S11C61"", ""S11C62"", ""S11C63"", ""S11C64"", ""S11C65"", ""S11C66"", ""S11C67"", ""S11C68"", ""S11C69"", ""S11C6A"", ""S11C6B"", ""S11C6C"", ""S11C6D"", ""S11C6E"", ""S11C6F"", ""S11C70"", ""S11C71"", ""S11C72"", ""S11C73"", ""S11C74"", ""S11C75"", ""S11C76"", ""S11C77"", ""S11C78"", ""S11C79"", ""S11C7A"", ""S11C7B"", ""S11C7C"", ""S11C7D"", ""S11C7E"", ""S11C7F"", ""S12C00"", ""S12C01"", ""S12C02"", ""S12C03"", ""S12C04"", ""S12C05"", ""S12C06"", ""S12C07"", ""S12C08"", ""S12C09"", ""S12C0A"", ""S12C0B"", ""S12C0C"", ""S12C0D"", ""S12C0E"", ""S12C0F"", ""S12C10"", ""S12C11"", ""S12C12"", ""S12C13"", ""S12C14"", ""S12C15"", ""S12C16"", ""S12C17"", ""S12C18"", ""S12C19"", ""S12C1A"", ""S12C1B"", ""S12C1C"", ""S12C1D"", ""S12C1E"", ""S12C1F"", ""S12C20"", ""S12C21"", ""S12C22"", ""S12C23"", ""S12C24"", ""S12C25"", ""S12C26"", ""S12C27"", ""S12C28"", ""S12C29"", ""S12C2A"", ""S12C2B"", ""S12C2C"", ""S12C2D"", ""S12C2E"", ""S12C2F"", ""S12C30"", ""S12C31"", ""S12C32"", ""S12C33"", ""S12C34"", ""S12C35"", ""S12C36"", ""S12C37"", ""S12C38"", ""S12C39"", ""S12C3A"", ""S12C3B"", ""S12C3C"", ""S12C3D"", ""S12C3E"", ""S12C3F"", ""S12C40"", ""S12C41"", ""S12C42"", ""S12C43"", ""S12C44"", ""S12C45"", ""S12C46"", ""S12C47"", ""S12C48"", ""S12C49"", ""S12C4A"", ""S12C4B"", ""S12C4C"", ""S12C4D"", ""S12C4E"", ""S12C4F"", ""S12C50"", ""S12C51"", ""S12C52"", ""S12C53"", ""S12C54"", ""S12C55"", ""S12C56"", ""S12C57"", ""S12C58"", ""S12C59"", ""S12C5A"", ""S12C5B"", ""S12C5C"", ""S12C5D"", ""S12C5E""]","[""RC5""]","[""00 00 00 00"", ""01 00 00 00"", ""02 00 00 00"", ""03 00 00 00"", ""04 00 00 00"", ""10 00 00 00"", ""11 00 00 00"", ""12 00 00 00"", ""13 00 00 00"", ""14 00 00 00""]",device_family,0.58,"[""modelo/família identificável com conjunto amplo""]","[""modelo de baixa confiança foi tratado como evidência estrutural"", ""muitos nomes compartilham a mesma intenção"", ""nomes de comandos reais não chegaram ao classificador"", ""protocolos reais não chegaram ao classificador""]","[""50 maiores diversidades de endereços"", ""50 maiores quantidades de comandos"", ""50 maiores repetições de nomes""]"
8d32b6b1b80d76f7,_Converted_/IR_Plus/H/HARMAN KARDON/AVR.ir,AVR.ir,Converted/IR_Plus,HARMAN KARDON,,118,"[""AUDIO EFFECTS"", ""VIDEO MODES"", ""SURROUND MODES"", ""1"", ""2"", ""3"", ""4"", ""5"", ""6"", ""7"", ""8"", ""9"", ""LAST"", ""0"", ""MENU"", ""VOL+"", ""Unknown"", ""CHPG+"", ""Unknown"", ""OK"", ""Unknown"", ""VOL-"", ""Unknown"", ""CHPG-"", ""Unknown"", ""INFO"", ""PREV"", ""PAUSE"", ""PLAY"", ""NEXT"", ""REW"", ""STOP"", ""FWD"", ""SLEEP"", ""POWER"", ""TEST TONE"", ""OSD"", ""DIGITAL/EXIT"", ""DELAY/PREVIOUS CHANNEL"", ""TUNER MODE"", ""TUNER MEMORY"", ""TUNER TUNE UP"", ""TUNER TUNE DOWN"", ""TUNER DIRECT"", ""TUNER CLEAR"", ""TUNER PRESET UP"", ""TUNER PRESET DOWN"", ""TONE MODE"", ""D SKIP"", ""MODE NIGHT"", ""DIMMER"", ""REC"", ""EXIT"", ""COAX"", ""MODE HALL"", ""MODE MOVIE"", ""MODE STEREO"", ""MODE MATRIX"", ""MODE 3 ST"", ""OPTICAL"", ""TUNER BAND FM"", ""TUNER BAND TOGGLE"", ""MODE NEXT"", ""MODE PREVIOUS"", ""MENU SETUP"", ""TUNER BAND AM"", ""R"", ""G"", ""Y"", ""B"", ""HOME"", ""P SCAN/MENU TOP"", ""TUNER RDS"", ""INPUT VCR 1"", ""INPUT VCR 2"", ""INPUT VCR 3"", ""INPUT"", ""INPUT MHL"", ""INPUT CABLE SAT"", ""INPUT DVD"", ""INPUT THE BRIDGE"", ""INPUT USB"", ""INPUT TUNER"", ""INPUT TV"", ""INPUT VIDEO 1"", ""INPUT HDMI 1"", ""INPUT HDMI 2"", ""INPUT HDMI 3"", ""INPUT HDMI 4"", ""INPUT TAPE"", ""INPUT CD"", ""INPUT VIDEO 2"", ""INPUT GAME"", ""INPUT SERVER"", ""INPUT AUX"", ""INPUT NETWORK"", ""INPUT SAT"", ""INPUT 6 CHANNEL"", ""INPUT VIDEO 3"", ""INPUT VIDEO 4"", ""INPUT AUDIO"", ""INPUT USB/IPOD"", ""INPUT AM"", ""INPUT FM"", ""INPUT XM"", ""INPUT DVR"", ""INPUT MEDIA SERVER"", ""INPUT VTUNER"", ""INPUT DISC"", ""INPUT AUX 2"", ""INPUT TAPE 2"", ""USB FORWARD"", ""USB NEXT"", ""USB PAUSE"", ""USB PLAY"", ""USB PREVIOUS"", ""USB REVERSE"", ""USB STOP""]",[],[],unknown,0.2,"[""evidências insuficientes para classificação segura""]","[""muitos nomes compartilham a mesma intenção"", ""nomes de comandos reais não chegaram ao classificador"", ""sequência numerada pode indicar codeset ou bruteforce""]","[""todos os unknown""]"
e768214f0ee218b0,_Converted_/IR_Plus/N/NEC1/A156-1-255.ir,A156-1-255.ir,Converted/IR_Plus,NEC1,A156-1-255,256,"[""0"", ""1"", ""2"", ""3"", ""4"", ""5"", ""6"", ""7"", ""8"", ""9"", ""10"", ""11"", ""12"", ""13"", ""14"", ""15"", ""16"", ""17"", ""18"", ""19"", ""20"", ""21"", ""22"", ""23"", ""24"", ""25"", ""26"", ""27"", ""28"", ""29"", ""30"", ""31"", ""32"", ""33"", ""34"", ""35"", ""36"", ""37"", ""38"", ""39"", ""40"", ""41"", ""42"", ""43"", ""44"", ""45"", ""46"", ""47"", ""48"", ""49"", ""50"", ""51"", ""52"", ""53"", ""54"", ""55"", ""56"", ""57"", ""58"", ""59"", ""60"", ""61"", ""62"", ""63"", ""64"", ""65"", ""66"", ""67"", ""68"", ""69"", ""70"", ""71"", ""72"", ""73"", ""74"", ""75"", ""76"", ""77"", ""78"", ""79"", ""80"", ""81"", ""82"", ""83"", ""84"", ""85"", ""86"", ""87"", ""88"", ""89"", ""90"", ""91"", ""92"", ""93"", ""94"", ""95"", ""96"", ""97"", ""98"", ""99"", ""100"", ""101"", ""102"", ""103"", ""104"", ""105"", ""106"", ""107"", ""108"", ""109"", ""110"", ""111"", ""112"", ""113"", ""114"", ""115"", ""116"", ""117"", ""118"", ""119"", ""120"", ""121"", ""122"", ""123"", ""124"", ""125"", ""126"", ""127"", ""128"", ""129"", ""130"", ""131"", ""132"", ""133"", ""134"", ""135"", ""136"", ""137"", ""138"", ""139"", ""140"", ""141"", ""142"", ""143"", ""144"", ""145"", ""146"", ""147"", ""148"", ""149"", ""150"", ""151"", ""152"", ""153"", ""154"", ""155"", ""156"", ""157"", ""158"", ""159"", ""160"", ""161"", ""162"", ""163"", ""164"", ""165"", ""166"", ""167"", ""168"", ""169"", ""170"", ""171"", ""172"", ""173"", ""174"", ""175"", ""176"", ""177"", ""178"", ""179"", ""180"", ""181"", ""182"", ""183"", ""184"", ""185"", ""186"", ""187"", ""188"", ""189"", ""190"", ""191"", ""192"", ""193"", ""194"", ""195"", ""196"", ""197"", ""198"", ""199"", ""200"", ""201"", ""202"", ""203"", ""204"", ""205"", ""206"", ""207"", ""208"", ""209"", ""210"", ""211"", ""212"", ""213"", ""214"", ""215"", ""216"", ""217"", ""218"", ""219"", ""220"", ""221"", ""222"", ""223"", ""224"", ""225"", ""226"", ""227"", ""228"", ""229"", ""230"", ""231"", ""232"", ""233"", ""234"", ""235"", ""236"", ""237"", ""238"", ""239"", ""240"", ""241"", ""242"", ""243"", ""244"", ""245"", ""246"", ""247"", ""248"", ""249"", ""250"", ""251"", ""252"", ""253"", ""254"", ""255""]","[""NECext""]","[""FF 00 00 00""]",device_family,0.58,"[""modelo/família identificável com conjunto amplo""]","[""modelo de baixa confiança foi tratado como evidência estrutural"", ""muitos nomes compartilham a mesma intenção"", ""nomes de comandos reais não chegaram ao classificador"", ""protocolos reais não chegaram ao classificador"", ""sequência numerada pode indicar codeset ou bruteforce""]","[""50 maiores quantidades de comandos"", ""50 maiores repetições de nomes"", ""50 nomes ou comandos com sequências numéricas""]"
34e2839642e266c2,_Converted_/IR_Plus/O/ONKYO/TX-SR608.ir,TX-SR608.ir,Converted/IR_Plus,ONKYO,TX-SR608,240,"[""Standby"", ""POWER"", ""POWER (toggle)"", ""Audio Muting Off"", ""Audio Muting On"", ""Audio Muting (toggle)"", ""Speaker A POWER (toggle)"", ""Speaker B POWER (toggle)"", ""Speaker A/B POWER (toggle)"", ""Speaker Layout(toggle)"", ""Volume Level Up"", ""Volume Level Down"", ""Volume Level Up 1dB Step"", ""Volume Level Down 1dB Step"", ""Sleep Time"", ""Test Tone"", ""Channel Select"", ""Display Mode"", ""Dimmer"", ""Setup"", ""Subwoofer Level Control"", ""Audio Adjust"", ""Video Adjust"", ""Level Up"", ""Cursor Up"", ""Level Down"", ""Cursor Left"", ""Enter"", ""Cursor Right"", ""Store"", ""Cursor Down"", ""Return"", ""Recall"", ""Lock"", ""Unlock"", ""Unknown"", ""VIDEO1 VCR/DVR"", ""VIDEO2 CBL/SAT"", ""VIDEO3 GAME/TV GAME"", ""VIDEO4 AUX1(AUX)"", ""VIDEO5 AUX2"", ""VIDEO6"", ""VIDEO7"", ""DVD DVD/BD"", ""PHONO"", ""TAPE1 (TAPE) TV/TAPE"", ""TAPE2"", ""CD"", ""FM"", ""AM"", ""XM"", ""SIRIUS"", ""TUNER"", ""MULTICH"", ""MUSIC SERVER P4S"", ""INTERNET RADIO"", ""USB/USB(Front)"", ""USB(Rear)"", ""Universal PORT"", ""NETAUDIO"", ""Input Selector Up"", ""Input Selector Down"", ""Auto"", ""Analog"", ""Multich"", ""HDMI"", ""COAX/OPT"", ""BALANCE"", ""Audio Selector"", ""12V Trigger A On"", ""12V Trigger A Off"", ""12V Trigger B On"", ""12V Trigger B Off"", ""12V Trigger C On"", ""12V Trigger C Off"", ""D4"", ""COMPONENT"", ""No Analog"", ""Yes/OUT1 HDMI Main"", ""OUT2 HDMI Sub"", ""Both"", ""Both(Main)"", ""Both(Sub)"", ""HDMI OUT"", ""Resolution Throgh"", ""Resolution Auto"", ""Resolution 480p"", ""Resolution 720p"", ""Resolution 1080i"", ""Resolution 1080p"", ""Resolution 1080p/24fs"", ""Resolution Source"", ""Resolution"", ""Tuning Up"", ""Tuning Down"", ""Search Mode"", ""Preset Up"", ""Preset Down"", ""Direct Tuning"", ""1"", ""2"", ""3"", ""4"", ""5"", ""6"", ""7"", ""8"", ""9"", ""0/10"", ""PLAY"", ""STOP"", ""PAUSE"", ""TRACK UP"", ""TRACK DOWN"", ""FF"", ""REW"", ""REPEAT"", ""RANDOM"", ""DISPLAY"", ""ALBUM"", ""ARTIST"", ""GENRE"", ""PLAYLIST"", ""RIGHT"", ""LEFT"", ""UP"", ""DOWN"", ""1"", ""2"", ""3"", ""4"", ""5"", ""6"", ""7"", ""8"", ""9"", ""DELETE"", ""0"", ""CAPS"", ""SELECT"", ""LOCATION"", ""LANGUAGE"", ""SETUP"", ""RETURN"", ""Custom"", ""Day"", ""Night"", ""ISF Mode"", ""STEREO"", ""DIRECT"", ""SURROUND"", ""THX"", ""ALL CH STEREO"", ""PURE AUDIO"", ""DOLBY"", ""PLIIx Movie (*1)"", ""PLIIx Music (*1)"", ""PLIIx Game (*1)"", ""PLIIz Height"", ""Neo:6 Cinema/Neo:6"", ""Neo:6 Music"", ""Neural Surround"", ""DTS"", ""Straight Decode"", ""Dolby EX"", ""THX Cinema"", ""THX Music"", ""THX Games"", ""THX Surround EX"", ""THX Ultra2/Select2 Cinema/Cinema2"", ""THX MusicMode,Ultra2/Select2 Music"", ""THX Games Mode,Ultra2/Select2 Games"", ""PLII/PLIIx THX Cinema"", ""Neo:6 THX Cinema"", ""PLII/PLIIx THX Music"", ""Neo:6 THX Music"", ""PLII/PLIIx THX Games"", ""Neo:6 THX Games"", ""Neural THX Cinema"", ""Neural THX Music"", ""Neural THX Games"", ""Neural THX"", ""Mono"", ""Theater-Dimensional"", ""DTS Surround Sensation"", ""Audyssey DSX"", ""Game-RPG"", ""Game-Action"", ""Game-Rock"", ""Game-Sprots"", ""Orchestra"", ""Unplugged"", ""Studio-Mix"", ""TV Logic"", ""Full Mono"", ""Neo:6 Cinema DTS Surround Sensation"", ""Neo:6 Music DTS Surround Sensation"", ""Neural Digital Music"", ""PLIIx/PLII Movie + Audyssey DSX"", ""PLIIx/PLII Music + Audyssey DSX"", ""PLIIx/PLII Game + Audyssey DSX"", ""Neo:6 Cinema/Neo:6 + Audyssey DSX"", ""Neo:6 Music + Audyssey DSX"", ""Neural Surround + Audyssey DSX"", ""Neural Digital Music + Audyssey DSX"", ""Dolby EX + Audyssey DSX"", ""PLIIz Height + THX Cinema"", ""PLIIz Height + THX Music"", ""PLIIz Height + THX Games"", ""PLIIz Height + THX U2/S2 Cinema"", ""PLIIz Height + THX U2/S2 Music"", ""PLIIz Height + THX U2/S2 Games"", ""DSP Up"", ""DSP Down"", ""Listening Mode Up"", ""Listening Mode Down"", ""Listening Mode Movie/TV"", ""Listening Mode Music"", ""Listening Mode Game"", ""Late Night State"", ""Re-EQ/Cinema (Wrap Around Up)"", ""Off"", ""POWER"", ""Audyssey 2EQ/MultEQ/MultEQ XT"", ""Off"", ""POWER"", ""Dynamic EQ"", ""Off"", ""Light"", ""Medium"", ""Heavy"", ""Dynamic VOL+"", ""Off"", ""Low"", ""Mid"", ""High"", ""Dolby VOL+"", ""Off"", ""POWER"", ""Dolby VOL+""]",[],[],device_family,0.58,"[""modelo/família identificável com conjunto amplo""]","[""modelo de baixa confiança foi tratado como evidência estrutural"", ""muitos nomes compartilham a mesma intenção"", ""nomes de comandos reais não chegaram ao classificador"", ""sequência numerada pode indicar codeset ou bruteforce""]","[""50 maiores quantidades de comandos""]"
6d4785e2b96348e7,_Converted_/IR_Plus/P/PHILIPS/FW-362.ir,FW-362.ir,Converted/IR_Plus,PHILIPS,FW-362,23,"[""TV"", ""Unknown"", ""TV VCR"", ""TUNER"", ""CD"", ""AUX"", ""TAPE1"", ""TAPE2"", ""VOL-"", ""VOL+"", ""Unknown"", ""Unknown"", ""Unknown"", ""Unknown"", ""Unknown"", ""Unknown"", ""Unknown"", ""DSC"", ""INCR. SOUND"", ""DBB"", ""DISC UP"", ""SHUFFLE"", ""SIDE""]","[""RC5""]","[""04 00 00 00"", ""10 00 00 00"", ""11 00 00 00"", ""14 00 00 00"", ""15 00 00 00"", ""1C 00 00 00"", ""1D 00 00 00""]",specific_device,0.72,"[""modelo identificável e conjunto coerente""]","[""modelo de baixa confiança foi tratado como evidência estrutural"", ""muitos nomes compartilham a mesma intenção"", ""nomes de comandos reais não chegaram ao classificador"", ""protocolos reais não chegaram ao classificador""]","[""50 maiores diversidades de endereços""]"
259631fc302716a7,_Converted_/IR_Plus/P/PIONEER/CU-A001.ir,CU-A001.ir,Converted/IR_Plus,PIONEER,CU-A001,52,"[""TAPE DECK1"", ""TAPE DECK2"", ""TAPE REW"", ""TAPE FWD"", ""TAPE SELECT"", ""TAPE PAUSE"", ""TAPE RECORD"", ""TAPE REVERSE"", ""TAPE STOP"", ""TAPE PLAY"", ""VCR CH-"", ""VCR CH+"", ""VCR REW"", ""VCR FWD"", ""VCR PAUSE"", ""VCR RECORD"", ""VCR POWER"", ""VCR TV"", ""VCR STOP"", ""VCR PLAY"", ""CD DISCSEL"", ""CD PAUSE"", ""CD PREV"", ""CD NEXT"", ""CD POWER"", ""CD STOP"", ""CD PLAY"", ""LD DISPLAY"", ""LD PAUSE"", ""LD PREV"", ""LD NEXT"", ""LD POWER"", ""LD STOP"", ""LD PLAY"", ""TUNER POWER"", ""TUNER BAND"", ""TUNER STAT-"", ""TUNER STAT+"", ""TV POWER"", ""TV FUNCT"", ""TV CH-"", ""TV CH+"", ""TAPE2"", ""DAT/TAPE1"", ""CD"", ""PHONO"", ""TUNER"", ""line"", ""VOL-"", ""VOL+"", ""AMP POWER"", ""Unknown""]","[""NECext""]","[""2A D5 00 00"", ""5A A5 00 00"", ""7A 85 00 00"", ""AA 55 00 00"", ""BA 45 00 00"", ""DA 25 00 00"", ""EA 15 00 00""]",specific_device,0.72,"[""modelo identificável e conjunto coerente""]","[""modelo de baixa confiança foi tratado como evidência estrutural"", ""nomes de comandos reais não chegaram ao classificador"", ""protocolos reais não chegaram ao classificador""]","[""50 maiores diversidades de endereços""]"
995509ce95a593ed,_Converted_/IR_Plus/P/PIONEER/SC27.ir,SC27.ir,Converted/IR_Plus,PIONEER,SC27,354,"[""POWER POWER"", ""POWER ON"", ""POWER OFF"", ""MUTE POWER"", ""MUTE ON"", ""MUTE OFF"", ""VOLUME UP"", ""VOLUME DOWN"", ""DVD"", ""BD"", ""TV/SAT"", ""DVR"", ""VIDEO 1"", ""VIDEO 2"", ""HDMI 1"", ""HDMI 2"", ""HDMI 3"", ""HDMI 4"", ""HOME MEDIA GALLERY"", ""iPod/USB"", ""XM RADIO"", ""SIRIUS"", ""CD"", ""CD-R/TAPE"", ""TUNER"", ""PHONO"", ""MULTI CH IN"", ""HDMI"", ""INPUT SELECT"", ""INPUT SELECT REVERSE"", ""Auto DVD"", ""Auto BD"", ""Auto TV/SAT"", ""Auto DVR"", ""Auto VIDEO 1"", ""Auto VIDEO 2"", ""Auto HDMI 1"", ""Auto HDMI 2"", ""Auto HDMI 3"", ""Auto HDMI 4"", ""Auto HOME MEDIA GALLERY"", ""Auto iPod/USB"", ""Auto XM RADIO"", ""Auto SIRIUS"", ""Auto CD"", ""Auto CD-R/TAPE"", ""Auto TUNER"", ""Auto PHONO"", ""Auto MULTI CH IN"", ""MULTI-ZONE POWER"", ""ZONE 2 ON"", ""ZONE 2 OFF"", ""ZONE 2 POWER"", ""ZONE 3 ON"", ""ZONE 3 OFF"", ""ZONE 3 POWER"", ""ZONE 2 INPUT SELECT"", ""ZONE 2 INPUT REVERSE"", ""ZONE 2 DVD"", ""ZONE 2 TV/SAT"", ""ZONE 2 DVR"", ""ZONE 2 VIDEO 1"", ""ZONE 2 VIDEO 2"", ""ZONE 2 HOME MEDIA GALLERY"", ""ZONE 2 iPod/USB"", ""ZONE 2 XM"", ""ZONE 2 SIRIUS"", ""ZONE 2 CD"", ""ZONE 2 CD-R/TAPE"", ""ZONE 2 TUNER"", ""ZONE 2 MUTE POWER"", ""ZONE 2 MUTE ON"", ""ZONE 2 MUTE OFF"", ""ZONE 2 VOLUME UP"", ""ZONE 2 VOLUME DOWN"", ""ZONE 3 INPUT SELECT"", ""ZONE 3 INPUT REVERSE"", ""ZONE 3 DVD"", ""ZONE 3 TV/SAT"", ""ZONE 3 DVR"", ""ZONE 3 VIDEO 1"", ""ZONE 3 VIDEO 2"", ""ZONE 3 HOME MEDIA GALLERY"", ""ZONE 3 iPod/USB"", ""ZONE 3 XM"", ""ZONE 3 SIRIUS"", ""ZONE 3 CD"", ""ZONE 3 CD-R"", ""ZONE 3 TUNER"", ""ZONE 3 MUTE POWER"", ""ZONE 3 MUTE ON"", ""ZONE 3 MUTE OFF"", ""ZONE 3 VOLUME UP"", ""ZONE 3 VOLUME DOWN"", ""SPEAKERS"", ""SPEAKERS A ON"", ""SPEAKERS B ON"", ""SPEAKERS A+B ON"", ""SPEAKERS OFF"", ""DIMMER"", ""SLEEP"", ""STATUS"", ""HDMI OUTPUT SELECT"", ""HDMI OUT ALL"", ""HDMI OUT 1"", ""HDMI OUT 2"", ""PQLS"", ""PQLS AUTO"", ""PQLS OFF"", ""STEREO (Toggle)"", ""STEREO Discrete)"", ""Front Stage Surround Advance Focus"", ""Front Stage Surround Advance Wide"", ""STANDARD (Toggle)"", ""(2ch source)"", ""PRO LOGIC2 MOVIE"", ""PRO LOGIC2 MUSIC"", ""PRO LOGIC2 GAME"", ""Neo:6 CINEMA"", ""Neo:6 MUSIC"", ""PRO LOGIC2x MOVIE"", ""PRO LOGIC2x MUSIC"", ""PRO LOGIC2x GAME"", ""PRO LOGIC"", ""XM HD SURROUND"", ""NEURAL THX"", ""(Multi ch source)"", ""(Multi ch source) +DOLBY EX"", ""(Multi ch source)+ PRO LOGIC2x MOVIE"", ""(Multi ch source)+ PRO LOGIC2x MUSIC"", ""(Multi ch source) DTS-ES Neo:6"", ""(Multi ch source) DTS-ES matrix"", ""(Multi ch source) DTS-ES discrete"", ""(Multi ch source) DTS-ES 8ch discrete"", ""ADVANCED SURROUND (Toggle)"", ""ACTION"", ""DRAMA"", ""SCI-FI"", ""MONO FILM"", ""ENTERTAINMENT SHOW"", ""EXPANDED THEATER"", ""TV SURROUND"", ""ADV.GAME"", ""SPORTS"", ""CLASSICAL"", ""ROCK/POP"", ""UNPLUGGED"", ""EXTENDED STEREO"", ""PHONES SURROUND"", ""THX (Toggle)"", ""PROLOGIC + THX CINEMA"", ""PL2 MOVIE + THX CINEMA"", ""Neo:6 CINEMA + THX CINEMA"", ""PL2x MOVIE + THX CINEMA"", ""THX SELECT2 GAMES"", ""THX CINEMA (2ch"", ""THX MUSIC (2ch"", ""THX GAMES (2ch"", ""PL2 MUSIC + THX MUSIC"", ""PL2x MUSIC + THX MUSIC"", ""Neo:6 MUSIC + THX MUSIC"", ""PL2 GAME + THX GAMES"", ""PL2x GAME + THX GAMES"", ""THX ULTRA2 GAMES"", ""THX CINEMA"", ""THX SURROUND EX"", ""PL2x MOVIE + THX CINEMA"", ""ES Neo:6 + THX CINEMA"", ""ES MATRIX + THX CINEMA"", ""ES DISCRETE + THX CINEMA"", ""ES 8ch DISCRETE + THX CINEMA"", ""THX SELECT2 CINEMA"", ""THX SELECT2 MUSIC"", ""THX SELECT2 GAMES"", ""THX ULTRA2 CINEMA"", ""THX ULTRA2 MUSIC"", ""THX ULTRA2 GAMES"", ""THX MUSIC"", ""THX GAMES"", ""PLIIx MUSIC + THX MUSIC"", ""EX + THX GAMES"", ""Neo:6 + THX MUSIC"", ""Neo:6 + THX GAMES"", ""ES MATRIX + THX MUSIC"", ""ES MATRIX + THX GAMES"", ""ES DISCRETE + THX MUSIC"", ""ES DISCRETE + THX GAMES"", ""ES 8CH DISCRETE + THX MUSIC"", ""ES 8CH DISCRETE + THX GAMES"", ""AUTO SURR/A.L.C./ STREAM DIRECT"", ""AUTO SURROUND"", ""Auto Level Control (A.L.C.)"", ""DIRECT"", ""PURE DIRECT"", ""OPTIMUM SURROUND"", ""HOME MENU"", ""CURSOR UP"", ""CURSOR DOWN"", ""CURSOR RIGHT"", ""CURSOR LEFT"", ""ENTER"", ""RETURN"", ""CH LEVEL (CH Select)"", ""CH LEVEL (+)"", ""CH LEVEL (-)"", ""AUDIO PARAMETER"", ""MCACC Memory (MCACC Position)"", ""MCACC Memory 1"", ""MCACC Memory 2"", ""MCACC Memory 3"", ""MCACC Memory 4"", ""MCACC Memory 5"", ""MCACC Memory 6"", ""MIDNIGHT/LOUDNESS"", ""LOUDNESS"", ""TONE POWER"", ""BASS UP"", ""BASS DOWN"", ""TREBLE UP"", ""TREBLE DOWN"", ""Hi-BIT/Hi-SAMPLING"", ""SOUND RETRIEVER"", ""DIGITAL NOISE REDUCTION"", ""DIALOG ENHACEMENT"", ""HDMI AUDIO AMP"", ""HDMI AUDIO THROUGH"", ""SIGNAL SELECT"", ""ANALOG INPUT ATT"", ""SBch PROCESSING"", ""SBch PROCESSING OFF"", ""SBch PROCESSING ON"", ""SBch PROCESSING AUTO"", ""PHASE CONTROL POWER"", ""PHASE CONTROL OFF"", ""PHASE CONTROL ON"", ""FULLBAND PHASE CTRL ON"", ""VIDEO PARAMETER"", ""STATION 10"", ""STATION 1"", ""STATION 2"", ""STATION 3"", ""STATION 4"", ""STATION 5"", ""STATION 6"", ""STATION 7"", ""STATION 8"", ""STATION 9"", ""PRESET UP"", ""PRESET DOWN"", ""FREQUENCY UP"", ""FREQUENCY DOWN"", ""BAND"", ""FM"", ""AM"", ""TUNER EDIT"", ""TUNER ENTER"", ""TUNER RETURN"", ""MPX/NOISE CUT"", ""CLASS"", ""DIRECT ACCESS"", ""DISPLAY"", ""STATION 1"", ""STATION 2"", ""STATION 3"", ""STATION 4"", ""STATION 5"", ""STATION 6"", ""STATION 7"", ""STATION 8"", ""STATION 9"", ""STATION 10"", ""CURSOR UP"", ""CURSOR LEFT"", ""CURSOR RIGHT"", ""CURSOR DOWN"", ""DISPLAY"", ""PRESET"", ""CLASS"", ""DIRECT ACCESS(CH)"", ""MEMORY (EDIT)"", ""XM MENU"", ""ENTER"", ""RETURN"", ""CATEGORY"", ""STATION 10"", ""STATION 1"", ""STATION 2"", ""STATION 3"", ""STATION 4"", ""STATION 5"", ""STATION 6"", ""STATION 7"", ""STATION 8"", ""STATION 9"", ""CURSOR UP"", ""CURSOR DOWN"", ""CURSOR RIGHT"", ""CURSOR LEFT"", ""DISPLAY"", ""PRESET"", ""CLASS"", ""DIRECT ACCESS"", ""MEMORY"", ""TOP MENU"", ""ENTER"", ""RETURN"", ""CATEGORY"", ""H.M.G. 0"", ""H.M.G. 1"", ""H.M.G. 2"", ""H.M.G. 3"", ""H.M.G. 4"", ""H.M.G. 5"", ""H.M.G. 6"", ""H.M.G. 7"", ""H.M.G. 8"", ""H.M.G. 9"", ""PLAY"", ""PAUSE"", ""PREVIOUS REW"", ""NEXT FORW"", ""DISPLAY"", ""STOP"", ""CURSOR UP"", ""CURSOR LEFT"", ""ENTER"", ""CURSOR RIGHT"", ""CURSOR DOWN"", ""RETURN"", ""PROGRAM"", ""CLEAR"", ""REPEAT"", ""RANDOM"", ""MENU"", ""EDIT"", ""CLASS"", ""REPEAT"", ""SHUFFLE"", ""PLAY"", ""PAUSE"", ""STOP"", ""PREVIOUS REW"", ""NEXT FORW"", ""REV FREW"", ""FWD FFOR"", ""DISPLAY"", ""CURSOR UP"", ""iPod CONTROL"", ""CURSOR LEFT"", ""ENTER"", ""CURSOR RIGHT"", ""RETURN"", ""CURSOR DOWN"", ""TOP MENU""]",[],[],device_family,0.58,"[""modelo/família identificável com conjunto amplo""]","[""modelo de baixa confiança foi tratado como evidência estrutural"", ""muitos nomes compartilham a mesma intenção"", ""nomes de comandos reais não chegaram ao classificador"", ""sequência numerada pode indicar codeset ou bruteforce""]","[""50 maiores quantidades de comandos"", ""50 maiores repetições de nomes"", ""50 nomes ou comandos com sequências numéricas""]"
56e3a54aeb272fd5,_Converted_/IR_Plus/P/PIONEER/VSX-921.ir,VSX-921.ir,Converted/IR_Plus,PIONEER,VSX-921,394,"[""BD"", ""DVD"", ""TV/SAT"", ""DVR/BDR"", ""VIDEO1"", ""VIDEO2"", ""HDMI1"", ""HDMI2"", ""HDMI3"", ""HDMI4"", ""HDMI5"", ""HDMI6"", ""H.M.G."", ""iPod/USB"", ""CD"", ""CD-R/TAPE"", ""TUNER"", ""PHONO"", ""MULTICHIN"", ""ADAPTERPORT"", ""SIRIUS"", ""Portable"", ""HDMI"", ""INPUTSELECT"", ""INPUTSELECTREVERSE"", ""AutoFunctionBD"", ""AutoFunctionDVD"", ""AutoFunctionTV/SAT"", ""AutoFunctionDVR/BDR"", ""AutoFunctionVIDEO1"", ""AutoFunctionVIDEO2"", ""AutoFunctionHDMI1"", ""AutoFunctionHDMI2"", ""AutoFunctionHDMI3"", ""AutoFunctionHDMI4"", ""AutoFunctionHDMI5"", ""AutoFunctionHDMI6"", ""AutoFunctionH.M.G."", ""AutoFunctioniPod/USB"", ""AutoFunctionCD"", ""AutoFunctionCD-R/TAPE"", ""AutoFunctionTUNER"", ""AutoFunctionPHONO"", ""AutoFunctionMULTICHIN"", ""AutoFunctionADAPTERPORT"", ""AutoFunctionPortable"", ""AutoFunctionSIRIUS"", ""MULTI-ZONEON/OFF"", ""ZONE2ON"", ""ZONE2OFF"", ""ZONE2ON/OFF"", ""ZONE3ON"", ""ZONE3OFF"", ""ZONE3ON/OFF"", ""ZONE2INPUTSELECT"", ""ZONE2INPUTREVERSE"", ""ZONE2DVD"", ""ZONE2TV/SAT"", ""ZONE2DVR/BDR"", ""ZONE2VIDEO1"", ""ZONE2VIDEO2"", ""ZONE2H.M.G."", ""ZONE2iPod/USB"", ""ZONE2CD"", ""ZONE2CD-R/TAPE"", ""ZONE2TUNER"", ""ZONE2ADAPTERPORT"", ""ZONE2SIRIUS"", ""ZONE2MUTEON/OFF"", ""ZONE2MUTEON"", ""ZONE2MUTEOFF"", ""ZONE2VOLUMEUP"", ""ZONE2VOL-"", ""ZONE3INPUTSELECT"", ""ZONE3INPUTREVERSE"", ""ZONE3DVD"", ""ZONE3TV/SAT"", ""ZONE3DVR/BDR"", ""ZONE3VIDEO1"", ""ZONE3H.M.G."", ""ZONE3iPod/USB"", ""ZONE3CD"", ""ZONE3TUNER"", ""ZONE3ADAPTERPORT"", ""ZONE3SIRIUS"", ""ZONE3MUTEON/OFF"", ""ZONE3MUTEON"", ""ZONE3MUTEOFF"", ""ZONE3VOLUMEUP"", ""ZONE3VOL-"", ""POWERON/OFF"", ""POWERON"", ""POWEROFF"", ""MUTEON/OFF"", ""MUTEON"", ""MUTEOFF"", ""VOLUMEUP"", ""VOL-"", ""SPEAKERS"", ""SPEAKERSAON"", ""SPEAKERSBON"", ""SPEAKERSA+BON"", ""SPEAKERSOFF"", ""DIMMER(cyclic)"", ""SLEEP(cyclic)"", ""STATUS/DISPLAY"", ""HDMIOUTPUTSELECT"", ""HDMIOUTALL"", ""HDMIOUT1"", ""HDMIOUT2"", ""OPERATIONMODE(cyclic)"", ""OPERATIONMODEBasic"", ""OPERATIONMODEExpert"", ""PQLS"", ""PQLSAUTO"", ""PQLSOFF"", ""STEREO"", ""STANDARD"", ""STEREO(Discrete)"", ""DependingonSource(2chStraightdecode"", ""PROLOGIC2MOVIE"", ""PROLOGIC2xMOVIE"", ""PROLOGIC2MUSIC"", ""PROLOGIC2xMUSIC"", ""PROLOGIC2GAME"", ""PROLOGIC2xGAME"", ""PROLOGIC2zHEIGHT"", ""WIDESURROUNDMOVIE"", ""WIDESURROUNDMUSIC"", ""PROLOGIC"", ""Neo:6CINEMA"", ""Neo:6MUSIC"", ""NEURALSURROUND"", ""Neo:XCINEMA"", ""Neo:XMUSIC"", ""Neo:XGAME"", ""(Multichsource)DependingonSource"", ""(Multichsource)+DOLBYEX"", ""(Multichsource)+PROLOGIC2xMOVIE"", ""(Multichsource)+PROLOGIC2xMUSIC"", ""(Multichsource)+PROLOGIC2zHEIGHT"", ""(Multichsource)+WIDESURROUNDMOVIE"", ""(Multichsource)+WIDESURROUNDMUSIC"", ""(Multichsource)DTS-ESNeo:6"", ""(Multichsource)DTS-ESmatrix"", ""(Multichsource)DTS-ESdiscrete"", ""(Multichsource)DTS-ES8chdiscrete"", ""(Multichsource)DTS-ESNeo:X"", ""DependingonSource(Multi-chStraightdecode+PROLOGIC2zHEIGHT"", ""ADVANCEDSURROUND"", ""ACTION"", ""DRAMA"", ""SCI-FI"", ""MONOFILM"", ""ENTERTAINMENTSHOW"", ""EXPANDEDTHEATER"", ""TVSURROUND"", ""ADV.GAME"", ""SPORTS"", ""CLASSICAL"", ""ROCK/POP"", ""UNPLUGGED"", ""EXTENDEDSTEREO"", ""FrontStageSurroundAdvanceFocus"", ""FrontStageSurroundAdvanceWide"", ""RETRIEVERAIR"", ""PHONESSURROUND"", ""THX"", ""PROLOGIC+THXCINEMA"", ""PL2MOVIE+THXCINEMA"", ""Neo:6CINEMA+THXCINEMA"", ""PL2xMOVIE+THXCINEMA"", ""PL2zHeight+THXCINEMA"", ""THXCINEMA(2ch)"", ""THXMUSIC(2ch)"", ""THXGAMES(2ch)"", ""PL2MUSIC+THXMUSIC"", ""PL2xMUSIC+THXMUSIC"", ""PL2zHeight+THXMUSIC"", ""Neo:6MUSIC+THXMUSIC"", ""PL2GAME+THXGAMES"", ""PL2xGAME+THXGAMES"", ""PL2zHeight+THXGAMES"", ""Neo:XCINEMA+THXCINEMA"", ""Neo:XMUSIC+THXMUSIC"", ""Neo:XGAME+THXGAMES"", ""THXCINEMA"", ""THXSURROUNDEX"", ""PL2xMOVIE+THXCINEMA"", ""PL2zHeight+THXCINEMA"", ""ESNeo:6+THXCINEMA"", ""ESMATRIX+THXCINEMA"", ""ESDISCRETE+THXCINEMA"", ""ES8chDISCRETE+THXCINEMA"", ""THXMUSIC"", ""THXGAMES"", ""PL2xMUSIC+THXMUSIC"", ""PL2zHeight+THXMUSIC"", ""EX+THXGAMES"", ""PL2zHeight+THXGAMES"", ""Neo:6+THXMUSIC"", ""Neo:6+THXGAMES"", ""ESMATRIX+THXMUSIC"", ""ESMATRIX+THXGAMES"", ""ESDISCRETE+THXMUSIC"", ""ESDISCRETE+THXGAMES"", ""ES8CHDISCRETE+THXMUSIC"", ""ES8CHDISCRETE+THXGAMES"", ""Neo:X+THXCINEMA"", ""Neo:X+THXMUSIC"", ""Neo:X+THXGAMES"", ""AUTOSURR/ALC/STREAMDIRECT"", ""AUTOSURROUND"", ""AutoLevelControl(ALC)"", ""DIRECT"", ""PUREDIRECT"", ""OPTIMUMSURROUND"", ""MIDNIGHT/LOUDNESS"", ""LOUDNESS"", ""SIGNALSELECT(cyclic)"", ""ANALOGINPUTATT(cyclic)"", ""SBchPROCESSING"", ""PHASECONTROLON/OFF(cyclic)"", ""PHASECONTROLOFF"", ""PHASECONTROLON"", ""FULLBANDPHASECONTROLON"", ""ACOUSTICEQ(StandardMCACC)"", ""CHLEVEL(CHSelect)"", ""CURSORUP"", ""CURSORDOWN"", ""CURSORRIGHT"", ""CURSORLEFT"", ""ENTER"", ""RETURN"", ""CHLEVEL(+)"", ""CHLEVEL(-)"", ""TESTTONE"", ""AUDIOPARAMETER"", ""CURSORUP"", ""CURSORDOWN"", ""CURSORRIGHT"", ""CURSORLEFT"", ""ENTER"", ""RETURN"", ""MCACCMemory(MCACCPosition)(cyclic)"", ""MCACCMemory1"", ""MCACCMemory2"", ""MCACCMemory3"", ""MCACCMemory4"", ""MCACCMemory5"", ""MCACCMemory6"", ""TONEON/BYPASS(cyclic)"", ""BASSUP"", ""BASSDOWN"", ""TREBLEUP"", ""TREBLEDOWN"", ""AUTOSOUNDRETRIEVER(cyclic)"", ""AUTOSOUNDRETRIEVEROFF"", ""AUTOSOUNDRETRIEVERON"", ""DIGITALNOISEREDUCTION(cyclic)"", ""DIALOGENHACEMENTUP"", ""Hi-BIT/Hi-SAMPLING(cyclic)(*15)"", ""DIGITALFILTERUP"", ""HDMIAUDIO(cyclic)"", ""HDMIAUDIOAMP"", ""HDMIAUDIOTHROUGH"", ""VirtualSB(cyclic)"", ""VirtualSBON"", ""VirtualSBOFF"", ""VirtualHeight(cyclic)"", ""VirtualHeightON"", ""VirtualHeightOFF"", ""VirtualDepthUP"", ""VIDEOPARAMETER"", ""CURSORUP"", ""CURSORDOWN"", ""CURSORRIGHT"", ""CURSORLEFT"", ""ENTER"", ""RETURN"", ""HOMEMENU/SYSTEMSETUP"", ""CURSORUP"", ""CURSORDOWN"", ""CURSORRIGHT"", ""CURSORLEFT"", ""ENTER"", ""RETURN"", ""STATION10"", ""STATION1"", ""STATION2"", ""STATION3"", ""STATION4"", ""STATION5"", ""STATION6"", ""STATION7"", ""STATION8"", ""STATION9"", ""PRESETUP"", ""PRESETDOWN"", ""FREQUENCYUP"", ""FREQUENCYDOWN"", ""BAND"", ""FM"", ""AM"", ""TUNEREDIT"", ""TUNERENTER"", ""TUNERRETURN"", ""MPX/NOISECUT"", ""CLASS"", ""DIRECTACCESS"", ""DISPLAY"", ""PTYSEARCH"", ""PLAY"", ""PAUSE"", ""STOP"", ""PREVIOUS"", ""NEXT"", ""REV"", ""FWD"", ""REPEAT"", ""SHUFFLE"", ""DISPLAY"", ""iPodCONTROL"", ""CURSORUP"", ""CURSORDOWN"", ""CURSORRIGHT"", ""CURSORLEFT"", ""ENTER"", ""RETURN"", ""TOPMENU"", ""PLAY"", ""PAUSE"", ""STOP"", ""PREVIOUS"", ""NEXT"", ""REV"", ""FWD"", ""CURSORRIGHT"", ""CURSORLEFT"", ""ENTER"", ""RETURN"", ""TOPMENU"", ""STATION10"", ""STATION1"", ""STATION2"", ""STATION3"", ""STATION4"", ""STATION5"", ""STATION6"", ""STATION7"", ""STATION8"", ""STATION9"", ""CURSORUP"", ""CURSORDOWN"", ""CURSORRIGHT"", ""CURSORLEFT"", ""DISPLAY"", ""PRESET"", ""CLASS"", ""DIRECTACCESS"", ""MEMORY"", ""TOPMENU"", ""ENTER"", ""RETURN"", ""CATEGORY"", ""H.M.G.0"", ""H.M.G.1"", ""H.M.G.2"", ""H.M.G.3"", ""H.M.G.4"", ""H.M.G.5"", ""H.M.G.6"", ""H.M.G.7"", ""H.M.G.8"", ""H.M.G.9"", ""PLAY"", ""PAUSE"", ""PREVIOUS"", ""NEXT"", ""DISPLAY"", ""STOP"", ""CURSORUP"", ""CURSORDOWN"", ""CURSORRIGHT"", ""CURSORLEFT"", ""ENTER"", ""RETURN"", ""PROGRAM"", ""CLEAR"", ""REPEAT"", ""RANDOM"", ""MENU"", ""EDIT"", ""CLASS""]",[],[],device_family,0.58,"[""modelo/família identificável com conjunto amplo""]","[""modelo de baixa confiança foi tratado como evidência estrutural"", ""muitos nomes compartilham a mesma intenção"", ""nomes de comandos reais não chegaram ao classificador""]","[""50 maiores quantidades de comandos"", ""50 maiores repetições de nomes""]"
899f47d66460a56a,_Converted_/IR_Plus/R/REVOX/B2xx_1-0.ir,B2xx_1-0.ir,Converted/IR_Plus,REVOX,B2xx_1-0,165,"[""Vol --"", ""Vol -"", ""Vol +"", ""Vol ++"", ""Bal L"", ""Bal R"", ""Tone"", ""-20dB"", ""Tape 1"", ""Tape 2"", ""Disc"", ""Phono"", ""Tuner"", ""Aux"", ""Rec-Mon"", ""Unknown"", ""Unknown"", ""Unknown"", ""Unknown"", ""Pause Off"", ""Pause On"", ""Unknown"", ""Monitor"", ""Loc-1"", ""Loc-2"", ""Loop"", ""Unknown"", ""Unknown"", ""*"", ""*"", ""*"", ""*"", ""*Pause Off"", ""*Pause On"", ""*"", ""*Monitor"", ""*Loc-1"", ""*Loc-2"", ""*Loop"", ""*"", ""*"", ""Unknown"", ""Unknown"", ""Unknown"", ""Unknown"", ""1 CD"", ""2 CD"", ""3 CD"", ""4 CD"", ""5 CD"", ""6 CD"", ""7 CD"", ""8 CD"", ""9 CD"", ""0 CD"", ""local time"", ""total time"", ""locate"", ""Index Next"", ""autostop on"", ""autostop off"", ""pause on"", ""pause w-o"", ""preem. On"", ""preemp. Off"", ""load"", ""Station -"", ""Mono"", ""ST only"", ""Station +"", ""1"", ""2"", ""3"", ""4"", ""5"", ""6"", ""7"", ""8"", ""9"", ""10"", ""11"", ""12"", ""13"", ""14"", ""15"", ""16"", ""17"", ""18"", ""19"", ""20"", ""10-on"", ""Blend"", ""Muting"", ""Rec Cal"", ""Store"", ""P-Type"", ""Antenna"", ""Unknown"", ""Unknown"", ""Unknown"", ""O f f"", ""Prog"", ""Event"", ""Select"", ""Time"", ""Test"", ""Station -"", ""Station +"", ""Exit"", ""TV bal R"", ""TV bal L"", ""Bal L"", ""Bal R"", ""Vol -"", ""Vol +"", ""Bass -"", ""Bass +"", ""High -"", ""High +"", ""Speaker C"", ""Speaker B"", ""Speaker A"", ""-20dB"", ""Tone"", ""Tuner"", ""Disc"", ""Phono"", ""Rec-Mon"", ""Tape 1"", ""Tape 2"", ""Aux"", ""Bal L"", ""Bal R"", ""Vol -"", ""Vol +"", ""Bass -"", ""Bass +"", ""High -"", ""High +"", ""Speaker C"", ""Speaker B"", ""Speaker A"", ""-20dB"", ""Tone"", ""Tuner"", ""Disc"", ""Phono"", ""Rec-Mon"", ""Tape 1"", ""Tape 2"", ""Aux"", ""1"", ""2"", ""3"", ""4"", ""5"", ""6"", ""7"", ""8"", ""9"", ""0"", ""Test"", ""Blend"", ""Station+"", ""Enter""]",[],[],device_family,0.58,"[""modelo/família identificável com conjunto amplo""]","[""modelo de baixa confiança foi tratado como evidência estrutural"", ""muitos nomes compartilham a mesma intenção"", ""nomes de comandos reais não chegaram ao classificador"", ""sequência numerada pode indicar codeset ou bruteforce""]","[""50 maiores repetições de nomes""]"
6f3d73f088570fbb,_Converted_/IR_Plus/Y/YAMAHA/RX-V1400.ir,RX-V1400.ir,Converted/IR_Plus,YAMAHA,RX-V1400,231,"[""POWER On"", ""POWER Off"", ""POWER Toggle"", ""Vol+"", ""Vol-"", ""Unknown"", ""Sleep"", ""6CH Input"", ""OSD"", ""VCR 1"", ""VCR 2"", ""Phono"", ""CD"", ""Tuner"", ""MD/Tape"", ""CD-R"", ""DTV"", ""Video Aux"", ""Cable"", ""DVD"", ""Effect POWER"", ""Test Mode"", ""Effect Level Select"", ""Stereo"", ""Hall"", ""Jazz"", ""Rock"", ""Entertainment"", ""Music Video"", ""TV Theater"", ""Movie Theather"", ""THX"", ""Dolby/DTS/AAC Surround"", ""Night POWER"", ""Select"", ""EX/ES"", ""Zone3 Mem A"", ""Zone3 Mem B"", ""Zone3 Mem C"", ""Zone3 Mem D"", ""Zone3 Mem E"", ""Zone3 Mem F"", ""Zone3 Mute On"", ""Effect On"", ""Home PresetMemA"", ""Home PresetMemB"", ""Home PresetMemC"", ""Home PresetMemD"", ""Home PresetMemE"", ""Home PresetMemF"", ""DC1 TrgCtrl Zone3"", ""DC1 TrgCtrl Zone1"", ""DC1 TrgCtrl Zone2"", ""DC1 TrgCtrl All Or"", ""Home Rcl A"", ""Home Rcl B"", ""Home Rcl C"", ""Home Rcl D"", ""Home Rcl E"", ""Home Rcl F"", ""DC2 Tigger Zone2 On"", ""DC2 Tigger Zone2 Off"", ""DC2 Tigger Zone1 On"", ""DC2 Tigger Zone1 Off"", ""Zone3 VolRcl A"", ""Zone3 VolRcl B"", ""Zone3 VolRcl C"", ""Zone3 VolRcl D"", ""Zone3 VolRcl E"", ""Zone3 VolRcl F"", ""Zone3 Mute Off"", ""PLII Movie"", ""PLII Music"", ""NEO:6 Movie"", ""NEO:6 Music"", ""Volume PresetMemA"", ""Volume PresetMemB"", ""Volume PresetMemC"", ""Volume PresetMemD"", ""Volume PresetMemE"", ""Volume PresetMemF"", ""DC1 Tigger Zone2 On"", ""DC1 Tigger Zone2 Off"", ""DC1 Tigger Zone1 On"", ""DC1 Tigger Zone1 Off"", ""Volume Rcl A"", ""Volume Rcl B"", ""Volume Rcl C"", ""Volume Rcl D"", ""Volume Rcl E"", ""Volume Rcl F"", ""EX/ES Auto"", ""EX/ES On"", ""Main POWER On"", ""Main POWER Off"", ""DC1 Tigger Zone3 On"", ""DC1 Tigger Zone3 Off"", ""DC3 Tigger Zone3 On"", ""DC3 Tigger Zone3 Off"", ""Zone2 Mem A"", ""Zone2 Mem B"", ""Zone2 Mem C"", ""Zone2 Mem D"", ""Zone2 Mem E"", ""Zone2 Mem F"", ""Zone2 VolRcl A"", ""Zone2 VolRcl B"", ""Zone2 VolRcl C"", ""Zone2 VolRcl D"", ""Zone2 VolRcl E"", ""Zone2 VolRcl F"", ""DC2 TrgCtrl Zone1"", ""DC2 TrgCtrl Zone2"", ""DC2 TrgCtrl Zone3"", ""DC2 TrgCtrl All Or"", ""Night Mode On"", ""Night Mode Off"", ""Zone2 Mute On"", ""Zone2 Mute Off"", ""Audio Mute On"", ""Audio Mute Off"", ""Ext Input On"", ""Ext Input Off"", ""Input Mode Auto"", ""Input Mode D.D.RF"", ""Input Mode DTS"", ""Input Mode Digital"", ""Input Mode Analog"", ""SP Relay A On"", ""SP Relay A Off"", ""SP Relay B On"", ""SP Relay B Off"", ""On Screen Off"", ""On Screen Short"", ""On Screen Full"", ""Sleep Off"", ""Sleep 120"", ""Sleep 90"", ""Sleep 60"", ""Sleep 30"", ""EX/ES Off"", ""Zone2 POWER On"", ""Zone2 POWER Off"", ""Tuner FM"", ""Tuner AM"", ""Tuner Auto Tuning Up"", ""Tuner Auto Tuning Down"", ""2 ch Stereo"", ""Direct Stereo"", ""THX Cinema"", ""Effect Off"", ""Program Hall A"", ""Program Hall B"", ""Program Hall C"", ""Program Hall D"", ""Program Hall E"", ""Live Concert"", ""Tokyo"", ""Freiburg"", ""Royalmont"", ""Village Gate"", ""Village Vanguard"", ""The Bottome Line"", ""The Roxy Theatre"", ""Loft"", ""Arena"", ""Disco"", ""Party"", ""Game"", ""Pop/Rock"", ""DJ"", ""Classical Opera"", ""Pavillion"", ""Mono Movie"", ""Variety Sports"", ""Spectacre"", ""Sci-Fi"", ""Adventure"", ""General"", ""Normal"", ""Enhanced"", ""8 ch Stereo"", ""+"", ""-"", ""Level/Set Menu/Parameter Up"", ""Down"", ""Diagnostic Mode"", ""+"", ""-"", ""Preset Page Toggle"", ""Preset Page A"", ""Preset Page B"", ""Preset Page C"", ""Preset Page D"", ""Preset Page E"", ""Direct 1"", ""Direct 2"", ""Direct 3"", ""Direct 4"", ""Direct 5"", ""Direct 6"", ""Direct 7"", ""Direct 8"", ""Volume Up"", ""Volume Down"", ""Unknown"", ""Cable/Satellite"", ""Video Aux"", ""MD/Tape"", ""CD"", ""DVD"", ""Phono"", ""Tuner"", ""CD-R"", ""VCR 1"", ""VCR 2"", ""DTV"", ""Volume Up"", ""Volume Down"", ""Unknown"", ""Cable/Satellite"", ""Video Aux"", ""MD/Tape"", ""CD"", ""DVD"", ""Phono"", ""Tuner"", ""CD-R"", ""VCR 1"", ""VCR 2"", ""DTV""]",[],[],device_family,0.58,"[""modelo/família identificável com conjunto amplo""]","[""modelo de baixa confiança foi tratado como evidência estrutural"", ""muitos nomes compartilham a mesma intenção"", ""nomes de comandos reais não chegaram ao classificador"", ""sequência numerada pode indicar codeset ou bruteforce""]","[""50 maiores quantidades de comandos""]"
e587b23662c71f59,_Converted_/Other/Maranz/Marantz_main_zone.ir,Marantz_main_zone.ir,Converted/Other,Maranz,Marantz_main_zone,455,"[""power on/off"", ""power on"", ""power off"", ""system power off"", ""vol +"", ""vol -"", ""direct volume 25%"", ""direct volume 50%"", ""direct volume 75%"", ""audio mute on"", ""audio mute off"", ""audio mute (toggle)"", ""speaker sel."", ""speaker-a on/off"", ""speaker-a on"", ""speaker-a off"", ""speaker-b on/off"", ""speaker-b on"", ""speaker-b off"", ""osd menu on"", ""menu"", ""option"", ""source select menu"", ""exit menu"", ""enter (ok)"", ""return"", ""cursor up"", ""cursor down"", ""cursor left"", ""cursor right"", ""shift"", ""soft keyboard/search"", ""insert"", ""delete"", ""dimmer(display)"", ""dimmer"", ""info."", ""osd info."", ""status"", ""instapreview on/off"", ""instapreview on"", ""instapreview off"", ""video select"", ""video off (v.off)"", ""input next"", ""input back"", ""tuner (tuner,fm)"", ""blu-ray(bd)(code1)"", ""blu-ray(bd)(code2)"", ""blu-ray/dvd"", ""cd"", ""tv audio(tv)"", ""dvd"", ""mediaplayer(vcr1)"", ""cbl/sat(sat,vcr2)"", ""aux1(aux)"", ""aux2"", ""aux3(additional source)"", ""aux4(additional source)"", ""aux5(additional source)"", ""aux6(additional source)"", ""aux7(additional source)"", ""bluetooth"", ""game"", ""game2"", ""phono"", ""usb(ipod/usb)"", ""usb(ipod/usb)2"", ""online music(network)"", ""internet radio select"", ""spotify (*6)"", ""siriusxm (*4)"", ""rhapsody select (*4)"", ""napstar select (*6)"", ""flickr select"", ""media server select"", ""pandora select (*4)"", ""last.fm select (*5)"", ""online music(network)"", ""online music(net)"", ""m-xport"", ""balanced"", ""7.1 (6.1) ch. input on/off"", ""7.1 (6.1) ch. input on"", ""7.1 (6.1) ch. input off"", ""smart select1"", ""smart select2"", ""smart select3"", ""smart select4"", ""smart select5"", ""input mode select"", ""input mode:auto"", ""input mode:hdmi"", ""input mode:digital"", ""input mode:analog"", ""bilingual (audio channel)"", ""lip sync.(audio delay)"", ""resolution(analog)"", ""resolution(hdmi)"", ""vertical stretch on"", ""vertical stretch off"", ""hdmi audio output select (toggle)"", ""hdmi audio output: enable (decode by avr)"", ""hdmi audio output: through (decode by tv)"", ""hdmi auto lip sync.: enable"", ""hdmi auto lip sync.: disable"", ""i/p convert: enable"", ""i/p convert: disable"", ""component-2 for main"", ""component-2 for multi-a"", ""video mode (toggle)"", ""video mode: auto"", ""video mode: movie"", ""video mode: game"", ""hdmi in-1"", ""hdmi in-2"", ""hdmi in-3"", ""hdmi in-4"", ""hdmi output select (toggle)"", ""hdmi out-1"", ""hdmi out-2"", ""hdmi out-auto(dual)"", ""surround mode (toggle/next)"", ""surround mode (back)"", ""movie surround"", ""music surround"", ""game surround"", ""auto"", ""stereo"", ""mono"", ""multi-ch stereo/ select"", ""multi-ch movie"", ""multi-ch music (stereo)"", ""thx"", ""thx cinema"", ""thx surrund ex"", ""thx ultra 2"", ""thx 5.1 music"", ""thx games"", ""neural"", ""dolby"", ""pro logic"", ""pl iix(z) movie / pl ii movie"", ""pl iix(z) music / pl ii music"", ""pl iix game"", ""pl iiz"", ""dolby atomos on/off"", ""dolby headphone"", ""ex/es"", ""dts mode"", ""dts"", ""dts es"", ""dts neo6 cinema"", ""dts neo6 music"", ""dts neo:x on/off"", ""cs-ii (srs) (toggle)"", ""cs-ii (srs) mono"", ""cs-ii cinema (cs 5.1 cinema)"", ""cs-ii music (cs 5.1 music)"", ""hall"", ""stadium"", ""matrix"", ""movie"", ""virtual"", ""decoder mode"", ""dsp mode"", ""source(pure) direct (toggle)"", ""pure direct (toggle)"", ""direct mode"", ""pure direct"", ""all zone stereo on/off"", ""all zone stereo on"", ""all zone stereo off"", ""night (toggle)"", ""re-eq (toggle)"", ""cinema eq (ht-eq)(toggle)"", ""loudness management on/off(toggle)"", ""m-dax"", ""m-dax off"", ""m-dax high"", ""m-dax low"", ""m-dax mid"", ""bass sync up"", ""bass sync down"", ""tone control on/off (toggle)"", ""tone control off"", ""tone control on"", ""bass +"", ""bass -"", ""treble +"", ""treble -"", ""test tone"", ""volume reset"", ""ch. select"", ""ch. level +"", ""ch. level -"", ""balance right"", ""balance left"", ""front l (a-trim) + (up)"", ""front l (a-trim) - (down)"", ""front r (b-trim) + (up)"", ""front r (b-trim) - (down)"", ""surround l + (up)"", ""surround l - (down)"", ""surround r + (up)"", ""surround r - (down)"", ""surround back l + (up)"", ""surround back l - (down)"", ""surround back r + (up)"", ""surround back r - (down)"", ""front wide l + (up)"", ""front wide l - (down)"", ""front wide r + (up)"", ""front wide r - (down)"", ""front height l + (up)"", ""front height l - (down)"", ""front height r + (up)"", ""front height r - (down)"", ""center + (up)"", ""center - (down)"", ""subwoofer + (up)"", ""subwoofer - (down)"", ""subwoofer 2 + (up)"", ""subwoofer 2 - (down)"", ""top front l + (up)"", ""top front l - (down)"", ""top front r + (up)"", ""top front r - (down)"", ""top middle l + (up)"", ""top middle l - (down)"", ""top middle r + (up)"", ""top middle r - (down)"", ""top rear l + (up)"", ""top rear l - (down)"", ""top rear r + (up)"", ""top rear r - (down)"", ""rear height l + (up)"", ""rear height l - (down)"", ""rear height r + (up)"", ""rear height r - (down)"", ""front dolby l + (up)"", ""front dolby l - (down)"", ""front dolby r + (up)"", ""front dolby r - (down)"", ""surround dolby l + (up)"", ""surround dolby l - (down)"", ""surround dolby r + (up)"", ""surround dolby r - (down)"", ""back dolby l + (up)"", ""back dolby l - (down)"", ""back dolby r + (up)"", ""back dolby r - (down)"", ""audyssey multeq: off"", ""audyssey multeq mode (toggle)"", ""audyssey multeq mode: up"", ""audyssey multeq mode: down"", ""audyssey multeq: mode-1"", ""audyssey multeq: mode-3"", ""audyssey multeq: mode-4"", ""audyssey multeq: mode-5"", ""audyssey dynamic eq/vol"", ""audyssey dynamic eq mode"", ""audyssey dynamic eq mode off"", ""audyssey dynamic eq mode on"", ""audyssey dynamic volume mode"", ""audyssey dynamic volume mode off"", ""audyssey dynamic volume mode l"", ""audyssey dynamic volume mode m"", ""audyssey dynamic volume mode h"", ""audyssey dynamic eq offset"", ""audyssey dynamic eq offset off"", ""audyssey dynamic eq offset -5db"", ""audyssey dynamic eq offset -10db"", ""audyssey dynamic eq offset -15db"", ""audyssey lfc on/off"", ""audyssey lfc on"", ""audyssey lfc off"", ""audyssey dsx on/off"", ""audyssey dsx off"", ""audyssey dsx on(height)"", ""audyssey dsx on(wide)"", ""audyssey dsx on(wide/height)"", ""graphic eq on/off"", ""graphic eq on"", ""graphic eq off"", ""eco mode"", ""eco mode on"", ""eco mode off"", ""eco mode auto"", ""sleep"", ""sleep off"", ""dc trgger-1 on"", ""dc trgger-1 off"", ""dc-trgger-2 on"", ""dc-trgger-2 off"", ""dc trgger-3 on"", ""dc trgger-3 off"", ""dc-trgger-4 on"", ""dc-trgger-4 off"", ""band"", ""band 2"", ""fm"", ""am"", ""display mode"", ""t-mode"", ""memo (memory)"", ""clear"", ""freq. direct"", ""freq.(tuning) up +"", ""freq.(tuning) down -"", ""preset up +"", ""preset down -"", ""preset scan"", ""preset info"", ""preset direct 1"", ""preset direct 2"", ""preset direct 5"", ""preset direct 25"", ""0 (preset 0)"", ""1 (preset 1)"", ""2 (preset 2)"", ""3 (preset 3)"", ""4 (preset 4)"", ""5 (preset 5)"", ""6 (preset 6)"", ""7 (preset 7)"", ""8 (preset 8)"", ""9 (preset 9)"", ""preset shift"", ""shift a"", ""shift b"", ""shift c"", ""shift d"", ""shift e"", ""shift f"", ""shift g"", ""cursor up"", ""cursor down"", ""cursor left"", ""cursor right"", ""cursor enter"", ""return"", ""hd-radio seek up"", ""hd-radio seek down"", ""pty (for europe model)"", ""rt (for europe model)"", ""rds/search"", ""ipod mode select (toggle)"", ""cursor up"", ""cursor down"", ""back"", ""cursor left"", ""cursor right"", ""enter"", ""return"", ""page search/character search"", ""page previous"", ""page next"", ""top"", ""info."", ""play/pause"", ""play"", ""ipod play"", ""pause"", ""stop"", ""next"", ""previous"", ""rew (toggle)"", ""rew 1 (x2 speed)"", ""rew 2 (x4 speed)"", ""rew 3 (x8 speed)"", ""ff (toggle)"", ""ff 1 (x2 speed)"", ""ff 2 (x4 speed)"", ""ff 3 (x8 speed)"", ""random(toggle)"", ""random off"", ""random on(songs)"", ""random (album)"", ""repeat(toggle)"", ""repeat off"", ""repeat one"", ""repeat all"", ""repeat folder"", ""screen saver on/off (toggle)"", ""shift"", ""memory"", ""preset ch up"", ""preset ch down"", ""preset 1"", ""preset 2"", ""preset 3"", ""preset 4"", ""preset 5"", ""preset 6"", ""preset 7"", ""preset 8"", ""[network(digital media player)] 0"", ""[network(digital media player)] 1"", ""[network(digital media player)] 2"", ""[network(digital media player)] 3"", ""[network(digital media player)] 4"", ""[network(digital media player)] 5"", ""[network(digital media player)] 6"", ""[network(digital media player)] 7"", ""[network(digital media player)] 8"", ""[network(digital media player)] 9"", ""shift a"", ""shift b"", ""shift c"", ""shift d"", ""shift e"", ""shift f"", ""shift g"", ""network(dmp): information"", ""network(dmp): random (toggle)"", ""network(dmp): random off"", ""network(dmp): random on"", ""network(dmp): repeat (toggle)"", ""network(dmp): repeat off"", ""network(dmp): repeat 1"", ""network(dmp): repeat all"", ""usb: repeat folder"", ""shift"", ""preset ch up"", ""preset ch down"", ""internet radio preset 1/favorite station 1"", ""internet radio preset 2/favorite station 2"", ""internet radio preset 3/favorite station 3"", ""internet radio preset 4/favorite station 4"", ""network(dmp)/usb: next"", ""network(dmp)/usb: previous"", ""network(dmp)/usb: pause"", ""network(dmp)/usb: rew"", ""network(dmp)/usb: ff"", ""network(dmp): play(/pause)"", ""one touch play"", ""ipod play"", ""party mode (toggle)"", ""internet radio - recent played station"", ""favorite direct play"", ""network(dmp): stop"", ""jpeg skip + (next)"", ""jpeg skip - (previous)"", ""memory"", ""network(dmp): cursor up"", ""network(dmp): cursor down"", ""network(dmp): cursor left"", ""network(dmp): cursor right"", ""network(dmp): enter"", ""network(dmp): page next"", ""network(dmp): page previous"", ""network(dmp): back"", ""network(dmp): return"", ""network(dmp):home""]","[""RC5""]","[""00 00 00 00"", ""05 00 00 00"", ""06 00 00 00"", ""10 00 00 00"", ""11 00 00 00"", ""14 00 00 00"", ""15 00 00 00""]",device_family,0.58,"[""modelo/família identificável com conjunto amplo""]","[""modelo de baixa confiança foi tratado como evidência estrutural"", ""muitos nomes compartilham a mesma intenção"", ""nomes de comandos reais não chegaram ao classificador"", ""protocolos reais não chegaram ao classificador"", ""sequência numerada pode indicar codeset ou bruteforce""]","[""50 maiores diversidades de endereços"", ""50 maiores quantidades de comandos"", ""50 maiores repetições de nomes""]"
5c214a390e2af815,_Converted_/Power_off.ir,Power_off.ir,_Converted_,Unknown,,3870,"[""POWER"", ""POWER"", ""POWER"", ""POWER"", ""POWER"", ""POWER"", ""POWER"", ""POWER"", ""POWER"", ""POWER"", ""POWER"", ""POWER"", ""POWER"", ""POWER"", ""POWER"", ""POWER"", ""POWER"", ""POWER"", ""POWER"", ""POWER"", ""POWER"", ""POWER"", ""POWER"", ""POWER"", ""POWER"", ""POWER"", ""POWER"", ""POWER"", ""POWER"", ""POWER"", ""POWER"", ""POWER"", ""POWER"", ""POWER"", ""POWER"", ""POWER"", ""POWER"", ""POWER"", ""POWER"", ""POWER"", ""POWER"", ""POWER"", ""POWER"", ""POWER"", ""POWER"", ""POWER"", ""POWER"", ""POWER"", ""POWER"", ""POWER"", ""POWER"", ""POWER"", ""POWER"", ""POWER"", ""POWER"", ""POWER"", ""POWER"", ""POWER"", ""POWER"", ""POWER"", ""POWER"", ""POWER"", ""POWER"", ""POWER"", ""POWER"", ""POWER"", ""POWER"", ""POWER"", ""POWER"", ""POWER"", ""POWER"", ""POWER"", ""POWER"", ""POWER"", ""POWER"", ""POWER"", ""POWER"", ""POWER"", ""POWER"", ""POWER"", ""POWER"", ""POWER"", ""POWER"", ""POWER"", ""POWER"", ""POWER"", ""POWER"", ""POWER"", ""POWER"", ""POWER"", ""POWER"", ""POWER"", ""POWER"", ""POWER"", ""POWER"", ""POWER"", ""POWER"", ""POWER"", ""POWER"", ""POWER"", ""POWER"", ""POWER"", ""POWER"", ""POWER"", ""POWER"", ""POWER"", ""POWER"", ""POWER"", ""POWER"", ""POWER"", ""POWER"", ""POWER"", ""POWER"", ""POWER"", ""POWER"", ""POWER"", ""POWER"", ""POWER"", ""POWER"", ""POWER"", ""POWER"", ""POWER"", ""POWER"", ""POWER"", ""POWER"", ""POWER"", ""POWER"", ""POWER"", ""POWER"", ""POWER"", ""POWER"", ""POWER"", ""POWER"", ""POWER"", ""POWER"", ""POWER"", ""POWER"", ""POWER"", ""POWER"", ""POWER"", ""POWER"", ""POWER"", ""POWER"", ""POWER"", ""POWER"", ""POWER"", ""POWER"", ""POWER"", ""POWER"", ""POWER"", ""POWER"", ""POWER"", ""POWER"", ""POWER"", ""POWER"", ""POWER"", ""POWER"", ""POWER"", ""POWER"", ""POWER"", ""POWER"", ""POWER"", ""POWER"", ""POWER"", ""POWER"", ""POWER"", ""POWER"", ""POWER"", ""POWER"", ""POWER"", ""POWER"", ""POWER"", ""POWER"", ""POWER"", ""POWER"", ""POWER"", ""POWER"", ""POWER"", ""POWER"", ""POWER"", ""POWER"", ""POWER"", ""POWER"", ""POWER"", ""POWER"", ""POWER"", ""POWER"", ""POWER"", ""POWER"", ""POWER"", ""POWER"", ""POWER"", ""POWER"", ""POWER"", ""POWER"", ""POWER"", ""POWER"", ""POWER"", ""POWER"", ""POWER"", ""POWER"", ""POWER"", ""POWER"", ""POWER"", ""POWER"", ""POWER"", ""POWER"", ""POWER"", ""POWER"", ""POWER"", ""POWER"", ""POWER"", ""POWER"", ""POWER"", ""POWER"", ""POWER"", ""POWER"", ""POWER"", ""POWER"", ""POWER"", ""POWER"", ""POWER"", ""POWER"", ""POWER"", ""POWER"", ""POWER"", ""POWER"", ""POWER"", ""POWER"", ""POWER"", ""POWER"", ""POWER"", ""POWER"", ""POWER"", ""POWER"", ""POWER"", ""POWER"", ""POWER"", ""POWER"", ""POWER"", ""POWER"", ""POWER"", ""POWER"", ""POWER"", ""POWER"", ""POWER"", ""POWER"", ""POWER"", ""POWER"", ""POWER"", ""POWER"", ""POWER"", ""POWER"", ""POWER"", ""POWER"", ""POWER"", ""POWER"", ""POWER"", ""POWER"", ""POWER"", ""POWER"", ""POWER"", ""POWER"", ""POWER"", ""POWER"", ""POWER"", ""POWER"", ""POWER"", ""POWER"", ""POWER"", ""POWER"", ""POWER"", ""POWER"", ""POWER"", ""POWER"", ""POWER"", ""POWER"", ""POWER"", ""POWER"", ""POWER"", ""POWER"", ""POWER"", ""POWER"", ""POWER"", ""POWER"", ""POWER"", ""POWER"", ""POWER"", ""POWER"", ""POWER"", ""POWER"", ""POWER"", ""POWER"", ""POWER"", ""POWER"", ""POWER"", ""POWER"", ""POWER"", ""POWER"", ""POWER"", ""POWER"", ""POWER"", ""POWER"", ""POWER"", ""POWER"", ""POWER"", ""POWER"", ""POWER"", ""POWER"", ""POWER"", ""POWER"", ""POWER"", ""POWER"", ""POWER"", ""POWER"", ""POWER"", ""POWER"", ""POWER"", ""POWER"", ""POWER"", ""POWER"", ""POWER"", ""POWER"", ""POWER"", ""POWER"", ""POWER"", ""POWER"", ""POWER"", ""POWER"", ""POWER"", ""POWER"", ""POWER"", ""POWER"", ""POWER"", ""POWER"", ""POWER"", ""POWER"", ""POWER"", ""POWER"", ""POWER"", ""POWER"", ""POWER"", ""POWER"", ""POWER"", ""POWER"", ""POWER"", ""POWER"", ""POWER"", ""POWER"", ""POWER"", ""POWER"", ""POWER"", ""POWER"", ""POWER"", ""POWER"", ""POWER"", ""POWER"", ""POWER"", ""POWER"", ""POWER"", ""POWER"", ""POWER"", ""POWER"", ""POWER"", ""POWER"", ""POWER"", ""POWER"", ""POWER"", ""POWER"", ""POWER"", ""POWER"", ""POWER"", ""POWER"", ""POWER"", ""POWER"", ""POWER"", ""POWER"", ""POWER"", ""POWER"", ""POWER"", ""POWER"", ""POWER"", ""POWER"", ""POWER"", ""POWER"", ""POWER"", ""POWER"", ""POWER"", ""POWER"", ""POWER"", ""POWER"", ""POWER"", ""POWER"", ""POWER"", ""POWER"", ""POWER"", ""POWER"", ""POWER"", ""POWER"", ""POWER"", ""POWER"", ""POWER"", ""POWER"", ""POWER"", ""POWER"", ""POWER"", ""POWER"", ""POWER"", ""POWER"", ""POWER"", ""POWER"", ""POWER"", ""POWER"", ""POWER"", ""POWER"", ""POWER"", ""POWER"", ""POWER"", ""POWER"", ""POWER"", ""POWER"", ""POWER"", ""POWER"", ""POWER"", ""POWER"", ""POWER"", ""POWER"", ""POWER"", ""POWER"", ""POWER"", ""POWER"", ""POWER"", ""POWER"", ""POWER"", ""POWER"", ""POWER"", ""POWER"", ""POWER"", ""POWER"", ""POWER"", ""POWER"", ""POWER"", ""POWER"", ""POWER"", ""POWER"", ""POWER"", ""POWER"", ""POWER"", ""POWER"", ""POWER"", ""POWER"", ""POWER"", ""POWER"", ""POWER"", ""POWER"", ""POWER"", ""POWER"", ""POWER"", ""POWER"", ""POWER"", ""POWER"", ""POWER"", ""POWER"", ""POWER"", ""POWER"", ""POWER"", ""POWER"", ""POWER"", ""POWER"", ""POWER"", ""POWER"", ""POWER"", ""POWER"", ""POWER"", ""POWER"", ""POWER"", ""POWER"", ""POWER"", ""POWER"", ""POWER"", ""POWER"", ""POWER"", ""POWER"", ""POWER"", ""POWER"", ""POWER"", ""POWER"", ""POWER"", ""POWER"", ""POWER"", ""POWER"", ""POWER"", ""POWER"", ""POWER"", ""POWER"", ""POWER"", ""POWER"", ""POWER"", ""POWER"", ""POWER"", ""POWER"", ""POWER"", ""POWER"", ""POWER"", ""POWER"", ""POWER"", ""POWER"", ""POWER"", ""POWER"", ""POWER"", ""POWER"", ""POWER"", ""POWER"", ""POWER"", ""POWER"", ""POWER"", ""POWER"", ""POWER"", ""POWER"", ""POWER"", ""POWER"", ""POWER"", ""POWER"", ""POWER"", ""POWER"", ""POWER"", ""POWER"", ""POWER"", ""POWER"", ""POWER"", ""POWER"", ""POWER"", ""POWER"", ""POWER"", ""POWER"", ""POWER"", ""POWER"", ""POWER"", ""POWER"", ""POWER"", ""POWER"", ""POWER"", ""POWER"", ""POWER"", ""POWER"", ""POWER"", ""POWER"", ""POWER"", ""POWER"", ""POWER"", ""POWER"", ""POWER"", ""POWER"", ""POWER"", ""POWER"", ""POWER"", ""POWER"", ""POWER"", ""POWER"", ""POWER"", ""POWER"", ""POWER"", ""POWER"", ""POWER"", ""POWER"", ""POWER"", ""POWER"", ""POWER"", ""POWER"", ""POWER"", ""POWER"", ""POWER"", ""POWER"", ""POWER"", ""POWER"", ""POWER"", ""POWER"", ""POWER"", ""POWER"", ""POWER"", ""POWER"", ""POWER"", ""POWER"", ""POWER"", ""POWER"", ""POWER"", ""POWER"", ""POWER"", ""POWER"", ""POWER"", ""POWER"", ""POWER"", ""POWER"", ""POWER"", ""POWER"", ""POWER"", ""POWER"", ""POWER"", ""POWER"", ""POWER"", ""POWER"", ""POWER"", ""POWER"", ""POWER"", ""POWER"", ""POWER"", ""POWER"", ""POWER"", ""POWER"", ""POWER"", ""POWER"", ""POWER"", ""POWER"", ""POWER"", ""POWER"", ""POWER"", ""POWER"", ""POWER"", ""POWER"", ""POWER"", ""POWER"", ""POWER"", ""POWER"", ""POWER"", ""POWER"", ""POWER"", ""POWER"", ""POWER"", ""POWER"", ""POWER"", ""POWER"", ""POWER"", ""POWER"", ""POWER"", ""POWER"", ""POWER"", ""POWER"", ""POWER"", ""POWER"", ""POWER"", ""POWER"", ""POWER"", ""POWER"", ""POWER"", ""POWER"", ""POWER"", ""POWER"", ""POWER"", ""POWER"", ""POWER"", ""POWER"", ""POWER"", ""POWER"", ""POWER"", ""POWER"", ""POWER"", ""POWER"", ""POWER"", ""POWER"", ""POWER"", ""POWER"", ""POWER"", ""POWER"", ""POWER"", ""POWER"", ""POWER"", ""POWER"", ""POWER"", ""POWER"", ""POWER"", ""POWER"", ""POWER"", ""POWER"", ""POWER"", ""POWER"", ""POWER"", ""POWER"", ""POWER"", ""POWER"", ""POWER"", ""POWER"", ""POWER"", ""POWER"", ""POWER"", ""POWER"", ""POWER"", ""POWER"", ""POWER"", ""POWER"", ""POWER"", ""POWER"", ""POWER"", ""POWER"", ""POWER"", ""POWER"", ""POWER"", ""POWER"", ""POWER"", ""POWER"", ""POWER"", ""POWER"", ""POWER"", ""POWER"", ""POWER"", ""POWER"", ""POWER"", ""POWER"", ""POWER"", ""POWER"", ""POWER"", ""POWER"", ""POWER"", ""POWER"", ""POWER"", ""POWER"", ""POWER"", ""POWER"", ""POWER"", ""POWER"", ""POWER"", ""POWER"", ""POWER"", ""POWER"", ""POWER"", ""POWER"", ""POWER"", ""POWER"", ""POWER"", ""POWER"", ""POWER"", ""POWER"", ""POWER"", ""POWER"", ""POWER"", ""POWER"", ""POWER"", ""POWER"", ""POWER"", ""POWER"", ""POWER"", ""POWER"", ""POWER"", ""POWER"", ""POWER"", ""POWER"", ""POWER"", ""POWER"", ""POWER"", ""POWER"", ""POWER"", ""POWER"", ""POWER"", ""POWER"", ""POWER"", ""POWER"", ""POWER"", ""POWER"", ""POWER"", ""POWER"", ""POWER"", ""POWER"", ""POWER"", ""POWER"", ""POWER"", ""POWER"", ""POWER"", ""POWER"", ""POWER"", ""POWER"", ""POWER"", ""POWER"", ""POWER"", ""POWER"", ""POWER"", ""POWER"", ""POWER"", ""POWER"", ""POWER"", ""POWER"", ""POWER"", ""POWER"", ""POWER"", ""POWER"", ""POWER"", ""POWER"", ""POWER"", ""POWER"", ""POWER"", ""POWER"", ""POWER"", ""POWER"", ""POWER"", ""POWER"", ""POWER"", ""POWER"", ""POWER"", ""POWER"", ""POWER"", ""POWER"", ""POWER"", ""POWER"", ""POWER"", ""POWER"", ""POWER"", ""POWER"", ""POWER"", ""POWER"", ""POWER"", ""POWER"", ""POWER"", ""POWER"", ""POWER"", ""POWER"", ""POWER"", ""POWER"", ""POWER"", ""POWER"", ""POWER"", ""POWER"", ""POWER"", ""POWER"", ""POWER"", ""POWER"", ""POWER"", ""POWER"", ""POWER"", ""POWER"", ""POWER"", ""POWER"", ""POWER"", ""POWER"", ""POWER"", ""POWER"", ""POWER"", ""POWER"", ""POWER"", ""POWER"", ""POWER"", ""POWER"", ""POWER"", ""POWER"", ""POWER"", ""POWER"", ""POWER"", ""POWER"", ""POWER"", ""POWER"", ""POWER"", ""POWER"", ""POWER"", ""POWER"", ""POWER"", ""POWER"", ""POWER"", ""POWER"", ""POWER"", ""POWER"", ""POWER"", ""POWER"", ""POWER"", ""POWER"", ""POWER"", ""POWER"", ""POWER"", ""POWER"", ""POWER"", ""POWER"", ""POWER"", ""POWER"", ""POWER"", ""POWER"", ""POWER"", ""POWER"", ""POWER"", ""POWER"", ""POWER"", ""POWER"", ""POWER"", ""POWER"", ""POWER"", ""POWER"", ""POWER"", ""POWER"", ""POWER"", ""POWER"", ""POWER"", ""POWER"", ""POWER"", ""POWER"", ""POWER"", ""POWER"", ""POWER"", ""POWER"", ""POWER"", ""POWER"", ""POWER"", ""POWER"", ""POWER"", ""POWER"", ""POWER"", ""POWER"", ""POWER"", ""POWER"", ""POWER"", ""POWER"", ""POWER"", ""POWER"", ""POWER"", ""POWER"", ""POWER"", ""POWER"", ""POWER"", ""POWER"", ""POWER"", ""POWER"", ""POWER"", ""POWER"", ""POWER"", ""POWER"", ""POWER"", ""POWER"", ""POWER"", ""POWER"", ""POWER"", ""POWER"", ""POWER"", ""POWER"", ""POWER"", ""POWER"", ""POWER"", ""POWER"", ""POWER"", ""POWER"", ""POWER"", ""POWER"", ""POWER"", ""POWER"", ""POWER"", ""POWER"", ""POWER"", ""POWER"", ""POWER"", ""POWER"", ""POWER"", ""POWER"", ""POWER"", ""POWER"", ""POWER"", ""POWER"", ""POWER"", ""POWER"", ""POWER"", ""POWER"", ""POWER"", ""POWER"", ""POWER"", ""POWER"", ""POWER"", ""POWER"", ""POWER"", ""POWER"", ""POWER"", ""POWER"", ""POWER"", ""POWER"", ""POWER"", ""POWER"", ""POWER"", ""POWER"", ""POWER"", ""POWER"", ""POWER"", ""POWER"", ""POWER"", ""POWER"", ""POWER"", ""POWER"", ""POWER"", ""POWER"", ""POWER"", ""POWER"", ""POWER"", ""POWER"", ""POWER"", ""POWER"", ""POWER"", ""POWER"", ""POWER"", ""POWER"", ""POWER"", ""POWER"", ""POWER"", ""POWER"", ""POWER"", ""POWER"", ""POWER"", ""POWER"", ""POWER"", ""POWER"", ""POWER"", ""POWER"", ""POWER"", ""POWER"", ""POWER"", ""POWER"", ""POWER"", ""POWER"", ""POWER"", ""POWER"", ""POWER"", ""POWER"", ""POWER"", ""POWER"", ""POWER"", ""POWER"", ""POWER"", ""POWER"", ""POWER"", ""POWER"", ""POWER"", ""POWER"", ""POWER"", ""POWER"", ""POWER"", ""POWER"", ""POWER"", ""POWER"", ""POWER"", ""POWER"", ""POWER"", ""POWER"", ""POWER"", ""POWER"", ""POWER"", ""POWER"", ""POWER"", ""POWER"", ""POWER"", ""POWER"", ""POWER"", ""POWER"", ""POWER"", ""POWER"", ""POWER"", ""POWER"", ""POWER"", ""POWER"", ""POWER"", ""POWER"", ""POWER"", ""POWER"", ""POWER"", ""POWER"", ""POWER"", ""POWER"", ""POWER"", ""POWER"", ""POWER"", ""POWER"", ""POWER"", ""POWER"", ""POWER"", ""POWER"", ""POWER"", ""POWER"", ""POWER"", ""POWER"", ""POWER"", ""POWER"", ""POWER"", ""POWER"", ""POWER"", ""POWER"", ""POWER"", ""POWER"", ""POWER"", ""POWER"", ""POWER"", ""POWER"", ""POWER"", ""POWER"", ""POWER"", ""POWER"", ""POWER"", ""POWER"", ""POWER"", ""POWER"", ""POWER"", ""POWER"", ""POWER"", ""POWER"", ""POWER"", ""POWER"", ""POWER"", ""POWER"", ""POWER"", ""POWER"", ""POWER"", ""POWER"", ""POWER"", ""POWER"", ""POWER"", ""POWER"", ""POWER"", ""POWER"", ""POWER"", ""POWER"", ""POWER"", ""POWER"", ""POWER"", ""POWER"", ""POWER"", ""POWER"", ""POWER"", ""POWER"", ""POWER"", ""POWER"", ""POWER"", ""POWER"", ""POWER"", ""POWER"", ""POWER"", ""POWER"", ""POWER"", ""POWER"", ""POWER"", ""POWER"", ""POWER"", ""POWER"", ""POWER"", ""POWER"", ""POWER"", ""POWER"", ""POWER"", ""POWER"", ""POWER"", ""POWER"", ""POWER"", ""POWER"", ""POWER"", ""POWER"", ""POWER"", ""POWER"", ""POWER"", ""POWER"", ""POWER"", ""POWER"", ""POWER"", ""POWER"", ""POWER"", ""POWER"", ""POWER"", ""POWER"", ""POWER"", ""POWER"", ""POWER"", ""POWER"", ""POWER"", ""POWER"", ""POWER"", ""POWER"", ""POWER"", ""POWER"", ""POWER"", ""POWER"", ""POWER"", ""POWER"", ""POWER"", ""POWER"", ""POWER"", ""POWER"", ""POWER"", ""POWER"", ""POWER"", ""POWER"", ""POWER"", ""POWER"", ""POWER"", ""POWER"", ""POWER"", ""POWER"", ""POWER"", ""POWER"", ""POWER"", ""POWER"", ""POWER"", ""POWER"", ""POWER"", ""POWER"", ""POWER"", ""POWER"", ""POWER"", ""POWER"", ""POWER"", ""POWER"", ""POWER"", ""POWER"", ""POWER"", ""POWER"", ""POWER"", ""POWER"", ""POWER"", ""POWER"", ""POWER"", ""POWER"", ""POWER"", ""POWER"", ""POWER"", ""POWER"", ""POWER"", ""POWER"", ""POWER"", ""POWER"", ""POWER"", ""POWER"", ""POWER"", ""POWER"", ""POWER"", ""POWER"", ""POWER"", ""POWER"", ""POWER"", ""POWER"", ""POWER"", ""POWER"", ""POWER"", ""POWER"", ""POWER"", ""POWER"", ""POWER"", ""POWER"", ""POWER"", ""POWER"", ""POWER"", ""POWER"", ""POWER"", ""POWER"", ""POWER"", ""POWER"", ""POWER"", ""POWER"", ""POWER"", ""POWER"", ""POWER"", ""POWER"", ""POWER"", ""POWER"", ""POWER"", ""POWER"", ""POWER"", ""POWER"", ""POWER"", ""POWER"", ""POWER"", ""POWER"", ""POWER"", ""POWER"", ""POWER"", ""POWER"", ""POWER"", ""POWER"", ""POWER"", ""POWER"", ""POWER"", ""POWER"", ""POWER"", ""POWER"", ""POWER"", ""POWER"", ""POWER"", ""POWER"", ""POWER"", ""POWER"", ""POWER"", ""POWER"", ""POWER"", ""POWER"", ""POWER"", ""POWER"", ""POWER"", ""POWER"", ""POWER"", ""POWER"", ""POWER"", ""POWER"", ""POWER"", ""POWER"", ""POWER"", ""POWER"", ""POWER"", ""POWER"", ""POWER"", ""POWER"", ""POWER"", ""POWER"", ""POWER"", ""POWER"", ""POWER"", ""POWER"", ""POWER"", ""POWER"", ""POWER"", ""POWER"", ""POWER"", ""POWER"", ""POWER"", ""POWER"", ""POWER"", ""POWER"", ""POWER"", ""POWER"", ""POWER"", ""POWER"", ""POWER"", ""POWER"", ""POWER"", ""POWER"", ""POWER"", ""POWER"", ""POWER"", ""POWER"", ""POWER"", ""POWER"", ""POWER"", ""POWER"", ""POWER"", ""POWER"", ""POWER"", ""POWER"", ""POWER"", ""POWER"", ""POWER"", ""POWER"", ""POWER"", ""POWER"", ""POWER"", ""POWER"", ""POWER"", ""POWER"", ""POWER"", ""POWER"", ""POWER"", ""POWER"", ""POWER"", ""POWER"", ""POWER"", ""POWER"", ""POWER"", ""POWER"", ""POWER"", ""POWER"", ""POWER"", ""POWER"", ""POWER"", ""POWER"", ""POWER"", ""POWER"", ""POWER"", ""POWER"", ""POWER"", ""POWER"", ""POWER"", ""POWER"", ""POWER"", ""POWER"", ""POWER"", ""POWER"", ""POWER"", ""POWER"", ""POWER"", ""POWER"", ""POWER"", ""POWER"", ""POWER"", ""POWER"", ""POWER"", ""POWER"", ""POWER"", ""POWER"", ""POWER"", ""POWER"", ""POWER"", ""POWER"", ""POWER"", ""POWER"", ""POWER"", ""POWER"", ""POWER"", ""POWER"", ""POWER"", ""POWER"", ""POWER"", ""POWER"", ""POWER"", ""POWER"", ""POWER"", ""POWER"", ""POWER"", ""POWER"", ""POWER"", ""POWER"", ""POWER"", ""POWER"", ""POWER"", ""POWER"", ""POWER"", ""POWER"", ""POWER"", ""POWER"", ""POWER"", ""POWER"", ""POWER"", ""POWER"", ""POWER"", ""POWER"", ""POWER"", ""POWER"", ""POWER"", ""POWER"", ""POWER"", ""POWER"", ""POWER"", ""POWER"", ""POWER"", ""POWER"", ""POWER"", ""POWER"", ""POWER"", ""POWER"", ""POWER"", ""POWER"", ""POWER"", ""POWER"", ""POWER"", ""POWER"", ""POWER"", ""POWER"", ""POWER"", ""POWER"", ""POWER"", ""POWER"", ""POWER"", ""POWER"", ""POWER"", ""POWER"", ""POWER"", ""POWER"", ""POWER"", ""POWER"", ""POWER"", ""POWER"", ""POWER"", ""POWER"", ""POWER"", ""POWER"", ""POWER"", ""POWER"", ""POWER"", ""POWER"", ""POWER"", ""POWER"", ""POWER"", ""POWER"", ""POWER"", ""POWER"", ""POWER"", ""POWER"", ""POWER"", ""POWER"", ""POWER"", ""POWER"", ""POWER"", ""POWER"", ""POWER"", ""POWER"", ""POWER"", ""POWER"", ""POWER"", ""POWER"", ""POWER"", ""POWER"", ""POWER"", ""POWER"", ""POWER"", ""POWER"", ""POWER"", ""POWER"", ""POWER"", ""POWER"", ""POWER"", ""POWER"", ""POWER"", ""POWER"", ""POWER"", ""POWER"", ""POWER"", ""POWER"", ""POWER"", ""POWER"", ""POWER"", ""POWER"", ""POWER"", ""POWER"", ""POWER"", ""POWER"", ""POWER"", ""POWER"", ""POWER"", ""POWER"", ""POWER"", ""POWER"", ""POWER"", ""POWER"", ""POWER"", ""POWER"", ""POWER"", ""POWER"", ""POWER"", ""POWER"", ""POWER"", ""POWER"", ""POWER"", ""POWER"", ""POWER"", ""POWER"", ""POWER"", ""POWER"", ""POWER"", ""POWER"", ""POWER"", ""POWER"", ""POWER"", ""POWER"", ""POWER"", ""POWER"", ""POWER"", ""POWER"", ""POWER"", ""POWER"", ""POWER"", ""POWER"", ""POWER"", ""POWER"", ""POWER"", ""POWER"", ""POWER"", ""POWER"", ""POWER"", ""POWER"", ""POWER"", ""POWER"", ""POWER"", ""POWER"", ""POWER"", ""POWER"", ""POWER"", ""POWER"", ""POWER"", ""POWER"", ""POWER"", ""POWER"", ""POWER"", ""POWER"", ""POWER"", ""POWER"", ""POWER"", ""POWER"", ""POWER"", ""POWER"", ""POWER"", ""POWER"", ""POWER"", ""POWER"", ""POWER"", ""POWER"", ""POWER"", ""POWER"", ""POWER"", ""POWER"", ""POWER"", ""POWER"", ""POWER"", ""POWER"", ""POWER"", ""POWER"", ""POWER"", ""POWER"", ""POWER"", ""POWER"", ""POWER"", ""POWER"", ""POWER"", ""POWER"", ""POWER"", ""POWER"", ""POWER"", ""POWER"", ""POWER"", ""POWER"", ""POWER"", ""POWER"", ""POWER"", ""POWER"", ""POWER"", ""POWER"", ""POWER"", ""POWER"", ""POWER"", ""POWER"", ""POWER"", ""POWER"", ""POWER"", ""POWER"", ""POWER"", ""POWER"", ""POWER"", ""POWER"", ""POWER"", ""POWER"", ""POWER"", ""POWER"", ""POWER"", ""POWER"", ""POWER"", ""POWER"", ""POWER"", ""POWER"", ""POWER"", ""POWER"", ""POWER"", ""POWER"", ""POWER"", ""POWER"", ""POWER"", ""POWER"", ""POWER"", ""POWER"", ""POWER"", ""POWER"", ""POWER"", ""POWER"", ""POWER"", ""POWER"", ""POWER"", ""POWER"", ""POWER"", ""POWER"", ""POWER"", ""POWER"", ""POWER"", ""POWER"", ""POWER"", ""POWER"", ""POWER"", ""POWER"", ""POWER"", ""POWER"", ""POWER"", ""POWER"", ""POWER"", ""POWER"", ""POWER"", ""POWER"", ""POWER"", ""POWER"", ""POWER"", ""POWER"", ""POWER"", ""POWER"", ""POWER"", ""POWER"", ""POWER"", ""POWER"", ""POWER"", ""POWER"", ""POWER"", ""POWER"", ""POWER"", ""POWER"", ""POWER"", ""POWER"", ""POWER"", ""POWER"", ""POWER"", ""POWER"", ""POWER"", ""POWER"", ""POWER"", ""POWER"", ""POWER"", ""POWER"", ""POWER"", ""POWER"", ""POWER"", ""POWER"", ""POWER"", ""POWER"", ""POWER"", ""POWER"", ""POWER"", ""POWER"", ""POWER"", ""POWER"", ""POWER"", ""POWER"", ""POWER"", ""POWER"", ""POWER"", ""POWER"", ""POWER"", ""POWER"", ""POWER"", ""POWER"", ""POWER"", ""POWER"", ""POWER"", ""POWER"", ""POWER"", ""POWER"", ""POWER"", ""POWER"", ""POWER"", ""POWER"", ""POWER"", ""POWER"", ""POWER"", ""POWER"", ""POWER"", ""POWER"", ""POWER"", ""POWER"", ""POWER"", ""POWER"", ""POWER"", ""POWER"", ""POWER"", ""POWER"", ""POWER"", ""POWER"", ""POWER"", ""POWER"", ""POWER"", ""POWER"", ""POWER"", ""POWER"", ""POWER"", ""POWER"", ""POWER"", ""POWER"", ""POWER"", ""POWER"", ""POWER"", ""POWER"", ""POWER"", ""POWER"", ""POWER"", ""POWER"", ""POWER"", ""POWER"", ""POWER"", ""POWER"", ""POWER"", ""POWER"", ""POWER"", ""POWER"", ""POWER"", ""POWER"", ""POWER"", ""POWER"", ""POWER"", ""POWER"", ""POWER"", ""POWER"", ""POWER"", ""POWER"", ""POWER"", ""POWER"", ""POWER"", ""POWER"", ""POWER"", ""POWER"", ""POWER"", ""POWER"", ""POWER"", ""POWER"", ""POWER"", ""POWER"", ""POWER"", ""POWER"", ""POWER"", ""POWER"", ""POWER"", ""POWER"", ""POWER"", ""POWER"", ""POWER"", ""POWER"", ""POWER"", ""POWER"", ""POWER"", ""POWER"", ""POWER"", ""POWER"", ""POWER"", ""POWER"", ""POWER"", ""POWER"", ""POWER"", ""POWER"", ""POWER"", ""POWER"", ""POWER"", ""POWER"", ""POWER"", ""POWER"", ""POWER"", ""POWER"", ""POWER"", ""POWER"", ""POWER"", ""POWER"", ""POWER"", ""POWER"", ""POWER"", ""POWER"", ""POWER"", ""POWER"", ""POWER"", ""POWER"", ""POWER"", ""POWER"", ""POWER"", ""POWER"", ""POWER"", ""POWER"", ""POWER"", ""POWER"", ""POWER"", ""POWER"", ""POWER"", ""POWER"", ""POWER"", ""POWER"", ""POWER"", ""POWER"", ""POWER"", ""POWER"", ""POWER"", ""POWER"", ""POWER"", ""POWER"", ""POWER"", ""POWER"", ""POWER"", ""POWER"", ""POWER"", ""POWER"", ""POWER"", ""POWER"", ""POWER"", ""POWER"", ""POWER"", ""POWER"", ""POWER"", ""POWER"", ""POWER"", ""POWER"", ""POWER"", ""POWER"", ""POWER"", ""POWER"", ""POWER"", ""POWER"", ""POWER"", ""POWER"", ""POWER"", ""POWER"", ""POWER"", ""POWER"", ""POWER"", ""POWER"", ""POWER"", ""POWER"", ""POWER"", ""POWER"", ""POWER"", ""POWER"", ""POWER"", ""POWER"", ""POWER"", ""POWER"", ""POWER"", ""POWER"", ""POWER"", ""POWER"", ""POWER"", ""POWER"", ""POWER"", ""POWER"", ""POWER"", ""POWER"", ""POWER"", ""POWER"", ""POWER"", ""POWER"", ""POWER"", ""POWER"", ""POWER"", ""POWER"", ""POWER"", ""POWER"", ""POWER"", ""POWER"", ""POWER"", ""POWER"", ""POWER"", ""POWER"", ""POWER"", ""POWER"", ""POWER"", ""POWER"", ""POWER"", ""POWER"", ""POWER"", ""POWER"", ""POWER"", ""POWER"", ""POWER"", ""POWER"", ""POWER"", ""POWER"", ""POWER"", ""POWER"", ""POWER"", ""POWER"", ""POWER"", ""POWER"", ""POWER"", ""POWER"", ""POWER"", ""POWER"", ""POWER"", ""POWER"", ""POWER"", ""POWER"", ""POWER"", ""POWER"", ""POWER"", ""POWER"", ""POWER"", ""POWER"", ""POWER"", ""POWER"", ""POWER"", ""POWER"", ""POWER"", ""POWER"", ""POWER"", ""POWER"", ""POWER"", ""POWER"", ""POWER"", ""POWER"", ""POWER"", ""POWER"", ""POWER"", ""POWER"", ""POWER"", ""POWER"", ""POWER"", ""POWER"", ""POWER"", ""POWER"", ""POWER"", ""POWER"", ""POWER"", ""POWER"", ""POWER"", ""POWER"", ""POWER"", ""POWER"", ""POWER"", ""POWER"", ""POWER"", ""POWER"", ""POWER"", ""POWER"", ""POWER"", ""POWER"", ""POWER"", ""POWER"", ""POWER"", ""POWER"", ""POWER"", ""POWER"", ""POWER"", ""POWER"", ""POWER"", ""POWER"", ""POWER"", ""POWER"", ""POWER"", ""POWER"", ""POWER"", ""POWER"", ""POWER"", ""POWER"", ""POWER"", ""POWER"", ""POWER"", ""POWER"", ""POWER"", ""POWER"", ""POWER"", ""POWER"", ""POWER"", ""POWER"", ""POWER"", ""POWER"", ""POWER"", ""POWER"", ""POWER"", ""POWER"", ""POWER"", ""POWER"", ""POWER"", ""POWER"", ""POWER"", ""POWER"", ""POWER"", ""POWER"", ""POWER"", ""POWER"", ""POWER"", ""POWER"", ""POWER"", ""POWER"", ""POWER"", ""POWER"", ""POWER"", ""POWER"", ""POWER"", ""POWER"", ""POWER"", ""POWER"", ""POWER"", ""POWER"", ""POWER"", ""POWER"", ""POWER"", ""POWER"", ""POWER"", ""POWER"", ""POWER"", ""POWER"", ""POWER"", ""POWER"", ""POWER"", ""POWER"", ""POWER"", ""POWER"", ""POWER"", ""POWER"", ""POWER"", ""POWER"", ""POWER"", ""POWER"", ""POWER"", ""POWER"", ""POWER"", ""POWER"", ""POWER"", ""POWER"", ""POWER"", ""POWER"", ""POWER"", ""POWER"", ""POWER"", ""POWER"", ""POWER"", ""POWER"", ""POWER"", ""POWER"", ""POWER"", ""POWER"", ""POWER"", ""POWER"", ""POWER"", ""POWER"", ""POWER"", ""POWER"", ""POWER"", ""POWER"", ""POWER"", ""POWER"", ""POWER"", ""POWER"", ""POWER"", ""POWER"", ""POWER"", ""POWER"", ""POWER"", ""POWER"", ""POWER"", ""POWER"", ""POWER"", ""POWER"", ""POWER"", ""POWER"", ""POWER"", ""POWER"", ""POWER"", ""POWER"", ""POWER"", ""POWER"", ""POWER"", ""POWER"", ""POWER"", ""POWER"", ""POWER"", ""POWER"", ""POWER"", ""POWER"", ""POWER"", ""POWER"", ""POWER"", ""POWER"", ""POWER"", ""POWER"", ""POWER"", ""POWER"", ""POWER"", ""POWER"", ""POWER"", ""POWER"", ""POWER"", ""POWER"", ""POWER"", ""POWER"", ""POWER"", ""POWER"", ""POWER"", ""POWER"", ""POWER"", ""POWER"", ""POWER"", ""POWER"", ""POWER"", ""POWER"", ""POWER"", ""POWER"", ""POWER"", ""POWER"", ""POWER"", ""POWER"", ""POWER"", ""POWER"", ""POWER"", ""POWER"", ""POWER"", ""POWER"", ""POWER"", ""POWER"", ""POWER"", ""POWER"", ""POWER"", ""POWER"", ""POWER"", ""POWER"", ""POWER"", ""POWER"", ""POWER"", ""POWER"", ""POWER"", ""POWER"", ""POWER"", ""POWER"", ""POWER"", ""POWER"", ""POWER"", ""POWER"", ""POWER"", ""POWER"", ""POWER"", ""POWER"", ""POWER"", ""POWER"", ""POWER"", ""POWER"", ""POWER"", ""POWER"", ""POWER"", ""POWER"", ""POWER"", ""POWER"", ""POWER"", ""POWER"", ""POWER"", ""POWER"", ""POWER"", ""POWER"", ""POWER"", ""POWER"", ""POWER"", ""POWER"", ""POWER"", ""POWER"", ""POWER"", ""POWER"", ""POWER"", ""POWER"", ""POWER"", ""POWER"", ""POWER"", ""POWER"", ""POWER"", ""POWER"", ""POWER"", ""POWER"", ""POWER"", ""POWER"", ""POWER"", ""POWER"", ""POWER"", ""POWER"", ""POWER"", ""POWER"", ""POWER"", ""POWER"", ""POWER"", ""POWER"", ""POWER"", ""POWER"", ""POWER"", ""POWER"", ""POWER"", ""POWER"", ""POWER"", ""POWER"", ""POWER"", ""POWER"", ""POWER"", ""POWER"", ""POWER"", ""POWER"", ""POWER"", ""POWER"", ""POWER"", ""POWER"", ""POWER"", ""POWER"", ""POWER"", ""POWER"", ""POWER"", ""POWER"", ""POWER"", ""POWER"", ""POWER"", ""POWER"", ""POWER"", ""POWER"", ""POWER"", ""POWER"", ""POWER"", ""POWER"", ""POWER"", ""POWER"", ""POWER"", ""POWER"", ""POWER"", ""POWER"", ""POWER"", ""POWER"", ""POWER"", ""POWER"", ""POWER"", ""POWER"", ""POWER"", ""POWER"", ""POWER"", ""POWER"", ""POWER"", ""POWER"", ""POWER"", ""POWER"", ""POWER"", ""POWER"", ""POWER"", ""POWER"", ""POWER"", ""POWER"", ""POWER"", ""POWER"", ""POWER"", ""POWER"", ""POWER"", ""POWER"", ""POWER"", ""POWER"", ""POWER"", ""POWER"", ""POWER"", ""POWER"", ""POWER"", ""POWER"", ""POWER"", ""POWER"", ""POWER"", ""POWER"", ""POWER"", ""POWER"", ""POWER"", ""POWER"", ""POWER"", ""POWER"", ""POWER"", ""POWER"", ""POWER"", ""POWER"", ""POWER"", ""POWER"", ""POWER"", ""POWER"", ""POWER"", ""POWER"", ""POWER"", ""POWER"", ""POWER"", ""POWER"", ""POWER"", ""POWER"", ""POWER"", ""POWER"", ""POWER"", ""POWER"", ""POWER"", ""POWER"", ""POWER"", ""POWER"", ""POWER"", ""POWER"", ""POWER"", ""POWER"", ""POWER"", ""POWER"", ""POWER"", ""POWER"", ""POWER"", ""POWER"", ""POWER"", ""POWER"", ""POWER"", ""POWER"", ""POWER"", ""POWER"", ""POWER"", ""POWER"", ""POWER"", ""POWER"", ""POWER"", ""POWER"", ""POWER"", ""POWER"", ""POWER"", ""POWER"", ""POWER"", ""POWER"", ""POWER"", ""POWER"", ""POWER"", ""POWER"", ""POWER"", ""POWER"", ""POWER"", ""POWER"", ""POWER"", ""POWER"", ""POWER"", ""POWER"", ""POWER"", ""POWER"", ""POWER"", ""POWER"", ""POWER"", ""POWER"", ""POWER"", ""POWER"", ""POWER"", ""POWER"", ""POWER"", ""POWER"", ""POWER"", ""POWER"", ""POWER"", ""POWER"", ""POWER"", ""POWER"", ""POWER"", ""POWER"", ""POWER"", ""POWER"", ""POWER"", ""POWER"", ""POWER"", ""POWER"", ""POWER"", ""POWER"", ""POWER"", ""POWER"", ""POWER"", ""POWER"", ""POWER"", ""POWER"", ""POWER"", ""POWER"", ""POWER"", ""POWER"", ""POWER"", ""POWER"", ""POWER"", ""POWER"", ""POWER"", ""POWER"", ""POWER"", ""POWER"", ""POWER"", ""POWER"", ""POWER"", ""POWER"", ""POWER"", ""POWER"", ""POWER"", ""POWER"", ""POWER"", ""POWER"", ""POWER"", ""POWER"", ""POWER"", ""POWER"", ""POWER"", ""POWER"", ""POWER"", ""POWER"", ""POWER"", ""POWER"", ""POWER"", ""POWER"", ""POWER"", ""POWER"", ""POWER"", ""POWER"", ""POWER"", ""POWER"", ""POWER"", ""POWER"", ""POWER"", ""POWER"", ""POWER"", ""POWER"", ""POWER"", ""POWER"", ""POWER"", ""POWER"", ""POWER"", ""POWER"", ""POWER"", ""POWER"", ""POWER"", ""POWER"", ""POWER"", ""POWER"", ""POWER"", ""POWER"", ""POWER"", ""POWER"", ""POWER"", ""POWER"", ""POWER"", ""POWER"", ""POWER"", ""POWER"", ""POWER"", ""POWER"", ""POWER"", ""POWER"", ""POWER"", ""POWER"", ""POWER"", ""POWER"", ""POWER"", ""POWER"", ""POWER"", ""POWER"", ""POWER"", ""POWER"", ""POWER"", ""POWER"", ""POWER"", ""POWER"", ""POWER"", ""POWER"", ""POWER"", ""POWER"", ""POWER"", ""POWER"", ""POWER"", ""POWER"", ""POWER"", ""POWER"", ""POWER"", ""POWER"", ""POWER"", ""POWER"", ""POWER"", ""POWER"", ""POWER"", ""POWER"", ""POWER"", ""POWER"", ""POWER"", ""POWER"", ""POWER"", ""POWER"", ""POWER"", ""POWER"", ""POWER"", ""POWER"", ""POWER"", ""POWER"", ""POWER"", ""POWER"", ""POWER"", ""POWER"", ""POWER"", ""POWER"", ""POWER"", ""POWER"", ""POWER"", ""POWER"", ""POWER"", ""POWER"", ""POWER"", ""POWER"", ""POWER"", ""POWER"", ""POWER"", ""POWER"", ""POWER"", ""POWER"", ""POWER"", ""POWER"", ""POWER"", ""POWER"", ""POWER"", ""POWER"", ""POWER"", ""POWER"", ""POWER"", ""POWER"", ""POWER"", ""POWER"", ""POWER"", ""POWER"", ""POWER"", ""POWER"", ""POWER"", ""POWER"", ""POWER"", ""POWER"", ""POWER"", ""POWER"", ""POWER"", ""POWER"", ""POWER"", ""POWER"", ""POWER"", ""POWER"", ""POWER"", ""POWER"", ""POWER"", ""POWER"", ""POWER"", ""POWER"", ""POWER"", ""POWER"", ""POWER"", ""POWER"", ""POWER"", ""POWER"", ""POWER"", ""POWER"", ""POWER"", ""POWER"", ""POWER"", ""POWER"", ""POWER"", ""POWER"", ""POWER"", ""POWER"", ""POWER"", ""POWER"", ""POWER"", ""POWER"", ""POWER"", ""POWER"", ""POWER"", ""POWER"", ""POWER"", ""POWER"", ""POWER"", ""POWER"", ""POWER"", ""POWER"", ""POWER"", ""POWER"", ""POWER"", ""POWER"", ""POWER"", ""POWER"", ""POWER"", ""POWER"", ""POWER"", ""POWER"", ""POWER"", ""POWER"", ""POWER"", ""POWER"", ""POWER"", ""POWER"", ""POWER"", ""POWER"", ""POWER"", ""POWER"", ""POWER"", ""POWER"", ""POWER"", ""POWER"", ""POWER"", ""POWER"", ""POWER"", ""POWER"", ""POWER"", ""POWER"", ""POWER"", ""POWER"", ""POWER"", ""POWER"", ""POWER"", ""POWER"", ""POWER"", ""POWER"", ""POWER"", ""POWER"", ""POWER"", ""POWER"", ""POWER"", ""POWER"", ""POWER"", ""POWER"", ""POWER"", ""POWER"", ""POWER"", ""POWER"", ""POWER"", ""POWER"", ""POWER"", ""POWER"", ""POWER"", ""POWER"", ""POWER"", ""POWER"", ""POWER"", ""POWER"", ""POWER"", ""POWER"", ""POWER"", ""POWER"", ""POWER"", ""POWER"", ""POWER"", ""POWER"", ""POWER"", ""POWER"", ""POWER"", ""POWER"", ""POWER"", ""POWER"", ""POWER"", ""POWER"", ""POWER"", ""POWER"", ""POWER"", ""POWER"", ""POWER"", ""POWER"", ""POWER"", ""POWER"", ""POWER"", ""POWER"", ""POWER"", ""POWER"", ""POWER"", ""POWER"", ""POWER"", ""POWER"", ""POWER"", ""POWER"", ""POWER"", ""POWER"", ""POWER"", ""POWER"", ""POWER"", ""POWER"", ""POWER"", ""POWER"", ""POWER"", ""POWER"", ""POWER"", ""POWER"", ""POWER"", ""POWER"", ""POWER"", ""POWER"", ""POWER"", ""POWER"", ""POWER"", ""POWER"", ""POWER"", ""POWER"", ""POWER"", ""POWER"", ""POWER"", ""POWER"", ""POWER"", ""POWER"", ""POWER"", ""POWER"", ""POWER"", ""POWER"", ""POWER"", ""POWER"", ""POWER"", ""POWER"", ""POWER"", ""POWER"", ""POWER"", ""POWER"", ""POWER"", ""POWER"", ""POWER"", ""POWER"", ""POWER"", ""POWER"", ""POWER"", ""POWER"", ""POWER"", ""POWER"", ""POWER"", ""POWER"", ""POWER"", ""POWER"", ""POWER"", ""POWER"", ""POWER"", ""POWER"", ""POWER"", ""POWER"", ""POWER"", ""POWER"", ""POWER"", ""POWER"", ""POWER"", ""POWER"", ""POWER"", ""POWER"", ""POWER"", ""POWER"", ""POWER"", ""POWER"", ""POWER"", ""POWER"", ""POWER"", ""POWER"", ""POWER"", ""POWER"", ""POWER"", ""POWER"", ""POWER"", ""POWER"", ""POWER"", ""POWER"", ""POWER"", ""POWER"", ""POWER"", ""POWER"", ""POWER"", ""POWER"", ""POWER"", ""POWER"", ""POWER"", ""POWER"", ""POWER"", ""POWER"", ""POWER"", ""POWER"", ""POWER"", ""POWER"", ""POWER"", ""POWER"", ""POWER"", ""POWER"", ""POWER"", ""POWER"", ""POWER"", ""POWER"", ""POWER"", ""POWER"", ""POWER"", ""POWER"", ""POWER"", ""POWER"", ""POWER"", ""POWER"", ""POWER"", ""POWER"", ""POWER"", ""POWER"", ""POWER"", ""POWER"", ""POWER"", ""POWER"", ""POWER"", ""POWER"", ""POWER"", ""POWER"", ""POWER"", ""POWER"", ""POWER"", ""POWER"", ""POWER"", ""POWER"", ""POWER"", ""POWER"", ""POWER"", ""POWER"", ""POWER"", ""POWER"", ""POWER"", ""POWER"", ""POWER"", ""POWER"", ""POWER"", ""POWER"", ""POWER"", ""POWER"", ""POWER"", ""POWER"", ""POWER"", ""POWER"", ""POWER"", ""POWER"", ""POWER"", ""POWER"", ""POWER"", ""POWER"", ""POWER"", ""POWER"", ""POWER"", ""POWER"", ""POWER"", ""POWER"", ""POWER"", ""POWER"", ""POWER"", ""POWER"", ""POWER"", ""POWER"", ""POWER"", ""POWER"", ""POWER"", ""POWER"", ""POWER"", ""POWER"", ""POWER"", ""POWER"", ""POWER"", ""POWER"", ""POWER"", ""POWER"", ""POWER"", ""POWER"", ""POWER"", ""POWER"", ""POWER"", ""POWER"", ""POWER"", ""POWER"", ""POWER"", ""POWER"", ""POWER"", ""POWER"", ""POWER"", ""POWER"", ""POWER"", ""POWER"", ""POWER"", ""POWER"", ""POWER"", ""POWER"", ""POWER"", ""POWER"", ""POWER"", ""POWER"", ""POWER"", ""POWER"", ""POWER"", ""POWER"", ""POWER"", ""POWER"", ""POWER"", ""POWER"", ""POWER"", ""POWER"", ""POWER"", ""POWER"", ""POWER"", ""POWER"", ""POWER"", ""POWER"", ""POWER"", ""POWER"", ""POWER"", ""POWER"", ""POWER"", ""POWER"", ""POWER"", ""POWER"", ""POWER"", ""POWER"", ""POWER"", ""POWER"", ""POWER"", ""POWER"", ""POWER"", ""POWER"", ""POWER"", ""POWER"", ""POWER"", ""POWER"", ""POWER"", ""POWER"", ""POWER"", ""POWER"", ""POWER"", ""POWER"", ""POWER"", ""POWER"", ""POWER"", ""POWER"", ""POWER"", ""POWER"", ""POWER"", ""POWER"", ""POWER"", ""POWER"", ""POWER"", ""POWER"", ""POWER"", ""POWER"", ""POWER"", ""POWER"", ""POWER"", ""POWER"", ""POWER"", ""POWER"", ""POWER"", ""POWER"", ""POWER"", ""POWER"", ""POWER"", ""POWER"", ""POWER"", ""POWER"", ""POWER"", ""POWER"", ""POWER"", ""POWER"", ""POWER"", ""POWER"", ""POWER"", ""POWER"", ""POWER"", ""POWER"", ""POWER"", ""POWER"", ""POWER"", ""POWER"", ""POWER"", ""POWER"", ""POWER"", ""POWER"", ""POWER"", ""POWER"", ""POWER"", ""POWER"", ""POWER"", ""POWER"", ""POWER"", ""POWER"", ""POWER"", ""POWER"", ""POWER"", ""POWER"", ""POWER"", ""POWER"", ""POWER"", ""POWER"", ""POWER"", ""POWER"", ""POWER"", ""POWER"", ""POWER"", ""POWER"", ""POWER"", ""POWER"", ""POWER"", ""POWER"", ""POWER"", ""POWER"", ""POWER"", ""POWER"", ""POWER"", ""POWER"", ""POWER"", ""POWER"", ""POWER"", ""POWER"", ""POWER"", ""POWER"", ""POWER"", ""POWER"", ""POWER"", ""POWER"", ""POWER"", ""POWER"", ""POWER"", ""POWER"", ""POWER"", ""POWER"", ""POWER"", ""POWER"", ""POWER"", ""POWER"", ""POWER"", ""POWER"", ""POWER"", ""POWER"", ""POWER"", ""POWER"", ""POWER"", ""POWER"", ""POWER"", ""POWER"", ""POWER"", ""POWER"", ""POWER"", ""POWER"", ""POWER"", ""POWER"", ""POWER"", ""POWER"", ""POWER"", ""POWER"", ""POWER"", ""POWER"", ""POWER"", ""POWER"", ""POWER"", ""POWER"", ""POWER"", ""POWER"", ""POWER"", ""POWER"", ""POWER"", ""POWER"", ""POWER"", ""POWER"", ""POWER"", ""POWER"", ""POWER"", ""POWER"", ""POWER"", ""POWER"", ""POWER"", ""POWER"", ""POWER"", ""POWER"", ""POWER"", ""POWER"", ""POWER"", ""POWER"", ""POWER"", ""POWER"", ""POWER"", ""POWER"", ""POWER"", ""POWER"", ""POWER"", ""POWER"", ""POWER"", ""POWER"", ""POWER"", ""POWER"", ""POWER"", ""POWER"", ""POWER"", ""POWER"", ""POWER"", ""POWER"", ""POWER"", ""POWER"", ""POWER"", ""POWER"", ""POWER"", ""POWER"", ""POWER"", ""POWER"", ""POWER"", ""POWER"", ""POWER"", ""POWER"", ""POWER"", ""POWER"", ""POWER"", ""POWER"", ""POWER"", ""POWER"", ""POWER"", ""POWER"", ""POWER"", ""POWER"", ""POWER"", ""POWER"", ""POWER"", ""POWER"", ""POWER"", ""POWER"", ""POWER"", ""POWER"", ""POWER"", ""POWER"", ""POWER"", ""POWER"", ""POWER"", ""POWER"", ""POWER"", ""POWER"", ""POWER"", ""POWER"", ""POWER"", ""POWER"", ""POWER"", ""POWER"", ""POWER"", ""POWER"", ""POWER"", ""POWER"", ""POWER"", ""POWER"", ""POWER"", ""POWER"", ""POWER"", ""POWER"", ""POWER"", ""POWER"", ""POWER"", ""POWER"", ""POWER"", ""POWER"", ""POWER"", ""POWER"", ""POWER"", ""POWER"", ""POWER"", ""POWER"", ""POWER"", ""POWER"", ""POWER"", ""POWER"", ""POWER"", ""POWER"", ""POWER"", ""POWER"", ""POWER"", ""POWER"", ""POWER"", ""POWER"", ""POWER"", ""POWER"", ""POWER"", ""POWER"", ""POWER"", ""POWER"", ""POWER"", ""POWER"", ""POWER"", ""POWER"", ""POWER"", ""POWER"", ""POWER"", ""POWER"", ""POWER"", ""POWER"", ""POWER"", ""POWER"", ""POWER"", ""POWER"", ""POWER"", ""POWER"", ""POWER"", ""POWER"", ""POWER"", ""POWER"", ""POWER"", ""POWER"", ""POWER"", ""POWER"", ""POWER"", ""POWER"", ""POWER"", ""POWER"", ""POWER"", ""POWER"", ""POWER"", ""POWER"", ""POWER"", ""POWER"", ""POWER"", ""POWER"", ""POWER"", ""POWER"", ""POWER"", ""POWER"", ""POWER"", ""POWER"", ""POWER"", ""POWER"", ""POWER"", ""POWER"", ""POWER"", ""POWER"", ""POWER"", ""POWER"", ""POWER"", ""POWER"", ""POWER"", ""POWER"", ""POWER"", ""POWER"", ""POWER"", ""POWER"", ""POWER"", ""POWER"", ""POWER"", ""POWER"", ""POWER"", ""POWER"", ""POWER"", ""POWER"", ""POWER"", ""POWER"", ""POWER"", ""POWER"", ""POWER"", ""POWER"", ""POWER"", ""POWER"", ""POWER"", ""POWER"", ""POWER"", ""POWER"", ""POWER"", ""POWER"", ""POWER"", ""POWER"", ""POWER"", ""POWER"", ""POWER"", ""POWER"", ""POWER"", ""POWER"", ""POWER"", ""POWER"", ""POWER"", ""POWER"", ""POWER"", ""POWER"", ""POWER"", ""POWER"", ""POWER"", ""POWER"", ""POWER"", ""POWER"", ""POWER"", ""POWER"", ""POWER"", ""POWER"", ""POWER"", ""POWER"", ""POWER"", ""POWER"", ""POWER"", ""POWER"", ""POWER"", ""POWER"", ""POWER"", ""POWER"", ""POWER"", ""POWER"", ""POWER"", ""POWER"", ""POWER"", ""POWER"", ""POWER"", ""POWER"", ""POWER"", ""POWER"", ""POWER"", ""POWER"", ""POWER"", ""POWER"", ""POWER"", ""POWER"", ""POWER"", ""POWER"", ""POWER"", ""POWER"", ""POWER"", ""POWER"", ""POWER"", ""POWER"", ""POWER"", ""POWER"", ""POWER"", ""POWER"", ""POWER"", ""POWER"", ""POWER"", ""POWER"", ""POWER"", ""POWER"", ""POWER"", ""POWER"", ""POWER"", ""POWER"", ""POWER"", ""POWER"", ""POWER"", ""POWER"", ""POWER"", ""POWER"", ""POWER"", ""POWER"", ""POWER"", ""POWER"", ""POWER"", ""POWER"", ""POWER"", ""POWER"", ""POWER"", ""POWER"", ""POWER"", ""POWER"", ""POWER"", ""POWER"", ""POWER"", ""POWER"", ""POWER"", ""POWER"", ""POWER"", ""POWER"", ""POWER"", ""POWER"", ""POWER"", ""POWER"", ""POWER"", ""POWER"", ""POWER"", ""POWER"", ""POWER"", ""POWER"", ""POWER"", ""POWER"", ""POWER"", ""POWER"", ""POWER"", ""POWER"", ""POWER"", ""POWER"", ""POWER"", ""POWER"", ""POWER"", ""POWER"", ""POWER"", ""POWER"", ""POWER"", ""POWER"", ""POWER"", ""POWER"", ""POWER"", ""POWER"", ""POWER"", ""POWER"", ""POWER"", ""POWER"", ""POWER"", ""POWER"", ""POWER"", ""POWER"", ""POWER"", ""POWER"", ""POWER"", ""POWER"", ""POWER"", ""POWER"", ""POWER"", ""POWER"", ""POWER"", ""POWER"", ""POWER"", ""POWER"", ""POWER"", ""POWER"", ""POWER"", ""POWER"", ""POWER"", ""POWER"", ""POWER"", ""POWER"", ""POWER"", ""POWER"", ""POWER"", ""POWER"", ""POWER"", ""POWER"", ""POWER"", ""POWER"", ""POWER"", ""POWER"", ""POWER"", ""POWER"", ""POWER"", ""POWER"", ""POWER"", ""POWER"", ""POWER"", ""POWER"", ""POWER"", ""POWER"", ""POWER"", ""POWER"", ""POWER"", ""POWER"", ""POWER"", ""POWER"", ""POWER"", ""POWER"", ""POWER"", ""POWER"", ""POWER"", ""POWER"", ""POWER"", ""POWER"", ""POWER"", ""POWER"", ""POWER"", ""POWER"", ""POWER"", ""POWER"", ""POWER"", ""POWER"", ""POWER"", ""POWER"", ""POWER"", ""POWER"", ""POWER"", ""POWER"", ""POWER"", ""POWER"", ""POWER"", ""POWER"", ""POWER"", ""POWER"", ""POWER"", ""POWER"", ""POWER"", ""POWER"", ""POWER"", ""POWER"", ""POWER"", ""POWER"", ""POWER"", ""POWER"", ""POWER"", ""POWER"", ""POWER"", ""POWER"", ""POWER"", ""POWER"", ""POWER"", ""POWER"", ""POWER"", ""POWER"", ""POWER"", ""POWER"", ""POWER"", ""POWER"", ""POWER"", ""POWER"", ""POWER"", ""POWER"", ""POWER"", ""POWER"", ""POWER"", ""POWER"", ""POWER"", ""POWER"", ""POWER"", ""POWER"", ""POWER"", ""POWER"", ""POWER"", ""POWER"", ""POWER"", ""POWER"", ""POWER"", ""POWER"", ""POWER"", ""POWER"", ""POWER"", ""POWER"", ""POWER"", ""POWER"", ""POWER"", ""POWER"", ""POWER"", ""POWER"", ""POWER"", ""POWER"", ""POWER"", ""POWER"", ""POWER"", ""POWER"", ""POWER"", ""POWER"", ""POWER"", ""POWER"", ""POWER"", ""POWER"", ""POWER"", ""POWER"", ""POWER"", ""POWER"", ""POWER"", ""POWER"", ""POWER"", ""POWER"", ""POWER"", ""POWER"", ""POWER"", ""POWER"", ""POWER"", ""POWER"", ""POWER"", ""POWER"", ""POWER"", ""POWER"", ""POWER"", ""POWER"", ""POWER"", ""POWER"", ""POWER"", ""POWER"", ""POWER"", ""POWER"", ""POWER"", ""POWER"", ""POWER"", ""POWER"", ""POWER"", ""POWER"", ""POWER"", ""POWER"", ""POWER"", ""POWER"", ""POWER"", ""POWER"", ""POWER"", ""POWER"", ""POWER"", ""POWER"", ""POWER"", ""POWER"", ""POWER"", ""POWER"", ""POWER"", ""POWER"", ""POWER"", ""POWER"", ""POWER"", ""POWER"", ""POWER"", ""POWER"", ""POWER"", ""POWER"", ""POWER"", ""POWER"", ""POWER"", ""POWER"", ""POWER"", ""POWER"", ""POWER"", ""POWER"", ""POWER"", ""POWER"", ""POWER"", ""POWER"", ""POWER"", ""POWER"", ""POWER"", ""POWER"", ""POWER"", ""POWER"", ""POWER"", ""POWER"", ""POWER"", ""POWER"", ""POWER"", ""POWER"", ""POWER"", ""POWER"", ""POWER"", ""POWER"", ""POWER"", ""POWER"", ""POWER"", ""POWER"", ""POWER"", ""POWER"", ""POWER"", ""POWER"", ""POWER"", ""POWER"", ""POWER"", ""POWER"", ""POWER"", ""POWER"", ""POWER"", ""POWER"", ""POWER"", ""POWER"", ""POWER"", ""POWER"", ""POWER"", ""POWER"", ""POWER"", ""POWER"", ""POWER"", ""POWER"", ""POWER"", ""POWER"", ""POWER"", ""POWER"", ""POWER"", ""POWER"", ""POWER"", ""POWER"", ""POWER"", ""POWER"", ""POWER"", ""POWER"", ""POWER"", ""POWER"", ""POWER"", ""POWER"", ""POWER"", ""POWER"", ""POWER"", ""POWER"", ""POWER"", ""POWER"", ""POWER"", ""POWER"", ""POWER"", ""POWER"", ""POWER"", ""POWER"", ""POWER"", ""POWER"", ""POWER"", ""POWER"", ""POWER"", ""POWER"", ""POWER"", ""POWER"", ""POWER"", ""POWER"", ""POWER"", ""POWER"", ""POWER"", ""POWER"", ""POWER"", ""POWER"", ""POWER"", ""POWER"", ""POWER"", ""POWER"", ""POWER"", ""POWER"", ""POWER"", ""POWER"", ""POWER"", ""POWER"", ""POWER"", ""POWER"", ""POWER"", ""POWER"", ""POWER"", ""POWER"", ""POWER"", ""POWER"", ""POWER"", ""POWER"", ""POWER"", ""POWER"", ""POWER"", ""POWER"", ""POWER"", ""POWER"", ""POWER"", ""POWER"", ""POWER"", ""POWER"", ""POWER"", ""POWER"", ""POWER"", ""POWER"", ""POWER"", ""POWER"", ""POWER"", ""POWER"", ""POWER"", ""POWER"", ""POWER"", ""POWER"", ""POWER"", ""POWER"", ""POWER"", ""POWER"", ""POWER"", ""POWER"", ""POWER"", ""POWER"", ""POWER"", ""POWER"", ""POWER"", ""POWER"", ""POWER"", ""POWER"", ""POWER"", ""POWER"", ""POWER"", ""POWER"", ""POWER"", ""POWER"", ""POWER"", ""POWER"", ""POWER"", ""POWER"", ""POWER"", ""POWER"", ""POWER"", ""POWER"", ""POWER"", ""POWER"", ""POWER"", ""POWER"", ""POWER"", ""POWER"", ""POWER"", ""POWER"", ""POWER"", ""POWER"", ""POWER"", ""POWER"", ""POWER"", ""POWER"", ""POWER"", ""POWER"", ""POWER"", ""POWER"", ""POWER"", ""POWER"", ""POWER"", ""POWER"", ""POWER"", ""POWER"", ""POWER"", ""POWER"", ""POWER"", ""POWER"", ""POWER"", ""POWER"", ""POWER"", ""POWER"", ""POWER"", ""POWER"", ""POWER"", ""POWER"", ""POWER"", ""POWER"", ""POWER"", ""POWER"", ""POWER"", ""POWER"", ""POWER"", ""POWER"", ""POWER"", ""POWER"", ""POWER"", ""POWER"", ""POWER"", ""POWER"", ""POWER"", ""POWER"", ""POWER"", ""POWER"", ""POWER"", ""POWER"", ""POWER"", ""POWER"", ""POWER"", ""POWER"", ""POWER"", ""POWER"", ""POWER"", ""POWER"", ""POWER"", ""POWER"", ""POWER"", ""POWER"", ""POWER"", ""POWER"", ""POWER"", ""POWER"", ""POWER"", ""POWER"", ""POWER"", ""POWER"", ""POWER"", ""POWER"", ""POWER"", ""POWER"", ""POWER"", ""POWER"", ""POWER"", ""POWER"", ""POWER"", ""POWER"", ""POWER""]","[""NEC"", ""NECext"", ""RC5"", ""RC6"", ""SIRC"", ""SIRC15"", ""SIRC20"", ""Samsung32""]","[""00 00 00 00"", ""00 01 00 00"", ""00 02 00 00"", ""00 03 00 00"", ""00 04 00 00"", ""00 05 00 00"", ""00 06 00 00"", ""00 07 00 00"", ""00 0C 00 00"", ""00 0E 00 00"", ""00 10 00 00"", ""00 11 00 00"", ""00 17 00 00"", ""00 1C 00 00"", ""00 1D 00 00"", ""00 30 00 00"", ""00 41 00 00"", ""00 45 00 00"", ""00 49 00 00"", ""00 5A 00 00"", ""00 7F 00 00"", ""00 99 00 00"", ""00 9F 00 00"", ""00 BD 00 00"", ""00 BF 00 00"", ""00 CC 00 00"", ""00 DF 00 00"", ""00 ED 00 00"", ""00 EE 00 00"", ""00 EF 00 00"", ""00 F0 00 00"", ""00 F6 00 00"", ""00 F9 00 00"", ""00 FB 00 00"", ""00 FC 00 00"", ""00 FD 00 00"", ""01 00 00 00"", ""01 01 00 00"", ""01 04 00 00"", ""01 08 00 00"", ""01 16 00 00"", ""01 72 00 00"", ""01 88 00 00"", ""01 EF 00 00"", ""01 F9 00 00"", ""01 FD 00 00"", ""01 FE 00 00"", ""01 FF 00 00"", ""02 00 00 00"", ""02 01 00 00"", ""02 02 00 00"", ""02 04 00 00"", ""02 16 00 00"", ""02 17 00 00"", ""02 7D 00 00"", ""02 BD 00 00"", ""02 FE 00 00"", ""02 FF 00 00"", ""03 00 00 00"", ""03 F0 00 00"", ""04 00 00 00"", ""04 01 00 00"", ""04 02 00 00"", ""04 05 00 00"", ""04 0F 00 00"", ""04 10 00 00"", ""04 11 00 00"", ""04 16 00 00"", ""04 B9 00 00"", ""04 CB 00 00"", ""04 EB 00 00"", ""04 F3 00 00"", ""04 FA 00 00"", ""04 FB 00 00"", ""04 FF 00 00"", ""05 00 00 00"", ""05 01 00 00"", ""05 05 00 00"", ""05 40 00 00"", ""06 00 00 00"", ""06 01 00 00"", ""06 AB 00 00"", ""06 F8 00 00"", ""07 00 00 00"", ""07 06 00 00"", ""07 07 00 00"", ""07 21 00 00"", ""08 00 00 00"", ""08 13 00 00"", ""08 14 00 00"", ""08 16 00 00"", ""08 30 00 00"", ""08 40 00 00"", ""08 E6 00 00"", ""08 E7 00 00"", ""08 F5 00 00"", ""08 F7 00 00"", ""09 09 00 00"", ""0A 00 00 00"", ""0A 1D 00 00"", ""0A F2 00 00"", ""0A F7 00 00"", ""0B 00 00 00"", ""0B 0B 00 00"", ""0B 4F 00 00"", ""0C 00 00 00"", ""0C 0C 00 00"", ""0C FB 00 00"", ""0D 00 00 00"", ""0D 50 00 00"", ""0E 00 00 00"", ""0E 01 00 00"", ""0E 0E 00 00"", ""0E 20 00 00"", ""0F 00 00 00"", ""0F 01 00 00"", ""10 00 00 00"", ""10 04 00 00"", ""10 10 00 00"", ""10 25 00 00"", ""10 2F 00 00"", ""10 E7 00 00"", ""10 ED 00 00"", ""10 EF 00 00"", ""11 00 00 00"", ""11 14 00 00"", ""12 00 00 00"", ""12 11 00 00"", ""12 25 00 00"", ""12 34 00 00"", ""13 00 00 00"", ""13 01 00 00"", ""14 00 00 00"", ""15 00 00 00"", ""16 00 00 00"", ""16 16 00 00"", ""17 00 00 00"", ""17 69 00 00"", ""17 85 00 00"", ""17 E0 00 00"", ""18 00 00 00"", ""18 18 00 00"", ""18 E9 00 00"", ""18 F7 00 00"", ""19 00 00 00"", ""19 01 00 00"", ""19 25 00 00"", ""19 6B 00 00"", ""1A 00 00 00"", ""1A 12 00 00"", ""1A 13 00 00"", ""1A 2A 00 00"", ""1A 42 00 00"", ""1A 49 00 00"", ""1A 53 00 00"", ""1A 9A 00 00"", ""1A E2 00 00"", ""1A E9 00 00"", ""1B 00 00 00"", ""1B 4E 00 00"", ""1C 00 00 00"", ""1D 00 00 00"", ""1E 00 00 00"", ""1E 11 00 00"", ""1F 00 00 00"", ""1F E0 00 00"", ""20 00 00 00"", ""20 08 00 00"", ""20 20 00 00"", ""20 40 00 00"", ""20 80 00 00"", ""20 9F 00 00"", ""20 B0 00 00"", ""20 FF 00 00"", ""21 00 00 00"", ""21 21 00 00"", ""21 90 00 00"", ""21 A0 00 00"", ""21 AC 00 00"", ""22 00 00 00"", ""22 01 00 00"", ""22 30 00 00"", ""22 83 00 00"", ""22 90 00 00"", ""23 00 00 00"", ""23 40 00 00"", ""23 80 00 00"", ""24 00 00 00"", ""24 4B 00 00"", ""25 FA 00 00"", ""26 00 00 00"", ""27 00 00 00"", ""28 00 00 00"", ""29 00 00 00"", ""2A 11 00 00"", ""2B 4D 00 00"", ""2C 00 00 00"", ""2C 2C 00 00"", ""2C 40 00 00"", ""2C 48 00 00"", ""2D 00 00 00"", ""2D 2D 00 00"", ""2D D2 00 00"", ""30 00 00 00"", ""31 00 00 00"", ""32 00 00 00"", ""33 00 00 00"", ""33 CC 00 00"", ""34 0F 00 00"", ""34 34 00 00"", ""35 00 00 00"", ""36 00 00 00"", ""36 4B 00 00"", ""36 C8 00 00"", ""37 02 00 00"", ""38 00 00 00"", ""39 00 00 00"", ""3B 4C 00 00"", ""3C 00 00 00"", ""3C C4 00 00"", ""3D A2 00 00"", ""3D C2 00 00"", ""3E 10 00 00"", ""3E E1 00 00"", ""3F 00 00 00"", ""3F E0 00 00"", ""40 00 00 00"", ""40 2F 00 00"", ""40 3F 00 00"", ""40 40 00 00"", ""40 AF 00 00"", ""40 DF 00 00"", ""41 00 00 00"", ""42 BB 00 00"", ""42 FD 00 00"", ""43 00 00 00"", ""43 47 00 00"", ""43 53 00 00"", ""44 00 00 00"", ""44 44 00 00"", ""45 00 00 00"", ""45 83 00 00"", ""45 B5 00 00"", ""47 00 00 00"", ""48 00 00 00"", ""48 12 00 00"", ""48 24 00 00"", ""49 00 00 00"", ""4A 00 00 00"", ""4B 4B 00 00"", ""4D 00 00 00"", ""4D B2 00 00"", ""4E 01 00 00"", ""4E 41 00 00"", ""4E 87 00 00"", ""4F 50 00 00"", ""50 00 00 00"", ""50 4F 00 00"", ""50 AD 00 00"", ""50 E7 00 00"", ""51 00 00 00"", ""51 AF 00 00"", ""53 00 00 00"", ""54 00 00 00"", ""55 00 00 00"", ""56 A1 00 00"", ""57 00 00 00"", ""5A 1B 00 00"", ""5A 1C 00 00"", ""5B 00 00 00"", ""5B 4A 00 00"", ""5C 00 00 00"", ""5C A2 00 00"", ""5E A1 00 00"", ""5F 00 00 00"", ""5F 80 00 00"", ""60 00 00 00"", ""60 01 00 00"", ""60 60 00 00"", ""60 9E 00 00"", ""61 63 00 00"", ""61 87 00 00"", ""63 00 00 00"", ""64 00 00 00"", ""64 46 00 00"", ""66 00 00 00"", ""66 99 00 00"", ""67 00 00 00"", ""67 98 00 00"", ""6D 92 00 00"", ""6E 00 00 00"", ""6E 61 00 00"", ""6F 00 00 00"", ""70 00 00 00"", ""70 61 00 00"", ""71 00 00 00"", ""71 8E 00 00"", ""72 CD 00 00"", ""73 00 00 00"", ""73 8C 00 00"", ""73 9A 00 00"", ""74 0F 00 00"", ""74 C1 00 00"", ""76 00 00 00"", ""77 00 00 00"", ""78 00 00 00"", ""79 00 00 00"", ""79 86 00 00"", ""7A 00 00 00"", ""7B 00 00 00"", ""7B 48 00 00"", ""7B 97 00 00"", ""7C 00 00 00"", ""7C 80 00 00"", ""7D 00 00 00"", ""7D 02 00 00"", ""7E 00 00 00"", ""7E 01 00 00"", ""7E 81 00 00"", ""7F 00 00 00"", ""7F 20 00 00"", ""7F 80 00 00"", ""80 00 00 00"", ""80 02 00 00"", ""80 19 00 00"", ""80 23 00 00"", ""80 26 00 00"", ""80 37 00 00"", ""80 3F 00 00"", ""80 48 00 00"", ""80 58 00 00"", ""80 5D 00 00"", ""80 63 00 00"", ""80 67 00 00"", ""80 6E 00 00"", ""80 70 00 00"", ""80 77 00 00"", ""80 7B 00 00"", ""80 7E 00 00"", ""80 DE 00 00"", ""80 F7 00 00"", ""80 FF 00 00"", ""81 00 00 00"", ""81 06 00 00"", ""81 66 00 00"", ""81 6A 00 00"", ""81 72 00 00"", ""81 73 00 00"", ""81 7B 00 00"", ""81 7E 00 00"", ""81 81 00 00"", ""82 13 00 00"", ""82 5D 00 00"", ""82 64 00 00"", ""82 6E 00 00"", ""82 6F 00 00"", ""82 72 00 00"", ""83 00 00 00"", ""83 22 00 00"", ""83 33 00 00"", ""83 44 00 00"", ""83 45 00 00"", ""83 55 00 00"", ""83 59 00 00"", ""83 65 00 00"", ""83 79 00 00"", ""83 7A 00 00"", ""83 F1 00 00"", ""84 00 00 00"", ""84 20 00 00"", ""84 3C 00 00"", ""84 42 00 00"", ""84 59 00 00"", ""84 62 00 00"", ""84 63 00 00"", ""84 79 00 00"", ""84 8A 00 00"", ""84 8B 00 00"", ""84 E0 00 00"", ""84 F4 00 00"", ""85 23 00 00"", ""85 30 00 00"", ""85 53 00 00"", ""85 73 00 00"", ""85 76 00 00"", ""85 7B 00 00"", ""85 7C 00 00"", ""85 ED 00 00"", ""86 00 00 00"", ""86 05 00 00"", ""86 0E 00 00"", ""86 13 00 00"", ""86 2F 00 00"", ""86 4B 00 00"", ""86 53 00 00"", ""86 54 00 00"", ""86 61 00 00"", ""86 6B 00 00"", ""86 76 00 00"", ""86 7C 00 00"", ""86 FF 00 00"", ""87 22 00 00"", ""87 45 00 00"", ""87 4E 00 00"", ""87 5E 00 00"", ""87 6C 00 00"", ""87 7B 00 00"", ""87 7C 00 00"", ""88 00 00 00"", ""88 04 00 00"", ""89 76 00 00"", ""89 77 00 00"", ""8A F5 00 00"", ""8B 00 00 00"", ""8B 47 00 00"", ""8E 29 00 00"", ""8F 00 00 00"", ""90 00 00 00"", ""90 40 00 00"", ""90 90 00 00"", ""95 6A 00 00"", ""96 E8 00 00"", ""97 18 00 00"", ""98 6F 00 00"", ""9A 00 00 00"", ""9F 00 00 00"", ""9F 06 00 00"", ""9F 40 00 00"", ""A0 00 00 00"", ""A0 0A 00 00"", ""A0 1C 00 00"", ""A0 61 00 00"", ""A0 A0 00 00"", ""A0 B7 00 00"", ""A0 C2 00 00"", ""A1 5E 00 00"", ""A2 00 00 00"", ""A2 5D 00 00"", ""A2 A2 00 00"", ""A3 00 00 00"", ""A4 00 00 00"", ""A4 A4 00 00"", ""A5 00 00 00"", ""A6 00 00 00"", ""A8 00 00 00"", ""A8 61 00 00"", ""AA 00 00 00"", ""AA 03 00 00"", ""AA C1 00 00"", ""AB CD 00 00"", ""AD A2 00 00"", ""AF 10 00 00"", ""AF 51 00 00"", ""B0 00 00 00"", ""B3 00 00 00"", ""B3 4E 00 00"", ""B4 08 00 00"", ""B4 B4 00 00"", ""B6 00 00 00"", ""B6 04 00 00"", ""B6 0C 00 00"", ""B6 4B 00 00"", ""B7 00 00 00"", ""B7 A1 00 00"", ""B8 00 00 00"", ""BA 00 00 00"", ""BA 01 00 00"", ""BA 4B 00 00"", ""BA 55 00 00"", ""BA 85 00 00"", ""BA 88 00 00"", ""BA A0 00 00"", ""BA BE 00 00"", ""BA D5 00 00"", ""BA E5 00 00"", ""BA F0 00 00"", ""BB 00 00 00"", ""BB 44 00 00"", ""BD 00 00 00"", ""BD 42 00 00"", ""BD A2 00 00"", ""BE 40 00 00"", ""BF 00 00 00"", ""BF 40 00 00"", ""BF 80 00 00"", ""C0 00 00 00"", ""C0 4B 00 00"", ""C0 C0 00 00"", ""C1 44 00 00"", ""C3 3C 00 00"", ""C6 01 00 00"", ""C6 86 00 00"", ""C7 38 00 00"", ""C8 10 00 00"", ""C8 91 00 00"", ""CA 55 00 00"", ""CA A5 00 00"", ""CA C2 00 00"", ""CB 43 00 00"", ""CD 32 00 00"", ""CF 20 00 00"", ""D1 00 00 00"", ""D2 03 00 00"", ""D2 04 00 00"", ""D2 12 00 00"", ""D2 16 00 00"", ""D2 1F 00 00"", ""D2 25 00 00"", ""D2 2B 00 00"", ""D2 2C 00 00"", ""D2 61 00 00"", ""D2 6C 00 00"", ""D2 6D 00 00"", ""D3 20 00 00"", ""D3 E4 00 00"", ""D4 00 00 00"", ""D4 4B 00 00"", ""D4 BE 00 00"", ""D6 61 00 00"", ""D7 20 00 00"", ""D7 28 00 00"", ""D9 22 00 00"", ""DB 42 00 00"", ""DE 20 00 00"", ""DE A1 00 00"", ""DF 00 00 00"", ""DF 20 00 00"", ""DF 60 00 00"", ""E0 E0 00 00"", ""E1 1E 00 00"", ""E2 1D 00 00"", ""E6 04 00 00"", ""E7 0A 00 00"", ""E7 18 00 00"", ""E8 00 00 00"", ""E8 40 00 00"", ""EA 15 00 00"", ""EA 60 00 00"", ""EA C7 00 00"", ""EE 01 00 00"", ""EE 11 00 00"", ""EE 87 00 00"", ""EF 00 00 00"", ""EF 01 00 00"", ""EF 10 00 00"", ""F0 0F 00 00"", ""F0 20 00 00"", ""F1 01 00 00"", ""F2 D0 00 00"", ""F3 00 00 00"", ""F3 0C 00 00"", ""F3 3F 00 00"", ""F3 C0 00 00"", ""F5 00 00 00"", ""F5 0A 00 00"", ""F7 00 00 00"", ""F7 08 00 00"", ""F9 00 00 00"", ""F9 06 00 00"", ""FB 00 00 00"", ""FB 04 00 00"", ""FB 0E 00 00"", ""FB 40 00 00"", ""FC 01 00 00"", ""FC 02 00 00"", ""FC 03 00 00"", ""FD 00 00 00"", ""FD 02 00 00"", ""FE 00 00 00"", ""FE 01 00 00"", ""FF 00 00 00"", ""FF 01 00 00"", ""FF 02 00 00""]",unknown,0.2,"[""evidências insuficientes para classificação segura""]","[""muitos nomes compartilham a mesma intenção"", ""nomes de comandos reais não chegaram ao classificador"", ""protocolos reais não chegaram ao classificador""]","[""50 maiores diversidades de endereços"", ""50 maiores diversidades de protocolos"", ""50 maiores quantidades de comandos"", ""50 maiores repetições de nomes"", ""todos os unknown""]"
38c20b71ae77fd03,_Converted_/Power_off.ir,Power_off.ir,_Converted_,Unknown,Power_off,3870,"[""POWER"", ""POWER"", ""POWER"", ""POWER"", ""POWER"", ""POWER"", ""POWER"", ""POWER"", ""POWER"", ""POWER"", ""POWER"", ""POWER"", ""POWER"", ""POWER"", ""POWER"", ""POWER"", ""POWER"", ""POWER"", ""POWER"", ""POWER"", ""POWER"", ""POWER"", ""POWER"", ""POWER"", ""POWER"", ""POWER"", ""POWER"", ""POWER"", ""POWER"", ""POWER"", ""POWER"", ""POWER"", ""POWER"", ""POWER"", ""POWER"", ""POWER"", ""POWER"", ""POWER"", ""POWER"", ""POWER"", ""POWER"", ""POWER"", ""POWER"", ""POWER"", ""POWER"", ""POWER"", ""POWER"", ""POWER"", ""POWER"", ""POWER"", ""POWER"", ""POWER"", ""POWER"", ""POWER"", ""POWER"", ""POWER"", ""POWER"", ""POWER"", ""POWER"", ""POWER"", ""POWER"", ""POWER"", ""POWER"", ""POWER"", ""POWER"", ""POWER"", ""POWER"", ""POWER"", ""POWER"", ""POWER"", ""POWER"", ""POWER"", ""POWER"", ""POWER"", ""POWER"", ""POWER"", ""POWER"", ""POWER"", ""POWER"", ""POWER"", ""POWER"", ""POWER"", ""POWER"", ""POWER"", ""POWER"", ""POWER"", ""POWER"", ""POWER"", ""POWER"", ""POWER"", ""POWER"", ""POWER"", ""POWER"", ""POWER"", ""POWER"", ""POWER"", ""POWER"", ""POWER"", ""POWER"", ""POWER"", ""POWER"", ""POWER"", ""POWER"", ""POWER"", ""POWER"", ""POWER"", ""POWER"", ""POWER"", ""POWER"", ""POWER"", ""POWER"", ""POWER"", ""POWER"", ""POWER"", ""POWER"", ""POWER"", ""POWER"", ""POWER"", ""POWER"", ""POWER"", ""POWER"", ""POWER"", ""POWER"", ""POWER"", ""POWER"", ""POWER"", ""POWER"", ""POWER"", ""POWER"", ""POWER"", ""POWER"", ""POWER"", ""POWER"", ""POWER"", ""POWER"", ""POWER"", ""POWER"", ""POWER"", ""POWER"", ""POWER"", ""POWER"", ""POWER"", ""POWER"", ""POWER"", ""POWER"", ""POWER"", ""POWER"", ""POWER"", ""POWER"", ""POWER"", ""POWER"", ""POWER"", ""POWER"", ""POWER"", ""POWER"", ""POWER"", ""POWER"", ""POWER"", ""POWER"", ""POWER"", ""POWER"", ""POWER"", ""POWER"", ""POWER"", ""POWER"", ""POWER"", ""POWER"", ""POWER"", ""POWER"", ""POWER"", ""POWER"", ""POWER"", ""POWER"", ""POWER"", ""POWER"", ""POWER"", ""POWER"", ""POWER"", ""POWER"", ""POWER"", ""POWER"", ""POWER"", ""POWER"", ""POWER"", ""POWER"", ""POWER"", ""POWER"", ""POWER"", ""POWER"", ""POWER"", ""POWER"", ""POWER"", ""POWER"", ""POWER"", ""POWER"", ""POWER"", ""POWER"", ""POWER"", ""POWER"", ""POWER"", ""POWER"", ""POWER"", ""POWER"", ""POWER"", ""POWER"", ""POWER"", ""POWER"", ""POWER"", ""POWER"", ""POWER"", ""POWER"", ""POWER"", ""POWER"", ""POWER"", ""POWER"", ""POWER"", ""POWER"", ""POWER"", ""POWER"", ""POWER"", ""POWER"", ""POWER"", ""POWER"", ""POWER"", ""POWER"", ""POWER"", ""POWER"", ""POWER"", ""POWER"", ""POWER"", ""POWER"", ""POWER"", ""POWER"", ""POWER"", ""POWER"", ""POWER"", ""POWER"", ""POWER"", ""POWER"", ""POWER"", ""POWER"", ""POWER"", ""POWER"", ""POWER"", ""POWER"", ""POWER"", ""POWER"", ""POWER"", ""POWER"", ""POWER"", ""POWER"", ""POWER"", ""POWER"", ""POWER"", ""POWER"", ""POWER"", ""POWER"", ""POWER"", ""POWER"", ""POWER"", ""POWER"", ""POWER"", ""POWER"", ""POWER"", ""POWER"", ""POWER"", ""POWER"", ""POWER"", ""POWER"", ""POWER"", ""POWER"", ""POWER"", ""POWER"", ""POWER"", ""POWER"", ""POWER"", ""POWER"", ""POWER"", ""POWER"", ""POWER"", ""POWER"", ""POWER"", ""POWER"", ""POWER"", ""POWER"", ""POWER"", ""POWER"", ""POWER"", ""POWER"", ""POWER"", ""POWER"", ""POWER"", ""POWER"", ""POWER"", ""POWER"", ""POWER"", ""POWER"", ""POWER"", ""POWER"", ""POWER"", ""POWER"", ""POWER"", ""POWER"", ""POWER"", ""POWER"", ""POWER"", ""POWER"", ""POWER"", ""POWER"", ""POWER"", ""POWER"", ""POWER"", ""POWER"", ""POWER"", ""POWER"", ""POWER"", ""POWER"", ""POWER"", ""POWER"", ""POWER"", ""POWER"", ""POWER"", ""POWER"", ""POWER"", ""POWER"", ""POWER"", ""POWER"", ""POWER"", ""POWER"", ""POWER"", ""POWER"", ""POWER"", ""POWER"", ""POWER"", ""POWER"", ""POWER"", ""POWER"", ""POWER"", ""POWER"", ""POWER"", ""POWER"", ""POWER"", ""POWER"", ""POWER"", ""POWER"", ""POWER"", ""POWER"", ""POWER"", ""POWER"", ""POWER"", ""POWER"", ""POWER"", ""POWER"", ""POWER"", ""POWER"", ""POWER"", ""POWER"", ""POWER"", ""POWER"", ""POWER"", ""POWER"", ""POWER"", ""POWER"", ""POWER"", ""POWER"", ""POWER"", ""POWER"", ""POWER"", ""POWER"", ""POWER"", ""POWER"", ""POWER"", ""POWER"", ""POWER"", ""POWER"", ""POWER"", ""POWER"", ""POWER"", ""POWER"", ""POWER"", ""POWER"", ""POWER"", ""POWER"", ""POWER"", ""POWER"", ""POWER"", ""POWER"", ""POWER"", ""POWER"", ""POWER"", ""POWER"", ""POWER"", ""POWER"", ""POWER"", ""POWER"", ""POWER"", ""POWER"", ""POWER"", ""POWER"", ""POWER"", ""POWER"", ""POWER"", ""POWER"", ""POWER"", ""POWER"", ""POWER"", ""POWER"", ""POWER"", ""POWER"", ""POWER"", ""POWER"", ""POWER"", ""POWER"", ""POWER"", ""POWER"", ""POWER"", ""POWER"", ""POWER"", ""POWER"", ""POWER"", ""POWER"", ""POWER"", ""POWER"", ""POWER"", ""POWER"", ""POWER"", ""POWER"", ""POWER"", ""POWER"", ""POWER"", ""POWER"", ""POWER"", ""POWER"", ""POWER"", ""POWER"", ""POWER"", ""POWER"", ""POWER"", ""POWER"", ""POWER"", ""POWER"", ""POWER"", ""POWER"", ""POWER"", ""POWER"", ""POWER"", ""POWER"", ""POWER"", ""POWER"", ""POWER"", ""POWER"", ""POWER"", ""POWER"", ""POWER"", ""POWER"", ""POWER"", ""POWER"", ""POWER"", ""POWER"", ""POWER"", ""POWER"", ""POWER"", ""POWER"", ""POWER"", ""POWER"", ""POWER"", ""POWER"", ""POWER"", ""POWER"", ""POWER"", ""POWER"", ""POWER"", ""POWER"", ""POWER"", ""POWER"", ""POWER"", ""POWER"", ""POWER"", ""POWER"", ""POWER"", ""POWER"", ""POWER"", ""POWER"", ""POWER"", ""POWER"", ""POWER"", ""POWER"", ""POWER"", ""POWER"", ""POWER"", ""POWER"", ""POWER"", ""POWER"", ""POWER"", ""POWER"", ""POWER"", ""POWER"", ""POWER"", ""POWER"", ""POWER"", ""POWER"", ""POWER"", ""POWER"", ""POWER"", ""POWER"", ""POWER"", ""POWER"", ""POWER"", ""POWER"", ""POWER"", ""POWER"", ""POWER"", ""POWER"", ""POWER"", ""POWER"", ""POWER"", ""POWER"", ""POWER"", ""POWER"", ""POWER"", ""POWER"", ""POWER"", ""POWER"", ""POWER"", ""POWER"", ""POWER"", ""POWER"", ""POWER"", ""POWER"", ""POWER"", ""POWER"", ""POWER"", ""POWER"", ""POWER"", ""POWER"", ""POWER"", ""POWER"", ""POWER"", ""POWER"", ""POWER"", ""POWER"", ""POWER"", ""POWER"", ""POWER"", ""POWER"", ""POWER"", ""POWER"", ""POWER"", ""POWER"", ""POWER"", ""POWER"", ""POWER"", ""POWER"", ""POWER"", ""POWER"", ""POWER"", ""POWER"", ""POWER"", ""POWER"", ""POWER"", ""POWER"", ""POWER"", ""POWER"", ""POWER"", ""POWER"", ""POWER"", ""POWER"", ""POWER"", ""POWER"", ""POWER"", ""POWER"", ""POWER"", ""POWER"", ""POWER"", ""POWER"", ""POWER"", ""POWER"", ""POWER"", ""POWER"", ""POWER"", ""POWER"", ""POWER"", ""POWER"", ""POWER"", ""POWER"", ""POWER"", ""POWER"", ""POWER"", ""POWER"", ""POWER"", ""POWER"", ""POWER"", ""POWER"", ""POWER"", ""POWER"", ""POWER"", ""POWER"", ""POWER"", ""POWER"", ""POWER"", ""POWER"", ""POWER"", ""POWER"", ""POWER"", ""POWER"", ""POWER"", ""POWER"", ""POWER"", ""POWER"", ""POWER"", ""POWER"", ""POWER"", ""POWER"", ""POWER"", ""POWER"", ""POWER"", ""POWER"", ""POWER"", ""POWER"", ""POWER"", ""POWER"", ""POWER"", ""POWER"", ""POWER"", ""POWER"", ""POWER"", ""POWER"", ""POWER"", ""POWER"", ""POWER"", ""POWER"", ""POWER"", ""POWER"", ""POWER"", ""POWER"", ""POWER"", ""POWER"", ""POWER"", ""POWER"", ""POWER"", ""POWER"", ""POWER"", ""POWER"", ""POWER"", ""POWER"", ""POWER"", ""POWER"", ""POWER"", ""POWER"", ""POWER"", ""POWER"", ""POWER"", ""POWER"", ""POWER"", ""POWER"", ""POWER"", ""POWER"", ""POWER"", ""POWER"", ""POWER"", ""POWER"", ""POWER"", ""POWER"", ""POWER"", ""POWER"", ""POWER"", ""POWER"", ""POWER"", ""POWER"", ""POWER"", ""POWER"", ""POWER"", ""POWER"", ""POWER"", ""POWER"", ""POWER"", ""POWER"", ""POWER"", ""POWER"", ""POWER"", ""POWER"", ""POWER"", ""POWER"", ""POWER"", ""POWER"", ""POWER"", ""POWER"", ""POWER"", ""POWER"", ""POWER"", ""POWER"", ""POWER"", ""POWER"", ""POWER"", ""POWER"", ""POWER"", ""POWER"", ""POWER"", ""POWER"", ""POWER"", ""POWER"", ""POWER"", ""POWER"", ""POWER"", ""POWER"", ""POWER"", ""POWER"", ""POWER"", ""POWER"", ""POWER"", ""POWER"", ""POWER"", ""POWER"", ""POWER"", ""POWER"", ""POWER"", ""POWER"", ""POWER"", ""POWER"", ""POWER"", ""POWER"", ""POWER"", ""POWER"", ""POWER"", ""POWER"", ""POWER"", ""POWER"", ""POWER"", ""POWER"", ""POWER"", ""POWER"", ""POWER"", ""POWER"", ""POWER"", ""POWER"", ""POWER"", ""POWER"", ""POWER"", ""POWER"", ""POWER"", ""POWER"", ""POWER"", ""POWER"", ""POWER"", ""POWER"", ""POWER"", ""POWER"", ""POWER"", ""POWER"", ""POWER"", ""POWER"", ""POWER"", ""POWER"", ""POWER"", ""POWER"", ""POWER"", ""POWER"", ""POWER"", ""POWER"", ""POWER"", ""POWER"", ""POWER"", ""POWER"", ""POWER"", ""POWER"", ""POWER"", ""POWER"", ""POWER"", ""POWER"", ""POWER"", ""POWER"", ""POWER"", ""POWER"", ""POWER"", ""POWER"", ""POWER"", ""POWER"", ""POWER"", ""POWER"", ""POWER"", ""POWER"", ""POWER"", ""POWER"", ""POWER"", ""POWER"", ""POWER"", ""POWER"", ""POWER"", ""POWER"", ""POWER"", ""POWER"", ""POWER"", ""POWER"", ""POWER"", ""POWER"", ""POWER"", ""POWER"", ""POWER"", ""POWER"", ""POWER"", ""POWER"", ""POWER"", ""POWER"", ""POWER"", ""POWER"", ""POWER"", ""POWER"", ""POWER"", ""POWER"", ""POWER"", ""POWER"", ""POWER"", ""POWER"", ""POWER"", ""POWER"", ""POWER"", ""POWER"", ""POWER"", ""POWER"", ""POWER"", ""POWER"", ""POWER"", ""POWER"", ""POWER"", ""POWER"", ""POWER"", ""POWER"", ""POWER"", ""POWER"", ""POWER"", ""POWER"", ""POWER"", ""POWER"", ""POWER"", ""POWER"", ""POWER"", ""POWER"", ""POWER"", ""POWER"", ""POWER"", ""POWER"", ""POWER"", ""POWER"", ""POWER"", ""POWER"", ""POWER"", ""POWER"", ""POWER"", ""POWER"", ""POWER"", ""POWER"", ""POWER"", ""POWER"", ""POWER"", ""POWER"", ""POWER"", ""POWER"", ""POWER"", ""POWER"", ""POWER"", ""POWER"", ""POWER"", ""POWER"", ""POWER"", ""POWER"", ""POWER"", ""POWER"", ""POWER"", ""POWER"", ""POWER"", ""POWER"", ""POWER"", ""POWER"", ""POWER"", ""POWER"", ""POWER"", ""POWER"", ""POWER"", ""POWER"", ""POWER"", ""POWER"", ""POWER"", ""POWER"", ""POWER"", ""POWER"", ""POWER"", ""POWER"", ""POWER"", ""POWER"", ""POWER"", ""POWER"", ""POWER"", ""POWER"", ""POWER"", ""POWER"", ""POWER"", ""POWER"", ""POWER"", ""POWER"", ""POWER"", ""POWER"", ""POWER"", ""POWER"", ""POWER"", ""POWER"", ""POWER"", ""POWER"", ""POWER"", ""POWER"", ""POWER"", ""POWER"", ""POWER"", ""POWER"", ""POWER"", ""POWER"", ""POWER"", ""POWER"", ""POWER"", ""POWER"", ""POWER"", ""POWER"", ""POWER"", ""POWER"", ""POWER"", ""POWER"", ""POWER"", ""POWER"", ""POWER"", ""POWER"", ""POWER"", ""POWER"", ""POWER"", ""POWER"", ""POWER"", ""POWER"", ""POWER"", ""POWER"", ""POWER"", ""POWER"", ""POWER"", ""POWER"", ""POWER"", ""POWER"", ""POWER"", ""POWER"", ""POWER"", ""POWER"", ""POWER"", ""POWER"", ""POWER"", ""POWER"", ""POWER"", ""POWER"", ""POWER"", ""POWER"", ""POWER"", ""POWER"", ""POWER"", ""POWER"", ""POWER"", ""POWER"", ""POWER"", ""POWER"", ""POWER"", ""POWER"", ""POWER"", ""POWER"", ""POWER"", ""POWER"", ""POWER"", ""POWER"", ""POWER"", ""POWER"", ""POWER"", ""POWER"", ""POWER"", ""POWER"", ""POWER"", ""POWER"", ""POWER"", ""POWER"", ""POWER"", ""POWER"", ""POWER"", ""POWER"", ""POWER"", ""POWER"", ""POWER"", ""POWER"", ""POWER"", ""POWER"", ""POWER"", ""POWER"", ""POWER"", ""POWER"", ""POWER"", ""POWER"", ""POWER"", ""POWER"", ""POWER"", ""POWER"", ""POWER"", ""POWER"", ""POWER"", ""POWER"", ""POWER"", ""POWER"", ""POWER"", ""POWER"", ""POWER"", ""POWER"", ""POWER"", ""POWER"", ""POWER"", ""POWER"", ""POWER"", ""POWER"", ""POWER"", ""POWER"", ""POWER"", ""POWER"", ""POWER"", ""POWER"", ""POWER"", ""POWER"", ""POWER"", ""POWER"", ""POWER"", ""POWER"", ""POWER"", ""POWER"", ""POWER"", ""POWER"", ""POWER"", ""POWER"", ""POWER"", ""POWER"", ""POWER"", ""POWER"", ""POWER"", ""POWER"", ""POWER"", ""POWER"", ""POWER"", ""POWER"", ""POWER"", ""POWER"", ""POWER"", ""POWER"", ""POWER"", ""POWER"", ""POWER"", ""POWER"", ""POWER"", ""POWER"", ""POWER"", ""POWER"", ""POWER"", ""POWER"", ""POWER"", ""POWER"", ""POWER"", ""POWER"", ""POWER"", ""POWER"", ""POWER"", ""POWER"", ""POWER"", ""POWER"", ""POWER"", ""POWER"", ""POWER"", ""POWER"", ""POWER"", ""POWER"", ""POWER"", ""POWER"", ""POWER"", ""POWER"", ""POWER"", ""POWER"", ""POWER"", ""POWER"", ""POWER"", ""POWER"", ""POWER"", ""POWER"", ""POWER"", ""POWER"", ""POWER"", ""POWER"", ""POWER"", ""POWER"", ""POWER"", ""POWER"", ""POWER"", ""POWER"", ""POWER"", ""POWER"", ""POWER"", ""POWER"", ""POWER"", ""POWER"", ""POWER"", ""POWER"", ""POWER"", ""POWER"", ""POWER"", ""POWER"", ""POWER"", ""POWER"", ""POWER"", ""POWER"", ""POWER"", ""POWER"", ""POWER"", ""POWER"", ""POWER"", ""POWER"", ""POWER"", ""POWER"", ""POWER"", ""POWER"", ""POWER"", ""POWER"", ""POWER"", ""POWER"", ""POWER"", ""POWER"", ""POWER"", ""POWER"", ""POWER"", ""POWER"", ""POWER"", ""POWER"", ""POWER"", ""POWER"", ""POWER"", ""POWER"", ""POWER"", ""POWER"", ""POWER"", ""POWER"", ""POWER"", ""POWER"", ""POWER"", ""POWER"", ""POWER"", ""POWER"", ""POWER"", ""POWER"", ""POWER"", ""POWER"", ""POWER"", ""POWER"", ""POWER"", ""POWER"", ""POWER"", ""POWER"", ""POWER"", ""POWER"", ""POWER"", ""POWER"", ""POWER"", ""POWER"", ""POWER"", ""POWER"", ""POWER"", ""POWER"", ""POWER"", ""POWER"", ""POWER"", ""POWER"", ""POWER"", ""POWER"", ""POWER"", ""POWER"", ""POWER"", ""POWER"", ""POWER"", ""POWER"", ""POWER"", ""POWER"", ""POWER"", ""POWER"", ""POWER"", ""POWER"", ""POWER"", ""POWER"", ""POWER"", ""POWER"", ""POWER"", ""POWER"", ""POWER"", ""POWER"", ""POWER"", ""POWER"", ""POWER"", ""POWER"", ""POWER"", ""POWER"", ""POWER"", ""POWER"", ""POWER"", ""POWER"", ""POWER"", ""POWER"", ""POWER"", ""POWER"", ""POWER"", ""POWER"", ""POWER"", ""POWER"", ""POWER"", ""POWER"", ""POWER"", ""POWER"", ""POWER"", ""POWER"", ""POWER"", ""POWER"", ""POWER"", ""POWER"", ""POWER"", ""POWER"", ""POWER"", ""POWER"", ""POWER"", ""POWER"", ""POWER"", ""POWER"", ""POWER"", ""POWER"", ""POWER"", ""POWER"", ""POWER"", ""POWER"", ""POWER"", ""POWER"", ""POWER"", ""POWER"", ""POWER"", ""POWER"", ""POWER"", ""POWER"", ""POWER"", ""POWER"", ""POWER"", ""POWER"", ""POWER"", ""POWER"", ""POWER"", ""POWER"", ""POWER"", ""POWER"", ""POWER"", ""POWER"", ""POWER"", ""POWER"", ""POWER"", ""POWER"", ""POWER"", ""POWER"", ""POWER"", ""POWER"", ""POWER"", ""POWER"", ""POWER"", ""POWER"", ""POWER"", ""POWER"", ""POWER"", ""POWER"", ""POWER"", ""POWER"", ""POWER"", ""POWER"", ""POWER"", ""POWER"", ""POWER"", ""POWER"", ""POWER"", ""POWER"", ""POWER"", ""POWER"", ""POWER"", ""POWER"", ""POWER"", ""POWER"", ""POWER"", ""POWER"", ""POWER"", ""POWER"", ""POWER"", ""POWER"", ""POWER"", ""POWER"", ""POWER"", ""POWER"", ""POWER"", ""POWER"", ""POWER"", ""POWER"", ""POWER"", ""POWER"", ""POWER"", ""POWER"", ""POWER"", ""POWER"", ""POWER"", ""POWER"", ""POWER"", ""POWER"", ""POWER"", ""POWER"", ""POWER"", ""POWER"", ""POWER"", ""POWER"", ""POWER"", ""POWER"", ""POWER"", ""POWER"", ""POWER"", ""POWER"", ""POWER"", ""POWER"", ""POWER"", ""POWER"", ""POWER"", ""POWER"", ""POWER"", ""POWER"", ""POWER"", ""POWER"", ""POWER"", ""POWER"", ""POWER"", ""POWER"", ""POWER"", ""POWER"", ""POWER"", ""POWER"", ""POWER"", ""POWER"", ""POWER"", ""POWER"", ""POWER"", ""POWER"", ""POWER"", ""POWER"", ""POWER"", ""POWER"", ""POWER"", ""POWER"", ""POWER"", ""POWER"", ""POWER"", ""POWER"", ""POWER"", ""POWER"", ""POWER"", ""POWER"", ""POWER"", ""POWER"", ""POWER"", ""POWER"", ""POWER"", ""POWER"", ""POWER"", ""POWER"", ""POWER"", ""POWER"", ""POWER"", ""POWER"", ""POWER"", ""POWER"", ""POWER"", ""POWER"", ""POWER"", ""POWER"", ""POWER"", ""POWER"", ""POWER"", ""POWER"", ""POWER"", ""POWER"", ""POWER"", ""POWER"", ""POWER"", ""POWER"", ""POWER"", ""POWER"", ""POWER"", ""POWER"", ""POWER"", ""POWER"", ""POWER"", ""POWER"", ""POWER"", ""POWER"", ""POWER"", ""POWER"", ""POWER"", ""POWER"", ""POWER"", ""POWER"", ""POWER"", ""POWER"", ""POWER"", ""POWER"", ""POWER"", ""POWER"", ""POWER"", ""POWER"", ""POWER"", ""POWER"", ""POWER"", ""POWER"", ""POWER"", ""POWER"", ""POWER"", ""POWER"", ""POWER"", ""POWER"", ""POWER"", ""POWER"", ""POWER"", ""POWER"", ""POWER"", ""POWER"", ""POWER"", ""POWER"", ""POWER"", ""POWER"", ""POWER"", ""POWER"", ""POWER"", ""POWER"", ""POWER"", ""POWER"", ""POWER"", ""POWER"", ""POWER"", ""POWER"", ""POWER"", ""POWER"", ""POWER"", ""POWER"", ""POWER"", ""POWER"", ""POWER"", ""POWER"", ""POWER"", ""POWER"", ""POWER"", ""POWER"", ""POWER"", ""POWER"", ""POWER"", ""POWER"", ""POWER"", ""POWER"", ""POWER"", ""POWER"", ""POWER"", ""POWER"", ""POWER"", ""POWER"", ""POWER"", ""POWER"", ""POWER"", ""POWER"", ""POWER"", ""POWER"", ""POWER"", ""POWER"", ""POWER"", ""POWER"", ""POWER"", ""POWER"", ""POWER"", ""POWER"", ""POWER"", ""POWER"", ""POWER"", ""POWER"", ""POWER"", ""POWER"", ""POWER"", ""POWER"", ""POWER"", ""POWER"", ""POWER"", ""POWER"", ""POWER"", ""POWER"", ""POWER"", ""POWER"", ""POWER"", ""POWER"", ""POWER"", ""POWER"", ""POWER"", ""POWER"", ""POWER"", ""POWER"", ""POWER"", ""POWER"", ""POWER"", ""POWER"", ""POWER"", ""POWER"", ""POWER"", ""POWER"", ""POWER"", ""POWER"", ""POWER"", ""POWER"", ""POWER"", ""POWER"", ""POWER"", ""POWER"", ""POWER"", ""POWER"", ""POWER"", ""POWER"", ""POWER"", ""POWER"", ""POWER"", ""POWER"", ""POWER"", ""POWER"", ""POWER"", ""POWER"", ""POWER"", ""POWER"", ""POWER"", ""POWER"", ""POWER"", ""POWER"", ""POWER"", ""POWER"", ""POWER"", ""POWER"", ""POWER"", ""POWER"", ""POWER"", ""POWER"", ""POWER"", ""POWER"", ""POWER"", ""POWER"", ""POWER"", ""POWER"", ""POWER"", ""POWER"", ""POWER"", ""POWER"", ""POWER"", ""POWER"", ""POWER"", ""POWER"", ""POWER"", ""POWER"", ""POWER"", ""POWER"", ""POWER"", ""POWER"", ""POWER"", ""POWER"", ""POWER"", ""POWER"", ""POWER"", ""POWER"", ""POWER"", ""POWER"", ""POWER"", ""POWER"", ""POWER"", ""POWER"", ""POWER"", ""POWER"", ""POWER"", ""POWER"", ""POWER"", ""POWER"", ""POWER"", ""POWER"", ""POWER"", ""POWER"", ""POWER"", ""POWER"", ""POWER"", ""POWER"", ""POWER"", ""POWER"", ""POWER"", ""POWER"", ""POWER"", ""POWER"", ""POWER"", ""POWER"", ""POWER"", ""POWER"", ""POWER"", ""POWER"", ""POWER"", ""POWER"", ""POWER"", ""POWER"", ""POWER"", ""POWER"", ""POWER"", ""POWER"", ""POWER"", ""POWER"", ""POWER"", ""POWER"", ""POWER"", ""POWER"", ""POWER"", ""POWER"", ""POWER"", ""POWER"", ""POWER"", ""POWER"", ""POWER"", ""POWER"", ""POWER"", ""POWER"", ""POWER"", ""POWER"", ""POWER"", ""POWER"", ""POWER"", ""POWER"", ""POWER"", ""POWER"", ""POWER"", ""POWER"", ""POWER"", ""POWER"", ""POWER"", ""POWER"", ""POWER"", ""POWER"", ""POWER"", ""POWER"", ""POWER"", ""POWER"", ""POWER"", ""POWER"", ""POWER"", ""POWER"", ""POWER"", ""POWER"", ""POWER"", ""POWER"", ""POWER"", ""POWER"", ""POWER"", ""POWER"", ""POWER"", ""POWER"", ""POWER"", ""POWER"", ""POWER"", ""POWER"", ""POWER"", ""POWER"", ""POWER"", ""POWER"", ""POWER"", ""POWER"", ""POWER"", ""POWER"", ""POWER"", ""POWER"", ""POWER"", ""POWER"", ""POWER"", ""POWER"", ""POWER"", ""POWER"", ""POWER"", ""POWER"", ""POWER"", ""POWER"", ""POWER"", ""POWER"", ""POWER"", ""POWER"", ""POWER"", ""POWER"", ""POWER"", ""POWER"", ""POWER"", ""POWER"", ""POWER"", ""POWER"", ""POWER"", ""POWER"", ""POWER"", ""POWER"", ""POWER"", ""POWER"", ""POWER"", ""POWER"", ""POWER"", ""POWER"", ""POWER"", ""POWER"", ""POWER"", ""POWER"", ""POWER"", ""POWER"", ""POWER"", ""POWER"", ""POWER"", ""POWER"", ""POWER"", ""POWER"", ""POWER"", ""POWER"", ""POWER"", ""POWER"", ""POWER"", ""POWER"", ""POWER"", ""POWER"", ""POWER"", ""POWER"", ""POWER"", ""POWER"", ""POWER"", ""POWER"", ""POWER"", ""POWER"", ""POWER"", ""POWER"", ""POWER"", ""POWER"", ""POWER"", ""POWER"", ""POWER"", ""POWER"", ""POWER"", ""POWER"", ""POWER"", ""POWER"", ""POWER"", ""POWER"", ""POWER"", ""POWER"", ""POWER"", ""POWER"", ""POWER"", ""POWER"", ""POWER"", ""POWER"", ""POWER"", ""POWER"", ""POWER"", ""POWER"", ""POWER"", ""POWER"", ""POWER"", ""POWER"", ""POWER"", ""POWER"", ""POWER"", ""POWER"", ""POWER"", ""POWER"", ""POWER"", ""POWER"", ""POWER"", ""POWER"", ""POWER"", ""POWER"", ""POWER"", ""POWER"", ""POWER"", ""POWER"", ""POWER"", ""POWER"", ""POWER"", ""POWER"", ""POWER"", ""POWER"", ""POWER"", ""POWER"", ""POWER"", ""POWER"", ""POWER"", ""POWER"", ""POWER"", ""POWER"", ""POWER"", ""POWER"", ""POWER"", ""POWER"", ""POWER"", ""POWER"", ""POWER"", ""POWER"", ""POWER"", ""POWER"", ""POWER"", ""POWER"", ""POWER"", ""POWER"", ""POWER"", ""POWER"", ""POWER"", ""POWER"", ""POWER"", ""POWER"", ""POWER"", ""POWER"", ""POWER"", ""POWER"", ""POWER"", ""POWER"", ""POWER"", ""POWER"", ""POWER"", ""POWER"", ""POWER"", ""POWER"", ""POWER"", ""POWER"", ""POWER"", ""POWER"", ""POWER"", ""POWER"", ""POWER"", ""POWER"", ""POWER"", ""POWER"", ""POWER"", ""POWER"", ""POWER"", ""POWER"", ""POWER"", ""POWER"", ""POWER"", ""POWER"", ""POWER"", ""POWER"", ""POWER"", ""POWER"", ""POWER"", ""POWER"", ""POWER"", ""POWER"", ""POWER"", ""POWER"", ""POWER"", ""POWER"", ""POWER"", ""POWER"", ""POWER"", ""POWER"", ""POWER"", ""POWER"", ""POWER"", ""POWER"", ""POWER"", ""POWER"", ""POWER"", ""POWER"", ""POWER"", ""POWER"", ""POWER"", ""POWER"", ""POWER"", ""POWER"", ""POWER"", ""POWER"", ""POWER"", ""POWER"", ""POWER"", ""POWER"", ""POWER"", ""POWER"", ""POWER"", ""POWER"", ""POWER"", ""POWER"", ""POWER"", ""POWER"", ""POWER"", ""POWER"", ""POWER"", ""POWER"", ""POWER"", ""POWER"", ""POWER"", ""POWER"", ""POWER"", ""POWER"", ""POWER"", ""POWER"", ""POWER"", ""POWER"", ""POWER"", ""POWER"", ""POWER"", ""POWER"", ""POWER"", ""POWER"", ""POWER"", ""POWER"", ""POWER"", ""POWER"", ""POWER"", ""POWER"", ""POWER"", ""POWER"", ""POWER"", ""POWER"", ""POWER"", ""POWER"", ""POWER"", ""POWER"", ""POWER"", ""POWER"", ""POWER"", ""POWER"", ""POWER"", ""POWER"", ""POWER"", ""POWER"", ""POWER"", ""POWER"", ""POWER"", ""POWER"", ""POWER"", ""POWER"", ""POWER"", ""POWER"", ""POWER"", ""POWER"", ""POWER"", ""POWER"", ""POWER"", ""POWER"", ""POWER"", ""POWER"", ""POWER"", ""POWER"", ""POWER"", ""POWER"", ""POWER"", ""POWER"", ""POWER"", ""POWER"", ""POWER"", ""POWER"", ""POWER"", ""POWER"", ""POWER"", ""POWER"", ""POWER"", ""POWER"", ""POWER"", ""POWER"", ""POWER"", ""POWER"", ""POWER"", ""POWER"", ""POWER"", ""POWER"", ""POWER"", ""POWER"", ""POWER"", ""POWER"", ""POWER"", ""POWER"", ""POWER"", ""POWER"", ""POWER"", ""POWER"", ""POWER"", ""POWER"", ""POWER"", ""POWER"", ""POWER"", ""POWER"", ""POWER"", ""POWER"", ""POWER"", ""POWER"", ""POWER"", ""POWER"", ""POWER"", ""POWER"", ""POWER"", ""POWER"", ""POWER"", ""POWER"", ""POWER"", ""POWER"", ""POWER"", ""POWER"", ""POWER"", ""POWER"", ""POWER"", ""POWER"", ""POWER"", ""POWER"", ""POWER"", ""POWER"", ""POWER"", ""POWER"", ""POWER"", ""POWER"", ""POWER"", ""POWER"", ""POWER"", ""POWER"", ""POWER"", ""POWER"", ""POWER"", ""POWER"", ""POWER"", ""POWER"", ""POWER"", ""POWER"", ""POWER"", ""POWER"", ""POWER"", ""POWER"", ""POWER"", ""POWER"", ""POWER"", ""POWER"", ""POWER"", ""POWER"", ""POWER"", ""POWER"", ""POWER"", ""POWER"", ""POWER"", ""POWER"", ""POWER"", ""POWER"", ""POWER"", ""POWER"", ""POWER"", ""POWER"", ""POWER"", ""POWER"", ""POWER"", ""POWER"", ""POWER"", ""POWER"", ""POWER"", ""POWER"", ""POWER"", ""POWER"", ""POWER"", ""POWER"", ""POWER"", ""POWER"", ""POWER"", ""POWER"", ""POWER"", ""POWER"", ""POWER"", ""POWER"", ""POWER"", ""POWER"", ""POWER"", ""POWER"", ""POWER"", ""POWER"", ""POWER"", ""POWER"", ""POWER"", ""POWER"", ""POWER"", ""POWER"", ""POWER"", ""POWER"", ""POWER"", ""POWER"", ""POWER"", ""POWER"", ""POWER"", ""POWER"", ""POWER"", ""POWER"", ""POWER"", ""POWER"", ""POWER"", ""POWER"", ""POWER"", ""POWER"", ""POWER"", ""POWER"", ""POWER"", ""POWER"", ""POWER"", ""POWER"", ""POWER"", ""POWER"", ""POWER"", ""POWER"", ""POWER"", ""POWER"", ""POWER"", ""POWER"", ""POWER"", ""POWER"", ""POWER"", ""POWER"", ""POWER"", ""POWER"", ""POWER"", ""POWER"", ""POWER"", ""POWER"", ""POWER"", ""POWER"", ""POWER"", ""POWER"", ""POWER"", ""POWER"", ""POWER"", ""POWER"", ""POWER"", ""POWER"", ""POWER"", ""POWER"", ""POWER"", ""POWER"", ""POWER"", ""POWER"", ""POWER"", ""POWER"", ""POWER"", ""POWER"", ""POWER"", ""POWER"", ""POWER"", ""POWER"", ""POWER"", ""POWER"", ""POWER"", ""POWER"", ""POWER"", ""POWER"", ""POWER"", ""POWER"", ""POWER"", ""POWER"", ""POWER"", ""POWER"", ""POWER"", ""POWER"", ""POWER"", ""POWER"", ""POWER"", ""POWER"", ""POWER"", ""POWER"", ""POWER"", ""POWER"", ""POWER"", ""POWER"", ""POWER"", ""POWER"", ""POWER"", ""POWER"", ""POWER"", ""POWER"", ""POWER"", ""POWER"", ""POWER"", ""POWER"", ""POWER"", ""POWER"", ""POWER"", ""POWER"", ""POWER"", ""POWER"", ""POWER"", ""POWER"", ""POWER"", ""POWER"", ""POWER"", ""POWER"", ""POWER"", ""POWER"", ""POWER"", ""POWER"", ""POWER"", ""POWER"", ""POWER"", ""POWER"", ""POWER"", ""POWER"", ""POWER"", ""POWER"", ""POWER"", ""POWER"", ""POWER"", ""POWER"", ""POWER"", ""POWER"", ""POWER"", ""POWER"", ""POWER"", ""POWER"", ""POWER"", ""POWER"", ""POWER"", ""POWER"", ""POWER"", ""POWER"", ""POWER"", ""POWER"", ""POWER"", ""POWER"", ""POWER"", ""POWER"", ""POWER"", ""POWER"", ""POWER"", ""POWER"", ""POWER"", ""POWER"", ""POWER"", ""POWER"", ""POWER"", ""POWER"", ""POWER"", ""POWER"", ""POWER"", ""POWER"", ""POWER"", ""POWER"", ""POWER"", ""POWER"", ""POWER"", ""POWER"", ""POWER"", ""POWER"", ""POWER"", ""POWER"", ""POWER"", ""POWER"", ""POWER"", ""POWER"", ""POWER"", ""POWER"", ""POWER"", ""POWER"", ""POWER"", ""POWER"", ""POWER"", ""POWER"", ""POWER"", ""POWER"", ""POWER"", ""POWER"", ""POWER"", ""POWER"", ""POWER"", ""POWER"", ""POWER"", ""POWER"", ""POWER"", ""POWER"", ""POWER"", ""POWER"", ""POWER"", ""POWER"", ""POWER"", ""POWER"", ""POWER"", ""POWER"", ""POWER"", ""POWER"", ""POWER"", ""POWER"", ""POWER"", ""POWER"", ""POWER"", ""POWER"", ""POWER"", ""POWER"", ""POWER"", ""POWER"", ""POWER"", ""POWER"", ""POWER"", ""POWER"", ""POWER"", ""POWER"", ""POWER"", ""POWER"", ""POWER"", ""POWER"", ""POWER"", ""POWER"", ""POWER"", ""POWER"", ""POWER"", ""POWER"", ""POWER"", ""POWER"", ""POWER"", ""POWER"", ""POWER"", ""POWER"", ""POWER"", ""POWER"", ""POWER"", ""POWER"", ""POWER"", ""POWER"", ""POWER"", ""POWER"", ""POWER"", ""POWER"", ""POWER"", ""POWER"", ""POWER"", ""POWER"", ""POWER"", ""POWER"", ""POWER"", ""POWER"", ""POWER"", ""POWER"", ""POWER"", ""POWER"", ""POWER"", ""POWER"", ""POWER"", ""POWER"", ""POWER"", ""POWER"", ""POWER"", ""POWER"", ""POWER"", ""POWER"", ""POWER"", ""POWER"", ""POWER"", ""POWER"", ""POWER"", ""POWER"", ""POWER"", ""POWER"", ""POWER"", ""POWER"", ""POWER"", ""POWER"", ""POWER"", ""POWER"", ""POWER"", ""POWER"", ""POWER"", ""POWER"", ""POWER"", ""POWER"", ""POWER"", ""POWER"", ""POWER"", ""POWER"", ""POWER"", ""POWER"", ""POWER"", ""POWER"", ""POWER"", ""POWER"", ""POWER"", ""POWER"", ""POWER"", ""POWER"", ""POWER"", ""POWER"", ""POWER"", ""POWER"", ""POWER"", ""POWER"", ""POWER"", ""POWER"", ""POWER"", ""POWER"", ""POWER"", ""POWER"", ""POWER"", ""POWER"", ""POWER"", ""POWER"", ""POWER"", ""POWER"", ""POWER"", ""POWER"", ""POWER"", ""POWER"", ""POWER"", ""POWER"", ""POWER"", ""POWER"", ""POWER"", ""POWER"", ""POWER"", ""POWER"", ""POWER"", ""POWER"", ""POWER"", ""POWER"", ""POWER"", ""POWER"", ""POWER"", ""POWER"", ""POWER"", ""POWER"", ""POWER"", ""POWER"", ""POWER"", ""POWER"", ""POWER"", ""POWER"", ""POWER"", ""POWER"", ""POWER"", ""POWER"", ""POWER"", ""POWER"", ""POWER"", ""POWER"", ""POWER"", ""POWER"", ""POWER"", ""POWER"", ""POWER"", ""POWER"", ""POWER"", ""POWER"", ""POWER"", ""POWER"", ""POWER"", ""POWER"", ""POWER"", ""POWER"", ""POWER"", ""POWER"", ""POWER"", ""POWER"", ""POWER"", ""POWER"", ""POWER"", ""POWER"", ""POWER"", ""POWER"", ""POWER"", ""POWER"", ""POWER"", ""POWER"", ""POWER"", ""POWER"", ""POWER"", ""POWER"", ""POWER"", ""POWER"", ""POWER"", ""POWER"", ""POWER"", ""POWER"", ""POWER"", ""POWER"", ""POWER"", ""POWER"", ""POWER"", ""POWER"", ""POWER"", ""POWER"", ""POWER"", ""POWER"", ""POWER"", ""POWER"", ""POWER"", ""POWER"", ""POWER"", ""POWER"", ""POWER"", ""POWER"", ""POWER"", ""POWER"", ""POWER"", ""POWER"", ""POWER"", ""POWER"", ""POWER"", ""POWER"", ""POWER"", ""POWER"", ""POWER"", ""POWER"", ""POWER"", ""POWER"", ""POWER"", ""POWER"", ""POWER"", ""POWER"", ""POWER"", ""POWER"", ""POWER"", ""POWER"", ""POWER"", ""POWER"", ""POWER"", ""POWER"", ""POWER"", ""POWER"", ""POWER"", ""POWER"", ""POWER"", ""POWER"", ""POWER"", ""POWER"", ""POWER"", ""POWER"", ""POWER"", ""POWER"", ""POWER"", ""POWER"", ""POWER"", ""POWER"", ""POWER"", ""POWER"", ""POWER"", ""POWER"", ""POWER"", ""POWER"", ""POWER"", ""POWER"", ""POWER"", ""POWER"", ""POWER"", ""POWER"", ""POWER"", ""POWER"", ""POWER"", ""POWER"", ""POWER"", ""POWER"", ""POWER"", ""POWER"", ""POWER"", ""POWER"", ""POWER"", ""POWER"", ""POWER"", ""POWER"", ""POWER"", ""POWER"", ""POWER"", ""POWER"", ""POWER"", ""POWER"", ""POWER"", ""POWER"", ""POWER"", ""POWER"", ""POWER"", ""POWER"", ""POWER"", ""POWER"", ""POWER"", ""POWER"", ""POWER"", ""POWER"", ""POWER"", ""POWER"", ""POWER"", ""POWER"", ""POWER"", ""POWER"", ""POWER"", ""POWER"", ""POWER"", ""POWER"", ""POWER"", ""POWER"", ""POWER"", ""POWER"", ""POWER"", ""POWER"", ""POWER"", ""POWER"", ""POWER"", ""POWER"", ""POWER"", ""POWER"", ""POWER"", ""POWER"", ""POWER"", ""POWER"", ""POWER"", ""POWER"", ""POWER"", ""POWER"", ""POWER"", ""POWER"", ""POWER"", ""POWER"", ""POWER"", ""POWER"", ""POWER"", ""POWER"", ""POWER"", ""POWER"", ""POWER"", ""POWER"", ""POWER"", ""POWER"", ""POWER"", ""POWER"", ""POWER"", ""POWER"", ""POWER"", ""POWER"", ""POWER"", ""POWER"", ""POWER"", ""POWER"", ""POWER"", ""POWER"", ""POWER"", ""POWER"", ""POWER"", ""POWER"", ""POWER"", ""POWER"", ""POWER"", ""POWER"", ""POWER"", ""POWER"", ""POWER"", ""POWER"", ""POWER"", ""POWER"", ""POWER"", ""POWER"", ""POWER"", ""POWER"", ""POWER"", ""POWER"", ""POWER"", ""POWER"", ""POWER"", ""POWER"", ""POWER"", ""POWER"", ""POWER"", ""POWER"", ""POWER"", ""POWER"", ""POWER"", ""POWER"", ""POWER"", ""POWER"", ""POWER"", ""POWER"", ""POWER"", ""POWER"", ""POWER"", ""POWER"", ""POWER"", ""POWER"", ""POWER"", ""POWER"", ""POWER"", ""POWER"", ""POWER"", ""POWER"", ""POWER"", ""POWER"", ""POWER"", ""POWER"", ""POWER"", ""POWER"", ""POWER"", ""POWER"", ""POWER"", ""POWER"", ""POWER"", ""POWER"", ""POWER"", ""POWER"", ""POWER"", ""POWER"", ""POWER"", ""POWER"", ""POWER"", ""POWER"", ""POWER"", ""POWER"", ""POWER"", ""POWER"", ""POWER"", ""POWER"", ""POWER"", ""POWER"", ""POWER"", ""POWER"", ""POWER"", ""POWER"", ""POWER"", ""POWER"", ""POWER"", ""POWER"", ""POWER"", ""POWER"", ""POWER"", ""POWER"", ""POWER"", ""POWER"", ""POWER"", ""POWER"", ""POWER"", ""POWER"", ""POWER"", ""POWER"", ""POWER"", ""POWER"", ""POWER"", ""POWER"", ""POWER"", ""POWER"", ""POWER"", ""POWER"", ""POWER"", ""POWER"", ""POWER"", ""POWER"", ""POWER"", ""POWER"", ""POWER"", ""POWER"", ""POWER"", ""POWER"", ""POWER"", ""POWER"", ""POWER"", ""POWER"", ""POWER"", ""POWER"", ""POWER"", ""POWER"", ""POWER"", ""POWER"", ""POWER"", ""POWER"", ""POWER"", ""POWER"", ""POWER"", ""POWER"", ""POWER"", ""POWER"", ""POWER"", ""POWER"", ""POWER"", ""POWER"", ""POWER"", ""POWER"", ""POWER"", ""POWER"", ""POWER"", ""POWER"", ""POWER"", ""POWER"", ""POWER"", ""POWER"", ""POWER"", ""POWER"", ""POWER"", ""POWER"", ""POWER"", ""POWER"", ""POWER"", ""POWER"", ""POWER"", ""POWER"", ""POWER"", ""POWER"", ""POWER"", ""POWER"", ""POWER"", ""POWER"", ""POWER"", ""POWER"", ""POWER"", ""POWER"", ""POWER"", ""POWER"", ""POWER"", ""POWER"", ""POWER"", ""POWER"", ""POWER"", ""POWER"", ""POWER"", ""POWER"", ""POWER"", ""POWER"", ""POWER"", ""POWER"", ""POWER"", ""POWER"", ""POWER"", ""POWER"", ""POWER"", ""POWER"", ""POWER"", ""POWER"", ""POWER"", ""POWER"", ""POWER"", ""POWER"", ""POWER"", ""POWER"", ""POWER"", ""POWER"", ""POWER"", ""POWER"", ""POWER"", ""POWER"", ""POWER"", ""POWER"", ""POWER"", ""POWER"", ""POWER"", ""POWER"", ""POWER"", ""POWER"", ""POWER"", ""POWER"", ""POWER"", ""POWER"", ""POWER"", ""POWER"", ""POWER"", ""POWER"", ""POWER"", ""POWER"", ""POWER"", ""POWER"", ""POWER"", ""POWER"", ""POWER"", ""POWER"", ""POWER"", ""POWER"", ""POWER"", ""POWER"", ""POWER"", ""POWER"", ""POWER"", ""POWER"", ""POWER"", ""POWER"", ""POWER"", ""POWER"", ""POWER"", ""POWER"", ""POWER"", ""POWER"", ""POWER"", ""POWER"", ""POWER"", ""POWER"", ""POWER"", ""POWER"", ""POWER"", ""POWER"", ""POWER"", ""POWER"", ""POWER"", ""POWER"", ""POWER"", ""POWER"", ""POWER"", ""POWER"", ""POWER"", ""POWER"", ""POWER"", ""POWER"", ""POWER"", ""POWER"", ""POWER"", ""POWER"", ""POWER"", ""POWER"", ""POWER"", ""POWER"", ""POWER"", ""POWER"", ""POWER"", ""POWER"", ""POWER"", ""POWER"", ""POWER"", ""POWER"", ""POWER"", ""POWER"", ""POWER"", ""POWER"", ""POWER"", ""POWER"", ""POWER"", ""POWER"", ""POWER"", ""POWER"", ""POWER"", ""POWER"", ""POWER"", ""POWER"", ""POWER"", ""POWER"", ""POWER"", ""POWER"", ""POWER"", ""POWER"", ""POWER"", ""POWER"", ""POWER"", ""POWER"", ""POWER"", ""POWER"", ""POWER"", ""POWER"", ""POWER"", ""POWER"", ""POWER"", ""POWER"", ""POWER"", ""POWER"", ""POWER"", ""POWER"", ""POWER"", ""POWER"", ""POWER"", ""POWER"", ""POWER"", ""POWER"", ""POWER"", ""POWER"", ""POWER"", ""POWER"", ""POWER"", ""POWER"", ""POWER"", ""POWER"", ""POWER"", ""POWER"", ""POWER"", ""POWER"", ""POWER"", ""POWER"", ""POWER"", ""POWER"", ""POWER"", ""POWER"", ""POWER"", ""POWER"", ""POWER"", ""POWER"", ""POWER"", ""POWER"", ""POWER"", ""POWER"", ""POWER"", ""POWER"", ""POWER"", ""POWER"", ""POWER"", ""POWER"", ""POWER"", ""POWER"", ""POWER"", ""POWER"", ""POWER"", ""POWER"", ""POWER"", ""POWER"", ""POWER"", ""POWER"", ""POWER"", ""POWER"", ""POWER"", ""POWER"", ""POWER"", ""POWER"", ""POWER"", ""POWER"", ""POWER"", ""POWER"", ""POWER"", ""POWER"", ""POWER"", ""POWER"", ""POWER"", ""POWER"", ""POWER"", ""POWER"", ""POWER"", ""POWER"", ""POWER"", ""POWER"", ""POWER"", ""POWER"", ""POWER"", ""POWER"", ""POWER"", ""POWER"", ""POWER"", ""POWER"", ""POWER"", ""POWER"", ""POWER"", ""POWER"", ""POWER"", ""POWER"", ""POWER"", ""POWER"", ""POWER"", ""POWER"", ""POWER"", ""POWER"", ""POWER"", ""POWER"", ""POWER"", ""POWER"", ""POWER"", ""POWER"", ""POWER"", ""POWER"", ""POWER"", ""POWER"", ""POWER"", ""POWER"", ""POWER"", ""POWER"", ""POWER"", ""POWER"", ""POWER"", ""POWER"", ""POWER"", ""POWER"", ""POWER"", ""POWER"", ""POWER"", ""POWER"", ""POWER"", ""POWER"", ""POWER"", ""POWER"", ""POWER"", ""POWER"", ""POWER"", ""POWER"", ""POWER"", ""POWER"", ""POWER"", ""POWER"", ""POWER"", ""POWER"", ""POWER"", ""POWER"", ""POWER"", ""POWER"", ""POWER"", ""POWER"", ""POWER"", ""POWER"", ""POWER"", ""POWER"", ""POWER"", ""POWER"", ""POWER"", ""POWER"", ""POWER"", ""POWER"", ""POWER"", ""POWER"", ""POWER"", ""POWER"", ""POWER"", ""POWER"", ""POWER"", ""POWER"", ""POWER"", ""POWER"", ""POWER"", ""POWER"", ""POWER"", ""POWER"", ""POWER"", ""POWER"", ""POWER"", ""POWER"", ""POWER"", ""POWER"", ""POWER"", ""POWER"", ""POWER"", ""POWER"", ""POWER"", ""POWER"", ""POWER"", ""POWER"", ""POWER"", ""POWER"", ""POWER"", ""POWER"", ""POWER"", ""POWER"", ""POWER"", ""POWER"", ""POWER"", ""POWER"", ""POWER"", ""POWER"", ""POWER"", ""POWER"", ""POWER"", ""POWER"", ""POWER"", ""POWER"", ""POWER"", ""POWER"", ""POWER"", ""POWER"", ""POWER"", ""POWER"", ""POWER"", ""POWER"", ""POWER"", ""POWER"", ""POWER"", ""POWER"", ""POWER"", ""POWER"", ""POWER"", ""POWER"", ""POWER"", ""POWER"", ""POWER"", ""POWER"", ""POWER"", ""POWER"", ""POWER"", ""POWER"", ""POWER"", ""POWER"", ""POWER"", ""POWER"", ""POWER"", ""POWER"", ""POWER"", ""POWER"", ""POWER"", ""POWER"", ""POWER"", ""POWER"", ""POWER"", ""POWER"", ""POWER"", ""POWER"", ""POWER"", ""POWER"", ""POWER"", ""POWER"", ""POWER"", ""POWER"", ""POWER"", ""POWER"", ""POWER"", ""POWER"", ""POWER"", ""POWER"", ""POWER"", ""POWER"", ""POWER"", ""POWER"", ""POWER"", ""POWER"", ""POWER"", ""POWER"", ""POWER"", ""POWER"", ""POWER"", ""POWER"", ""POWER"", ""POWER"", ""POWER"", ""POWER"", ""POWER"", ""POWER"", ""POWER"", ""POWER"", ""POWER"", ""POWER"", ""POWER"", ""POWER"", ""POWER"", ""POWER"", ""POWER"", ""POWER"", ""POWER"", ""POWER"", ""POWER"", ""POWER"", ""POWER"", ""POWER"", ""POWER"", ""POWER"", ""POWER"", ""POWER"", ""POWER"", ""POWER"", ""POWER"", ""POWER"", ""POWER"", ""POWER"", ""POWER"", ""POWER"", ""POWER"", ""POWER"", ""POWER"", ""POWER"", ""POWER"", ""POWER"", ""POWER"", ""POWER"", ""POWER"", ""POWER"", ""POWER"", ""POWER"", ""POWER"", ""POWER"", ""POWER"", ""POWER"", ""POWER"", ""POWER"", ""POWER"", ""POWER"", ""POWER"", ""POWER"", ""POWER"", ""POWER"", ""POWER"", ""POWER"", ""POWER"", ""POWER"", ""POWER"", ""POWER"", ""POWER"", ""POWER"", ""POWER"", ""POWER"", ""POWER"", ""POWER"", ""POWER"", ""POWER"", ""POWER"", ""POWER"", ""POWER"", ""POWER"", ""POWER"", ""POWER"", ""POWER"", ""POWER"", ""POWER"", ""POWER"", ""POWER"", ""POWER"", ""POWER"", ""POWER"", ""POWER"", ""POWER"", ""POWER"", ""POWER"", ""POWER"", ""POWER"", ""POWER"", ""POWER"", ""POWER"", ""POWER"", ""POWER"", ""POWER"", ""POWER"", ""POWER"", ""POWER"", ""POWER"", ""POWER"", ""POWER"", ""POWER"", ""POWER"", ""POWER"", ""POWER"", ""POWER"", ""POWER"", ""POWER"", ""POWER"", ""POWER"", ""POWER"", ""POWER"", ""POWER"", ""POWER"", ""POWER"", ""POWER"", ""POWER"", ""POWER"", ""POWER"", ""POWER"", ""POWER"", ""POWER"", ""POWER"", ""POWER"", ""POWER"", ""POWER"", ""POWER"", ""POWER"", ""POWER"", ""POWER"", ""POWER"", ""POWER"", ""POWER"", ""POWER"", ""POWER"", ""POWER"", ""POWER"", ""POWER"", ""POWER"", ""POWER"", ""POWER"", ""POWER"", ""POWER"", ""POWER"", ""POWER"", ""POWER"", ""POWER"", ""POWER"", ""POWER"", ""POWER"", ""POWER"", ""POWER"", ""POWER"", ""POWER"", ""POWER"", ""POWER"", ""POWER"", ""POWER"", ""POWER"", ""POWER"", ""POWER"", ""POWER"", ""POWER"", ""POWER"", ""POWER"", ""POWER"", ""POWER"", ""POWER"", ""POWER"", ""POWER"", ""POWER"", ""POWER"", ""POWER"", ""POWER"", ""POWER"", ""POWER"", ""POWER"", ""POWER"", ""POWER"", ""POWER"", ""POWER"", ""POWER"", ""POWER"", ""POWER"", ""POWER"", ""POWER"", ""POWER"", ""POWER"", ""POWER"", ""POWER"", ""POWER"", ""POWER"", ""POWER"", ""POWER"", ""POWER"", ""POWER"", ""POWER"", ""POWER"", ""POWER"", ""POWER"", ""POWER"", ""POWER"", ""POWER"", ""POWER"", ""POWER"", ""POWER"", ""POWER"", ""POWER"", ""POWER"", ""POWER"", ""POWER"", ""POWER"", ""POWER"", ""POWER"", ""POWER"", ""POWER"", ""POWER"", ""POWER"", ""POWER"", ""POWER"", ""POWER"", ""POWER"", ""POWER"", ""POWER"", ""POWER"", ""POWER"", ""POWER"", ""POWER"", ""POWER"", ""POWER"", ""POWER"", ""POWER"", ""POWER"", ""POWER"", ""POWER"", ""POWER"", ""POWER"", ""POWER"", ""POWER"", ""POWER"", ""POWER"", ""POWER"", ""POWER"", ""POWER"", ""POWER"", ""POWER"", ""POWER"", ""POWER"", ""POWER"", ""POWER"", ""POWER"", ""POWER"", ""POWER"", ""POWER"", ""POWER"", ""POWER"", ""POWER"", ""POWER"", ""POWER"", ""POWER"", ""POWER"", ""POWER"", ""POWER"", ""POWER"", ""POWER"", ""POWER"", ""POWER"", ""POWER"", ""POWER"", ""POWER"", ""POWER"", ""POWER"", ""POWER"", ""POWER"", ""POWER"", ""POWER"", ""POWER"", ""POWER"", ""POWER"", ""POWER"", ""POWER"", ""POWER"", ""POWER"", ""POWER"", ""POWER"", ""POWER"", ""POWER"", ""POWER"", ""POWER"", ""POWER"", ""POWER"", ""POWER"", ""POWER"", ""POWER"", ""POWER"", ""POWER"", ""POWER"", ""POWER"", ""POWER"", ""POWER"", ""POWER"", ""POWER"", ""POWER"", ""POWER"", ""POWER"", ""POWER"", ""POWER"", ""POWER"", ""POWER"", ""POWER"", ""POWER"", ""POWER"", ""POWER"", ""POWER"", ""POWER"", ""POWER"", ""POWER"", ""POWER"", ""POWER"", ""POWER"", ""POWER"", ""POWER"", ""POWER"", ""POWER"", ""POWER"", ""POWER"", ""POWER"", ""POWER"", ""POWER"", ""POWER"", ""POWER"", ""POWER"", ""POWER"", ""POWER"", ""POWER"", ""POWER"", ""POWER"", ""POWER"", ""POWER"", ""POWER"", ""POWER"", ""POWER"", ""POWER"", ""POWER"", ""POWER"", ""POWER"", ""POWER"", ""POWER"", ""POWER"", ""POWER"", ""POWER"", ""POWER"", ""POWER"", ""POWER"", ""POWER"", ""POWER"", ""POWER"", ""POWER"", ""POWER"", ""POWER"", ""POWER"", ""POWER"", ""POWER"", ""POWER"", ""POWER"", ""POWER"", ""POWER"", ""POWER"", ""POWER"", ""POWER"", ""POWER"", ""POWER"", ""POWER"", ""POWER"", ""POWER"", ""POWER"", ""POWER"", ""POWER"", ""POWER"", ""POWER"", ""POWER"", ""POWER"", ""POWER"", ""POWER"", ""POWER"", ""POWER"", ""POWER"", ""POWER"", ""POWER"", ""POWER"", ""POWER"", ""POWER"", ""POWER"", ""POWER"", ""POWER"", ""POWER"", ""POWER"", ""POWER"", ""POWER"", ""POWER"", ""POWER"", ""POWER"", ""POWER"", ""POWER"", ""POWER"", ""POWER"", ""POWER"", ""POWER"", ""POWER"", ""POWER"", ""POWER"", ""POWER"", ""POWER"", ""POWER"", ""POWER"", ""POWER"", ""POWER"", ""POWER"", ""POWER"", ""POWER"", ""POWER"", ""POWER"", ""POWER"", ""POWER"", ""POWER"", ""POWER"", ""POWER"", ""POWER"", ""POWER"", ""POWER"", ""POWER"", ""POWER"", ""POWER"", ""POWER"", ""POWER"", ""POWER"", ""POWER"", ""POWER"", ""POWER"", ""POWER"", ""POWER"", ""POWER"", ""POWER"", ""POWER"", ""POWER"", ""POWER"", ""POWER"", ""POWER"", ""POWER"", ""POWER"", ""POWER"", ""POWER"", ""POWER"", ""POWER"", ""POWER"", ""POWER"", ""POWER"", ""POWER"", ""POWER"", ""POWER"", ""POWER"", ""POWER"", ""POWER"", ""POWER"", ""POWER"", ""POWER"", ""POWER"", ""POWER"", ""POWER"", ""POWER"", ""POWER"", ""POWER"", ""POWER"", ""POWER"", ""POWER"", ""POWER"", ""POWER"", ""POWER"", ""POWER"", ""POWER"", ""POWER"", ""POWER"", ""POWER"", ""POWER"", ""POWER"", ""POWER"", ""POWER"", ""POWER"", ""POWER"", ""POWER"", ""POWER"", ""POWER"", ""POWER"", ""POWER"", ""POWER"", ""POWER"", ""POWER"", ""POWER"", ""POWER"", ""POWER"", ""POWER"", ""POWER"", ""POWER"", ""POWER"", ""POWER"", ""POWER"", ""POWER"", ""POWER"", ""POWER"", ""POWER"", ""POWER"", ""POWER"", ""POWER"", ""POWER"", ""POWER"", ""POWER"", ""POWER"", ""POWER"", ""POWER"", ""POWER"", ""POWER"", ""POWER"", ""POWER"", ""POWER"", ""POWER"", ""POWER"", ""POWER"", ""POWER"", ""POWER"", ""POWER"", ""POWER"", ""POWER"", ""POWER"", ""POWER"", ""POWER"", ""POWER"", ""POWER"", ""POWER"", ""POWER"", ""POWER"", ""POWER"", ""POWER"", ""POWER"", ""POWER"", ""POWER"", ""POWER"", ""POWER"", ""POWER"", ""POWER"", ""POWER"", ""POWER"", ""POWER"", ""POWER"", ""POWER"", ""POWER"", ""POWER"", ""POWER"", ""POWER"", ""POWER"", ""POWER"", ""POWER"", ""POWER"", ""POWER"", ""POWER"", ""POWER"", ""POWER"", ""POWER"", ""POWER"", ""POWER"", ""POWER"", ""POWER"", ""POWER"", ""POWER"", ""POWER"", ""POWER"", ""POWER"", ""POWER"", ""POWER"", ""POWER"", ""POWER"", ""POWER"", ""POWER"", ""POWER"", ""POWER"", ""POWER"", ""POWER"", ""POWER"", ""POWER"", ""POWER"", ""POWER"", ""POWER"", ""POWER"", ""POWER"", ""POWER"", ""POWER"", ""POWER"", ""POWER"", ""POWER"", ""POWER"", ""POWER"", ""POWER"", ""POWER"", ""POWER"", ""POWER"", ""POWER"", ""POWER"", ""POWER"", ""POWER"", ""POWER"", ""POWER"", ""POWER"", ""POWER"", ""POWER"", ""POWER"", ""POWER"", ""POWER"", ""POWER"", ""POWER"", ""POWER"", ""POWER"", ""POWER"", ""POWER"", ""POWER"", ""POWER"", ""POWER"", ""POWER"", ""POWER"", ""POWER"", ""POWER"", ""POWER"", ""POWER"", ""POWER"", ""POWER"", ""POWER"", ""POWER"", ""POWER"", ""POWER"", ""POWER"", ""POWER"", ""POWER"", ""POWER"", ""POWER"", ""POWER"", ""POWER"", ""POWER"", ""POWER"", ""POWER"", ""POWER"", ""POWER"", ""POWER"", ""POWER"", ""POWER"", ""POWER"", ""POWER"", ""POWER"", ""POWER"", ""POWER"", ""POWER"", ""POWER"", ""POWER"", ""POWER"", ""POWER"", ""POWER"", ""POWER""]","[""NEC"", ""NECext"", ""RC5"", ""RC6"", ""SIRC"", ""SIRC15"", ""SIRC20"", ""Samsung32""]","[""00 00 00 00"", ""00 01 00 00"", ""00 02 00 00"", ""00 03 00 00"", ""00 04 00 00"", ""00 05 00 00"", ""00 06 00 00"", ""00 07 00 00"", ""00 0C 00 00"", ""00 0E 00 00"", ""00 10 00 00"", ""00 11 00 00"", ""00 17 00 00"", ""00 1C 00 00"", ""00 1D 00 00"", ""00 30 00 00"", ""00 41 00 00"", ""00 45 00 00"", ""00 49 00 00"", ""00 5A 00 00"", ""00 7F 00 00"", ""00 99 00 00"", ""00 9F 00 00"", ""00 BD 00 00"", ""00 BF 00 00"", ""00 CC 00 00"", ""00 DF 00 00"", ""00 ED 00 00"", ""00 EE 00 00"", ""00 EF 00 00"", ""00 F0 00 00"", ""00 F6 00 00"", ""00 F9 00 00"", ""00 FB 00 00"", ""00 FC 00 00"", ""00 FD 00 00"", ""01 00 00 00"", ""01 01 00 00"", ""01 04 00 00"", ""01 08 00 00"", ""01 16 00 00"", ""01 72 00 00"", ""01 88 00 00"", ""01 EF 00 00"", ""01 F9 00 00"", ""01 FD 00 00"", ""01 FE 00 00"", ""01 FF 00 00"", ""02 00 00 00"", ""02 01 00 00"", ""02 02 00 00"", ""02 04 00 00"", ""02 16 00 00"", ""02 17 00 00"", ""02 7D 00 00"", ""02 BD 00 00"", ""02 FE 00 00"", ""02 FF 00 00"", ""03 00 00 00"", ""03 F0 00 00"", ""04 00 00 00"", ""04 01 00 00"", ""04 02 00 00"", ""04 05 00 00"", ""04 0F 00 00"", ""04 10 00 00"", ""04 11 00 00"", ""04 16 00 00"", ""04 B9 00 00"", ""04 CB 00 00"", ""04 EB 00 00"", ""04 F3 00 00"", ""04 FA 00 00"", ""04 FB 00 00"", ""04 FF 00 00"", ""05 00 00 00"", ""05 01 00 00"", ""05 05 00 00"", ""05 40 00 00"", ""06 00 00 00"", ""06 01 00 00"", ""06 AB 00 00"", ""06 F8 00 00"", ""07 00 00 00"", ""07 06 00 00"", ""07 07 00 00"", ""07 21 00 00"", ""08 00 00 00"", ""08 13 00 00"", ""08 14 00 00"", ""08 16 00 00"", ""08 30 00 00"", ""08 40 00 00"", ""08 E6 00 00"", ""08 E7 00 00"", ""08 F5 00 00"", ""08 F7 00 00"", ""09 09 00 00"", ""0A 00 00 00"", ""0A 1D 00 00"", ""0A F2 00 00"", ""0A F7 00 00"", ""0B 00 00 00"", ""0B 0B 00 00"", ""0B 4F 00 00"", ""0C 00 00 00"", ""0C 0C 00 00"", ""0C FB 00 00"", ""0D 00 00 00"", ""0D 50 00 00"", ""0E 00 00 00"", ""0E 01 00 00"", ""0E 0E 00 00"", ""0E 20 00 00"", ""0F 00 00 00"", ""0F 01 00 00"", ""10 00 00 00"", ""10 04 00 00"", ""10 10 00 00"", ""10 25 00 00"", ""10 2F 00 00"", ""10 E7 00 00"", ""10 ED 00 00"", ""10 EF 00 00"", ""11 00 00 00"", ""11 14 00 00"", ""12 00 00 00"", ""12 11 00 00"", ""12 25 00 00"", ""12 34 00 00"", ""13 00 00 00"", ""13 01 00 00"", ""14 00 00 00"", ""15 00 00 00"", ""16 00 00 00"", ""16 16 00 00"", ""17 00 00 00"", ""17 69 00 00"", ""17 85 00 00"", ""17 E0 00 00"", ""18 00 00 00"", ""18 18 00 00"", ""18 E9 00 00"", ""18 F7 00 00"", ""19 00 00 00"", ""19 01 00 00"", ""19 25 00 00"", ""19 6B 00 00"", ""1A 00 00 00"", ""1A 12 00 00"", ""1A 13 00 00"", ""1A 2A 00 00"", ""1A 42 00 00"", ""1A 49 00 00"", ""1A 53 00 00"", ""1A 9A 00 00"", ""1A E2 00 00"", ""1A E9 00 00"", ""1B 00 00 00"", ""1B 4E 00 00"", ""1C 00 00 00"", ""1D 00 00 00"", ""1E 00 00 00"", ""1E 11 00 00"", ""1F 00 00 00"", ""1F E0 00 00"", ""20 00 00 00"", ""20 08 00 00"", ""20 20 00 00"", ""20 40 00 00"", ""20 80 00 00"", ""20 9F 00 00"", ""20 B0 00 00"", ""20 FF 00 00"", ""21 00 00 00"", ""21 21 00 00"", ""21 90 00 00"", ""21 A0 00 00"", ""21 AC 00 00"", ""22 00 00 00"", ""22 01 00 00"", ""22 30 00 00"", ""22 83 00 00"", ""22 90 00 00"", ""23 00 00 00"", ""23 40 00 00"", ""23 80 00 00"", ""24 00 00 00"", ""24 4B 00 00"", ""25 FA 00 00"", ""26 00 00 00"", ""27 00 00 00"", ""28 00 00 00"", ""29 00 00 00"", ""2A 11 00 00"", ""2B 4D 00 00"", ""2C 00 00 00"", ""2C 2C 00 00"", ""2C 40 00 00"", ""2C 48 00 00"", ""2D 00 00 00"", ""2D 2D 00 00"", ""2D D2 00 00"", ""30 00 00 00"", ""31 00 00 00"", ""32 00 00 00"", ""33 00 00 00"", ""33 CC 00 00"", ""34 0F 00 00"", ""34 34 00 00"", ""35 00 00 00"", ""36 00 00 00"", ""36 4B 00 00"", ""36 C8 00 00"", ""37 02 00 00"", ""38 00 00 00"", ""39 00 00 00"", ""3B 4C 00 00"", ""3C 00 00 00"", ""3C C4 00 00"", ""3D A2 00 00"", ""3D C2 00 00"", ""3E 10 00 00"", ""3E E1 00 00"", ""3F 00 00 00"", ""3F E0 00 00"", ""40 00 00 00"", ""40 2F 00 00"", ""40 3F 00 00"", ""40 40 00 00"", ""40 AF 00 00"", ""40 DF 00 00"", ""41 00 00 00"", ""42 BB 00 00"", ""42 FD 00 00"", ""43 00 00 00"", ""43 47 00 00"", ""43 53 00 00"", ""44 00 00 00"", ""44 44 00 00"", ""45 00 00 00"", ""45 83 00 00"", ""45 B5 00 00"", ""47 00 00 00"", ""48 00 00 00"", ""48 12 00 00"", ""48 24 00 00"", ""49 00 00 00"", ""4A 00 00 00"", ""4B 4B 00 00"", ""4D 00 00 00"", ""4D B2 00 00"", ""4E 01 00 00"", ""4E 41 00 00"", ""4E 87 00 00"", ""4F 50 00 00"", ""50 00 00 00"", ""50 4F 00 00"", ""50 AD 00 00"", ""50 E7 00 00"", ""51 00 00 00"", ""51 AF 00 00"", ""53 00 00 00"", ""54 00 00 00"", ""55 00 00 00"", ""56 A1 00 00"", ""57 00 00 00"", ""5A 1B 00 00"", ""5A 1C 00 00"", ""5B 00 00 00"", ""5B 4A 00 00"", ""5C 00 00 00"", ""5C A2 00 00"", ""5E A1 00 00"", ""5F 00 00 00"", ""5F 80 00 00"", ""60 00 00 00"", ""60 01 00 00"", ""60 60 00 00"", ""60 9E 00 00"", ""61 63 00 00"", ""61 87 00 00"", ""63 00 00 00"", ""64 00 00 00"", ""64 46 00 00"", ""66 00 00 00"", ""66 99 00 00"", ""67 00 00 00"", ""67 98 00 00"", ""6D 92 00 00"", ""6E 00 00 00"", ""6E 61 00 00"", ""6F 00 00 00"", ""70 00 00 00"", ""70 61 00 00"", ""71 00 00 00"", ""71 8E 00 00"", ""72 CD 00 00"", ""73 00 00 00"", ""73 8C 00 00"", ""73 9A 00 00"", ""74 0F 00 00"", ""74 C1 00 00"", ""76 00 00 00"", ""77 00 00 00"", ""78 00 00 00"", ""79 00 00 00"", ""79 86 00 00"", ""7A 00 00 00"", ""7B 00 00 00"", ""7B 48 00 00"", ""7B 97 00 00"", ""7C 00 00 00"", ""7C 80 00 00"", ""7D 00 00 00"", ""7D 02 00 00"", ""7E 00 00 00"", ""7E 01 00 00"", ""7E 81 00 00"", ""7F 00 00 00"", ""7F 20 00 00"", ""7F 80 00 00"", ""80 00 00 00"", ""80 02 00 00"", ""80 19 00 00"", ""80 23 00 00"", ""80 26 00 00"", ""80 37 00 00"", ""80 3F 00 00"", ""80 48 00 00"", ""80 58 00 00"", ""80 5D 00 00"", ""80 63 00 00"", ""80 67 00 00"", ""80 6E 00 00"", ""80 70 00 00"", ""80 77 00 00"", ""80 7B 00 00"", ""80 7E 00 00"", ""80 DE 00 00"", ""80 F7 00 00"", ""80 FF 00 00"", ""81 00 00 00"", ""81 06 00 00"", ""81 66 00 00"", ""81 6A 00 00"", ""81 72 00 00"", ""81 73 00 00"", ""81 7B 00 00"", ""81 7E 00 00"", ""81 81 00 00"", ""82 13 00 00"", ""82 5D 00 00"", ""82 64 00 00"", ""82 6E 00 00"", ""82 6F 00 00"", ""82 72 00 00"", ""83 00 00 00"", ""83 22 00 00"", ""83 33 00 00"", ""83 44 00 00"", ""83 45 00 00"", ""83 55 00 00"", ""83 59 00 00"", ""83 65 00 00"", ""83 79 00 00"", ""83 7A 00 00"", ""83 F1 00 00"", ""84 00 00 00"", ""84 20 00 00"", ""84 3C 00 00"", ""84 42 00 00"", ""84 59 00 00"", ""84 62 00 00"", ""84 63 00 00"", ""84 79 00 00"", ""84 8A 00 00"", ""84 8B 00 00"", ""84 E0 00 00"", ""84 F4 00 00"", ""85 23 00 00"", ""85 30 00 00"", ""85 53 00 00"", ""85 73 00 00"", ""85 76 00 00"", ""85 7B 00 00"", ""85 7C 00 00"", ""85 ED 00 00"", ""86 00 00 00"", ""86 05 00 00"", ""86 0E 00 00"", ""86 13 00 00"", ""86 2F 00 00"", ""86 4B 00 00"", ""86 53 00 00"", ""86 54 00 00"", ""86 61 00 00"", ""86 6B 00 00"", ""86 76 00 00"", ""86 7C 00 00"", ""86 FF 00 00"", ""87 22 00 00"", ""87 45 00 00"", ""87 4E 00 00"", ""87 5E 00 00"", ""87 6C 00 00"", ""87 7B 00 00"", ""87 7C 00 00"", ""88 00 00 00"", ""88 04 00 00"", ""89 76 00 00"", ""89 77 00 00"", ""8A F5 00 00"", ""8B 00 00 00"", ""8B 47 00 00"", ""8E 29 00 00"", ""8F 00 00 00"", ""90 00 00 00"", ""90 40 00 00"", ""90 90 00 00"", ""95 6A 00 00"", ""96 E8 00 00"", ""97 18 00 00"", ""98 6F 00 00"", ""9A 00 00 00"", ""9F 00 00 00"", ""9F 06 00 00"", ""9F 40 00 00"", ""A0 00 00 00"", ""A0 0A 00 00"", ""A0 1C 00 00"", ""A0 61 00 00"", ""A0 A0 00 00"", ""A0 B7 00 00"", ""A0 C2 00 00"", ""A1 5E 00 00"", ""A2 00 00 00"", ""A2 5D 00 00"", ""A2 A2 00 00"", ""A3 00 00 00"", ""A4 00 00 00"", ""A4 A4 00 00"", ""A5 00 00 00"", ""A6 00 00 00"", ""A8 00 00 00"", ""A8 61 00 00"", ""AA 00 00 00"", ""AA 03 00 00"", ""AA C1 00 00"", ""AB CD 00 00"", ""AD A2 00 00"", ""AF 10 00 00"", ""AF 51 00 00"", ""B0 00 00 00"", ""B3 00 00 00"", ""B3 4E 00 00"", ""B4 08 00 00"", ""B4 B4 00 00"", ""B6 00 00 00"", ""B6 04 00 00"", ""B6 0C 00 00"", ""B6 4B 00 00"", ""B7 00 00 00"", ""B7 A1 00 00"", ""B8 00 00 00"", ""BA 00 00 00"", ""BA 01 00 00"", ""BA 4B 00 00"", ""BA 55 00 00"", ""BA 85 00 00"", ""BA 88 00 00"", ""BA A0 00 00"", ""BA BE 00 00"", ""BA D5 00 00"", ""BA E5 00 00"", ""BA F0 00 00"", ""BB 00 00 00"", ""BB 44 00 00"", ""BD 00 00 00"", ""BD 42 00 00"", ""BD A2 00 00"", ""BE 40 00 00"", ""BF 00 00 00"", ""BF 40 00 00"", ""BF 80 00 00"", ""C0 00 00 00"", ""C0 4B 00 00"", ""C0 C0 00 00"", ""C1 44 00 00"", ""C3 3C 00 00"", ""C6 01 00 00"", ""C6 86 00 00"", ""C7 38 00 00"", ""C8 10 00 00"", ""C8 91 00 00"", ""CA 55 00 00"", ""CA A5 00 00"", ""CA C2 00 00"", ""CB 43 00 00"", ""CD 32 00 00"", ""CF 20 00 00"", ""D1 00 00 00"", ""D2 03 00 00"", ""D2 04 00 00"", ""D2 12 00 00"", ""D2 16 00 00"", ""D2 1F 00 00"", ""D2 25 00 00"", ""D2 2B 00 00"", ""D2 2C 00 00"", ""D2 61 00 00"", ""D2 6C 00 00"", ""D2 6D 00 00"", ""D3 20 00 00"", ""D3 E4 00 00"", ""D4 00 00 00"", ""D4 4B 00 00"", ""D4 BE 00 00"", ""D6 61 00 00"", ""D7 20 00 00"", ""D7 28 00 00"", ""D9 22 00 00"", ""DB 42 00 00"", ""DE 20 00 00"", ""DE A1 00 00"", ""DF 00 00 00"", ""DF 20 00 00"", ""DF 60 00 00"", ""E0 E0 00 00"", ""E1 1E 00 00"", ""E2 1D 00 00"", ""E6 04 00 00"", ""E7 0A 00 00"", ""E7 18 00 00"", ""E8 00 00 00"", ""E8 40 00 00"", ""EA 15 00 00"", ""EA 60 00 00"", ""EA C7 00 00"", ""EE 01 00 00"", ""EE 11 00 00"", ""EE 87 00 00"", ""EF 00 00 00"", ""EF 01 00 00"", ""EF 10 00 00"", ""F0 0F 00 00"", ""F0 20 00 00"", ""F1 01 00 00"", ""F2 D0 00 00"", ""F3 00 00 00"", ""F3 0C 00 00"", ""F3 3F 00 00"", ""F3 C0 00 00"", ""F5 00 00 00"", ""F5 0A 00 00"", ""F7 00 00 00"", ""F7 08 00 00"", ""F9 00 00 00"", ""F9 06 00 00"", ""FB 00 00 00"", ""FB 04 00 00"", ""FB 0E 00 00"", ""FB 40 00 00"", ""FC 01 00 00"", ""FC 02 00 00"", ""FC 03 00 00"", ""FD 00 00 00"", ""FD 02 00 00"", ""FE 00 00 00"", ""FE 01 00 00"", ""FF 00 00 00"", ""FF 01 00 00"", ""FF 02 00 00""]",device_family,0.58,"[""modelo/família identificável com conjunto amplo""]","[""modelo de baixa confiança foi tratado como evidência estrutural"", ""muitos nomes compartilham a mesma intenção"", ""nomes de comandos reais não chegaram ao classificador"", ""protocolos reais não chegaram ao classificador""]","[""50 maiores diversidades de endereços"", ""50 maiores diversidades de protocolos"", ""50 maiores quantidades de comandos"", ""50 maiores repetições de nomes""]"
1a652a04d0cc7679,_Converted_/Pronto/C/Carver/NUMERIC_CONTROLS_(EVEN).ir,NUMERIC_CONTROLS_(EVEN).ir,Converted/Pronto,Carver,NUMERIC_CONTROLS_(EVEN),50,"[""CD-1"", ""CD-2"", ""CD-3"", ""CD-4"", ""CD-5"", ""CD-6"", ""CD-7"", ""CD-8"", ""CD-9"", ""CD-10"", ""TUNER-1"", ""TUNER-2"", ""TUNER-3"", ""TUNER-4"", ""TUNER-5"", ""TUNER-6"", ""TUNER-7"", ""TUNER-8"", ""TUNER-9"", ""TUNER-10"", ""VCR-1"", ""VCR-2"", ""VCR-3"", ""VCR-4"", ""VCR-5"", ""VCR-6"", ""VCR-7"", ""VCR-8"", ""VCR-9"", ""VCR-10"", ""CDV-1"", ""CDV-2"", ""CDV-3"", ""CDV-4"", ""CDV-5"", ""CDV-6"", ""CDV-7"", ""CDV-8"", ""CDV-9"", ""CDV-10"", ""TAPE-1"", ""TAPE-2"", ""TAPE-3"", ""TAPE-4"", ""TAPE-5"", ""TAPE-6"", ""TAPE-7"", ""TAPE-8"", ""TAPE-9"", ""TAPE-10""]",[],[],specific_device,0.72,"[""modelo identificável e conjunto coerente""]","[""modelo de baixa confiança foi tratado como evidência estrutural"", ""muitos nomes compartilham a mesma intenção"", ""nomes de comandos reais não chegaram ao classificador"", ""sequência numerada pode indicar codeset ou bruteforce""]","[""50 nomes ou comandos com sequências numéricas""]"
729284342d18cc22,_Converted_/Pronto/C/Carver/NUMERIC_CONTROLS_(ODD).ir,NUMERIC_CONTROLS_(ODD).ir,Converted/Pronto,Carver,NUMERIC_CONTROLS_(ODD),50,"[""CD-1"", ""CD-2"", ""CD-3"", ""CD-4"", ""CD-5"", ""CD-6"", ""CD-7"", ""CD-8"", ""CD-9"", ""CD-10"", ""TUNER-1"", ""TUNER-2"", ""TUNER-3"", ""TUNER-4"", ""TUNER-5"", ""TUNER-6"", ""TUNER-7"", ""TUNER-8"", ""TUNER-9"", ""TUNER-10"", ""VCR-1"", ""VCR-2"", ""VCR-3"", ""VCR-4"", ""VCR-5"", ""VCR-6"", ""VCR-7"", ""VCR-8"", ""VCR-9"", ""VCR-10"", ""CDV-1"", ""CDV-2"", ""CDV-3"", ""CDV-4"", ""CDV-5"", ""CDV-6"", ""CDV-7"", ""CDV-8"", ""CDV-9"", ""CDV-10"", ""TAPE-1"", ""TAPE-2"", ""TAPE-3"", ""TAPE-4"", ""TAPE-5"", ""TAPE-6"", ""TAPE-7"", ""TAPE-8"", ""TAPE-9"", ""TAPE-10""]",[],[],specific_device,0.72,"[""modelo identificável e conjunto coerente""]","[""modelo de baixa confiança foi tratado como evidência estrutural"", ""muitos nomes compartilham a mesma intenção"", ""nomes de comandos reais não chegaram ao classificador"", ""sequência numerada pode indicar codeset ou bruteforce""]","[""50 nomes ou comandos com sequências numéricas""]"
423826fa667bf8fd,_Converted_/Pronto/D/Denon/AVR-2112CI.ir,AVR-2112CI.ir,Converted/Pronto,Denon,AVR-2112CI,216,"[""UnknownUnknown"", ""Unknown"", ""°"", ""POWER_ON"", ""POWER_OFF"", ""BD"", ""SAT/CBL"", ""TV"", ""NET/USB"", ""DVD"", ""V_AUX"", ""DOCK"", ""TUNER"", ""GAME_1"", ""GAME_2"", ""DVR"", ""CD"", ""PHONO"", ""IPOD"", ""QUICK_SELECT_1"", ""QUICK_SELECT_2"", ""QUICK_SELECT_3"", ""QUICK_SELECT_4"", ""INTERNET_RADIO"", ""INTERNET_RADIO_PRESET_1"", ""INTERNET_RADIO_PRESET_2"", ""INTERNET_RADIO_PRESET_3"", ""VOL+"", ""VOL-"", ""MUTE"", ""CH+"", ""CH-"", ""UP_ARROW"", ""DN_ARROW"", ""LEFT_ARROW"", ""RIGHT_ARROW"", ""ENTER"", ""MENU"", ""CH_LEVEL"", ""SEARCH"", ""RETURN"", ""PLAY"", ""STOP"", ""PAUSE"", ""RSCAN"", ""FSCAN"", ""PREVIOUS"", ""NEXT"", ""MOVIE"", ""MUSIC"", ""GAME"", ""DIRECT"", ""PARTY"", ""SLEEP"", ""0"", ""1"", ""2"", ""3"", ""4"", ""5"", ""6"", ""7"", ""8"", ""9"", ""10+"", ""BAND"", ""MODE"", ""TUNE+"", ""TUNE-"", ""PRESET+"", ""PRESET-"", ""SHIFT"", ""TUNER_SHIFT_A"", ""TUNER_SHIFT_B"", ""TUNER_SHIFT_C"", ""TUNER_SHIFT_D"", ""TUNER_SHIFT_E"", ""TUNER_SHIFT_F"", ""TUNER_SHIFT_G"", ""TUNE_MODE_AUTO/MANUAL"", ""PRESET_1"", ""PRESET_2"", ""PRESET_3"", ""PRESET_4"", ""PRESET_5"", ""PRESET_6"", ""PRESET_7"", ""PRESET_8"", ""TUNER_MEMORY"", ""TUNER_SHIFT"", ""RT"", ""RDS/SEARCH"", ""PTY"", ""PANDORA"", ""RHAPSODY"", ""NAPSTER"", ""FLICKR"", ""ZONE2_POWER_ON"", ""ZONE2_POWER_OFF"", ""ZONE2_VOL+"", ""ZONE2_VOL-"", ""ZONE2_MUTE"", ""ZONE2_BD"", ""ZONE2_SAT/CBL"", ""ZONE2_TV"", ""ZONE2_NET/USB"", ""ZONE2_DVD"", ""ZONE2_V_AUX"", ""ZONE2_DOCK"", ""ZONE2_TUNER"", ""ZONE2_GAME_1"", ""ZONE2_GAME_2"", ""ZONE2_DVR"", ""ZONE2_CD"", ""ZONE2_PHONO"", ""ZONE2_UP_ARROW"", ""ZONE2_DN_ARROW"", ""ZONE2_LEFT_ARROW"", ""ZONE2_RIGHT_ARROW"", ""ZONE2_ENTER"", ""ZONE2_RETURN"", ""ZONE2_0"", ""ZONE2_1"", ""ZONE2_2"", ""ZONE2_3"", ""ZONE2_4"", ""ZONE2_5"", ""ZONE2_6"", ""ZONE2_7"", ""ZONE2_8"", ""ZONE2_9"", ""ZONE2_IPOD"", ""ZONE2_INTERNET_RADIO"", ""ZONE2_RHAPSODY"", ""ZONE2_NAPSTER"", ""ZONE2_PANDORA"", ""ZONE2_FLICKR"", ""ZONE2_MEDIA_PLAYER"", ""ZONE2_QUICK_SELECT_1"", ""ZONE2_QUICK_SELECT_2"", ""ZONE2_QUICK_SELECT_3"", ""ZONE2_QUICK_SELECT_4"", ""ZONE2_QUICK_SELECT_5"", ""NETWORK_PRESET+"", ""NETWORK_PRESET-"", ""NETWORK_UP_ARROW"", ""NETWORK_DN_ARROW"", ""NETWORK_LEFT_ARROW"", ""NETWORK_RIGHT_ARROW"", ""NETWORK_ENTER"", ""NETWORK_PLAY"", ""NETWORK_STOP"", ""NETWORK_PAUSE"", ""NETWORK_PREVIOUS"", ""NETWORK_NEXT"", ""NETWORK_1"", ""NETWORK_2"", ""NETWORK_3"", ""NETWORK_4"", ""NETWORK_5"", ""NETWORK_6"", ""NETWORK_7"", ""NETWORK_8"", ""NETWORK_SHIFT_A"", ""NETWORK_SHIFT_B"", ""NETWORK_SHIFT_C"", ""NETWORK_SHIFT_D"", ""NETWORK_SHIFT_E"", ""NETWORK_SHIFT_F"", ""NETWORK_SHIFT_G"", ""NETWORK_PRESET_CH"", ""NETWORK_SKIP-"", ""NETWORK_SKIP+"", ""NETWORK_REPEAT_ALL"", ""NETWORK_REPEAT_1"", ""NETWORK_REPEAT_OFF"", ""NETWORK_RANDOM"", ""NETWORK_MEMORY"", ""NETWORK_JPEG-"", ""NETWORK_JPEG+"", ""NETWORK_PAGE_SEARCH"", ""IPOD_UP_ARROW"", ""IPOD_DN_ARROW"", ""IPOD_LEFT_ARROW"", ""IPOD_RIGHT_ARROW"", ""IPOD_ENTER"", ""IPOD_PLAY"", ""IPOD_STOP"", ""IPOD_PAUSE"", ""IPOD_SKIP-"", ""IPOD_SKIP+"", ""IPOD_SHUFFLE"", ""IPOD_SHUFFLE_SONG"", ""IPOD_SHUFFLE_ALBUMS"", ""IPOD_SHUFFLE_OFF"", ""IPOD_REPEAT"", ""IPOD_REPEAT_1"", ""IPOD_REPEAT_ALL"", ""IPOD_REPEAT_OFF"", ""IPOD_MENU"", ""IPOD_FAVORITE"", ""IPOD_RETURN"", ""IPOD_BROWSE"", ""IPOD_PAGE-"", ""IPOD_PAGE+"", ""IPOD_VOL-"", ""IPOD_VOL+"", ""IPOD_MUTE"", ""HDMI_AUDIO_OUT_SELECT"", ""HDMI_AUDIO_OUT_TV"", ""HDMI_AUDIO_OUT_AMP"", ""AUTO"", ""DTS_NEO6_CINEMA"", ""DTS_NEO6_MUSIC"", ""DOLBY_PL_II_CINEMA"", ""DOLBY_PL_II_MUSIC""]",[],[],device_family,0.58,"[""modelo/família identificável com conjunto amplo""]","[""modelo de baixa confiança foi tratado como evidência estrutural"", ""muitos nomes compartilham a mesma intenção"", ""nomes de comandos reais não chegaram ao classificador"", ""sequência numerada pode indicar codeset ou bruteforce""]","[""50 maiores quantidades de comandos"", ""50 nomes ou comandos com sequências numéricas""]"
22f640efb0522bd7,_Converted_/Pronto/D/Denon/AVR-3312CI.ir,AVR-3312CI.ir,Converted/Pronto,Denon,AVR-3312CI,216,"[""CSP-LIR-USB"", ""Unknown"", ""°"", ""POWER_ON"", ""POWER_OFF"", ""BD"", ""SAT/CBL"", ""TV"", ""NET/USB"", ""DVD"", ""V_AUX"", ""DOCK"", ""TUNER"", ""GAME_1"", ""GAME_2"", ""DVR"", ""CD"", ""PHONO"", ""IPOD"", ""QUICK_SELECT_1"", ""QUICK_SELECT_2"", ""QUICK_SELECT_3"", ""QUICK_SELECT_4"", ""INTERNET_RADIO"", ""INTERNET_RADIO_PRESET_1"", ""INTERNET_RADIO_PRESET_2"", ""INTERNET_RADIO_PRESET_3"", ""VOL+"", ""VOL-"", ""MUTE"", ""CH+"", ""CH-"", ""UP_ARROW"", ""DN_ARROW"", ""LEFT_ARROW"", ""RIGHT_ARROW"", ""ENTER"", ""MENU"", ""CH_LEVEL"", ""SEARCH"", ""RETURN"", ""PLAY"", ""STOP"", ""PAUSE"", ""RSCAN"", ""FSCAN"", ""PREVIOUS"", ""NEXT"", ""MOVIE"", ""MUSIC"", ""GAME"", ""DIRECT"", ""PARTY"", ""SLEEP"", ""0"", ""1"", ""2"", ""3"", ""4"", ""5"", ""6"", ""7"", ""8"", ""9"", ""10+"", ""BAND"", ""MODE"", ""TUNE+"", ""TUNE-"", ""PRESET+"", ""PRESET-"", ""SHIFT"", ""TUNER_SHIFT_A"", ""TUNER_SHIFT_B"", ""TUNER_SHIFT_C"", ""TUNER_SHIFT_D"", ""TUNER_SHIFT_E"", ""TUNER_SHIFT_F"", ""TUNER_SHIFT_G"", ""TUNE_MODE_AUTO/MANUAL"", ""PRESET_1"", ""PRESET_2"", ""PRESET_3"", ""PRESET_4"", ""PRESET_5"", ""PRESET_6"", ""PRESET_7"", ""PRESET_8"", ""TUNER_MEMORY"", ""TUNER_SHIFT"", ""RT"", ""RDS/SEARCH"", ""PTY"", ""PANDORA"", ""RHAPSODY"", ""NAPSTER"", ""FLICKR"", ""ZONE2_POWER_ON"", ""ZONE2_POWER_OFF"", ""ZONE2_VOL+"", ""ZONE2_VOL-"", ""ZONE2_MUTE"", ""ZONE2_BD"", ""ZONE2_SAT/CBL"", ""ZONE2_TV"", ""ZONE2_NET/USB"", ""ZONE2_DVD"", ""ZONE2_V_AUX"", ""ZONE2_DOCK"", ""ZONE2_TUNER"", ""ZONE2_GAME_1"", ""ZONE2_GAME_2"", ""ZONE2_DVR"", ""ZONE2_CD"", ""ZONE2_PHONO"", ""ZONE2_UP_ARROW"", ""ZONE2_DN_ARROW"", ""ZONE2_LEFT_ARROW"", ""ZONE2_RIGHT_ARROW"", ""ZONE2_ENTER"", ""ZONE2_RETURN"", ""ZONE2_0"", ""ZONE2_1"", ""ZONE2_2"", ""ZONE2_3"", ""ZONE2_4"", ""ZONE2_5"", ""ZONE2_6"", ""ZONE2_7"", ""ZONE2_8"", ""ZONE2_9"", ""ZONE2_IPOD"", ""ZONE2_INTERNET_RADIO"", ""ZONE2_RHAPSODY"", ""ZONE2_NAPSTER"", ""ZONE2_PANDORA"", ""ZONE2_FLICKR"", ""ZONE2_MEDIA_PLAYER"", ""ZONE2_QUICK_SELECT_1"", ""ZONE2_QUICK_SELECT_2"", ""ZONE2_QUICK_SELECT_3"", ""ZONE2_QUICK_SELECT_4"", ""ZONE2_QUICK_SELECT_5"", ""NETWORK_PRESET+"", ""NETWORK_PRESET-"", ""NETWORK_UP_ARROW"", ""NETWORK_DN_ARROW"", ""NETWORK_LEFT_ARROW"", ""NETWORK_RIGHT_ARROW"", ""NETWORK_ENTER"", ""NETWORK_PLAY"", ""NETWORK_STOP"", ""NETWORK_PAUSE"", ""NETWORK_PREVIOUS"", ""NETWORK_NEXT"", ""NETWORK_1"", ""NETWORK_2"", ""NETWORK_3"", ""NETWORK_4"", ""NETWORK_5"", ""NETWORK_6"", ""NETWORK_7"", ""NETWORK_8"", ""NETWORK_SHIFT_A"", ""NETWORK_SHIFT_B"", ""NETWORK_SHIFT_C"", ""NETWORK_SHIFT_D"", ""NETWORK_SHIFT_E"", ""NETWORK_SHIFT_F"", ""NETWORK_SHIFT_G"", ""NETWORK_PRESET_CH"", ""NETWORK_SKIP-"", ""NETWORK_SKIP+"", ""NETWORK_REPEAT_ALL"", ""NETWORK_REPEAT_1"", ""NETWORK_REPEAT_OFF"", ""NETWORK_RANDOM"", ""NETWORK_MEMORY"", ""NETWORK_JPEG-"", ""NETWORK_JPEG+"", ""NETWORK_PAGE_SEARCH"", ""IPOD_UP_ARROW"", ""IPOD_DN_ARROW"", ""IPOD_LEFT_ARROW"", ""IPOD_RIGHT_ARROW"", ""IPOD_ENTER"", ""IPOD_PLAY"", ""IPOD_STOP"", ""IPOD_PAUSE"", ""IPOD_SKIP-"", ""IPOD_SKIP+"", ""IPOD_SHUFFLE"", ""IPOD_SHUFFLE_SONG"", ""IPOD_SHUFFLE_ALBUMS"", ""IPOD_SHUFFLE_OFF"", ""IPOD_REPEAT"", ""IPOD_REPEAT_1"", ""IPOD_REPEAT_ALL"", ""IPOD_REPEAT_OFF"", ""IPOD_MENU"", ""IPOD_FAVORITE"", ""IPOD_RETURN"", ""IPOD_BROWSE"", ""IPOD_PAGE-"", ""IPOD_PAGE+"", ""IPOD_VOL-"", ""IPOD_VOL+"", ""IPOD_MUTE"", ""HDMI_AUDIO_OUT_SELECT"", ""HDMI_AUDIO_OUT_TV"", ""HDMI_AUDIO_OUT_AMP"", ""AUTO"", ""DTS_NEO6_CINEMA"", ""DTS_NEO6_MUSIC"", ""DOLBY_PL_II_CINEMA"", ""DOLBY_PL_II_MUSIC""]",[],[],device_family,0.58,"[""modelo/família identificável com conjunto amplo""]","[""modelo de baixa confiança foi tratado como evidência estrutural"", ""muitos nomes compartilham a mesma intenção"", ""nomes de comandos reais não chegaram ao classificador"", ""sequência numerada pode indicar codeset ou bruteforce""]","[""50 maiores quantidades de comandos"", ""50 nomes ou comandos com sequências numéricas""]"
e7ef26ec81a41c6a,_Converted_/Pronto/M/Marantz/AV-500_RECIEVER_(ODD).ir,AV-500_RECIEVER_(ODD).ir,Converted/Pronto,Marantz,AV-500_RECIEVER_(ODD),44,"[""POWER"", ""TUNER"", ""CD"", ""ACR1"", ""DCC"", ""LD"", ""DBS"", ""VCR1"", ""VCR2"", ""SURR"", ""MOVIE"", ""3-LOGIC"", ""HALL1"", ""HALL2"", ""CENTER_MODE"", ""TEST_TONE"", ""DELAY"", ""MATRIX"", ""STEREO"", ""AUX"", ""OSD"", ""PIP"", ""SEL"", ""REV"", ""POS"", ""BAL_L"", ""BAL_R"", ""MUTE"", ""VOL_RST"", ""SURR+"", ""SURR-"", ""CNTR+"", ""CNTR-"", ""VOL+"", ""VOL-"", ""PWR-LD"", ""LD_EJECT"", ""LD_STOP"", ""LD_PAUSE"", ""LD_PLAY"", ""LD_R_SRCH"", ""LD_F_SRCH"", ""LD_R_CHAP"", ""LD_F_CHAP""]","[""RC5""]","[""05 00 00 00"", ""06 00 00 00"", ""08 00 00 00"", ""0C 00 00 00"", ""10 00 00 00"", ""11 00 00 00"", ""12 00 00 00"", ""14 00 00 00"", ""17 00 00 00""]",specific_device,0.72,"[""modelo identificável e conjunto coerente""]","[""modelo de baixa confiança foi tratado como evidência estrutural"", ""nomes de comandos reais não chegaram ao classificador"", ""protocolos reais não chegaram ao classificador""]","[""50 maiores diversidades de endereços""]"
9b06ddc15ae23c63,_Converted_/Pronto/M/Marantz/AV-9000.ir,AV-9000.ir,Converted/Pronto,Marantz,AV-9000,62,"[""POWER_ON (raw)"", ""POWER_OFF (raw)"", ""3-D (raw)"", ""R-EQ (raw)"", ""PHONO"", ""AUTO (raw)"", ""DOLBY (raw)"", ""THX (raw)"", ""DTS (raw)"", ""HALL (raw)"", ""MATRIX (raw)"", ""MOVIE (raw)"", ""2_CH (raw)"", ""A/D (raw)"", ""DIRECT"", ""ATT (raw)"", ""OSD"", ""MONO (raw)"", ""NITE (raw)"", ""MULTI (raw)"", ""TREB+"", ""TREB-"", ""BASS+"", ""BASS-"", ""CH+ (raw)"", ""LEVEL+ (raw)"", ""LEVEL- (raw)"", ""VOL+ (raw)"", ""VOL- (raw)"", ""6_CH (raw)"", ""SLEEP"", ""DISPLAY (raw)"", ""MODE"", ""FM"", ""AM"", ""BAND"", ""TUNER_MODE"", ""SCAN"", ""DSS/VCR-2"", ""TV"", ""LD"", ""DVD (raw)"", ""VCR-1"", ""TUNER"", ""CD"", ""TAPE"", ""AUX (raw)"", ""CD-R/MD"", ""MASTER-VOLUME+"", ""MASTER-VOLUME-"", ""MASTER-CHANNEL+"", ""MASTER-CHANNEL-"", ""REW"", ""FFWD"", ""M"", ""C"", ""UP"", ""LEFT"", ""OK"", ""RIGHT"", ""DOWN"", ""MUTE""]","[""RC5""]","[""00 00 00 00"", ""05 00 00 00"", ""06 00 00 00"", ""0C 00 00 00"", ""10 00 00 00"", ""11 00 00 00"", ""12 00 00 00"", ""14 00 00 00"", ""15 00 00 00"", ""1A 00 00 00""]",specific_device,0.72,"[""modelo identificável e conjunto coerente""]","[""modelo de baixa confiança foi tratado como evidência estrutural"", ""nomes de comandos reais não chegaram ao classificador"", ""protocolos reais não chegaram ao classificador""]","[""50 maiores diversidades de endereços""]"
31dfdf4095f15180,_Converted_/Pronto/M/Marantz/LV_500_(LD)_DD92_(DCC)_CC_52_(CD).ir,LV_500_(LD)_DD92_(DCC)_CC_52_(CD).ir,Converted/Pronto,Marantz,LV_500_(LD)_DD92_(DCC)_CC_52_(CD),50,"[""TUNE-"", ""TUNE+"", ""RECORD"", ""PAUSE"", ""VCR"", ""VCR_REW"", ""VCR_FFWD"", ""VCR_STOP"", ""VCR_PLAY"", ""VCR_TV/VCR"", ""CH-"", ""CH+"", ""TV_TV/VCR"", ""TV"", ""1"", ""2"", ""3"", ""4"", ""5"", ""6"", ""7"", ""8"", ""9"", ""0"", ""11/F/P"", ""12/./.."", ""MUTE"", ""LD_EJECT"", ""LD_STOP"", ""LD_PAUSE"", ""LD_PLAY"", ""LD"", ""DISC_REW"", ""DISC_FFWD"", ""DISC_R_STEP"", ""DISC_F_STEP"", ""TUNER"", ""CD"", ""TAPE"", ""DCC"", ""POWER"", ""DBS"", ""VCR1"", ""VCR2"", ""AUX"", ""VOL+"", ""VOL-"", ""MUTE"", ""DOLBY_SURR"", ""STEREO""]","[""RC5""]","[""00 00 00 00"", ""05 00 00 00"", ""06 00 00 00"", ""08 00 00 00"", ""0C 00 00 00"", ""10 00 00 00"", ""11 00 00 00"", ""12 00 00 00"", ""14 00 00 00"", ""17 00 00 00""]",specific_device,0.72,"[""modelo identificável e conjunto coerente""]","[""modelo de baixa confiança foi tratado como evidência estrutural"", ""muitos nomes compartilham a mesma intenção"", ""nomes de comandos reais não chegaram ao classificador"", ""protocolos reais não chegaram ao classificador"", ""sequência numerada pode indicar codeset ou bruteforce""]","[""50 maiores diversidades de endereços""]"
0ee5a3d446e186e7,_Converted_/Pronto/M/Marantz/NR_Series.ir,NR_Series.ir,Converted/Pronto,Marantz,NR_Series,220,"[""UnknownUnknown"", ""Unknown"", ""°"", ""POWER_OFF"", ""POWER"", ""POWER_ON"", ""SYSTEM_POWER_OFF"", ""INPUT_NEXT"", ""INPUT_BACK"", ""TUNER"", ""BD_(C0DE_1)"", ""BD_(CODE_2)"", ""TV"", ""CD"", ""CD-R"", ""DVD"", ""VCR1"", ""VCR2_(DSS/SAT)"", ""AUX1"", ""GAME"", ""PHONO"", ""SIRIUS"", ""NET/USB"", ""INTERNET_RADIO_SELECT"", ""RHAPSODY"", ""NAPSTER"", ""FLICKER"", ""MEDIA_SERVER_SELECT"", ""PANDORA"", ""LAST_FM"", ""M-XPORT"", ""USB/iPOD"", ""NET"", ""HDMI_AUDIO_DECODE_THROUGH"", ""USB_TOGGLE"", ""INPUT_MODE_SELECT"", ""VOL+"", ""VOL-"", ""MUTE"", ""LIP_SYNC"", ""RESOLUTION(ANALOG)"", ""RESOLUTION(HDMI)"", ""HDMI_AUDIO_DECODE_ENABLE"", ""COMPONENT2_MAIN"", ""COMPONENT2_MULTI-A"", ""HDMI_OUTPUT_SELECT_TOGGLE"", ""HDMI_OUT_1"", ""HDMI_OUT_2"", ""SPEAKER_SELECT"", ""MENU"", ""SOURCE_SELECT_MENU"", ""ENTER"", ""RETURN"", ""UP_ARROW"", ""DN_ARROW"", ""RIGHT_ARROW"", ""SHIFT"", ""SOFT_KEYBOARD"", ""INSERT"", ""DELETE"", ""STATUS"", ""DISPLAY"", ""VIDEO_SELECT"", ""SURROUND_MODE_TOGGLE"", ""LEFT_ARROW"", ""STEREO"", ""MULTI_CH_STEREO"", ""NEURAL"", ""PRO_LOGIC"", ""PLllX(Z)_MOVIE"", ""PLllX(Z)_MUSIC"", ""DTS_Neo6_CINEMA"", ""DTS_Neo6_MUSIC"", ""VIRTUAL"", ""DECORDER_MODE"", ""SOURCE_DIRECT_TOGGLE"", ""PURE_DIRECT_TOGGLE"", ""M-DAX"", ""M-DAX_OFF"", ""M-DAX_HIGH"", ""M-DAX_LOW"", ""M-DAX_MID"", ""BASS+"", ""BASS-"", ""TREBLE+"", ""TREBLE-"", ""AUDYSSEY_MULTIEQ_TOGGLE"", ""AUDYSSEY_DYNAMIC_EQ_MODE"", ""AUDYSSEY_DYNAMIC_EQ_MODE_OFF"", ""AUDYSSEY_DYNAMIC_EQ_MODE_ON"", ""AUDYSSEY_DYNAMIC_VOL_MODE"", ""AUDYSSEY_DYNAMIC_VOL_MODE_OFF"", ""AUDYSSEY_DYNAMIC_VOL_MODE_LOE"", ""AUDYSSEY_DYNAMIC_VOL_MODE_MID"", ""AUDYSSEY_DYNAMIC_VOL_MODE_HIGH"", ""AUDYSSEY_DYNAMIC_EQ_OFFSET"", ""AUDYSSEY_DYNAMIC_EQ_OFFSET_-5db"", ""AUDYSSEY_DYNAMIC_EQ_OFFSET_-10db"", ""AUDYSSEY_DYNAMIC_EQ_OFFSET_-15db"", ""AUDYSSEY_DSX_ON/OFF"", ""AUDYSSEY_DSX_OFF"", ""AUDYSSEY_DSX_ON(HEIGHT)"", ""AUDYSSEY_DSX_ON(WIDE)"", ""SLEEP"", ""SLEEP_OFF"", ""BAND"", ""FM"", ""AM"", ""T-MODE"", ""MEMORY"", ""TUNE+"", ""TUNE-"", ""PRESET+"", ""PRESET-"", ""0"", ""1"", ""2"", ""3"", ""4"", ""5"", ""6"", ""7"", ""8"", ""9"", ""PRESET_SHIFT"", ""SHIFT_A"", ""SHIFT_B"", ""SHIFT_C"", ""SHIFT_D"", ""SHIFT_E"", ""SHIFT_F"", ""CURSOR_UP"", ""CURSOR_LEFT"", ""CURSOR_DN"", ""CURSOR_RIGHT"", ""CURSOR_ENTER"", ""RDS/SEARCH"", ""USB/iPOD_RETURN"", ""USB/iPOD_PLAY/PAUSE"", ""USB/iPOD_PLAY"", ""USB/iPOD_RANDOM_OFF"", ""USB/iPOD_RANDOM_ON(SONGS)"", ""USB/iPOD_REPEAT_OFF"", ""USB/iPOD_REPEAT_ONE"", ""USB/iPOD_REPEAT_ALL"", ""USB/iPOD_MEMORY"", ""USB/iPOD_PRESET_CH+"", ""USB/iPOD_PRESET_CH-"", ""USB/iPOD_PRESET_1"", ""USB/iPOD_PRESET_2"", ""USB/iPOD_PRESET_3"", ""USB/iPOD_PRESET_4"", ""USB/iPOD_PRESET_5"", ""USB/iPOD_PRESET_6"", ""USB/iPOD_PRESET_7"", ""USB/iPOD_PRESET_8"", ""NETWORK_DMP_1"", ""NETWORK_DMP_2"", ""NETWORK_DMP_3"", ""NETWORK_DMP_4"", ""NETWORK_DMP_5"", ""NETWORK_DMP_6"", ""NETWORK_DMP_7"", ""NETWORK_DMP_8"", ""NETWORK_SHIFT_A"", ""NETWORK_SHIFT_B"", ""NETWORK_SHIFT_C"", ""NETWORK_SHIFT_D"", ""NETWORK_SHIFT_E"", ""NETWORK_SHIFT_F"", ""NETWORK_SHIFT_G"", ""NETWORK_DMP_RANDOM"", ""NETWORK_DMP_RANDOM_OFF"", ""NETWORK_DMP_RANDOM_ON"", ""NETWORK__DMP_REPEAT"", ""NETWORK_DMP_REPEAT_OFF"", ""NETWORK_DMP_REPEAT_1"", ""NETWORK_DMP_REPEAT_ALL"", ""NETWORK_SHIFT"", ""NETWORK_PRESET+"", ""NETWORK_PRESET-"", ""NETWORK_DMP_TRACK+"", ""NETWORK_DMP_TRACK-"", ""NETWORK_DMP_PAUSE"", ""NETWORK_DMP_PLAY"", ""NETWORK_DMP_STOP"", ""JPEG_SKIP+"", ""JPEG_SKIP-"", ""NETWORK_MEMORY"", ""NETWORK_DMP_UP_ARROW"", ""NETWORK_DMP_DN_ARROW"", ""NETWORK_DMP_LEFT_ARROW"", ""NETWORK_DMP_RIGHT_ARROW"", ""NETWORK_DMP_ENTER"", ""NETWORK_PAGE_UP"", ""NETWORK_DMP_RETURN"", ""ZONE_2_POWER_ON"", ""ZONE_2_POWER_OFF"", ""ZONE_2_VOL+"", ""ZONE_2_VOL-"", ""ZONE_2_MUTE"", ""ZONE_2_CD"", ""ZONE_2_CD-R"", ""ZONE_2_TV"", ""ZONE_2_DVD"", ""ZONE_2_VCR1"", ""ZONE_2_DSS"", ""ZONE_2_AUX1"", ""ZONE_2_TUNER"", ""ZONE_2_NETWORK_DMP"", ""ZONE_2_USB"", ""ZONE_2_BD"", ""ZONE_2_M-XPORT"", ""ZONE_2_PHONO"", ""ZONE_2_SIRIUS"", ""PRESET_1"", ""PRESET_2"", ""PRESET_3"", ""PRESET_4"", ""PRESET_5""]","[""RC5""]","[""00 00 00 00"", ""11 00 00 00""]",device_family,0.58,"[""modelo/família identificável com conjunto amplo""]","[""modelo de baixa confiança foi tratado como evidência estrutural"", ""muitos nomes compartilham a mesma intenção"", ""nomes de comandos reais não chegaram ao classificador"", ""protocolos reais não chegaram ao classificador"", ""sequência numerada pode indicar codeset ou bruteforce""]","[""50 maiores quantidades de comandos""]"
ae9b422506cb5400,_Converted_/Pronto/M/Marantz/PMD500U_PROFESSIONAL_STEREO_DOUBLE_CASSETTE_DECK.ir,PMD500U_PROFESSIONAL_STEREO_DOUBLE_CASSETTE_DECK.ir,Converted/Pronto,Marantz,PMD500U_PROFESSIONAL_STEREO_DOUBLE_CASSETTE_DECK,58,"[""<>-1"", ""DECK_A-1"", ""DECK_B-1"", ""CONT-1"", ""R_MODE-1"", ""UP_ARROW-1"", ""DN_ARROW-1"", ""MEMO-1"", ""AMS-1"", ""COUNTER-1"", ""()-1"", ""0-1"", ""1-1"", ""2-1"", ""3-1"", ""4-1"", ""5-1"", ""6-1"", ""7-1"", ""8-1"", ""9-1"", ""|<<-1"", "">>|-1"", ""<<-1"", "">>-1"", "">-1"", ""||-1"", ""[]-1"", ""*-1"", ""<>-2"", ""DECK_A-2"", ""DECK_B-2"", ""CONT-2"", ""R_MODE-2"", ""UP_ARROW-2"", ""DN_ARROW-2"", ""MEMO-2"", ""AMS-2"", ""COUNTER-2"", ""()-2"", ""0-2"", ""1-2"", ""2-2"", ""3-2"", ""4-2"", ""5-2"", ""6-2"", ""7-2"", ""8-2"", ""9-2"", ""|<<-2"", "">>|-2"", ""<<-2"", "">>-2"", "">-2"", ""||-2"", ""[]-2"", ""*-2""]","[""RC5""]","[""12 00 00 00""]",specific_device,0.72,"[""modelo identificável e conjunto coerente""]","[""modelo de baixa confiança foi tratado como evidência estrutural"", ""muitos nomes compartilham a mesma intenção"", ""nomes de comandos reais não chegaram ao classificador"", ""protocolos reais não chegaram ao classificador"", ""sequência numerada pode indicar codeset ou bruteforce""]","[""50 nomes ou comandos com sequências numéricas""]"
9d0e340c3effe12d,_Converted_/Pronto/M/Marantz/RECEIVER.ir,RECEIVER.ir,Converted/Pronto,Marantz,RECEIVER,68,"[""SOURCE_OFF"", ""SOURCE_ON"", ""POWER_OFF (raw)"", ""POWER_ON (raw)"", ""SLEEP"", ""TV"", ""LD"", ""VCR1"", ""VCR2"", ""AUX (raw)"", ""TUNER"", ""CD"", ""ACR"", ""DCC"", ""THX (raw)"", ""PRO_LOGIC (raw)"", ""3-LOGIC (raw)"", ""MOVIE (raw)"", ""MONO (raw)"", ""MATRIX (raw)"", ""HALL (raw)"", ""STEREO (raw)"", ""DELAY (raw)"", ""6CH (raw)"", ""MUTE"", ""VOL+"", ""VOL-"", ""TV_MUTE"", ""TV_VOL+"", ""TV_VOL-"", ""MULTI (raw)"", ""OSD"", ""DISP (raw)"", ""CH_SEL"", ""TEST (raw)"", ""TUNE+ (raw)"", ""TUNE- (raw)"", ""TV_1"", ""TV_2"", ""TV_3"", ""TV_4"", ""TV_5"", ""TV_6"", ""TV_7"", ""TV_8"", ""TV_9"", ""TV_0"", ""CD_F_SRCH"", ""CD_R_SRCH"", ""CD_F_SCAN"", ""CD_R_SCAN"", ""CD_PLAY"", ""CD_STOP"", ""CD_PAUSE"", ""VCR1_PLAY"", ""VCR1_STOP"", ""VCR1_PAUSE"", ""VCR1_FFWD"", ""VCR1_REW"", ""VCR1_F_SRCH"", ""VCR1_R_SRCH"", ""VCR1_REC"", ""ACR_PLAY"", ""ACR_STOP"", ""ACR_PAUSE"", ""ACR_FFWD"", ""ACR_REW"", ""ACR_REC""]","[""RC5""]","[""00 00 00 00"", ""05 00 00 00"", ""06 00 00 00"", ""0C 00 00 00"", ""10 00 00 00"", ""11 00 00 00"", ""12 00 00 00"", ""14 00 00 00"", ""17 00 00 00""]",specific_device,0.72,"[""modelo identificável e conjunto coerente""]","[""modelo de baixa confiança foi tratado como evidência estrutural"", ""muitos nomes compartilham a mesma intenção"", ""nomes de comandos reais não chegaram ao classificador"", ""protocolos reais não chegaram ao classificador"", ""sequência numerada pode indicar codeset ou bruteforce""]","[""50 maiores diversidades de endereços""]"
aae652cacfce471e,_Converted_/Pronto/M/Marantz/RECEIVER_1.ir,RECEIVER_1.ir,Converted/Pronto,Marantz,RECEIVER_1,63,"[""SLEEP"", ""TV"", ""LD"", ""VCR1"", ""VCR2"", ""AUX1 (raw)"", ""TUNER"", ""CD"", ""ACR1"", ""ACR2"", ""PRO_LOGIC (raw)"", ""3-LOGIC (raw)"", ""DELAY"", ""MUTE"", ""VOL+"", ""VOL-"", ""DISPLAY"", ""TEST (raw)"", ""TUNE+ (raw)"", ""TUNE- (raw)"", ""1"", ""2"", ""3"", ""4"", ""5"", ""6"", ""7"", ""8"", ""9"", ""0"", ""CD_F_SRCH"", ""CD_R_SRCH"", ""CD_F_SCAN"", ""CD_R_SCAN"", ""CD_PLAY"", ""CD_STOP"", ""CD_PAUSE"", ""VCR1_PLAY"", ""VCR1_STOP"", ""VCR1_PAUSE"", ""VCR1_FFWD"", ""VCR1_REW"", ""VCR1_F_SRCH"", ""VCR1_R_SRCH"", ""VCR1_REC"", ""ACR_PLAY"", ""ACR_STOP"", ""ACR_PAUSE"", ""ACR_FFWD"", ""ACR_REW"", ""ACR_REC"", ""POWER"", ""MONO/ST"", ""MODE+ (raw)"", ""CENTR+"", ""CENTR-"", ""SURR+"", ""SURR-"", ""DSP"", ""DELAY"", ""INPUT_CYCLE"", ""TV_VOL+"", ""TV_VOL-""]","[""RC5""]","[""00 00 00 00"", ""05 00 00 00"", ""06 00 00 00"", ""0C 00 00 00"", ""10 00 00 00"", ""11 00 00 00"", ""12 00 00 00"", ""14 00 00 00"", ""17 00 00 00""]",specific_device,0.72,"[""modelo identificável e conjunto coerente""]","[""modelo de baixa confiança foi tratado como evidência estrutural"", ""muitos nomes compartilham a mesma intenção"", ""nomes de comandos reais não chegaram ao classificador"", ""protocolos reais não chegaram ao classificador"", ""sequência numerada pode indicar codeset ou bruteforce""]","[""50 maiores diversidades de endereços""]"
fcd9f8fbdf244950,_Converted_/Pronto/M/Marantz/RECIEVER_AV-500.ir,RECIEVER_AV-500.ir,Converted/Pronto,Marantz,RECIEVER_AV-500,44,"[""POWER"", ""TUNER"", ""CD"", ""ACR1"", ""DCC"", ""LD"", ""DBS"", ""VCR1"", ""VCR2"", ""SURR"", ""MOVIE"", ""3-LOGIC"", ""HALL1"", ""HALL2"", ""CENTER_MODE"", ""TEST_TONE"", ""DELAY"", ""MATRIX"", ""STEREO"", ""AUX"", ""OSD"", ""PIP"", ""SEL"", ""REV"", ""POS"", ""BAL_L"", ""BAL_R"", ""MUTE"", ""VOL_RST"", ""SURR+"", ""SURR-"", ""CNTR+"", ""CNTR-"", ""VOL+"", ""VOL-"", ""PWR-LD"", ""LD_EJECT"", ""LD_STOP"", ""LD_PAUSE"", ""LD_PLAY"", ""LD_R_SRCH"", ""LD_F_SRCH"", ""LD_R_CHAP"", ""LD_F_CHAP""]","[""RC5""]","[""05 00 00 00"", ""06 00 00 00"", ""08 00 00 00"", ""0C 00 00 00"", ""10 00 00 00"", ""11 00 00 00"", ""12 00 00 00"", ""14 00 00 00"", ""17 00 00 00""]",specific_device,0.72,"[""modelo identificável e conjunto coerente""]","[""modelo de baixa confiança foi tratado como evidência estrutural"", ""nomes de comandos reais não chegaram ao classificador"", ""protocolos reais não chegaram ao classificador""]","[""50 maiores diversidades de endereços""]"
b02d9646d726ae19,_Converted_/Pronto/M/Marantz/SR-63_(RECEIVER).ir,SR-63_(RECEIVER).ir,Converted/Pronto,Marantz,SR-63_(RECEIVER),13,"[""STBY"", ""MUTE"", ""VOL-"", ""VOL+"", ""PHONO"", ""FM/AM"", ""CD"", ""TAPE"", ""TV"", ""VCR"", ""LD"", ""DCC"", ""PAUSE""]","[""RC5""]","[""00 00 00 00"", ""05 00 00 00"", ""0C 00 00 00"", ""10 00 00 00"", ""11 00 00 00"", ""12 00 00 00"", ""14 00 00 00"", ""15 00 00 00"", ""17 00 00 00""]",specific_device,0.72,"[""modelo identificável e conjunto coerente""]","[""modelo de baixa confiança foi tratado como evidência estrutural"", ""nomes de comandos reais não chegaram ao classificador"", ""protocolos reais não chegaram ao classificador""]","[""50 maiores diversidades de endereços""]"
87e46b58c2895f31,_Converted_/Pronto/M/Marantz/SR-63_(RECEIVER)_EVEN.ir,SR-63_(RECEIVER)_EVEN.ir,Converted/Pronto,Marantz,SR-63_(RECEIVER)_EVEN,12,"[""STBY"", ""MUTE"", ""VOL-"", ""VOL+"", ""PHONO"", ""FM/AM"", ""CD"", ""TAPE"", ""TV"", ""VCR"", ""LD"", ""DCC""]","[""RC5""]","[""00 00 00 00"", ""05 00 00 00"", ""0C 00 00 00"", ""10 00 00 00"", ""11 00 00 00"", ""12 00 00 00"", ""14 00 00 00"", ""15 00 00 00"", ""17 00 00 00""]",specific_device,0.72,"[""modelo identificável e conjunto coerente""]","[""modelo de baixa confiança foi tratado como evidência estrutural"", ""nomes de comandos reais não chegaram ao classificador"", ""protocolos reais não chegaram ao classificador""]","[""50 maiores diversidades de endereços""]"
b070c04997cf49ae,_Converted_/Pronto/M/Marantz/SR-7300.ir,SR-7300.ir,Converted/Pronto,Marantz,SR-7300,56,"[""TV"", ""DVD"", ""VCR1"", ""TUNER"", ""CD"", ""CDR"", ""MD"", ""TAPE"", ""AUX1"", ""AUX2"", ""DSS"", ""POWER"", ""POWER_ON"", ""POWER_OFF"", ""V_OFF"", ""EQ"", ""7_1/6_1_IN"", ""SLEEP"", ""AUDIO"", ""A/D"", ""1"", ""2"", ""3"", ""4"", ""5"", ""6"", ""7"", ""8"", ""9"", ""0"", ""CLEAR"", ""+10"", ""DISP/RDS"", ""INPUT"", ""MUTE"", ""CH+"", ""CH-"", ""DECK_A_BASS"", ""DECK_B_BASS"", ""DECK_A_TREBLE"", ""DECK_B_TREBLE"", ""VOL+"", ""VOL-"", ""OSD"", ""UP"", ""LEFT"", ""ENTER"", ""RIGHT"", ""DOWN"", ""SETUP"", ""CH_SEL"", ""TEST"", ""EXIT"", ""SPEAKER-A/B"", ""ATT"", ""MULTI""]","[""RC5""]","[""00 00 00 00"", ""05 00 00 00"", ""06 00 00 00"", ""10 00 00 00"", ""11 00 00 00"", ""12 00 00 00"", ""14 00 00 00"", ""17 00 00 00"", ""1A 00 00 00""]",specific_device,0.72,"[""modelo identificável e conjunto coerente""]","[""modelo de baixa confiança foi tratado como evidência estrutural"", ""muitos nomes compartilham a mesma intenção"", ""nomes de comandos reais não chegaram ao classificador"", ""protocolos reais não chegaram ao classificador"", ""sequência numerada pode indicar codeset ou bruteforce""]","[""50 maiores diversidades de endereços""]"
04fe65378a585992,_Converted_/Pronto/M/Marantz/SR66.ir,SR66.ir,Converted/Pronto,Marantz,SR66,64,"[""SLEEP"", ""TV"", ""LD"", ""VCR1"", ""VCR2"", ""AUX (raw)"", ""TUNER"", ""CD"", ""ACR1"", ""ACR2"", ""PRO_LOGIC (raw)"", ""3-LOGIC (raw)"", ""DELAY (raw)"", ""MUTE"", ""VOL+"", ""VOL-"", ""DISPLAY"", ""TEST (raw)"", ""TUNE+ (raw)"", ""TUNE- (raw)"", ""1"", ""2"", ""3"", ""4"", ""5"", ""6"", ""7"", ""8"", ""9"", ""0"", ""CD_F_SRCH"", ""CD_R_SRCH"", ""CD_F_SCAN"", ""CD_R_SCAN"", ""CD_PLAY"", ""CD_STOP"", ""CD_PAUSE"", ""VCR1_PLAY"", ""VCR1_STOP"", ""VCR1_PAUSE"", ""VCR1_FFWD"", ""VCR1_REW"", ""VCR1_F_SRCH"", ""VCR1_R_SRCH"", ""VCR1_REC"", ""ACR_PLAY"", ""ACR_STOP"", ""ACR_PAUSE"", ""ACR_FFWD"", ""ACR_REW"", ""ACR_REC"", ""POWER"", ""MONO/ST"", ""MODE+"", ""CENTR+"", ""CENTR-"", ""SURR+"", ""SURR-"", ""HALL"", ""DELAY"", ""INPUT_CYCLE"", ""TV_VOL+"", ""TV_VOL-"", ""AUX1 (raw)""]","[""RC5""]","[""00 00 00 00"", ""05 00 00 00"", ""06 00 00 00"", ""0C 00 00 00"", ""10 00 00 00"", ""11 00 00 00"", ""12 00 00 00"", ""14 00 00 00"", ""17 00 00 00""]",specific_device,0.72,"[""modelo identificável e conjunto coerente""]","[""modelo de baixa confiança foi tratado como evidência estrutural"", ""muitos nomes compartilham a mesma intenção"", ""nomes de comandos reais não chegaram ao classificador"", ""protocolos reais não chegaram ao classificador"", ""sequência numerada pode indicar codeset ou bruteforce""]","[""50 maiores diversidades de endereços""]"
2fba4d0ef74f822a,_Converted_/Pronto/M/Marantz/SR670.ir,SR670.ir,Converted/Pronto,Marantz,SR670,64,"[""SLEEP"", ""TV"", ""LD"", ""VCR1"", ""VCR2"", ""AUX (raw)"", ""TUNER"", ""CD"", ""ACR1"", ""ACR2"", ""PRO_LOGIC (raw)"", ""3-LOGIC (raw)"", ""DELAY (raw)"", ""MUTE"", ""VOL+"", ""VOL-"", ""DISPLAY"", ""TEST (raw)"", ""TUNE+ (raw)"", ""TUNE- (raw)"", ""1"", ""2"", ""3"", ""4"", ""5"", ""6"", ""7"", ""8"", ""9"", ""0"", ""CD_F_SRCH"", ""CD_R_SRCH"", ""CD_F_SCAN"", ""CD_R_SCAN"", ""CD_PLAY"", ""CD_STOP"", ""CD_PAUSE"", ""VCR1_PLAY"", ""VCR1_STOP"", ""VCR1_PAUSE"", ""VCR1_FFWD"", ""VCR1_REW"", ""VCR1_F_SRCH"", ""VCR1_R_SRCH"", ""VCR1_REC"", ""ACR_PLAY"", ""ACR_STOP"", ""ACR_PAUSE"", ""ACR_FFWD"", ""ACR_REW"", ""ACR_REC"", ""POWER"", ""MONO/ST"", ""MODE+ (raw)"", ""CENTR+"", ""CENTR-"", ""SURR+"", ""SURR-"", ""DSP"", ""DELAY"", ""INPUT_CYCLE"", ""TV_VOL+"", ""TV_VOL-"", ""AUX1 (raw)""]","[""RC5""]","[""00 00 00 00"", ""05 00 00 00"", ""06 00 00 00"", ""0C 00 00 00"", ""10 00 00 00"", ""11 00 00 00"", ""12 00 00 00"", ""14 00 00 00"", ""17 00 00 00""]",specific_device,0.72,"[""modelo identificável e conjunto coerente""]","[""modelo de baixa confiança foi tratado como evidência estrutural"", ""muitos nomes compartilham a mesma intenção"", ""nomes de comandos reais não chegaram ao classificador"", ""protocolos reais não chegaram ao classificador"", ""sequência numerada pode indicar codeset ou bruteforce""]","[""50 maiores diversidades de endereços""]"
615d6699c7da7f51,_Converted_/Pronto/M/Marantz/SR7005.ir,SR7005.ir,Converted/Pronto,Marantz,SR7005,220,"[""UnknownUnknown"", ""Unknown"", ""°"", ""POWER_OFF"", ""POWER"", ""POWER_ON"", ""SYSTEM_POWER_OFF"", ""INPUT_NEXT"", ""INPUT_BACK"", ""TUNER"", ""BD_(C0DE_1)"", ""BD_(CODE_2)"", ""TV"", ""CD"", ""CD-R"", ""DVD"", ""VCR1"", ""VCR2_(DSS/SAT)"", ""AUX1"", ""GAME"", ""PHONO"", ""SIRIUS"", ""NET/USB"", ""INTERNET_RADIO_SELECT"", ""RHAPSODY"", ""NAPSTER"", ""FLICKER"", ""MEDIA_SERVER_SELECT"", ""PANDORA"", ""LAST_FM"", ""M-XPORT"", ""USB/iPOD"", ""NET"", ""HDMI_AUDIO_DECODE_THROUGH"", ""USB_TOGGLE"", ""INPUT_MODE_SELECT"", ""VOL+"", ""VOL-"", ""MUTE"", ""LIP_SYNC"", ""RESOLUTION(ANALOG)"", ""RESOLUTION(HDMI)"", ""HDMI_AUDIO_DECODE_ENABLE"", ""COMPONENT2_MAIN"", ""COMPONENT2_MULTI-A"", ""HDMI_OUTPUT_SELECT_TOGGLE"", ""HDMI_OUT_1"", ""HDMI_OUT_2"", ""SPEAKER_SELECT"", ""MENU"", ""SOURCE_SELECT_MENU"", ""ENTER"", ""RETURN"", ""UP_ARROW"", ""DN_ARROW"", ""RIGHT_ARROW"", ""SHIFT"", ""SOFT_KEYBOARD"", ""INSERT"", ""DELETE"", ""STATUS"", ""DISPLAY"", ""VIDEO_SELECT"", ""SURROUND_MODE_TOGGLE"", ""LEFT_ARROW"", ""STEREO"", ""MULTI_CH_STEREO"", ""NEURAL"", ""PRO_LOGIC"", ""PLllX(Z)_MOVIE"", ""PLllX(Z)_MUSIC"", ""DTS_Neo6_CINEMA"", ""DTS_Neo6_MUSIC"", ""VIRTUAL"", ""DECORDER_MODE"", ""SOURCE_DIRECT_TOGGLE"", ""PURE_DIRECT_TOGGLE"", ""M-DAX"", ""M-DAX_OFF"", ""M-DAX_HIGH"", ""M-DAX_LOW"", ""M-DAX_MID"", ""BASS+"", ""BASS-"", ""TREBLE+"", ""TREBLE-"", ""AUDYSSEY_MULTIEQ_TOGGLE"", ""AUDYSSEY_DYNAMIC_EQ_MODE"", ""AUDYSSEY_DYNAMIC_EQ_MODE_OFF"", ""AUDYSSEY_DYNAMIC_EQ_MODE_ON"", ""AUDYSSEY_DYNAMIC_VOL_MODE"", ""AUDYSSEY_DYNAMIC_VOL_MODE_OFF"", ""AUDYSSEY_DYNAMIC_VOL_MODE_LOE"", ""AUDYSSEY_DYNAMIC_VOL_MODE_MID"", ""AUDYSSEY_DYNAMIC_VOL_MODE_HIGH"", ""AUDYSSEY_DYNAMIC_EQ_OFFSET"", ""AUDYSSEY_DYNAMIC_EQ_OFFSET_-5db"", ""AUDYSSEY_DYNAMIC_EQ_OFFSET_-10db"", ""AUDYSSEY_DYNAMIC_EQ_OFFSET_-15db"", ""AUDYSSEY_DSX_ON/OFF"", ""AUDYSSEY_DSX_OFF"", ""AUDYSSEY_DSX_ON(HEIGHT)"", ""AUDYSSEY_DSX_ON(WIDE)"", ""SLEEP"", ""SLEEP_OFF"", ""BAND"", ""FM"", ""AM"", ""T-MODE"", ""MEMORY"", ""TUNE+"", ""TUNE-"", ""PRESET+"", ""PRESET-"", ""0"", ""1"", ""2"", ""3"", ""4"", ""5"", ""6"", ""7"", ""8"", ""9"", ""PRESET_SHIFT"", ""SHIFT_A"", ""SHIFT_B"", ""SHIFT_C"", ""SHIFT_D"", ""SHIFT_E"", ""SHIFT_F"", ""CURSOR_UP"", ""CURSOR_LEFT"", ""CURSOR_DN"", ""CURSOR_RIGHT"", ""CURSOR_ENTER"", ""RDS/SEARCH"", ""USB/iPOD_RETURN"", ""USB/iPOD_PLAY/PAUSE"", ""USB/iPOD_PLAY"", ""USB/iPOD_RANDOM_OFF"", ""USB/iPOD_RANDOM_ON(SONGS)"", ""USB/iPOD_REPEAT_OFF"", ""USB/iPOD_REPEAT_ONE"", ""USB/iPOD_REPEAT_ALL"", ""USB/iPOD_MEMORY"", ""USB/iPOD_PRESET_CH+"", ""USB/iPOD_PRESET_CH-"", ""USB/iPOD_PRESET_1"", ""USB/iPOD_PRESET_2"", ""USB/iPOD_PRESET_3"", ""USB/iPOD_PRESET_4"", ""USB/iPOD_PRESET_5"", ""USB/iPOD_PRESET_6"", ""USB/iPOD_PRESET_7"", ""USB/iPOD_PRESET_8"", ""NETWORK_DMP_1"", ""NETWORK_DMP_2"", ""NETWORK_DMP_3"", ""NETWORK_DMP_4"", ""NETWORK_DMP_5"", ""NETWORK_DMP_6"", ""NETWORK_DMP_7"", ""NETWORK_DMP_8"", ""NETWORK_SHIFT_A"", ""NETWORK_SHIFT_B"", ""NETWORK_SHIFT_C"", ""NETWORK_SHIFT_D"", ""NETWORK_SHIFT_E"", ""NETWORK_SHIFT_F"", ""NETWORK_SHIFT_G"", ""NETWORK_DMP_RANDOM"", ""NETWORK_DMP_RANDOM_OFF"", ""NETWORK_DMP_RANDOM_ON"", ""NETWORK__DMP_REPEAT"", ""NETWORK_DMP_REPEAT_OFF"", ""NETWORK_DMP_REPEAT_1"", ""NETWORK_DMP_REPEAT_ALL"", ""NETWORK_SHIFT"", ""NETWORK_PRESET+"", ""NETWORK_PRESET-"", ""NETWORK_DMP_TRACK+"", ""NETWORK_DMP_TRACK-"", ""NETWORK_DMP_PAUSE"", ""NETWORK_DMP_PLAY"", ""NETWORK_DMP_STOP"", ""JPEG_SKIP+"", ""JPEG_SKIP-"", ""NETWORK_MEMORY"", ""NETWORK_DMP_UP_ARROW"", ""NETWORK_DMP_DN_ARROW"", ""NETWORK_DMP_LEFT_ARROW"", ""NETWORK_DMP_RIGHT_ARROW"", ""NETWORK_DMP_ENTER"", ""NETWORK_PAGE_UP"", ""NETWORK_DMP_RETURN"", ""ZONE_2_POWER_ON"", ""ZONE_2_POWER_OFF"", ""ZONE_2_VOL+"", ""ZONE_2_VOL-"", ""ZONE_2_MUTE"", ""ZONE_2_CD"", ""ZONE_2_CD-R"", ""ZONE_2_TV"", ""ZONE_2_DVD"", ""ZONE_2_VCR1"", ""ZONE_2_DSS"", ""ZONE_2_AUX1"", ""ZONE_2_TUNER"", ""ZONE_2_NETWORK_DMP"", ""ZONE_2_USB"", ""ZONE_2_BD"", ""ZONE_2_M-XPORT"", ""ZONE_2_PHONO"", ""ZONE_2_SIRIUS"", ""PRESET_1"", ""PRESET_2"", ""PRESET_3"", ""PRESET_4"", ""PRESET_5""]","[""RC5""]","[""00 00 00 00"", ""11 00 00 00""]",device_family,0.58,"[""modelo/família identificável com conjunto amplo""]","[""modelo de baixa confiança foi tratado como evidência estrutural"", ""muitos nomes compartilham a mesma intenção"", ""nomes de comandos reais não chegaram ao classificador"", ""protocolos reais não chegaram ao classificador"", ""sequência numerada pode indicar codeset ou bruteforce""]","[""50 maiores quantidades de comandos""]"
99ec85af33247a7f,_Converted_/Pronto/M/Marantz/SR880MKII_-_MULTICODE.ir,SR880MKII_-_MULTICODE.ir,Converted/Pronto,Marantz,SR880MKII_-_MULTICODE,60,"[""SOURCE_ON/OFF"", ""POWER_ON (raw)"", ""POWER_OFF (raw)"", ""VOL+"", ""VOL-"", ""DSS/VCR2"", ""TV"", ""DVD (raw)"", ""VCR1"", ""LD"", ""TAPE"", ""CDR"", ""CD"", ""TUNER"", ""AUX (raw)"", ""UP"", ""DOWN"", ""LEFT"", ""RIGHT"", ""OK"", ""MUTE"", ""PLAY"", ""STOP"", ""PAUSE"", ""TRACK_-"", ""TRACK_+"", ""REV"", ""FWD"", ""AMP_AUTO (raw)"", ""AMP_HALL (raw)"", ""AMP_DOLB (raw)"", ""AMP_MTRX (raw)"", ""AMP_MOV (raw)"", ""AMP_THX (raw)"", ""AMP_DTS (raw)"", ""AMP_2-CH (raw)"", ""AMP_A/D (raw)"", ""AMP_MONO (raw)"", ""AMP_3D (raw)"", ""AMP_NITE (raw)"", ""AMP_MLTI (raw)"", ""AMP_OSD"", ""AMP_ATT (raw)"", ""AMP_DIR"", ""AMP_TRB+"", ""AMP_TRB-"", ""AMP_BAS+"", ""AMP_BAS-"", ""AMP_R-EQ (raw)"", ""AMP_CH+ (raw)"", ""AMP_LVL+ (raw)"", ""AMP_LVL- (raw)"", ""AMP_VOL+ (raw)"", ""AMP_VOL- (raw)"", ""AMP_6-CH (raw)"", ""AMP_BYP (raw)"", ""AMP_SLEP"", ""AMP_DISP (raw)"", ""AMP_MODE"", ""AMP_PHNO""]","[""RC5""]","[""00 00 00 00"", ""04 00 00 00"", ""05 00 00 00"", ""06 00 00 00"", ""0C 00 00 00"", ""10 00 00 00"", ""11 00 00 00"", ""12 00 00 00"", ""14 00 00 00"", ""15 00 00 00"", ""1A 00 00 00""]",specific_device,0.72,"[""modelo identificável e conjunto coerente""]","[""modelo de baixa confiança foi tratado como evidência estrutural"", ""nomes de comandos reais não chegaram ao classificador"", ""protocolos reais não chegaram ao classificador""]","[""50 maiores diversidades de endereços""]"
fb2ff1fb59286a8b,_Converted_/Pronto/M/Marantz/SR92MK2_SURROUND_SOUND_PROCESSOR.ir,SR92MK2_SURROUND_SOUND_PROCESSOR.ir,Converted/Pronto,Marantz,SR92MK2_SURROUND_SOUND_PROCESSOR,30,"[""AM/FM"", ""PHONO"", ""CD"", ""ACR"", ""LD"", ""VCR1"", ""VCR2"", ""VOL+"", ""VOL-"", ""1"", ""2"", ""3"", ""4"", ""5"", ""6"", ""7"", ""8"", ""9"", ""0"", ""TUNE+"", ""TUNE-"", ""DELAY (raw)"", ""VOL-S+ (raw)"", ""VOL-S- (raw)"", ""SURR-MODE"", ""VOL-C+ (raw)"", ""VOL-C- (raw)"", ""MUTE"", ""CENTER (raw)"", ""STBY""]","[""RC5""]","[""05 00 00 00"", ""06 00 00 00"", ""0C 00 00 00"", ""10 00 00 00"", ""11 00 00 00"", ""12 00 00 00"", ""14 00 00 00"", ""15 00 00 00""]",specific_device,0.72,"[""modelo identificável e conjunto coerente""]","[""modelo de baixa confiança foi tratado como evidência estrutural"", ""muitos nomes compartilham a mesma intenção"", ""nomes de comandos reais não chegaram ao classificador"", ""protocolos reais não chegaram ao classificador"", ""sequência numerada pode indicar codeset ou bruteforce""]","[""50 maiores diversidades de endereços""]"
1c511410ed4baf40,_Converted_/Pronto/M/Marantz/SR96.ir,SR96.ir,Converted/Pronto,Marantz,SR96,62,"[""SOURCE_ON (raw)"", ""POWER_ON"", ""SLEEP"", ""TV"", ""LD"", ""VCR1 (raw)"", ""AUX (raw)"", ""TUNER"", ""CD"", ""ACR1"", ""ACR2"", ""MUTE"", ""VOL+"", ""VOL-"", ""TV_MUTE"", ""TV_VOL+"", ""TV_VOL-"", ""DISP (raw)"", ""CH_SEL"", ""TEST (raw)"", ""TUNE+ (raw)"", ""TUNE- (raw)"", ""1"", ""2"", ""3"", ""4"", ""5"", ""6"", ""7"", ""8"", ""9"", ""0"", ""CD_F_SRCH"", ""CD_R_SRCH"", ""CD_F_SCAN"", ""CD_R_SCAN"", ""CD_PLAY"", ""CD_STOP"", ""CD_PAUSE"", ""VCR1_PLAY"", ""VCR1_STOP"", ""VCR1_PAUSE"", ""VCR1_FFWD"", ""VCR1_REW"", ""VCR1_F_SRCH"", ""VCR1_R_SRCH"", ""VCR1_REC"", ""ACR_PLAY"", ""ACR_STOP"", ""ACR_PAUSE"", ""ACR_FFWD"", ""ACR_REW"", ""ACR_REC"", ""LD (raw)"", ""AFP"", ""B--"", ""CH+"", ""CH-"", ""MODE+"", ""MEMO"", ""TEXT"", ""TIME""]","[""RC5""]","[""00 00 00 00"", ""05 00 00 00"", ""0C 00 00 00"", ""10 00 00 00"", ""11 00 00 00"", ""12 00 00 00"", ""14 00 00 00"", ""17 00 00 00""]",specific_device,0.72,"[""modelo identificável e conjunto coerente""]","[""modelo de baixa confiança foi tratado como evidência estrutural"", ""muitos nomes compartilham a mesma intenção"", ""nomes de comandos reais não chegaram ao classificador"", ""protocolos reais não chegaram ao classificador"", ""sequência numerada pode indicar codeset ou bruteforce""]","[""50 maiores diversidades de endereços""]"
4797779ccf281ea5,_Converted_/Pronto/M/Marantz/SR_Series_1.ir,SR_Series_1.ir,Converted/Pronto,Marantz,SR_Series_1,220,"[""UnknownUnknown"", ""Unknown"", ""°"", ""POWER_OFF"", ""POWER"", ""POWER_ON"", ""SYSTEM_POWER_OFF"", ""INPUT_NEXT"", ""INPUT_BACK"", ""TUNER"", ""BD_(C0DE_1)"", ""BD_(CODE_2)"", ""TV"", ""CD"", ""CD-R"", ""DVD"", ""VCR1"", ""VCR2_(DSS/SAT)"", ""AUX1"", ""GAME"", ""PHONO"", ""SIRIUS"", ""NET/USB"", ""INTERNET_RADIO_SELECT"", ""RHAPSODY"", ""NAPSTER"", ""FLICKER"", ""MEDIA_SERVER_SELECT"", ""PANDORA"", ""LAST_FM"", ""M-XPORT"", ""USB/iPOD"", ""NET"", ""HDMI_AUDIO_DECODE_THROUGH"", ""USB_TOGGLE"", ""INPUT_MODE_SELECT"", ""VOL+"", ""VOL-"", ""MUTE"", ""LIP_SYNC"", ""RESOLUTION(ANALOG)"", ""RESOLUTION(HDMI)"", ""HDMI_AUDIO_DECODE_ENABLE"", ""COMPONENT2_MAIN"", ""COMPONENT2_MULTI-A"", ""HDMI_OUTPUT_SELECT_TOGGLE"", ""HDMI_OUT_1"", ""HDMI_OUT_2"", ""SPEAKER_SELECT"", ""MENU"", ""SOURCE_SELECT_MENU"", ""ENTER"", ""RETURN"", ""UP_ARROW"", ""DN_ARROW"", ""RIGHT_ARROW"", ""SHIFT"", ""SOFT_KEYBOARD"", ""INSERT"", ""DELETE"", ""STATUS"", ""DISPLAY"", ""VIDEO_SELECT"", ""SURROUND_MODE_TOGGLE"", ""LEFT_ARROW"", ""STEREO"", ""MULTI_CH_STEREO"", ""NEURAL"", ""PRO_LOGIC"", ""PLllX(Z)_MOVIE"", ""PLllX(Z)_MUSIC"", ""DTS_Neo6_CINEMA"", ""DTS_Neo6_MUSIC"", ""VIRTUAL"", ""DECORDER_MODE"", ""SOURCE_DIRECT_TOGGLE"", ""PURE_DIRECT_TOGGLE"", ""M-DAX"", ""M-DAX_OFF"", ""M-DAX_HIGH"", ""M-DAX_LOW"", ""M-DAX_MID"", ""BASS+"", ""BASS-"", ""TREBLE+"", ""TREBLE-"", ""AUDYSSEY_MULTIEQ_TOGGLE"", ""AUDYSSEY_DYNAMIC_EQ_MODE"", ""AUDYSSEY_DYNAMIC_EQ_MODE_OFF"", ""AUDYSSEY_DYNAMIC_EQ_MODE_ON"", ""AUDYSSEY_DYNAMIC_VOL_MODE"", ""AUDYSSEY_DYNAMIC_VOL_MODE_OFF"", ""AUDYSSEY_DYNAMIC_VOL_MODE_LOE"", ""AUDYSSEY_DYNAMIC_VOL_MODE_MID"", ""AUDYSSEY_DYNAMIC_VOL_MODE_HIGH"", ""AUDYSSEY_DYNAMIC_EQ_OFFSET"", ""AUDYSSEY_DYNAMIC_EQ_OFFSET_-5db"", ""AUDYSSEY_DYNAMIC_EQ_OFFSET_-10db"", ""AUDYSSEY_DYNAMIC_EQ_OFFSET_-15db"", ""AUDYSSEY_DSX_ON/OFF"", ""AUDYSSEY_DSX_OFF"", ""AUDYSSEY_DSX_ON(HEIGHT)"", ""AUDYSSEY_DSX_ON(WIDE)"", ""SLEEP"", ""SLEEP_OFF"", ""BAND"", ""FM"", ""AM"", ""T-MODE"", ""MEMORY"", ""TUNE+"", ""TUNE-"", ""PRESET+"", ""PRESET-"", ""0"", ""1"", ""2"", ""3"", ""4"", ""5"", ""6"", ""7"", ""8"", ""9"", ""PRESET_SHIFT"", ""SHIFT_A"", ""SHIFT_B"", ""SHIFT_C"", ""SHIFT_D"", ""SHIFT_E"", ""SHIFT_F"", ""CURSOR_UP"", ""CURSOR_LEFT"", ""CURSOR_DN"", ""CURSOR_RIGHT"", ""CURSOR_ENTER"", ""RDS/SEARCH"", ""USB/iPOD_RETURN"", ""USB/iPOD_PLAY/PAUSE"", ""USB/iPOD_PLAY"", ""USB/iPOD_RANDOM_OFF"", ""USB/iPOD_RANDOM_ON(SONGS)"", ""USB/iPOD_REPEAT_OFF"", ""USB/iPOD_REPEAT_ONE"", ""USB/iPOD_REPEAT_ALL"", ""USB/iPOD_MEMORY"", ""USB/iPOD_PRESET_CH+"", ""USB/iPOD_PRESET_CH-"", ""USB/iPOD_PRESET_1"", ""USB/iPOD_PRESET_2"", ""USB/iPOD_PRESET_3"", ""USB/iPOD_PRESET_4"", ""USB/iPOD_PRESET_5"", ""USB/iPOD_PRESET_6"", ""USB/iPOD_PRESET_7"", ""USB/iPOD_PRESET_8"", ""NETWORK_DMP_1"", ""NETWORK_DMP_2"", ""NETWORK_DMP_3"", ""NETWORK_DMP_4"", ""NETWORK_DMP_5"", ""NETWORK_DMP_6"", ""NETWORK_DMP_7"", ""NETWORK_DMP_8"", ""NETWORK_SHIFT_A"", ""NETWORK_SHIFT_B"", ""NETWORK_SHIFT_C"", ""NETWORK_SHIFT_D"", ""NETWORK_SHIFT_E"", ""NETWORK_SHIFT_F"", ""NETWORK_SHIFT_G"", ""NETWORK_DMP_RANDOM"", ""NETWORK_DMP_RANDOM_OFF"", ""NETWORK_DMP_RANDOM_ON"", ""NETWORK__DMP_REPEAT"", ""NETWORK_DMP_REPEAT_OFF"", ""NETWORK_DMP_REPEAT_1"", ""NETWORK_DMP_REPEAT_ALL"", ""NETWORK_SHIFT"", ""NETWORK_PRESET+"", ""NETWORK_PRESET-"", ""NETWORK_DMP_TRACK+"", ""NETWORK_DMP_TRACK-"", ""NETWORK_DMP_PAUSE"", ""NETWORK_DMP_PLAY"", ""NETWORK_DMP_STOP"", ""JPEG_SKIP+"", ""JPEG_SKIP-"", ""NETWORK_MEMORY"", ""NETWORK_DMP_UP_ARROW"", ""NETWORK_DMP_DN_ARROW"", ""NETWORK_DMP_LEFT_ARROW"", ""NETWORK_DMP_RIGHT_ARROW"", ""NETWORK_DMP_ENTER"", ""NETWORK_PAGE_UP"", ""NETWORK_DMP_RETURN"", ""ZONE_2_POWER_ON"", ""ZONE_2_POWER_OFF"", ""ZONE_2_VOL+"", ""ZONE_2_VOL-"", ""ZONE_2_MUTE"", ""ZONE_2_CD"", ""ZONE_2_CD-R"", ""ZONE_2_TV"", ""ZONE_2_DVD"", ""ZONE_2_VCR1"", ""ZONE_2_DSS"", ""ZONE_2_AUX1"", ""ZONE_2_TUNER"", ""ZONE_2_NETWORK_DMP"", ""ZONE_2_USB"", ""ZONE_2_BD"", ""ZONE_2_M-XPORT"", ""ZONE_2_PHONO"", ""ZONE_2_SIRIUS"", ""PRESET_1"", ""PRESET_2"", ""PRESET_3"", ""PRESET_4"", ""PRESET_5""]","[""RC5""]","[""00 00 00 00"", ""11 00 00 00""]",device_family,0.58,"[""modelo/família identificável com conjunto amplo""]","[""modelo de baixa confiança foi tratado como evidência estrutural"", ""muitos nomes compartilham a mesma intenção"", ""nomes de comandos reais não chegaram ao classificador"", ""protocolos reais não chegaram ao classificador"", ""sequência numerada pode indicar codeset ou bruteforce""]","[""50 maiores quantidades de comandos""]"
6daa4e5e06a8108b,_Converted_/Pronto/M/Marantz/ST_53.ir,ST_53.ir,Converted/Pronto,Marantz,ST_53,22,"[""TUNE-"", ""TUNE+"", ""1"", ""2"", ""3"", ""4"", ""5"", ""6"", ""7"", ""8"", ""9"", ""0"", ""MEMO"", ""FM/AM"", ""PHONO"", ""CD"", ""TAPE"", ""LD"", ""VCR1"", ""VCR2"", ""VOL+"", ""VOL-""]","[""RC5""]","[""05 00 00 00"", ""06 00 00 00"", ""0C 00 00 00"", ""10 00 00 00"", ""11 00 00 00"", ""12 00 00 00"", ""14 00 00 00"", ""15 00 00 00""]",specific_device,0.72,"[""modelo identificável e conjunto coerente""]","[""modelo de baixa confiança foi tratado como evidência estrutural"", ""muitos nomes compartilham a mesma intenção"", ""nomes de comandos reais não chegaram ao classificador"", ""protocolos reais não chegaram ao classificador"", ""sequência numerada pode indicar codeset ou bruteforce""]","[""50 maiores diversidades de endereços""]"
bc6b6a77e9483e59,_Converted_/Pronto/O/Onkyo/TX-NR1009.ir,TX-NR1009.ir,Converted/Pronto,Onkyo,TX-NR1009,212,"[""CSP-LIR-USB"", ""Unknown"", ""°"", ""POWER"", ""STANDBY"", ""DISPLAY"", ""DVD/BD"", ""VCR/DVR"", ""CBL/SAT"", ""GAME"", ""TUNER"", ""TV/TAPE"", ""AUX"", ""PORT"", ""CD"", ""PHONO"", ""NET"", ""MUTE"", ""VOL+"", ""VOL-"", ""UP_ARROW"", ""DN_ARROW"", ""LEFT_ARROW"", ""RIGHT_ARROW"", ""ENTER"", ""GUIDE/TOP_MENU"", ""MENU"", ""SETUP"", ""AUDIO"", ""RETURN"", ""LISTEN_MODE:_MOVIE/TV"", ""LISTEN_MODE:_MUSIC"", ""LISTEN_MODE:_GAME"", ""LISTEN_MODE:_THX"", ""1"", ""2"", ""3"", ""4"", ""5"", ""6"", ""7"", ""8"", ""9"", ""0"", ""10+"", ""CLEAR"", ""MUTE_ON"", ""MUTE_OFF"", ""SLEEP"", ""TEST_TONE"", ""CH_SELECT"", ""LEVEL_UP"", ""LEVEL_DN"", ""SUBWOOFER_CONTROL"", ""DIMMER"", ""STORE"", ""RECALL"", ""LOCK"", ""UNLOCK"", ""AM"", ""FM"", ""SIRIUS"", ""MUSIC_SERVER_P4S"", ""INTERNET_RADIO"", ""UNIVERSAL_PORT"", ""NETAUDIO"", ""INPUT+"", ""INPUT-"", ""AUTO"", ""ANALOG"", ""COAX/OPT"", ""AUDIO_SELECTOR"", ""HDMI_NO"", ""HDMI_OUT_1(MAIN)"", ""HDMI_OUT_2(SUB)"", ""HDMI_BOTH"", ""HDMI_BOTH(MAIN)"", ""HDMI_BOTH(SUB)"", ""HDMI_OUT_TOGGLE"", ""RESOLUTION_THROUGH"", ""RESOLUTION_AUTO"", ""RESOLUTION_480p"", ""RESOLUTION_720p"", ""RESOLUTION_1080i"", ""RESOLUTION_1080p"", ""RESOLUTION_TOGGLE"", ""DIRECT"", ""SURROUND_TOGGLE"", ""THX_TOGGLE"", ""ALL_CH_STEREO"", ""PURE_AUDIO"", ""MONO"", ""THEATER_DIMENSIONAL"", ""DTS"", ""AUDYSSEY_DSX"", ""DSP_UP"", ""DSP_DN"", ""LISTENING_MODE+"", ""LISTENING_MODE_-"", ""LISTENING_MODE_MOVIE/TV"", ""LISTENING_MODE_MUSIC"", ""LISTENING_MODE_GAME"", ""LATE_NIGHT"", ""RE-EQ"", ""TUNE+"", ""TUNE-"", ""SEARCH_MODE"", ""PRESET+"", ""PRESET-"", ""DIRECT_TUNING"", ""NET_TUNE_PLAY"", ""NET_TUNE_STOP"", ""NET_TUNE_PAUSE"", ""NET_TUNE_TRACK+"", ""NET_TUNE_TRACK-"", ""NET_TUNE_FSCAN"", ""NET_TUNE_RSCAN"", ""NET_TUNE_REPEAT"", ""NET_TUNE_RANDOM"", ""NET_TUNE_DISPLAY"", ""NET_TUNE_RIGHT"", ""NET_TUNE_LEFT"", ""NET_TUNE_UP"", ""NET_TUNE_DN"", ""NET_TUNE_SELECT"", ""NET_TUNE_1"", ""NET_TUNE_2"", ""NET_TUNE_3"", ""NET_TUNE_4"", ""NET_TUNE_5"", ""NET_TUNE_6"", ""NET_TUNE_7"", ""NET_TUNE_8"", ""NET_TUNE_9"", ""NET_TUNE_0"", ""NET_TUNE_SETUP"", ""NET_TUNE_RETURN"", ""POWER_OFF(Zone2)"", ""POWER_ON(Zone2)"", ""POWER_TOGGLE(Zone2)"", ""MUTE_OFF(Zone2)"", ""MUTE_ON(Zone2)"", ""MUTE_TOGGLE(Zone2)"", ""VOL+(Zone2)"", ""VOL-(Zone2)"", ""VCR/DVR(Zone2)"", ""CBL/SAT(Zone2)"", ""GAME/TV(Zone2)"", ""AUX1(Zone2)"", ""PC(Zone2)"", ""BD/DVD(Zone2)"", ""TAPE1(Zone2)"", ""PHONO(Zone2)"", ""TV/CD(Zone2)"", ""FM(Zone2)"", ""AM(Zone2)"", ""SIRIUS(Zone2)"", ""TUNER(Zone2)"", ""MUSIC_SERVER(Zone2)"", ""INTERNET_RADIO(Zone2)"", ""USB_(FRONT)(Zone2)"", ""USB_(REAR)(Zone2)"", ""UNIVERSAL_PORT(Zone2)"", ""NET_AUDIO(Zone2)"", ""SOURCE(Zone2)"", ""TUNE+(Zone2)"", ""TUNE-(Zone2)"", ""UP_ARROW(Zone2)"", ""DN_ARROW(Zone2)"", ""LEFT_ARROW(Zone2)"", ""RIGHT_ARROW(Zone2)"", ""RETURN(Zone2)"", ""SEARCH_MODE(Zone2)"", ""ENTER(Zone2)"", ""PRESET+(Zone2)"", ""PRESET-(Zone2)"", ""DIRECT_TUNING(Zone2)"", ""1(Zone2)"", ""2(Zone2)"", ""3(Zone2)"", ""4(Zone2)"", ""5(Zone2)"", ""6(Zone2)"", ""7(Zone2)"", ""8(Zone2)"", ""9(Zone2)"", ""0/10(Zone2)"", ""NET_TUNE_PLAY(Zone2)"", ""NET_TUNE_STOP(Zone2)"", ""NET_TUNE_PAUSE(Zone2)"", ""NET_TUNE_TRACK+(Zone2)"", ""NET_TUNE_TRACK-(Zone2)"", ""1_(iRADIO)(Zone2)"", ""2_(iRADIO)(Zone2)"", ""3_(iRADIO)9Zone2)"", ""4_(iRADIO)(Zone2)"", ""5_(iRADIO)(Zone2)"", ""6_(iRADIO)(Zone2)"", ""7_(iRADIO)(Zone2)"", ""8_(iRADIO)(Zone2)"", ""9_(iRADIO)(Zone2)"", ""0/10_(iRADIO)(Zone2)"", ""CH_UP_(iRADIO)(Zone2)"", ""CH_DN_(iRADIO)(Zone2)"", ""FSCAN_(iPOD)(Zone2)"", ""RSCAN_(iPOD)(Zone2)"", ""REPEAT_(iPOD)(Zone2)"", ""RANDOM_(iPOD)(Zone2)"", ""DISPLAY_(iPOD)(Zone2)"", ""RIGHT_(iPOD)(Zone2)"", ""LEFT_(iPOD)(Zone2)"", ""UP_(iPOD)(Zone2)""]",[],[],device_family,0.58,"[""modelo/família identificável com conjunto amplo""]","[""modelo de baixa confiança foi tratado como evidência estrutural"", ""muitos nomes compartilham a mesma intenção"", ""nomes de comandos reais não chegaram ao classificador"", ""sequência numerada pode indicar codeset ou bruteforce""]","[""50 maiores quantidades de comandos""]"
3bc44a00478a5df6,_Converted_/Pronto/O/Onkyo/TX-NR_Series.ir,TX-NR_Series.ir,Converted/Pronto,Onkyo,TX-NR_Series,212,"[""UnknownUnknown"", ""Unknown"", ""°"", ""POWER"", ""STANDBY"", ""DISPLAY"", ""DVD/BD"", ""VCR/DVR"", ""CBL/SAT"", ""GAME"", ""TUNER"", ""TV/TAPE"", ""AUX"", ""PORT"", ""CD"", ""PHONO"", ""NET"", ""MUTE"", ""VOL+"", ""VOL-"", ""UP_ARROW"", ""DN_ARROW"", ""LEFT_ARROW"", ""RIGHT_ARROW"", ""ENTER"", ""GUIDE/TOP_MENU"", ""MENU"", ""SETUP"", ""AUDIO"", ""RETURN"", ""LISTEN_MODE:_MOVIE/TV"", ""LISTEN_MODE:_MUSIC"", ""LISTEN_MODE:_GAME"", ""LISTEN_MODE:_THX"", ""1"", ""2"", ""3"", ""4"", ""5"", ""6"", ""7"", ""8"", ""9"", ""0"", ""10+"", ""CLEAR"", ""MUTE_ON"", ""MUTE_OFF"", ""SLEEP"", ""TEST_TONE"", ""CH_SELECT"", ""LEVEL_UP"", ""LEVEL_DN"", ""SUBWOOFER_CONTROL"", ""DIMMER"", ""STORE"", ""RECALL"", ""LOCK"", ""UNLOCK"", ""AM"", ""FM"", ""SIRIUS"", ""MUSIC_SERVER_P4S"", ""INTERNET_RADIO"", ""UNIVERSAL_PORT"", ""NETAUDIO"", ""INPUT+"", ""INPUT-"", ""AUTO"", ""ANALOG"", ""COAX/OPT"", ""AUDIO_SELECTOR"", ""HDMI_NO"", ""HDMI_OUT_1(MAIN)"", ""HDMI_OUT_2(SUB)"", ""HDMI_BOTH"", ""HDMI_BOTH(MAIN)"", ""HDMI_BOTH(SUB)"", ""HDMI_OUT_TOGGLE"", ""RESOLUTION_THROUGH"", ""RESOLUTION_AUTO"", ""RESOLUTION_480p"", ""RESOLUTION_720p"", ""RESOLUTION_1080i"", ""RESOLUTION_1080p"", ""RESOLUTION_TOGGLE"", ""DIRECT"", ""SURROUND_TOGGLE"", ""THX_TOGGLE"", ""ALL_CH_STEREO"", ""PURE_AUDIO"", ""MONO"", ""THEATER_DIMENSIONAL"", ""DTS"", ""AUDYSSEY_DSX"", ""DSP_UP"", ""DSP_DN"", ""LISTENING_MODE+"", ""LISTENING_MODE_-"", ""LISTENING_MODE_MOVIE/TV"", ""LISTENING_MODE_MUSIC"", ""LISTENING_MODE_GAME"", ""LATE_NIGHT"", ""RE-EQ"", ""TUNE+"", ""TUNE-"", ""SEARCH_MODE"", ""PRESET+"", ""PRESET-"", ""DIRECT_TUNING"", ""NET_TUNE_PLAY"", ""NET_TUNE_STOP"", ""NET_TUNE_PAUSE"", ""NET_TUNE_TRACK+"", ""NET_TUNE_TRACK-"", ""NET_TUNE_FSCAN"", ""NET_TUNE_RSCAN"", ""NET_TUNE_REPEAT"", ""NET_TUNE_RANDOM"", ""NET_TUNE_DISPLAY"", ""NET_TUNE_RIGHT"", ""NET_TUNE_LEFT"", ""NET_TUNE_UP"", ""NET_TUNE_DN"", ""NET_TUNE_SELECT"", ""NET_TUNE_1"", ""NET_TUNE_2"", ""NET_TUNE_3"", ""NET_TUNE_4"", ""NET_TUNE_5"", ""NET_TUNE_6"", ""NET_TUNE_7"", ""NET_TUNE_8"", ""NET_TUNE_9"", ""NET_TUNE_0"", ""NET_TUNE_SETUP"", ""NET_TUNE_RETURN"", ""POWER_OFF(Zone2)"", ""POWER_ON(Zone2)"", ""POWER_TOGGLE(Zone2)"", ""MUTE_OFF(Zone2)"", ""MUTE_ON(Zone2)"", ""MUTE_TOGGLE(Zone2)"", ""VOL+(Zone2)"", ""VOL-(Zone2)"", ""VCR/DVR(Zone2)"", ""CBL/SAT(Zone2)"", ""GAME/TV(Zone2)"", ""AUX1(Zone2)"", ""PC(Zone2)"", ""BD/DVD(Zone2)"", ""TAPE1(Zone2)"", ""PHONO(Zone2)"", ""TV/CD(Zone2)"", ""FM(Zone2)"", ""AM(Zone2)"", ""SIRIUS(Zone2)"", ""TUNER(Zone2)"", ""MUSIC_SERVER(Zone2)"", ""INTERNET_RADIO(Zone2)"", ""USB_(FRONT)(Zone2)"", ""USB_(REAR)(Zone2)"", ""UNIVERSAL_PORT(Zone2)"", ""NET_AUDIO(Zone2)"", ""SOURCE(Zone2)"", ""TUNE+(Zone2)"", ""TUNE-(Zone2)"", ""UP_ARROW(Zone2)"", ""DN_ARROW(Zone2)"", ""LEFT_ARROW(Zone2)"", ""RIGHT_ARROW(Zone2)"", ""RETURN(Zone2)"", ""SEARCH_MODE(Zone2)"", ""ENTER(Zone2)"", ""PRESET+(Zone2)"", ""PRESET-(Zone2)"", ""DIRECT_TUNING(Zone2)"", ""1(Zone2)"", ""2(Zone2)"", ""3(Zone2)"", ""4(Zone2)"", ""5(Zone2)"", ""6(Zone2)"", ""7(Zone2)"", ""8(Zone2)"", ""9(Zone2)"", ""0/10(Zone2)"", ""NET_TUNE_PLAY(Zone2)"", ""NET_TUNE_STOP(Zone2)"", ""NET_TUNE_PAUSE(Zone2)"", ""NET_TUNE_TRACK+(Zone2)"", ""NET_TUNE_TRACK-(Zone2)"", ""1_(iRADIO)(Zone2)"", ""2_(iRADIO)(Zone2)"", ""3_(iRADIO)9Zone2)"", ""4_(iRADIO)(Zone2)"", ""5_(iRADIO)(Zone2)"", ""6_(iRADIO)(Zone2)"", ""7_(iRADIO)(Zone2)"", ""8_(iRADIO)(Zone2)"", ""9_(iRADIO)(Zone2)"", ""0/10_(iRADIO)(Zone2)"", ""CH_UP_(iRADIO)(Zone2)"", ""CH_DN_(iRADIO)(Zone2)"", ""FSCAN_(iPOD)(Zone2)"", ""RSCAN_(iPOD)(Zone2)"", ""REPEAT_(iPOD)(Zone2)"", ""RANDOM_(iPOD)(Zone2)"", ""DISPLAY_(iPOD)(Zone2)"", ""RIGHT_(iPOD)(Zone2)"", ""LEFT_(iPOD)(Zone2)"", ""UP_(iPOD)(Zone2)""]",[],[],device_family,0.58,"[""modelo/família identificável com conjunto amplo""]","[""modelo de baixa confiança foi tratado como evidência estrutural"", ""muitos nomes compartilham a mesma intenção"", ""nomes de comandos reais não chegaram ao classificador"", ""sequência numerada pode indicar codeset ou bruteforce""]","[""50 maiores quantidades de comandos""]"
7678ca0ba157f58a,_Converted_/Pronto/O/Onkyo/TX_NR709.ir,TX_NR709.ir,Converted/Pronto,Onkyo,TX_NR709,212,"[""CSP-LIR-USB"", ""Unknown"", ""°"", ""POWER"", ""STANDBY"", ""DISPLAY"", ""DVD/BD"", ""VCR/DVR"", ""CBL/SAT"", ""GAME"", ""TUNER"", ""TV/TAPE"", ""AUX"", ""PORT"", ""CD"", ""PHONO"", ""NET"", ""MUTE"", ""VOL+"", ""VOL-"", ""UP_ARROW"", ""DN_ARROW"", ""LEFT_ARROW"", ""RIGHT_ARROW"", ""ENTER"", ""GUIDE/TOP_MENU"", ""MENU"", ""SETUP"", ""AUDIO"", ""RETURN"", ""LISTEN_MODE:_MOVIE/TV"", ""LISTEN_MODE:_MUSIC"", ""LISTEN_MODE:_GAME"", ""LISTEN_MODE:_THX"", ""1"", ""2"", ""3"", ""4"", ""5"", ""6"", ""7"", ""8"", ""9"", ""0"", ""10+"", ""CLEAR"", ""MUTE_ON"", ""MUTE_OFF"", ""SLEEP"", ""TEST_TONE"", ""CH_SELECT"", ""LEVEL_UP"", ""LEVEL_DN"", ""SUBWOOFER_CONTROL"", ""DIMMER"", ""STORE"", ""RECALL"", ""LOCK"", ""UNLOCK"", ""AM"", ""FM"", ""SIRIUS"", ""MUSIC_SERVER_P4S"", ""INTERNET_RADIO"", ""UNIVERSAL_PORT"", ""NETAUDIO"", ""INPUT+"", ""INPUT-"", ""AUTO"", ""ANALOG"", ""COAX/OPT"", ""AUDIO_SELECTOR"", ""HDMI_NO"", ""HDMI_OUT_1(MAIN)"", ""HDMI_OUT_2(SUB)"", ""HDMI_BOTH"", ""HDMI_BOTH(MAIN)"", ""HDMI_BOTH(SUB)"", ""HDMI_OUT_TOGGLE"", ""RESOLUTION_THROUGH"", ""RESOLUTION_AUTO"", ""RESOLUTION_480p"", ""RESOLUTION_720p"", ""RESOLUTION_1080i"", ""RESOLUTION_1080p"", ""RESOLUTION_TOGGLE"", ""DIRECT"", ""SURROUND_TOGGLE"", ""THX_TOGGLE"", ""ALL_CH_STEREO"", ""PURE_AUDIO"", ""MONO"", ""THEATER_DIMENSIONAL"", ""DTS"", ""AUDYSSEY_DSX"", ""DSP_UP"", ""DSP_DN"", ""LISTENING_MODE+"", ""LISTENING_MODE_-"", ""LISTENING_MODE_MOVIE/TV"", ""LISTENING_MODE_MUSIC"", ""LISTENING_MODE_GAME"", ""LATE_NIGHT"", ""RE-EQ"", ""TUNE+"", ""TUNE-"", ""SEARCH_MODE"", ""PRESET+"", ""PRESET-"", ""DIRECT_TUNING"", ""NET_TUNE_PLAY"", ""NET_TUNE_STOP"", ""NET_TUNE_PAUSE"", ""NET_TUNE_TRACK+"", ""NET_TUNE_TRACK-"", ""NET_TUNE_FSCAN"", ""NET_TUNE_RSCAN"", ""NET_TUNE_REPEAT"", ""NET_TUNE_RANDOM"", ""NET_TUNE_DISPLAY"", ""NET_TUNE_RIGHT"", ""NET_TUNE_LEFT"", ""NET_TUNE_UP"", ""NET_TUNE_DN"", ""NET_TUNE_SELECT"", ""NET_TUNE_1"", ""NET_TUNE_2"", ""NET_TUNE_3"", ""NET_TUNE_4"", ""NET_TUNE_5"", ""NET_TUNE_6"", ""NET_TUNE_7"", ""NET_TUNE_8"", ""NET_TUNE_9"", ""NET_TUNE_0"", ""NET_TUNE_SETUP"", ""NET_TUNE_RETURN"", ""POWER_OFF(Zone2)"", ""POWER_ON(Zone2)"", ""POWER_TOGGLE(Zone2)"", ""MUTE_OFF(Zone2)"", ""MUTE_ON(Zone2)"", ""MUTE_TOGGLE(Zone2)"", ""VOL+(Zone2)"", ""VOL-(Zone2)"", ""VCR/DVR(Zone2)"", ""CBL/SAT(Zone2)"", ""GAME/TV(Zone2)"", ""AUX1(Zone2)"", ""PC(Zone2)"", ""BD/DVD(Zone2)"", ""TAPE1(Zone2)"", ""PHONO(Zone2)"", ""TV/CD(Zone2)"", ""FM(Zone2)"", ""AM(Zone2)"", ""SIRIUS(Zone2)"", ""TUNER(Zone2)"", ""MUSIC_SERVER(Zone2)"", ""INTERNET_RADIO(Zone2)"", ""USB_(FRONT)(Zone2)"", ""USB_(REAR)(Zone2)"", ""UNIVERSAL_PORT(Zone2)"", ""NET_AUDIO(Zone2)"", ""SOURCE(Zone2)"", ""TUNE+(Zone2)"", ""TUNE-(Zone2)"", ""UP_ARROW(Zone2)"", ""DN_ARROW(Zone2)"", ""LEFT_ARROW(Zone2)"", ""RIGHT_ARROW(Zone2)"", ""RETURN(Zone2)"", ""SEARCH_MODE(Zone2)"", ""ENTER(Zone2)"", ""PRESET+(Zone2)"", ""PRESET-(Zone2)"", ""DIRECT_TUNING(Zone2)"", ""1(Zone2)"", ""2(Zone2)"", ""3(Zone2)"", ""4(Zone2)"", ""5(Zone2)"", ""6(Zone2)"", ""7(Zone2)"", ""8(Zone2)"", ""9(Zone2)"", ""0/10(Zone2)"", ""NET_TUNE_PLAY(Zone2)"", ""NET_TUNE_STOP(Zone2)"", ""NET_TUNE_PAUSE(Zone2)"", ""NET_TUNE_TRACK+(Zone2)"", ""NET_TUNE_TRACK-(Zone2)"", ""1_(iRADIO)(Zone2)"", ""2_(iRADIO)(Zone2)"", ""3_(iRADIO)9Zone2)"", ""4_(iRADIO)(Zone2)"", ""5_(iRADIO)(Zone2)"", ""6_(iRADIO)(Zone2)"", ""7_(iRADIO)(Zone2)"", ""8_(iRADIO)(Zone2)"", ""9_(iRADIO)(Zone2)"", ""0/10_(iRADIO)(Zone2)"", ""CH_UP_(iRADIO)(Zone2)"", ""CH_DN_(iRADIO)(Zone2)"", ""FSCAN_(iPOD)(Zone2)"", ""RSCAN_(iPOD)(Zone2)"", ""REPEAT_(iPOD)(Zone2)"", ""RANDOM_(iPOD)(Zone2)"", ""DISPLAY_(iPOD)(Zone2)"", ""RIGHT_(iPOD)(Zone2)"", ""LEFT_(iPOD)(Zone2)"", ""UP_(iPOD)(Zone2)""]",[],[],device_family,0.58,"[""modelo/família identificável com conjunto amplo""]","[""modelo de baixa confiança foi tratado como evidência estrutural"", ""muitos nomes compartilham a mesma intenção"", ""nomes de comandos reais não chegaram ao classificador"", ""sequência numerada pode indicar codeset ou bruteforce""]","[""50 maiores quantidades de comandos""]"
43f0126a7f978d37,_Converted_/Pronto/P/Panasonic/TBD.ir,TBD.ir,Converted/Pronto,Panasonic,TBD,121,"[""TV_POWER"", ""TV_SAP"", ""TV_MUTE"", ""TV_ASPECT"", ""TV_FAVORITE"", ""TV_RECALL"", ""TV_CH_UP"", ""TV_CH-"", ""TV_VOL_UP"", ""TV_VOL_DOWN"", ""TV_OK"", ""TV_MENU"", ""TV_RETURN"", ""TV_1"", ""TV_2"", ""TV_3"", ""TV_4"", ""TV_5"", ""TV_6"", ""TV_7"", ""TV_8"", ""TV_9"", ""TV_0"", ""TV_R-TUNE"", ""TV_PROG"", ""VCR_POWER"", ""VCR_TV/VIDEO"", ""VCR_MUTE"", ""VCR_RECALL"", ""VCR_CH_UP"", ""VCR_CH-"", ""VCR_VOL_UP"", ""VCR_VOL_DOWN"", ""VCR_MENU"", ""VCR_OK"", ""VCR_1"", ""VCR_2"", ""VCR_3"", ""VCR_4"", ""VCR_5"", ""VCR_6"", ""VCR_7"", ""VCR_8"", ""VCR_9"", ""VCR_0"", ""VCR_REW"", ""VCR_PLAY"", ""VCR_FF"", ""VCR_PAUSE"", ""VCR_STOP"", ""VCR_REC"", ""DVD_POWER"", ""DVD_TV/VIDEO"", ""DVD_MUTE"", ""DVD_RECALL"", ""DVD_CH_UP"", ""DVD_CH-"", ""DVD_VOL_UP"", ""DVD_VOL_DOWN"", ""DVD_OK"", ""DVD_MENU"", ""DVD_RETURN"", ""DVD_1"", ""DVD_2"", ""DVD_3"", ""DVD_4"", ""DVD_5"", ""DVD_6"", ""DVD_7"", ""DVD_8"", ""DVD_9"", ""DVD_0"", ""DVD_R-TUNE"", ""DVD_REW"", ""DVD_PLAY"", ""DVD_FF"", ""DVD_PAUSE"", ""DVD_STOP"", ""DVD_REC"", ""DTV_POWER"", ""DTV_SAP"", ""DTV_TV/VIDEO"", ""DTV_EXIT"", ""DTV_MUTE"", ""DTV_ASPECT"", ""DTV_RECALL"", ""DTV_CH_UP"", ""DTV_CH-"", ""DTV_VOL_UP"", ""DTV_OK"", ""DTV_VOL_DOWN"", ""DTV_MENU"", ""DTV_1"", ""DTV_2"", ""DTV_3"", ""DTV_4"", ""DTV_5"", ""DTV_6"", ""DTV_7"", ""DTV_8"", ""DTV_9"", ""DTV_0"", ""DTV_R-TUNE"", ""DTV_PROG"", ""DTV_REC"", ""RCVR_POWER"", ""RCVR_MUTE"", ""RCVR_CH_UP"", ""RCVR_CH-"", ""RCVR_VOL_UP"", ""RCVR_VOL_DOWN"", ""RCVR_2"", ""RCVR_3"", ""RCVR_4"", ""RCVR_5"", ""RCVR_6"", ""RCVR_7"", ""RCVR_8"", ""RCVR_9"", ""RCVR_REW"", ""RCVR_FF""]",[],[],device_family,0.58,"[""modelo/família identificável com conjunto amplo""]","[""modelo de baixa confiança foi tratado como evidência estrutural"", ""muitos nomes compartilham a mesma intenção"", ""nomes de comandos reais não chegaram ao classificador"", ""sequência numerada pode indicar codeset ou bruteforce""]","[""50 nomes ou comandos com sequências numéricas""]"
51cffe02f10f8646,_Converted_/Pronto/P/Pioneer/SC-55.ir,SC-55.ir,Converted/Pronto,Pioneer,SC-55,220,"[""UnknownUnknown"", ""Unknown"", ""°"", ""POWER_ON"", ""POWER_OFF"", ""POWER"", ""BD"", ""DVD"", ""DVR/BDR"", ""HDMI"", ""TV/SAT"", ""CD"", ""HMG"", ""ADAPTER_PORT"", ""iPOD"", ""TUNER"", ""SIRIUS"", ""OPTION"", ""INPUT-"", ""INPUT+"", ""VOL-"", ""VOL+"", ""MUTE"", ""AUDIO_PARAMETER"", ""VIDEO_PARAMETER"", ""HOME_MENU"", ""RETURN"", ""UP_ARROW"", ""DN_ARROW"", ""LEFT_ARROW"", ""RIGHT_ARROW"", ""ENTER"", ""RED"", ""GREEN"", ""YELLOW"", ""BLUE"", ""AUTO/ALC/DIRECT"", ""STEREO"", ""STANDARD"", ""ADV_SURR"", ""THX"", ""PHASE_CONTROL"", ""STATUS"", ""HDMI_OUT"", ""SIGNAL_SELECT"", ""MCACC"", ""SLEEP"", ""CHANNEL_LEVEL"", ""A_ATT"", ""DIMMER"", ""TV_POWER"", ""TV_INPUT"", ""TV_CH+"", ""TV_CH-"", ""TV_VOL+"", ""TV_VOL-"", ""VIDEO_1"", ""HDMI_1"", ""HDMI_2"", ""HDMI_3"", ""HDMI_4"", ""HDMI_5"", ""HDMI_6"", ""MUTE_ON"", ""MUTE_OFF"", ""AM"", ""FM"", ""PRESET+"", ""PRESET-"", ""PRESET_1"", ""PRESET_2"", ""PRESET_3"", ""PRESET_4"", ""PRESET_5"", ""PRESET_6"", ""PRESET_7"", ""PRESET_8"", ""PRESET_9"", ""PRESET_10"", ""TUNE+"", ""TUNE-"", ""SIRIUS_UP_ARROW"", ""SIRIUS_DN_ARROW"", ""SIRIUS_LEFT_ARROW"", ""SIRIUS_RIGHT_ARROW"", ""SIRIUS_DISPLAY"", ""SIRIUS_PRESET"", ""SIRIUS_PRESET_1"", ""SIRIUS_PRESET_2"", ""SIRIUS_PRESET_3"", ""SIRIUS_PRESET_4"", ""SIRIUS_PRESET_5"", ""SIRIUS_PRESET_6"", ""SIRIUS_PRESET_7"", ""SIRIUS_PRESET_8"", ""SIRIUS_PRESET_9"", ""SIRIUS_PRESET_10"", ""SIRIUS_CLASS"", ""SIRIUS_DIRECT_ACCESS"", ""SIRIUS_MEMORY"", ""SIRIUS_TOP_MENU"", ""SIRIUS_ENTER"", ""SIRIUS_RETURN"", ""SIRIUS_CATEGORY"", ""IPOD_PLAY"", ""IPOD_STOP"", ""IPOD_TRACK-"", ""IPOD_TRACK+"", ""IPOD_RSCAN"", ""IPOD_FSCAN"", ""IPOD_REPEAT"", ""IPOD_SHUFFLE"", ""IPOD_DISPLAY"", ""IPOD_CONTROL"", ""IPOD_UP_ARROW"", ""IPOD_DN_ARROW"", ""IPOD_LEFT_ARROW"", ""IPOD_RIGHT_ARROW"", ""IPOD_ENTER"", ""IPOD_RETURN"", ""IPOD_TOP_MENU"", ""IPOD_PAUSE"", ""MULTI-ZONE_ON/OFF"", ""ZONE_2_ON"", ""ZONE_2_OFF"", ""ZONE_2_ON/OFF"", ""ZONE_2_INPUT_SELECT+"", ""ZONE_2_INPUT_SELECT-"", ""ZONE_2_DVD"", ""ZONE_2_TV/SAT"", ""ZONE_2_DVR/BDR"", ""ZONE_2_VIDEO_1"", ""ZONE_2_HMG"", ""ZONE_2_iPOD/USB"", ""ZONE_2_CD"", ""ZONE_2_TUNER"", ""ZONE_2_ADAPTER_PORT"", ""ZONE_2_SIRIUS"", ""ZONE_2_MUTE_ON/OFF"", ""ZONE_2_MUTE_ON"", ""ZONE_2_MUTE_OFF"", ""ZONE_2_VOL+"", ""ZONE_2_VOL-"", ""SPEAKERS"", ""SPEAKERS_A_ON"", ""SPEAKERS_B_ON"", ""SPEAKERS_A+B_ON"", ""SPEAKERS_OFF"", ""STATUS/DISPLAY"", ""OPERATION_MODE"", ""OPERATION_MODE_BASIC"", ""OPERATION_MODE_EXPERT"", ""PQLS_AUTO"", ""PQLS_OFF"", ""PRO_LOGIC2_MOVIE"", ""PRO_LOGIC2x_MOVIE"", ""PRO_LOGIC2_MUSIC"", ""PRO_LOGIC2x_MUSIC"", ""PRO_LOGIC2_GAME"", ""PRO_LOGIC2x_GAME"", ""PRO_LOGIC2z_HEIGHT"", ""WIDE_SURROUND_MOVIE"", ""WIDE_SURROUND_MUSIC"", ""PRO_LOGIC"", ""Neo:6_CINEMA"", ""Neo:6_MUSIC"", ""NEURAL_SURROUND"", ""M-CH"", ""M-CH_DOLBY_EX"", ""M-CH_PRO_LOGIC2x_MOVIE"", ""M-CH_PRO_LOGIC2x_MUSIC"", ""M-CH_PRO_LOGIC2x_HEIGHT"", ""M-CH_WIDE_SURROUND_MOVIE"", ""M-CH_WIDE_SURROUND_MUSIC"", ""M-CH_DTS-ES_Neo:6"", ""M-CH_DTS-ES_matrix"", ""M-CH_DTS-ES_discrete"", ""M-CH_DTS-ES_8ch_discrete"", ""ADVANCED_SURROUND"", ""ACTION"", ""DRAMA"", ""SCI-FI"", ""MONO_FILM"", ""ENTERTAINMENT_SHOW"", ""EXPANDED_THEATER"", ""TV_SURROUND"", ""ADVANCED_GAME"", ""SPORTS"", ""CLASSICAL"", ""ROCK/POP"", ""UNPLUGGED"", ""EXTENDED_STEREO"", ""Front_Stage_Surround_Advance_Focus"", ""Front_Stage_Surround_Advance_Wide"", ""RETRIEVER_AIR"", ""PHONES_SURROUND"", ""PROLOGIC+THX_CINEMA"", ""PL2_MOVIE+THX_CINEMA"", ""Neo:6_CINEMA+THX_CINEMA"", ""PL2x_MOVIE+THX_CINEMA"", ""PL2z_Height+THX_CINEMA"", ""THX_CINEMA"", ""THX_MUSIC"", ""THX_GAMES"", ""PL2_MUSIC+THX_MUSIC"", ""PL2x_MUSIC+THX_MUSIC"", ""PL2z_Height+THX_MUSIC"", ""PL2_GAME+THX_GAMES"", ""PL2x_GAME+THX_GAMES"", ""PL2z_Height+THX_GAMES"", ""THX_SURROUND_EX"", ""ES_Neo:6+THX_CINEMA"", ""ES_MATRIX+THX_CINEMA"", ""ES_DISCRETE+THX_CINEMA"", ""ES_8ch_DISCRETE+THX_CINEMA"", ""EX+THX_GAMES"", ""ES_MATRIX+THX_MUSIC"", ""ES_MATRIX+THX_GAMES"", ""ES_DISCRETE+THX_MUSIC"", ""ES_DISCRETE+THX_GAMES""]",[],[],device_family,0.58,"[""modelo/família identificável com conjunto amplo""]","[""modelo de baixa confiança foi tratado como evidência estrutural"", ""muitos nomes compartilham a mesma intenção"", ""nomes de comandos reais não chegaram ao classificador"", ""sequência numerada pode indicar codeset ou bruteforce""]","[""50 maiores quantidades de comandos""]"
3dcb612b25731932,_Converted_/Pronto/P/Pioneer/SC-57.ir,SC-57.ir,Converted/Pronto,Pioneer,SC-57,220,"[""UnknownUnknown"", ""Unknown"", ""°"", ""POWER_ON"", ""POWER_OFF"", ""POWER"", ""BD"", ""DVD"", ""DVR/BDR"", ""HDMI"", ""TV/SAT"", ""CD"", ""HMG"", ""ADAPTER_PORT"", ""iPOD"", ""TUNER"", ""SIRIUS"", ""OPTION"", ""INPUT-"", ""INPUT+"", ""VOL-"", ""VOL+"", ""MUTE"", ""AUDIO_PARAMETER"", ""VIDEO_PARAMETER"", ""HOME_MENU"", ""RETURN"", ""UP_ARROW"", ""DN_ARROW"", ""LEFT_ARROW"", ""RIGHT_ARROW"", ""ENTER"", ""RED"", ""GREEN"", ""YELLOW"", ""BLUE"", ""AUTO/ALC/DIRECT"", ""STEREO"", ""STANDARD"", ""ADV_SURR"", ""THX"", ""PHASE_CONTROL"", ""STATUS"", ""HDMI_OUT"", ""SIGNAL_SELECT"", ""MCACC"", ""SLEEP"", ""CHANNEL_LEVEL"", ""A_ATT"", ""DIMMER"", ""TV_POWER"", ""TV_INPUT"", ""TV_CH+"", ""TV_CH-"", ""TV_VOL+"", ""TV_VOL-"", ""VIDEO_1"", ""HDMI_1"", ""HDMI_2"", ""HDMI_3"", ""HDMI_4"", ""HDMI_5"", ""HDMI_6"", ""MUTE_ON"", ""MUTE_OFF"", ""AM"", ""FM"", ""PRESET+"", ""PRESET-"", ""PRESET_1"", ""PRESET_2"", ""PRESET_3"", ""PRESET_4"", ""PRESET_5"", ""PRESET_6"", ""PRESET_7"", ""PRESET_8"", ""PRESET_9"", ""PRESET_10"", ""TUNE+"", ""TUNE-"", ""SIRIUS_UP_ARROW"", ""SIRIUS_DN_ARROW"", ""SIRIUS_LEFT_ARROW"", ""SIRIUS_RIGHT_ARROW"", ""SIRIUS_DISPLAY"", ""SIRIUS_PRESET"", ""SIRIUS_PRESET_1"", ""SIRIUS_PRESET_2"", ""SIRIUS_PRESET_3"", ""SIRIUS_PRESET_4"", ""SIRIUS_PRESET_5"", ""SIRIUS_PRESET_6"", ""SIRIUS_PRESET_7"", ""SIRIUS_PRESET_8"", ""SIRIUS_PRESET_9"", ""SIRIUS_PRESET_10"", ""SIRIUS_CLASS"", ""SIRIUS_DIRECT_ACCESS"", ""SIRIUS_MEMORY"", ""SIRIUS_TOP_MENU"", ""SIRIUS_ENTER"", ""SIRIUS_RETURN"", ""SIRIUS_CATEGORY"", ""IPOD_PLAY"", ""IPOD_STOP"", ""IPOD_TRACK-"", ""IPOD_TRACK+"", ""IPOD_RSCAN"", ""IPOD_FSCAN"", ""IPOD_REPEAT"", ""IPOD_SHUFFLE"", ""IPOD_DISPLAY"", ""IPOD_CONTROL"", ""IPOD_UP_ARROW"", ""IPOD_DN_ARROW"", ""IPOD_LEFT_ARROW"", ""IPOD_RIGHT_ARROW"", ""IPOD_ENTER"", ""IPOD_RETURN"", ""IPOD_TOP_MENU"", ""IPOD_PAUSE"", ""MULTI-ZONE_ON/OFF"", ""ZONE_2_ON"", ""ZONE_2_OFF"", ""ZONE_2_ON/OFF"", ""ZONE_2_INPUT_SELECT+"", ""ZONE_2_INPUT_SELECT-"", ""ZONE_2_DVD"", ""ZONE_2_TV/SAT"", ""ZONE_2_DVR/BDR"", ""ZONE_2_VIDEO_1"", ""ZONE_2_HMG"", ""ZONE_2_iPOD/USB"", ""ZONE_2_CD"", ""ZONE_2_TUNER"", ""ZONE_2_ADAPTER_PORT"", ""ZONE_2_SIRIUS"", ""ZONE_2_MUTE_ON/OFF"", ""ZONE_2_MUTE_ON"", ""ZONE_2_MUTE_OFF"", ""ZONE_2_VOL+"", ""ZONE_2_VOL-"", ""SPEAKERS"", ""SPEAKERS_A_ON"", ""SPEAKERS_B_ON"", ""SPEAKERS_A+B_ON"", ""SPEAKERS_OFF"", ""STATUS/DISPLAY"", ""OPERATION_MODE"", ""OPERATION_MODE_BASIC"", ""OPERATION_MODE_EXPERT"", ""PQLS_AUTO"", ""PQLS_OFF"", ""PRO_LOGIC2_MOVIE"", ""PRO_LOGIC2x_MOVIE"", ""PRO_LOGIC2_MUSIC"", ""PRO_LOGIC2x_MUSIC"", ""PRO_LOGIC2_GAME"", ""PRO_LOGIC2x_GAME"", ""PRO_LOGIC2z_HEIGHT"", ""WIDE_SURROUND_MOVIE"", ""WIDE_SURROUND_MUSIC"", ""PRO_LOGIC"", ""Neo:6_CINEMA"", ""Neo:6_MUSIC"", ""NEURAL_SURROUND"", ""M-CH"", ""M-CH_DOLBY_EX"", ""M-CH_PRO_LOGIC2x_MOVIE"", ""M-CH_PRO_LOGIC2x_MUSIC"", ""M-CH_PRO_LOGIC2x_HEIGHT"", ""M-CH_WIDE_SURROUND_MOVIE"", ""M-CH_WIDE_SURROUND_MUSIC"", ""M-CH_DTS-ES_Neo:6"", ""M-CH_DTS-ES_matrix"", ""M-CH_DTS-ES_discrete"", ""M-CH_DTS-ES_8ch_discrete"", ""ADVANCED_SURROUND"", ""ACTION"", ""DRAMA"", ""SCI-FI"", ""MONO_FILM"", ""ENTERTAINMENT_SHOW"", ""EXPANDED_THEATER"", ""TV_SURROUND"", ""ADVANCED_GAME"", ""SPORTS"", ""CLASSICAL"", ""ROCK/POP"", ""UNPLUGGED"", ""EXTENDED_STEREO"", ""Front_Stage_Surround_Advance_Focus"", ""Front_Stage_Surround_Advance_Wide"", ""RETRIEVER_AIR"", ""PHONES_SURROUND"", ""PROLOGIC+THX_CINEMA"", ""PL2_MOVIE+THX_CINEMA"", ""Neo:6_CINEMA+THX_CINEMA"", ""PL2x_MOVIE+THX_CINEMA"", ""PL2z_Height+THX_CINEMA"", ""THX_CINEMA"", ""THX_MUSIC"", ""THX_GAMES"", ""PL2_MUSIC+THX_MUSIC"", ""PL2x_MUSIC+THX_MUSIC"", ""PL2z_Height+THX_MUSIC"", ""PL2_GAME+THX_GAMES"", ""PL2x_GAME+THX_GAMES"", ""PL2z_Height+THX_GAMES"", ""THX_SURROUND_EX"", ""ES_Neo:6+THX_CINEMA"", ""ES_MATRIX+THX_CINEMA"", ""ES_DISCRETE+THX_CINEMA"", ""ES_8ch_DISCRETE+THX_CINEMA"", ""EX+THX_GAMES"", ""ES_MATRIX+THX_MUSIC"", ""ES_MATRIX+THX_GAMES"", ""ES_DISCRETE+THX_MUSIC"", ""ES_DISCRETE+THX_GAMES""]",[],[],device_family,0.58,"[""modelo/família identificável com conjunto amplo""]","[""modelo de baixa confiança foi tratado como evidência estrutural"", ""muitos nomes compartilham a mesma intenção"", ""nomes de comandos reais não chegaram ao classificador"", ""sequência numerada pode indicar codeset ou bruteforce""]","[""50 maiores quantidades de comandos""]"
e1df698fa672902b,_Converted_/Pronto/P/Pioneer/SC_Series.ir,SC_Series.ir,Converted/Pronto,Pioneer,SC_Series,220,"[""UnknownUnknown"", ""Unknown"", ""°"", ""POWER_ON"", ""POWER_OFF"", ""POWER"", ""BD"", ""DVD"", ""DVR/BDR"", ""HDMI"", ""TV/SAT"", ""CD"", ""HMG"", ""ADAPTER_PORT"", ""iPOD"", ""TUNER"", ""SIRIUS"", ""OPTION"", ""INPUT-"", ""INPUT+"", ""VOL-"", ""VOL+"", ""MUTE"", ""AUDIO_PARAMETER"", ""VIDEO_PARAMETER"", ""HOME_MENU"", ""RETURN"", ""UP_ARROW"", ""DN_ARROW"", ""LEFT_ARROW"", ""RIGHT_ARROW"", ""ENTER"", ""RED"", ""GREEN"", ""YELLOW"", ""BLUE"", ""AUTO/ALC/DIRECT"", ""STEREO"", ""STANDARD"", ""ADV_SURR"", ""THX"", ""PHASE_CONTROL"", ""STATUS"", ""HDMI_OUT"", ""SIGNAL_SELECT"", ""MCACC"", ""SLEEP"", ""CHANNEL_LEVEL"", ""A_ATT"", ""DIMMER"", ""TV_POWER"", ""TV_INPUT"", ""TV_CH+"", ""TV_CH-"", ""TV_VOL+"", ""TV_VOL-"", ""VIDEO_1"", ""HDMI_1"", ""HDMI_2"", ""HDMI_3"", ""HDMI_4"", ""HDMI_5"", ""HDMI_6"", ""MUTE_ON"", ""MUTE_OFF"", ""AM"", ""FM"", ""PRESET+"", ""PRESET-"", ""PRESET_1"", ""PRESET_2"", ""PRESET_3"", ""PRESET_4"", ""PRESET_5"", ""PRESET_6"", ""PRESET_7"", ""PRESET_8"", ""PRESET_9"", ""PRESET_10"", ""TUNE+"", ""TUNE-"", ""SIRIUS_UP_ARROW"", ""SIRIUS_DN_ARROW"", ""SIRIUS_LEFT_ARROW"", ""SIRIUS_RIGHT_ARROW"", ""SIRIUS_DISPLAY"", ""SIRIUS_PRESET"", ""SIRIUS_PRESET_1"", ""SIRIUS_PRESET_2"", ""SIRIUS_PRESET_3"", ""SIRIUS_PRESET_4"", ""SIRIUS_PRESET_5"", ""SIRIUS_PRESET_6"", ""SIRIUS_PRESET_7"", ""SIRIUS_PRESET_8"", ""SIRIUS_PRESET_9"", ""SIRIUS_PRESET_10"", ""SIRIUS_CLASS"", ""SIRIUS_DIRECT_ACCESS"", ""SIRIUS_MEMORY"", ""SIRIUS_TOP_MENU"", ""SIRIUS_ENTER"", ""SIRIUS_RETURN"", ""SIRIUS_CATEGORY"", ""IPOD_PLAY"", ""IPOD_STOP"", ""IPOD_TRACK-"", ""IPOD_TRACK+"", ""IPOD_RSCAN"", ""IPOD_FSCAN"", ""IPOD_REPEAT"", ""IPOD_SHUFFLE"", ""IPOD_DISPLAY"", ""IPOD_CONTROL"", ""IPOD_UP_ARROW"", ""IPOD_DN_ARROW"", ""IPOD_LEFT_ARROW"", ""IPOD_RIGHT_ARROW"", ""IPOD_ENTER"", ""IPOD_RETURN"", ""IPOD_TOP_MENU"", ""IPOD_PAUSE"", ""MULTI-ZONE_ON/OFF"", ""ZONE_2_ON"", ""ZONE_2_OFF"", ""ZONE_2_ON/OFF"", ""ZONE_2_INPUT_SELECT+"", ""ZONE_2_INPUT_SELECT-"", ""ZONE_2_DVD"", ""ZONE_2_TV/SAT"", ""ZONE_2_DVR/BDR"", ""ZONE_2_VIDEO_1"", ""ZONE_2_HMG"", ""ZONE_2_iPOD/USB"", ""ZONE_2_CD"", ""ZONE_2_TUNER"", ""ZONE_2_ADAPTER_PORT"", ""ZONE_2_SIRIUS"", ""ZONE_2_MUTE_ON/OFF"", ""ZONE_2_MUTE_ON"", ""ZONE_2_MUTE_OFF"", ""ZONE_2_VOL+"", ""ZONE_2_VOL-"", ""SPEAKERS"", ""SPEAKERS_A_ON"", ""SPEAKERS_B_ON"", ""SPEAKERS_A+B_ON"", ""SPEAKERS_OFF"", ""STATUS/DISPLAY"", ""OPERATION_MODE"", ""OPERATION_MODE_BASIC"", ""OPERATION_MODE_EXPERT"", ""PQLS_AUTO"", ""PQLS_OFF"", ""PRO_LOGIC2_MOVIE"", ""PRO_LOGIC2x_MOVIE"", ""PRO_LOGIC2_MUSIC"", ""PRO_LOGIC2x_MUSIC"", ""PRO_LOGIC2_GAME"", ""PRO_LOGIC2x_GAME"", ""PRO_LOGIC2z_HEIGHT"", ""WIDE_SURROUND_MOVIE"", ""WIDE_SURROUND_MUSIC"", ""PRO_LOGIC"", ""Neo:6_CINEMA"", ""Neo:6_MUSIC"", ""NEURAL_SURROUND"", ""M-CH"", ""M-CH_DOLBY_EX"", ""M-CH_PRO_LOGIC2x_MOVIE"", ""M-CH_PRO_LOGIC2x_MUSIC"", ""M-CH_PRO_LOGIC2x_HEIGHT"", ""M-CH_WIDE_SURROUND_MOVIE"", ""M-CH_WIDE_SURROUND_MUSIC"", ""M-CH_DTS-ES_Neo:6"", ""M-CH_DTS-ES_matrix"", ""M-CH_DTS-ES_discrete"", ""M-CH_DTS-ES_8ch_discrete"", ""ADVANCED_SURROUND"", ""ACTION"", ""DRAMA"", ""SCI-FI"", ""MONO_FILM"", ""ENTERTAINMENT_SHOW"", ""EXPANDED_THEATER"", ""TV_SURROUND"", ""ADVANCED_GAME"", ""SPORTS"", ""CLASSICAL"", ""ROCK/POP"", ""UNPLUGGED"", ""EXTENDED_STEREO"", ""Front_Stage_Surround_Advance_Focus"", ""Front_Stage_Surround_Advance_Wide"", ""RETRIEVER_AIR"", ""PHONES_SURROUND"", ""PROLOGIC+THX_CINEMA"", ""PL2_MOVIE+THX_CINEMA"", ""Neo:6_CINEMA+THX_CINEMA"", ""PL2x_MOVIE+THX_CINEMA"", ""PL2z_Height+THX_CINEMA"", ""THX_CINEMA"", ""THX_MUSIC"", ""THX_GAMES"", ""PL2_MUSIC+THX_MUSIC"", ""PL2x_MUSIC+THX_MUSIC"", ""PL2z_Height+THX_MUSIC"", ""PL2_GAME+THX_GAMES"", ""PL2x_GAME+THX_GAMES"", ""PL2z_Height+THX_GAMES"", ""THX_SURROUND_EX"", ""ES_Neo:6+THX_CINEMA"", ""ES_MATRIX+THX_CINEMA"", ""ES_DISCRETE+THX_CINEMA"", ""ES_8ch_DISCRETE+THX_CINEMA"", ""EX+THX_GAMES"", ""ES_MATRIX+THX_MUSIC"", ""ES_MATRIX+THX_GAMES"", ""ES_DISCRETE+THX_MUSIC"", ""ES_DISCRETE+THX_GAMES""]",[],[],device_family,0.58,"[""modelo/família identificável com conjunto amplo""]","[""modelo de baixa confiança foi tratado como evidência estrutural"", ""muitos nomes compartilham a mesma intenção"", ""nomes de comandos reais não chegaram ao classificador"", ""sequência numerada pode indicar codeset ou bruteforce""]","[""50 maiores quantidades de comandos""]"
0d52dc28cbbcfa23,_Converted_/Pronto/P/Pioneer/VSX-51.ir,VSX-51.ir,Converted/Pronto,Pioneer,VSX-51,220,"[""UnknownUnknown"", ""Unknown"", ""°"", ""POWER_ON"", ""POWER_OFF"", ""POWER"", ""BD"", ""DVD"", ""DVR/BDR"", ""HDMI"", ""TV/SAT"", ""CD"", ""HMG"", ""ADAPTER_PORT"", ""iPOD"", ""TUNER"", ""SIRIUS"", ""OPTION"", ""INPUT-"", ""INPUT+"", ""VOL-"", ""VOL+"", ""MUTE"", ""AUDIO_PARAMETER"", ""VIDEO_PARAMETER"", ""HOME_MENU"", ""RETURN"", ""UP_ARROW"", ""DN_ARROW"", ""LEFT_ARROW"", ""RIGHT_ARROW"", ""ENTER"", ""RED"", ""GREEN"", ""YELLOW"", ""BLUE"", ""AUTO/ALC/DIRECT"", ""STEREO"", ""STANDARD"", ""ADV_SURR"", ""THX"", ""PHASE_CONTROL"", ""STATUS"", ""HDMI_OUT"", ""SIGNAL_SELECT"", ""MCACC"", ""SLEEP"", ""CHANNEL_LEVEL"", ""A_ATT"", ""DIMMER"", ""TV_POWER"", ""TV_INPUT"", ""TV_CH+"", ""TV_CH-"", ""TV_VOL+"", ""TV_VOL-"", ""VIDEO_1"", ""HDMI_1"", ""HDMI_2"", ""HDMI_3"", ""HDMI_4"", ""HDMI_5"", ""HDMI_6"", ""MUTE_ON"", ""MUTE_OFF"", ""AM"", ""FM"", ""PRESET+"", ""PRESET-"", ""PRESET_1"", ""PRESET_2"", ""PRESET_3"", ""PRESET_4"", ""PRESET_5"", ""PRESET_6"", ""PRESET_7"", ""PRESET_8"", ""PRESET_9"", ""PRESET_10"", ""TUNE+"", ""TUNE-"", ""SIRIUS_UP_ARROW"", ""SIRIUS_DN_ARROW"", ""SIRIUS_LEFT_ARROW"", ""SIRIUS_RIGHT_ARROW"", ""SIRIUS_DISPLAY"", ""SIRIUS_PRESET"", ""SIRIUS_PRESET_1"", ""SIRIUS_PRESET_2"", ""SIRIUS_PRESET_3"", ""SIRIUS_PRESET_4"", ""SIRIUS_PRESET_5"", ""SIRIUS_PRESET_6"", ""SIRIUS_PRESET_7"", ""SIRIUS_PRESET_8"", ""SIRIUS_PRESET_9"", ""SIRIUS_PRESET_10"", ""SIRIUS_CLASS"", ""SIRIUS_DIRECT_ACCESS"", ""SIRIUS_MEMORY"", ""SIRIUS_TOP_MENU"", ""SIRIUS_ENTER"", ""SIRIUS_RETURN"", ""SIRIUS_CATEGORY"", ""IPOD_PLAY"", ""IPOD_STOP"", ""IPOD_TRACK-"", ""IPOD_TRACK+"", ""IPOD_RSCAN"", ""IPOD_FSCAN"", ""IPOD_REPEAT"", ""IPOD_SHUFFLE"", ""IPOD_DISPLAY"", ""IPOD_CONTROL"", ""IPOD_UP_ARROW"", ""IPOD_DN_ARROW"", ""IPOD_LEFT_ARROW"", ""IPOD_RIGHT_ARROW"", ""IPOD_ENTER"", ""IPOD_RETURN"", ""IPOD_TOP_MENU"", ""IPOD_PAUSE"", ""MULTI-ZONE_ON/OFF"", ""ZONE_2_ON"", ""ZONE_2_OFF"", ""ZONE_2_ON/OFF"", ""ZONE_2_INPUT_SELECT+"", ""ZONE_2_INPUT_SELECT-"", ""ZONE_2_DVD"", ""ZONE_2_TV/SAT"", ""ZONE_2_DVR/BDR"", ""ZONE_2_VIDEO_1"", ""ZONE_2_HMG"", ""ZONE_2_iPOD/USB"", ""ZONE_2_CD"", ""ZONE_2_TUNER"", ""ZONE_2_ADAPTER_PORT"", ""ZONE_2_SIRIUS"", ""ZONE_2_MUTE_ON/OFF"", ""ZONE_2_MUTE_ON"", ""ZONE_2_MUTE_OFF"", ""ZONE_2_VOL+"", ""ZONE_2_VOL-"", ""SPEAKERS"", ""SPEAKERS_A_ON"", ""SPEAKERS_B_ON"", ""SPEAKERS_A+B_ON"", ""SPEAKERS_OFF"", ""STATUS/DISPLAY"", ""OPERATION_MODE"", ""OPERATION_MODE_BASIC"", ""OPERATION_MODE_EXPERT"", ""PQLS_AUTO"", ""PQLS_OFF"", ""PRO_LOGIC2_MOVIE"", ""PRO_LOGIC2x_MOVIE"", ""PRO_LOGIC2_MUSIC"", ""PRO_LOGIC2x_MUSIC"", ""PRO_LOGIC2_GAME"", ""PRO_LOGIC2x_GAME"", ""PRO_LOGIC2z_HEIGHT"", ""WIDE_SURROUND_MOVIE"", ""WIDE_SURROUND_MUSIC"", ""PRO_LOGIC"", ""Neo:6_CINEMA"", ""Neo:6_MUSIC"", ""NEURAL_SURROUND"", ""M-CH"", ""M-CH_DOLBY_EX"", ""M-CH_PRO_LOGIC2x_MOVIE"", ""M-CH_PRO_LOGIC2x_MUSIC"", ""M-CH_PRO_LOGIC2x_HEIGHT"", ""M-CH_WIDE_SURROUND_MOVIE"", ""M-CH_WIDE_SURROUND_MUSIC"", ""M-CH_DTS-ES_Neo:6"", ""M-CH_DTS-ES_matrix"", ""M-CH_DTS-ES_discrete"", ""M-CH_DTS-ES_8ch_discrete"", ""ADVANCED_SURROUND"", ""ACTION"", ""DRAMA"", ""SCI-FI"", ""MONO_FILM"", ""ENTERTAINMENT_SHOW"", ""EXPANDED_THEATER"", ""TV_SURROUND"", ""ADVANCED_GAME"", ""SPORTS"", ""CLASSICAL"", ""ROCK/POP"", ""UNPLUGGED"", ""EXTENDED_STEREO"", ""Front_Stage_Surround_Advance_Focus"", ""Front_Stage_Surround_Advance_Wide"", ""RETRIEVER_AIR"", ""PHONES_SURROUND"", ""PROLOGIC+THX_CINEMA"", ""PL2_MOVIE+THX_CINEMA"", ""Neo:6_CINEMA+THX_CINEMA"", ""PL2x_MOVIE+THX_CINEMA"", ""PL2z_Height+THX_CINEMA"", ""THX_CINEMA"", ""THX_MUSIC"", ""THX_GAMES"", ""PL2_MUSIC+THX_MUSIC"", ""PL2x_MUSIC+THX_MUSIC"", ""PL2z_Height+THX_MUSIC"", ""PL2_GAME+THX_GAMES"", ""PL2x_GAME+THX_GAMES"", ""PL2z_Height+THX_GAMES"", ""THX_SURROUND_EX"", ""ES_Neo:6+THX_CINEMA"", ""ES_MATRIX+THX_CINEMA"", ""ES_DISCRETE+THX_CINEMA"", ""ES_8ch_DISCRETE+THX_CINEMA"", ""EX+THX_GAMES"", ""ES_MATRIX+THX_MUSIC"", ""ES_MATRIX+THX_GAMES"", ""ES_DISCRETE+THX_MUSIC"", ""ES_DISCRETE+THX_GAMES""]",[],[],device_family,0.58,"[""modelo/família identificável com conjunto amplo""]","[""modelo de baixa confiança foi tratado como evidência estrutural"", ""muitos nomes compartilham a mesma intenção"", ""nomes de comandos reais não chegaram ao classificador"", ""sequência numerada pode indicar codeset ou bruteforce""]","[""50 maiores quantidades de comandos""]"
e9f8b8c62b5ea952,_Converted_/Pronto/P/Pioneer/VSX-52.ir,VSX-52.ir,Converted/Pronto,Pioneer,VSX-52,220,"[""CSP-LIR-USB"", ""Unknown"", ""°"", ""POWER"", ""BD"", ""DVD"", ""DVR/BDR"", ""HDMI"", ""TV/SAT"", ""CD"", ""HMG"", ""ADAPTER_PORT"", ""iPOD"", ""TUNER"", ""SIRIUS"", ""OPTION"", ""INPUT-"", ""INPUT+"", ""VOL-"", ""VOL+"", ""MUTE"", ""AUDIO_PARAMETER"", ""VIDEO_PARAMETER"", ""HOME_MENU"", ""RETURN"", ""UP_ARROW"", ""DN_ARROW"", ""LEFT_ARROW"", ""RIGHT_ARROW"", ""ENTER"", ""RED"", ""GREEN"", ""YELLOW"", ""BLUE"", ""AUTO/ALC/DIRECT"", ""STEREO"", ""STANDARD"", ""ADV_SURR"", ""THX"", ""PHASE_CONTROL"", ""STATUS"", ""HDMI_OUT"", ""SIGNAL_SELECT"", ""MCACC"", ""SLEEP"", ""CHANNEL_LEVEL"", ""A_ATT"", ""DIMMER"", ""TV_POWER"", ""TV_INPUT"", ""TV_CH+"", ""TV_CH-"", ""TV_VOL+"", ""TV_VOL-"", ""POWER_ON"", ""POWER_OFF"", ""VIDEO_1"", ""HDMI_1"", ""HDMI_2"", ""HDMI_3"", ""HDMI_4"", ""HDMI_5"", ""HDMI_6"", ""MUTE_ON"", ""MUTE_OFF"", ""AM"", ""FM"", ""PRESET+"", ""PRESET-"", ""PRESET_1"", ""PRESET_2"", ""PRESET_3"", ""PRESET_4"", ""PRESET_5"", ""PRESET_6"", ""PRESET_7"", ""PRESET-8"", ""SIRIUS_UP_ARROW"", ""SIRIUS_DN_ARROW"", ""SIRIUS_LEFT_ARROW"", ""SIRIUS_RIGHT_ARROW"", ""SIRIUS_DISPLAY"", ""SIRIUS_PRESET"", ""SIRIUS_10"", ""SIRIUS_1"", ""SIRIUS_2"", ""SIRIUS_3"", ""SIRIUS_4"", ""SIRIUS_5"", ""SIRIUS_6"", ""SIRIUS_7"", ""SIRIUS_8"", ""SIRIUS_9"", ""SIRIUS_CLASS"", ""SIRIUS_DIRECT_ACCESS"", ""SIRIUS_MEMORY"", ""SIRIUS_TOP_MENU"", ""SIRIUS_ENTER"", ""SIRIUS_RETURN"", ""SIRIUS_CATEGORY"", ""IPOD_PLAY"", ""IPOD_STOP"", ""IPOD_TRACK-"", ""IPOD_TRACK+"", ""IPOD_RSCAN"", ""IPOD_FSCAN"", ""IPOD_REPEAT"", ""IPOD_SHUFFLE"", ""IPOD_DISPLAY"", ""IPOD_CONTROL"", ""IPOD_UP_ARROW"", ""IPOD_DN_ARROW"", ""IPOD_LEFT_ARROW"", ""IPOD_RIGHT_ARROW"", ""IPOD_ENTER"", ""IPOD_RETURN"", ""IPOD_TOP_MENU"", ""IPOD_PAUSE"", ""MULTI-ZONE_ON/OFF"", ""ZONE_2_ON"", ""ZONE_2_OFF"", ""ZONE_2_ON/OFF"", ""ZONE_2_INPUT_SELECT+"", ""ZONE_2_INPUT_SELECT-"", ""ZONE_2_DVD"", ""ZONE_2_TV/SAT"", ""ZONE_2_DVR/BDR"", ""ZONE_2_VIDEO_1"", ""ZONE_2_HMG"", ""ZONE_2_iPOD/USB"", ""ZONE_2_CD"", ""ZONE_2_TUNER"", ""ZONE_2_ADAPTER_PORT"", ""ZONE_2_SIRIUS"", ""ZONE_2_MUTE_ON/OFF"", ""ZONE_2_MUTE_ON"", ""ZONE_2_MUTE_OFF"", ""ZONE_2_VOL+"", ""ZONE_2_VOL-"", ""TUNE+"", ""TUNE-"", ""SPEAKERS"", ""SPEAKERS_A_ON"", ""SPEAKERS_B_ON"", ""SPEAKERS_A+B_ON"", ""SPEAKERS_OFF"", ""STATUS/DISPLAY"", ""OPERATION_MODE"", ""OPERATION_MODE_BASIC"", ""OPERATION_MODE_EXPERT"", ""PQLS"", ""PQLS_AUTO"", ""PQLS_OFF"", ""PRO_LOGIC2_MOVIE"", ""PRO_LOGIC2x_MOVIE"", ""PRO_LOGIC2_MUSIC"", ""PRO_LOGIC2x_MUSIC"", ""PRO_LOGIC2_GAME"", ""PRO_LOGIC2x_GAME"", ""PRO_LOGIC2z_HEIGHT"", ""WIDE_SURROUND_MOVIE"", ""WIDE_SURROUND_MUSIC"", ""PRO_LOGIC"", ""Neo:6_CINEMA"", ""Neo:6_MUSIC"", ""NEURAL_SURROUND"", ""M-CH"", ""M-CH_DOLBY_EX"", ""M-CH_PRO_LOGIC2x_MOVIE"", ""M-CH_PRO_LOGIC2x_MUSIC"", ""M-CH_PRO_LOGIC2x_HEIGHT"", ""M-CH_WIDE_SURROUND_MOVIE"", ""M-CH_WIDE_SURROUND_MUSIC"", ""M-CH_DTS-ES_Neo:6"", ""M-CH_DTS-ES_matrix"", ""M-CH_DTS-ES_discrete"", ""M-CH_DTS-ES_8ch_discrete"", ""ADVANCED_SURROUND"", ""ACTION"", ""DRAMA"", ""SCI-FI"", ""MONO_FILM"", ""ENTERTAINMENT_SHOW"", ""EXPANDED_THEATER"", ""TV_SURROUND"", ""ADVANCED_GAME"", ""SPORTS"", ""CLASSICAL"", ""ROCK/POP"", ""UNPLUGGED"", ""EXTENDED_STEREO"", ""Front_Stage_Surround_Advance_Focus"", ""Front_Stage_Surround_Advance_Wide"", ""RETRIEVER_AIR"", ""PHONES_SURROUND"", ""PROLOGIC+THX_CINEMA"", ""PL2_MOVIE+THX_CINEMA"", ""Neo:6_CINEMA+THX_CINEMA"", ""PL2x_MOVIE+THX_CINEMA"", ""PL2z_Height+THX_CINEMA"", ""THX_CINEMA"", ""THX_MUSIC"", ""THX_GAMES"", ""PL2_MUSIC+THX_MUSIC"", ""PL2x_MUSIC+THX_MUSIC"", ""PL2z_Height+THX_MUSIC"", ""PL2_GAME+THX_GAMES"", ""PL2x_GAME+THX_GAMES"", ""PL2z_Height+THX_GAMES"", ""THX_SURROUND_EX"", ""ES_Neo:6+THX_CINEMA"", ""ES_MATRIX+THX_CINEMA"", ""ES_DISCRETE+THX_CINEMA"", ""ES_8ch_DISCRETE+THX_CINEMA"", ""EX+THX_GAMES"", ""ES_MATRIX+THX_MUSIC"", ""ES_MATRIX+THX_GAMES"", ""ES_DISCRETE+THX_MUSIC"", ""ES_DISCRETE+THX_GAMES"", ""ES_8ch_DISCRETE+THX_MUSIC""]",[],[],device_family,0.58,"[""modelo/família identificável com conjunto amplo""]","[""modelo de baixa confiança foi tratado como evidência estrutural"", ""muitos nomes compartilham a mesma intenção"", ""nomes de comandos reais não chegaram ao classificador"", ""sequência numerada pode indicar codeset ou bruteforce""]","[""50 maiores quantidades de comandos""]"
0829c0f3c2eb86b7,_Converted_/Pronto/P/Pioneer/VSX_Series.ir,VSX_Series.ir,Converted/Pronto,Pioneer,VSX_Series,219,"[""UnknownUnknown"", ""Unknown"", ""°"", ""POWER_ON"", ""POWER_OFF"", ""POWER"", ""BD"", ""DVD"", ""DVR/BDR"", ""HDMI"", ""TV/SAT"", ""CD"", ""HMG"", ""ADAPTER_PORT"", ""iPOD"", ""TUNER"", ""SIRIUS"", ""OPTION"", ""INPUT-"", ""INPUT+"", ""VOL-"", ""VOL+"", ""MUTE"", ""AUDIO_PARAMETER"", ""VIDEO_PARAMETER"", ""HOME_MENU"", ""RETURN"", ""UP_ARROW"", ""DN_ARROW"", ""LEFT_ARROW"", ""RIGHT_ARROW"", ""ENTER"", ""RED"", ""GREEN"", ""YELLOW"", ""BLUE"", ""AUTO/ALC/DIRECT"", ""STEREO"", ""STANDARD"", ""ADV_SURR"", ""THX"", ""PHASE_CONTROL"", ""STATUS"", ""HDMI_OUT"", ""SIGNAL_SELECT"", ""MCACC"", ""SLEEP"", ""CHANNEL_LEVEL"", ""A_ATT"", ""DIMMER"", ""TV_POWER"", ""TV_INPUT"", ""TV_CH+"", ""TV_CH-"", ""TV_VOL+"", ""TV_VOL-"", ""VIDEO_1"", ""HDMI_1"", ""HDMI_2"", ""HDMI_3"", ""HDMI_4"", ""HDMI_5"", ""HDMI_6"", ""MUTE_ON"", ""MUTE_OFF"", ""AM"", ""FM"", ""PRESET+"", ""PRESET-"", ""PRESET_1"", ""PRESET_2"", ""PRESET_3"", ""PRESET_4"", ""PRESET_5"", ""PRESET_6"", ""PRESET_7"", ""PRESET-8"", ""TUNE+"", ""TUNE-"", ""SIRIUS_UP_ARROW"", ""SIRIUS_DN_ARROW"", ""SIRIUS_LEFT_ARROW"", ""SIRIUS_RIGHT_ARROW"", ""SIRIUS_DISPLAY"", ""SIRIUS_PRESET"", ""SIRIUS_10"", ""SIRIUS_1"", ""SIRIUS_2"", ""SIRIUS_3"", ""SIRIUS_4"", ""SIRIUS_5"", ""SIRIUS_6"", ""SIRIUS_7"", ""SIRIUS_8"", ""SIRIUS_9"", ""SIRIUS_CLASS"", ""SIRIUS_DIRECT_ACCESS"", ""SIRIUS_MEMORY"", ""SIRIUS_TOP_MENU"", ""SIRIUS_ENTER"", ""SIRIUS_RETURN"", ""SIRIUS_CATEGORY"", ""IPOD_PLAY"", ""IPOD_STOP"", ""IPOD_TRACK-"", ""IPOD_TRACK+"", ""IPOD_RSCAN"", ""IPOD_FSCAN"", ""IPOD_REPEAT"", ""IPOD_SHUFFLE"", ""IPOD_DISPLAY"", ""IPOD_CONTROL"", ""IPOD_UP_ARROW"", ""IPOD_DN_ARROW"", ""IPOD_LEFT_ARROW"", ""IPOD_RIGHT_ARROW"", ""IPOD_ENTER"", ""IPOD_RETURN"", ""IPOD_TOP_MENU"", ""IPOD_PAUSE"", ""MULTI-ZONE_ON/OFF"", ""ZONE_2_ON"", ""ZONE_2_OFF"", ""ZONE_2_ON/OFF"", ""ZONE_2_INPUT_SELECT+"", ""ZONE_2_INPUT_SELECT-"", ""ZONE_2_DVD"", ""ZONE_2_TV/SAT"", ""ZONE_2_DVR/BDR"", ""ZONE_2_VIDEO_1"", ""ZONE_2_HMG"", ""ZONE_2_iPOD/USB"", ""ZONE_2_CD"", ""ZONE_2_TUNER"", ""ZONE_2_ADAPTER_PORT"", ""ZONE_2_SIRIUS"", ""ZONE_2_MUTE_ON/OFF"", ""ZONE_2_MUTE_ON"", ""ZONE_2_MUTE_OFF"", ""ZONE_2_VOL+"", ""ZONE_2_VOL-"", ""SPEAKERS"", ""SPEAKERS_A_ON"", ""SPEAKERS_B_ON"", ""SPEAKERS_A+B_ON"", ""SPEAKERS_OFF"", ""STATUS/DISPLAY"", ""OPERATION_MODE"", ""OPERATION_MODE_BASIC"", ""OPERATION_MODE_EXPERT"", ""PQLS_AUTO"", ""PQLS_OFF"", ""PRO_LOGIC2_MOVIE"", ""PRO_LOGIC2x_MOVIE"", ""PRO_LOGIC2_MUSIC"", ""PRO_LOGIC2x_MUSIC"", ""PRO_LOGIC2_GAME"", ""PRO_LOGIC2x_GAME"", ""PRO_LOGIC2z_HEIGHT"", ""WIDE_SURROUND_MOVIE"", ""WIDE_SURROUND_MUSIC"", ""PRO_LOGIC"", ""Neo:6_CINEMA"", ""Neo:6_MUSIC"", ""NEURAL_SURROUND"", ""M-CH"", ""M-CH_DOLBY_EX"", ""M-CH_PRO_LOGIC2x_MOVIE"", ""M-CH_PRO_LOGIC2x_MUSIC"", ""M-CH_PRO_LOGIC2x_HEIGHT"", ""M-CH_WIDE_SURROUND_MOVIE"", ""M-CH_WIDE_SURROUND_MUSIC"", ""M-CH_DTS-ES_Neo:6"", ""M-CH_DTS-ES_matrix"", ""M-CH_DTS-ES_discrete"", ""M-CH_DTS-ES_8ch_discrete"", ""ADVANCED_SURROUND"", ""ACTION"", ""DRAMA"", ""SCI-FI"", ""MONO_FILM"", ""ENTERTAINMENT_SHOW"", ""EXPANDED_THEATER"", ""TV_SURROUND"", ""ADVANCED_GAME"", ""SPORTS"", ""CLASSICAL"", ""ROCK/POP"", ""UNPLUGGED"", ""EXTENDED_STEREO"", ""Front_Stage_Surround_Advance_Focus"", ""Front_Stage_Surround_Advance_Wide"", ""RETRIEVER_AIR"", ""PHONES_SURROUND"", ""PROLOGIC+THX_CINEMA"", ""PL2_MOVIE+THX_CINEMA"", ""Neo:6_CINEMA+THX_CINEMA"", ""PL2x_MOVIE+THX_CINEMA"", ""PL2z_Height+THX_CINEMA"", ""THX_CINEMA"", ""THX_MUSIC"", ""THX_GAMES"", ""PL2_MUSIC+THX_MUSIC"", ""PL2x_MUSIC+THX_MUSIC"", ""PL2z_Height+THX_MUSIC"", ""PL2_GAME+THX_GAMES"", ""PL2x_GAME+THX_GAMES"", ""PL2z_Height+THX_GAMES"", ""THX_SURROUND_EX"", ""ES_Neo:6+THX_CINEMA"", ""ES_MATRIX+THX_CINEMA"", ""ES_DISCRETE+THX_CINEMA"", ""ES_8ch_DISCRETE+THX_CINEMA"", ""EX+THX_GAMES"", ""ES_MATRIX+THX_MUSIC"", ""ES_MATRIX+THX_GAMES"", ""ES_DISCRETE+THX_MUSIC"", ""ES_DISCRETE+THX_GAMES"", ""ES_8ch_DISCRETE+THX_MUSIC""]",[],[],device_family,0.58,"[""modelo/família identificável com conjunto amplo""]","[""modelo de baixa confiança foi tratado como evidência estrutural"", ""muitos nomes compartilham a mesma intenção"", ""nomes de comandos reais não chegaram ao classificador"", ""sequência numerada pode indicar codeset ou bruteforce""]","[""50 maiores quantidades de comandos""]"
787a6b3245f706ea,_Converted_/Pronto/R/RFT/GEN_TV.ir,GEN_TV.ir,Converted/Pronto,RFT,,11,"[""POWER_O"", ""POWER_E"", ""FOTO_O"", ""FOTO_E"", ""ZOOM_O"", ""ZOOM_E"", ""?_O"", ""?_E"", ""AZUL_O"", ""AZUL_E"", ""CH1_O""]",[],[],unknown,0.2,"[""evidências insuficientes para classificação segura""]","[""nomes de comandos reais não chegaram ao classificador""]","[""todos os unknown""]"
fe850a2cc2760831,_Converted_/Pronto/Y/Yamaha/RX-V671.ir,RX-V671.ir,Converted/Pronto,Yamaha,RX-V671,179,"[""UnknownUnknown"", ""Unknown"", ""°"", ""POWER_ON"", ""POWER_OFF"", ""POWER"", ""MUTE"", ""VOL+"", ""VOL-"", ""HDMI_1"", ""HDMI_2"", ""HDMI_3"", ""HDMI_4"", ""HDMI_5"", ""HDMI_6"", ""HDMI_7"", ""AV_1"", ""AV_2"", ""AV_3"", ""AV_4"", ""AV_5"", ""AV_6"", ""AV_7"", ""V-AUX"", ""AUDIO_1"", ""AUDIO_2"", ""AUDIO_3"", ""AUDIO_4"", ""MULTI"", ""TUNER"", ""SIRIUS"", ""USB"", ""NET"", ""DOCK"", ""SCENE_1"", ""SCENE_2"", ""SCENE_3"", ""SCENE_4"", ""PROGRAM+"", ""PROGRAM-"", ""UP_ARROW"", ""DN_ARROW"", ""RIGHT_ARROW"", ""LEFT_ARROW"", ""ENTER"", ""RETURN"", ""DISPLAY"", ""TOP_MENU"", ""MENU"", ""OSD"", ""CLASSICAL"", ""LIVE_CLUB"", ""ENTERTAIN"", ""MOVIE"", ""STEREO"", ""STRAIGHT"", ""OPTION"", ""AM"", ""FM"", ""TUNE+"", ""TUNE-"", ""PRESET+"", ""PRESET-"", ""0"", ""1"", ""2"", ""3"", ""4"", ""5"", ""6"", ""7"", ""8"", ""9"", ""10+"", ""BAND+"", ""BAND-"", ""DIRECT/MANUAL"", ""PRESET"", ""PANDORA"", ""NAPSTER"", ""NET_RADIO"", ""PC"", ""RHAPSODY"", ""SIRIUS_CAT+"", ""SIRIUS_CAT-"", ""SIRIUS_ALL_CHANNEL_SEARCH"", ""SIRIUS_CATEGORY_SEARCH"", ""SIRIUS_SEARCH"", ""SIRIUS_PRESET"", ""SIRIUS_CH+"", ""SIRIUS_CH-"", ""SIRIUS_PLAY"", ""SIRIUS_STOP"", ""SIRIUS_PAUSE"", ""SIRIUS_FSCAN"", ""SIRIUS_RSCAN"", ""SIRIUS_UP_ARROW"", ""SIRIUS_DN_ARROW"", ""SIRIUS_LEFT_ARROW"", ""SIRIUS_RIGHT_ARROW"", ""SIRIUS_ENTER"", ""MODE"", ""PLAY"", ""STOP"", ""PAUSE"", ""FSCAN"", ""RSCAN"", ""PREVIOUS"", ""NEXT"", ""SURROUD_DECODE"", ""ENHANCER"", ""PARTY"", ""HDMI_OUT"", ""INFO"", ""MEMORY"", ""SLEEP"", ""LEVEL"", ""ZONE2_ON"", ""ZONE2_OFF"", ""ZONE2_VOL+"", ""ZONE2_VOL-"", ""ZONE2_MUTE"", ""ZONE2_AV1"", ""ZONE2_AV2"", ""ZONE2_AV3"", ""ZONE2_AV4"", ""ZONE2_VIDEO_AUX"", ""ZONE2_AUDIO_1"", ""ZONE2_AUDIO_2"", ""ZONE2_AUDIO_3"", ""ZONE2_AUDIO_4"", ""ZONE2_PHONO"", ""ZONE2_USB"", ""ZONE2_NET"", ""ZONE2_DOCK"", ""ZONE2_TUNER"", ""ZONE2_SIRIUS"", ""DOCK_UP_ARROW"", ""DOCK_DN_ARROW"", ""DOCK_LEFT_ARROW"", ""DOCK_RIGHT_ARROW"", ""DOCK_ENTER"", ""DOCK_RETURN"", ""DOCK_PLAY"", ""DOCK_STOP"", ""DOCK_PAUSE"", ""DOCK_RSCAN"", ""DOCK_FSCAN"", ""DOCK_SIMPLE_REMOTE"", ""DOCK_CONNECT"", ""DOCK_DISCONNECT"", ""DOCK_MENU_BROWSE"", ""DOCK_PAIRING"", ""DOCK_PAIRING_CANCEL"", ""ZONE2_AM"", ""ZONE2_FM"", ""ZONE2_PRESET+"", ""ZONE2_PRESET-"", ""ZONE2_1"", ""ZONE2_2"", ""ZONE2_3"", ""ZONE2_4"", ""ZONE2_5"", ""ZONE2_6"", ""ZONE2_7"", ""ZONE2_8"", ""ZONE2_9"", ""ZONE2_0"", ""ZONE2_UP_ARROW"", ""ZONE2_DN_ARROW"", ""ZONE2_LEFT_ARROW"", ""ZONE2_RIGHT_ARROW"", ""ZONE2_ENTER"", ""ZONE2_PLAY"", ""ZONE2_STOP"", ""ZONE2_PAUSE"", ""ZONE2_RSCAN"", ""ZONE2_FSCAN"", ""ZONE2_CAT+""]",[],[],device_family,0.58,"[""modelo/família identificável com conjunto amplo""]","[""modelo de baixa confiança foi tratado como evidência estrutural"", ""muitos nomes compartilham a mesma intenção"", ""nomes de comandos reais não chegaram ao classificador"", ""sequência numerada pode indicar codeset ou bruteforce""]","[""50 nomes ou comandos com sequências numéricas""]"
2fcf4a87f5f2eb1d,_Converted_/Pronto/Y/Yamaha/RX-V871.ir,RX-V871.ir,Converted/Pronto,Yamaha,RX-V871,179,"[""UnknownUnknown"", ""Unknown"", ""°"", ""POWER_ON"", ""POWER_OFF"", ""POWER"", ""MUTE"", ""VOL+"", ""VOL-"", ""HDMI_1"", ""HDMI_2"", ""HDMI_3"", ""HDMI_4"", ""HDMI_5"", ""HDMI_6"", ""HDMI_7"", ""AV_1"", ""AV_2"", ""AV_3"", ""AV_4"", ""AV_5"", ""AV_6"", ""AV_7"", ""V-AUX"", ""AUDIO_1"", ""AUDIO_2"", ""AUDIO_3"", ""AUDIO_4"", ""MULTI"", ""TUNER"", ""SIRIUS"", ""USB"", ""NET"", ""DOCK"", ""SCENE_1"", ""SCENE_2"", ""SCENE_3"", ""SCENE_4"", ""PROGRAM+"", ""PROGRAM-"", ""UP_ARROW"", ""DN_ARROW"", ""RIGHT_ARROW"", ""LEFT_ARROW"", ""ENTER"", ""RETURN"", ""DISPLAY"", ""TOP_MENU"", ""MENU"", ""OSD"", ""CLASSICAL"", ""LIVE_CLUB"", ""ENTERTAIN"", ""MOVIE"", ""STEREO"", ""STRAIGHT"", ""OPTION"", ""AM"", ""FM"", ""TUNE+"", ""TUNE-"", ""PRESET+"", ""PRESET-"", ""0"", ""1"", ""2"", ""3"", ""4"", ""5"", ""6"", ""7"", ""8"", ""9"", ""10+"", ""BAND+"", ""BAND-"", ""DIRECT/MANUAL"", ""PRESET"", ""PANDORA"", ""NAPSTER"", ""NET_RADIO"", ""PC"", ""RHAPSODY"", ""SIRIUS_CAT+"", ""SIRIUS_CAT-"", ""SIRIUS_ALL_CHANNEL_SEARCH"", ""SIRIUS_CATEGORY_SEARCH"", ""SIRIUS_SEARCH"", ""SIRIUS_PRESET"", ""SIRIUS_CH+"", ""SIRIUS_CH-"", ""SIRIUS_PLAY"", ""SIRIUS_STOP"", ""SIRIUS_PAUSE"", ""SIRIUS_FSCAN"", ""SIRIUS_RSCAN"", ""SIRIUS_UP_ARROW"", ""SIRIUS_DN_ARROW"", ""SIRIUS_LEFT_ARROW"", ""SIRIUS_RIGHT_ARROW"", ""SIRIUS_ENTER"", ""MODE"", ""PLAY"", ""STOP"", ""PAUSE"", ""FSCAN"", ""RSCAN"", ""PREVIOUS"", ""NEXT"", ""SURROUD_DECODE"", ""ENHANCER"", ""PARTY"", ""HDMI_OUT"", ""INFO"", ""MEMORY"", ""SLEEP"", ""LEVEL"", ""ZONE2_ON"", ""ZONE2_OFF"", ""ZONE2_VOL+"", ""ZONE2_VOL-"", ""ZONE2_MUTE"", ""ZONE2_AV1"", ""ZONE2_AV2"", ""ZONE2_AV3"", ""ZONE2_AV4"", ""ZONE2_VIDEO_AUX"", ""ZONE2_AUDIO_1"", ""ZONE2_AUDIO_2"", ""ZONE2_AUDIO_3"", ""ZONE2_AUDIO_4"", ""ZONE2_PHONO"", ""ZONE2_USB"", ""ZONE2_NET"", ""ZONE2_DOCK"", ""ZONE2_TUNER"", ""ZONE2_SIRIUS"", ""DOCK_UP_ARROW"", ""DOCK_DN_ARROW"", ""DOCK_LEFT_ARROW"", ""DOCK_RIGHT_ARROW"", ""DOCK_ENTER"", ""DOCK_RETURN"", ""DOCK_PLAY"", ""DOCK_STOP"", ""DOCK_PAUSE"", ""DOCK_RSCAN"", ""DOCK_FSCAN"", ""DOCK_SIMPLE_REMOTE"", ""DOCK_CONNECT"", ""DOCK_DISCONNECT"", ""DOCK_MENU_BROWSE"", ""DOCK_PAIRING"", ""DOCK_PAIRING_CANCEL"", ""ZONE2_AM"", ""ZONE2_FM"", ""ZONE2_PRESET+"", ""ZONE2_PRESET-"", ""ZONE2_1"", ""ZONE2_2"", ""ZONE2_3"", ""ZONE2_4"", ""ZONE2_5"", ""ZONE2_6"", ""ZONE2_7"", ""ZONE2_8"", ""ZONE2_9"", ""ZONE2_0"", ""ZONE2_UP_ARROW"", ""ZONE2_DN_ARROW"", ""ZONE2_LEFT_ARROW"", ""ZONE2_RIGHT_ARROW"", ""ZONE2_ENTER"", ""ZONE2_PLAY"", ""ZONE2_STOP"", ""ZONE2_PAUSE"", ""ZONE2_RSCAN"", ""ZONE2_FSCAN"", ""ZONE2_CAT+""]",[],[],device_family,0.58,"[""modelo/família identificável com conjunto amplo""]","[""modelo de baixa confiança foi tratado como evidência estrutural"", ""muitos nomes compartilham a mesma intenção"", ""nomes de comandos reais não chegaram ao classificador"", ""sequência numerada pode indicar codeset ou bruteforce""]","[""50 nomes ou comandos com sequências numéricas""]"
4d2feb24822a030b,_Converted_/Pronto/Y/Yamaha/RX-V_Series.ir,RX-V_Series.ir,Converted/Pronto,Yamaha,RX-V_Series,179,"[""UnknownUnknown"", ""Unknown"", ""°"", ""POWER_ON"", ""POWER_OFF"", ""POWER"", ""MUTE"", ""VOL+"", ""VOL-"", ""HDMI_1"", ""HDMI_2"", ""HDMI_3"", ""HDMI_4"", ""HDMI_5"", ""HDMI_6"", ""HDMI_7"", ""AV_1"", ""AV_2"", ""AV_3"", ""AV_4"", ""AV_5"", ""AV_6"", ""AV_7"", ""V-AUX"", ""AUDIO_1"", ""AUDIO_2"", ""AUDIO_3"", ""AUDIO_4"", ""MULTI"", ""TUNER"", ""SIRIUS"", ""USB"", ""NET"", ""DOCK"", ""SCENE_1"", ""SCENE_2"", ""SCENE_3"", ""SCENE_4"", ""PROGRAM+"", ""PROGRAM-"", ""UP_ARROW"", ""DN_ARROW"", ""RIGHT_ARROW"", ""LEFT_ARROW"", ""ENTER"", ""RETURN"", ""DISPLAY"", ""TOP_MENU"", ""MENU"", ""OSD"", ""CLASSICAL"", ""LIVE_CLUB"", ""ENTERTAIN"", ""MOVIE"", ""STEREO"", ""STRAIGHT"", ""OPTION"", ""AM"", ""FM"", ""TUNE+"", ""TUNE-"", ""PRESET+"", ""PRESET-"", ""0"", ""1"", ""2"", ""3"", ""4"", ""5"", ""6"", ""7"", ""8"", ""9"", ""10+"", ""BAND+"", ""BAND-"", ""DIRECT/MANUAL"", ""PRESET"", ""PANDORA"", ""NAPSTER"", ""NET_RADIO"", ""PC"", ""RHAPSODY"", ""SIRIUS_CAT+"", ""SIRIUS_CAT-"", ""SIRIUS_ALL_CHANNEL_SEARCH"", ""SIRIUS_CATEGORY_SEARCH"", ""SIRIUS_SEARCH"", ""SIRIUS_PRESET"", ""SIRIUS_CH+"", ""SIRIUS_CH-"", ""SIRIUS_PLAY"", ""SIRIUS_STOP"", ""SIRIUS_PAUSE"", ""SIRIUS_FSCAN"", ""SIRIUS_RSCAN"", ""SIRIUS_UP_ARROW"", ""SIRIUS_DN_ARROW"", ""SIRIUS_LEFT_ARROW"", ""SIRIUS_RIGHT_ARROW"", ""SIRIUS_ENTER"", ""MODE"", ""PLAY"", ""STOP"", ""PAUSE"", ""FSCAN"", ""RSCAN"", ""PREVIOUS"", ""NEXT"", ""SURROUD_DECODE"", ""ENHANCER"", ""PARTY"", ""HDMI_OUT"", ""INFO"", ""MEMORY"", ""SLEEP"", ""LEVEL"", ""ZONE2_ON"", ""ZONE2_OFF"", ""ZONE2_VOL+"", ""ZONE2_VOL-"", ""ZONE2_MUTE"", ""ZONE2_AV1"", ""ZONE2_AV2"", ""ZONE2_AV3"", ""ZONE2_AV4"", ""ZONE2_VIDEO_AUX"", ""ZONE2_AUDIO_1"", ""ZONE2_AUDIO_2"", ""ZONE2_AUDIO_3"", ""ZONE2_AUDIO_4"", ""ZONE2_PHONO"", ""ZONE2_USB"", ""ZONE2_NET"", ""ZONE2_DOCK"", ""ZONE2_TUNER"", ""ZONE2_SIRIUS"", ""DOCK_UP_ARROW"", ""DOCK_DN_ARROW"", ""DOCK_LEFT_ARROW"", ""DOCK_RIGHT_ARROW"", ""DOCK_ENTER"", ""DOCK_RETURN"", ""DOCK_PLAY"", ""DOCK_STOP"", ""DOCK_PAUSE"", ""DOCK_RSCAN"", ""DOCK_FSCAN"", ""DOCK_SIMPLE_REMOTE"", ""DOCK_CONNECT"", ""DOCK_DISCONNECT"", ""DOCK_MENU_BROWSE"", ""DOCK_PAIRING"", ""DOCK_PAIRING_CANCEL"", ""ZONE2_AM"", ""ZONE2_FM"", ""ZONE2_PRESET+"", ""ZONE2_PRESET-"", ""ZONE2_1"", ""ZONE2_2"", ""ZONE2_3"", ""ZONE2_4"", ""ZONE2_5"", ""ZONE2_6"", ""ZONE2_7"", ""ZONE2_8"", ""ZONE2_9"", ""ZONE2_0"", ""ZONE2_UP_ARROW"", ""ZONE2_DN_ARROW"", ""ZONE2_LEFT_ARROW"", ""ZONE2_RIGHT_ARROW"", ""ZONE2_ENTER"", ""ZONE2_PLAY"", ""ZONE2_STOP"", ""ZONE2_PAUSE"", ""ZONE2_RSCAN"", ""ZONE2_FSCAN"", ""ZONE2_CAT+""]",[],[],device_family,0.58,"[""modelo/família identificável com conjunto amplo""]","[""modelo de baixa confiança foi tratado como evidência estrutural"", ""muitos nomes compartilham a mesma intenção"", ""nomes de comandos reais não chegaram ao classificador"", ""sequência numerada pode indicar codeset ou bruteforce""]","[""50 nomes ou comandos com sequências numéricas""]"
4d51edf8aedea0a3,_Converted_/Pronto/Y/Yamaha/RX-Vx65.ir,RX-Vx65.ir,Converted/Pronto,Yamaha,RX-Vx65,123,"[""AM"", ""AUDIO_1"", ""AUDIO_2"", ""AV_1"", ""AV_2"", ""AV_3"", ""AV_4"", ""AV_5"", ""AV_6"", ""CATEGORY/BAND-"", ""CATEGORY/BAND+"", ""CH-"", ""CH+"", ""DISPLAY"", ""DN_ARROW"", ""ENTER"", ""FM"", ""HDMI_1"", ""HDMI_2"", ""HDMI_3"", ""HDMI_4"", ""INFO"", ""LEFT_ARROW"", ""MEMORY"", ""MOVIE"", ""MULTI-CHANNEL_IN"", ""MUSIC"", ""MUTE"", ""MUTE_OFF"", ""MUTE_ON"", ""OPTION"", ""POWER"", ""POWER_ALL_ON"", ""POWER_ALL_OFF"", ""POWER_OFF"", ""POWER_ON"", ""PRESET-"", ""PRESET+"", ""PURE_DIRECT/DIRECT"", ""RETURN"", ""RIGHT_ARROW"", ""SETUP/OSD"", ""SIRIUS"", ""SIRIUS_ALL_CHANNEL_SEARCH"", ""SIRIUS_CATEGORY_SEARCH"", ""SIRIUS_CATEGORY/PRESET-"", ""SIRIUS_CATEGORY/PRESET+"", ""SIRIUS_CH/PRESET-"", ""SIRIUS_CH/PRESET+"", ""SIRIUS_PRESET_SEARCH"", ""SIRIUS_SEARCH_MODE"", ""SIRIUS_0"", ""SIRIUS_1"", ""SIRIUS_2"", ""SIRIUS_3"", ""SIRIUS_4"", ""SIRIUS_5"", ""SIRIUS_6"", ""SIRIUS_7"", ""SIRIUS_8"", ""SIRIUS_9"", ""SIRIUS_ENT"", ""SLEEP"", ""TUNER"", ""TUNER_AUTO_TUNING-"", ""TUNER_AUTO_TUNING+"", ""TUNER_0"", ""TUNER_1"", ""TUNER_2"", ""TUNER_3"", ""TUNER_4"", ""TUNER_5"", ""TUNER_6"", ""TUNER_7"", ""TUNER_8"", ""TUNER_9"", ""TUNER_ENT"", ""UP_ARROW"", ""V-AUX"", ""VOL-"", ""VOL+"", ""XM"", ""XM_ALL_CHANNEL_SEARCH"", ""XM_CATEGORY_SEARCH"", ""XM_CATEGORY/PRESET-"", ""XM_CATEGORY/PRESET+"", ""XM_CH/PRESET-"", ""XM_CH/PRESET+"", ""XM_PRESET"", ""XM_SEARCH_MODE"", ""XM_0"", ""XM_1"", ""XM_2"", ""XM_3"", ""XM_4"", ""XM_5"", ""XM_6"", ""XM_7"", ""XM_8"", ""XM_9"", ""XM_ENT"", ""AUDIO_1_A"", ""AUDIO_2_A"", ""AV_5_A"", ""AV_6_A"", ""CATEGORY/BAND_A-"", ""CATEGORY/BAND_A+"", ""CH_A-"", ""CH_A+"", ""MUTE_A"", ""MUTE_A_OFF"", ""MUTE_A_ON"", ""POWER_A"", ""POWER_A_OFF"", ""POWER_A_ON"", ""PRESET_A-"", ""PRESET_A+"", ""SIRIUS_A"", ""TUNER_A"", ""V-AUX_A"", ""VOL_A-"", ""VOL_A+"", ""XM_A""]",[],[],device_family,0.58,"[""modelo/família identificável com conjunto amplo""]","[""modelo de baixa confiança foi tratado como evidência estrutural"", ""muitos nomes compartilham a mesma intenção"", ""nomes de comandos reais não chegaram ao classificador"", ""sequência numerada pode indicar codeset ou bruteforce""]","[""50 nomes ou comandos com sequências numéricas""]"
