record_id,source_path,original_text,candidate,confidence,extraction_source,ambiguity,alternatives,requires_review
894c9d0ec36bb449,ACs/Admiral/Admiral_AC.ir,AC,,0.0,,False,[],True
b6303d02283c88f1,ACs/Airfel/AIRFEL_AFSW-12HAR1RCIO.ir,AFSW-12HAR1RCIO,AFSW-12HAR1RCIO,0.45,inventory.model,True,"[""AIRFEL_AFSW-12HAR1RCIO""]",True
2ad0201f9d57015a,ACs/Airmax/Airmax.ir,Airmax,,0.0,,False,[],True
47cd060cb3e9278f,ACs/Airmet/Airmet_ac.ir,ac,,0.0,,False,[],True
e67bd06197a9004b,ACs/Airwell/Airwell.ir,Airwell,,0.0,,False,[],True
23fb3d217c7362b3,ACs/Airwell/Airwell_AWSI-PNXA012-N11.ir,AWSI-PNXA012-N11,AWSI-PNXA012-N11,0.45,inventory.model,True,"[""Airwell_AWSI-PNXA012-N11""]",True
4de8b574fa49a3e8,ACs/Aldi/Easy_Home_Portable_Air_Cooler.ir,Easy_Home_Portable_Air_Cooler,,0.0,,False,[],True
3921b3bbf36d48d9,ACs/Amcor/Amcor_AC.ir,AC,,0.0,,False,[],True
0d323d3d1f2f3463,ACs/Arctic_King/Arctic_King_RG15B1.ir,RG15B1,RG15B1,0.45,inventory.model,True,"[""Arctic_King_RG15B1""]",True
610507664d812d03,ACs/Argo/Argo_ac.ir,ac,,0.0,,False,[],True
44d26a0e851701c8,ACs/Argo/Argo_zelos.ir,zelos,,0.0,,False,[],True
2bf939e19076b4e0,ACs/Ariston/Ariston_AC_A-MW09-IGX.ir,AC_A-MW09-IGX,AC_A-MW09-IGX,0.45,inventory.model,True,"[""Ariston_AC_A-MW09-IGX""]",True
b795c39ac4e8414b,ACs/Ballu/Ballu_R05-BGE.ir,R05-BGE,R05-BGE,0.45,inventory.model,True,"[""Ballu_R05-BGE""]",True
d223333be311f5aa,ACs/Beko/Beko.ir,Beko,,0.0,,False,[],True
c977b6d7daff309f,ACs/Black_and_Decker/Portable.ir,Portable,,0.0,,False,[],True
3c7363b6e6ee1db5,ACs/Bonaire/Bonaire_DurangoAC.ir,DurangoAC,,0.0,,False,[],True
437e0d605db14a27,ACs/Boston_Bay/Boston_Bay_MSAB_09CR.ir,MSAB_09CR,MSAB_09CR,0.45,inventory.model,True,"[""Boston_Bay_MSAB_09CR""]",True
599075d847399a69,ACs/Botti/Botti_BL-168DLR.ir,BL-168DLR,BL-168DLR,0.45,inventory.model,True,"[""Botti_BL-168DLR""]",True
45cea251d427541c,ACs/Boulanger/Boulanger_AC.ir,AC,,0.0,,False,[],True
d164b5f024dab55a,ACs/COTech/COTech_MPPH-08CRN7-QB6_AC.ir,MPPH-08CRN7-QB6_AC,MPPH-08CRN7-QB6_AC,0.45,inventory.model,True,"[""COTech_MPPH-08CRN7-QB6_AC""]",True
dc1f42cc49753999,ACs/Carrier/Carrier_orlen_ac.ir,orlen_ac,,0.0,,False,[],True
0081278a9091403e,ACs/Chigo/Chigo_CS-21H3A-B155AF.ir,CS-21H3A-B155AF,CS-21H3A-B155AF,0.45,inventory.model,True,"[""Chigo_CS-21H3A-B155AF""]",True
68a24ad50dd703a1,ACs/Chigo/Chigo_KRF-51G_79F.ir,KRF-51G_79F,KRF-51G_79F,0.45,inventory.model,True,"[""Chigo_KRF-51G_79F""]",True
0933209eb4724b9e,ACs/Ciatronic/Ciatronic_AC.ir,AC,,0.0,,False,[],True
1513275923682554,ACs/Comfort_Aire/Comfort_Aire_RG57A6.ir,RG57A6,RG57A6,0.45,inventory.model,True,"[""Comfort_Aire_RG57A6""]",True
ac4dbcb4df4a6a78,ACs/Corlitec/Cortlitec_portable_ac.ir,Cortlitec_portable_ac,,0.0,,False,[],True
cfb2ed6ced11cf55,ACs/Daikin/Daikin_AC.ir,AC,,0.0,,False,[],True
14f9ef119ef1cf82,ACs/Daikin/Daikin_AC_industrial_TB.ir,AC_industrial_TB,,0.0,,False,[],True
f8b3ef88b7c43705,ACs/Daikin/Daikin_AC_unknownModel.ir,AC_unknownModel,,0.0,,False,[],True
fc982c04f61c9ef7,ACs/Daikin/Daikin_ARC480A41.ir,ARC480A41,ARC480A41,0.45,inventory.model,True,"[""Daikin_ARC480A41""]",True
3905b283481fcd94,ACs/Daikin/Daikin_ARC480A53.ir,ARC480A53,ARC480A53,0.45,inventory.model,True,"[""Daikin_ARC480A53""]",True
99dea71736369356,ACs/Daikin/Daikin_FTE35KV1.ir,FTE35KV1,FTE35KV1,0.45,inventory.model,True,"[""Daikin_FTE35KV1""]",True
f13f075e1d027da3,ACs/Daikin/Daikin_FTX50GV1B.ir,FTX50GV1B,FTX50GV1B,0.45,inventory.model,True,"[""Daikin_FTX50GV1B""]",True
68cdf53a5f4fc0b2,ACs/Daikin/Daikin_FTXM95PVMA.ir,FTXM95PVMA,FTXM95PVMA,0.45,inventory.model,True,"[""Daikin_FTXM95PVMA""]",True
f71b07f95826eb78,ACs/Daikin/Daikin_FTXS25KVMA.ir,FTXS25KVMA,FTXS25KVMA,0.45,inventory.model,True,"[""Daikin_FTXS25KVMA""]",True
597a0ced59fb5f10,ACs/Danby/Danby DAC060EB7WDB.ir,Danby DAC060EB7WDB,DAC060EB7WDB,0.45,inventory.model,False,[],True
e99b03b06c2fc5f4,ACs/DeLonghi/Delonghi_portable_Pinguino-Air-to-Air-PAC-N81_ac.ir,Delonghi_portable_Pinguino-Air-to-Air-PAC-N81_ac,Delonghi_portable_Pinguino-Air-to-Air-PAC-N81_ac,0.45,inventory.model,False,[],True
67ec3071a02ea2de,ACs/DeLonghi/Pinguino_EL290HLWKC.ir,Pinguino_EL290HLWKC,Pinguino_EL290HLWKC,0.45,inventory.model,False,[],True
3094c6dcc860939e,ACs/DeLonghi/Pinguino_PAC_EL275HGRKC.ir,Pinguino_PAC_EL275HGRKC,Pinguino_PAC_EL275HGRKC,0.45,inventory.model,False,[],True
9b86f50cd8b2b865,ACs/DeLonghi/Pinguino_PAC_EL92_SILENT.ir,Pinguino_PAC_EL92_SILENT,Pinguino_PAC_EL92_SILENT,0.45,inventory.model,False,[],True
96af98b7ec3c5129,ACs/Eberg/Eberg_RIO_R29E1.ir,RIO_R29E1,RIO_R29E1,0.45,inventory.model,True,"[""Eberg_RIO_R29E1""]",True
f50b29601760f97e,ACs/Ecofort/Ecofort_CoolAir_7+_EQCA7+2900824.ir,CoolAir_7+_EQCA7+2900824,CoolAir_7+_EQCA7+2900824,0.45,inventory.model,True,"[""Ecofort_CoolAir_7+_EQCA7+2900824""]",True
faae0287f50d135b,ACs/Electra/electra_smart.ir,electra_smart,,0.0,,False,[],True
6d55d499d3f6b1d2,ACs/Electrolux/Electrol_ESV09CRO_B2I.ir,Electrol_ESV09CRO_B2I,Electrol_ESV09CRO_B2I,0.45,inventory.model,False,[],True
865ee5e06c281918,ACs/Emerson/Emerson_EARC8RE1_ac.ir,EARC8RE1_ac,EARC8RE1_ac,0.45,inventory.model,True,"[""Emerson_EARC8RE1_ac""]",True
347cefac6d9574ca,ACs/Emerson/Emerson_Quiet_Kool_AC.ir,Quiet_Kool_AC,,0.0,,False,[],True
6b8be9e2092a3cbe,ACs/Eurom/Eurom_PAC_9.2.ir,PAC_9.2,PAC_9.2,0.45,inventory.model,True,"[""Eurom_PAC_9.2""]",True
e05d79cb5f1525d4,ACs/Eurom/Eurom_Tristar_AC.ir,Tristar_AC,,0.0,,False,[],True
bf55fde8b9672f3c,ACs/Ferroli/Ferroli.ir,Ferroli,,0.0,,False,[],True
d938e1b9f02eee46,ACs/Firstline/Firstline_AAS2500.ir,AAS2500,AAS2500,0.45,inventory.model,True,"[""Firstline_AAS2500""]",True
75ce2dc5ad567ad5,ACs/Frico/Frico_PA2510E08.ir,PA2510E08,PA2510E08,0.45,inventory.model,True,"[""Frico_PA2510E08""]",True
232a174b168d1245,ACs/Friedrich/Friedrich.ir,Friedrich,,0.0,,False,[],True
2343595d78a01dbf,ACs/Friedrich/Friedrich_4235h.ir,4235h,4235h,0.45,inventory.model,True,"[""Friedrich_4235h""]",True
fee9cf4ac4faffac,ACs/Friedrich/Friedrich_AKB73756214.ir,AKB73756214,AKB73756214,0.45,inventory.model,True,"[""Friedrich_AKB73756214""]",True
641e79320e7f1d10,ACs/Frigidaire/Frigidaire_AC.ir,AC,,0.0,,False,[],True
86d5163cc3ecb542,ACs/Frigidaire/Frigidaire_RG15D_AC.ir,RG15D_AC,RG15D_AC,0.45,inventory.model,True,"[""Frigidaire_RG15D_AC""]",True
32c7a11b139db04d,ACs/Fujidenzo/Fujidenzo_FEA5001_AC.ir,FEA5001_AC,FEA5001_AC,0.45,inventory.model,True,"[""Fujidenzo_FEA5001_AC""]",True
807e4c6275e448c7,ACs/Fujitsu/Fujitsu_AC.ir,AC,,0.0,,False,[],True
315dbe9f924ca465,ACs/Fujitsu/Fujitsu_AC_ASU18RLF.ir,AC_ASU18RLF,AC_ASU18RLF,0.45,inventory.model,True,"[""Fujitsu_AC_ASU18RLF""]",True
42ab88de14ea5b75,ACs/GREE/GREE_YAPOF.ir,YAPOF,,0.0,,False,[],True
f41c3836e46ec1f2,ACs/GREE/Gree_KFR-70G-A1.ir,Gree_KFR-70G-A1,Gree_KFR-70G-A1,0.45,inventory.model,False,[],True
ad9849fc12ce5f68,ACs/GREE/Gree_airco.ir,Gree_airco,,0.0,,False,[],True
1aa042307608eb1d,ACs/GREE/Gree_airco_lightoff.ir,Gree_airco_lightoff,,0.0,,False,[],True
0453320233bf34f5,ACs/General_Electric/GE_AC.ir,GE_AC,,0.0,,False,[],True
8781886ce1f5a76d,ACs/General_Electric/GE_Window_AC.ir,GE_Window_AC,,0.0,,False,[],True
d96fc2bdea6d9f40,ACs/GoodHome/GoodHome_FDP15.ir,FDP15,FDP15,0.45,inventory.model,True,"[""GoodHome_FDP15""]",True
eafee82b6119d064,ACs/Haier/Haier_AC_AS18GD3HRA.ir,AC_AS18GD3HRA,AC_AS18GD3HRA,0.45,inventory.model,True,"[""Haier_AC_AS18GD3HRA""]",True
e0029eb1c4f95a7a,ACs/Haier/Haier_AC_HPD10XCM-LW.ir,AC_HPD10XCM-LW,AC_HPD10XCM-LW,0.45,inventory.model,True,"[""Haier_AC_HPD10XCM-LW""]",True
d8e99e9bd4d02626,ACs/Haier/Haier_AC_HWE08XCR-L.ir,AC_HWE08XCR-L,AC_HWE08XCR-L,0.45,inventory.model,True,"[""Haier_AC_HWE08XCR-L""]",True
2c2f77a1ccf77a9f,ACs/Hisense/Hisense_DG11J1-99_celsius.ir,DG11J1-99_celsius,DG11J1-99_celsius,0.45,inventory.model,True,"[""Hisense_DG11J1-99_celsius""]",True
20bf753041415e7c,ACs/Hisense/Hisense_DG11J1-99_fahrenheit.ir,DG11J1-99_fahrenheit,DG11J1-99_fahrenheit,0.45,inventory.model,True,"[""Hisense_DG11J1-99_fahrenheit""]",True
a8033f78cc9fdf1a,ACs/Hisense/Hisense_room_AC.ir,room_AC,,0.0,,False,[],True
aa38ee9cd3ad12da,ACs/Hisense/Hisense_window_AC.ir,window_AC,,0.0,,False,[],True
22ebbb0e281a873b,ACs/Hitachi/Hitach_RAK-18QH8.ir,Hitach_RAK-18QH8,Hitach_RAK-18QH8,0.45,inventory.model,False,[],True
baf645448789a790,ACs/Hitachi/Hitachi_RAK35.ir,RAK35,RAK35,0.45,inventory.model,True,"[""Hitachi_RAK35""]",True
46673c1794ad4154,ACs/Honeywell/Honeywell_MN10CESS.ir,MN10CESS,MN10CESS,0.45,inventory.model,True,"[""Honeywell_MN10CESS""]",True
b6b8599b88b74bab,ACs/Innova/Innova_2.0.ir,2.0,Innova_2.0,0.72,file_name,False,[],True
a53b8b8ff010f432,ACs/Insigna/Insigna_AC_NSRC2AC9.ir,AC_NSRC2AC9,AC_NSRC2AC9,0.45,inventory.model,True,"[""Insigna_AC_NSRC2AC9""]",True
8ab5643bc79e7312,ACs/Insigna/Insignia_NS-AC8PWH9-C_AC.ir,Insignia_NS-AC8PWH9-C_AC,Insignia_NS-AC8PWH9-C_AC,0.45,inventory.model,False,[],True
4d58476e0ab274ac,ACs/Inventum/Inventum_AC.ir,AC,,0.0,,False,[],True
fb910dc5ea74b845,ACs/Kelon/Kelon_AS-24HR4SQJUL.ir,AS-24HR4SQJUL,AS-24HR4SQJUL,0.45,inventory.model,True,"[""Kelon_AS-24HR4SQJUL""]",True
41fafedab0d4436e,ACs/Kenmore/Kenmore_AC.ir,AC,,0.0,,False,[],True
5e5ffa0ec2fb27c3,ACs/Klarstein/Klarstein_Metrobreeze_Miami.ir,Metrobreeze_Miami,,0.0,,False,[],True
63eea2fb7cff222e,ACs/Klarstein/Klarstein_Skyscraper.ir,Skyscraper,,0.0,,False,[],True
12866548cb74b12a,ACs/Koldfront/Koldfront_WAC12001.ir,WAC12001,WAC12001,0.45,inventory.model,True,"[""Koldfront_WAC12001""]",True
f7b958000d5b353a,ACs/LG/LG_AC.ir,AC,,0.0,,False,[],True
642b0519ed003ddd,ACs/LG/LG_AC_2.ir,AC_2,AC_2,0.45,inventory.model,True,"[""LG_AC_2""]",True
4bbd81f3f1d0d690,ACs/LG/LG_COV30332906_AC.ir,COV30332906_AC,COV30332906_AC,0.45,inventory.model,True,"[""LG_COV30332906_AC""]",True
57baf76600c110ef,ACs/LG/LG_LP0817WSR.ir,LP0817WSR,LP0817WSR,0.45,inventory.model,True,"[""LG_LP0817WSR""]",True
6c4272ad57813d2e,ACs/LG/LG_LP1015WNR_AC.ir,LP1015WNR_AC,LP1015WNR_AC,0.45,inventory.model,True,"[""LG_LP1015WNR_AC""]",True
96e293aa9ab0bd10,ACs/LG/LG_LP1417GSR_AC.ir,LP1417GSR_AC,LP1417GSR_AC,0.45,inventory.model,True,"[""LG_LP1417GSR_AC""]",True
d31863e4c58a1d5e,ACs/LG/LG_LP1419IVSM.ir,LP1419IVSM,LP1419IVSM,0.45,inventory.model,True,"[""LG_LP1419IVSM""]",True
c8ea3ebab3e569c7,ACs/LG/LG_R12AWN-NB11.ir,R12AWN-NB11,R12AWN-NB11,0.45,inventory.model,True,"[""LG_R12AWN-NB11""]",True
4536736038808a74,ACs/LG/LG_SX122CL.ir,SX122CL,SX122CL,0.45,inventory.model,True,"[""LG_SX122CL""]",True
c4081fc094d38b5a,ACs/Lamborghini/Unknown_Model_1.ir,Unknown_Model_1,Unknown_Model_1,0.45,inventory.model,False,[],True
47dd429e690decff,ACs/Legion/Legion_LE-F30RH-IN.ir,LE-F30RH-IN,LE-F30RH-IN,0.45,inventory.model,True,"[""Legion_LE-F30RH-IN""]",True
3d7c9083438f53aa,ACs/Lennox/Lennox_AC.ir,AC,,0.0,,False,[],True
e3dfd7840f736fd0,ACs/Lifetime Air/Lifetime_Air.ir,Lifetime_Air,,0.0,,False,[],True
e07110285382ab91,ACs/Logik/Logik_HLF-20R.ir,HLF-20R,HLF-20R,0.45,inventory.model,True,"[""Logik_HLF-20R""]",True
922013e18b7cdb0b,ACs/MayTag/MayTag_M6X06F2A.ir,M6X06F2A,M6X06F2A,0.45,inventory.model,True,"[""MayTag_M6X06F2A""]",True
629c8ef890bf9390,ACs/Midea/Midea_AC_MAW05R1WBL.ir,AC_MAW05R1WBL,AC_MAW05R1WBL,0.45,inventory.model,True,"[""Midea_AC_MAW05R1WBL""]",True
1b6cad9ea061a0f4,ACs/Midea/Midea_MP12SVKBA3RCM.ir,MP12SVKBA3RCM,MP12SVKBA3RCM,0.45,inventory.model,True,"[""Midea_MP12SVKBA3RCM""]",True
fb4920987e6e0880,ACs/Midea/Midea_WWK08CR81N.ir,WWK08CR81N,WWK08CR81N,0.45,inventory.model,True,"[""Midea_WWK08CR81N""]",True
2ba0eb55774dc004,ACs/Midea/Midea_silent_cool_26_pro.ir,silent_cool_26_pro,silent_cool_26_pro,0.45,inventory.model,True,"[""Midea_silent_cool_26_pro""]",True
dc9f8dea96812de8,ACs/Mitsubishi/Mitsubishi_MSH-30RV.ir,MSH-30RV,MSH-30RV,0.45,inventory.model,True,"[""Mitsubishi_MSH-30RV""]",True
2da19c4d9939845e,ACs/Mitsubishi/Mitsubishi_MSH_GA71VB.ir,MSH_GA71VB,MSH_GA71VB,0.45,inventory.model,True,"[""Mitsubishi_MSH_GA71VB""]",True
696a2ac15c0d8a8f,ACs/Mitsubishi/Mitsubishi_SRK20ZJ-S.ir,SRK20ZJ-S,SRK20ZJ-S,0.45,inventory.model,True,"[""Mitsubishi_SRK20ZJ-S""]",True
77510de9a09896e2,ACs/Mitsubishi/Mitsubishi_SRK35ZS-W.ir,SRK35ZS-W,SRK35ZS-W,0.45,inventory.model,True,"[""Mitsubishi_SRK35ZS-W""]",True
9e072218b52c88df,ACs/Mitsubishi/mitsubishi-MSY-GE10VA.ir,mitsubishi-MSY-GE10VA,mitsubishi-MSY-GE10VA,0.45,inventory.model,False,[],True
1817dacf4b5fd2d4,ACs/Moretti/Moretti_Air_Cooler.ir,Air_Cooler,,0.0,,False,[],True
c3f13b4820817137,ACs/OK/Ok_AC_OAC_7020.ir,Ok_AC_OAC_7020,Ok_AC_OAC_7020,0.45,inventory.model,False,[],True
aa07c2a4f6d7086d,ACs/Oreck/Oreck_AIR12GU.ir,AIR12GU,AIR12GU,0.45,inventory.model,True,"[""Oreck_AIR12GU""]",True
40e8a1194f6ed613,ACs/Osaka/Osaka_CH_09_DSBP.ir,CH_09_DSBP,CH_09_DSBP,0.45,inventory.model,True,"[""Osaka_CH_09_DSBP""]",True
bac2e8db41337334,ACs/Panasonic/Panasonic_A75C4187.ir,A75C4187,A75C4187,0.45,inventory.model,True,"[""Panasonic_A75C4187""]",True
59458929b05d3564,ACs/Panasonic/Panasonic_CS-E9HKR.ir,CS-E9HKR,CS-E9HKR,0.45,inventory.model,True,"[""Panasonic_CS-E9HKR""]",True
3efb64332132fbd4,ACs/Panasonic/Panasonic_CS-UE12RKE.ir,CS-UE12RKE,CS-UE12RKE,0.45,inventory.model,True,"[""Panasonic_CS-UE12RKE""]",True
3a2d049c75ff85fe,ACs/Panasonic/Panasonic_CWA75C4179.ir,CWA75C4179,CWA75C4179,0.45,inventory.model,True,"[""Panasonic_CWA75C4179""]",True
5d7d191432fb3f8b,ACs/Panasonic/Panasonic_Climate_A75C2600.ir,Climate_A75C2600,Climate_A75C2600,0.45,inventory.model,True,"[""Panasonic_Climate_A75C2600""]",True
25969cfbec993547,ACs/Pioneer/PioneerMiniSplit.ir,PioneerMiniSplit,,0.0,,False,[],True
0fbde2815d061628,ACs/Princess/Princess_AC.ir,AC,,0.0,,False,[],True
8927e5be295ad5c0,ACs/Remko/Remko_RKL.ir,RKL,,0.0,,False,[],True
2f48603a0b28d857,ACs/Rinnai/Rinnai_AC.ir,AC,,0.0,,False,[],True
094f31b2ce09a509,ACs/Royal_Clima/Royal_Clima_RC-TWN55HN.ir,RC-TWN55HN,RC-TWN55HN,0.45,inventory.model,True,"[""Royal_Clima_RC-TWN55HN""]",True
30a61c5e9b63dfd9,ACs/Samsung/Samsung_AC_AR12K.ir,AC_AR12K,AC_AR12K,0.45,inventory.model,True,"[""Samsung_AC_AR12K""]",True
e14e24b2b3461cc0,ACs/Samsung/Samsung_AR13TYHZCWKN.ir,AR13TYHZCWKN,AR13TYHZCWKN,0.45,inventory.model,True,"[""Samsung_AR13TYHZCWKN""]",True
3895e8eb1e3767f0,ACs/Samsung/Samsung_Wind-Free.ir,Wind-Free,,0.0,,False,[],True
6e54fc55f8eb1f20,ACs/SereneLife/SereneLife_SLPAC8.ir,SLPAC8,SLPAC8,0.45,inventory.model,True,"[""SereneLife_SLPAC8""]",True
e69dc481c65df499,ACs/Sharp/Sharp AH-A9UCD.ir,Sharp AH-A9UCD,AH-A9UCD,0.45,inventory.model,False,[],True
c0d908cc05b831b6,ACs/Sharp/Sharp_AH_X9VEW_AC.ir,AH_X9VEW_AC,AH_X9VEW_AC,0.45,inventory.model,True,"[""Sharp_AH_X9VEW_AC""]",True
af856cec05157c3b,ACs/Sharp/Sharp_CVP10MX.ir,CVP10MX,CVP10MX,0.45,inventory.model,True,"[""Sharp_CVP10MX""]",True
5161d3f88cb3a20e,ACs/Shivaki/Shivaki_SSA18002.ir,SSA18002,SSA18002,0.45,inventory.model,True,"[""Shivaki_SSA18002""]",True
110eae7ad3c2cddb,ACs/Sinclair/SINCLAIR_ASH13BIF2.ir,ASH13BIF2,ASH13BIF2,0.45,inventory.model,True,"[""SINCLAIR_ASH13BIF2""]",True
289fe845768ace37,ACs/SoleusAir/SoleusAir.ir,SoleusAir,,0.0,,False,[],True
4b7b633867118f65,ACs/SoleusAir/SoleusAir_Portable.ir,Portable,,0.0,,False,[],True
b42e6d1425589dc0,ACs/Subtropic/Subtropic_in-07HN1.ir,in-07HN1,in-07HN1,0.45,inventory.model,True,"[""Subtropic_in-07HN1""]",True
bfde23c582e3ff8e,ACs/SuedwindAmbientika/Suedwind.ir,Suedwind,,0.0,,False,[],True
744e8fbe5c301115,ACs/Suntec/Suntec_Transform_AC.ir,Transform_AC,,0.0,,False,[],True
bf6a8450c7d84e39,ACs/TCL/Tcl.ir,Tcl,,0.0,,False,[],True
38032b8b6e32e5f1,ACs/Timberk/Timberk_RG05D4-BGE.ir,RG05D4-BGE,RG05D4-BGE,0.45,inventory.model,True,"[""Timberk_RG05D4-BGE""]",True
61b3fb0f1a37bb98,ACs/Tora/Tora_TS_16-Classic.ir,TS_16-Classic,TS_16-Classic,0.45,inventory.model,True,"[""Tora_TS_16-Classic""]",True
7ea9250e2d3560b2,ACs/Toshiba/Toshiba_AC.ir,AC,,0.0,,False,[],True
6fb885723f76b168,ACs/Toshiba/Toshiba_RAS13SKV2E.ir,RAS13SKV2E,RAS13SKV2E,0.45,inventory.model,True,"[""Toshiba_RAS13SKV2E""]",True
e854167c66f8c9f9,ACs/Toshiba/Toshiba_RASB10BKVG-E.ir,RASB10BKVG-E,RASB10BKVG-E,0.45,inventory.model,True,"[""Toshiba_RASB10BKVG-E""]",True
7b766da26749bacb,ACs/Toshiba/Toshiba_RG57H4.ir,RG57H4,RG57H4,0.45,inventory.model,True,"[""Toshiba_RG57H4""]",True
6a584b9bbc8c1451,ACs/Tosot/Tosot_T24H-ILF.ir,T24H-ILF,T24H-ILF,0.45,inventory.model,True,"[""Tosot_T24H-ILF""]",True
f9ca897e455d605c,ACs/Tropic/Tropic_AC.ir,AC,,0.0,,False,[],True
bf22e61fcb3b771a,ACs/Trotec/Trotec_PAC2600X.ir,PAC2600X,PAC2600X,0.45,inventory.model,True,"[""Trotec_PAC2600X""]",True
815453fc65d026b0,ACs/Vornado/Vornado.ir,Vornado,,0.0,,False,[],True
83d2b91da0402553,ACs/Whynter/Whynter_AC.ir,AC,,0.0,,False,[],True
0fc7c8d9669132ff,ACs/Windfree/Windfree_Ac_test.ir,Ac_test,,0.0,,False,[],True
770297273a869058,ACs/Windfree/Windfree_Actest2.ir,Actest2,Actest2,0.45,inventory.model,True,"[""Windfree_Actest2""]",True
251eb9f8bb6b739b,ACs/Windfree/Windfree_Remote3.ir,Remote3,Windfree_Remote3,0.72,file_name,False,[],True
f87fe1e7a4fb3cb7,ACs/Xiaomi/Xiaomi_AC.ir,AC,,0.0,,False,[],True
cd62f494c0d819f7,ACs/York/York_AC.ir,AC,,0.0,,False,[],True
2b2df2c4074c027c,ACs/York/York_full_working.ir,full_working,,0.0,,False,[],True
2e9403795f5da059,ACs/Zenith/Zenith_AC.ir,AC,,0.0,,False,[],True
150344498599abf5,ACs/Zephir/Zephir_ZPO9001H_AC.ir,ZPO9001H_AC,ZPO9001H_AC,0.45,inventory.model,True,"[""Zephir_ZPO9001H_AC""]",True
6b4515f44ffe1c54,ACs/electriQ/electriQ_P15C-V2.ir,P15C-V2,P15C-V2,0.45,inventory.model,True,"[""electriQ_P15C-V2""]",True
a25f120794eaada5,Air_Purifiers/3M/3M_Air_Purifier.ir,Air_Purifier,3M_Air_Purifier,0.72,file_name,False,[],True
e8b653d81520e793,Air_Purifiers/Blueair/Blueair_T10i_T20i.ir,T10i_T20i,T10i_T20i,0.45,inventory.model,True,"[""Blueair_T10i_T20i""]",True
e13ef2c0d86d4b0b,Air_Purifiers/Dyson/Dyson_HotCool_HP02.ir,HotCool_HP02,HotCool_HP02,0.45,inventory.model,True,"[""Dyson_HotCool_HP02""]",True
a24d1a070adc2699,Air_Purifiers/Dyson/Dyson_HotCool_HP04.ir,HotCool_HP04,HotCool_HP04,0.45,inventory.model,True,"[""Dyson_HotCool_HP04""]",True
6d7d0a82b06ca819,Air_Purifiers/Dyson/Dyson_HotCool_HP07.ir,HotCool_HP07,HotCool_HP07,0.45,inventory.model,True,"[""Dyson_HotCool_HP07""]",True
ab6fce0741e1e554,Air_Purifiers/Dyson/Dyson_PureCool_TP00.ir,PureCool_TP00,PureCool_TP00,0.45,inventory.model,True,"[""Dyson_PureCool_TP00""]",True
08374288dceb7ee2,Air_Purifiers/Dyson/Dyson_PureCool_TP4A.ir,PureCool_TP4A,PureCool_TP4A,0.45,inventory.model,True,"[""Dyson_PureCool_TP4A""]",True
168eb65d53e30257,Air_Purifiers/Dyson/Dyson_Purifier_Cool_Autoreact_TP7A.ir,Purifier_Cool_Autoreact_TP7A,Purifier_Cool_Autoreact_TP7A,0.45,inventory.model,True,"[""Dyson_Purifier_Cool_Autoreact_TP7A""]",True
58d8bb1cec57f1cb,Air_Purifiers/Dyson/Dyson_Purifier_Cool_TP10.ir,Purifier_Cool_TP10,Purifier_Cool_TP10,0.45,inventory.model,True,"[""Dyson_Purifier_Cool_TP10""]",True
0789984fb80f8904,Air_Purifiers/Dyson/Dyson_Purifier_Humidify+Cool_Autoreact_PH3A.ir,Purifier_Humidify+Cool_Autoreact_PH3A,Purifier_Humidify+Cool_Autoreact_PH3A,0.45,inventory.model,True,"[""Dyson_Purifier_Humidify+Cool_Autoreact_PH3A""]",True
523937160211e9e8,Air_Purifiers/Dyson/Dyson_PurifiyHumidify_PH04.ir,PurifiyHumidify_PH04,PurifiyHumidify_PH04,0.45,inventory.model,True,"[""Dyson_PurifiyHumidify_PH04""]",True
ce037bb9d0c94227,Air_Purifiers/IQAir/IQAir_GC_Series.ir,GC_Series,,0.0,,False,[],True
38c76bce1a17ce42,Air_Purifiers/Rabbit_Air/Rabbit_Air_Minusa2.ir,Minusa2,Minusa2,0.45,inventory.model,True,"[""Rabbit_Air_Minusa2""]",True
8dca7b53f4f00a5b,Air_Purifiers/Rohnson/Rohnson_R-9400.ir,R-9400,R-9400,0.45,inventory.model,True,"[""Rohnson_R-9400""]",True
f7272dd46e6aca91,Air_Purifiers/Shark/Shark_Air_Purifier.ir,Air_Purifier,,0.0,,False,[],True
8e5354c61e690cc3,Air_Purifiers/Trotec/Trotec_AirgoClean_350_E.ir,AirgoClean_350_E,AirgoClean_350_E,0.45,inventory.model,True,"[""Trotec_AirgoClean_350_E""]",True
317ee3894ba11c9b,Air_Purifiers/WEN/WEN_3417.ir,3417,WEN_3417,0.72,file_name,False,[],True
83e65fa35662a59e,Air_Purifiers/Winix/Winix WAC5500.ir,Winix WAC5500,WAC5500,0.45,inventory.model,False,[],True
682a3f102507f9e0,Air_Purifiers/Winix/Winix_Air_Purifiers.ir,Air_Purifiers,,0.0,,False,[],True
1300b4960729ffc1,Audio_and_Video_Receivers/ASR/ASR_EMITTER1HD.ir,EMITTER1HD,EMITTER1HD,0.45,inventory.model,True,"[""ASR_EMITTER1HD""]",True
07a4fcc1c55430fc,Audio_and_Video_Receivers/Adastra/Adastra_WA215.ir,WA215,WA215,0.45,inventory.model,True,"[""Adastra_WA215""]",True
9345ebcf6169e2af,Audio_and_Video_Receivers/Adcom/Adcom_GTP500II.ir,GTP500II,GTP500II,0.45,inventory.model,True,"[""Adcom_GTP500II""]",True
aa4a05d44f2543d0,Audio_and_Video_Receivers/Aiwa/AIWA_XR-EM300.ir,XR-EM300,XR-EM300,0.45,inventory.model,True,"[""AIWA_XR-EM300""]",True
147414d11fd36737,Audio_and_Video_Receivers/Aiwa/Aiwa_RC-T506.ir,RC-T506,RC-T506,0.45,inventory.model,True,"[""Aiwa_RC-T506""]",True
684605c968065cee,Audio_and_Video_Receivers/Auna/Auna_AV2_CD508.ir,AV2_CD508,AV2_CD508,0.45,inventory.model,True,"[""Auna_AV2_CD508""]",True
2a4e7645205d4ce9,Audio_and_Video_Receivers/CambridgeAudio/CambridgeAudio_650A.ir,650A,650A,0.45,inventory.model,True,"[""CambridgeAudio_650A""]",True
42407f4e720aa489,Audio_and_Video_Receivers/Denon/Denon_AVR-2113CI_Main.ir,AVR-2113CI_Main,AVR-2113CI_Main,0.45,inventory.model,True,"[""Denon_AVR-2113CI_Main""]",True
6456e8ca00925b2c,Audio_and_Video_Receivers/Denon/Denon_AVR-2113CI_Zone_2.ir,AVR-2113CI_Zone_2,AVR-2113CI_Zone_2,0.45,inventory.model,True,"[""Denon_AVR-2113CI_Zone_2""]",True
647776bc1bb1e7b8,Audio_and_Video_Receivers/Denon/Denon_AVR_Receiver.ir,AVR_Receiver,,0.0,,False,[],True
4e5db95205d831cf,Audio_and_Video_Receivers/Denon/Denon_DRA_365R.ir,DRA_365R,DRA_365R,0.45,inventory.model,True,"[""Denon_DRA_365R""]",True
e3296731f08973a2,Audio_and_Video_Receivers/Denon/Denon_RC1253.ir,RC1253,RC1253,0.45,inventory.model,True,"[""Denon_RC1253""]",True
aa6c1087ee3fb8ef,Audio_and_Video_Receivers/Douk_Audio/Douk_ST-01_Pro.ir,Douk_ST-01_Pro,Douk_ST-01_Pro,0.45,inventory.model,False,[],True
0a2db0f1bd1b1888,Audio_and_Video_Receivers/Edifier/Edifier_r1280t.ir,r1280t,r1280t,0.45,inventory.model,True,"[""Edifier_r1280t""]",True
d75f92a75ffe4834,Audio_and_Video_Receivers/Edifier/Edifier_r1700bt.ir,r1700bt,r1700bt,0.45,inventory.model,True,"[""Edifier_r1700bt""]",True
88d857847e4bbd34,Audio_and_Video_Receivers/Edifier/Edifier_r1855db.ir,r1855db,r1855db,0.45,inventory.model,True,"[""Edifier_r1855db""]",True
04f7349c78c9661d,Audio_and_Video_Receivers/Edifier/Edifier_r2000db.ir,r2000db,r2000db,0.45,inventory.model,True,"[""Edifier_r2000db""]",True
2f8973ad65e924f4,Audio_and_Video_Receivers/Elac/Elac_EA101EQ-G.ir,EA101EQ-G,EA101EQ-G,0.45,inventory.model,True,"[""Elac_EA101EQ-G""]",True
c62ea39599a04e1b,Audio_and_Video_Receivers/Emotiva/Emotiva_PT100_TA100.ir,PT100_TA100,PT100_TA100,0.45,inventory.model,True,"[""Emotiva_PT100_TA100""]",True
b8e2a27b65a69ba2,Audio_and_Video_Receivers/Fosi_Audio/Fosi_Audio_ZD3.ir,ZD3,ZD3,0.45,inventory.model,True,"[""Fosi_Audio_ZD3""]",True
b251f0ab8ddaf8b2,Audio_and_Video_Receivers/Fossi Audio/Fossi_Audio_ZH3.ir,Fossi_Audio_ZH3,Fossi_Audio_ZH3,0.45,inventory.model,False,[],True
3a65737073d2b57d,Audio_and_Video_Receivers/GPX/Gpx_hc221b.ir,Gpx_hc221b,Gpx_hc221b,0.45,inventory.model,False,[],True
6e27abb1039a29c4,Audio_and_Video_Receivers/Grundig/Grundig_CMS_5000.ir,CMS_5000,CMS_5000,0.45,inventory.model,True,"[""Grundig_CMS_5000""]",True
f49dc00427384344,Audio_and_Video_Receivers/Harman_Kardon/Harman Kardon_AVI200.ir,Harman Kardon_AVI200,Kardon_AVI200,0.45,inventory.model,False,[],True
ca101af00eeb92dd,Audio_and_Video_Receivers/Harman_Kardon/Harman Kardon_bds580.ir,Harman Kardon_bds580,Kardon_bds580,0.45,inventory.model,False,[],True
ca3f964ae3b2f716,Audio_and_Video_Receivers/Harman_Kardon/Harman_Kardon_AVR130.ir,AVR130,AVR130,0.45,inventory.model,True,"[""Harman_Kardon_AVR130""]",True
183cdab28c5263f7,Audio_and_Video_Receivers/Integra/DTR-7.ir,DTR-7,DTR-7,0.45,inventory.model,False,[],True
32466da93147586f,Audio_and_Video_Receivers/JVC/JVC_CA-D851TR.ir,CA-D851TR,CA-D851TR,0.45,inventory.model,True,"[""JVC_CA-D851TR""]",True
d9ac05e45119592a,Audio_and_Video_Receivers/Logitech/Logitech_Z906.ir,Z906,Z906,0.45,inventory.model,True,"[""Logitech_Z906""]",True
fb2a90322a359cad,Audio_and_Video_Receivers/MCM_Custom_Audio/MCM_Volume_Control_50-8394.ir,MCM_Volume_Control_50-8394,MCM_Volume_Control_50-8394,0.45,inventory.model,False,[],True
deae7137ac3a5074,Audio_and_Video_Receivers/Marantz/Marantz_RC042SR.ir,RC042SR,RC042SR,0.45,inventory.model,True,"[""Marantz_RC042SR""]",True
a5537616089c6db8,Audio_and_Video_Receivers/Marantz/Marantz_SR_7009_(RC026SR).ir,SR_7009_(RC026SR),,0.0,,False,[],True
4014549f870540ab,Audio_and_Video_Receivers/NAD/NAD712.ir,NAD712,NAD712,0.45,inventory.model,False,[],True
1f3dc28689c7e17c,Audio_and_Video_Receivers/NAD/NAD_Amp_1.ir,Amp_1,Amp_1,0.45,inventory.model,True,"[""NAD_Amp_1""]",True
54a24fbb932d49a5,Audio_and_Video_Receivers/NAD/NAD_DR2_D3020V1.ir,DR2_D3020V1,DR2_D3020V1,0.45,inventory.model,True,"[""NAD_DR2_D3020V1""]",True
84cc39f538b5bf2a,Audio_and_Video_Receivers/Nakamichi/NAKAMICHI_RM_4TA.ir,RM_4TA,RM_4TA,0.45,inventory.model,True,"[""NAKAMICHI_RM_4TA""]",True
1a862e6115777dd7,Audio_and_Video_Receivers/Onkyo/Onkyo.ir,Onkyo,,0.0,,False,[],True
1c1afb061600d156,Audio_and_Video_Receivers/Onkyo/Onkyo_RC627S.ir,RC627S,RC627S,0.45,inventory.model,True,"[""Onkyo_RC627S""]",True
12a2e706922d5e3f,Audio_and_Video_Receivers/Onkyo/Onkyo_RC866M_Receiver.ir,RC866M_Receiver,RC866M_Receiver,0.45,inventory.model,True,"[""Onkyo_RC866M_Receiver""]",True
391d718335ea0a01,Audio_and_Video_Receivers/Onkyo/Onkyo_RC898M.ir,RC898M,RC898M,0.45,inventory.model,True,"[""Onkyo_RC898M""]",True
10b627ff32529bc8,Audio_and_Video_Receivers/Onkyo/Onkyo_RC972R.ir,RC972R,RC972R,0.45,inventory.model,True,"[""Onkyo_RC972R""]",True
6d904be308050cd1,Audio_and_Video_Receivers/Onkyo/Onkyo_tx_nr686.ir,tx_nr686,tx_nr686,0.45,inventory.model,True,"[""Onkyo_tx_nr686""]",True
ca110df1f41ec4fd,Audio_and_Video_Receivers/Panasonic/Panasonic_N2QAYB000145.ir,N2QAYB000145,N2QAYB000145,0.45,inventory.model,True,"[""Panasonic_N2QAYB000145""]",True
f71a7816bf6cad42,Audio_and_Video_Receivers/Panasonic/Panasonic_N2QAYB000210.ir,N2QAYB000210,N2QAYB000210,0.45,inventory.model,True,"[""Panasonic_N2QAYB000210""]",True
6c3d8e2abd4800f1,Audio_and_Video_Receivers/Panasonic/Panasonic_N2QAYB001009.ir,N2QAYB001009,N2QAYB001009,0.45,inventory.model,True,"[""Panasonic_N2QAYB001009""]",True
f46c205763537ba6,Audio_and_Video_Receivers/Panasonic/Panasonic_SA_PM602.ir,SA_PM602,SA_PM602,0.45,inventory.model,True,"[""Panasonic_SA_PM602""]",True
1bdf9bd4757791a0,Audio_and_Video_Receivers/Panasonic/Panasonic_SA_PT660.ir,SA_PT660,SA_PT660,0.45,inventory.model,True,"[""Panasonic_SA_PT660""]",True
15827a9e8aa032ee,Audio_and_Video_Receivers/Panasonic/Panasonic_SC-AK15.ir,SC-AK15,SC-AK15,0.45,inventory.model,True,"[""Panasonic_SC-AK15""]",True
68051901b3f07418,Audio_and_Video_Receivers/Panasonic/Panasonic_SC-PMX92-94.ir,SC-PMX92-94,SC-PMX92-94,0.45,inventory.model,True,"[""Panasonic_SC-PMX92-94""]",True
720736595854cc1e,Audio_and_Video_Receivers/Philips/Bose_LifestyleV35.ir,Bose_LifestyleV35,Bose_LifestyleV35,0.45,inventory.model,False,[],True
157fca3e2dc99cb7,Audio_and_Video_Receivers/Philips/Philips Soundbar-HTL2060_94.ir,Philips Soundbar-HTL2060_94,Soundbar-HTL2060_94,0.45,inventory.model,False,[],True
52de78c66dee6456,Audio_and_Video_Receivers/Philips/Philips_BTD2180.ir,BTD2180,BTD2180,0.45,inventory.model,True,"[""Philips_BTD2180""]",True
a499bd5ef2aee8b5,Audio_and_Video_Receivers/Philips/Philips_CD_Player_723.ir,CD_Player_723,CD_Player_723,0.45,inventory.model,True,"[""Philips_CD_Player_723""]",True
1cabec88a102bf2c,Audio_and_Video_Receivers/Philips/Philips_FW-M55.ir,FW-M55,FW-M55,0.45,inventory.model,True,"[""Philips_FW-M55""]",True
5aea3bb70b263851,Audio_and_Video_Receivers/Philips/Philips_FW21.ir,FW21,FW21,0.45,inventory.model,True,"[""Philips_FW21""]",True
f6327315aca10148,Audio_and_Video_Receivers/Philips/Philips_FW750c.ir,FW750c,FW750c,0.45,inventory.model,True,"[""Philips_FW750c""]",True
1ae7bf41cdede21b,Audio_and_Video_Receivers/Philips/Philips_FX55_HiFi.ir,FX55_HiFi,FX55_HiFi,0.45,inventory.model,True,"[""Philips_FX55_HiFi""]",True
ff6158a19ed8c05c,Audio_and_Video_Receivers/Philips/Philips_HTS8010S.ir,HTS8010S,HTS8010S,0.45,inventory.model,True,"[""Philips_HTS8010S""]",True
74edf2c79dc08cf5,Audio_and_Video_Receivers/Philips/Philips_MZ-3.ir,MZ-3,MZ-3,0.45,inventory.model,True,"[""Philips_MZ-3""]",True
2156d340dc92820f,Audio_and_Video_Receivers/Pioneer/Pioneer SX-Q180.ir,Pioneer SX-Q180,SX-Q180,0.45,inventory.model,False,[],True
740632a5740f8144,Audio_and_Video_Receivers/Pioneer/Pioneer_AXD7741.ir,AXD7741,AXD7741,0.45,inventory.model,True,"[""Pioneer_AXD7741""]",True
60dae3baae51ab79,Audio_and_Video_Receivers/Pioneer/Pioneer_RC-974R.ir,RC-974R,RC-974R,0.45,inventory.model,True,"[""Pioneer_RC-974R""]",True
8ec82ea321424f37,Audio_and_Video_Receivers/Pioneer/Pioneer_VSX-D1-S.ir,VSX-D1-S,VSX-D1-S,0.45,inventory.model,True,"[""Pioneer_VSX-D1-S""]",True
b5f8a58e931a5f94,Audio_and_Video_Receivers/Pioneer/Pioneer_XXD3089.ir,XXD3089,XXD3089,0.45,inventory.model,True,"[""Pioneer_XXD3089""]",True
3853f80f108a527c,Audio_and_Video_Receivers/Pioneer/Pioneer_XXD3105.ir,XXD3105,XXD3105,0.45,inventory.model,True,"[""Pioneer_XXD3105""]",True
ac6625e4c3812c32,Audio_and_Video_Receivers/Portta/Portta_Toslink_Audio_Switcher.ir,Toslink_Audio_Switcher,,0.0,,False,[],True
3992e34ca4ad2895,Audio_and_Video_Receivers/Pyle/Pyle_P2203ABTU.ir,P2203ABTU,P2203ABTU,0.45,inventory.model,True,"[""Pyle_P2203ABTU""]",True
9bd74dba833d5e46,Audio_and_Video_Receivers/Rega/Rega_IO.ir,IO,,0.0,,False,[],True
72803534adc00bab,Audio_and_Video_Receivers/Revo/Revo_Superconnect_BZAWDFB0315H2.ir,Superconnect_BZAWDFB0315H2,Superconnect_BZAWDFB0315H2,0.45,inventory.model,True,"[""Revo_Superconnect_BZAWDFB0315H2""]",True
bc6ef8a0d5b54f60,Audio_and_Video_Receivers/Rio/Rio_Sonic_Blue_059PXC.ir,Sonic_Blue_059PXC,Sonic_Blue_059PXC,0.45,inventory.model,True,"[""Rio_Sonic_Blue_059PXC""]",True
c60947cba1f7f052,Audio_and_Video_Receivers/SMSL/SMSL_RC-8A.ir,RC-8A,RC-8A,0.45,inventory.model,True,"[""SMSL_RC-8A""]",True
aeb0b2affc9dc1f5,Audio_and_Video_Receivers/SMSL/SMSL_RC-8C.ir,RC-8C,RC-8C,0.45,inventory.model,True,"[""SMSL_RC-8C""]",True
36a59d423c7b85ed,Audio_and_Video_Receivers/SiriusXM/SiriusXM_Onyx_EZR.ir,Onyx_EZR,,0.0,,False,[],True
909a6563f9c4ac32,Audio_and_Video_Receivers/Sony/Sony_Amp.ir,Amp,,0.0,,False,[],True
551b712c33903aa4,Audio_and_Video_Receivers/Sony/Sony_CMT-EH10.ir,CMT-EH10,CMT-EH10,0.45,inventory.model,True,"[""Sony_CMT-EH10""]",True
40d749c2d1406e98,Audio_and_Video_Receivers/Sony/Sony_I-WXH-80.ir,I-WXH-80,I-WXH-80,0.45,inventory.model,True,"[""Sony_I-WXH-80""]",True
9199f987d0b2b6fc,Audio_and_Video_Receivers/Sony/Sony_MHC-EC69.ir,MHC-EC69,MHC-EC69,0.45,inventory.model,True,"[""Sony_MHC-EC69""]",True
576ef685368d1fbf,Audio_and_Video_Receivers/Sony/Sony_MHC-GS300AV.ir,MHC-GS300AV,MHC-GS300AV,0.45,inventory.model,True,"[""Sony_MHC-GS300AV""]",True
248cac2ec735d758,Audio_and_Video_Receivers/Sony/Sony_MHC_GSX75.ir,MHC_GSX75,MHC_GSX75,0.45,inventory.model,True,"[""Sony_MHC_GSX75""]",True
646ca717bdc997d8,Audio_and_Video_Receivers/Sony/Sony_RM-AAP103.ir,RM-AAP103,RM-AAP103,0.45,inventory.model,True,"[""Sony_RM-AAP103""]",True
9e9a25fa90095e2f,Audio_and_Video_Receivers/Sony/Sony_RM-AAU130_AV.ir,RM-AAU130_AV,RM-AAU130_AV,0.45,inventory.model,True,"[""Sony_RM-AAU130_AV""]",True
ba2177afbe1c479c,Audio_and_Video_Receivers/Sony/Sony_RM-SC30.ir,RM-SC30,RM-SC30,0.45,inventory.model,True,"[""Sony_RM-SC30""]",True
a0e5d01e249cac10,Audio_and_Video_Receivers/Sony/Sony_RM-SCU37.ir,RM-SCU37,RM-SCU37,0.45,inventory.model,True,"[""Sony_RM-SCU37""]",True
262c4ee67890d3cb,Audio_and_Video_Receivers/Sony/Sony_RMT-AA320U_AV.ir,RMT-AA320U_AV,RMT-AA320U_AV,0.45,inventory.model,True,"[""Sony_RMT-AA320U_AV""]",True
958138e4b62f9e9a,Audio_and_Video_Receivers/Sony/Sony_RMT-AA400U.ir,RMT-AA400U,RMT-AA400U,0.45,inventory.model,True,"[""Sony_RMT-AA400U""]",True
04c05ecf7d8ca3c6,Audio_and_Video_Receivers/Sony/Sony_RM_AMU009_Sony_Audio_System_CMT.ir,RM_AMU009_Sony_Audio_System_CMT,RM_AMU009_Sony_Audio_System_CMT,0.45,inventory.model,True,"[""Sony_RM_AMU009_Sony_Audio_System_CMT""]",True
62bcd8811a6b42c6,Audio_and_Video_Receivers/Sony/Sony_STR-DH550.ir,STR-DH550,STR-DH550,0.45,inventory.model,True,"[""Sony_STR-DH550""]",True
1f6e1a38d9d3bd1f,Audio_and_Video_Receivers/Sony/Sony_STR-DH590.ir,STR-DH590,STR-DH590,0.45,inventory.model,True,"[""Sony_STR-DH590""]",True
78672823ca5dbda4,Audio_and_Video_Receivers/Sony/Sony_TA-F261R.ir,TA-F261R,TA-F261R,0.45,inventory.model,True,"[""Sony_TA-F261R""]",True
1c80de4a98a546fa,Audio_and_Video_Receivers/Technics/Technics_EUR646496.ir,EUR646496,EUR646496,0.45,inventory.model,True,"[""Technics_EUR646496""]",True
18e673c856e565cc,Audio_and_Video_Receivers/Terratec/terratec_m3po.ir,terratec_m3po,terratec_m3po,0.45,inventory.model,False,[],True
a5d6df62750da77d,Audio_and_Video_Receivers/X4TECH/X4_TECH_TU-1200.ir,X4_TECH_TU-1200,X4_TECH_TU-1200,0.45,inventory.model,False,[],True
12f17f25254713b5,Audio_and_Video_Receivers/Yamaha/YAMAHA_AX-380.ir,AX-380,AX-380,0.45,inventory.model,True,"[""YAMAHA_AX-380""]",True
adbdf5a6fcba7858,Audio_and_Video_Receivers/Yamaha/Yamaha_A-S201.ir,A-S201,A-S201,0.45,inventory.model,True,"[""Yamaha_A-S201""]",True
a5b7b3cc1dcf5c25,Audio_and_Video_Receivers/Yamaha/Yamaha_AX-396.ir,AX-396,AX-396,0.45,inventory.model,True,"[""Yamaha_AX-396""]",True
1a53d3bfceb16a6f,Audio_and_Video_Receivers/Yamaha/Yamaha_HTR3063.ir,HTR3063,HTR3063,0.45,inventory.model,True,"[""Yamaha_HTR3063""]",True
623ec561d516122f,Audio_and_Video_Receivers/Yamaha/Yamaha_RAS5.ir,RAS5,RAS5,0.45,inventory.model,True,"[""Yamaha_RAS5""]",True
b4ea1bf8b216c308,Audio_and_Video_Receivers/Yamaha/Yamaha_RAV203_V473170_US.ir,RAV203_V473170_US,RAV203_V473170_US,0.45,inventory.model,True,"[""Yamaha_RAV203_V473170_US""]",True
c2291ca349fa5d4a,Audio_and_Video_Receivers/Yamaha/Yamaha_RX-V795RDS.ir,RX-V795RDS,RX-V795RDS,0.45,inventory.model,True,"[""Yamaha_RX-V795RDS""]",True
244086bcaf6372f9,Audio_and_Video_Receivers/Yamaha/Yamaha_RXA770.ir,RXA770,RXA770,0.45,inventory.model,True,"[""Yamaha_RXA770""]",True
cb7385785305b04d,Audio_and_Video_Receivers/Yamaha/Yamaha_RXA860.ir,RXA860,RXA860,0.45,inventory.model,True,"[""Yamaha_RXA860""]",True
2dc4673981c4411b,Audio_and_Video_Receivers/Yamaha/Yamaha_WS19340.ir,WS19340,WS19340,0.45,inventory.model,True,"[""Yamaha_WS19340""]",True
85039aa7a8324857,Audio_and_Video_Receivers/Yamaha/Yamaha_ZP45780.ir,ZP45780,ZP45780,0.45,inventory.model,True,"[""Yamaha_ZP45780""]",True
737e07d2cc3cf7c9,Bidet/BioBidet/BioBidet_BB-2000.ir,BB-2000,BB-2000,0.45,inventory.model,True,"[""BioBidet_BB-2000""]",True
352fa083fd4f1fe7,Bidet/BioBidet/Toto.ir,Toto,,0.0,,False,[],True
2a2b266325b3eb27,Bidet/BioBidet/biobidet_bb2000.ir,biobidet_bb2000,biobidet_bb2000,0.45,inventory.model,False,[],True
52d243468966dded,Bidet/Brandell/BRANDELL_DR802.ir,DR802,DR802,0.45,inventory.model,True,"[""BRANDELL_DR802""]",True
3d0abffcfffb822b,Blu-Ray/Insignia/Insignia_NSWBRDVD2.ir,NSWBRDVD2,NSWBRDVD2,0.45,inventory.model,True,"[""Insignia_NSWBRDVD2""]",True
ac81f3b083642943,Blu-Ray/JVC/JVC_XVBP1.ir,XVBP1,XVBP1,0.45,inventory.model,True,"[""JVC_XVBP1""]",True
6e3fb7c7a0fb2e52,Blu-Ray/LG/LG_AKB73495301.ir,AKB73495301,AKB73495301,0.45,inventory.model,True,"[""LG_AKB73495301""]",True
0b1b4765cdfef512,Blu-Ray/LG/LG_AKB73775801.ir,AKB73775801,AKB73775801,0.45,inventory.model,True,"[""LG_AKB73775801""]",True
1c7a344d9524f778,Blu-Ray/LG/LG_BD650L.ir,BD650L,BD650L,0.45,inventory.model,True,"[""LG_BD650L""]",True
a9a9855907f581c3,Blu-Ray/LG/LG_BD690.ir,BD690,BD690,0.45,inventory.model,True,"[""LG_BD690""]",True
1f952ad6cab8b507,Blu-Ray/LG/LG_BH9520TW.ir,BH9520TW,BH9520TW,0.45,inventory.model,True,"[""LG_BH9520TW""]",True
16b142f0b5b00517,Blu-Ray/LG/LG_BlueRay.ir,BlueRay,,0.0,,False,[],True
d4efa550cb4f15a7,Blu-Ray/LG/LG_LHB655.ir,LHB655,LHB655,0.45,inventory.model,True,"[""LG_LHB655""]",True
f7eb0fafe124b0a1,Blu-Ray/LG/LG_UBK80.ir,UBK80,UBK80,0.45,inventory.model,True,"[""LG_UBK80""]",True
25e86da83f314169,Blu-Ray/Marantz/Marantz_BD8002.ir,BD8002,BD8002,0.45,inventory.model,True,"[""Marantz_BD8002""]",True
a1bccdbe3546fbfa,Blu-Ray/Marantz/Marantz_UD7007_(RC006UD).ir,UD7007_(RC006UD),,0.0,,False,[],True
84a8338161ecc865,Blu-Ray/NAD/NAD_T557.ir,T557,T557,0.45,inventory.model,True,"[""NAD_T557""]",True
f91908762b878591,Blu-Ray/Oppo/OPPO_BDP103.ir,BDP103,BDP103,0.45,inventory.model,True,"[""OPPO_BDP103""]",True
f066e10b181a487b,Blu-Ray/Oppo/OPPO_BDP93.ir,BDP93,BDP93,0.45,inventory.model,True,"[""OPPO_BDP93""]",True
d2e0ba56e1d85452,Blu-Ray/Panasonic/Panasonic_DMPBDT167.ir,DMPBDT167,DMPBDT167,0.45,inventory.model,True,"[""Panasonic_DMPBDT167""]",True
bfba95ea0137a111,Blu-Ray/Panasonic/Panasonic_DMP_BD75.ir,DMP_BD75,DMP_BD75,0.45,inventory.model,True,"[""Panasonic_DMP_BD75""]",True
205027c25976985e,Blu-Ray/Panasonic/Panasonic_DMRBWT720.ir,DMRBWT720,DMRBWT720,0.45,inventory.model,True,"[""Panasonic_DMRBWT720""]",True
de23ced4488db575,Blu-Ray/Panasonic/Panasonic_DPUB420.ir,DPUB420,DPUB420,0.45,inventory.model,True,"[""Panasonic_DPUB420""]",True
186b97aaf99d4f18,Blu-Ray/Panasonic/Panasonic_DPUB820.ir,DPUB820,DPUB820,0.45,inventory.model,True,"[""Panasonic_DPUB820""]",True
7e7d94c0c9229aba,Blu-Ray/Panasonic/Universal_Region_Unlock/Panasonic_Region_Unlock.ir,Region_Unlock,,0.0,,False,[],True
74347df69fade5f4,Blu-Ray/Philips/Philips_BDP2501F7.ir,BDP2501F7,BDP2501F7,0.45,inventory.model,True,"[""Philips_BDP2501F7""]",True
09b2df2b9c9c1894,Blu-Ray/Philips/Philips_BDP2700.ir,BDP2700,BDP2700,0.45,inventory.model,True,"[""Philips_BDP2700""]",True
7813ed7f67216f3a,Blu-Ray/Philips/Philips_BDP7302.ir,BDP7302,BDP7302,0.45,inventory.model,True,"[""Philips_BDP7302""]",True
e082dd5e13f5acaf,Blu-Ray/Pioneer/Pioneer_BDP150.ir,BDP150,BDP150,0.45,inventory.model,True,"[""Pioneer_BDP150""]",True
1ef0e3aa1238a2a4,Blu-Ray/Pioneer/Pioneer_BDP320.ir,BDP320,BDP320,0.45,inventory.model,True,"[""Pioneer_BDP320""]",True
dbce6a1b2554aa94,Blu-Ray/Pioneer/Pioneer_BDP43FD.ir,BDP43FD,BDP43FD,0.45,inventory.model,True,"[""Pioneer_BDP43FD""]",True
ce65bca855ce670d,Blu-Ray/Samsung/Samsung_AK59_00149A.ir,AK59_00149A,AK59_00149A,0.45,inventory.model,True,"[""Samsung_AK59_00149A""]",True
0ee276d9422ac77f,Blu-Ray/Samsung/Samsung_B59-01301A.ir,B59-01301A,B59-01301A,0.45,inventory.model,True,"[""Samsung_B59-01301A""]",True
1c8ebdb6a154f7c9,Blu-Ray/Samsung/Samsung_BD-D5300.ir,BD-D5300,BD-D5300,0.45,inventory.model,True,"[""Samsung_BD-D5300""]",True
240469fd5f4d4d21,Blu-Ray/Samsung/Samsung_BDD7500.ir,BDD7500,BDD7500,0.45,inventory.model,True,"[""Samsung_BDD7500""]",True
ea293ba7a834e351,Blu-Ray/Samsung/Samsung_BDE5300.ir,BDE5300,BDE5300,0.45,inventory.model,True,"[""Samsung_BDE5300""]",True
da8c5925f62f5332,Blu-Ray/Samsung/Samsung_UBDK8500.ir,UBDK8500,UBDK8500,0.45,inventory.model,True,"[""Samsung_UBDK8500""]",True
39d872e3b5cd9dc9,Blu-Ray/Sanyo/Sanyo_Bluray_NC088.ir,Bluray_NC088,Bluray_NC088,0.45,inventory.model,True,"[""Sanyo_Bluray_NC088""]",True
539255d0cf0a5709,Blu-Ray/Sharp/Sharp_BDHP20.ir,BDHP20,BDHP20,0.45,inventory.model,True,"[""Sharp_BDHP20""]",True
f366b8a37adee480,Blu-Ray/Sharp/Sharp_BDHP70U.ir,BDHP70U,BDHP70U,0.45,inventory.model,True,"[""Sharp_BDHP70U""]",True
3920b0e7bb91aecc,Blu-Ray/Soniq/Soniq_B100.ir,B100,B100,0.45,inventory.model,True,"[""Soniq_B100""]",True
d6f4e939fb0e7e72,Blu-Ray/Sony/RMT_VB201U.ir,RMT_VB201U,RMT_VB201U,0.45,inventory.model,False,[],True
98a606b89092ec2a,Blu-Ray/Sony/Sony_BDP-N460_Blu-Ray.ir,BDP-N460_Blu-Ray,BDP-N460_Blu-Ray,0.45,inventory.model,True,"[""Sony_BDP-N460_Blu-Ray""]",True
31d0e40a83c9b447,Blu-Ray/Sony/Sony_BDP-S370.ir,BDP-S370,BDP-S370,0.45,inventory.model,True,"[""Sony_BDP-S370""]",True
3a70f3179228a5ce,Blu-Ray/Sony/Sony_BDP-S5200.ir,BDP-S5200,BDP-S5200,0.45,inventory.model,True,"[""Sony_BDP-S5200""]",True
d2617f5efce916f1,Blu-Ray/Sony/Sony_BDPBX120.ir,BDPBX120,BDPBX120,0.45,inventory.model,True,"[""Sony_BDPBX120""]",True
f9735c362c188a4b,Blu-Ray/Sony/Sony_BDPS1700.ir,BDPS1700,BDPS1700,0.45,inventory.model,True,"[""Sony_BDPS1700""]",True
ab7eebe78f676a61,Blu-Ray/Sony/Sony_BDPS360.ir,BDPS360,BDPS360,0.45,inventory.model,True,"[""Sony_BDPS360""]",True
ff68932faa7d0eb4,Blu-Ray/Sony/Sony_BDPS770.ir,BDPS770,BDPS770,0.45,inventory.model,True,"[""Sony_BDPS770""]",True
7735d268ececace4,Blu-Ray/Sony/Sony_BD_RMT_B110A.ir,BD_RMT_B110A,BD_RMT_B110A,0.45,inventory.model,True,"[""Sony_BD_RMT_B110A""]",True
eb266120339bf6c6,Blu-Ray/Sony/Sony_BR_RMT_B120P.ir,BR_RMT_B120P,BR_RMT_B120P,0.45,inventory.model,True,"[""Sony_BR_RMT_B120P""]",True
14f5a015df668ef4,Blu-Ray/Sony/Sony_RMT_VB100I.ir,RMT_VB100I,RMT_VB100I,0.45,inventory.model,True,"[""Sony_RMT_VB100I""]",True
4dd28ae16064f04d,Blu-Ray/Sony/Sony_RMT_VB100U.ir,RMT_VB100U,RMT_VB100U,0.45,inventory.model,True,"[""Sony_RMT_VB100U""]",True
5b9cd6aab8235722,Blu-Ray/Sony/Sony_RMT_VB310E.ir,RMT_VB310E,RMT_VB310E,0.45,inventory.model,True,"[""Sony_RMT_VB310E""]",True
20ccc35b00a0ff42,Blu-Ray/Sony/Sony_UBPX700.ir,UBPX700,UBPX700,0.45,inventory.model,True,"[""Sony_UBPX700""]",True
99f0492ae6807467,Blu-Ray/Sylvania/Sylvania_SDVD1111.ir,SDVD1111,SDVD1111,0.45,inventory.model,True,"[""Sylvania_SDVD1111""]",True
d9dcf0cb3be1ecad,Blu-Ray/Toshiba/Toshiba_SE-R0398.ir,SE-R0398,SE-R0398,0.45,inventory.model,True,"[""Toshiba_SE-R0398""]",True
036f0cc25feb2fed,Blu-Ray/Vizio/Vizio_VBR220.ir,VBR220,VBR220,0.45,inventory.model,True,"[""Vizio_VBR220""]",True
82372baaa970a0d9,Blu-Ray/Vizio/Vizio_VBR333.ir,VBR333,VBR333,0.45,inventory.model,True,"[""Vizio_VBR333""]",True
e3c6e89c98028f09,Blu-Ray/Yamaha/Yamaha_BDS667.ir,BDS667,BDS667,0.45,inventory.model,True,"[""Yamaha_BDS667""]",True
52cad6cbd6c797a2,CCTV/BrandUnknown/CCTV_DVR.ir,CCTV_DVR,,0.0,,False,[],True
4f8d28ead2c29ae3,CCTV/BrandUnknown/Szxlcom_cams.ir,Szxlcom_cams,,0.0,,False,[],True
6dce7bdc3a2bc4e8,CCTV/Hikvision/HIKVISION_OEM.ir,OEM,,0.0,,False,[],True
3caf6c075d4846ac,CCTV/Hikvision/Hikvision.ir,Hikvision,,0.0,,False,[],True
60ab804202b01645,CCTV/MarshallElectronics/Marshall_CV610.ir,Marshall_CV610,Marshall_CV610,0.45,inventory.model,False,[],True
f0b6d3daccda0caa,CCTV/Northern/Northern_NTH-LED24R.ir,NTH-LED24R,NTH-LED24R,0.45,inventory.model,True,"[""Northern_NTH-LED24R""]",True
248eee17a174bfe0,CD_Players/AEG/AEG.ir,AEG,,0.0,,False,[],True
526438a2ba3a7cb3,CD_Players/Aiwa/AIWA_NSXR71.ir,NSXR71,NSXR71,0.45,inventory.model,True,"[""AIWA_NSXR71""]",True
9b00ceb92fd61f2e,CD_Players/Denon/Denon_RC_1199.ir,RC_1199,RC_1199,0.45,inventory.model,True,"[""Denon_RC_1199""]",True
55784956b3988c87,CD_Players/Fisher/Fisher_SLIM-1500.ir,SLIM-1500,SLIM-1500,0.45,inventory.model,True,"[""Fisher_SLIM-1500""]",True
d670ed1bc3b1b22a,CD_Players/GPX/GPX_HC221B.ir,HC221B,HC221B,0.45,inventory.model,True,"[""GPX_HC221B""]",True
67ac51ee9980ccdb,CD_Players/GPX/GPX_cd_radio.ir,cd_radio,,0.0,,False,[],True
b45948e91177ca5c,CD_Players/LG/LG.ir,LG,,0.0,,False,[],True
28e8bd8a9cc173b1,CD_Players/Marantz/Marantz_CD5003.ir,CD5003,CD5003,0.45,inventory.model,True,"[""Marantz_CD5003""]",True
9e023aea68448907,CD_Players/Marantz/Marantz_RC2100DR/Marantz_RC2100DR_CD.ir,RC2100DR_CD,RC2100DR_CD,0.45,inventory.model,True,"[""Marantz_RC2100DR"",""Marantz_RC2100DR_CD""]",True
dabb490067859972,CD_Players/Marantz/Marantz_RC2100DR/Marantz_RC2100DR_CDR.ir,RC2100DR_CDR,RC2100DR_CDR,0.45,inventory.model,True,"[""Marantz_RC2100DR"",""Marantz_RC2100DR_CDR""]",True
d20abc9829acdefd,CD_Players/Onkyo/Onkyo_DX-7333.ir,DX-7333,DX-7333,0.45,inventory.model,True,"[""Onkyo_DX-7333""]",True
28a567c110e8cb28,CD_Players/Panasonic/Panasonic_RXDS750.ir,RXDS750,RXDS750,0.45,inventory.model,True,"[""Panasonic_RXDS750""]",True
f100f3c9708fc270,CD_Players/Panasonic/Panasonic_SAPM03.ir,SAPM03,SAPM03,0.45,inventory.model,True,"[""Panasonic_SAPM03""]",True
9ddc15856634d94d,CD_Players/Panasonic/Panasonic_SC-HC58.ir,SC-HC58,SC-HC58,0.45,inventory.model,True,"[""Panasonic_SC-HC58""]",True
5c018b51b21ab9c9,CD_Players/Panasonic/Panasonic_SC-PM254.ir,SC-PM254,SC-PM254,0.45,inventory.model,True,"[""Panasonic_SC-PM254""]",True
92d215350fcb69ec,CD_Players/Philips/Philips_CD_720.ir,CD_720,CD_720,0.45,inventory.model,True,"[""Philips_CD_720""]",True
2ba5c3988cdc2aef,CD_Players/Philips/Philips_CD_Player_723.ir,CD_Player_723,CD_Player_723,0.45,inventory.model,True,"[""Philips_CD_Player_723""]",True
db914cf231d84d24,CD_Players/Philips/Philips_mcm2000.ir,mcm2000,mcm2000,0.45,inventory.model,True,"[""Philips_mcm2000""]",True
12c2fc98a62c9d24,CD_Players/Pioneer/Pioneer CU_SX109.ir,Pioneer CU_SX109,CU_SX109,0.45,inventory.model,False,[],True
8b052535a00447ed,CD_Players/Pioneer/Pioneer_CU_P0045.ir,CU_P0045,CU_P0045,0.45,inventory.model,True,"[""Pioneer_CU_P0045""]",True
18bce600966aa0bc,CD_Players/Roberts/ROBERTS_MP23.ir,MP23,MP23,0.45,inventory.model,True,"[""ROBERTS_MP23""]",True
156f7d1ca56d569d,CD_Players/Rockola/Rockola_juke.ir,juke,,0.0,,False,[],True
38b534534d948a4a,CD_Players/Sony/SONY_minidisk-deck.ir,minidisk-deck,,0.0,,False,[],True
6f713ff42628b472,CD_Players/Sony/Sony_CFD-S35CP.ir,CFD-S35CP,CFD-S35CP,0.45,inventory.model,True,"[""Sony_CFD-S35CP""]",True
633f6ee5dadff6c6,CD_Players/Sony/Sony_CMT-SBT20B.ir,CMT-SBT20B,CMT-SBT20B,0.45,inventory.model,True,"[""Sony_CMT-SBT20B""]",True
119b095893eb8cfc,CD_Players/Sony/Sony_ICFCDK50.ir,ICFCDK50,ICFCDK50,0.45,inventory.model,True,"[""Sony_ICFCDK50""]",True
9a4ce43fb8e51e22,CD_Players/Sony/Sony_RM-R52_RCD-W500C/Sony_RM-R52_RCD-W500C_Deck-A.ir,RM-R52_RCD-W500C_Deck-A,RM-R52_RCD-W500C_Deck-A,0.45,inventory.model,True,"[""Sony_RM-R52_RCD-W500C"",""Sony_RM-R52_RCD-W500C_Deck-A""]",True
87970d8b222d4f23,CD_Players/Sony/Sony_RM-R52_RCD-W500C/Sony_RM-R52_RCD-W500C_Deck-B.ir,RM-R52_RCD-W500C_Deck-B,RM-R52_RCD-W500C_Deck-B,0.45,inventory.model,True,"[""Sony_RM-R52_RCD-W500C"",""Sony_RM-R52_RCD-W500C_Deck-B""]",True
e2361761c1ea862a,CD_Players/TEAC/TEAC_RC-505_Remote_Control_Unit.ir,RC-505_Remote_Control_Unit,RC-505_Remote_Control_Unit,0.45,inventory.model,True,"[""TEAC_RC-505_Remote_Control_Unit""]",True
edb9dc5287223281,CD_Players/Technics/Technics_ST-HD60.ir,ST-HD60,ST-HD60,0.45,inventory.model,True,"[""Technics_ST-HD60""]",True
a5a399bc55906ee9,CD_Players/Unknown/Unkown_KC-806.ir,Unkown_KC-806,Unkown_KC-806,0.45,inventory.model,False,[],True
85138cfd5828b17d,CD_Players/Winnes/Winnes_KC809.ir,KC809,KC809,0.45,inventory.model,True,"[""Winnes_KC809""]",True
d0b0ea4f93834d4b,CD_Players/Yamaha/YAMAHA_CDC600.ir,CDC600,CDC600,0.45,inventory.model,True,"[""YAMAHA_CDC600""]",True
b212010cada3d9f7,Cable_Boxes/ARRIS/ARRIS_VIP_2952_V2.ir,VIP_2952_V2,VIP_2952_V2,0.45,inventory.model,True,"[""ARRIS_VIP_2952_V2""]",True
c65e162b8b901cd2,Cable_Boxes/ARRIS/ARRIS_VIP_4302.ir,VIP_4302,VIP_4302,0.45,inventory.model,True,"[""ARRIS_VIP_4302""]",True
7b7dd19a6dd7bc18,Cable_Boxes/ARRIS/Arris.ir,Arris,,0.0,,False,[],True
0fd03314e6f22faf,Cable_Boxes/Amino/Amino_Amigo.ir,Amigo,,0.0,,False,[],True
02d21285bb47726a,Cable_Boxes/Arcadyan/Arcadyan_HMB2260.ir,HMB2260,HMB2260,0.45,inventory.model,True,"[""Arcadyan_HMB2260""]",True
8389b1917ea5ebc9,Cable_Boxes/Atlas/Atlas_URC1056.ir,URC1056,URC1056,0.45,inventory.model,True,"[""Atlas_URC1056""]",True
02ac51a69378ff0e,Cable_Boxes/BOUYGUES/Bbox_4K.ir,Bbox_4K,Bbox_4K,0.45,inventory.model,False,[],True
95a2deb0cdd8757f,Cable_Boxes/Bell/Bell_Sat_CAN.ir,Sat_CAN,,0.0,,False,[],True
d158425a9bf66898,Cable_Boxes/Cahors/Cahors_TVS_7900HD_TNT_Sat.ir,TVS_7900HD_TNT_Sat,TVS_7900HD_TNT_Sat,0.45,inventory.model,True,"[""Cahors_TVS_7900HD_TNT_Sat""]",True
7eb1db1689c95b8b,Cable_Boxes/Claro/Claro_Fujian_Newland_TV_Box.ir,Fujian_Newland_TV_Box,,0.0,,False,[],True
0d2cdb76a17e01e8,Cable_Boxes/Cogeco/Cogeco_Cable_Box_CAN.ir,Cable_Box_CAN,,0.0,,False,[],True
0ff49c607ff2f693,Cable_Boxes/Comcast/Xfinity_XiOneSC-b.ir,Xfinity_XiOneSC-b,,0.0,,False,[],True
db2d51002ca97b02,Cable_Boxes/Cox/Cox_Cisco_DTA250HD.ir,Cisco_DTA250HD,Cisco_DTA250HD,0.45,inventory.model,True,"[""Cox_Cisco_DTA250HD""]",True
d9cc53cdafb37101,Cable_Boxes/DIRECTV/DIRECTV.ir,DIRECTV,,0.0,,False,[],True
18473a55ad301fb9,Cable_Boxes/DIRECTV/Direct_TV_RC65.ir,Direct_TV_RC65,Direct_TV_RC65,0.45,inventory.model,False,[],True
85bff78f603cb058,Cable_Boxes/DSTV/DSTV_EXPLORER.ir,EXPLORER,,0.0,,False,[],True
5f6209960896605c,Cable_Boxes/EVO/EVO4.ir,EVO4,EVO4,0.45,inventory.model,False,[],True
05aea332ab523384,Cable_Boxes/Elisa_Viihde/Elisa_viihde.ir,Elisa_viihde,,0.0,,False,[],True
2d232746ceb9540c,Cable_Boxes/Eurolan/Eurolan_TH100.ir,TH100,TH100,0.45,inventory.model,True,"[""Eurolan_TH100""]",True
9118ff79bfd812d8,Cable_Boxes/Evolution/Evolution_DTA-Cable_DM8-1002-CA.ir,DTA-Cable_DM8-1002-CA,DTA-Cable_DM8-1002-CA,0.45,inventory.model,True,"[""Evolution_DTA-Cable_DM8-1002-CA""]",True
9ea704fbfc7c739b,Cable_Boxes/FOXTEL/Foxtel_IQ2-IQ3.ir,Foxtel_IQ2-IQ3,Foxtel_IQ2-IQ3,0.45,inventory.model,False,[],True
81d1595037c2106f,Cable_Boxes/Get/Get_Mini.ir,Mini,,0.0,,False,[],True
0c20c521708c65a5,Cable_Boxes/Huawei/Huawei_dn300_mgts(mts).ir,dn300_mgts(mts),,0.0,,False,[],True
d18b6affc0bd5c9f,Cable_Boxes/Humax/Humax_generic_cable_box.ir,generic_cable_box,,0.0,,False,[],True
512f2008ce062c2f,Cable_Boxes/Lenson/Lenson_LD2500.ir,LD2500,LD2500,0.45,inventory.model,True,"[""Lenson_LD2500""]",True
2156e5c2c3bebd2f,Cable_Boxes/Mag/Mag_TVbox_Remote.ir,TVbox_Remote,,0.0,,False,[],True
583ac417409ab3c5,Cable_Boxes/Meo/Meo_Cable_Box.ir,Cable_Box,,0.0,,False,[],True
d697f037ea6e9029,Cable_Boxes/Micca/Micca_SpeckG2.ir,SpeckG2,SpeckG2,0.45,inventory.model,True,"[""Micca_SpeckG2""]",True
f686ea1c70456258,Cable_Boxes/Mirage/DR5-PVR.ir,DR5-PVR,DR5-PVR,0.45,inventory.model,False,[],True
66bfe224e470c995,Cable_Boxes/Netgem/Netgem_7700_Cable_Box.ir,7700_Cable_Box,7700_Cable_Box,0.45,inventory.model,True,"[""Netgem_7700_Cable_Box""]",True
428750792f603f72,Cable_Boxes/Octagon/Octagon_generic_cable_box.ir,generic_cable_box,,0.0,,False,[],True
6e7543c962f515dd,Cable_Boxes/Orange/Orange_Cable_Box.ir,Cable_Box,,0.0,,False,[],True
5037b50498ca60af,Cable_Boxes/Quasar/Quasar_41101445.ir,41101445,Quasar_41101445,0.72,file_name,False,[],True
0f97bd0de54fcc83,Cable_Boxes/Rostelecom/Rostelecom_Wink_STB.ir,Wink_STB,,0.0,,False,[],True
684cb57d30eb9f99,Cable_Boxes/SkyQ/SkyQ.ir,SkyQ,,0.0,,False,[],True
40bc679d34ca45ba,Cable_Boxes/SkyQ/SkyQ_SamsungTV.ir,SamsungTV,,0.0,,False,[],True
79bac3d710be1c94,Cable_Boxes/Starcom/Starcom_9947_HD.ir,9947_HD,9947_HD,0.45,inventory.model,True,"[""Starcom_9947_HD""]",True
d9eda4243b9c60f2,Cable_Boxes/TechniSat/TechniSat_SAT1.ir,SAT1,SAT1,0.45,inventory.model,True,"[""TechniSat_SAT1""]",True
b511be404f7bfbb7,Cable_Boxes/TechniSat/TechniSat_TechniStar_S2.ir,TechniStar_S2,TechniStar_S2,0.45,inventory.model,True,"[""TechniSat_TechniStar_S2""]",True
19064c495507cfc7,Cable_Boxes/Telenet/telenet.ir,telenet,,0.0,,False,[],True
9abc65239b740df0,Cable_Boxes/Telus/Telus_OptikTV.ir,OptikTV,,0.0,,False,[],True
3fa49e13cbc4a307,Cable_Boxes/Thomson/Thomson_THT501.ir,THT501,THT501,0.45,inventory.model,True,"[""Thomson_THT501""]",True
8b4f8a1b7dabef64,Cable_Boxes/Xfinity/Xfinity_RNG_DCX.ir,RNG_DCX,,0.0,,False,[],True
96a71a762e58032c,Cable_Boxes/Xfinity/Xfinity_XR11.ir,XR11,XR11,0.45,inventory.model,True,"[""Xfinity_XR11""]",True
26d5e743d08d39c5,Cable_Boxes/Xfinity/Xfinity_XR15-2.ir,XR15-2,XR15-2,0.45,inventory.model,True,"[""Xfinity_XR15-2""]",True
a5ff282ff2980730,Cable_Boxes/Xfinity/Xfinity_XR15-3.ir,XR15-3,XR15-3,0.45,inventory.model,True,"[""Xfinity_XR15-3""]",True
a752988554a66051,Cable_Boxes/Xfinity/Xfinity_XR15.ir,XR15,XR15,0.45,inventory.model,True,"[""Xfinity_XR15""]",True
43832d38ae6e7a23,Cable_Boxes/Xfinity/Xfinity_XR15_V2-UQ.ir,XR15_V2-UQ,XR15_V2-UQ,0.45,inventory.model,True,"[""Xfinity_XR15_V2-UQ""]",True
8ef7ebfba2467c3f,Cable_Boxes/Xfinity/Xfinity_XR2.ir,XR2,XR2,0.45,inventory.model,True,"[""Xfinity_XR2""]",True
4ed77e3a8e9ca2f1,Cameras/Aigo/Aigo_config01.ir,config01,config01,0.45,inventory.model,True,"[""Aigo_config01""]",True
792f71267c5b6166,Cameras/Canon/Canon_Camera_JJC RM-E6A.ir,Camera_JJC RM-E6A,RM-E6A,0.45,inventory.model,False,[],True
2f591df431448edb,Cameras/Canon/Canon_RC-6_Trigger.ir,RC-6_Trigger,RC-6_Trigger,0.45,inventory.model,True,"[""Canon_RC-6_Trigger""]",True
003a5937082adf1d,Cameras/Canon/Canon_config01.ir,config01,config01,0.45,inventory.model,True,"[""Canon_config01""]",True
31bcc5aae1406346,Cameras/Canon/Canon_config02.ir,config02,config02,0.45,inventory.model,True,"[""Canon_config02""]",True
6c75b4e863286755,Cameras/Canon/Canon_config03.ir,config03,config03,0.45,inventory.model,True,"[""Canon_config03""]",True
aeb12a41366c39dc,Cameras/Eakins/Eakins_48MP.ir,48MP,48MP,0.45,inventory.model,True,"[""Eakins_48MP""]",True
118cd54bfd7db8b4,Cameras/Fujifilm/Fujifilm_config01.ir,config01,config01,0.45,inventory.model,True,"[""Fujifilm_config01""]",True
6eb1a4917b628dfc,Cameras/Fujifilm/Fujifilm_config02.ir,config02,config02,0.45,inventory.model,True,"[""Fujifilm_config02""]",True
be68be7e34b510b0,Cameras/Haier/Haier_config01.ir,config01,config01,0.45,inventory.model,True,"[""Haier_config01""]",True
5c7f5dd027c9c819,Cameras/Hayear/HY-5200 Microscope Camera.ir,HY-5200 Microscope Camera,HY-5200,0.45,inventory.model,False,[],True
a6f37af1ebba6220,Cameras/Kodak/Kodak_EasyShare_Max_Z990.ir,EasyShare_Max_Z990,EasyShare_Max_Z990,0.45,inventory.model,True,"[""Kodak_EasyShare_Max_Z990""]",True
e67a8461ca1f942f,Cameras/Kodak/Kodak_config01.ir,config01,config01,0.45,inventory.model,True,"[""Kodak_config01""]",True
e4640391a845ac23,Cameras/Lifesize/Lifesize_Icon_vid_cnf.ir,Icon_vid_cnf,,0.0,,False,[],True
7463924cbb5c479e,Cameras/Logitech/Logitech_BCC950.ir,BCC950,BCC950,0.45,inventory.model,True,"[""Logitech_BCC950""]",True
fbf6f382c708b581,Cameras/Logitech/Logitech_ConferenceCam_Connect.ir,ConferenceCam_Connect,,0.0,,False,[],True
d16d008e558e041d,Cameras/Nikon/Nikon.ir,Nikon,,0.0,,False,[],True
57a1f7a65b896a15,Cameras/Nikon/Nikon_config01.ir,config01,config01,0.45,inventory.model,True,"[""Nikon_config01""]",True
28f53d113b72b7a0,Cameras/Nikon/Nikon_config02.ir,config02,config02,0.45,inventory.model,True,"[""Nikon_config02""]",True
8635f251cc126e9c,Cameras/Olympus/Olympus_config01.ir,config01,config01,0.45,inventory.model,True,"[""Olympus_config01""]",True
0bb03a4e4cc25505,Cameras/Ordro/Ordro_config01.ir,config01,config01,0.45,inventory.model,True,"[""Ordro_config01""]",True
3cec4d07b8b9f1ff,Cameras/PTZOptics/PTZOptics_NDI_HX/PTZOptics_NDI_HX_CAM1.ir,NDI_HX_CAM1,NDI_HX_CAM1,0.45,inventory.model,True,"[""PTZOptics_NDI_HX_CAM1""]",True
675a632078c80302,Cameras/PTZOptics/PTZOptics_NDI_HX/PTZOptics_NDI_HX_CAM2.ir,NDI_HX_CAM2,NDI_HX_CAM2,0.45,inventory.model,True,"[""PTZOptics_NDI_HX_CAM2""]",True
9faec77701054918,Cameras/PTZOptics/PTZOptics_NDI_HX/PTZOptics_NDI_HX_CAM3.ir,NDI_HX_CAM3,NDI_HX_CAM3,0.45,inventory.model,True,"[""PTZOptics_NDI_HX_CAM3""]",True
49bd274e37870c69,Cameras/PTZOptics/PTZOptics_NDI_HX/PTZOptics_NDI_HX_CAM4.ir,NDI_HX_CAM4,NDI_HX_CAM4,0.45,inventory.model,True,"[""PTZOptics_NDI_HX_CAM4""]",True
7a1a5f3bdf477794,Cameras/Panasonic/Panasonic_N2QAEC000017_MiniDV_remote.ir,N2QAEC000017_MiniDV_remote,N2QAEC000017_MiniDV_remote,0.45,inventory.model,True,"[""Panasonic_N2QAEC000017_MiniDV_remote""]",True
d913e01f2a2987a9,Cameras/Panasonic/Panasonic_config01.ir,config01,config01,0.45,inventory.model,True,"[""Panasonic_config01""]",True
5789c814638ff993,Cameras/Pentax/Pentax_config01.ir,config01,config01,0.45,inventory.model,True,"[""Pentax_config01""]",True
289cdb051d0e4b6b,Cameras/Pentax/Pentax_config02.ir,config02,config02,0.45,inventory.model,True,"[""Pentax_config02""]",True
d53ff876a6fd8a54,Cameras/Sanyo/Sanyo_config01.ir,config01,config01,0.45,inventory.model,True,"[""Sanyo_config01""]",True
edf54044eeca9418,Cameras/Sony/Sony.ir,Sony,,0.0,,False,[],True
0b61987ccb67e1c3,Cameras/Sony/Sony_RMT_814_Handycam.ir,RMT_814_Handycam,RMT_814_Handycam,0.45,inventory.model,True,"[""Sony_RMT_814_Handycam""]",True
ae6f94b8bd0a9a44,Cameras/Sony/Sony_RMT_831.ir,RMT_831,RMT_831,0.45,inventory.model,True,"[""Sony_RMT_831""]",True
d86432891253ab23,Cameras/Sony/Sony_config01.ir,config01,config01,0.45,inventory.model,True,"[""Sony_config01""]",True
6b3bd75213d9f367,Cameras/Sony/Sony_config02.ir,config02,config02,0.45,inventory.model,True,"[""Sony_config02""]",True
dcb1bf10328d8335,Cameras/Yealink/Yealink_UVC86.ir,UVC86,UVC86,0.45,inventory.model,True,"[""Yealink_UVC86""]",True
346b1b02798f9009,Car_Multimedia/CD_Players/JVC/JVC_RM-RK50.ir,JVC_RM-RK50,JVC_RM-RK50,0.45,inventory.model,False,[],True
0984346bac3c06c2,Car_Multimedia/CD_Players/Kenwood/Kenwood_DMX4704s.ir,Kenwood_DMX4704s,Kenwood_DMX4704s,0.45,inventory.model,False,[],True
8704e604e3790495,Car_Multimedia/CD_Players/Kenwood/Kenwood_RC-406.ir,Kenwood_RC-406,Kenwood_RC-406,0.45,inventory.model,False,[],True
ca5467e7e3b47c8a,Car_Multimedia/CD_Players/Pioneer/Pioneer_CXC2665.ir,Pioneer_CXC2665,Pioneer_CXC2665,0.45,inventory.model,False,[],True
b0cc492f3f7e184a,Car_Multimedia/CD_Players/Pioneer/Pioneer_CXC5719.ir,Pioneer_CXC5719,Pioneer_CXC5719,0.45,inventory.model,False,[],True
bd8da67344596d51,Car_Multimedia/CD_Players/Pioneer/Pioneer_DEH_80PRS.ir,Pioneer_DEH_80PRS,Pioneer_DEH_80PRS,0.45,inventory.model,False,[],True
9374dfc46bfe651d,Car_Multimedia/DVD_Players/Aston_Martin/Left_Display.ir,Left_Display,,0.0,,False,[],True
ac734f9d9c5ebae7,Car_Multimedia/DVD_Players/Aston_Martin/Right_Display.ir,Right_Display,,0.0,,False,[],True
e6d2eda840ca49e6,Car_Multimedia/DVD_Players/Lexus/Lexus_GX470_DVD_2008.ir,Lexus_GX470_DVD_2008,Lexus_GX470_DVD_2008,0.45,inventory.model,False,[],True
288e3d2140a9f8dd,Car_Multimedia/DVD_Players/Lexus/Lexus_LX470_DVD_2004.ir,Lexus_LX470_DVD_2004,Lexus_LX470_DVD_2004,0.45,inventory.model,False,[],True
a6783d2e0b838b01,Car_Multimedia/DVD_Players/Lexus/Lexus_LX570_2018_Rear_Media.ir,Lexus_LX570_2018_Rear_Media,Lexus_LX570_2018_Rear_Media,0.45,inventory.model,False,[],True
58958b0821aebcbc,Car_Multimedia/DVD_Players/Stinger/Stinger_HEIGH10_UN1810_DVD_Video_System.ir,Stinger_HEIGH10_UN1810_DVD_Video_System,Stinger_HEIGH10_UN1810_DVD_Video_System,0.45,inventory.model,False,[],True
44885b0d85c18bc3,Car_Multimedia/DVD_Players/Town_Country_UConnect/VES_CH1.ir,VES_CH1,VES_CH1,0.45,inventory.model,False,[],True
12c4370fde8441aa,Car_Multimedia/DVD_Players/Town_Country_UConnect/VES_CH2.ir,VES_CH2,VES_CH2,0.45,inventory.model,False,[],True
06ce8cf8e4bf34d9,Car_Multimedia/DVD_Players/Toyota/TOYOTA_SIENNA-2011-2014.ir,TOYOTA_SIENNA-2011-2014,TOYOTA_SIENNA-2011-2014,0.45,inventory.model,False,[],True
841d64d32c119ce9,Car_Multimedia/DVD_Players/Toyota/Toyota_Sienna_2010_Rear_Seat_Entertainment.ir,Toyota_Sienna_2010_Rear_Seat_Entertainment,Toyota_Sienna_2010_Rear_Seat_Entertainment,0.45,inventory.model,False,[],True
ba480703880b3f31,Car_Multimedia/DVD_Players/Toyota/Toyota_Verso_RearEntertainmentSystem.ir,Toyota_Verso_RearEntertainmentSystem,,0.0,,False,[],True
38f1d04eb319bcd1,Car_Multimedia/DVD_Players/Volvo/2005_Volvo_XC-90_DVD_Remote_1.ir,2005_Volvo_XC-90_DVD_Remote_1,2005_Volvo_XC-90_DVD_Remote_1,0.45,inventory.model,False,[],True
317877d3f113d45c,Car_Multimedia/DVD_Players/Volvo/2005_Volvo_XC-90_DVD_Remote_2.ir,2005_Volvo_XC-90_DVD_Remote_2,2005_Volvo_XC-90_DVD_Remote_2,0.45,inventory.model,False,[],True
104263d7e0f30d91,Car_Multimedia/Nav_Unit/Toyota/TOYOTA_AVALON_XLS_2003-2004.ir,TOYOTA_AVALON_XLS_2003-2004,TOYOTA_AVALON_XLS_2003-2004,0.45,inventory.model,False,[],True
e8ddc686aebd0c8c,Clocks/Xflyee/Xflyee_Wallclock_All_Models.ir,Wallclock_All_Models,,0.0,,False,[],True
4de2d1c6b1bc1c84,Computers/Apple/Apple_Remote_Gen2.ir,Remote_Gen2,Remote_Gen2,0.45,inventory.model,True,"[""Apple_Remote_Gen2""]",True
e3e39190b6f4c47f,Consoles/Microsoft/XBOX360_Media.ir,XBOX360_Media,XBOX360_Media,0.45,inventory.model,False,[],True
d7319e1049b8792d,Consoles/Microsoft/XBox_DVD_Media_Playback_Kit.ir,XBox_DVD_Media_Playback_Kit,,0.0,,False,[],True
c842591e3a6b09d0,Consoles/Microsoft/Xb1_8BitDo_Media_remote_short.ir,Xb1_8BitDo_Media_remote_short,Xb1_8BitDo_Media_remote_short,0.45,inventory.model,False,[],True
f200c8dac84ac59e,Consoles/Microsoft/Xbox.ir,Xbox,,0.0,,False,[],True
fbb8f1d2dba994fe,Consoles/Microsoft/Xbox_One_Media_Remote.ir,Xbox_One_Media_Remote,,0.0,,False,[],True
6b33f50c6f54a77b,Consoles/Nintendo/Gameboy/Pokemon_Silver_Mystery_Gift.ir,Pokemon_Silver_Mystery_Gift,,0.0,,False,[],True
afe92726a5547b9c,Consoles/Philips/CDi_Commander.ir,CDi_Commander,,0.0,,False,[],True
6014529987d40c60,Consoles/PlayStation/PlayStation_2.ir,2,PlayStation_2,0.72,file_name,False,[],True
535569269ba87866,Converters/Benchmark/Benchmark_DAC2_HGC.ir,DAC2_HGC,DAC2_HGC,0.45,inventory.model,True,"[""Benchmark_DAC2_HGC""]",True
0fc7945f389469ed,Converters/Magnavox/Magnavox_ZV450MW8.ir,ZV450MW8,ZV450MW8,0.45,inventory.model,True,"[""Magnavox_ZV450MW8""]",True
829656f71a1a262d,Converters/OSSC/OSSC.ir,OSSC,,0.0,,False,[],True
a634ae65fadc0e10,Converters/OSSC/OSSC_Pro.ir,Pro,,0.0,,False,[],True
5fc18690f178e9fb,Converters/RME/RME_ADI-2_DAC_FS.ir,ADI-2_DAC_FS,ADI-2_DAC_FS,0.45,inventory.model,True,"[""RME_ADI-2_DAC_FS""]",True
bb884a63a3521727,Converters/Retro-Bit/Retro-Bit_Prism.ir,Prism,,0.0,,False,[],True
3c8ecc4fd30b4dc8,Converters/RetroTINK/RetroTINK_4K.ir,4K,RetroTINK_4K,0.72,file_name,False,[],True
2f7c2bd5c3840c56,Converters/RetroTINK/RetroTINK_5X_Prem.ir,5X_Prem,5X_Prem,0.45,inventory.model,True,"[""RetroTINK_5X_Prem""]",True
cddfd35f591576b3,Converters/RetroTINK/RetroTINK_5X_Std.ir,5X_Std,5X_Std,0.45,inventory.model,True,"[""RetroTINK_5X_Std""]",True
a916edd1ddabdc31,Converters/Socobeta/Socobeta_VGAtoSCART.ir,VGAtoSCART,,0.0,,False,[],True
2500487a9f7c1c48,Converters/Theta/GENVIIIS3.ir,GENVIIIS3,GENVIIIS3,0.45,inventory.model,False,[],True
d39b173a31d9a6fd,DVB-T/Bulsatcom/Bulsatcom_DVBTV.ir,DVBTV,,0.0,,False,[],True
ead5e29025f4622e,DVB-T/Cyfrowy_Polsat/Cyfrowy_polsat.ir,Cyfrowy_polsat,,0.0,,False,[],True
6aa39a0fcd45968d,DVB-T/Diprogress/Diprogress_dvb_t.ir,dvb_t,,0.0,,False,[],True
022e9b00d5c9687e,DVB-T/FranSat/Fransat_NewSat_Maestro.ir,Fransat_NewSat_Maestro,,0.0,,False,[],True
dffb9f6394320e50,DVB-T/MSI/DigiVox_MiniII.ir,DigiVox_MiniII,,0.0,,False,[],True
1c219d6a48247d0d,DVB-T/Manhattan/MANHATTAN_SX_FREESAT.ir,SX_FREESAT,,0.0,,False,[],True
7f5af013ec2a1496,DVB-T/Octagon/Octagon_SF8008.ir,SF8008,SF8008,0.45,inventory.model,True,"[""Octagon_SF8008""]",True
b202a66558e335b9,DVB-T/Storex/MediaZapperHD.ir,MediaZapperHD,,0.0,,False,[],True
5d3345ff0762c35f,DVB-T/Tesla/Tesla_TE-300.ir,TE-300,TE-300,0.45,inventory.model,True,"[""Tesla_TE-300""]",True
82ba81b7e420ec93,DVB-T/Tilview/TILVIEW_DVB-T_2.ir,DVB-T_2,DVB-T_2,0.45,inventory.model,True,"[""TILVIEW_DVB-T_2""]",True
4667c6c1d641527a,DVD_Players/Bose/Bose_3-2-1_Series_1.ir,3-2-1_Series_1,3-2-1_Series_1,0.45,inventory.model,True,"[""Bose_3-2-1_Series_1""]",True
537449c0b339e131,DVD_Players/Brandt/Brandt_DVDP-7R.ir,DVDP-7R,DVDP-7R,0.45,inventory.model,True,"[""Brandt_DVDP-7R""]",True
519ff159d8f52659,DVD_Players/GPX/GPX_D2816.ir,D2816,D2816,0.45,inventory.model,True,"[""GPX_D2816""]",True
d6b23c45e35ab8d8,DVD_Players/LG/LG_AKB35840202_DVD.ir,AKB35840202_DVD,AKB35840202_DVD,0.45,inventory.model,True,"[""LG_AKB35840202_DVD""]",True
0b451f00c3a9313d,DVD_Players/LG/LG_DKS-6100Q.ir,DKS-6100Q,DKS-6100Q,0.45,inventory.model,True,"[""LG_DKS-6100Q""]",True
4297a13b87509eba,DVD_Players/Magnavox/Magnavox_MDV3300.ir,MDV3300,MDV3300,0.45,inventory.model,True,"[""Magnavox_MDV3300""]",True
0b9bcf1d6c4261ad,DVD_Players/Magnavox/Magnavox_MVD2047.ir,MVD2047,MVD2047,0.45,inventory.model,True,"[""Magnavox_MVD2047""]",True
bf6713833764811a,DVD_Players/Magnavox/Magnavox_NB098.ir,NB098,NB098,0.45,inventory.model,True,"[""Magnavox_NB098""]",True
5dc152f7970b30ca,DVD_Players/Magnavox/Magnavox_NB179_MWD_2206.ir,NB179_MWD_2206,NB179_MWD_2206,0.45,inventory.model,True,"[""Magnavox_NB179_MWD_2206""]",True
9e59d84122b44b4c,DVD_Players/Oppo/Oppo_DV-970HD.ir,DV-970HD,DV-970HD,0.45,inventory.model,True,"[""Oppo_DV-970HD""]",True
24bb5c2c2fbf18a2,DVD_Players/Panasonic/Panasonic_DVD_TV.ir,DVD_TV,,0.0,,False,[],True
34b7e0482b86375b,DVD_Players/Panasonic/Panasonic_EUR7621070.ir,EUR7621070,EUR7621070,0.45,inventory.model,True,"[""Panasonic_EUR7621070""]",True
3b23720430b22e9e,DVD_Players/Panasonic/Universal_Region_Unlock/Panasonic_Region_Unlock.ir,Region_Unlock,,0.0,,False,[],True
04629f22195831f5,DVD_Players/Philips/Philips_DVDR3475.ir,DVDR3475,DVDR3475,0.45,inventory.model,True,"[""Philips_DVDR3475""]",True
7f29908be79425cc,DVD_Players/Philips/Philips_RC_5610.ir,RC_5610,RC_5610,0.45,inventory.model,True,"[""Philips_RC_5610""]",True
b397c17de5c7d584,DVD_Players/Pioneer/PIONEER-DVD_PLAYER-VXX2702.ir,PIONEER-DVD_PLAYER-VXX2702,PIONEER-DVD_PLAYER-VXX2702,0.45,inventory.model,False,[],True
9b186cd34988b575,DVD_Players/Pioneer/Pioneer_GGF1381.ir,GGF1381,GGF1381,0.45,inventory.model,True,"[""Pioneer_GGF1381""]",True
76636a398c526bab,DVD_Players/Pioneer/Pioneer_VXX2914.ir,VXX2914,VXX2914,0.45,inventory.model,True,"[""Pioneer_VXX2914""]",True
06d898b1cfaaa6f2,DVD_Players/Prinz/Prinz_DVD_Player_T182.ir,DVD_Player_T182,DVD_Player_T182,0.45,inventory.model,True,"[""Prinz_DVD_Player_T182""]",True
660faf2bd90ba00b,DVD_Players/S2 Digital/dvd-p2.ir,dvd-p2,dvd-p2,0.45,inventory.model,False,[],True
dac10fd482a383ba,DVD_Players/Sony/Sony_BDP-S370.ir,BDP-S370,BDP-S370,0.45,inventory.model,True,"[""Sony_BDP-S370""]",True
f2353e3bc5f91b71,DVD_Players/Sony/Sony_BDP_S5100_region_free_unlock_0533.ir,BDP_S5100_region_free_unlock_0533,BDP_S5100_region_free_unlock_0533,0.45,inventory.model,True,"[""Sony_BDP_S5100_region_free_unlock_0533""]",True
c85f01f92d7d6ef8,DVD_Players/Sony/Sony_DVD_RMT-D197A.ir,DVD_RMT-D197A,DVD_RMT-D197A,0.45,inventory.model,True,"[""Sony_DVD_RMT-D197A""]",True
40ec6cce2967aea6,DVD_Players/Sony/Sony_DVD_RMTD185A_RMTD165A.ir,DVD_RMTD185A_RMTD165A,DVD_RMTD185A_RMTD165A,0.45,inventory.model,True,"[""Sony_DVD_RMTD185A_RMTD165A""]",True
545675582036514c,DVD_Players/Sony/Sony_J-6090-203-A.ir,J-6090-203-A,J-6090-203-A,0.45,inventory.model,True,"[""Sony_J-6090-203-A""]",True
3dfdf87dd9460a1a,DVD_Players/Strato/Strato_DVD507.ir,DVD507,DVD507,0.45,inventory.model,True,"[""Strato_DVD507""]",True
454cc9bb4e71fc99,DVD_Players/Toshiba/TOSHIBA_SE_R0420.ir,SE_R0420,SE_R0420,0.45,inventory.model,True,"[""TOSHIBA_SE_R0420""]",True
afd2e1cd6af43601,DVD_Players/Toshiba/Toshiba_SE_R0108.ir,SE_R0108,SE_R0108,0.45,inventory.model,True,"[""Toshiba_SE_R0108""]",True
ab0e71370ec7314b,DVD_Players/Unknown_Brand/Dvd_tv_player.ir,Dvd_tv_player,,0.0,,False,[],True
bcf6516fb4752be9,DVD_Players/Unknown_Brand/Dvd_tv_player_2.ir,Dvd_tv_player_2,Dvd_tv_player_2,0.45,inventory.model,False,[],True
49d397cb5e0a8c67,Digital_Signs/Digi_Day/Digi_Day_3.ir,3,Digi_Day_3,0.72,file_name,False,[],True
06109ce2d28dcb97,Digital_Signs/DynaScan/Dynascan_DS2.ir,Dynascan_DS2,Dynascan_DS2,0.45,inventory.model,False,[],True
1f5fba6c44f76a4f,Digital_Signs/LG/LG_AKB74915384.ir,AKB74915384,AKB74915384,0.45,inventory.model,True,"[""LG_AKB74915384""]",True
54a5cc3a3be88e58,Digital_Signs/Panasonic/Panasonic_DPVF1615ZA.ir,DPVF1615ZA,DPVF1615ZA,0.45,inventory.model,True,"[""Panasonic_DPVF1615ZA""]",True
e70c0523e8bb0632,Digital_Signs/Philips/Philips_Signage_YKF326-019.ir,Signage_YKF326-019,Signage_YKF326-019,0.45,inventory.model,True,"[""Philips_Signage_YKF326-019""]",True
5de515a20e7b2f7c,Digital_Signs/Sharp/Sharp_signage.ir,signage,,0.0,,False,[],True
884586f3bc24b4b1,Digital_Signs/iiyama/iiyama_LExx40UHS.ir,LExx40UHS,LExx40UHS,0.45,inventory.model,True,"[""iiyama_LExx40UHS""]",True
acfc4ca101d43268,Dust_Collectors/Jet/Jet_ASF1000B.ir,ASF1000B,ASF1000B,0.45,inventory.model,True,"[""Jet_ASF1000B""]",True
a0e9a7f52b23a2b6,Fans/Acoolir/Acoolir_AC-018.ir,AC-018,AC-018,0.45,inventory.model,True,"[""Acoolir_AC-018""]",True
2446d91196f6da2f,Fans/AlohaBreeze/AlohaBreeze_84001.ir,84001,AlohaBreeze_84001,0.72,file_name,False,[],True
4ac1ccfb1326e346,Fans/Amazon/Amazon_Basics_Fan.ir,Basics_Fan,,0.0,,False,[],True
4b6dcf786e8b9b3b,Fans/Ansio/Ansio_Fan_30inch_Tower.ir,Fan_30inch_Tower,Fan_30inch_Tower,0.45,inventory.model,True,"[""Ansio_Fan_30inch_Tower""]",True
0a533bc4ce845a2a,Fans/Anslut/Anslut_Tower_Fan_95cm.ir,Tower_Fan_95cm,Tower_Fan_95cm,0.45,inventory.model,True,"[""Anslut_Tower_Fan_95cm""]",True
40c6998e9002f847,Fans/Atomberg/Atomberg_fan.ir,fan,,0.0,,False,[],True
3d340361c6b80e97,Fans/Bell+Howell/Socket_Fan_Light_8563.ir,Socket_Fan_Light_8563,Socket_Fan_Light_8563,0.45,inventory.model,False,[],True
f2ecde07b9a98f23,Fans/Better_Homes_and_Gardens/Better_Homes_and_Gardens_Fan.ir,Fan,,0.0,,False,[],True
eb040e32065e42f2,Fans/Big_Ass_Fans/Big_Ass_Fans_Haiku.ir,Haiku,,0.0,,False,[],True
df7959203609c168,Fans/Bionaire/BASF1016GRC.ir,BASF1016GRC,BASF1016GRC,0.45,inventory.model,False,[],True
cc48009ecd6265e9,Fans/Bionaire/Bionaire.ir,Bionaire,,0.0,,False,[],True
46faf9caea8a7d18,Fans/Bionaire/Bionaire_BW2100R.ir,BW2100R,BW2100R,0.45,inventory.model,True,"[""Bionaire_BW2100R""]",True
eb16556d040ac72e,Fans/Black_and_Decker/Black_and_Decker_BFSR16W.ir,BFSR16W,BFSR16W,0.45,inventory.model,True,"[""Black_and_Decker_BFSR16W""]",True
1b472c7c4c7484c7,Fans/Brandson/Brandson_Fan_304997.ir,Fan_304997,Fan_304997,0.45,inventory.model,True,"[""Brandson_Fan_304997""]",True
c1d47267edef63dc,Fans/Brandson/Brandson_fan_303352.ir,fan_303352,fan_303352,0.45,inventory.model,True,"[""Brandson_fan_303352""]",True
e66cba145bd95072,Fans/Cascade/Cascade_Tower_Fan.ir,Tower_Fan,,0.0,,False,[],True
5d0490916a14a0e1,Fans/Cecotec/CECOTEC_1010_EXTREMECONNECT.ir,1010_EXTREMECONNECT,1010_EXTREMECONNECT,0.45,inventory.model,True,"[""CECOTEC_1010_EXTREMECONNECT""]",True
e4954199a27f2083,Fans/Co_Tech/CO_TECH_towerfan.ir,towerfan,,0.0,,False,[],True
b286d1014553a98f,Fans/ComfortZone/ComfortZone_CZ106.ir,CZ106,CZ106,0.45,inventory.model,True,"[""ComfortZone_CZ106""]",True
386a1819d7f54108,Fans/Costco/OmniBreeze.ir,OmniBreeze,,0.0,,False,[],True
c105ef10fba346a5,Fans/Daewoo/Daewoo_DDV200.ir,DDV200,DDV200,0.45,inventory.model,True,"[""Daewoo_DDV200""]",True
ec2df031492fd5b8,Fans/Deka/Deka_G3_Fan.ir,G3_Fan,G3_Fan,0.45,inventory.model,True,"[""Deka_G3_Fan""]",True
af6e39b63c9584d9,Fans/Deka/Deka_MS16.ir,MS16,MS16,0.45,inventory.model,True,"[""Deka_MS16""]",True
ae51381df06b660b,Fans/Dimplex/Dimplex_Mont_Blanc_dxmbcf.ir,Mont_Blanc_dxmbcf,,0.0,,False,[],True
5a7f8baa1bdf716b,Fans/Domo/DOMO_DO8149.ir,DO8149,DO8149,0.45,inventory.model,True,"[""DOMO_DO8149""]",True
8bc68161cbccbdb6,Fans/Domo/DOMO_Fan.ir,Fan,,0.0,,False,[],True
0547655a1cc926e0,Fans/Dreo/Dreo_Cruiser Pro_T1S_Fan.ir,Cruiser Pro_T1S_Fan,Pro_T1S_Fan,0.45,inventory.model,False,[],True
7a6b59ad8602e27b,Fans/Dreo/Dreo_DR-HTF007.ir,DR-HTF007,DR-HTF007,0.45,inventory.model,True,"[""Dreo_DR-HTF007""]",True
3fdb93c4554730fb,Fans/Dreo/Dreo_Nomad_One_DOTF07.ir,Nomad_One_DOTF07,Nomad_One_DOTF07,0.45,inventory.model,True,"[""Dreo_Nomad_One_DOTF07""]",True
70b8ceb4b82fd625,Fans/Dreo/Dreo_WDR-TF007-9275A.ir,WDR-TF007-9275A,WDR-TF007-9275A,0.45,inventory.model,True,"[""Dreo_WDR-TF007-9275A""]",True
44b143fa79df7bce,Fans/Dyson/Dyson_AM04.ir,AM04,AM04,0.45,inventory.model,True,"[""Dyson_AM04""]",True
518ca895555273a1,Fans/Dyson/Dyson_AM05_Hot_Cool.ir,AM05_Hot_Cool,AM05_Hot_Cool,0.45,inventory.model,True,"[""Dyson_AM05_Hot_Cool""]",True
70e145b8e77afe4d,Fans/Dyson/Dyson_AM06_33_Fan.ir,AM06_33_Fan,AM06_33_Fan,0.45,inventory.model,True,"[""Dyson_AM06_33_Fan""]",True
e48e97199ef610d6,Fans/Dyson/Dyson_AM07.ir,AM07,AM07,0.45,inventory.model,True,"[""Dyson_AM07""]",True
a1e7a1ae277aef58,Fans/Dyson/Dyson_AM09.ir,AM09,AM09,0.45,inventory.model,True,"[""Dyson_AM09""]",True
f42576f47773824a,Fans/Dyson/Dyson_AM11.ir,AM11,AM11,0.45,inventory.model,True,"[""Dyson_AM11""]",True
b0f20c1f256922d2,Fans/Dyson/Dyson_Air_Multiplier.ir,Air_Multiplier,,0.0,,False,[],True
c9ce4d90353e9a71,Fans/Dyson/Dyson_Air_Purifier_Fan.ir,Air_Purifier_Fan,,0.0,,False,[],True
d02fe213936eab11,Fans/Dyson/Dyson_Cool_Fan.ir,Cool_Fan,,0.0,,False,[],True
0392c776152f23bf,Fans/Dyson/Dyson_Cool_Unknown_Model.ir,Cool_Unknown_Model,,0.0,,False,[],True
30d707c70c5d8e18,Fans/Dyson/Dyson_Fan_HP04.ir,Fan_HP04,Fan_HP04,0.45,inventory.model,True,"[""Dyson_Fan_HP04""]",True
acdc6098499541cf,Fans/Dyson/Dyson_HP01.ir,HP01,HP01,0.45,inventory.model,True,"[""Dyson_HP01""]",True
fe6252604f66618b,Fans/Dyson/Dyson_HP02.ir,HP02,HP02,0.45,inventory.model,True,"[""Dyson_HP02""]",True
c50933a5551896c2,Fans/Dyson/Dyson_HP09.ir,HP09,HP09,0.45,inventory.model,True,"[""Dyson_HP09""]",True
e71488fe7d3f6f5a,Fans/Dyson/Dyson_Pure_Cool_Link.ir,Pure_Cool_Link,,0.0,,False,[],True
2497ef2ae58844d6,Fans/Dyson/Dyson_Pure_Cool_Me_Fan.ir,Pure_Cool_Me_Fan,,0.0,,False,[],True
799f151b8af27c52,Fans/Dyson/Dyson_Pure_Cool_TP02.ir,Pure_Cool_TP02,Pure_Cool_TP02,0.45,inventory.model,True,"[""Dyson_Pure_Cool_TP02""]",True
22387af9ddbe031a,Fans/Dyson/Dyson_Pure_Cool_TP4A.ir,Pure_Cool_TP4A,Pure_Cool_TP4A,0.45,inventory.model,True,"[""Dyson_Pure_Cool_TP4A""]",True
2f70a2b55225ceb6,Fans/Dyson/Dyson_Pure_Cool_TP4B.ir,Pure_Cool_TP4B,Pure_Cool_TP4B,0.45,inventory.model,True,"[""Dyson_Pure_Cool_TP4B""]",True
e8fb262a33897e10,Fans/Dyson/Dyson_Pure_HotCool_HP02.ir,Pure_HotCool_HP02,Pure_HotCool_HP02,0.45,inventory.model,True,"[""Dyson_Pure_HotCool_HP02""]",True
ed4b28e328ff0f65,Fans/Dyson/Dyson_TP7A.ir,TP7A,TP7A,0.45,inventory.model,True,"[""Dyson_TP7A""]",True
c3b1ecbf62b5996c,Fans/EasyHome/EasyHome_PFR40RT.ir,PFR40RT,PFR40RT,0.45,inventory.model,True,"[""EasyHome_PFR40RT""]",True
03dec177d4572221,Fans/Elmark/Elmark_LMD-24.ir,LMD-24,LMD-24,0.45,inventory.model,True,"[""Elmark_LMD-24""]",True
4ed78f656c9a077e,Fans/Equatlon/Equatlon_Fan.ir,Fan,,0.0,,False,[],True
88a4afb2f5d9253f,Fans/Eton/Eton_NDY-DT2-Portable-Evaporative-Tower-Fan.ir,NDY-DT2-Portable-Evaporative-Tower-Fan,NDY-DT2-Portable-Evaporative-Tower-Fan,0.45,inventory.model,True,"[""Eton_NDY-DT2-Portable-Evaporative-Tower-Fan""]",True
624b9c6b4bade185,Fans/Fakir/Fakir_VC60_DC_2019.ir,VC60_DC_2019,VC60_DC_2019,0.45,inventory.model,True,"[""Fakir_VC60_DC_2019""]",True
55e60c61febe5791,Fans/Fakir/Fakir_VC60_DC_2020.ir,VC60_DC_2020,VC60_DC_2020,0.45,inventory.model,True,"[""Fakir_VC60_DC_2020""]",True
753dbcfe69fb869c,Fans/Fust/Fust_Primotecq_Tower_Fan_TF4201TR-L.ir,Primotecq_Tower_Fan_TF4201TR-L,Primotecq_Tower_Fan_TF4201TR-L,0.45,inventory.model,True,"[""Fust_Primotecq_Tower_Fan_TF4201TR-L""]",True
c61624a7575c33cd,Fans/Generic_Fan_HS95104SK.ir,Generic_Fan_HS95104SK,Generic_Fan_HS95104SK,0.45,inventory.model,False,[],True
eb588a6ed4561a17,Fans/Generic_Floor_Fan.ir,Generic_Floor_Fan,,0.0,,False,[],True
153a6afce8a338d3,Fans/Hatari/HatariL1Fan.ir,HatariL1Fan,HatariL1Fan,0.45,inventory.model,False,[],True
6cc7ff0e8b86f850,Fans/Hitachi/Hitachi_HEF_RM1_Fan.ir,HEF_RM1_Fan,HEF_RM1_Fan,0.45,inventory.model,True,"[""Hitachi_HEF_RM1_Fan""]",True
caa7cd4d50b5537c,Fans/Holmes/Holmes_Fan_HTF3610AR.ir,Fan_HTF3610AR,Fan_HTF3610AR,0.45,inventory.model,True,"[""Holmes_Fan_HTF3610AR""]",True
5348aef78b3288a1,Fans/Homezest/Homezest_LWTF-04.ir,LWTF-04,LWTF-04,0.45,inventory.model,True,"[""Homezest_LWTF-04""]",True
f8b347c1d973ae8f,Fans/Honeywell/Honeywell_Fan_C152.ir,Fan_C152,Fan_C152,0.45,inventory.model,True,"[""Honeywell_Fan_C152""]",True
f7fc9039088f2098,Fans/Honeywell/Honeywell_Fan_CL18PE.ir,Fan_CL18PE,Fan_CL18PE,0.45,inventory.model,True,"[""Honeywell_Fan_CL18PE""]",True
c024b85640ffeb1a,Fans/Honeywell/Honeywell_Fan_HY041w.ir,Fan_HY041w,Fan_HY041w,0.45,inventory.model,True,"[""Honeywell_Fan_HY041w""]",True
bb7a43c81a0c968d,Fans/Honeywell/Honeywell_Fan_HYF290B.ir,Fan_HYF290B,Fan_HYF290B,0.45,inventory.model,True,"[""Honeywell_Fan_HYF290B""]",True
367a6d4db79d87fa,Fans/Honeywell/Honeywell_Fan_HYF290E4.ir,Fan_HYF290E4,Fan_HYF290E4,0.45,inventory.model,True,"[""Honeywell_Fan_HYF290E4""]",True
b8061510b6921169,Fans/Honeywell/Honeywell_HO-5500RE.ir,HO-5500RE,HO-5500RE,0.45,inventory.model,True,"[""Honeywell_HO-5500RE""]",True
7c38bf300d641273,Fans/Honeywell/Honeywell_HO-5500RE_1.ir,HO-5500RE_1,HO-5500RE_1,0.45,inventory.model,True,"[""Honeywell_HO-5500RE_1""]",True
f991a091c45f8058,Fans/Honeywell/Honeywell_HO-5500RE_2.ir,HO-5500RE_2,HO-5500RE_2,0.45,inventory.model,True,"[""Honeywell_HO-5500RE_2""]",True
540d26e7243cb904,Fans/Igenix/Igenix_DF0035TBL.ir,DF0035TBL,DF0035TBL,0.45,inventory.model,True,"[""Igenix_DF0035TBL""]",True
2177675ab48a4616,Fans/KDK/KDK_Fan_K14X5_K14Y5.ir,Fan_K14X5_K14Y5,Fan_K14X5_K14Y5,0.45,inventory.model,True,"[""KDK_Fan_K14X5_K14Y5""]",True
a4381b12c9017d4b,Fans/KDK/KDK_Fan_KC4GR.ir,Fan_KC4GR,Fan_KC4GR,0.45,inventory.model,True,"[""KDK_Fan_KC4GR""]",True
29cb1a295f809f69,Fans/KOENIC/KOENIC_KSFW_40322_TRC.ir,KSFW_40322_TRC,KSFW_40322_TRC,0.45,inventory.model,True,"[""KOENIC_KSFW_40322_TRC""]",True
86064ef7ed07422a,Fans/KOENIC/KOENIC_KTF100.ir,KTF100,KTF100,0.45,inventory.model,True,"[""KOENIC_KTF100""]",True
2c8134f895a851b7,Fans/KOENIC/KOENIC_KTFC_602722.ir,KTFC_602722,KTFC_602722,0.45,inventory.model,True,"[""KOENIC_KTFC_602722""]",True
46d8bdf1174f31c0,Fans/Kinzo/Kinzo_LQ-AC02S_Fan.ir,LQ-AC02S_Fan,LQ-AC02S_Fan,0.45,inventory.model,True,"[""Kinzo_LQ-AC02S_Fan""]",True
a24fe00db735f850,Fans/Klarstein/Klarstein_Sommwerwind.ir,Sommwerwind,,0.0,,False,[],True
bae4ad404149ac3b,Fans/Lasko/Lasko_1885.ir,1885,Lasko_1885,0.72,file_name,False,[],True
87460c919a00dfbe,Fans/Lasko/Lasko_Fan.ir,Fan,,0.0,,False,[],True
e6b66b84671b43a8,Fans/Lasko/Lasko_Fan_2108.ir,Fan_2108,Fan_2108,0.45,inventory.model,True,"[""Lasko_Fan_2108""]",True
33989673c7bb6b92,Fans/Lasko/Lasko_Fan_2551.ir,Fan_2551,Fan_2551,0.45,inventory.model,True,"[""Lasko_Fan_2551""]",True
330f00e79a003edc,Fans/Lasko/Lasko_Fan_S18612.ir,Fan_S18612,Fan_S18612,0.45,inventory.model,True,"[""Lasko_Fan_S18612""]",True
97362bd400afc1a9,Fans/Lasko/Lasko_Fan_S18640.ir,Fan_S18640,Fan_S18640,0.45,inventory.model,True,"[""Lasko_Fan_S18640""]",True
90537b5416f1a218,Fans/Lasko/Lasko_Fan_Simple.ir,Fan_Simple,,0.0,,False,[],True
bffbf0b5bba82995,Fans/Lasko/Lasko_T48310.ir,T48310,T48310,0.45,inventory.model,True,"[""Lasko_T48310""]",True
ff86b0637183cb3f,Fans/LeaderPro/LeaderPro_DC_Motor_Floor_Fan.ir,DC_Motor_Floor_Fan,,0.0,,False,[],True
267c6e49ca74c7e4,Fans/LeaderPro/LeaderPro_Desk_Fan.ir,Desk_Fan,,0.0,,False,[],True
a04704d5cec58ea0,Fans/LeaderPro/LeaderPro_Floor-Fan.ir,Floor-Fan,,0.0,,False,[],True
a2a8f080563ab836,Fans/Lutron/Lutron_Maestro_Fan.ir,Maestro_Fan,,0.0,,False,[],True
2eecbc3c2b206469,Fans/MainStays/MainStays_Fan_FZ10-19JR.ir,Fan_FZ10-19JR,Fan_FZ10-19JR,0.45,inventory.model,True,"[""MainStays_Fan_FZ10-19JR""]",True
fd1a5543bce0190f,Fans/MaxxAir/MaxxAir_Airxcel.ir,Airxcel,,0.0,,False,[],True
f9e0d6432aff78bd,Fans/Meaco/MeacoFan_1056_P.ir,MeacoFan_1056_P,MeacoFan_1056_P,0.45,inventory.model,False,[],True
6619d0cd857431ae,Fans/Mistral/Mistral_MTFYG07R.ir,MTFYG07R,MTFYG07R,0.45,inventory.model,True,"[""Mistral_MTFYG07R""]",True
e93274e5c9562eeb,Fans/Mitsubishi/Mitsubishi_R30J-HRV.ir,R30J-HRV,R30J-HRV,0.45,inventory.model,True,"[""Mitsubishi_R30J-HRV""]",True
02af4efead5c877d,Fans/Mycarbon/Mycarbon_Fan.ir,Fan,,0.0,,False,[],True
cd517240bb1d63dd,Fans/OmniBreeze/OmniBreeze_DC2018.ir,DC2018,DC2018,0.45,inventory.model,True,"[""OmniBreeze_DC2018""]",True
06bc6d03fc165e0c,Fans/Orbrgozo/Orbegozo_SF0243.ir,Orbegozo_SF0243,Orbegozo_SF0243,0.45,inventory.model,False,[],True
6aeb5f89532febea,Fans/Ozeri/Ozeri_UltraWind_OZF1.ir,UltraWind_OZF1,UltraWind_OZF1,0.45,inventory.model,True,"[""Ozeri_UltraWind_OZF1""]",True
78828f7e7af52a74,Fans/Panasonic/Panasonic_FV-30BG1x.ir,FV-30BG1x,FV-30BG1x,0.45,inventory.model,True,"[""Panasonic_FV-30BG1x""]",True
ae012e4c3a6913e5,Fans/Pelonis/Pelonis_PFS40D6ABB_Fan.ir,PFS40D6ABB_Fan,PFS40D6ABB_Fan,0.45,inventory.model,True,"[""Pelonis_PFS40D6ABB_Fan""]",True
ac1cbaf5303f34f6,Fans/Pepeo/Pepeo_Raja_DC_122_Fan.ir,Raja_DC_122_Fan,Raja_DC_122_Fan,0.45,inventory.model,True,"[""Pepeo_Raja_DC_122_Fan""]",True
4dbdead169f2dc2c,Fans/Platinum/Platinum_Home_Fan.ir,Home_Fan,,0.0,,False,[],True
e83407a487d80912,Fans/ProBreeze/ProBreeze_PBF04.ir,PBF04,PBF04,0.45,inventory.model,True,"[""ProBreeze_PBF04""]",True
35725ac576621be3,Fans/Profi_Care/Profi_Care_PC-VL_3069.ir,PC-VL_3069,PC-VL_3069,0.45,inventory.model,True,"[""Profi_Care_PC-VL_3069""]",True
a73b2b1b908b5868,Fans/Quads/Quads_QS303_Fan.ir,QS303_Fan,QS303_Fan,0.45,inventory.model,True,"[""Quads_QS303_Fan""]",True
76e0e14d8c2f599e,Fans/Rowenta/Rowenta VU5670.ir,Rowenta VU5670,VU5670,0.45,inventory.model,False,[],True
07497f3946f10ba1,Fans/Rowenta/Rowenta_5870.ir,5870,Rowenta_5870,0.72,file_name,False,[],True
6cbcb7c27976c23d,Fans/Rowenta/Rowenta_Eole_Infinite.ir,Eole_Infinite,,0.0,,False,[],True
336e52700a454ddc,Fans/Rowenta/Rowenta_Mosquito_Silence_VU6410FD.ir,Mosquito_Silence_VU6410FD,Mosquito_Silence_VU6410FD,0.45,inventory.model,True,"[""Rowenta_Mosquito_Silence_VU6410FD""]",True
2dbf13ae97cfcfed,Fans/Rubine/Rubine_RCF-FORZA45-5BL-GM.ir,RCF-FORZA45-5BL-GM,RCF-FORZA45-5BL-GM,0.45,inventory.model,True,"[""Rubine_RCF-FORZA45-5BL-GM""]",True
8b6a753880912c90,Fans/SHE/SHE_Fan_SHE40ST1801F.ir,Fan_SHE40ST1801F,Fan_SHE40ST1801F,0.45,inventory.model,True,"[""SHE_Fan_SHE40ST1801F""]",True
be4d0bd9cfa0d106,Fans/Satellite_Electronics/Fan.ir,Fan,,0.0,,False,[],True
4dc2ab31c56a2d68,Fans/Sencor/Sencor_SFN_5040BL.ir,SFN_5040BL,SFN_5040BL,0.45,inventory.model,True,"[""Sencor_SFN_5040BL""]",True
e6a14d401152e4e8,Fans/Senko/Senko_TR828.ir,TR828,TR828,0.45,inventory.model,True,"[""Senko_TR828""]",True
aef77911f0dd5b9a,Fans/ServilleClassics/SC-UltraSlimLine-Oscillating-Tower-Fan.ir,SC-UltraSlimLine-Oscillating-Tower-Fan,,0.0,,False,[],True
058b25db5fc267b9,Fans/Seville_Classics/SC-UltraSlimLine-Oscillating-Tower-Fan-5-Buttons-EHF10119PB.ir,SC-UltraSlimLine-Oscillating-Tower-Fan-5-Buttons-EHF10119PB,,0.0,,False,[],True
505332b96b0de145,Fans/Seville_Classics/SC-UltraSlimLine-Oscillating-Tower-Fan-Touch-Controls-EHF10201T.ir,SC-UltraSlimLine-Oscillating-Tower-Fan-Touch-Controls-EHF10201T,,0.0,,False,[],True
2280796e9f481992,Fans/Seville_Classics/SC-UltraSlimLine-Oscillating-Tower-Fan.ir,SC-UltraSlimLine-Oscillating-Tower-Fan,,0.0,,False,[],True
57a6608a88f4a4f9,Fans/Shami/Shami_Fan-4333E.ir,Fan-4333E,Fan-4333E,0.45,inventory.model,True,"[""Shami_Fan-4333E""]",True
c82a9458590f4adb,Fans/Shark/Shark_FlexBreeze-FA22X.ir,FlexBreeze-FA22X,FlexBreeze-FA22X,0.45,inventory.model,True,"[""Shark_FlexBreeze-FA22X""]",True
615b628477aefd9d,Fans/Shinic/shinic_BP69D.ir,shinic_BP69D,shinic_BP69D,0.45,inventory.model,False,[],True
a03e18fa8728b53d,Fans/Siguro/Siguro_fn_v750w.ir,fn_v750w,fn_v750w,0.45,inventory.model,True,"[""Siguro_fn_v750w""]",True
0fabe1d0afedbf6b,Fans/Silver_Crest/SilverCrest_Fan.ir,SilverCrest_Fan,,0.0,,False,[],True
e8c2ead3e1018a2b,Fans/Solida/Solida_IFan14.ir,IFan14,IFan14,0.45,inventory.model,True,"[""Solida_IFan14""]",True
f6ff3cd6c6126253,Fans/Solis/Solis_Easy_Breezy.ir,Easy_Breezy,,0.0,,False,[],True
350525419144d2bd,Fans/Somela/Wind_Breeze_2_in_1.ir,Wind_Breeze_2_in_1,Wind_Breeze_2_in_1,0.45,inventory.model,False,[],True
eb60f2557a374ef6,Fans/Stadler_Form/Stadler_Form_Peter.ir,Peter,,0.0,,False,[],True
a23ebdea8fb37e53,Fans/TCP/TCP_Fan.ir,Fan,,0.0,,False,[],True
e53f6d16a24c8586,Fans/TECHNIC/TECHNIC_YH-32RA.ir,YH-32RA,YH-32RA,0.45,inventory.model,True,"[""TECHNIC_YH-32RA""]",True
de3007da4c02b56d,Fans/Taotronics/Taotronics_TF001.ir,TF001,TF001,0.45,inventory.model,True,"[""Taotronics_TF001""]",True
269084fb19ff316d,Fans/Taotronics/Taotronics_TT-TF009.ir,TT-TF009,TT-TF009,0.45,inventory.model,True,"[""Taotronics_TT-TF009""]",True
cda039bdaf08404d,Fans/Taurus/Taurus_Babel_RC.ir,Babel_RC,,0.0,,False,[],True
f82ad6d7485af86c,Fans/Tefal/Tefal_Essential_VF3910F0.ir,Essential_VF3910F0,Essential_VF3910F0,0.45,inventory.model,True,"[""Tefal_Essential_VF3910F0""]",True
af2ce58950914359,Fans/Thomson/Thomson_Fan_THEVL484K.ir,Fan_THEVL484K,Fan_THEVL484K,0.45,inventory.model,True,"[""Thomson_Fan_THEVL484K""]",True
180162accc16849b,Fans/Toshiba/Toshiba_FWSA20.ir,FWSA20,FWSA20,0.45,inventory.model,True,"[""Toshiba_FWSA20""]",True
f63606b80142af12,Fans/U-Ultty/U-Ultty_SKJ-CR021.ir,SKJ-CR021,SKJ-CR021,0.45,inventory.model,True,"[""U-Ultty_SKJ-CR021""]",True
4cf0edd4ede32eee,Fans/Ufesa/UFESA-TW1700-OSLO-WIFI.ir,UFESA-TW1700-OSLO-WIFI,UFESA-TW1700-OSLO-WIFI,0.45,inventory.model,False,[],True
94b2ef578b69c628,Fans/Utilitech/Utilitech_Fan_FZ10-19JR.ir,Fan_FZ10-19JR,Fan_FZ10-19JR,0.45,inventory.model,True,"[""Utilitech_Fan_FZ10-19JR""]",True
afea88b599411f74,Fans/Vitek/Vitek_VT1907.ir,VT1907,VT1907,0.45,inventory.model,True,"[""Vitek_VT1907""]",True
a03673379c81b914,Fans/Vitek/Vitek_VT1931.ir,VT1931,VT1931,0.45,inventory.model,True,"[""Vitek_VT1931""]",True
ee390947bc6f2f85,Fans/Vornado/Vornado.ir,Vornado,,0.0,,False,[],True
4f7ef6504a6c3cdd,Fans/Vornado/Vornado_279TR.ir,279TR,279TR,0.45,inventory.model,True,"[""Vornado_279TR""]",True
fa7881e3f2f8f808,Fans/Vornado/Vornado_6303DC.ir,6303DC,6303DC,0.45,inventory.model,True,"[""Vornado_6303DC""]",True
df938b8302cdb1cd,Fans/Vornado/Vornado_OSCR37.ir,OSCR37,OSCR37,0.45,inventory.model,True,"[""Vornado_OSCR37""]",True
2ce7db3a0f55425b,Fans/Westinghouse/Westinghouse_78095.ir,78095,Westinghouse_78095,0.72,file_name,False,[],True
88b868940376b9bc,Fans/Woozoo/WooZoo.ir,WooZoo,,0.0,,False,[],True
ecca90b97234040f,Fans/Woozoo/Woozoo_Fan.ir,Fan,,0.0,,False,[],True
0546016dd107da37,Fans/Woozoo/Woozoo_SC15T.ir,SC15T,SC15T,0.45,inventory.model,True,"[""Woozoo_SC15T""]",True
42eb9e40915ab1c4,Fans/Woozoo/Woozoo_globe_fan.ir,globe_fan,,0.0,,False,[],True
44636a55381f0cc5,Fans/Xpelair/Xpelair_XPA360CF_Fan.ir,XPA360CF_Fan,XPA360CF_Fan,0.45,inventory.model,True,"[""Xpelair_XPA360CF_Fan""]",True
30024c6f30adf9d9,Fans/iLukodu/iLukodu_TFS-20RH.ir,TFS-20RH,TFS-20RH,0.45,inventory.model,True,"[""iLukodu_TFS-20RH""]",True
30847e5dbb0e0f1a,Fans/oneConcept/oneConcept_Hightower-2G.ir,Hightower-2G,Hightower-2G,0.45,inventory.model,True,"[""oneConcept_Hightower-2G""]",True
d375c9661c9f94aa,Fireplaces/AltraFlame/ALTRAFLAME_FIREPLACE.ir,FIREPLACE,,0.0,,False,[],True
11d83d9207de845a,Fireplaces/Amerlife/Amerlife_Fireplace.ir,Fireplace,,0.0,,False,[],True
60e931ebf18a98f3,Fireplaces/Ashley_Furniture/Ashley_Furniture_W100-101.ir,W100-101,W100-101,0.45,inventory.model,True,"[""Ashley_Furniture_W100-101""]",True
9816f01b2ea3f173,Fireplaces/ClassicFlame/ClassicFlame_Spectrafire.ir,Spectrafire,,0.0,,False,[],True
2122c8aa5008075c,Fireplaces/Delmar/Delmar_Fireplace.ir,Fireplace,,0.0,,False,[],True
cc92be5465fb52ac,Fireplaces/Dimplex/DIMPLEX_OPTIMYST_GOSFORD.ir,OPTIMYST_GOSFORD,,0.0,,False,[],True
3d185726c29e0d6f,Fireplaces/Dimplex/Dimplex_Electric_Fireplace.ir,Electric_Fireplace,,0.0,,False,[],True
f5b4e246e48c6014,Fireplaces/Dimplex/Dimplex_Optiflame_Fireplace.ir,Optiflame_Fireplace,,0.0,,False,[],True
1bbbebaa22c6c3a5,Fireplaces/GoldenVantage/GoldenVantage_AF510_Fireplace.ir,AF510_Fireplace,AF510_Fireplace,0.45,inventory.model,True,"[""GoldenVantage_AF510_Fireplace""]",True
9166b99a889017aa,Fireplaces/Homday/Homday.ir,Homday,,0.0,,False,[],True
75b4e6828f6ab038,Fireplaces/LongHua/LongHua_WCF28.ir,WCF28,WCF28,0.45,inventory.model,True,"[""LongHua_WCF28""]",True
23be915476a8e791,Fireplaces/ModernEmber/ModernEmber_Fireplace.ir,Fireplace,,0.0,,False,[],True
35e559e0ec6ec16a,Fireplaces/Pleasant_Hearth/Pleasant_Hearth.ir,Pleasant_Hearth,,0.0,,False,[],True
58b9a722c590cd8e,Fireplaces/RoyalFlame/RoyalFlame_Vision_42_LED.ir,Vision_42_LED,Vision_42_LED,0.45,inventory.model,True,"[""RoyalFlame_Vision_42_LED""]",True
158c2bfe845ad612,Fireplaces/Style_Selections/Style_Selections_Electric_Fireplace-KDI-01.ir,Electric_Fireplace-KDI-01,Electric_Fireplace-KDI-01,0.45,inventory.model,True,"[""Style_Selections_Electric_Fireplace-KDI-01""]",True
dc9bb88881971161,Fireplaces/TwinStar/TwinStar_ClassicFire.ir,ClassicFire,,0.0,,False,[],True
63f354135b840837,Fireplaces/TwinStar/Twin_Star_Fireplace.ir,Twin_Star_Fireplace,,0.0,,False,[],True
3ea225a3674d083d,Fireplaces/Whalen_Furniture/HDFP86-47.ir,HDFP86-47,HDFP86-47,0.45,inventory.model,False,[],True
cf90c66799045bf0,Handicap_Ceiling_Lifts/HANDI_MOVE.ir,HANDI_MOVE,,0.0,,False,[],True
4aacc863a3990b4e,Head_Units/Dual/DUAL_SWR9.ir,SWR9,SWR9,0.45,inventory.model,True,"[""DUAL_SWR9""]",True
7e754ae1bf8f7707,Head_Units/GPX/GPX_CDRadio.ir,CDRadio,,0.0,,False,[],True
b83854a4897207a1,Head_Units/JVC/RM-RK258.ir,RM-RK258,RM-RK258,0.45,inventory.model,False,[],True
0285acfe29f0e9f7,Head_Units/Pioneer/Pioneer_QXE1044.ir,QXE1044,QXE1044,0.45,inventory.model,True,"[""Pioneer_QXE1044""]",True
656fffdd16844225,Head_Units/PowerAcoustik/PowerAcoustik_CP71W.ir,CP71W,CP71W,0.45,inventory.model,True,"[""PowerAcoustik_CP71W""]",True
8a681ee54b289422,Heaters/Arlec/Arlec_CH226.ir,CH226,CH226,0.45,inventory.model,True,"[""Arlec_CH226""]",True
d95c8300d5f0b0d7,Heaters/Blyss/BLYSS_ZE-82.ir,ZE-82,ZE-82,0.45,inventory.model,True,"[""BLYSS_ZE-82""]",True
ffdccd39ed9072b8,Heaters/ComfortZone/ComfortZone_Heater.ir,Heater,,0.0,,False,[],True
b624298bec46b7e3,Heaters/DeLonghi/Delonghi_heater.ir,Delonghi_heater,,0.0,,False,[],True
355f0556c77d6e0a,Heaters/Devola/Devola_ DVPH1200B _Patio_Heater.ir, DVPH1200B _Patio_Heater,DVPH1200B,0.45,inventory.model,False,[],True
8f997a51969e94b1,Heaters/Dr_Heater/Dr_heater_infrared.ir,Dr_heater_infrared,,0.0,,False,[],True
a0463af4fa5576a5,Heaters/Dreo/Dreo_Heater.ir,Heater,,0.0,,False,[],True
e888d915003ae7be,Heaters/Dreo/Dreo_space_heater.ir,space_heater,,0.0,,False,[],True
0f59f53146cffde8,Heaters/Duraflame/Duraflame_Heater.ir,Heater,,0.0,,False,[],True
a5d02a14097d6743,Heaters/EdenPURE/Edenpure_RPE1500_A5093.ir,Edenpure_RPE1500_A5093,Edenpure_RPE1500_A5093,0.45,inventory.model,False,[],True
8f706511898e9342,Heaters/FlameMore/FlameMore_Heater.ir,Heater,,0.0,,False,[],True
17349740400d940d,Heaters/Frico/Frico_Air_Curtain.ir,Air_Curtain,,0.0,,False,[],True
6eedff8bd6daa0c9,Heaters/Hampton Bay/Hampton_Bay_EST-540T-40R.ir,Hampton_Bay_EST-540T-40R,Hampton_Bay_EST-540T-40R,0.45,inventory.model,False,[],True
4b84ee9baa442cf0,Heaters/Holmes/Holmes_Heater.ir,Heater,,0.0,,False,[],True
90c75b6309c2cc4c,Heaters/Honeywell/Honeywell_360_Heater.ir,360_Heater,360_Heater,0.45,inventory.model,True,"[""Honeywell_360_Heater""]",True
9ba30118c028e404,Heaters/Honeywell/Honeywell_HCE323V.ir,HCE323V,HCE323V,0.45,inventory.model,True,"[""Honeywell_HCE323V""]",True
1925a24b13a8eb54,Heaters/Klarstein/Klarstein_Kamin.ir,Kamin,,0.0,,False,[],True
0c489e763f960b1b,Heaters/Konwin/Konwin_GD921BCP_4JR_Heater.ir,GD921BCP_4JR_Heater,GD921BCP_4JR_Heater,0.45,inventory.model,True,"[""Konwin_GD921BCP_4JR_Heater""]",True
d57834b6c1115d37,Heaters/KopBeauAireplus/Digital_Oil_Filled_Heater.ir,Digital_Oil_Filled_Heater,,0.0,,False,[],True
33ee6f5645578bd3,Heaters/Lasko/Lasko_5586.ir,5586,Lasko_5586,0.72,file_name,False,[],True
946a9dcd7ebbe3c2,Heaters/Lasko/Lasko_6462_Space_Heater.ir,6462_Space_Heater,6462_Space_Heater,0.45,inventory.model,True,"[""Lasko_6462_Space_Heater""]",True
da213adf0f5ef99a,Heaters/Lasko/Lasko_CC23630.ir,CC23630,CC23630,0.45,inventory.model,True,"[""Lasko_CC23630""]",True
3d032e8d310de6ae,Heaters/Lasko/Lasko_CT22445.ir,CT22445,CT22445,0.45,inventory.model,True,"[""Lasko_CT22445""]",True
9c11e7e258c35735,Heaters/Lasko/Lasko_CT22835.ir,CT22835,CT22835,0.45,inventory.model,True,"[""Lasko_CT22835""]",True
312cca6aa0bd803a,Heaters/Lasko/Lasko_Heater.ir,Heater,,0.0,,False,[],True
0dd92289d8aca649,Heaters/Lervia/Lervia_hnc_2500e.ir,hnc_2500e,hnc_2500e,0.45,inventory.model,True,"[""Lervia_hnc_2500e""]",True
798c60aad3dfcc83,Heaters/Lifesmart/Lifesmart_208220.ir,208220,Lifesmart_208220,0.72,file_name,False,[],True
af0d6a37361ef76d,Heaters/Muskoka/Muskoka_MHC35BL.ir,MHC35BL,MHC35BL,0.45,inventory.model,True,"[""Muskoka_MHC35BL""]",True
68e8b3d612d43d81,Heaters/Orbegozo/Orbegozo_RRE_1310_A.ir,RRE_1310_A,RRE_1310_A,0.45,inventory.model,True,"[""Orbegozo_RRE_1310_A""]",True
2deb9056a498f581,Heaters/Rinnai/Rinnai_SpaceHeater.ir,SpaceHeater,,0.0,,False,[],True
1faa2f3085118e42,Heaters/Rolsen/Rolsen_RTH-2778RT.ir,RTH-2778RT,RTH-2778RT,0.45,inventory.model,True,"[""Rolsen_RTH-2778RT""]",True
373897e15a8013c7,Heaters/Sencor/Sencor_SFH_9013.ir,SFH_9013,SFH_9013,0.45,inventory.model,True,"[""Sencor_SFH_9013""]",True
08f81ec965b3fd58,Heaters/SilverCrest/SilverCrest_SKD_2300_D4.ir,SKD_2300_D4,SKD_2300_D4,0.45,inventory.model,True,"[""SilverCrest_SKD_2300_D4""]",True
bcb250d113cff122,Heaters/Vornado/Vornado_Heater_AWRH.ir,Heater_AWRH,,0.0,,False,[],True
9b3090404bc5cedf,Humidifiers/Deerma/Deerma DEM-LD6.ir,Deerma DEM-LD6,DEM-LD6,0.45,inventory.model,False,[],True
0ea62f100c73cd48,Humidifiers/Dyson/Dyson_Humidifier_AM10.ir,Humidifier_AM10,Humidifier_AM10,0.45,inventory.model,True,"[""Dyson_Humidifier_AM10""]",True
6f5c594f31d2645e,Humidifiers/Dyson/Dyson_Purifier_Humidify_Cool_Formaldehyde.ir,Purifier_Humidify_Cool_Formaldehyde,,0.0,,False,[],True
535b9af5952b8b3a,Humidifiers/ElecHome/ElecHome_SH8820_Humid.ir,SH8820_Humid,SH8820_Humid,0.45,inventory.model,True,"[""ElecHome_SH8820_Humid""]",True
d15c9e35a56575a8,Humidifiers/Homedics/HoMedics TotalComfort Ultrasonic Humidifier/Homedics_humidifier.ir,humidifier,,0.0,,False,[],True
aa0f08193c7d87f1,Humidifiers/Homedics/HoMedics_TotalComfort.ir,HoMedics_TotalComfort,,0.0,,False,[],True
d554742629ff5623,Humidifiers/Homedics/Homedics_ARM-720A_Ellia_Essential_Diffuser.ir,ARM-720A_Ellia_Essential_Diffuser,ARM-720A_Ellia_Essential_Diffuser,0.45,inventory.model,True,"[""Homedics_ARM-720A_Ellia_Essential_Diffuser""]",True
551992827b16d9c1,Humidifiers/Homedics/Homedics_Humidifier.ir,Humidifier,,0.0,,False,[],True
9dba670b6d1f4b06,Humidifiers/Levoit/Levoit_Humidifier.ir,Humidifier,,0.0,,False,[],True
a3846ff780065b27,Humidifiers/Levoit/Levoit_LV6S.ir,LV6S,LV6S,0.45,inventory.model,True,"[""Levoit_LV6S""]",True
7396d6d9767bbd05,Humidifiers/Maxcan/Maxcan_mh_602brc.ir,mh_602brc,mh_602brc,0.45,inventory.model,True,"[""Maxcan_mh_602brc""]",True
0c876d550c70fc61,Humidifiers/ProBreeze/ProBreese_PB_F13B_US_Dehumid.ir,ProBreese_PB_F13B_US_Dehumid,ProBreese_PB_F13B_US_Dehumid,0.45,inventory.model,False,[],True
d62e729f71737d8b,Humidifiers/Qlima/Qlima_Humidifier.ir,Humidifier,,0.0,,False,[],True
d43f92d0c05081c3,Humidifiers/Unknown_Brand/Flame_Humidifier/Flame_humidifier.ir,Flame_humidifier,,0.0,,False,[],True
dcc700e2fe293a5d,KVM/Tripp_Lite/Tripp_Lite_B005-HUA4.ir,B005-HUA4,B005-HUA4,0.45,inventory.model,True,"[""Tripp_Lite_B005-HUA4""]",True
0ca6ea55db9b11e8,LED_Lighting/ADJ/ADJ_UC-IR.ir,UC-IR,,0.0,,False,[],True
b577a22217fb675a,LED_Lighting/AIRUEEK_Sonic_LED_Lamp/AIRUEEK_Sonic_LED_Lamp.ir,AIRUEEK_Sonic_LED_Lamp,,0.0,,False,[],True
0c4669004bb30fbe,LED_Lighting/Airivo/AIRIVO_NorthernLights.ir,NorthernLights,,0.0,,False,[],True
21e8ea2521684c6d,LED_Lighting/Amazon/Amazon_LED_Lights.ir,LED_Lights,,0.0,,False,[],True
991b620eadbe5843,LED_Lighting/American_Lighting/American_Lighting_LED.ir,LED,,0.0,,False,[],True
f5e656c884c01d9a,LED_Lighting/American_Lighting/American_Lighting_Neon_Flex_Light.ir,Neon_Flex_Light,,0.0,,False,[],True
e149ef913f9ca5ca,LED_Lighting/Antizer_Flameless_Candles/Antizer_Flameless_Candles.ir,Antizer_Flameless_Candles,,0.0,,False,[],True
50338655c24faec4,LED_Lighting/Aoguerbe/Aoguerbe_BRSW04.ir,BRSW04,BRSW04,0.45,inventory.model,True,"[""Aoguerbe_BRSW04""]",True
73513f7563f00ff7,LED_Lighting/Arlec/Arlec_LVX964.ir,LVX964,LVX964,0.45,inventory.model,True,"[""Arlec_LVX964""]",True
8ee4c4ed57274a25,LED_Lighting/Artika/Europa_21in_chrome.ir,Europa_21in_chrome,Europa_21in_chrome,0.45,inventory.model,False,[],True
44beb2398a9f503d,LED_Lighting/AuraGlow/AuraGlowLED.ir,AuraGlowLED,,0.0,,False,[],True
97da9e18ec2f2cd8,LED_Lighting/AuraLED/AuraLED_ColorStrip.ir,ColorStrip,,0.0,,False,[],True
e5d5ca82b594509e,LED_Lighting/Baltimore/Baltimore_LED_Light_Strip.ir,LED_Light_Strip,,0.0,,False,[],True
e8c1b6d4b76f3009,LED_Lighting/Bawoo/Bawoo_LED.ir,LED,,0.0,,False,[],True
f834026baf760363,LED_Lighting/BeamZ/BeamZ_ShowBar_Laser.ir,ShowBar_Laser,,0.0,,False,[],True
7c4a7322a6042185,LED_Lighting/BeamZ/BeamZ_Skynight.ir,Skynight,,0.0,,False,[],True
3122f7d271f4698c,LED_Lighting/BoomTone/DJ_LEDPAR_7x10W_5in1/DJ_LEDPAR_7x10W_5in1.ir,DJ_LEDPAR_7x10W_5in1,DJ_LEDPAR_7x10W_5in1,0.45,inventory.model,False,[],True
bfc76d65e16607bb,LED_Lighting/Bower/Bower_ring_1.ir,ring_1,ring_1,0.45,inventory.model,True,"[""Bower_ring_1""]",True
2e08ee893dd6ec42,LED_Lighting/Briloner/BRILONER_BN254818.ir,BN254818,BN254818,0.45,inventory.model,True,"[""BRILONER_BN254818""]",True
cc51847acc176418,LED_Lighting/Briloner/Briloner_14118006L.ir,14118006L,14118006L,0.45,inventory.model,True,"[""Briloner_14118006L""]",True
7d548198b7e13d2c,LED_Lighting/Briloner/Briloner_Ceiling_Light.ir,Ceiling_Light,,0.0,,False,[],True
7714bf8a1f8b08f5,LED_Lighting/Briloner/Briloner_Leuchten_14133506L.ir,Leuchten_14133506L,Leuchten_14133506L,0.45,inventory.model,True,"[""Briloner_Leuchten_14133506L""]",True
60bfff1a4b38339d,LED_Lighting/Briloner/Briloner_Leuchten_LED.ir,Leuchten_LED,,0.0,,False,[],True
ecdaeb1cc1ceee13,LED_Lighting/Briloner/Briloner_leuchten.ir,leuchten,,0.0,,False,[],True
744bfa4a6afcf15a,LED_Lighting/Briloner/LED_Ceiling_Light_Briloner_Leuchten.ir,LED_Ceiling_Light_Briloner_Leuchten,,0.0,,False,[],True
959bdf411a49d6e7,LED_Lighting/Brizled_LED_Icicle_Lights/Brizled_Christmas_Icicle_Lights.ir,Brizled_Christmas_Icicle_Lights,,0.0,,False,[],True
d419f5bcdb3f5f4f,LED_Lighting/Cadrim/Cadrim_Puck_Lights.ir,Puck_Lights,,0.0,,False,[],True
86b366b1f1800d13,LED_Lighting/Calex/Calex_LED_strip.ir,LED_strip,,0.0,,False,[],True
7b3fb429e30d441b,LED_Lighting/Cameo/CLPFLAT1REMOTE.ir,CLPFLAT1REMOTE,CLPFLAT1REMOTE,0.45,inventory.model,False,[],True
c32d57b47fb2de5c,LED_Lighting/CandleChoice_LED/CandleChoice.ir,CandleChoice,,0.0,,False,[],True
02f4af6715dd2be4,LED_Lighting/Century/Century_SRSOL509040.ir,SRSOL509040,SRSOL509040,0.45,inventory.model,True,"[""Century_SRSOL509040""]",True
8c1dcf45b51e1090,LED_Lighting/Chauvet/ChauvetDJ_IRC6.ir,ChauvetDJ_IRC6,ChauvetDJ_IRC6,0.45,inventory.model,False,[],True
549c1afcb71a2678,LED_Lighting/Combuh/COM-T070.ir,COM-T070,COM-T070,0.45,inventory.model,False,[],True
5da4ea1b555a1c05,LED_Lighting/CooPark/CooPark_LED.ir,LED,,0.0,,False,[],True
da751c81554bad0e,LED_Lighting/CountryField/CountryField_LED_Lamp.ir,LED_Lamp,,0.0,,False,[],True
38f5c98a5819c76d,LED_Lighting/Dasinko/Dasinko_LED.ir,LED,,0.0,,False,[],True
b28d40cdb924b627,LED_Lighting/Defiant/Defiant_17FL0102.ir,17FL0102,17FL0102,0.45,inventory.model,True,"[""Defiant_17FL0102""]",True
c4f7b243a84d4d09,LED_Lighting/Deluxe_Homeart/Deluxe_Homeart_FB-00001.ir,FB-00001,FB-00001,0.45,inventory.model,True,"[""Deluxe_Homeart_FB-00001""]",True
579feca4e6a4e027,LED_Lighting/Duni/DUNI_MP12ECOLOR.ir,MP12ECOLOR,MP12ECOLOR,0.45,inventory.model,True,"[""DUNI_MP12ECOLOR""]",True
e0f1c52ecb4206d7,LED_Lighting/EAMBRITE/EAMBRITE_100LT_Fairy_Lights.ir,100LT_Fairy_Lights,100LT_Fairy_Lights,0.45,inventory.model,True,"[""EAMBRITE_100LT_Fairy_Lights""]",True
f805a0384d5e6a59,LED_Lighting/ECOLITE/LED_Light_ECOLITE_HB333.ir,LED_Light_ECOLITE_HB333,LED_Light_ECOLITE_HB333,0.45,inventory.model,False,[],True
f096c37866134c47,LED_Lighting/EGLO/EGLO_light.ir,light,,0.0,,False,[],True
ba02d71e85d2b8e3,LED_Lighting/EVE/EVE_LED_SOLAR_PI1901.ir,LED_SOLAR_PI1901,LED_SOLAR_PI1901,0.45,inventory.model,True,"[""EVE_LED_SOLAR_PI1901""]",True
e6fc0674bf95b451,LED_Lighting/Emerson/Emerson_NH303UD.ir,NH303UD,NH303UD,0.45,inventory.model,True,"[""Emerson_NH303UD""]",True
d0dc3b30dd686f95,LED_Lighting/Feron/Feron_AL5000_Starlight.ir,AL5000_Starlight,AL5000_Starlight,0.45,inventory.model,True,"[""Feron_AL5000_Starlight""]",True
f7bff8dc39a6a6c5,LED_Lighting/FlarX/FlarX.ir,FlarX,,0.0,,False,[],True
588e7a8c30155b4c,LED_Lighting/Gako/RGB_CONTROLLER_5050SMD.ir,RGB_CONTROLLER_5050SMD,RGB_CONTROLLER_5050SMD,0.45,inventory.model,False,[],True
ab39bb4c4e8a1bb0,LED_Lighting/Globo/Globo_Connor_Ceiling_LED_Lamp.ir,Connor_Ceiling_LED_Lamp,,0.0,,False,[],True
bc39d832a4e29e4b,LED_Lighting/Golden_Power/Christmas_lights_Gp.ir,Christmas_lights_Gp,,0.0,,False,[],True
05c9b400e1e294f3,LED_Lighting/Golden_Power/GoldenPower_XmasLights.ir,GoldenPower_XmasLights,,0.0,,False,[],True
785ea23bca6f9012,LED_Lighting/Govee/Govee_Striplights.ir,Striplights,,0.0,,False,[],True
890e00dca1148285,LED_Lighting/Govee/Govee_TV_Backlights.ir,TV_Backlights,,0.0,,False,[],True
bb51204ddd69f493,LED_Lighting/HGomx/HGomx_Saturn_LED_Lamp.ir,Saturn_LED_Lamp,,0.0,,False,[],True
26d227272cd63262,LED_Lighting/HLKZine/Astronaut_Star_Projector.ir,Astronaut_Star_Projector,,0.0,,False,[],True
bd198abbde3a684d,LED_Lighting/HomeMost_LED/HomeMostLight.ir,HomeMostLight,,0.0,,False,[],True
9c133a9f2470ccf3,LED_Lighting/Hovvida/Hovvida_LED.ir,LED,,0.0,,False,[],True
3bd1d2947cd2061d,LED_Lighting/Hxweiye/HXWEIYE_300LED_Fairy_Curtain_Lights.ir,300LED_Fairy_Curtain_Lights,300LED_Fairy_Curtain_Lights,0.45,inventory.model,True,"[""HXWEIYE_300LED_Fairy_Curtain_Lights""]",True
c56639ed7a26c991,LED_Lighting/ION/ION_HolidayPartyPlus.ir,HolidayPartyPlus,,0.0,,False,[],True
dd89a68c1ab82659,LED_Lighting/ISY/ISY_UNKOWN.ir,UNKOWN,,0.0,,False,[],True
b0510751f02595b7,LED_Lighting/JYSK/Kristjan_LED_candle.ir,Kristjan_LED_candle,,0.0,,False,[],True
aaa424fea9fab1ed,LED_Lighting/Jialine_Candle/10-key_Candle.ir,10-key_Candle,10-key_Candle,0.45,inventory.model,False,[],True
a634fb8913859a48,LED_Lighting/KODA/KODA_LM030008-1.ir,LM030008-1,LM030008-1,0.45,inventory.model,True,"[""KODA_LM030008-1""]",True
ddca339fc06f4856,LED_Lighting/Keepsmile/Led_lights.ir,Led_lights,,0.0,,False,[],True
65222b4846589c8d,LED_Lighting/Kernowo/Kernowo_Solar_LED_Light.ir,Solar_LED_Light,,0.0,,False,[],True
43cc9a8fe13b66c5,LED_Lighting/Kikilive/Jelly_Lamp.ir,Jelly_Lamp,,0.0,,False,[],True
b7335c2d888c4260,LED_Lighting/Kiwong/333SolarLedLight.ir,333SolarLedLight,333SolarLedLight,0.45,inventory.model,False,[],True
38382a05e75fbe0c,LED_Lighting/Kohree/Kohree_LED_Lights.ir,LED_Lights,,0.0,,False,[],True
10e93a87eb13748a,LED_Lighting/KooPower/Koopower_hg4011_LED_Light_String.ir,Koopower_hg4011_LED_Light_String,Koopower_hg4011_LED_Light_String,0.45,inventory.model,False,[],True
fca2282f3fc9c3bb,LED_Lighting/L8Star/L8Star_LED_Lights.ir,LED_Lights,L8Star_LED_Lights,0.72,file_name,False,[],True
58dfb01f96f505df,LED_Lighting/Lethe/Lethe_RGB_LED.ir,RGB_LED,,0.0,,False,[],True
0f520b3012648714,LED_Lighting/Lethe/Lethe_RGB_LED_full.ir,RGB_LED_full,,0.0,,False,[],True
67f8abbfeea5ee15,LED_Lighting/LinahiLED/LINAHI_NO_80_1200CH.ir,LINAHI_NO_80_1200CH,LINAHI_NO_80_1200CH,0.45,inventory.model,False,[],True
0c50b8d74439dc74,LED_Lighting/LolaLED/LOLA_LED.ir,LOLA_LED,,0.0,,False,[],True
ca9a9a6624a801e7,LED_Lighting/Lotti_LED/Remote_XT-RC1.ir,Remote_XT-RC1,Remote_XT-RC1,0.45,inventory.model,False,[],True
afde3393ec4b856a,LED_Lighting/Lucoza/LUCOZA_Candle1.ir,Candle1,Candle1,0.45,inventory.model,True,"[""LUCOZA_Candle1""]",True
ddc8af247482ea08,LED_Lighting/Lucoza/LUCOZA_Candle2.ir,Candle2,Candle2,0.45,inventory.model,True,"[""LUCOZA_Candle2""]",True
c46e71365ba20b70,LED_Lighting/Luminara/Luminara_Candle.ir,Candle,,0.0,,False,[],True
170bbc959a4b9169,LED_Lighting/Luminarte/Luminarte.ir,Luminarte,,0.0,,False,[],True
d1ae238f1785da1f,LED_Lighting/Mirage/Mirage_Candle.ir,Candle,,0.0,,False,[],True
4d84f0d9679bfead,LED_Lighting/MonsterIlluminessence/MonsterIlluminessence_LED.ir,LED,,0.0,,False,[],True
8f6fabc8819a7f62,LED_Lighting/Monster_Basics/LED_MONSTER_BASICS.ir,LED_MONSTER_BASICS,,0.0,,False,[],True
94ce85d97ccadeb9,LED_Lighting/Monster_Basics/Monster_Color_Flow_Neon.ir,Monster_Color_Flow_Neon,,0.0,,False,[],True
6e593e8f4795f660,LED_Lighting/Monster_Basics/Monster_LED_Touch_Light.ir,Monster_LED_Touch_Light,,0.0,,False,[],True
e8683618480aff65,LED_Lighting/Moredig/MOREDIG_LED_PROTECTOR.ir,LED_PROTECTOR,,0.0,,False,[],True
9539ccf6fcdb84d6,LED_Lighting/Msmkeji/MSMKEJI_Grow_Light_100w.ir,Grow_Light_100w,Grow_Light_100w,0.45,inventory.model,True,"[""MSMKEJI_Grow_Light_100w""]",True
3341e315c62d1f1c,LED_Lighting/Neewer/Neewer_nw_22b.ir,nw_22b,nw_22b,0.45,inventory.model,True,"[""Neewer_nw_22b""]",True
37590e2c7d3259d2,LED_Lighting/Neuhaus/Neuhaus_Leuchten_Direkt.ir,Leuchten_Direkt,,0.0,,False,[],True
28a31ce084a344fa,LED_Lighting/Neuhaus/Neuhaus_Leuchten_Direkt_LOLA.ir,Leuchten_Direkt_LOLA,,0.0,,False,[],True
2c6d465e0d34061b,LED_Lighting/Neuhaus/Neuhaus_Leuchten_Direkt_sparkle_LED.ir,Leuchten_Direkt_sparkle_LED,,0.0,,False,[],True
4d777e1a6612adfc,LED_Lighting/Nexillumi/Nexillumi_LED.ir,LED,,0.0,,False,[],True
1341e11ec02ba396,LED_Lighting/Noma/NOMA_LED_STRING_LIGHTS.ir,LED_STRING_LIGHTS,,0.0,,False,[],True
99df91a557d7a14f,LED_Lighting/Northerns_Light/Northerns_Light_Chain.ir,Chain,,0.0,,False,[],True
32c4c226336d7a69,LED_Lighting/OLLNY/OLLNY_HG29V212C.ir,HG29V212C,HG29V212C,0.45,inventory.model,True,"[""OLLNY_HG29V212C""]",True
6329ad1bfb2ed5b2,LED_Lighting/OLLNY/OLLNY_LED.ir,LED,,0.0,,False,[],True
77abcff13eebb085,LED_Lighting/ONN-Lighting/ONN_LED.ir,ONN_LED,,0.0,,False,[],True
4e4e4c625daba770,LED_Lighting/OShine/Oshine_Flameles_Candles.ir,Oshine_Flameles_Candles,,0.0,,False,[],True
b8be46987573fe06,LED_Lighting/Oremi/Oremi_sunset_lamp.ir,sunset_lamp,,0.0,,False,[],True
60b11220a07a112b,LED_Lighting/Osram/Osram_24_Button_LED.ir,24_Button_LED,24_Button_LED,0.45,inventory.model,True,"[""Osram_24_Button_LED""]",True
24bf4f60cc5c4c88,LED_Lighting/Ove/Ove_Strip_Lights.ir,Strip_Lights,,0.0,,False,[],True
16572ad716ba4894,LED_Lighting/Panasonic/Panasonic_HK9494_LED.ir,HK9494_LED,HK9494_LED,0.45,inventory.model,True,"[""Panasonic_HK9494_LED""]",True
9b7c60b286243326,LED_Lighting/Panasonic/Panasonic_PBUM11070_RGB_Bulb_7w.ir,PBUM11070_RGB_Bulb_7w,PBUM11070_RGB_Bulb_7w,0.45,inventory.model,True,"[""Panasonic_PBUM11070_RGB_Bulb_7w""]",True
054db35d90230b93,LED_Lighting/Paulman/Paulman_LED.ir,LED,,0.0,,False,[],True
14da34612311352e,LED_Lighting/Piaozoo/Piaozoo_fairy_lights.ir,fairy_lights,,0.0,,False,[],True
69f07ee90da264e3,LED_Lighting/PixMob/PixMob_all_colors.ir,all_colors,,0.0,,False,[],True
a6def94f9ab16888,LED_Lighting/PixMob/PixMob_main.ir,main,,0.0,,False,[],True
b0d88d115b57596b,LED_Lighting/PixMob/PixMob_special.ir,special,,0.0,,False,[],True
85ccd92c7dc2e865,LED_Lighting/Power_Lighting/Power_Lighting_Meteor_VI.ir,Meteor_VI,,0.0,,False,[],True
62f2401ad257e94d,LED_Lighting/Prolights/Prolights_LUMIPARIRCH.ir,LUMIPARIRCH,,0.0,,False,[],True
1547a766f83886b4,LED_Lighting/Puck_Button/Sooair_Puck_LED.ir,Sooair_Puck_LED,,0.0,,False,[],True
b3d0198ab5026be9,LED_Lighting/Pumpkin_Lights/Pumpkin Lights.ir,Pumpkin Lights,,0.0,,False,[],True
37a2b4fb5d192145,LED_Lighting/QTX/Qtx_led_par.ir,Qtx_led_par,,0.0,,False,[],True
2d9ea0f9161e9542,LED_Lighting/RY_King/RY_King_Flameless_Candles.ir,Flameless_Candles,,0.0,,False,[],True
028fd26f7d2fdf6a,LED_Lighting/Rusta_Christmas_Tree_Candle/Rusta_Xmas_Candle.ir,Rusta_Xmas_Candle,,0.0,,False,[],True
429f0caa9c28a54c,LED_Lighting/Sonoff/Sonoff_LED.ir,LED,,0.0,,False,[],True
d6e0db23f0b204c0,LED_Lighting/Sunset_Lamp/Sunset_Lamp.ir,Sunset_Lamp,,0.0,,False,[],True
4e72e39d18720568,LED_Lighting/Sylvania/Sylvania_24_Button_LED.ir,24_Button_LED,24_Button_LED,0.45,inventory.model,True,"[""Sylvania_24_Button_LED""]",True
ca08bea581f815ff,LED_Lighting/Sylvania/Sylvania_LED.ir,LED,,0.0,,False,[],True
46273cfc6090556d,LED_Lighting/T-SUN/T-SUN_TiL_LED_24W.ir,TiL_LED_24W,TiL_LED_24W,0.45,inventory.model,True,"[""T-SUN_TiL_LED_24W""]",True
900c7046b69d5955,LED_Lighting/TAO/TAO_A60BHV-RGB_LightBulb.ir,A60BHV-RGB_LightBulb,A60BHV-RGB_LightBulb,0.45,inventory.model,True,"[""TAO_A60BHV-RGB_LightBulb""]",True
b33a492dcfe0f492,LED_Lighting/Tridonic/REMOTECONTROL_IR6.ir,REMOTECONTROL_IR6,REMOTECONTROL_IR6,0.45,inventory.model,False,[],True
d3dcb65f8a2b4af7,LED_Lighting/Tridonic/basicDIM_DCG_PROGRAMMER.ir,basicDIM_DCG_PROGRAMMER,,0.0,,False,[],True
5f522aa77bf8f600,LED_Lighting/Tuya/Tuya_Sunset_LED_Lamp.ir,Sunset_LED_Lamp,,0.0,,False,[],True
d5228e4808f3e3fd,LED_Lighting/Tween/Tween_Light_Oria.ir,Light_Oria,,0.0,,False,[],True
a0f4938de4d4c72e,LED_Lighting/Tween_lights/Tween_light.ir,Tween_light,,0.0,,False,[],True
6fd0ca4c03ab398e,LED_Lighting/Tween_lights/Tzumi_Auraled_Colorstrip_12ft.ir,Tzumi_Auraled_Colorstrip_12ft,Tzumi_Auraled_Colorstrip_12ft,0.45,inventory.model,False,[],True
ebed9955107af648,LED_Lighting/Tzumi/Tzumi_AuraLED.ir,AuraLED,,0.0,,False,[],True
06574f8a282b80ad,LED_Lighting/Tzumi/Tzumi_LED_Colorbar.ir,LED_Colorbar,,0.0,,False,[],True
18a4d985a540a959,LED_Lighting/UFO_Sunset_Lamp/UFO_Sunset_Lamp.ir,UFO_Sunset_Lamp,,0.0,,False,[],True
b1d80b9e25db4e85,LED_Lighting/Unknown/44_Button_Generic_LED.ir,44_Button_Generic_LED,44_Button_Generic_LED,0.45,inventory.model,False,[],True
8a17f23ecf459935,LED_Lighting/Unknown/44_Button_LED.ir,44_Button_LED,44_Button_LED,0.45,inventory.model,False,[],True
4fd3fc91996c94d7,LED_Lighting/Unknown/44_LED_Strip.ir,44_LED_Strip,44_LED_Strip,0.45,inventory.model,False,[],True
b237fcabef8e1c23,LED_Lighting/Unknown/Christmastree_candle.ir,Christmastree_candle,,0.0,,False,[],True
bcdcba22e9ab0e7b,LED_Lighting/Unknown/Closet_LED_3W.ir,Closet_LED_3W,Closet_LED_3W,0.45,inventory.model,False,[],True
57ef7c1e11cdc4ba,LED_Lighting/Unknown/Color_Change_Bulb_Remote.ir,Color_Change_Bulb_Remote,,0.0,,False,[],True
121f7a46a7429e16,LED_Lighting/Unknown/Conzept_LED_VoksKogle.ir,Conzept_LED_VoksKogle,,0.0,,False,[],True
f955529e42537749,LED_Lighting/Unknown/DMX_Light.ir,DMX_Light,,0.0,,False,[],True
5202d9634b628377,LED_Lighting/Unknown/Generic_LED_light_strip.ir,Generic_LED_light_strip,,0.0,,False,[],True
0d2e90992e42797d,LED_Lighting/Unknown/LEDStrip.ir,LEDStrip,,0.0,,False,[],True
0e0c497fcdc142c2,LED_Lighting/Unknown/LED_44Key.ir,LED_44Key,LED_44Key,0.45,inventory.model,False,[],True
48d219fe548d1033,LED_Lighting/Unknown/LED_Cat.ir,LED_Cat,,0.0,,False,[],True
9ca3c5be4161bb5d,LED_Lighting/Unknown/LED_Curtain.ir,LED_Curtain,,0.0,,False,[],True
56361f1bce7d6183,LED_Lighting/Unknown/LED_Disco_Light.ir,LED_Disco_Light,,0.0,,False,[],True
26311af83e3466be,LED_Lighting/Unknown/LED_Generic.ir,LED_Generic,,0.0,,False,[],True
cbf829d770f80dfc,LED_Lighting/Unknown/LED_Lightbar.ir,LED_Lightbar,,0.0,,False,[],True
e60b7864e4209e5c,LED_Lighting/Unknown/LED_RGB.ir,LED_RGB,,0.0,,False,[],True
0d1175ca36a2bfbd,LED_Lighting/Unknown/LED_Sign.ir,LED_Sign,,0.0,,False,[],True
b3bd88237e2174d6,LED_Lighting/Unknown/Led_Remote.ir,Led_Remote,,0.0,,False,[],True
92a830250dd91e77,LED_Lighting/Unknown/Light_Strip.ir,Light_Strip,,0.0,,False,[],True
359c016667b5725e,LED_Lighting/Unknown/Magic_Lighting_Remote.ir,Magic_Lighting_Remote,,0.0,,False,[],True
bee8f951ccb666f5,LED_Lighting/Unknown/Moon_Lamp.ir,Moon_Lamp,,0.0,,False,[],True
6b55cbbaf569ed6a,LED_Lighting/Unknown/Neon_LED.ir,Neon_LED,,0.0,,False,[],True
07f7b82870c8ebbe,LED_Lighting/Unknown/Practical_Series_2.ir,Practical_Series_2,Practical_Series_2,0.45,inventory.model,False,[],True
acbd7b3edc5acee1,LED_Lighting/Unknown/RGB.ir,RGB,,0.0,,False,[],True
defaba3062278d8e,LED_Lighting/Unknown/RGB_Lightbulb_NoName.ir,RGB_Lightbulb_NoName,,0.0,,False,[],True
871dcea184711a36,LED_Lighting/Unknown/Submersible_LED_Light.ir,Submersible_LED_Light,,0.0,,False,[],True
9023ef5982e35a33,LED_Lighting/Unknown/Sunlamp.ir,Sunlamp,,0.0,,False,[],True
37e2f41d21a8037c,LED_Lighting/Unknown/Unknown_LED_remote.ir,Unknown_LED_remote,,0.0,,False,[],True
13bb220a2e5920a4,LED_Lighting/Unknown/mlambert_rope_light.ir,mlambert_rope_light,,0.0,,False,[],True
fbf7b20e673dbebc,LED_Lighting/Unknown/nightlampRGB.ir,nightlampRGB,,0.0,,False,[],True
fe2143b9018afa46,LED_Lighting/V-TAC/V-TAC_VT5050_LED_Strip.ir,VT5050_LED_Strip,VT5050_LED_Strip,0.45,inventory.model,True,"[""V-TAC_VT5050_LED_Strip""]",True
d524043b63134c39,LED_Lighting/Varilux/Varilux_Lightme_LED_Bulb.ir,Lightme_LED_Bulb,,0.0,,False,[],True
ee43f01f00d6c131,LED_Lighting/Veezio/Veezio_Light_Bulb.ir,Light_Bulb,,0.0,,False,[],True
7ff0ddbcc7d16ebb,LED_Lighting/Warmoon/Warmoon_RGB.ir,RGB,,0.0,,False,[],True
af9c04e9a2c970ec,LED_Lighting/Xtreme_Lit_LEDs/XTREME_3_2FT_LED_strip.ir,XTREME_3_2FT_LED_strip,XTREME_3_2FT_LED_strip,0.45,inventory.model,False,[],True
7c9fb3cd010fd25c,LED_Lighting/iDual/iDual.ir,iDual,,0.0,,False,[],True
f60cef78a1346642,LED_Lighting/iDual/iDual_JEDI_Lighting_LED_Light.ir,JEDI_Lighting_LED_Light,,0.0,,False,[],True
573821eaff2b8813,LED_Lighting/iTrekkings/iTrekkings_Quechua_Camping_Lamp_Click.ir,Quechua_Camping_Lamp_Click,,0.0,,False,[],True
5b0d57152b9bbe50,LED_Lighting/tuffenough/tuffenough_all_models.ir,all_models,,0.0,,False,[],True
49a782b05f5fec0f,Laserdisc/Pioneer/LaserActive_CU-CLD085.ir,LaserActive_CU-CLD085,LaserActive_CU-CLD085,0.45,inventory.model,False,[],True
5413768876b70134,Laserdisc/Pioneer/Pioneer_CU-DV027.ir,CU-DV027,CU-DV027,0.45,inventory.model,True,"[""Pioneer_CU-DV027""]",True
7b39d7b3f23eec9f,Laserdisc/Pioneer/Pioneer_Elite_CLD_99.ir,Elite_CLD_99,Elite_CLD_99,0.45,inventory.model,True,"[""Pioneer_Elite_CLD_99""]",True
b96b691403f63f87,MiniDisc/Pioneer_CU-MJO11.ir,Pioneer_CU-MJO11,Pioneer_CU-MJO11,0.45,inventory.model,False,[],True
36b533516af1efea,MiniDisc/Sony_RM-D10E.ir,Sony_RM-D10E,Sony_RM-D10E,0.45,inventory.model,False,[],True
48f136d0f055b924,Miscellaneous/3D_Clock/3d_clock.ir,3d_clock,,0.0,,False,[],True
34e9e53800295443,Miscellaneous/3D_Clock/3d_clock_color.ir,3d_clock_color,3d_clock_color,0.45,inventory.model,False,[],True
bedcbeb708f4974e,Miscellaneous/AEG_Cooker_Hood_Haube/AEG_Haube_Cooker_Hood.ir,AEG_Haube_Cooker_Hood,,0.0,,False,[],True
ac28bf5694c604e7,Miscellaneous/AMI/AMI_JukeboxVolume.ir,JukeboxVolume,,0.0,,False,[],True
7b700873808ebff1,Miscellaneous/AMI/AMI_Jukebox_Full.ir,Jukebox_Full,,0.0,,False,[],True
496885b7bf3f2583,Miscellaneous/AMI/Ami_jukebox.ir,Ami_jukebox,,0.0,,False,[],True
54be007aedaed8dd,Miscellaneous/AOC/JXD_021.ir,JXD_021,JXD_021,0.45,inventory.model,False,[],True
58b8296efa767d41,Miscellaneous/AVer_Document_Camera/AVer_RM-N6_Document_Cam.ir,AVer_RM-N6_Document_Cam,AVer_RM-N6_Document_Cam,0.45,inventory.model,False,[],True
bd81e94781ef93c6,Miscellaneous/Acorn/Acorn_Stairlift.ir,Stairlift,,0.0,,False,[],True
b6e7a91aee9bcf6d,Miscellaneous/Advanced_FM_Car_Transmitter/Advance_FM_Transmit.ir,Advance_FM_Transmit,,0.0,,False,[],True
db911c41efa1e4d2,Miscellaneous/Amibot/Amibot_spirit.ir,spirit,,0.0,,False,[],True
6cbf3d314ab6767b,Miscellaneous/Andonstar/Andonstar_AD206_Microscope.ir,AD206_Microscope,AD206_Microscope,0.45,inventory.model,True,"[""Andonstar_AD206_Microscope""]",True
b768e708cc8caa18,Miscellaneous/ArgonOne/Argon_IR.ir,Argon_IR,,0.0,,False,[],True
9d8525702b2d8aa4,Miscellaneous/Arizer/Arizer_Extreme_Q.ir,Extreme_Q,,0.0,,False,[],True
afd739d6e28d7f72,Miscellaneous/Arizer/Arizer_XQ2.ir,XQ2,XQ2,0.45,inventory.model,True,"[""Arizer_XQ2""]",True
6bff5858d173b9c2,Miscellaneous/Avfabul/avstar_hdmi_splitter_switch.ir,avstar_hdmi_splitter_switch,,0.0,,False,[],True
335f5ddab1755fe2,Miscellaneous/Azulle/Azulle_Byte3_Fanless_MiniPC.ir,Byte3_Fanless_MiniPC,Byte3_Fanless_MiniPC,0.45,inventory.model,True,"[""Azulle_Byte3_Fanless_MiniPC""]",True
be3051c4743110f0,Miscellaneous/Azulle/Azulle_Byte4_Fanless_MiniPC.ir,Byte4_Fanless_MiniPC,Byte4_Fanless_MiniPC,0.45,inventory.model,True,"[""Azulle_Byte4_Fanless_MiniPC""]",True
5568e9a5532ea766,Miscellaneous/Azulle/Azulle_Inspire_Fanless_MiniPC.ir,Inspire_Fanless_MiniPC,,0.0,,False,[],True
04a2d3cc8861ef3e,Miscellaneous/Berbel_Kitchen_Hoods/Berbel_Skyline_2011.ir,Berbel_Skyline_2011,Berbel_Skyline_2011,0.45,inventory.model,False,[],True
c99c92b1f15e307a,Miscellaneous/Bio/Bio_Bidet_USPA_6800.ir,Bidet_USPA_6800,Bidet_USPA_6800,0.45,inventory.model,True,"[""Bio_Bidet_USPA_6800""]",True
02b670568a523efa,Miscellaneous/Bluetooth_Amplifier/OE-BT_V2.0_Amp.ir,OE-BT_V2.0_Amp,OE-BT_V2.0_Amp,0.45,inventory.model,False,[],True
9dbd4ba89638080e,Miscellaneous/Brand_Unknown/Climate_German.ir,Climate_German,,0.0,,False,[],True
2ea6e6a934a1f21f,Miscellaneous/Brand_Unknown/HDMI-5-to-1-Switch.ir,HDMI-5-to-1-Switch,HDMI-5-to-1-Switch,0.45,inventory.model,False,[],True
3e3d8d361f9df86d,Miscellaneous/Brand_Unknown/HDMI_Switch.ir,HDMI_Switch,,0.0,,False,[],True
55b48d64b1391f9b,Miscellaneous/Brand_Unknown/LED_Candles.ir,LED_Candles,,0.0,,False,[],True
984dfcd7a04dd73b,Miscellaneous/Brand_Unknown/Rgb_magic_lighting.ir,Rgb_magic_lighting,,0.0,,False,[],True
f256ee0af3a1f8ff,Miscellaneous/Brand_Unknown/Star_projector.ir,Star_projector,,0.0,,False,[],True
30f8babf306ee862,Miscellaneous/Brand_Unknown/YN-01_hdmi.ir,YN-01_hdmi,YN-01_hdmi,0.45,inventory.model,False,[],True
b2b388ae13251df7,Miscellaneous/CAME/Programming_Remote/CAME_security_barrier_i100_programming.ir,security_barrier_i100_programming,security_barrier_i100_programming,0.45,inventory.model,True,"[""CAME_security_barrier_i100_programming""]",True
aa75668587a3ab16,Miscellaneous/Cabelas/CabelasGun1.ir,CabelasGun1,CabelasGun1,0.45,inventory.model,False,[],True
65ed0e47e8852d55,Miscellaneous/Chunghop/RM_88E_Universal.ir,RM_88E_Universal,RM_88E_Universal,0.45,inventory.model,False,[],True
13ef67d764bb478a,Miscellaneous/Cisco/Cisco_CTS-RMT-TRC6.ir,CTS-RMT-TRC6,CTS-RMT-TRC6,0.45,inventory.model,True,"[""Cisco_CTS-RMT-TRC6""]",True
b422a5a3499d1917,Miscellaneous/Citysports/Citysports_WP2.ir,WP2,WP2,0.45,inventory.model,True,"[""Citysports_WP2""]",True
defc1efca268798d,Miscellaneous/Clever&Clean/Clever&Clean_AQUA-Series_03.ir,AQUA-Series_03,AQUA-Series_03,0.45,inventory.model,False,[],True
d71294b64ddc0d13,Miscellaneous/ConnectPro/ConnectPro_KVM.ir,KVM,,0.0,,False,[],True
f40277de4a4e6dab,Miscellaneous/Contemporary_Research/Contemporary_research.ir,Contemporary_research,,0.0,,False,[],True
cec17eb7c1528201,Miscellaneous/Coretec/TRAINER_1000.ir,TRAINER_1000,TRAINER_1000,0.45,inventory.model,False,[],True
3c0873a23f0e0a0e,Miscellaneous/Death_Star_Tree_Topper/Death_Star_Topper.ir,Death_Star_Topper,,0.0,,False,[],True
1d72c5a33aa44045,Miscellaneous/Diffuser/Homedics/Homedics_ARM-720A.ir,Homedics_ARM-720A,Homedics_ARM-720A,0.45,inventory.model,False,[],True
b6480333ef5d5fc1,Miscellaneous/Domoova/Domoova_DRV70.ir,DRV70,DRV70,0.45,inventory.model,True,"[""Domoova_DRV70""]",True
9877112f7570ee20,Miscellaneous/Dualtron_Victor_Handlebar_Lights/Dualtron_Victor_Handlebar_Lights.ir,Dualtron_Victor_Handlebar_Lights,,0.0,,False,[],True
19bfe28088ab432a,Miscellaneous/Ecovac_RC1507_Robotics/Ecovacs_RC1507.ir,Ecovacs_RC1507,Ecovacs_RC1507,0.45,inventory.model,False,[],True
012f3297845d67e2,Miscellaneous/Elune_Vision_Motorized_Projector_Screen/Elune_Vision_Motorized_Projector_Scr.ir,Elune_Vision_Motorized_Projector_Scr,,0.0,,False,[],True
edfd4d815274a5bb,Miscellaneous/Elune_Vision_Motorized_Projector_Screen/Elune_Vision_Motorized_Projector_Screen.ir,Elune_Vision_Motorized_Projector_Screen,,0.0,,False,[],True
057230dd5030e24d,Miscellaneous/Emotiva_XDA-2_PreAmp/Emotiva_XDA-2.ir,Emotiva_XDA-2,,0.0,,False,[],True
1ca14f48cd62c2ef,Miscellaneous/Enido/Enido_LED_Candle.ir,LED_Candle,,0.0,,False,[],True
6fda081284ca515e,Miscellaneous/EsyLux/esylux_em10425509.ir,esylux_em10425509,esylux_em10425509,0.45,inventory.model,False,[],True
7739f2eb644b2dc6,Miscellaneous/Eufy/Eufy_30C.ir,30C,30C,0.45,inventory.model,True,"[""Eufy_30C""]",True
8506ce4c3095f197,Miscellaneous/Extron/Extron_IR903.ir,IR903,IR903,0.45,inventory.model,True,"[""Extron_IR903""]",True
768092c17139c66c,Miscellaneous/G-Story/G-Story_Monitor.ir,Monitor,,0.0,,False,[],True
4744437b592e3051,Miscellaneous/GANXIN/GANXIN_GXIR05.ir,GXIR05,GXIR05,0.45,inventory.model,True,"[""GANXIN_GXIR05""]",True
18feb534fcd45f85,Miscellaneous/Gakken/Gakken_WorldEye.ir,WorldEye,,0.0,,False,[],True
63cd6ca0b2f193c1,Miscellaneous/General_Electric/ge_range_hood.ir,ge_range_hood,,0.0,,False,[],True
265e731fd1b511d6,Miscellaneous/Gold_Lough_LED_Color_Changing_Ball/Gold_Lough_Color_Changing_Ball.ir,Gold_Lough_Color_Changing_Ball,,0.0,,False,[],True
3c3fa606be690cbe,Miscellaneous/Goofy_Htwon/Goofy_Htwon.ir,Goofy_Htwon,,0.0,,False,[],True
a07469eeaf4f624a,Miscellaneous/Gym_HIIT/GX-IR03_Clock.ir,GX-IR03_Clock,GX-IR03_Clock,0.45,inventory.model,False,[],True
2d3aa34eb834e007,Miscellaneous/HIPHOPTOY/HipHopToy.ir,HipHopToy,,0.0,,False,[],True
e4c2800a3ade8207,Miscellaneous/Hallmark/Hallmark_Hogwarts_Castle_Tree_Topper.ir,Hogwarts_Castle_Tree_Topper,,0.0,,False,[],True
9f9dd6132132e6b3,Miscellaneous/Hob2Hood/hob2hood.ir,hob2hood,,0.0,,False,[],True
1e998bcc9cb904cb,Miscellaneous/JB_Systems/COB-4BAR.ir,COB-4BAR,COB-4BAR,0.45,inventory.model,False,[],True
d168e09b843abfab,Miscellaneous/JETTools/JETTools_AFS-1000B_Air_Filter.ir,AFS-1000B_Air_Filter,AFS-1000B_Air_Filter,0.45,inventory.model,True,"[""JETTools_AFS-1000B_Air_Filter""]",True
2fb9af6cf45ed729,Miscellaneous/Jukebox/NSM Jukebox.ir,NSM Jukebox,,0.0,,False,[],True
f7b15faa892f4aa6,Miscellaneous/Jukebox/NSM_JUKEBOX_RJB1.ir,NSM_JUKEBOX_RJB1,NSM_JUKEBOX_RJB1,0.45,inventory.model,False,[],True
06f3af95faac158f,Miscellaneous/Jukebox/Rock_ola_CD_Jukebox.ir,Rock_ola_CD_Jukebox,,0.0,,False,[],True
2eecb7c693a925c6,Miscellaneous/Kinivo/Kinivo_301BN.ir,301BN,301BN,0.45,inventory.model,True,"[""Kinivo_301BN""]",True
e7e27fbfa3cf5c3f,Miscellaneous/LG/LG.ir,LG,,0.0,,False,[],True
dcff63047cf33322,Miscellaneous/LaserX/LaserX_Tag.ir,Tag,,0.0,,False,[],True
ab5268247857090f,Miscellaneous/LightMyBricks/lightmybricks.ir,lightmybricks,,0.0,,False,[],True
363e8fae88f3f5f5,Miscellaneous/Logitech/Logitech_Conference_R-R007.ir,Conference_R-R007,Conference_R-R007,0.45,inventory.model,True,"[""Logitech_Conference_R-R007""]",True
3086d2458cdc0182,Miscellaneous/Logitech/Logitech_Squeezebox_X-ia4_815-000058.ir,Squeezebox_X-ia4_815-000058,Squeezebox_X-ia4_815-000058,0.45,inventory.model,True,"[""Logitech_Squeezebox_X-ia4_815-000058""]",True
414c750a3c790dff,Miscellaneous/Lutron/Lutron_Architectural_Lighting.ir,Architectural_Lighting,,0.0,,False,[],True
ca4e264b09f24159,Miscellaneous/Lutron/Lutron_Window_Shades.ir,Window_Shades,,0.0,,False,[],True
0e4d5c8895df023d,Miscellaneous/Makeblock/Makeblock_generic.ir,generic,,0.0,,False,[],True
df45b0f07c01fafb,Miscellaneous/Mini_Laser_Lightshow/Mini_Laser_Lightshow_A05.ir,A05,A05,0.45,inventory.model,True,"[""Mini_Laser_Lightshow_A05""]",True
a0f0ebd91483d3c7,Miscellaneous/MonoPrice/MonoPrice-HDMI-Switch.ir,MonoPrice-HDMI-Switch,,0.0,,False,[],True
035c2db79cd1d365,Miscellaneous/MovinFlame/MovinFlame_LED_Candle.ir,LED_Candle,,0.0,,False,[],True
a8989936923fa5c4,Miscellaneous/Mrocioa/MROCIOA_HDMI_SWITCH.ir,HDMI_SWITCH,,0.0,,False,[],True
8e1f43355a7f1fed,Miscellaneous/Nedis/CATRBK100.ir,CATRBK100,CATRBK100,0.45,inventory.model,False,[],True
80309400d6924920,Miscellaneous/Nexigo/Nexigo_N950P_Webcam.ir,N950P_Webcam,N950P_Webcam,0.45,inventory.model,True,"[""Nexigo_N950P_Webcam""]",True
44bfbfe9b83770af,Miscellaneous/Nixplay_Digital_Frame/Nixplay_Seed_Digital_Frame.ir,Nixplay_Seed_Digital_Frame,,0.0,,False,[],True
fdaac53dc888d65f,Miscellaneous/No-Touch/No-Touch_Thermometer.ir,Thermometer,,0.0,,False,[],True
03d3e8cab17adc67,Miscellaneous/OREI HDMI Switcher/OREI HD-401MV.ir,OREI HD-401MV,HD-401MV,0.45,inventory.model,False,[],True
a65b8e25f7f25e1b,Miscellaneous/Philips/Philips_swv9484b_hdmi_switch.ir,swv9484b_hdmi_switch,swv9484b_hdmi_switch,0.45,inventory.model,True,"[""Philips_swv9484b_hdmi_switch""]",True
7ab965de7b6e3994,Miscellaneous/Prime3/Prime3_Air_Purifier.ir,Air_Purifier,Prime3_Air_Purifier,0.72,file_name,False,[],True
da14a94e672c8304,Miscellaneous/Prozor/Prozor_HDMI_Switch.ir,HDMI_Switch,,0.0,,False,[],True
5e3018c093ee5978,Miscellaneous/Pyle/Pyle_Amp_PREA90WBT.ir,Amp_PREA90WBT,Amp_PREA90WBT,0.45,inventory.model,True,"[""Pyle_Amp_PREA90WBT""]",True
a7f3c535b9d9ee96,Miscellaneous/RadioShack/RadioShack_1500474.ir,1500474,RadioShack_1500474,0.72,file_name,False,[],True
1b819fdc08eaba45,Miscellaneous/RocketFish/RF_G1501.ir,RF_G1501,RF_G1501,0.45,inventory.model,False,[],True
bd4f298e66b18412,Miscellaneous/Roksan/Roksan_Caspian_CD_player.ir,Caspian_CD_player,,0.0,,False,[],True
e898bf2b1962543d,Miscellaneous/Roksan/Roksan_K3_Amp.ir,K3_Amp,K3_Amp,0.45,inventory.model,True,"[""Roksan_K3_Amp""]",True
f8f955a830338c5b,Miscellaneous/Roksan/Roksan_K3_DAC.ir,K3_DAC,K3_DAC,0.45,inventory.model,True,"[""Roksan_K3_DAC""]",True
d5f81d932c27bddb,Miscellaneous/Roksan/Roksan_cd_player.ir,cd_player,,0.0,,False,[],True
2dae9e1d01f758ee,Miscellaneous/Roland/Roland_SC55_SB55.ir,SC55_SB55,SC55_SB55,0.45,inventory.model,True,"[""Roland_SC55_SB55""]",True
11d3697c758d0684,Miscellaneous/Roomba/remote.ir,remote,,0.0,,False,[],True
9d769626eefa1ec7,Miscellaneous/Roomba/virtual_wall.ir,virtual_wall,,0.0,,False,[],True
4297d84805547d70,Miscellaneous/Samsung/Samsung_Ventilator_ERV.ir,Ventilator_ERV,,0.0,,False,[],True
7959f2461547db53,Miscellaneous/Seville/Seville_Classics_EHF10119PB_Fan.ir,Classics_EHF10119PB_Fan,Classics_EHF10119PB_Fan,0.45,inventory.model,True,"[""Seville_Classics_EHF10119PB_Fan""]",True
4217fc0c48adf863,Miscellaneous/Siemens/Siemens_LR96CAQ20.ir,LR96CAQ20,LR96CAQ20,0.45,inventory.model,True,"[""Siemens_LR96CAQ20""]",True
e7a782339686486b,Miscellaneous/Simon/Simon_75350_69.ir,75350_69,Simon_75350_69,0.72,file_name,False,[],True
68ca6c51af99df6e,Miscellaneous/Simulflame/Simulflame_LED_Candles.ir,LED_Candles,,0.0,,False,[],True
f94c04e4f7b6cc8f,Miscellaneous/SmartyKat/SmartyKat_Mouse_RC.ir,Mouse_RC,,0.0,,False,[],True
f2ae1668679671c5,Miscellaneous/Sony_Ericsson/SE_MRC-60.ir,SE_MRC-60,SE_MRC-60,0.45,inventory.model,False,[],True
7d5e02b2a960c624,Miscellaneous/Sony_Experimental_unlock/1533.ir,1533,,0.0,,False,[],True
53393a4339a65b2c,Miscellaneous/Sony_Experimental_unlock/Take2.ir,Take2,Take2,0.45,inventory.model,False,[],True
b56a827ef31cc489,Miscellaneous/Sony_Experimental_unlock/Unlock_0533.ir,Unlock_0533,Unlock_0533,0.45,inventory.model,False,[],True
8fffa72b3e680a78,Miscellaneous/Sony_Experimental_unlock/oneforall_captures/Blu_1633_sirc20.ir,Blu_1633_sirc20,Blu_1633_sirc20,0.45,inventory.model,False,[],True
1f6a423177198f65,Miscellaneous/Sony_Experimental_unlock/oneforall_captures/Dvd_0675_necext.ir,Dvd_0675_necext,Dvd_0675_necext,0.45,inventory.model,False,[],True
4085010656c09b88,Miscellaneous/Sony_Experimental_unlock/oneforall_captures/Dvd_0741_sam32.ir,Dvd_0741_sam32,Dvd_0741_sam32,0.45,inventory.model,False,[],True
c86b8107bc4e316e,Miscellaneous/Sony_Experimental_unlock/oneforall_captures/Dvd_1516_sirc20.ir,Dvd_1516_sirc20,Dvd_1516_sirc20,0.45,inventory.model,False,[],True
c720b2d437698834,Miscellaneous/Sony_Experimental_unlock/oneforall_captures/Tv_3519_nec.ir,Tv_3519_nec,Tv_3519_nec,0.45,inventory.model,False,[],True
1d42f145a3b36ba8,Miscellaneous/Stereo_Amplifiers/Dexon/Dexon_JPM.ir,Dexon_JPM,,0.0,,False,[],True
cee0cbaa1570d266,Miscellaneous/TESmart/TESmart_KVM.ir,KVM,,0.0,,False,[],True
8743f30eaa229dd7,Miscellaneous/Terratec/Terratec_M3PO.ir,M3PO,M3PO,0.45,inventory.model,True,"[""Terratec_M3PO""]",True
fa8ea5d0f502d579,Miscellaneous/Toilet_Roll_Dispenser/Roll.ir,Roll,,0.0,,False,[],True
b67b7de1d092e7d1,Miscellaneous/Tomlov Microscope/TOMLOV_DM9_MICROSCOPE.ir,TOMLOV_DM9_MICROSCOPE,TOMLOV_DM9_MICROSCOPE,0.45,inventory.model,False,[],True
eed8d8124e8ee48e,Miscellaneous/Tomlov/TOMLOV_DM201_Digital_Microscope.ir,DM201_Digital_Microscope,DM201_Digital_Microscope,0.45,inventory.model,True,"[""TOMLOV_DM201_Digital_Microscope""]",True
e951013d572e44e3,Miscellaneous/Topcon/Topcon_PSR-2000_vision_test_remote.ir,PSR-2000_vision_test_remote,PSR-2000_vision_test_remote,0.45,inventory.model,True,"[""Topcon_PSR-2000_vision_test_remote""]",True
fbbd30921414eb78,Miscellaneous/Topping/Topping_DX3_Pro_Plus-Amplifier.ir,DX3_Pro_Plus-Amplifier,DX3_Pro_Plus-Amplifier,0.45,inventory.model,True,"[""Topping_DX3_Pro_Plus-Amplifier""]",True
0a525fe42f39b85f,Miscellaneous/Topping_Amplifier/Topping_DX3_Pro-Amplifier.ir,Topping_DX3_Pro-Amplifier,Topping_DX3_Pro-Amplifier,0.45,inventory.model,False,[],True
977d9127c2e638d2,Miscellaneous/Uncle_Milton/Moon_in_my_Room.ir,Moon_in_my_Room,,0.0,,False,[],True
7281c2a8e864cbc1,Miscellaneous/Urevo/Urevo_Treadmill_UR9TM0011.ir,Treadmill_UR9TM0011,Treadmill_UR9TM0011,0.45,inventory.model,True,"[""Urevo_Treadmill_UR9TM0011""]",True
95797e6c89524057,Miscellaneous/Varytech/Varytech_Fog_Machine_F80B.ir,Fog_Machine_F80B,Fog_Machine_F80B,0.45,inventory.model,True,"[""Varytech_Fog_Machine_F80B""]",True
0a193418e4570be4,Miscellaneous/VibroShaper/VibroShaper_VibroLegs.ir,VibroLegs,,0.0,,False,[],True
baa42b8df406f3c7,Miscellaneous/WayneDresser/WayneDresser_GasPump_Remote.ir,GasPump_Remote,,0.0,,False,[],True
c04bf3b0d7dd3f16,Miscellaneous/Winix/Winix_Air_Filter.ir,Air_Filter,,0.0,,False,[],True
5a4bb72858cb2ffe,Miscellaneous/Winix/Winix_Air_Purifier.ir,Air_Purifier,,0.0,,False,[],True
adcda8b40949420d,Miscellaneous/biOrb/Classic_15_Aquarium.ir,Classic_15_Aquarium,Classic_15_Aquarium,0.45,inventory.model,False,[],True
803b428b7bfe1658,Miscellaneous/dBot/dBot_W100.ir,W100,W100,0.45,inventory.model,True,"[""dBot_W100""]",True
8784a5804595febc,Miscellaneous/iHome/IhomeRz6.ir,IhomeRz6,IhomeRz6,0.45,inventory.model,False,[],True
b65434db551e936f,Miscellaneous/ir_torch.ir,ir_torch,,0.0,,False,[],True
9af7f649b98bb4c5,Monitors/Aorus/Aorus_FV43U.ir,FV43U,FV43U,0.45,inventory.model,True,"[""Aorus_FV43U""]",True
7d85e885d6b16d7a,Monitors/BenQ/BenQ_EX2780Q.ir,EX2780Q,EX2780Q,0.45,inventory.model,True,"[""BenQ_EX2780Q""]",True
3a35ee78eeb048d9,Monitors/Clinton_Electronics/Clinton_Electronics_M-10A.ir,M-10A,M-10A,0.45,inventory.model,True,"[""Clinton_Electronics_M-10A""]",True
175c6d4a5506b333,Monitors/LG/LG_43UD79-B.ir,43UD79-B,43UD79-B,0.45,inventory.model,True,"[""LG_43UD79-B""]",True
29543c65085c539f,Monitors/LG/LG_UltraGear_OLED_Monitor.ir,UltraGear_OLED_Monitor,,0.0,,False,[],True
27d97ada8bf66505,Monitors/Loncevon/LONCEVON-12_inch_Small_Monitor.ir,LONCEVON-12_inch_Small_Monitor,LONCEVON-12_inch_Small_Monitor,0.45,inventory.model,False,[],True
2f3fdd5a52d2e223,Monitors/Monoprice/Monoprice_43305.ir,43305,Monoprice_43305,0.72,file_name,False,[],True
b21267c6a0efe6c0,Monitors/Philips/Philips_Evnia_49M2C8900L.ir,Evnia_49M2C8900L,Evnia_49M2C8900L,0.45,inventory.model,True,"[""Philips_Evnia_49M2C8900L""]",True
c4dc491d8e4a5a73,Multimedia/Asus/OPlay.ir,OPlay,,0.0,,False,[],True
5e88fbdd97a2c8a8,Multimedia/DuneHD/DuneHD.ir,DuneHD,,0.0,,False,[],True
0c9bf13dffa566cb,Multimedia/Evolution/Evolution_4x1_HDMI_Switch.ir,4x1_HDMI_Switch,4x1_HDMI_Switch,0.45,inventory.model,True,"[""Evolution_4x1_HDMI_Switch""]",True
91c12c745b9e1651,Multimedia/Fantec/4KS5700.ir,4KS5700,4KS5700,0.45,inventory.model,False,[],True
b3257743a3aa9e26,Multimedia/Leicke/LEICKE-KANAAN-KN40573.ir,LEICKE-KANAAN-KN40573,LEICKE-KANAAN-KN40573,0.45,inventory.model,False,[],True
abac4342f721a5c3,Multimedia/Ligawo/Ligawo_HDMI_6518716.ir,HDMI_6518716,HDMI_6518716,0.45,inventory.model,True,"[""Ligawo_HDMI_6518716""]",True
4b1b17aaf83fbb7a,Multimedia/MT-VIKI/MT-VIKI-MT-HD0808.ir,MT-VIKI-MT-HD0808,MT-VIKI-MT-HD0808,0.45,inventory.model,False,[],True
0646d803ef94afdf,Multimedia/QNAP/QNAP RM_IR2.ir,QNAP RM_IR2,RM_IR2,0.45,inventory.model,False,[],True
6d6f8de0ff9a5ea8,Multimedia/Rytaki/Rytaki_US_HDMI501-8K-H.ir,US_HDMI501-8K-H,US_HDMI501-8K-H,0.45,inventory.model,True,"[""Rytaki_US_HDMI501-8K-H""]",True
41727c30e0ef8db4,Multimedia/Ugreen/Ugreen_8k_hdmi_switch.ir,8k_hdmi_switch,8k_hdmi_switch,0.45,inventory.model,True,"[""Ugreen_8k_hdmi_switch""]",True
3e6bc00e6786a452,Picture_Frames/Micca/Micca_N10.ir,N10,N10,0.45,inventory.model,True,"[""Micca_N10""]",True
84a0cf3f92010d29,Picture_Frames/Micca/Micca_N7.ir,N7,Micca_N7,0.72,file_name,False,[],True
7dac468fbea6a2eb,Picture_Frames/Micca/Micca_N8.ir,N8,Micca_N8,0.72,file_name,False,[],True
94b85cd4fc7ee8d8,Picture_Frames/Nixplay/Nixplay_Picture_Frame.ir,Picture_Frame,,0.0,,False,[],True
853c2fa503e0bd1b,Picture_Frames/Pandigital/Pandigital_DPF70-2.ir,DPF70-2,DPF70-2,0.45,inventory.model,True,"[""Pandigital_DPF70-2""]",True
4446ddecdb3932b9,Projectors/ABOX/Abox_T22.ir,Abox_T22,Abox_T22,0.45,inventory.model,False,[],True
3575b98ae0d26423,Projectors/Acer/Acer_H6517ST.ir,H6517ST,H6517ST,0.45,inventory.model,True,"[""Acer_H6517ST""]",True
4b9b5d83a77b1391,Projectors/Acer/Acer_XL2530 IR29033.ir,XL2530 IR29033,XL2530,0.45,inventory.model,True,"[""Acer_XL2530""]",True
e629520720d7fc26,Projectors/Acer/Acer_proj.ir,proj,,0.0,,False,[],True
4d106a8dafbb6d53,Projectors/Anker/NebulaMarsLite.ir,NebulaMarsLite,,0.0,,False,[],True
3d163544fbb08f94,Projectors/Anker/Nebula_Capsule_Mini_Projector.ir,Nebula_Capsule_Mini_Projector,,0.0,,False,[],True
cfbda0810557c627,Projectors/Apeman/Apeman_LC650_.ir,LC650_,LC650_,0.45,inventory.model,True,"[""Apeman_LC650_""]",True
b8f850e32c669db2,Projectors/Artlii/Artlii_YG300.ir,YG300,YG300,0.45,inventory.model,True,"[""Artlii_YG300""]",True
ceca992592279719,Projectors/BenQ/BenQ.ir,BenQ,,0.0,,False,[],True
4c0f29728a98f3e7,Projectors/BenQ/BenQ_MH856UST.ir,MH856UST,MH856UST,0.45,inventory.model,True,"[""BenQ_MH856UST""]",True
421244381c92d8b7,Projectors/BenQ/BenQ_TH671ST.ir,TH671ST,TH671ST,0.45,inventory.model,True,"[""BenQ_TH671ST""]",True
ebe6cbbb9293906b,Projectors/BenQ/BenQ_TK800M.ir,TK800M,TK800M,0.45,inventory.model,True,"[""BenQ_TK800M""]",True
0b0b9926dffc7c04,Projectors/BenQ/BenQ_TRY01.ir,TRY01,TRY01,0.45,inventory.model,True,"[""BenQ_TRY01""]",True
5431abaec8d87dcc,Projectors/BenQ/BenQ_W1050.ir,W1050,W1050,0.45,inventory.model,True,"[""BenQ_W1050""]",True
e663b0410434ae70,Projectors/BenQ/BenQ_W1070.ir,W1070,W1070,0.45,inventory.model,True,"[""BenQ_W1070""]",True
e27805d02bfac20e,Projectors/BenQ/BenQ_W1110.ir,W1110,W1110,0.45,inventory.model,True,"[""BenQ_W1110""]",True
fc26bbe5bbfc6e69,Projectors/BenQ/BenQ_W2000w.ir,W2000w,W2000w,0.45,inventory.model,True,"[""BenQ_W2000w""]",True
02d12285185e4c7d,Projectors/BenQ/BenQ_W2700.ir,W2700,W2700,0.45,inventory.model,True,"[""BenQ_W2700""]",True
0e9304fa3fe4859e,Projectors/BenQ/BenQ_W770ST.ir,W770ST,W770ST,0.45,inventory.model,True,"[""BenQ_W770ST""]",True
c8a32c102deef27a,Projectors/BrandUnknown/Generic_Projector.ir,Generic_Projector,,0.0,,False,[],True
15fe3bcd4a8f80e0,Projectors/BrandUnknown/Generic_Universal_Remote.ir,Generic_Universal_Remote,,0.0,,False,[],True
78c8d6d60a24dd86,Projectors/BrandUnknown/LED_Smart_Home_Theater_Projector.ir,LED_Smart_Home_Theater_Projector,,0.0,,False,[],True
5153fdd521ff62af,Projectors/BrandUnknown/Projecteur.ir,Projecteur,,0.0,,False,[],True
29e9b7fa7e148576,Projectors/BrandUnknown/Scrn_innov.ir,Scrn_innov,,0.0,,False,[],True
dbad7cb21d3b4ab1,Projectors/BrandUnknown/Stlth_acou.ir,Stlth_acou,,0.0,,False,[],True
b99b70f28fb21274,Projectors/Byintek/Byintek_P10.ir,P10,P10,0.45,inventory.model,True,"[""Byintek_P10""]",True
0ae80d80c6ae347b,Projectors/Canon/CANON_LV-X320.ir,LV-X320,LV-X320,0.45,inventory.model,True,"[""CANON_LV-X320""]",True
552ea48c1020a9ae,Projectors/Casio/Casio_YT-130.ir,YT-130,YT-130,0.45,inventory.model,True,"[""Casio_YT-130""]",True
1e062d7a33d37a2e,Projectors/Casio/Casio_YT-150.ir,YT-150,YT-150,0.45,inventory.model,True,"[""Casio_YT-150""]",True
48026c98826aa1c3,Projectors/Coolux/Coolux_X3S.ir,X3S,X3S,0.45,inventory.model,True,"[""Coolux_X3S""]",True
73b2362d7417053c,Projectors/Da-Lite/Da-Lite_ProjectorScreen.ir,ProjectorScreen,,0.0,,False,[],True
379bcb7008c2fed7,Projectors/Dell/Dell_projector.ir,projector,,0.0,,False,[],True
6af9bcdff0d3430f,Projectors/Dell/Dell_tsfm_ir01.ir,tsfm_ir01,tsfm_ir01,0.45,inventory.model,True,"[""Dell_tsfm_ir01""]",True
0b1e63838140affa,Projectors/Denon/Denon_Projector.ir,Projector,,0.0,,False,[],True
eaa9258d43a2da6f,Projectors/Dragonfly/Dragonfly_Screen.ir,Screen,,0.0,,False,[],True
04922b4ee593b0aa,Projectors/Eiki/EIKI_CMXA_Remote.ir,CMXA_Remote,,0.0,,False,[],True
7034534e5a050e0d,Projectors/Eiki/Eiki_Projector.ir,Projector,,0.0,,False,[],True
954cb84758f87551,Projectors/EliteScreens/EliteScreens_100H.ir,100H,100H,0.45,inventory.model,True,"[""EliteScreens_100H""]",True
ae45068f95da8f7c,Projectors/EliteScreens/Elite_Screens.ir,Elite_Screens,,0.0,,False,[],True
3f3c92c255b1c366,Projectors/Epson/Epson-EB-X12.ir,Epson-EB-X12,Epson-EB-X12,0.45,inventory.model,False,[],True
258b11905dd36278,Projectors/Epson/Epson-EB-X49.ir,Epson-EB-X49,Epson-EB-X49,0.45,inventory.model,False,[],True
0e1fe08f6a0ea74a,Projectors/Epson/Epson.ir,Epson,,0.0,,False,[],True
0c151474c876a455,Projectors/Epson/Epson2.ir,Epson2,Epson2,0.45,inventory.model,False,[],True
b3b9e3c14b0f855f,Projectors/Epson/Epson_4650.ir,4650,Epson_4650,0.72,file_name,False,[],True
f14c53d4d465a6c7,Projectors/Epson/Epson_EB-450.ir,EB-450,EB-450,0.45,inventory.model,True,"[""Epson_EB-450""]",True
5b38760b405ab279,Projectors/Epson/Epson_EB-575wi.ir,EB-575wi,EB-575wi,0.45,inventory.model,True,"[""Epson_EB-575wi""]",True
22a21927cb191ff9,Projectors/Epson/Epson_EB-595WI.ir,EB-595WI,EB-595WI,0.45,inventory.model,True,"[""Epson_EB-595WI""]",True
06094c212422d968,Projectors/Epson/Epson_EB-685Wi.ir,EB-685Wi,EB-685Wi,0.45,inventory.model,True,"[""Epson_EB-685Wi""]",True
65c0d85ef097de30,Projectors/Epson/Epson_EB-695Wi.ir,EB-695Wi,EB-695Wi,0.45,inventory.model,True,"[""Epson_EB-695Wi""]",True
89a369989d89de98,Projectors/Epson/Epson_EB-725Wi.ir,EB-725Wi,EB-725Wi,0.45,inventory.model,True,"[""Epson_EB-725Wi""]",True
50f851c1623f8084,Projectors/Epson/Epson_EB-735f.ir,EB-735f,EB-735f,0.45,inventory.model,True,"[""Epson_EB-735f""]",True
d90d7e8459f9b5d7,Projectors/Epson/Epson_EB-760wi.ir,EB-760wi,EB-760wi,0.45,inventory.model,True,"[""Epson_EB-760wi""]",True
0de0b35a0ec91fa5,Projectors/Epson/Epson_EB-E20.ir,EB-E20,EB-E20,0.45,inventory.model,True,"[""Epson_EB-E20""]",True
b10b213d2ab495bd,Projectors/Epson/Epson_EB-L260F.ir,EB-L260F,EB-L260F,0.45,inventory.model,True,"[""Epson_EB-L260F""]",True
02c4f6f1f74edb04,Projectors/Epson/Epson_EB-L510U.ir,EB-L510U,EB-L510U,0.45,inventory.model,True,"[""Epson_EB-L510U""]",True
63cf603b133049d0,Projectors/Epson/Epson_EB-Series.ir,EB-Series,,0.0,,False,[],True
7ec8d31d9ef51481,Projectors/Epson/Epson_EBX39.ir,EBX39,EBX39,0.45,inventory.model,True,"[""Epson_EBX39""]",True
d2a2de00fac1005a,Projectors/Epson/Epson_EBX7_154720000.ir,EBX7_154720000,EBX7_154720000,0.45,inventory.model,True,"[""Epson_EBX7_154720000""]",True
350d17b35b237206,Projectors/Epson/Epson_EHTW5650.ir,EHTW5650,EHTW5650,0.45,inventory.model,True,"[""Epson_EHTW5650""]",True
d1b2743a0bf682c0,Projectors/Epson/Epson_EMP822H.ir,EMP822H,EMP822H,0.45,inventory.model,True,"[""Epson_EMP822H""]",True
ee0957a52a124d2c,Projectors/Epson/Epson_RC-151506800.ir,RC-151506800,RC-151506800,0.45,inventory.model,True,"[""Epson_RC-151506800""]",True
52d41eaa0305efea,Projectors/Epson/Epson_projector_Power_Only.ir,projector_Power_Only,,0.0,,False,[],True
466cd8c10604ee65,Projectors/Epson/Epson_projector_remote_159917600.ir,projector_remote_159917600,projector_remote_159917600,0.45,inventory.model,True,"[""Epson_projector_remote_159917600""]",True
ef5c1da04e1aa5ce,Projectors/Gateway/Gateway_210_projextor.ir,210_projextor,210_projextor,0.45,inventory.model,True,"[""Gateway_210_projextor""]",True
d59c9f76d4239c17,Projectors/Groview/Groview.ir,Groview,,0.0,,False,[],True
29be252a42e7780d,Projectors/Hitachi/Hitachi_CP-X2011_Projector.ir,CP-X2011_Projector,CP-X2011_Projector,0.45,inventory.model,True,"[""Hitachi_CP-X2011_Projector""]",True
9e31ca18cd2ece19,Projectors/InFocus/INFOCUS_Many.ir,Many,,0.0,,False,[],True
ef1853404b1873a9,Projectors/InFocus/Infocus_Navigator_3.ir,Infocus_Navigator_3,Infocus_Navigator_3,0.45,inventory.model,False,[],True
0d76fef99a8f2541,Projectors/JVC/JVC_LX-UH1B.ir,LX-UH1B,LX-UH1B,0.45,inventory.model,True,"[""JVC_LX-UH1B""]",True
012cc979f38d6fee,Projectors/Jinhoo/Jinhoo_M10.ir,M10,M10,0.45,inventory.model,True,"[""Jinhoo_M10""]",True
8a1b131b1fd42b48,Projectors/LG/LG_PH300-NA.ir,PH300-NA,PH300-NA,0.45,inventory.model,True,"[""LG_PH300-NA""]",True
bfc4c870b6fc698c,Projectors/Maxell/Maxell_MC-EU5001.ir,MC-EU5001,MC-EU5001,0.45,inventory.model,True,"[""Maxell_MC-EU5001""]",True
47c6043f09fd6ccb,Projectors/Maxell/Maxell_MC-WU5503.ir,MC-WU5503,MC-WU5503,0.45,inventory.model,True,"[""Maxell_MC-WU5503""]",True
4570899c5a3c1e76,Projectors/Minolta/Minolta_MN674.ir,MN674,MN674,0.45,inventory.model,True,"[""Minolta_MN674""]",True
44897116ccbc0ebf,Projectors/NEC/NEC_RD-448E_Projector.ir,RD-448E_Projector,RD-448E_Projector,0.45,inventory.model,True,"[""NEC_RD-448E_Projector""]",True
2c5a3dffdcd01592,Projectors/NEC/NEC_RD-477E.ir,RD-477E,RD-477E,0.45,inventory.model,True,"[""NEC_RD-477E""]",True
4aaa0f057ed3aeb0,Projectors/NEC/NEC_RD-V260X.ir,RD-V260X,RD-V260X,0.45,inventory.model,True,"[""NEC_RD-V260X""]",True
c824bda97e5d47f3,Projectors/NEC/NEC_RD469e.ir,RD469e,RD469e,0.45,inventory.model,True,"[""NEC_RD469e""]",True
df03a9217f1ed899,Projectors/NEC/NEC_RU_M124.ir,RU_M124,RU_M124,0.45,inventory.model,True,"[""NEC_RU_M124""]",True
fc74be9c4a82a647,Projectors/NexiGo/NexiGo-PJ20.ir,NexiGo-PJ20,NexiGo-PJ20,0.45,inventory.model,False,[],True
0f72e918e9d139fd,Projectors/ONOAYO/ONOAYO_Portable_Projector.ir,Portable_Projector,,0.0,,False,[],True
4f0d415fc9c79155,Projectors/Optoma/OPTOMA_HD65.ir,HD65,HD65,0.45,inventory.model,True,"[""OPTOMA_HD65""]",True
89124d8e04f15726,Projectors/Optoma/Optoma_DH1011.ir,DH1011,DH1011,0.45,inventory.model,True,"[""Optoma_DH1011""]",True
9da02d9092a6d2e7,Projectors/Optoma/Optoma_IAR_Projector.ir,IAR_Projector,,0.0,,False,[],True
084cbc126c072b6a,Projectors/Optoma/Optoma_Profomo_L-27-5KEY.ir,Profomo_L-27-5KEY,Profomo_L-27-5KEY,0.45,inventory.model,True,"[""Optoma_Profomo_L-27-5KEY""]",True
088b94e2a4f4ead4,Projectors/Optoma/Optoma_Remote_HOF04K276D6.ir,Remote_HOF04K276D6,Remote_HOF04K276D6,0.45,inventory.model,True,"[""Optoma_Remote_HOF04K276D6""]",True
96641ce591fca3f6,Projectors/Optoma/Optoma_UHZ45.ir,UHZ45,UHZ45,0.45,inventory.model,True,"[""Optoma_UHZ45""]",True
9cb8125dfce63157,Projectors/Optoma/Optoma_projector.ir,projector,,0.0,,False,[],True
ea6e1b16e09fc40d,Projectors/PVO/PVO_YG300Pro.ir,YG300Pro,YG300Pro,0.45,inventory.model,True,"[""PVO_YG300Pro""]",True
8265a3bbb23c2115,Projectors/Panasonic/Panasonic_PT-AR100U.ir,PT-AR100U,PT-AR100U,0.45,inventory.model,True,"[""Panasonic_PT-AR100U""]",True
187496737344613e,Projectors/Panasonic/Panasonic_Projector.ir,Projector,,0.0,,False,[],True
ca70c361febe00df,Projectors/Philips/Philips_NeoPix_Prime_Projector.ir,NeoPix_Prime_Projector,,0.0,,False,[],True
0cfdfcb9d103755f,Projectors/Philips/Philips_PicoPix_Max_PPX620_Projector.ir,PicoPix_Max_PPX620_Projector,PicoPix_Max_PPX620_Projector,0.45,inventory.model,True,"[""Philips_PicoPix_Max_PPX620_Projector""]",True
bf23c1223de28a14,Projectors/Promethean/Promethean_PRM_35.ir,PRM_35,PRM_35,0.45,inventory.model,True,"[""Promethean_PRM_35""]",True
595293385824f68b,Projectors/Promethean/Promethean_UST-P1.ir,UST-P1,UST-P1,0.45,inventory.model,True,"[""Promethean_UST-P1""]",True
044624f40a3488f8,Projectors/RIF6/RIF6-cube-projector-raw.ir,RIF6-cube-projector-raw,RIF6-cube-projector-raw,0.45,inventory.model,False,[],True
89a29d23e50eec28,Projectors/Rayfoto/Rayfoto_Projector.ir,Projector,,0.0,,False,[],True
787637ff78eb07b6,Projectors/SAKAWA/SAKAWA_Projector.ir,Projector,,0.0,,False,[],True
f13e58267d4a42d3,Projectors/SMART/SMART_Projectors.ir,Projectors,,0.0,,False,[],True
45cbdbaf52e520ef,Projectors/Samsung/Samsung_Freestyle_Gen2.ir,Freestyle_Gen2,Freestyle_Gen2,0.45,inventory.model,True,"[""Samsung_Freestyle_Gen2""]",True
b2bb325378072ae6,Projectors/Samsung/Samsung_SP-LSP3BLAXXU.ir,SP-LSP3BLAXXU,SP-LSP3BLAXXU,0.45,inventory.model,True,"[""Samsung_SP-LSP3BLAXXU""]",True
9ba6c0fa0a66a4ae,Projectors/Samsung/Samsung_VG-TM2360E.ir,VG-TM2360E,VG-TM2360E,0.45,inventory.model,True,"[""Samsung_VG-TM2360E""]",True
0e515440a28966be,Projectors/Sharp/Sharp_RRMCGA664WJSA_Notevision XR-32S-L.ir,RRMCGA664WJSA_Notevision XR-32S-L,RRMCGA664WJSA_Notevision,0.45,inventory.model,True,"[""Sharp_RRMCGA664WJSA_Notevision""]",True
21e8eef2519a3041,Projectors/Sony/Sony RM-PJ30/Sony RM-PJ30 ID-1.ir,Sony RM-PJ30 ID-1,RM-PJ30,0.45,inventory.model,False,[],True
5f46dd2bd6c15df3,Projectors/Sony/Sony RM-PJ30/Sony RM-PJ30 ID-2.ir,Sony RM-PJ30 ID-2,RM-PJ30,0.45,inventory.model,False,[],True
04627337443999f5,Projectors/Sony/Sony RM-PJ30/Sony RM-PJ30 ID-3.ir,Sony RM-PJ30 ID-3,RM-PJ30,0.45,inventory.model,False,[],True
7c0504986dcd57e4,Projectors/Sony/Sony RM-PJ30/Sony RM-PJ30 ID-4.ir,Sony RM-PJ30 ID-4,RM-PJ30,0.45,inventory.model,False,[],True
621683649231ac62,Projectors/Sony/Sony_RM_PJ1000.ir,RM_PJ1000,RM_PJ1000,0.45,inventory.model,True,"[""Sony_RM_PJ1000""]",True
2d81a020f742819a,Projectors/Sony/Sony_RM_PJ24.ir,RM_PJ24,RM_PJ24,0.45,inventory.model,True,"[""Sony_RM_PJ24""]",True
578809fbe4b370fc,Projectors/Sony/Sony_RM_PJ27.ir,RM_PJ27,RM_PJ27,0.45,inventory.model,True,"[""Sony_RM_PJ27""]",True
7d92e8a6378157af,Projectors/StereoBoomm/Stereoboomm_MMP-250.ir,Stereoboomm_MMP-250,Stereoboomm_MMP-250,0.45,inventory.model,False,[],True
a10520b7147038d4,Projectors/TOPTRO/TOPTRO_TR25.ir,TR25,TR25,0.45,inventory.model,True,"[""TOPTRO_TR25""]",True
57b394fa7923a749,Projectors/Thunrlge/Thunrlge_X1BQ.ir,X1BQ,X1BQ,0.45,inventory.model,True,"[""Thunrlge_X1BQ""]",True
5f52f268a93999e2,Projectors/TopVisionTec/TopVision.ir,TopVision,,0.0,,False,[],True
3454096c0afc4303,Projectors/Vamvo/Vamvo_YG300_Pro_Mini.ir,YG300_Pro_Mini,YG300_Pro_Mini,0.45,inventory.model,True,"[""Vamvo_YG300_Pro_Mini""]",True
d09f7a1294b0024c,Projectors/Vankyo/Vankyo_V630W.ir,V630W,V630W,0.45,inventory.model,True,"[""Vankyo_V630W""]",True
a3c57cb2469ee8db,Projectors/ViewSonic/ViewSonic_M1_Mini_Plus.ir,M1_Mini_Plus,M1_Mini_Plus,0.45,inventory.model,True,"[""ViewSonic_M1_Mini_Plus""]",True
c1c46af8ef0b5185,Projectors/ViewSonic/ViewSonic_Projector_PA503W-2.ir,Projector_PA503W-2,Projector_PA503W-2,0.45,inventory.model,True,"[""ViewSonic_Projector_PA503W-2""]",True
de8b9a1a13ebb83b,Projectors/ViewSonic/ViewSonic_X1_Projector.ir,X1_Projector,X1_Projector,0.45,inventory.model,True,"[""ViewSonic_X1_Projector""]",True
c4285166d6c6849b,Projectors/Vivitek/Vivitek.ir,Vivitek,,0.0,,False,[],True
917660d4b89777be,Projectors/Vivitek/Vivitek2_Projector.ir,Vivitek2_Projector,Vivitek2_Projector,0.45,inventory.model,False,[],True
319e9ab96a680fd4,Projectors/Wanbo/Wanbo_T6_Max.ir,T6_Max,T6_Max,0.45,inventory.model,True,"[""Wanbo_T6_Max""]",True
f67021b5dc998e15,Projectors/WeWatch/WeWatch_v10_Projector.ir,v10_Projector,v10_Projector,0.45,inventory.model,True,"[""WeWatch_v10_Projector""]",True
8fc18f852f62ea17,Projectors/WiMiUS/WiMiUS_s25.ir,s25,s25,0.45,inventory.model,True,"[""WiMiUS_s25""]",True
85b29e9f07275df7,Projectors/WiMiUS/Wimius_K1.ir,Wimius_K1,Wimius_K1,0.45,inventory.model,False,[],True
53f775fa4b70ea2b,Projectors/Yoton/Yoton Y3.ir,Yoton Y3,,0.0,,False,[],True
635dcbf4d781ab9d,SoundBars/Amazon/Firetv_EVG487.ir,Firetv_EVG487,Firetv_EVG487,0.45,inventory.model,False,[],True
ed2e316374b7212e,SoundBars/Audac/Audac_IMEO2.ir,IMEO2,IMEO2,0.45,inventory.model,True,"[""Audac_IMEO2""]",True
07dee804cb6d00ed,SoundBars/Bauhn/Bauhn_MD44055.ir,MD44055,MD44055,0.45,inventory.model,True,"[""Bauhn_MD44055""]",True
5370e24bc0af05ea,SoundBars/Bestisan/Bestisan7020.ir,Bestisan7020,Bestisan7020,0.45,inventory.model,False,[],True
e5e1c651dd7621fb,SoundBars/Bomaker/Bomaker_Odine_Soundbar..ir,Odine_Soundbar.,,0.0,,False,[],True
23804d85791fcf12,SoundBars/Bose/Bose_CINEMATE_1_SR.ir,CINEMATE_1_SR,CINEMATE_1_SR,0.45,inventory.model,True,"[""Bose_CINEMATE_1_SR""]",True
988b670b5aa0ae33,SoundBars/Bose/Bose_Solo.ir,Solo,,0.0,,False,[],True
e250678c966cb677,SoundBars/Bose/Bose_Solo_2.ir,Solo_2,Solo_2,0.45,inventory.model,True,"[""Bose_Solo_2""]",True
2b8f4fd21266000e,SoundBars/Bose/Bose_Solo_5.ir,Solo_5,Solo_5,0.45,inventory.model,True,"[""Bose_Solo_5""]",True
76d47e5f3ebe78ac,SoundBars/Bose/Bose_Solo_Soundbar.ir,Solo_Soundbar,,0.0,,False,[],True
e505638f0e0371d2,SoundBars/Bose/Bose_Soundbar.ir,Soundbar,,0.0,,False,[],True
4a7fb9a3f0b46506,SoundBars/Bose/Bose_Soundbar_300.ir,Soundbar_300,Soundbar_300,0.45,inventory.model,True,"[""Bose_Soundbar_300""]",True
a398b275d847feb0,SoundBars/Bose/Bose_Soundbar_600.ir,Soundbar_600,Soundbar_600,0.45,inventory.model,True,"[""Bose_Soundbar_600""]",True
c62ce5594171a9ee,SoundBars/BrandUnknown/Amz_snd_bar.ir,Amz_snd_bar,,0.0,,False,[],True
2a4f7da7a02227d3,SoundBars/BrandUnknown/BLAUPUNKT_SB1021.ir,BLAUPUNKT_SB1021,BLAUPUNKT_SB1021,0.45,inventory.model,False,[],True
669f84bbd96f2177,SoundBars/BrandUnknown/Soundblasterx.ir,Soundblasterx,,0.0,,False,[],True
bcf8e2f14f19a3ea,SoundBars/Canton/Canton_Smart10.ir,Smart10,Smart10,0.45,inventory.model,True,"[""Canton_Smart10""]",True
109db11125c9a11d,SoundBars/Comhear/YARRA_3DX.ir,YARRA_3DX,YARRA_3DX,0.45,inventory.model,False,[],True
2df52924edf11294,SoundBars/Craig/Craig_CHT912.ir,CHT912,CHT912,0.45,inventory.model,True,"[""Craig_CHT912""]",True
ce7abdd2f75c625d,SoundBars/Craig/Craig_CHT921.ir,CHT921,CHT921,0.45,inventory.model,True,"[""Craig_CHT921""]",True
5125d56ef0e7985e,SoundBars/Craig/Craig_CHT939.ir,CHT939,CHT939,0.45,inventory.model,True,"[""Craig_CHT939""]",True
fdccb5a5c6140404,SoundBars/Creative/CreativeSoundBlaster_Katana_MF8245.ir,CreativeSoundBlaster_Katana_MF8245,CreativeSoundBlaster_Katana_MF8245,0.45,inventory.model,False,[],True
67098df8d4334ca7,SoundBars/Creative/Soundbar_creative_stage.ir,Soundbar_creative_stage,,0.0,,False,[],True
5dda92b4284ace92,SoundBars/Denon/Denon-RC-1236.ir,Denon-RC-1236,Denon-RC-1236,0.45,inventory.model,False,[],True
20d23592f0e6802b,SoundBars/Denon/Denon_DHT_S216.ir,DHT_S216,DHT_S216,0.45,inventory.model,True,"[""Denon_DHT_S216""]",True
fb1e381280bb13f3,SoundBars/Denon/Denon_Home_550.ir,Home_550,Home_550,0.45,inventory.model,True,"[""Denon_Home_550""]",True
dffe87e9c1fbfc05,SoundBars/Denon/Denon_RC-1230.ir,RC-1230,RC-1230,0.45,inventory.model,True,"[""Denon_RC-1230""]",True
5e8f6dea8dee45b5,SoundBars/DutchOriginals/dutch_originals_soundbar.ir,dutch_originals_soundbar,,0.0,,False,[],True
576625a77d0e9327,SoundBars/Grundig/Grundig_DSB_950.ir,DSB_950,DSB_950,0.45,inventory.model,True,"[""Grundig_DSB_950""]",True
0d252a14f4918f73,SoundBars/Hisense/Hisense_HS215.ir,HS215,HS215,0.45,inventory.model,True,"[""Hisense_HS215""]",True
39816e2115d5bf27,SoundBars/Hitachi/Hitachi_HSB40B16.ir,HSB40B16,HSB40B16,0.45,inventory.model,True,"[""Hitachi_HSB40B16""]",True
5c7c078dd72403f8,SoundBars/JBL/JBL_5_1_Soundbar.ir,5_1_Soundbar,5_1_Soundbar,0.45,inventory.model,True,"[""JBL_5_1_Soundbar""]",True
afcee4b8eda64888,SoundBars/JBL/JBL_Boost_TV_Soundbar.ir,Boost_TV_Soundbar,,0.0,,False,[],True
9a0a897f5f044fcd,SoundBars/JBL/JBL_CINEMA_SB120.ir,CINEMA_SB120,CINEMA_SB120,0.45,inventory.model,True,"[""JBL_CINEMA_SB120""]",True
eef060b4d74dd866,SoundBars/JBL/JBL_CINEMA_SB150.ir,CINEMA_SB150,CINEMA_SB150,0.45,inventory.model,True,"[""JBL_CINEMA_SB150""]",True
76e017eed5f8ec4b,SoundBars/JVC/JVC_THBY370A.ir,THBY370A,THBY370A,0.45,inventory.model,True,"[""JVC_THBY370A""]",True
cd7ddbd25bc88c97,SoundBars/Klipsch/Klipsch_Soundbar.ir,Soundbar,,0.0,,False,[],True
597e6b9315ff9c8e,SoundBars/Kogan/Kogan_KASBD150HA.ir,KASBD150HA,KASBD150HA,0.45,inventory.model,True,"[""Kogan_KASBD150HA""]",True
f786d6f90d605fbd,SoundBars/LG/LG SJ4.ir,LG SJ4,SJ4,0.45,inventory.model,False,[],True
57fcff11e127b680,SoundBars/LG/LG_AKB74815321.ir,AKB74815321,AKB74815321,0.45,inventory.model,True,"[""LG_AKB74815321""]",True
a8da5fb778a6fc39,SoundBars/LG/LG_LAP340.ir,LAP340,LAP340,0.45,inventory.model,True,"[""LG_LAP340""]",True
c4308df425f7917c,SoundBars/LG/LG_NB5541.ir,NB5541,NB5541,0.45,inventory.model,True,"[""LG_NB5541""]",True
5e248e278b48018c,SoundBars/LG/LG_SK10Y.ir,SK10Y,SK10Y,0.45,inventory.model,True,"[""LG_SK10Y""]",True
53f60e51b81cde22,SoundBars/LG/LG_SL10YG.ir,SL10YG,SL10YG,0.45,inventory.model,True,"[""LG_SL10YG""]",True
c55492048f29a937,SoundBars/LG/LG_SLM3D.ir,SLM3D,SLM3D,0.45,inventory.model,True,"[""LG_SLM3D""]",True
3d73edee1551fc1e,SoundBars/LG/LG_Soundbar.ir,Soundbar,,0.0,,False,[],True
c9e16f9d3fdd720e,SoundBars/Larksound/Larksound_L200.ir,L200,L200,0.45,inventory.model,True,"[""Larksound_L200""]",True
153f6ec66980f265,SoundBars/Majority/Majority_K2_SoundBar.ir,K2_SoundBar,K2_SoundBar,0.45,inventory.model,True,"[""Majority_K2_SoundBar""]",True
c15b85cf6cfe9f25,SoundBars/Majority/Majority_Soundbar.ir,Soundbar,,0.0,,False,[],True
a39aa5d28c08167d,SoundBars/Onn/Onn_sound_bar_and_subwoofer.ir,sound_bar_and_subwoofer,,0.0,,False,[],True
b5bee4a4ec719445,SoundBars/Panasonic/Panasonic_SCH-TB8.ir,SCH-TB8,SCH-TB8,0.45,inventory.model,True,"[""Panasonic_SCH-TB8""]",True
d8b346002c3526d4,SoundBars/Pheanoo/Pheanoo_P27.ir,P27,P27,0.45,inventory.model,True,"[""Pheanoo_P27""]",True
6ef5e5f6a6979606,SoundBars/Philips/Philips_HTL2161B_Soundbar.ir,HTL2161B_Soundbar,HTL2161B_Soundbar,0.45,inventory.model,True,"[""Philips_HTL2161B_Soundbar""]",True
9c30ca2f4eaee4af,SoundBars/Philips/Philips_HTL2163_Soundbar.ir,HTL2163_Soundbar,HTL2163_Soundbar,0.45,inventory.model,True,"[""Philips_HTL2163_Soundbar""]",True
65725bd4670fbf9c,SoundBars/Philips/Philips_TAB5105_79.ir,TAB5105_79,TAB5105_79,0.45,inventory.model,True,"[""Philips_TAB5105_79""]",True
09d6985e380228b0,SoundBars/PolkAudio/POLK_RE9641_1.ir,POLK_RE9641_1,POLK_RE9641_1,0.45,inventory.model,False,[],True
a3ef83eb5e73374e,SoundBars/PolkAudio/Polk_RE9114_1.ir,Polk_RE9114_1,Polk_RE9114_1,0.45,inventory.model,False,[],True
1f1b16f3b45e5357,SoundBars/Promethean/Promethean_ActivSoundBar_ASB-40.ir,ActivSoundBar_ASB-40,ActivSoundBar_ASB-40,0.45,inventory.model,True,"[""Promethean_ActivSoundBar_ASB-40""]",True
78d6672d3490b5da,SoundBars/Quantis/Quantis_LSW-1.ir,LSW-1,LSW-1,0.45,inventory.model,True,"[""Quantis_LSW-1""]",True
c59d82638c77eb39,SoundBars/RCA/RCA_RTS7110B2.ir,RTS7110B2,RTS7110B2,0.45,inventory.model,True,"[""RCA_RTS7110B2""]",True
7fa6656c58d40d5a,SoundBars/Samsung/Samsung_AH59-02547B_Soundbar.ir,AH59-02547B_Soundbar,AH59-02547B_Soundbar,0.45,inventory.model,True,"[""Samsung_AH59-02547B_Soundbar""]",True
06e72d598343d22c,SoundBars/Samsung/Samsung_AH59-02692P_Soundbar.ir,AH59-02692P_Soundbar,AH59-02692P_Soundbar,0.45,inventory.model,True,"[""Samsung_AH59-02692P_Soundbar""]",True
4fc2bd633f096b1a,SoundBars/Samsung/Samsung_AH59-02758A.ir,AH59-02758A,AH59-02758A,0.45,inventory.model,True,"[""Samsung_AH59-02758A""]",True
5a9b09f37714ce5a,SoundBars/Samsung/Samsung_AH59-02767C.ir,AH59-02767C,AH59-02767C,0.45,inventory.model,True,"[""Samsung_AH59-02767C""]",True
dae3d88f3f386698,SoundBars/Samsung/Samsung_AH59002692H.ir,AH59002692H,AH59002692H,0.45,inventory.model,True,"[""Samsung_AH59002692H""]",True
4a4a534307d14282,SoundBars/Samsung/Samsung_AH59_Soundbar.ir,AH59_Soundbar,AH59_Soundbar,0.45,inventory.model,True,"[""Samsung_AH59_Soundbar""]",True
f64eafccac1c4559,SoundBars/Samsung/Samsung_HW-FM45.ir,HW-FM45,HW-FM45,0.45,inventory.model,True,"[""Samsung_HW-FM45""]",True
1b69f8ac8dcace17,SoundBars/Samsung/Samsung_SK10Y.ir,SK10Y,SK10Y,0.45,inventory.model,True,"[""Samsung_SK10Y""]",True
3c9f4df866e890a9,SoundBars/Samsung/Samsung_Soundbar.ir,Soundbar,,0.0,,False,[],True
3f11d1ff5107ab7d,SoundBars/Samsung/Samsung_Soundbar_HW-T400.ir,Soundbar_HW-T400,Soundbar_HW-T400,0.45,inventory.model,True,"[""Samsung_Soundbar_HW-T400""]",True
6f12d48bac354de9,SoundBars/Samsung/Samsung_Soundbar_New.ir,Soundbar_New,,0.0,,False,[],True
f5f4895c8074a3f6,SoundBars/Samsung/Samsung_Soundbar_Q600A.ir,Soundbar_Q600A,Soundbar_Q600A,0.45,inventory.model,True,"[""Samsung_Soundbar_Q600A""]",True
7c31db12d0744d57,SoundBars/Sennheiser/Sennheiser_Ambeo_Soundbar.ir,Ambeo_Soundbar,,0.0,,False,[],True
973d01ad3e1def3e,SoundBars/Sky/SkySoundBox_Devialet.ir,SkySoundBox_Devialet,,0.0,,False,[],True
fa936a8cf70dee16,SoundBars/Sonos/Sonos_ARC_Beam_Playbar_Playbase.ir,ARC_Beam_Playbar_Playbase,,0.0,,False,[],True
f42116932e2cdd9f,SoundBars/Sony/SONY_RMT-AH412U.ir,RMT-AH412U,RMT-AH412U,0.45,inventory.model,True,"[""SONY_RMT-AH412U""]",True
fc5dd3880cce4c20,SoundBars/Sony/Sony_HW-T400.ir,HW-T400,HW-T400,0.45,inventory.model,True,"[""Sony_HW-T400""]",True
db0b404083111808,SoundBars/Sony/Sony_MHC-GS300AV.ir,MHC-GS300AV,MHC-GS300AV,0.45,inventory.model,True,"[""Sony_MHC-GS300AV""]",True
0d5549be27515406,SoundBars/Sony/Sony_Old_XBR.ir,Old_XBR,,0.0,,False,[],True
11c122d64872b628,SoundBars/Sony/Sony_RDH-GTK33IP.ir,RDH-GTK33IP,RDH-GTK33IP,0.45,inventory.model,True,"[""Sony_RDH-GTK33IP""]",True
bad9a1e8be2f5485,SoundBars/Sony/Sony_Soundbar_HT-XT3.ir,Soundbar_HT-XT3,Soundbar_HT-XT3,0.45,inventory.model,True,"[""Sony_Soundbar_HT-XT3""]",True
d4aa6462a7840eab,SoundBars/Sony/Sony_Soundbar_RMT-AH411U.ir,Soundbar_RMT-AH411U,Soundbar_RMT-AH411U,0.45,inventory.model,True,"[""Sony_Soundbar_RMT-AH411U""]",True
88390f422be78a42,SoundBars/TCL/TCL_TS5010.ir,TS5010,TS5010,0.45,inventory.model,True,"[""TCL_TS5010""]",True
6d07415b7401dbb3,SoundBars/TCL/TCL_TS8132.ir,TS8132,TS8132,0.45,inventory.model,True,"[""TCL_TS8132""]",True
7afb36099078b3ef,SoundBars/TaoTronics/TaoTronics_TT-SK023_Sound_Bar.ir,TT-SK023_Sound_Bar,TT-SK023_Sound_Bar,0.45,inventory.model,True,"[""TaoTronics_TT-SK023_Sound_Bar""]",True
acea216671200be5,SoundBars/TaoTronics/Taotronics_TT-SK026.ir,Taotronics_TT-SK026,Taotronics_TT-SK026,0.45,inventory.model,False,[],True
461bb791a7bb180a,SoundBars/Teufel/Teufel_Cinebase_Soundbar.ir,Cinebase_Soundbar,,0.0,,False,[],True
5cc6f7f7d3e28807,SoundBars/Toshiba/Toshiba_SBX4250.ir,SBX4250,SBX4250,0.45,inventory.model,True,"[""Toshiba_SBX4250""]",True
6b84d16ae6ac1f37,SoundBars/Ultimea/Ultimea_Poseidon_M20.ir,Poseidon_M20,Poseidon_M20,0.45,inventory.model,True,"[""Ultimea_Poseidon_M20""]",True
ef86993c8b414333,SoundBars/Vizio/Vizio_SB362An-F6.ir,SB362An-F6,SB362An-F6,0.45,inventory.model,True,"[""Vizio_SB362An-F6""]",True
f1bb2bfc7ea95833,SoundBars/Vizio/Vizio_SB3651_E6.ir,SB3651_E6,SB3651_E6,0.45,inventory.model,True,"[""Vizio_SB3651_E6""]",True
3acb16b9f0f56807,SoundBars/Vizio/Vizio_SB4551.ir,SB4551,SB4551,0.45,inventory.model,True,"[""Vizio_SB4551""]",True
aab6b7a7d0b0965b,SoundBars/Vizio/Vizio_Soundbar.ir,Soundbar,,0.0,,False,[],True
fd5f1cd7b4285878,SoundBars/Vizio/Vizio_V51-H6.ir,V51-H6,V51-H6,0.45,inventory.model,True,"[""Vizio_V51-H6""]",True
4ef0dd345ddb9a96,SoundBars/Vizio/Vizio_V51x-J6.ir,V51x-J6,V51x-J6,0.45,inventory.model,True,"[""Vizio_V51x-J6""]",True
e5a24f6498fa92b6,SoundBars/Vizio/Vizio_XRS321-C.ir,XRS321-C,XRS321-C,0.45,inventory.model,True,"[""Vizio_XRS321-C""]",True
e4c9889ef6b15f98,SoundBars/Xiaomi/Binnifa_Live1T.ir,Binnifa_Live1T,Binnifa_Live1T,0.45,inventory.model,False,[],True
41e6d99ada59e5da,SoundBars/Xiaomi/Xiaomi_MITVS26.ir,MITVS26,MITVS26,0.45,inventory.model,True,"[""Xiaomi_MITVS26""]",True
95073b9c9709221a,SoundBars/Yamaha/Yamaha_BAR400.ir,BAR400,BAR400,0.45,inventory.model,True,"[""Yamaha_BAR400""]",True
c9cb1b96002c9aeb,SoundBars/Yamaha/Yamaha_RX.ir,RX,,0.0,,False,[],True
9079ddad1df2a3d3,SoundBars/Yamaha/Yamaha_SR-B20A.ir,SR-B20A,SR-B20A,0.45,inventory.model,True,"[""Yamaha_SR-B20A""]",True
46167023f8ee9a77,SoundBars/Yamaha/Yamaha_YAS-108.ir,YAS-108,YAS-108,0.45,inventory.model,True,"[""Yamaha_YAS-108""]",True
c173c61fae23eae2,SoundBars/Yamaha/Yamaha_YAS-CU201.ir,YAS-CU201,YAS-CU201,0.45,inventory.model,True,"[""Yamaha_YAS-CU201""]",True
2cfef73c630abc3f,SoundBars/Yarra/Yarra_3DX.ir,3DX,3DX,0.45,inventory.model,True,"[""Yarra_3DX""]",True
7582b2a2cbe3b5ca,SoundBars/iLive/iLive_ITP280B_Remote.ir,ITP280B_Remote,ITP280B_Remote,0.45,inventory.model,True,"[""iLive_ITP280B_Remote""]",True
2d4cb43c741041e6,SoundBars/iLive/iLive_Soundbar.ir,Soundbar,,0.0,,False,[],True
70597ea43a07f1fe,Speakers/Adastra/Adastra_WA215.ir,WA215,WA215,0.45,inventory.model,True,"[""Adastra_WA215""]",True
465b2bf25a90088a,Speakers/Audioengine/Audioengine_a5.ir,a5,Audioengine_a5,0.72,file_name,False,[],True
8b82106dba980db9,Speakers/Biseoamz/Biseoamz_DY29S.ir,DY29S,DY29S,0.45,inventory.model,True,"[""Biseoamz_DY29S""]",True
d6105ae87e765267,Speakers/Bose/BOSE_Wave_Soundtouch_IV.ir,Wave_Soundtouch_IV,,0.0,,False,[],True
e965f1d3323e9b14,Speakers/Bose/Bose_SoundDock.ir,SoundDock,,0.0,,False,[],True
60a76c8b25e8ca01,Speakers/Bose/Bose_SoundTouch.ir,SoundTouch,,0.0,,False,[],True
63e72115941bf59f,Speakers/Bose/Bose_Wave_System.ir,Wave_System,,0.0,,False,[],True
de19f70adedbcec5,Speakers/Bowers_and_Wilkins/Bowers_and_Wilkins_Zeppelin_Air_(with_30-pin_connector).ir,Zeppelin_Air_(with_30-pin_connector),,0.0,,False,[],True
ea67808a8d359e26,Speakers/Bumpboxx/Bumpboxx.ir,Bumpboxx,,0.0,,False,[],True
bc29a76872ce7463,Speakers/Como_Audio/Como_audio.ir,Como_audio,,0.0,,False,[],True
b65231808d126b07,Speakers/Craig/Craig_CHT729.ir,CHT729,CHT729,0.45,inventory.model,True,"[""Craig_CHT729""]",True
0567de30929bdd4a,Speakers/Craig/Craig_CHT904.ir,CHT904,CHT904,0.45,inventory.model,True,"[""Craig_CHT904""]",True
c772ad71e4f0115b,Speakers/Craig/Craig_CHT912.ir,CHT912,CHT912,0.45,inventory.model,True,"[""Craig_CHT912""]",True
1d47549095cf53b9,Speakers/Craig/Craig_CHT921.ir,CHT921,CHT921,0.45,inventory.model,True,"[""Craig_CHT921""]",True
9f5b1f6e1cd8c53c,Speakers/Craig/Craig_CHT939.ir,CHT939,CHT939,0.45,inventory.model,True,"[""Craig_CHT939""]",True
2eed1bb54f20c6a2,Speakers/Creative/Creative_z5400.ir,z5400,z5400,0.45,inventory.model,True,"[""Creative_z5400""]",True
9d2762ce3e557601,Speakers/DollarTec_BT5AmpBoard/DollarTec_BT5AmpBoard.ir,DollarTec_BT5AmpBoard,,0.0,,False,[],True
c3fa8656dbe2b864,Speakers/Eastern/EASTERN_DA_9000.ir,DA_9000,DA_9000,0.45,inventory.model,True,"[""EASTERN_DA_9000""]",True
889f8d174a6fd362,Speakers/Edifier/Edifier_AirPulse_A80.ir,AirPulse_A80,AirPulse_A80,0.45,inventory.model,True,"[""Edifier_AirPulse_A80""]",True
26d8f37e86f4a360,Speakers/Edifier/Edifier_R1280DB.ir,R1280DB,R1280DB,0.45,inventory.model,True,"[""Edifier_R1280DB""]",True
f074598e119c2a24,Speakers/Edifier/Edifier_R1280T.ir,R1280T,R1280T,0.45,inventory.model,True,"[""Edifier_R1280T""]",True
d32d64e613ba9fb4,Speakers/Edifier/Edifier_R1700BT.ir,R1700BT,R1700BT,0.45,inventory.model,True,"[""Edifier_R1700BT""]",True
9886d1fa503de2a0,Speakers/Edifier/Edifier_R1700BTs.ir,R1700BTs,R1700BTs,0.45,inventory.model,True,"[""Edifier_R1700BTs""]",True
ad11c2e5373b4edb,Speakers/Edifier/Edifier_R1855DB.ir,R1855DB,R1855DB,0.45,inventory.model,True,"[""Edifier_R1855DB""]",True
6260a8ef1a9774b7,Speakers/Edifier/Edifier_R2800.ir,R2800,R2800,0.45,inventory.model,True,"[""Edifier_R2800""]",True
1fc352dd49fb4a78,Speakers/Edifier/Edifier_RC10D1_R2730DB.ir,RC10D1_R2730DB,RC10D1_R2730DB,0.45,inventory.model,True,"[""Edifier_RC10D1_R2730DB""]",True
98b38afcf59299d5,Speakers/Edifier/Edifier_RC17A.ir,RC17A,RC17A,0.45,inventory.model,True,"[""Edifier_RC17A""]",True
bab677cc646c0a59,Speakers/Edifier/Edifier_RC20G.ir,RC20G,RC20G,0.45,inventory.model,True,"[""Edifier_RC20G""]",True
e090dd1564e3681a,Speakers/Edifier/Edifier_RC80B.ir,RC80B,RC80B,0.45,inventory.model,True,"[""Edifier_RC80B""]",True
bdac2a2a937eb74b,Speakers/Edifier/Edifier_S360DB.ir,S360DB,S360DB,0.45,inventory.model,True,"[""Edifier_S360DB""]",True
a6c2bf2ffa00be3e,Speakers/Edifier/Edifier_S760D.ir,S760D,S760D,0.45,inventory.model,True,"[""Edifier_S760D""]",True
651c584ef31a2eab,Speakers/Edifier/Edifier_Speakers_RC31A.ir,Speakers_RC31A,Speakers_RC31A,0.45,inventory.model,True,"[""Edifier_Speakers_RC31A""]",True
239806c3d5d0d05d,Speakers/Fluance/Fluance_AI40.ir,AI40,AI40,0.45,inventory.model,True,"[""Fluance_AI40""]",True
ab0a82198e19806e,Speakers/Generic_Unknown_Brand/Dream_Aurora_AC6923.ir,Dream_Aurora_AC6923,Dream_Aurora_AC6923,0.45,inventory.model,False,[],True
723ce9e97ccc3edd,Speakers/Generic_Unknown_Brand/Quacker_LED_Speaker.ir,Quacker_LED_Speaker,,0.0,,False,[],True
f6a4c2295f8ba7b4,Speakers/Generic_Unknown_Brand/bl-xk01.ir,bl-xk01,bl-xk01,0.45,inventory.model,False,[],True
f0b45c80a434cf4f,Speakers/Geneva/Geneva_Sound_System_Model_L.ir,Sound_System_Model_L,,0.0,,False,[],True
16d12ba1addd4b55,Speakers/IBIZA_Sound/IBIZA_PORT_15_UHF.ir,IBIZA_PORT_15_UHF,IBIZA_PORT_15_UHF,0.45,inventory.model,False,[],True
33a82ec7a01def26,Speakers/JBL/JBL_Cinema_CB150.ir,Cinema_CB150,Cinema_CB150,0.45,inventory.model,True,"[""JBL_Cinema_CB150""]",True
511515a015f01d5b,Speakers/JBL/JBL_LSR4326P.ir,LSR4326P,LSR4326P,0.45,inventory.model,True,"[""JBL_LSR4326P""]",True
2d602886dcfb29f5,Speakers/JBL/JBL_On_Stage_IIIP_Speaker.ir,On_Stage_IIIP_Speaker,,0.0,,False,[],True
3c4f3ff56a1a8392,Speakers/JVC/JVC_D62BM.ir,D62BM,D62BM,0.45,inventory.model,True,"[""JVC_D62BM""]",True
f713fcbdfb6c4030,Speakers/KEF/KEF_LSX_Speakers.ir,LSX_Speakers,,0.0,,False,[],True
9659a8156d0ad6ed,Speakers/Kanto YU/Kanto_YU5.ir,Kanto_YU5,Kanto_YU5,0.45,inventory.model,False,[],True
9a90d062d5c8fdcc,Speakers/Klipsch/Klipsch_Heritage_Three_ii.ir,Heritage_Three_ii,,0.0,,False,[],True
6b2197235a378efb,Speakers/Klipsch/Klipsch_fives.ir,fives,,0.0,,False,[],True
070dcc828f2a86af,Speakers/Klipsch/Klipsch_r15pm.ir,r15pm,r15pm,0.45,inventory.model,True,"[""Klipsch_r15pm""]",True
135707f49c56d8bd,Speakers/Klipsch/Klipsch_r41pm.ir,r41pm,r41pm,0.45,inventory.model,True,"[""Klipsch_r41pm""]",True
0e68d343fc6f3a98,Speakers/Logitech/Logi_WD216XM.ir,Logi_WD216XM,Logi_WD216XM,0.45,inventory.model,False,[],True
adc8687fa66cc10d,Speakers/Logitech/Logitech_Z-5500.ir,Z-5500,Z-5500,0.45,inventory.model,True,"[""Logitech_Z-5500""]",True
e3ac2ffcd2b364ba,Speakers/Logitech/Z906.ir,Z906,Z906,0.45,inventory.model,False,[],True
490a2aafa19fd3b4,Speakers/Microlab/Microlab_RC071.ir,RC071,RC071,0.45,inventory.model,True,"[""Microlab_RC071""]",True
d618809461e9a9ad,Speakers/Microlab/Microlab_SOLO11.ir,SOLO11,SOLO11,0.45,inventory.model,True,"[""Microlab_SOLO11""]",True
f55f0ee5b4f51965,Speakers/Naim/Naim_Muso.ir,Muso,,0.0,,False,[],True
a0734299534bbb7e,Speakers/Ottolives/ROHS_BL_XK01.ir,ROHS_BL_XK01,ROHS_BL_XK01,0.45,inventory.model,False,[],True
11036ae84c0be9c6,Speakers/Panasonic/Panasonic_N2QAYB000145.ir,N2QAYB000145,N2QAYB000145,0.45,inventory.model,True,"[""Panasonic_N2QAYB000145""]",True
49ce983cb57b7c3f,Speakers/Panasonic/Panasonic_SA-PM602.ir,SA-PM602,SA-PM602,0.45,inventory.model,True,"[""Panasonic_SA-PM602""]",True
e72219beed7db580,Speakers/Panasonic/Panasonic_SC-PMX92-94.ir,SC-PMX92-94,SC-PMX92-94,0.45,inventory.model,True,"[""Panasonic_SC-PMX92-94""]",True
6a07afb7424a061a,Speakers/Q_Acoustics/Q_Acoustics_M40.ir,M40,M40,0.45,inventory.model,True,"[""Q_Acoustics_M40""]",True
13edf87d90f6c3af,Speakers/Ruark/Ruark_MR1.ir,MR1,MR1,0.45,inventory.model,True,"[""Ruark_MR1""]",True
917d725958552db6,Speakers/Samsung/Samsung_MX-T50.ir,MX-T50,MX-T50,0.45,inventory.model,True,"[""Samsung_MX-T50""]",True
6cf18612f598ba9c,Speakers/Sangean/Sangean_RC30.ir,RC30,RC30,0.45,inventory.model,True,"[""Sangean_RC30""]",True
1466f2c7aa04ae7a,Speakers/Sony/Sony_Amp_STR-DE875.ir,Amp_STR-DE875,Amp_STR-DE875,0.45,inventory.model,True,"[""Sony_Amp_STR-DE875""]",True
7ba265ed9427fd0f,Speakers/Sony/Sony_SRS-GU10iP.ir,SRS-GU10iP,SRS-GU10iP,0.45,inventory.model,True,"[""Sony_SRS-GU10iP""]",True
d9c155b12456b874,Speakers/Steljes/Steljes_Desktop_Speakers.ir,Desktop_Speakers,,0.0,,False,[],True
f4007d4c5d993566,Speakers/Teufel/Teufel_3SIXTY.ir,3SIXTY,3SIXTY,0.45,inventory.model,True,"[""Teufel_3SIXTY""]",True
3d6cc4047e5ddffc,Speakers/Teufel/Teufel_CEM500RC.ir,CEM500RC,CEM500RC,0.45,inventory.model,True,"[""Teufel_CEM500RC""]",True
7cc524080da0a50c,Speakers/Toshiba/Toshiba_RM-V329.ir,RM-V329,RM-V329,0.45,inventory.model,True,"[""Toshiba_RM-V329""]",True
8be170079de60389,Speakers/V-TAC/V-TAC_Soundor8_VT-6000W.ir,Soundor8_VT-6000W,Soundor8_VT-6000W,0.45,inventory.model,True,"[""V-TAC_Soundor8_VT-6000W""]",True
52b56bebf85c1153,Streaming_Devices/Amazon/Alexa_Voice_2ndGen.ir,Alexa_Voice_2ndGen,Alexa_Voice_2ndGen,0.45,inventory.model,False,[],True
f6c7f33ef8a7be00,Streaming_Devices/Amazon/FireTV_Stick_4K_Max.ir,FireTV_Stick_4K_Max,FireTV_Stick_4K_Max,0.45,inventory.model,False,[],True
f849bc4223d12cdb,Streaming_Devices/Apple/Apple_TV.ir,TV,,0.0,,False,[],True
63516f6c0d99fe17,Streaming_Devices/Apple/Apple_TV_4K_Gen2.ir,TV_4K_Gen2,TV_4K_Gen2,0.45,inventory.model,True,"[""Apple_TV_4K_Gen2""]",True
721b1217f38fe007,Streaming_Devices/Apple/Apple_TV_Gen2.ir,TV_Gen2,TV_Gen2,0.45,inventory.model,True,"[""Apple_TV_Gen2""]",True
9127df63b5b44def,Streaming_Devices/Apple/Apple_TV_Gen3.ir,TV_Gen3,TV_Gen3,0.45,inventory.model,True,"[""Apple_TV_Gen3""]",True
e624eb1613487cd1,Streaming_Devices/Apple/Apple_TV_Gen3_v2.ir,TV_Gen3_v2,TV_Gen3_v2,0.45,inventory.model,True,"[""Apple_TV_Gen3_v2""]",True
ce023e8f1c86be4a,Streaming_Devices/Bqeel/Bqeel_R1-Plus.ir,R1-Plus,R1-Plus,0.45,inventory.model,True,"[""Bqeel_R1-Plus""]",True
c69d1a857e4a0e3a,Streaming_Devices/Formuler/Formuler_Z8.ir,Z8,Formuler_Z8,0.72,file_name,False,[],True
6f2cc3f1c9ad472f,Streaming_Devices/Kaleidescape/Kaleidescape_Strato_V.ir,Strato_V,,0.0,,False,[],True
e11b41a0c1504e33,Streaming_Devices/MAG/MAG_TV_Box.ir,TV_Box,,0.0,,False,[],True
ec31e332d16fc89d,Streaming_Devices/Mecool/Mecool_KM6.ir,KM6,KM6,0.45,inventory.model,True,"[""Mecool_KM6""]",True
b4eeaa1ef67d3893,Streaming_Devices/Roku/Roku.ir,Roku,,0.0,,False,[],True
46d7158a6f05f91f,Streaming_Devices/Roku/Roku2.ir,Roku2,Roku2,0.45,inventory.model,False,[],True
ca5a36509db68f93,Streaming_Devices/Roku/Roku2_channels.ir,Roku2_channels,Roku2_channels,0.45,inventory.model,False,[],True
9586bf2ba60ad405,Streaming_Devices/Roku/Roku3.ir,Roku3,Roku3,0.45,inventory.model,False,[],True
652120963745473b,Streaming_Devices/Roku/Roku_4k.ir,4k,Roku_4k,0.72,file_name,False,[],True
9104e30455e873ba,Streaming_Devices/Roku/Roku_Alternate.ir,Alternate,,0.0,,False,[],True
56ae296821813c87,Streaming_Devices/Roku/Roku_SoundBridge.ir,SoundBridge,,0.0,,False,[],True
c6b0404b33637f1b,Streaming_Devices/Roku/Roku_dxD00pU.ir,dxD00pU,dxD00pU,0.45,inventory.model,True,"[""Roku_dxD00pU""]",True
ca99b7a6f071229a,Streaming_Devices/Roku/TCL_Roku_Remote.ir,TCL_Roku_Remote,,0.0,,False,[],True
9208c4db776ab077,Streaming_Devices/Roku/TCL_Roku_TV.ir,TCL_Roku_TV,,0.0,,False,[],True
6a214a940e4211ee,Streaming_Devices/Xiaomi/Xiaomi_MiBox1.ir,MiBox1,MiBox1,0.45,inventory.model,True,"[""Xiaomi_MiBox1""]",True
126bc8204ba1fa57,Streaming_Devices/Xiaomi/Xiaomi_MiBox2.ir,MiBox2,MiBox2,0.45,inventory.model,True,"[""Xiaomi_MiBox2""]",True
4754bc3d69dc9111,Streaming_Devices/onn/onn_4K_Pro.ir,4K_Pro,4K_Pro,0.45,inventory.model,True,"[""onn_4K_Pro""]",True
9b8467c264355aa0,TV_Tuner/Hauppauge/Hauppauge_R-005.ir,R-005,R-005,0.45,inventory.model,True,"[""Hauppauge_R-005""]",True
029fd71acd337a41,TV_Tuner/Hauppauge/WinTV_DualHD.ir,WinTV_DualHD,,0.0,,False,[],True
a2141455dfdf7f73,TV_Tuner/Mediasonic/Mediasonic_Homeworx_HW180STB.ir,Homeworx_HW180STB,Homeworx_HW180STB,0.45,inventory.model,True,"[""Mediasonic_Homeworx_HW180STB""]",True
71f1d6ae34896627,TV_Tuner/TechniSat/TechniSat_DVR401B.ir,DVR401B,DVR401B,0.45,inventory.model,True,"[""TechniSat_DVR401B""]",True
e4633e22a2081c24,TV_Tuner/elWron/elWron.ir,elWron,,0.0,,False,[],True
35e0849499010f42,TVs/AWA/AWA_MSDV3268O5D0.ir,MSDV3268O5D0,MSDV3268O5D0,0.45,inventory.model,True,"[""AWA_MSDV3268O5D0""]",True
3d74b1a30ad84483,TVs/Akai/AKAI_ATE_22Y604W.ir,ATE_22Y604W,ATE_22Y604W,0.45,inventory.model,True,"[""AKAI_ATE_22Y604W""]",True
401aab05c6c8c061,TVs/Amazon/FireTV_Omni_Series_4K.ir,FireTV_Omni_Series_4K,FireTV_Omni_Series_4K,0.45,inventory.model,False,[],True
dcda6a1a565077dc,TVs/AmazonBasics/AmazonBasics_TV_Remote.ir,TV_Remote,,0.0,,False,[],True
0b9e1033cd5277fb,TVs/Android/Android_TV_MXQ.ir,TV_MXQ,,0.0,,False,[],True
075beca68a119fde,TVs/Apex/APEX_LE4643T.ir,LE4643T,LE4643T,0.45,inventory.model,True,"[""APEX_LE4643T""]",True
0cd22ca9ef32a145,TVs/BBK/BBK_TV_LEM-1071.ir,TV_LEM-1071,TV_LEM-1071,0.45,inventory.model,True,"[""BBK_TV_LEM-1071""]",True
c649e6883d14333a,TVs/BGH/BGH_BLE2814D.ir,BLE2814D,BLE2814D,0.45,inventory.model,True,"[""BGH_BLE2814D""]",True
7d3e37156b5f8e96,TVs/Baird/BAIRD_T15011DLEDDS_RC-6.ir,T15011DLEDDS_RC-6,T15011DLEDDS_RC-6,0.45,inventory.model,True,"[""BAIRD_T15011DLEDDS_RC-6""]",True
0e059b4eda7c3560,TVs/Bauhn/Bauhn_ATV_50FHD4.ir,ATV_50FHD4,ATV_50FHD4,0.45,inventory.model,True,"[""Bauhn_ATV_50FHD4""]",True
4c7e73e9628a59b5,TVs/Bauhn/Bauhn_tv.ir,tv,,0.0,,False,[],True
6e0e61a45da03aa5,TVs/Blaupunkt/Blaupunkt.ir,Blaupunkt,,0.0,,False,[],True
c701c188e5e38675,TVs/Blitzwolf/Blitzwolf_BWPCM2.ir,BWPCM2,BWPCM2,0.45,inventory.model,True,"[""Blitzwolf_BWPCM2""]",True
f3ea8476eb9bdb01,TVs/Bolva/Bolva_TV.ir,TV,,0.0,,False,[],True
dd05365326bac4ab,TVs/Bose/Bose_TV.ir,TV,,0.0,,False,[],True
075487e6e91882fa,TVs/Boulanger/Essentiel_B_TV.ir,Essentiel_B_TV,,0.0,,False,[],True
10908058b6a224ad,TVs/Brandt/Brandt_B3228HD.ir,B3228HD,B3228HD,0.45,inventory.model,True,"[""Brandt_B3228HD""]",True
ecfae9bfce6bf6af,TVs/Brandt/Brandt_B3230HD_TV.ir,B3230HD_TV,B3230HD_TV,0.45,inventory.model,True,"[""Brandt_B3230HD_TV""]",True
d934f01b79642d9f,TVs/Bush/BUSH_TV_DLED32287HDCNTDFVP.ir,TV_DLED32287HDCNTDFVP,TV_DLED32287HDCNTDFVP,0.45,inventory.model,True,"[""BUSH_TV_DLED32287HDCNTDFVP""]",True
c07074d822230687,TVs/Bush/BUSH_TV_VL32HDLED.ir,TV_VL32HDLED,TV_VL32HDLED,0.45,inventory.model,True,"[""BUSH_TV_VL32HDLED""]",True
da86041c762cf606,TVs/Bush/Bush43QT24SB.ir,Bush43QT24SB,Bush43QT24SB,0.45,inventory.model,False,[],True
b95e0f93a3939c31,TVs/CCE/CCE_RC512_Remote.ir,RC512_Remote,RC512_Remote,0.45,inventory.model,True,"[""CCE_RC512_Remote""]",True
92d76f300963e536,TVs/Cadillac/Escalade_TV.ir,Escalade_TV,,0.0,,False,[],True
338b92e7ac80b02a,TVs/ContinentalEdison/ContinentalEdison.ir,ContinentalEdison,,0.0,,False,[],True
54b725c46d9d13af,TVs/ContinentalEdison/ContinentalEdison_CELD55SQLDV24B6.ir,CELD55SQLDV24B6,CELD55SQLDV24B6,0.45,inventory.model,True,"[""ContinentalEdison_CELD55SQLDV24B6""]",True
018cdf2c73c96884,TVs/ContinentalEdison/ContinentalEdison_CELED32JBL7.ir,CELED32JBL7,CELED32JBL7,0.45,inventory.model,True,"[""ContinentalEdison_CELED32JBL7""]",True
8cbf3b75b5bfef0c,TVs/ContinentalEdison/ContinentalEdison_CELED502723.ir,CELED502723,CELED502723,0.45,inventory.model,True,"[""ContinentalEdison_CELED502723""]",True
027026545eccc189,TVs/Cranker/Cranker_generic.ir,generic,,0.0,,False,[],True
ab774965bbe9a453,TVs/Crown/Crown_22111.ir,22111,Crown_22111,0.72,file_name,False,[],True
4d368d12dd43bc08,TVs/Crown/Crown_RC647340.ir,RC647340,RC647340,0.45,inventory.model,True,"[""Crown_RC647340""]",True
fe24fe293cbe11e3,TVs/DYON/DYON_Movie_Smart_32_XT.ir,Movie_Smart_32_XT,Movie_Smart_32_XT,0.45,inventory.model,True,"[""DYON_Movie_Smart_32_XT""]",True
e5aa9a449cae2de0,TVs/Daewoo/Daewood_Parsed.ir,Daewood_Parsed,,0.0,,False,[],True
752ba2d803678e29,TVs/Denver/Denver_LED-3271.ir,LED-3271,LED-3271,0.45,inventory.model,True,"[""Denver_LED-3271""]",True
605ef0102fff7c51,TVs/Devant/Devant_Unknown_Model.ir,Unknown_Model,,0.0,,False,[],True
e7b39e1cae218f24,TVs/Digihome/Butlins.ir,Butlins,,0.0,,False,[],True
21b7eb94fbf265bd,TVs/Dual/Dual_DL-32HD-002.ir,DL-32HD-002,DL-32HD-002,0.45,inventory.model,True,"[""Dual_DL-32HD-002""]",True
c2e6e95efea5f190,TVs/Dynex/Dynex_DX-RC01A-12.ir,DX-RC01A-12,DX-RC01A-12,0.45,inventory.model,True,"[""Dynex_DX-RC01A-12""]",True
101e0adc2567bc1b,TVs/Dynex/Dynex_EN21669D.ir,EN21669D,EN21669D,0.45,inventory.model,True,"[""Dynex_EN21669D""]",True
dae5dcb85731d424,TVs/Dynex/Dynex_RC-701-0A.ir,RC-701-0A,RC-701-0A,0.45,inventory.model,True,"[""Dynex_RC-701-0A""]",True
8968cd24962159a8,TVs/EdenWood/EdenWood_TV.ir,TV,,0.0,,False,[],True
2bba05be8bcbe98b,TVs/Element/Element_100-Series_TV.ir,100-Series_TV,100-Series_TV,0.45,inventory.model,True,"[""Element_100-Series_TV""]",True
a1f423dbbbb21e97,TVs/Element/Element_FullRemote.ir,FullRemote,,0.0,,False,[],True
14eff01598a05af1,TVs/Element/Element_TV.ir,TV,,0.0,,False,[],True
c12e4c8ba1decb98,TVs/Elements/Elements_TV.ir,TV,,0.0,,False,[],True
2b0155f7d670281e,TVs/Elitelux/Elitelux_L32HD1000.ir,L32HD1000,L32HD1000,0.45,inventory.model,True,"[""Elitelux_L32HD1000""]",True
25eb4ef1ca55b6d3,TVs/Emerson/Emerson_32FNT004.ir,32FNT004,32FNT004,0.45,inventory.model,True,"[""Emerson_32FNT004""]",True
42155f467a89cfd3,TVs/Emerson/Emerson_EWC13D4.ir,EWC13D4,EWC13D4,0.45,inventory.model,True,"[""Emerson_EWC13D4""]",True
c524c39e75e996e9,TVs/Emerson/Emerson_remote_NH303UD.ir,remote_NH303UD,remote_NH303UD,0.45,inventory.model,True,"[""Emerson_remote_NH303UD""]",True
36d81e1dd7e24b66,TVs/Enseo/Enseo.ir,Enseo,,0.0,,False,[],True
1dd1e4d8d3c40d39,TVs/Enseo/Enseo_full.ir,full,,0.0,,False,[],True
5f1a0703ec4be4e8,TVs/Erisson/Erisson_AL52D_B.ir,AL52D_B,AL52D_B,0.45,inventory.model,True,"[""Erisson_AL52D_B""]",True
354e2a8bf11112a8,TVs/EssentielB/EssentielB.ir,EssentielB,,0.0,,False,[],True
248d9169a2c294b9,TVs/FINLUX/FINLUX.ir,FINLUX,,0.0,,False,[],True
f6d76537831ca050,TVs/Fetch/Fetch_TV_Box_AUS.ir,TV_Box_AUS,,0.0,,False,[],True
2eb3afefca8882ca,TVs/Ffalcon/Ffalcon_SF1_Smart_TV.ir,SF1_Smart_TV,SF1_Smart_TV,0.45,inventory.model,True,"[""Ffalcon_SF1_Smart_TV""]",True
7e44bac57c715127,TVs/Funai/Funai.ir,Funai,,0.0,,False,[],True
779513d617a5b016,TVs/Furrion/Furrion.ir,Furrion,,0.0,,False,[],True
5c5a93a558340f2c,TVs/GPX/Gpx.ir,Gpx,,0.0,,False,[],True
0cab70a907cfc0da,TVs/GVA/GVA_GVA32M7D.ir,GVA32M7D,GVA32M7D,0.45,inventory.model,True,"[""GVA_GVA32M7D""]",True
a97ad59753993d7e,TVs/Gigabyte/AORUS_Monitor.ir,AORUS_Monitor,,0.0,,False,[],True
1f3e253ce0ecc116,TVs/Gogen/Gogen_TVH24P266T.ir,TVH24P266T,TVH24P266T,0.45,inventory.model,True,"[""Gogen_TVH24P266T""]",True
cd904b69fe1b8204,TVs/Grandin/Grandin.ir,Grandin,,0.0,,False,[],True
65eb49ae80789628,TVs/Grandin/Grandin_Unknown_Model.ir,Unknown_Model,,0.0,,False,[],True
a64f9667cba79958,TVs/Grundig/GRUNDIG.ir,GRUNDIG,,0.0,,False,[],True
6397e760ec807e81,TVs/Grundig/GRUNDIG_UNKNOWN.ir,UNKNOWN,,0.0,,False,[],True
fe40d92597457898,TVs/Grundig/Grundig_2.ir,2,Grundig_2,0.72,file_name,False,[],True
b0882d5f6e64dca8,TVs/Grundig/Grundig_AndroidTV.ir,AndroidTV,,0.0,,False,[],True
8ef25abbfb56d14b,TVs/Grundig/Grundig_TP750C.ir,TP750C,TP750C,0.45,inventory.model,True,"[""Grundig_TP750C""]",True
3d05f1c686491adc,TVs/Grundig/Grundig_TP800.ir,TP800,TP800,0.45,inventory.model,True,"[""Grundig_TP800""]",True
c51c06df7a52b826,TVs/GuestTek/GuestTek_Marriot_Hotel.ir,Marriot_Hotel,,0.0,,False,[],True
d6c8f1084eae8f49,TVs/Haier/Haier_L42C1180.ir,L42C1180,L42C1180,0.45,inventory.model,True,"[""Haier_L42C1180""]",True
a27e8d60481528c5,TVs/Hisense/Hisense_32A4HAU.ir,32A4HAU,32A4HAU,0.45,inventory.model,True,"[""Hisense_32A4HAU""]",True
24ffdaa23de38973,TVs/Hisense/Hisense_55E7KQ.ir,55E7KQ,55E7KQ,0.45,inventory.model,True,"[""Hisense_55E7KQ""]",True
966839f6b22f396e,TVs/Hisense/Hisense_55K3201GUWUS.ir,55K3201GUWUS,55K3201GUWUS,0.45,inventory.model,True,"[""Hisense_55K3201GUWUS""]",True
b6091d83ac8653e6,TVs/Hisense/Hisense_55U6K.ir,55U6K,55U6K,0.45,inventory.model,True,"[""Hisense_55U6K""]",True
2be8f0e3a148dbfd,TVs/Hisense/Hisense_58R5.ir,58R5,58R5,0.45,inventory.model,True,"[""Hisense_58R5""]",True
e09238d8de338489,TVs/Hisense/Hisense_65K3300UW.ir,65K3300UW,65K3300UW,0.45,inventory.model,True,"[""Hisense_65K3300UW""]",True
ad513bb95b960c1e,TVs/Hisense/Hisense_EN3AH39H.ir,EN3AH39H,EN3AH39H,0.45,inventory.model,True,"[""Hisense_EN3AH39H""]",True
580f1c29a1536575,TVs/Hisense/Hisense_EN3Y39H.ir,EN3Y39H,EN3Y39H,0.45,inventory.model,True,"[""Hisense_EN3Y39H""]",True
6e63a9fd0a003084,TVs/Hisense/Hisense_EN_33926A.ir,EN_33926A,EN_33926A,0.45,inventory.model,True,"[""Hisense_EN_33926A""]",True
32bcc52c8a9b8482,TVs/Hisense/Hisense_ER22601A.ir,ER22601A,ER22601A,0.45,inventory.model,True,"[""Hisense_ER22601A""]",True
1b6e37253744b7be,TVs/Hisense/Hisense_K321UW.ir,K321UW,K321UW,0.45,inventory.model,True,"[""Hisense_K321UW""]",True
294b6646ad92e8b6,TVs/Hisense/Hisense_RokuTV.ir,RokuTV,,0.0,,False,[],True
09f08ba13bd647aa,TVs/Hisense/Hisense_TV_ZDB2190126.ir,TV_ZDB2190126,TV_ZDB2190126,0.45,inventory.model,True,"[""Hisense_TV_ZDB2190126""]",True
e33376e12afcab8d,TVs/Hisense/Hisense_U7G.ir,U7G,U7G,0.45,inventory.model,True,"[""Hisense_U7G""]",True
9f90ff45fb052c77,TVs/Hitachi/Hitachi_43140.ir,43140,Hitachi_43140,0.72,file_name,False,[],True
6c70108022743248,TVs/Hitachi/Hitachi_49141.ir,49141,Hitachi_49141,0.72,file_name,False,[],True
c1f0702ee53c5675,TVs/Hitachi/Hitachi_CLE-1031.ir,CLE-1031,CLE-1031,0.45,inventory.model,True,"[""Hitachi_CLE-1031""]",True
7d5fee9396c20dc0,TVs/Hitachi/Hitachi_LE46H508.ir,LE46H508,LE46H508,0.45,inventory.model,True,"[""Hitachi_LE46H508""]",True
38b1df19df675f73,TVs/Hitachi/Hitachi_RC43140.ir,RC43140,RC43140,0.45,inventory.model,True,"[""Hitachi_RC43140""]",True
5edbfa901be67628,TVs/Hitachi/Hitachi_SmartTV_43140.ir,SmartTV_43140,SmartTV_43140,0.45,inventory.model,True,"[""Hitachi_SmartTV_43140""]",True
a374b415d6b754c2,TVs/Hotels/Hilton_Connected_Room_Remote.ir,Hilton_Connected_Room_Remote,,0.0,,False,[],True
1664dba572971a1d,TVs/Hotels/Marriott-BONVoY_Remote.ir,Marriott-BONVoY_Remote,,0.0,,False,[],True
fe23638f25ec4c17,TVs/Insignia/Insignia.ir,Insignia,,0.0,,False,[],True
fc1845b57fba5ffc,TVs/Insignia/Insignia_NS_40D510NA17.ir,NS_40D510NA17,NS_40D510NA17,0.45,inventory.model,True,"[""Insignia_NS_40D510NA17""]",True
64d7dd86f9fbe85c,TVs/Insignia/Insignia_NS_RC9DNA-14.ir,NS_RC9DNA-14,NS_RC9DNA-14,0.45,inventory.model,True,"[""Insignia_NS_RC9DNA-14""]",True
db43a09f50d1eb5d,TVs/Insignia/Insignia_NS_RCFNA_21.ir,NS_RCFNA_21,NS_RCFNA_21,0.45,inventory.model,True,"[""Insignia_NS_RCFNA_21""]",True
8a3760c2cbe8a5be,TVs/JVC/JVC_4KTV.ir,4KTV,4KTV,0.45,inventory.model,True,"[""JVC_4KTV""]",True
b1ad0b4f135d348f,TVs/JVC/JVC_LT-49HW97U.ir,LT-49HW97U,LT-49HW97U,0.45,inventory.model,True,"[""JVC_LT-49HW97U""]",True
7368b4d316dbac54,TVs/JVC/JVC_RMT-JR01.ir,RMT-JR01,RMT-JR01,0.45,inventory.model,True,"[""JVC_RMT-JR01""]",True
0d0127cedd382f88,TVs/Kendo/Kendo_CP20M36VT.ir,CP20M36VT,CP20M36VT,0.45,inventory.model,True,"[""Kendo_CP20M36VT""]",True
62ed2a8672210ff3,TVs/Kogan/Kogan_KALED50XU9210STB.ir,KALED50XU9210STB,KALED50XU9210STB,0.45,inventory.model,True,"[""Kogan_KALED50XU9210STB""]",True
f34102d90b74ba9a,TVs/Kraft/KRAFT_KTV.ir,KTV,,0.0,,False,[],True
f35fe05af89fddc9,TVs/LG/LG.ir,LG,,0.0,,False,[],True
8a899d8114bdd482,TVs/LG/LG_24LJ4840.ir,24LJ4840,24LJ4840,0.45,inventory.model,True,"[""LG_24LJ4840""]",True
0ac250b2f9b92223,TVs/LG/LG_27GR95QE_TV.ir,27GR95QE_TV,27GR95QE_TV,0.45,inventory.model,True,"[""LG_27GR95QE_TV""]",True
a10c7170073167ad,TVs/LG/LG_32LF650V.ir,32LF650V,32LF650V,0.45,inventory.model,True,"[""LG_32LF650V""]",True
7cb334b0366d8eb9,TVs/LG/LG_32LN5406.ir,32LN5406,32LN5406,0.45,inventory.model,True,"[""LG_32LN5406""]",True
1fa5d7ce1a9d7a83,TVs/LG/LG_32LW4500.ir,32LW4500,32LW4500,0.45,inventory.model,True,"[""LG_32LW4500""]",True
e39a7845b9468d33,TVs/LG/LG_37LN5403.ir,37LN5403,37LN5403,0.45,inventory.model,True,"[""LG_37LN5403""]",True
10ea3d3d6901f004,TVs/LG/LG_43NANO779PA.ir,43NANO779PA,43NANO779PA,0.45,inventory.model,True,"[""LG_43NANO779PA""]",True
b68f756af46e331d,TVs/LG/LG_48LV340H.ir,48LV340H,48LV340H,0.45,inventory.model,True,"[""LG_48LV340H""]",True
0a1292bbff62ecd4,TVs/LG/LG_4K_TV.ir,4K_TV,4K_TV,0.45,inventory.model,True,"[""LG_4K_TV""]",True
931cd49296d04bf3,TVs/LG/LG_55LB870V_ZA.ir,55LB870V_ZA,55LB870V_ZA,0.45,inventory.model,True,"[""LG_55LB870V_ZA""]",True
7ed3d3b84f215d6e,TVs/LG/LG_55UN7300AUD.ir,55UN7300AUD,55UN7300AUD,0.45,inventory.model,True,"[""LG_55UN7300AUD""]",True
e197598bdee64661,TVs/LG/LG_75UJ6470.ir,75UJ6470,75UJ6470,0.45,inventory.model,True,"[""LG_75UJ6470""]",True
5e896120973627a1,TVs/LG/LG_AKB33871403.ir,AKB33871403,AKB33871403,0.45,inventory.model,True,"[""LG_AKB33871403""]",True
515bd099b73eceab,TVs/LG/LG_AKB69680401.ir,AKB69680401,AKB69680401,0.45,inventory.model,True,"[""LG_AKB69680401""]",True
7a9d491c8507dc1b,TVs/LG/LG_AKB72913118.ir,AKB72913118,AKB72913118,0.45,inventory.model,True,"[""LG_AKB72913118""]",True
8d1cbf6bb723b6d7,TVs/LG/LG_AKB72914048.ir,AKB72914048,AKB72914048,0.45,inventory.model,True,"[""LG_AKB72914048""]",True
ef75ace22467cec7,TVs/LG/LG_AKB72915206.ir,AKB72915206,AKB72915206,0.45,inventory.model,True,"[""LG_AKB72915206""]",True
c00122ba64e980b0,TVs/LG/LG_AKB73275675.ir,AKB73275675,AKB73275675,0.45,inventory.model,True,"[""LG_AKB73275675""]",True
c9b36bbb5cf7b268,TVs/LG/LG_AKB74915305.ir,AKB74915305,AKB74915305,0.45,inventory.model,True,"[""LG_AKB74915305""]",True
c27c9bce62dd8076,TVs/LG/LG_AKB75095307.ir,AKB75095307,AKB75095307,0.45,inventory.model,True,"[""LG_AKB75095307""]",True
02d637804ef70bbe,TVs/LG/LG_AKB75375608.ir,AKB75375608,AKB75375608,0.45,inventory.model,True,"[""LG_AKB75375608""]",True
9669d718a2ab530d,TVs/LG/LG_AKB75675311.ir,AKB75675311,AKB75675311,0.45,inventory.model,True,"[""LG_AKB75675311""]",True
e4bbfde8d09c9f3a,TVs/LG/LG_AKB75855501.ir,AKB75855501,AKB75855501,0.45,inventory.model,True,"[""LG_AKB75855501""]",True
d2e0358585d73032,TVs/LG/LG_AKB76043102.ir,AKB76043102,AKB76043102,0.45,inventory.model,True,"[""LG_AKB76043102""]",True
7689fd3b0d9c9cbe,TVs/LG/LG_C1.ir,C1,LG_C1,0.72,file_name,False,[],True
6c4983ed1594e377,TVs/LG/LG_C9_magic_remote.ir,C9_magic_remote,C9_magic_remote,0.45,inventory.model,True,"[""LG_C9_magic_remote""]",True
83070edf7249af21,TVs/LG/LG_Factory_Service.ir,Factory_Service,,0.0,,False,[],True
742ea9c38c1bf986,TVs/LG/LG_Hotel_TV_Home2.ir,Hotel_TV_Home2,Hotel_TV_Home2,0.45,inventory.model,True,"[""LG_Hotel_TV_Home2""]",True
59375cd6c6f61cd3,TVs/LG/LG_Hotel_tv.ir,Hotel_tv,,0.0,,False,[],True
d1afc5025b4013ab,TVs/LG/LG_MKJ33981404.ir,MKJ33981404,MKJ33981404,0.45,inventory.model,True,"[""LG_MKJ33981404""]",True
a72274ea3e28c637,TVs/LG/LG_MKJ39170828_Service.ir,MKJ39170828_Service,MKJ39170828_Service,0.45,inventory.model,True,"[""LG_MKJ39170828_Service""]",True
5409beec9dc42908,TVs/LG/LG_MR21GC_Magic_Remote.ir,MR21GC_Magic_Remote,MR21GC_Magic_Remote,0.45,inventory.model,True,"[""LG_MR21GC_Magic_Remote""]",True
cbc23204d20396c2,TVs/LG/LG_OLED48C37LA (LG_OLED C3 models).ir,OLED48C37LA (LG_OLED C3 models),OLED48C37LA,0.45,inventory.model,True,"[""LG_OLED48C37LA""]",True
ee49810fba0e1b0b,TVs/LG/LG_OLED65C8PUA.ir,OLED65C8PUA,OLED65C8PUA,0.45,inventory.model,True,"[""LG_OLED65C8PUA""]",True
6131bd93d8a15185,TVs/LG/LG_TV_42LF5800.ir,TV_42LF5800,TV_42LF5800,0.45,inventory.model,True,"[""LG_TV_42LF5800""]",True
9e6dd794c8130540,TVs/LG/LG_TV_AKB75375604.ir,TV_AKB75375604,TV_AKB75375604,0.45,inventory.model,True,"[""LG_TV_AKB75375604""]",True
fba9a590e210579a,TVs/LodgeNet/lodgenet_lrc3220.ir,lodgenet_lrc3220,lodgenet_lrc3220,0.45,inventory.model,False,[],True
4a87d98b61e318ee,TVs/Loewe/LOEWE_TV.ir,TV,,0.0,,False,[],True
70e7cec39bf59e58,TVs/Magnavox/MAGNAVOX_20MT1331_17.ir,20MT1331_17,20MT1331_17,0.45,inventory.model,True,"[""MAGNAVOX_20MT1331_17""]",True
27d7a8a30455e588,TVs/Magnavox/MAGNAVOX_CD130MW8.ir,CD130MW8,CD130MW8,0.45,inventory.model,True,"[""MAGNAVOX_CD130MW8""]",True
9db0944047a6a5a3,TVs/Magnavox/MAGNAVOX_RD0946T102.ir,RD0946T102,RD0946T102,0.45,inventory.model,True,"[""MAGNAVOX_RD0946T102""]",True
ddad08fdd3d35efc,TVs/Manta/Manta.ir,Manta,,0.0,,False,[],True
a14e67cea463aa61,TVs/Manta/Manta_TV.ir,TV,,0.0,,False,[],True
16c9abb68c212fbf,TVs/Manta/Manta_TV_2.ir,TV_2,TV_2,0.45,inventory.model,True,"[""Manta_TV_2""]",True
ebebb891e953393e,TVs/Matsui/Matsui_1435b.ir,1435b,1435b,0.45,inventory.model,True,"[""Matsui_1435b""]",True
3755a94a4cfdf68f,TVs/Medion/Medion.ir,Medion,,0.0,,False,[],True
611c6e940b4c5724,TVs/Medion/Medion_MD21302.ir,MD21302,MD21302,0.45,inventory.model,True,"[""Medion_MD21302""]",True
078495c9fced53a7,TVs/Medion/Medion_MD31802.ir,MD31802,MD31802,0.45,inventory.model,True,"[""Medion_MD31802""]",True
a564e3fabc5954ba,TVs/Mivar/Mivar_LCD_TV.ir,LCD_TV,,0.0,,False,[],True
e30ea5da8349dddc,TVs/NEC/NEC.ir,NEC,,0.0,,False,[],True
fbd9d6223928d424,TVs/NEC/NEC_E425.ir,E425,E425,0.45,inventory.model,True,"[""NEC_E425""]",True
7d3b2fa07225cc5c,TVs/Neo/Neo_TV.ir,TV,,0.0,,False,[],True
299dd31f5981f322,TVs/Nevir/NEVIR_NVR-7409-39HD-N.ir,NVR-7409-39HD-N,NVR-7409-39HD-N,0.45,inventory.model,True,"[""NEVIR_NVR-7409-39HD-N""]",True
ee3d3deba32e13d5,TVs/Oky/Oky_TV.ir,TV,,0.0,,False,[],True
7a0f07e22fad5d5e,TVs/Onn/Onn_Roku_TV.ir,Roku_TV,,0.0,,False,[],True
17940492b03767ba,TVs/PDi/PD108-420.ir,PD108-420,PD108-420,0.45,inventory.model,False,[],True
9dac7c32273c40a8,TVs/Panasonic/N2QAYB001109.ir,N2QAYB001109,N2QAYB001109,0.45,inventory.model,False,[],True
5eaa2a6a261fc419,TVs/Panasonic/N2QAYB001109_full.ir,N2QAYB001109_full,N2QAYB001109_full,0.45,inventory.model,False,[],True
4241da6ffc4ce4f2,TVs/Panasonic/Panasonic_58JX800_Series.ir,58JX800_Series,58JX800_Series,0.45,inventory.model,True,"[""Panasonic_58JX800_Series""]",True
986ecc0cf75669b0,TVs/Panasonic/Panasonic_N2QAYA_152.ir,N2QAYA_152,N2QAYA_152,0.45,inventory.model,True,"[""Panasonic_N2QAYA_152""]",True
e19568081a1a081d,TVs/Panasonic/Panasonic_N2QAYB000352.ir,N2QAYB000352,N2QAYB000352,0.45,inventory.model,True,"[""Panasonic_N2QAYB000352""]",True
15bbba85a9f0e305,TVs/Panasonic/Panasonic_N2QAYB000705.ir,N2QAYB000705,N2QAYB000705,0.45,inventory.model,True,"[""Panasonic_N2QAYB000705""]",True
f1f11686692cd84f,TVs/Panasonic/Panasonic_N2QAYB000715.ir,N2QAYB000715,N2QAYB000715,0.45,inventory.model,True,"[""Panasonic_N2QAYB000715""]",True
91e3fba290697db5,TVs/Panasonic/Panasonic_N2QAYB000752.ir,N2QAYB000752,N2QAYB000752,0.45,inventory.model,True,"[""Panasonic_N2QAYB000752""]",True
a1ef48c5fe33f72a,TVs/Panasonic/Panasonic_N2QAYB000752_Full.ir,N2QAYB000752_Full,N2QAYB000752_Full,0.45,inventory.model,True,"[""Panasonic_N2QAYB000752_Full""]",True
d46b404a63caac77,TVs/Panasonic/Panasonic_N2QAYB000926.ir,N2QAYB000926,N2QAYB000926,0.45,inventory.model,True,"[""Panasonic_N2QAYB000926""]",True
b8e5c57596661a86,TVs/Panasonic/Panasonic_TC-P50S2.ir,TC-P50S2,TC-P50S2,0.45,inventory.model,True,"[""Panasonic_TC-P50S2""]",True
1ef14a3819744c2d,TVs/Panasonic/Panasonic_TC-P50U1.ir,TC-P50U1,TC-P50U1,0.45,inventory.model,True,"[""Panasonic_TC-P50U1""]",True
529069368e9a4f09,TVs/Panasonic/Panasonic_TH-43HS550K.ir,TH-43HS550K,TH-43HS550K,0.45,inventory.model,True,"[""Panasonic_TH-43HS550K""]",True
6d11bb1b7f69519a,TVs/Panasonic/Panasonic_TX-40HX800B.ir,TX-40HX800B,TX-40HX800B,0.45,inventory.model,True,"[""Panasonic_TX-40HX800B""]",True
733da82c3beadb8c,TVs/Panasonic/Panasonic_TX-P50C10E.ir,TX-P50C10E,TX-P50C10E,0.45,inventory.model,True,"[""Panasonic_TX-P50C10E""]",True
1e5999053aee3134,TVs/Panasonic/Panasonic_TX29AS10C.ir,TX29AS10C,TX29AS10C,0.45,inventory.model,True,"[""Panasonic_TX29AS10C""]",True
f1f66f130dc22122,TVs/Panasonic/Panasonic_TX_42AS650E.ir,TX_42AS650E,TX_42AS650E,0.45,inventory.model,True,"[""Panasonic_TX_42AS650E""]",True
fde4c2cfa21faa38,TVs/Panasonic/Panasonic_TX_43GXW584.ir,TX_43GXW584,TX_43GXW584,0.45,inventory.model,True,"[""Panasonic_TX_43GXW584""]",True
f18f8a339b8cdd9d,TVs/Panasonic/Panasonic_TX_L42E5E.ir,TX_L42E5E,TX_L42E5E,0.45,inventory.model,True,"[""Panasonic_TX_L42E5E""]",True
3272b4794c983159,TVs/Panasonic/Panasonic_Unknown_Full.ir,Unknown_Full,,0.0,,False,[],True
36401427a459d3ff,TVs/Panasonic/Panasonic_Viera.ir,Viera,,0.0,,False,[],True
c9ddf97b5e0f1f02,TVs/Philips/PhilipsTV.ir,PhilipsTV,,0.0,,False,[],True
69a6e7baefa19c9c,TVs/Philips/Philips_14GX8510.ir,14GX8510,14GX8510,0.45,inventory.model,True,"[""Philips_14GX8510""]",True
1c12f581f30c670a,TVs/Philips/Philips_14PT136B00.ir,14PT136B00,14PT136B00,0.45,inventory.model,True,"[""Philips_14PT136B00""]",True
c1f27c238682293e,TVs/Philips/Philips_22IT_TV_Monitor.ir,22IT_TV_Monitor,22IT_TV_Monitor,0.45,inventory.model,True,"[""Philips_22IT_TV_Monitor""]",True
4e3e52f08beed4a7,TVs/Philips/Philips_32PFL4208T.ir,32PFL4208T,32PFL4208T,0.45,inventory.model,True,"[""Philips_32PFL4208T""]",True
2fbab20f77ae12e4,TVs/Philips/Philips_32PFL7403S.ir,32PFL7403S,32PFL7403S,0.45,inventory.model,True,"[""Philips_32PFL7403S""]",True
eb7986158adcd435,TVs/Philips/Philips_32PFL7962D12.ir,32PFL7962D12,32PFL7962D12,0.45,inventory.model,True,"[""Philips_32PFL7962D12""]",True
38903a7b905cbc84,TVs/Philips/Philips_40HFL3010T12.ir,40HFL3010T12,40HFL3010T12,0.45,inventory.model,True,"[""Philips_40HFL3010T12""]",True
39b252b843f995b8,TVs/Philips/Philips_40PFL6533_F7D.ir,40PFL6533_F7D,40PFL6533_F7D,0.45,inventory.model,True,"[""Philips_40PFL6533_F7D""]",True
18e9eabccea55c0a,TVs/Philips/Philips_436M6VBPAB.ir,436M6VBPAB,436M6VBPAB,0.45,inventory.model,True,"[""Philips_436M6VBPAB""]",True
712ea50b1e315863,TVs/Philips/Philips_50PUT6103_79.ir,50PUT6103_79,50PUT6103_79,0.45,inventory.model,True,"[""Philips_50PUT6103_79""]",True
f6ccea0d777cffbf,TVs/Philips/Philips_5766_Series.ir,5766_Series,5766_Series,0.45,inventory.model,True,"[""Philips_5766_Series""]",True
acee3e636a1efb74,TVs/Philips/Philips_TV_14PV172_08.ir,TV_14PV172_08,TV_14PV172_08,0.45,inventory.model,True,"[""Philips_TV_14PV172_08""]",True
6c6afa314ac159d0,TVs/Philips/Philips_TV_48OLED806.ir,TV_48OLED806,TV_48OLED806,0.45,inventory.model,True,"[""Philips_TV_48OLED806""]",True
944d72fd634e61b1,TVs/Philips/Philips_TV_7000LED_42PFL7695H.ir,TV_7000LED_42PFL7695H,TV_7000LED_42PFL7695H,0.45,inventory.model,True,"[""Philips_TV_7000LED_42PFL7695H""]",True
0c545be74d4a1241,TVs/Philips/Philips_TV_7956_Series.ir,TV_7956_Series,TV_7956_Series,0.45,inventory.model,True,"[""Philips_TV_7956_Series""]",True
d61670d083d08ab2,TVs/Philips/Philips_TV_Universal.ir,TV_Universal,,0.0,,False,[],True
be5a0c07ec6d8b54,TVs/Philips/Philips_XXPFL9955H.ir,XXPFL9955H,XXPFL9955H,0.45,inventory.model,True,"[""Philips_XXPFL9955H""]",True
ec8635feae379267,TVs/Philips/Philips_generic.ir,generic,,0.0,,False,[],True
6a32139adbc75f4b,TVs/Philips/Philips_sf256.ir,sf256,sf256,0.45,inventory.model,True,"[""Philips_sf256""]",True
70f8d837a56c0a97,TVs/Pioneer/Pioneer_Kuro_PDP_LX508A.ir,Kuro_PDP_LX508A,Kuro_PDP_LX508A,0.45,inventory.model,True,"[""Pioneer_Kuro_PDP_LX508A""]",True
e71290586e89c72a,TVs/Platinum/Platinum_PT2020LED.ir,PT2020LED,PT2020LED,0.45,inventory.model,True,"[""Platinum_PT2020LED""]",True
504f83fc06956a17,TVs/PrismPlus/PrismPlus.ir,PrismPlus,,0.0,,False,[],True
462bd08b1127fc12,TVs/RCA/RCA_24_Roku.ir,24_Roku,24_Roku,0.45,inventory.model,True,"[""RCA_24_Roku""]",True
ea90066cce0d9d25,TVs/RCA/RCA_CRK50A.ir,CRK50A,CRK50A,0.45,inventory.model,True,"[""RCA_CRK50A""]",True
f08065c7da894fae,TVs/RCA/RCA_P46731AT_TV.ir,P46731AT_TV,P46731AT_TV,0.45,inventory.model,True,"[""RCA_P46731AT_TV""]",True
15fb41585428bf4d,TVs/RCA/RCA_RCR314WR_ RCA313BR.ir,RCR314WR_ RCA313BR,RCR314WR_,0.45,inventory.model,True,"[""RCA_RCR314WR_""]",True
71b3e5d6eebc6fc4,TVs/RCA/RCA_RLDED3258A-B.ir,RLDED3258A-B,RLDED3258A-B,0.45,inventory.model,True,"[""RCA_RLDED3258A-B""]",True
a9fca8f17d3f4d07,TVs/RCA/RCA_RT2471_AC.ir,RT2471_AC,RT2471_AC,0.45,inventory.model,True,"[""RCA_RT2471_AC""]",True
b79a59cd86f4fbee,TVs/RCA/RCA_RokuTV_RTR4061-B-CA.ir,RokuTV_RTR4061-B-CA,RokuTV_RTR4061-B-CA,0.45,inventory.model,True,"[""RCA_RokuTV_RTR4061-B-CA""]",True
f392f526403c4980,TVs/RCA/RCA_TV_2.ir,TV_2,TV_2,0.45,inventory.model,True,"[""RCA_TV_2""]",True
6cf0860cd067b3af,TVs/Roku/Roku_Standalone.ir,Standalone,,0.0,,False,[],True
448ef75dd79f50b7,TVs/SEG/SEG_MALTA.ir,MALTA,,0.0,,False,[],True
7666e0700622ff0b,TVs/Samsung/Samsung.ir,Samsung,,0.0,,False,[],True
a5a459d4efcbdf3b,TVs/Samsung/Samsung_AA-00721A.ir,AA-00721A,AA-00721A,0.45,inventory.model,True,"[""Samsung_AA-00721A""]",True
635cb397e76ee8c1,TVs/Samsung/Samsung_AA59-00443A.ir,AA59-00443A,AA59-00443A,0.45,inventory.model,True,"[""Samsung_AA59-00443A""]",True
07a4b12cf54456d7,TVs/Samsung/Samsung_AA59-00484A.ir,AA59-00484A,AA59-00484A,0.45,inventory.model,True,"[""Samsung_AA59-00484A""]",True
71a63f3687074897,TVs/Samsung/Samsung_AA59-00580A.ir,AA59-00580A,AA59-00580A,0.45,inventory.model,True,"[""Samsung_AA59-00580A""]",True
264bbc93ee83d291,TVs/Samsung/Samsung_AA59-00602A.ir,AA59-00602A,AA59-00602A,0.45,inventory.model,True,"[""Samsung_AA59-00602A""]",True
55ca47c176156630,TVs/Samsung/Samsung_AA59-00714A.ir,AA59-00714A,AA59-00714A,0.45,inventory.model,True,"[""Samsung_AA59-00714A""]",True
ce439e8303eb3dce,TVs/Samsung/Samsung_AA59-00741A.ir,AA59-00741A,AA59-00741A,0.45,inventory.model,True,"[""Samsung_AA59-00741A""]",True
b10a00b33bbb5f15,TVs/Samsung/Samsung_AA59-00786A.ir,AA59-00786A,AA59-00786A,0.45,inventory.model,True,"[""Samsung_AA59-00786A""]",True
5832cfae839d64e8,TVs/Samsung/Samsung_AA59.ir,AA59,AA59,0.45,inventory.model,True,"[""Samsung_AA59""]",True
c6543493ccea7576,TVs/Samsung/Samsung_AA81-00243A.ir,AA81-00243A,AA81-00243A,0.45,inventory.model,True,"[""Samsung_AA81-00243A""]",True
eb2dd74fe1a34a26,TVs/Samsung/Samsung_BN59-00511A.ir,BN59-00511A,BN59-00511A,0.45,inventory.model,True,"[""Samsung_BN59-00511A""]",True
a24f677b3bd9ade2,TVs/Samsung/Samsung_BN59-01081A.ir,BN59-01081A,BN59-01081A,0.45,inventory.model,True,"[""Samsung_BN59-01081A""]",True
607732ea9ced2cd1,TVs/Samsung/Samsung_BN59-01175N.ir,BN59-01175N,BN59-01175N,0.45,inventory.model,True,"[""Samsung_BN59-01175N""]",True
67cf6da7ae66d90a,TVs/Samsung/Samsung_BN59-01178W.ir,BN59-01178W,BN59-01178W,0.45,inventory.model,True,"[""Samsung_BN59-01178W""]",True
0eaf5e6d0c0c3657,TVs/Samsung/Samsung_BN59-01179A.ir,BN59-01179A,BN59-01179A,0.45,inventory.model,True,"[""Samsung_BN59-01179A""]",True
5a5990dc3d697772,TVs/Samsung/Samsung_BN59-01180A.ir,BN59-01180A,BN59-01180A,0.45,inventory.model,True,"[""Samsung_BN59-01180A""]",True
3b46f0399b71dd80,TVs/Samsung/Samsung_BN59-01198_R.ir,BN59-01198_R,BN59-01198_R,0.45,inventory.model,True,"[""Samsung_BN59-01198_R""]",True
8c0d1a0333a02360,TVs/Samsung/Samsung_BN59-01247A.ir,BN59-01247A,BN59-01247A,0.45,inventory.model,True,"[""Samsung_BN59-01247A""]",True
6161a48f8ac680dd,TVs/Samsung/Samsung_BN59-01301A.ir,BN59-01301A,BN59-01301A,0.45,inventory.model,True,"[""Samsung_BN59-01301A""]",True
8f22915bc5e10dd3,TVs/Samsung/Samsung_BN59-01303A.ir,BN59-01303A,BN59-01303A,0.45,inventory.model,True,"[""Samsung_BN59-01303A""]",True
0efe2e56737bdbe8,TVs/Samsung/Samsung_BN59-01315B.ir,BN59-01315B,BN59-01315B,0.45,inventory.model,True,"[""Samsung_BN59-01315B""]",True
5acb39588c53e28a,TVs/Samsung/Samsung_BN59-01315J.ir,BN59-01315J,BN59-01315J,0.45,inventory.model,True,"[""Samsung_BN59-01315J""]",True
17950b136ad6862f,TVs/Samsung/Samsung_BN59-01330C.ir,BN59-01330C,BN59-01330C,0.45,inventory.model,True,"[""Samsung_BN59-01330C""]",True
41f249527f540131,TVs/Samsung/Samsung_BN59-01358C.ir,BN59-01358C,BN59-01358C,0.45,inventory.model,True,"[""Samsung_BN59-01358C""]",True
d40ceaa511d1a194,TVs/Samsung/Samsung_BN59-01385C.ir,BN59-01385C,BN59-01385C,0.45,inventory.model,True,"[""Samsung_BN59-01385C""]",True
a8c048b3f6b67e3a,TVs/Samsung/Samsung_BN59-01388.ir,BN59-01388,BN59-01388,0.45,inventory.model,True,"[""Samsung_BN59-01388""]",True
733f99ed866f7d19,TVs/Samsung/Samsung_BN59-01391A.ir,BN59-01391A,BN59-01391A,0.45,inventory.model,True,"[""Samsung_BN59-01391A""]",True
01f98528afc0f2da,TVs/Samsung/Samsung_BN59.ir,BN59,BN59,0.45,inventory.model,True,"[""Samsung_BN59""]",True
7863473057a23b42,TVs/Samsung/Samsung_Broadband_Hospitality.ir,Broadband_Hospitality,,0.0,,False,[],True
00e2b4e7ec1c7b8a,TVs/Samsung/Samsung_E6.ir,E6,Samsung_E6,0.72,file_name,False,[],True
0fb3b3db985ab13c,TVs/Samsung/Samsung_H6300_TV.ir,H6300_TV,H6300_TV,0.45,inventory.model,True,"[""Samsung_H6300_TV""]",True
46a5678a464bcea2,TVs/Samsung/Samsung_HQ24ED470AK.ir,HQ24ED470AK,HQ24ED470AK,0.45,inventory.model,True,"[""Samsung_HQ24ED470AK""]",True
fa0eddf136e1a082,TVs/Samsung/Samsung_LE37S71B.ir,LE37S71B,LE37S71B,0.45,inventory.model,True,"[""Samsung_LE37S71B""]",True
49fcba859120880a,TVs/Samsung/Samsung_LE40R87BD.ir,LE40R87BD,LE40R87BD,0.45,inventory.model,True,"[""Samsung_LE40R87BD""]",True
95e7b10e19b7e91b,TVs/Samsung/Samsung_LN32D403E2GCTC.ir,LN32D403E2GCTC,LN32D403E2GCTC,0.45,inventory.model,True,"[""Samsung_LN32D403E2GCTC""]",True
31daa2e06466a6a6,TVs/Samsung/Samsung_LN46C650L1F.ir,LN46C650L1F,LN46C650L1F,0.45,inventory.model,True,"[""Samsung_LN46C650L1F""]",True
6a36e8a70b63f00b,TVs/Samsung/Samsung_LW17E34C.ir,LW17E34C,LW17E34C,0.45,inventory.model,True,"[""Samsung_LW17E34C""]",True
21a90e5ecaf4513b,TVs/Samsung/Samsung_P2770HD.ir,P2770HD,P2770HD,0.45,inventory.model,True,"[""Samsung_P2770HD""]",True
02c22bf44c66fafa,TVs/Samsung/Samsung_QM55RA.ir,QM55RA,QM55RA,0.45,inventory.model,True,"[""Samsung_QM55RA""]",True
619b05cf30a634b4,TVs/Samsung/Samsung_QN43Q60AAF.ir,QN43Q60AAF,QN43Q60AAF,0.45,inventory.model,True,"[""Samsung_QN43Q60AAF""]",True
a2c34ed66766ea72,TVs/Samsung/Samsung_Royal_Caribbean.ir,Royal_Caribbean,,0.0,,False,[],True
8d884a7b54e4b9f9,TVs/Samsung/Samsung_Service_Menu.ir,Service_Menu,,0.0,,False,[],True
b143eb591ed7701c,TVs/Samsung/Samsung_Smart_Remote.ir,Smart_Remote,,0.0,,False,[],True
1c517e210bfb7eef,TVs/Samsung/Samsung_TV_1.ir,TV_1,TV_1,0.45,inventory.model,True,"[""Samsung_TV_1""]",True
5572e7e78c8d9db5,TVs/Samsung/Samsung_TV_2.ir,TV_2,TV_2,0.45,inventory.model,True,"[""Samsung_TV_2""]",True
90a796dc171bb98e,TVs/Samsung/Samsung_TV_Full.ir,TV_Full,,0.0,,False,[],True
d2e0d8998211160c,TVs/Samsung/Samsung_UE26C4000PW.ir,UE26C4000PW,UE26C4000PW,0.45,inventory.model,True,"[""Samsung_UE26C4000PW""]",True
b19a25bf5f00ec6f,TVs/Samsung/Samsung_UE32F4000.ir,UE32F4000,UE32F4000,0.45,inventory.model,True,"[""Samsung_UE32F4000""]",True
69fb1ed5d7ae321e,TVs/Samsung/Samsung_UE32F4000AW.ir,UE32F4000AW,UE32F4000AW,0.45,inventory.model,True,"[""Samsung_UE32F4000AW""]",True
c68c0cd3963a06f2,TVs/Samsung/Samsung_UE48JU6490U.ir,UE48JU6490U,UE48JU6490U,0.45,inventory.model,True,"[""Samsung_UE48JU6490U""]",True
3f16269bfd53929a,TVs/Samsung/Samsung_UE75TU7125K.ir,UE75TU7125K,UE75TU7125K,0.45,inventory.model,True,"[""Samsung_UE75TU7125K""]",True
ec77ac5ec4fe719e,TVs/Samsung/Samsung_UN32EH5000F.ir,UN32EH5000F,UN32EH5000F,0.45,inventory.model,True,"[""Samsung_UN32EH5000F""]",True
0bb2acc497b27e75,TVs/Samsung/Samsung_UN40C5000QFXZA.ir,UN40C5000QFXZA,UN40C5000QFXZA,0.45,inventory.model,True,"[""Samsung_UN40C5000QFXZA""]",True
50ade55a7d3e0310,TVs/Samsung/Samsung_UN60JU6500.ir,UN60JU6500,UN60JU6500,0.45,inventory.model,True,"[""Samsung_UN60JU6500""]",True
fffd5225677e651e,TVs/Samsung/Samsung_UN60JU6500_Discrete.ir,UN60JU6500_Discrete,UN60JU6500_Discrete,0.45,inventory.model,True,"[""Samsung_UN60JU6500_Discrete""]",True
1f07fa8eb455de09,TVs/Samsung/Samsung_Unknown_Model.ir,Unknown_Model,,0.0,,False,[],True
48dffd857252e0d9,TVs/Sankey/Sankey_TV.ir,TV,,0.0,,False,[],True
748e62ed9491c65c,TVs/Sanyo/Sanyo UR77EC2703-3.ir,Sanyo UR77EC2703-3,UR77EC2703-3,0.45,inventory.model,False,[],True
cc434c411cd19815,TVs/Sanyo/Sanyo_DP26640.ir,DP26640,DP26640,0.45,inventory.model,True,"[""Sanyo_DP26640""]",True
e4aa7931c3d1f487,TVs/Sanyo/Sanyo_FW40R49FC.ir,FW40R49FC,FW40R49FC,0.45,inventory.model,True,"[""Sanyo_FW40R49FC""]",True
7c15807280b0e0c0,TVs/Sanyo/Sanyo_ds32224.ir,ds32224,ds32224,0.45,inventory.model,True,"[""Sanyo_ds32224""]",True
d34cbdc77bcf9b9a,TVs/Sceptre/Sceptre_8142026670003C.ir,8142026670003C,8142026670003C,0.45,inventory.model,True,"[""Sceptre_8142026670003C""]",True
a75cd9ecbf529cc7,TVs/Sceptre/Sceptre_H24.ir,H24,H24,0.45,inventory.model,True,"[""Sceptre_H24""]",True
a2792276bd0a8c7b,TVs/Sceptre/Sceptre_X50_Series.ir,X50_Series,X50_Series,0.45,inventory.model,True,"[""Sceptre_X50_Series""]",True
f1a0ec518f67b3cc,TVs/Seiki/Seiki_SE40FYP1T_TV.ir,SE40FYP1T_TV,SE40FYP1T_TV,0.45,inventory.model,True,"[""Seiki_SE40FYP1T_TV""]",True
7306fbeab2020839,TVs/Sencor/Sencor_25801.ir,25801,Sencor_25801,0.72,file_name,False,[],True
dff1ebf33d21260a,TVs/Sharp/Aquos.ir,Aquos,,0.0,,False,[],True
2bf7a81ce0e46dbf,TVs/Sharp/Sharp_13VT-L100.ir,13VT-L100,13VT-L100,0.45,inventory.model,True,"[""Sharp_13VT-L100""]",True
c1b9d7e9d919cf23,TVs/Sharp/Sharp_Aquos_32BG3E.ir,Aquos_32BG3E,Aquos_32BG3E,0.45,inventory.model,True,"[""Sharp_Aquos_32BG3E""]",True
d3e8bc258d29a86d,TVs/Sharp/Sharp_Aquos_JP.ir,Aquos_JP,,0.0,,False,[],True
cd580b77d0a72778,TVs/Sharp/Sharp_LC-42LB261U.ir,LC-42LB261U,LC-42LB261U,0.45,inventory.model,True,"[""Sharp_LC-42LB261U""]",True
2e59e380d1f0719f,TVs/Sharp/Sharp_LC-RC1-16.ir,LC-RC1-16,LC-RC1-16,0.45,inventory.model,True,"[""Sharp_LC-RC1-16""]",True
d27cf04dcf066791,TVs/Sharp/Sharp_Roku_TV.ir,Roku_TV,,0.0,,False,[],True
9922cb05c804a392,TVs/Sharp/Sharp_TV2.ir,TV2,TV2,0.45,inventory.model,True,"[""Sharp_TV2""]",True
fa445f0d57d6cddc,TVs/Sharp/Sharp_g0684cesa_NES_TV.ir,g0684cesa_NES_TV,g0684cesa_NES_TV,0.45,inventory.model,True,"[""Sharp_g0684cesa_NES_TV""]",True
5ceacde6397a71da,TVs/Sharp/Sharp_tv.ir,tv,,0.0,,False,[],True
7bb57241d4819729,TVs/Silver/Silver_LE410004.ir,LE410004,LE410004,0.45,inventory.model,True,"[""Silver_LE410004""]",True
0313e46e66c1a49c,TVs/SkyVue/SKYVUE_03SI-RI.ir,03SI-RI,03SI-RI,0.45,inventory.model,True,"[""SKYVUE_03SI-RI""]",True
6ab67e139d10ed9e,TVs/SkyVue/SkyVue.ir,SkyVue,,0.0,,False,[],True
8a3f19caa25acb16,TVs/Soniq/Soniq_E32W13B.ir,E32W13B,E32W13B,0.45,inventory.model,True,"[""Soniq_E32W13B""]",True
b2fea5831fef8c97,TVs/Soniq/Soniq_E55V13A.ir,E55V13A,E55V13A,0.45,inventory.model,True,"[""Soniq_E55V13A""]",True
015f89c7b1f87379,TVs/Soniq/Soniq_QSP500TV6.ir,QSP500TV6,QSP500TV6,0.45,inventory.model,True,"[""Soniq_QSP500TV6""]",True
388ba7a6652cbccc,TVs/Soniq/Soniq_Z24Z15B.ir,Z24Z15B,Z24Z15B,0.45,inventory.model,True,"[""Soniq_Z24Z15B""]",True
89fe7f03fada8385,TVs/Sony/SonyTV.ir,SonyTV,,0.0,,False,[],True
1cfdaefa4505b08a,TVs/Sony/Sony_Bravia.ir,Bravia,,0.0,,False,[],True
a9f55bf2e504ad67,TVs/Sony/Sony_Bravia_KD-55XF80xx-49XF80xx-43XF80xx.ir,Bravia_KD-55XF80xx-49XF80xx-43XF80xx,Bravia_KD-55XF80xx-49XF80xx-43XF80xx,0.45,inventory.model,True,"[""Sony_Bravia_KD-55XF80xx-49XF80xx-43XF80xx""]",True
d0da011b01d61619,TVs/Sony/Sony_Bravia_KDL-46W905A.ir,Bravia_KDL-46W905A,Bravia_KDL-46W905A,0.45,inventory.model,True,"[""Sony_Bravia_KDL-46W905A""]",True
9a6439ea63575091,TVs/Sony/Sony_FW_75BZ40H.ir,FW_75BZ40H,FW_75BZ40H,0.45,inventory.model,True,"[""Sony_FW_75BZ40H""]",True
953fc540cd6ec1f5,TVs/Sony/Sony_KD-55X80CK.ir,KD-55X80CK,KD-55X80CK,0.45,inventory.model,True,"[""Sony_KD-55X80CK""]",True
1da9cf23960a6061,TVs/Sony/Sony_KD.ir,KD,,0.0,,False,[],True
2d58a9a2e63d949a,TVs/Sony/Sony_KDL-55HX850.ir,KDL-55HX850,KDL-55HX850,0.45,inventory.model,True,"[""Sony_KDL-55HX850""]",True
ed0176c98e152d83,TVs/Sony/Sony_RM-GD014.ir,RM-GD014,RM-GD014,0.45,inventory.model,True,"[""Sony_RM-GD014""]",True
138f197855e2a273,TVs/Sony/Sony_RM-V310.ir,RM-V310,RM-V310,0.45,inventory.model,True,"[""Sony_RM-V310""]",True
77d779944f386e0d,TVs/Sony/Sony_RM-YD017.ir,RM-YD017,RM-YD017,0.45,inventory.model,True,"[""Sony_RM-YD017""]",True
acf3003f2a755d6a,TVs/Sony/Sony_RM-YD018.ir,RM-YD018,RM-YD018,0.45,inventory.model,True,"[""Sony_RM-YD018""]",True
3c98116b402ca036,TVs/Sony/Sony_RM-YD028.ir,RM-YD028,RM-YD028,0.45,inventory.model,True,"[""Sony_RM-YD028""]",True
676df424bdd1f54c,TVs/Sony/Sony_RM-YD092.ir,RM-YD092,RM-YD092,0.45,inventory.model,True,"[""Sony_RM-YD092""]",True
97888abe4319711c,TVs/Sony/Sony_RMEA002.ir,RMEA002,RMEA002,0.45,inventory.model,True,"[""Sony_RMEA002""]",True
0f5c6f4833fa6dd1,TVs/Sony/Sony_RMF-TX500U.ir,RMF-TX500U,RMF-TX500U,0.45,inventory.model,True,"[""Sony_RMF-TX500U""]",True
e5475c8698b7131b,TVs/Sony/Sony_RMT_TB400U.ir,RMT_TB400U,RMT_TB400U,0.45,inventory.model,True,"[""Sony_RMT_TB400U""]",True
0b88cb344b73d011,TVs/Sony/Sony_RMT_TX100D.ir,RMT_TX100D,RMT_TX100D,0.45,inventory.model,True,"[""Sony_RMT_TX100D""]",True
061127a21f03958d,TVs/Sony/Sony_RMT_TX200U.ir,RMT_TX200U,RMT_TX200U,0.45,inventory.model,True,"[""Sony_RMT_TX200U""]",True
27e3bc4e36f8bcca,TVs/Sony/Sony_RM_ED016.ir,RM_ED016,RM_ED016,0.45,inventory.model,True,"[""Sony_RM_ED016""]",True
b299f349119e9c6f,TVs/Sony/Sony_RM_ED045.ir,RM_ED045,RM_ED045,0.45,inventory.model,True,"[""Sony_RM_ED045""]",True
844aa4b604b34ff1,TVs/Sony/Sony_SFRTV5.ir,SFRTV5,SFRTV5,0.45,inventory.model,True,"[""Sony_SFRTV5""]",True
1eb6b2a1e08638a3,TVs/Sony/Sony_X2182U.ir,X2182U,X2182U,0.45,inventory.model,True,"[""Sony_X2182U""]",True
04f4d73a476833e7,TVs/Sony/Sony_XBR.ir,XBR,,0.0,,False,[],True
ce5fa6dcf75e65dc,TVs/Sony/Sony_XBR_RM-TD017.ir,XBR_RM-TD017,XBR_RM-TD017,0.45,inventory.model,True,"[""Sony_XBR_RM-TD017""]",True
a781dc1d0b641b75,TVs/Sony/Sony_XBR_RMT-TX200U.ir,XBR_RMT-TX200U,XBR_RMT-TX200U,0.45,inventory.model,True,"[""Sony_XBR_RMT-TX200U""]",True
8e5cfc40e390bae1,TVs/Strong/Strong_32HX4003.ir,32HX4003,32HX4003,0.45,inventory.model,True,"[""Strong_32HX4003""]",True
c3d3ffa38ab71b56,TVs/Strong/Strong_RCU-Z400N.ir,RCU-Z400N,RCU-Z400N,0.45,inventory.model,True,"[""Strong_RCU-Z400N""]",True
181ccb70b9190818,TVs/Strong/Strong_STR7004.ir,STR7004,STR7004,0.45,inventory.model,True,"[""Strong_STR7004""]",True
1de4c9d946541d28,TVs/Strong/Strong_TVD221_B1825.ir,TVD221_B1825,TVD221_B1825,0.45,inventory.model,True,"[""Strong_TVD221_B1825""]",True
83c777ba631d3b6b,TVs/Sunbrite/Sunbrite.ir,Sunbrite,,0.0,,False,[],True
f1e174f295efb245,TVs/Supra/Supra_STV_LC32T880WL_1.ir,STV_LC32T880WL_1,STV_LC32T880WL_1,0.45,inventory.model,True,"[""Supra_STV_LC32T880WL_1""]",True
60141ee966edf169,TVs/Sweex/SWEEX_Generic_Monitor.ir,Generic_Monitor,,0.0,,False,[],True
91b9ab61ea2e5410,TVs/Symphonic/Symphonic_ST424FF.ir,ST424FF,ST424FF,0.45,inventory.model,True,"[""Symphonic_ST424FF""]",True
a42c500850931a39,TVs/Syntax-Brillian/SyntaxBrillian_Olevia232T.ir,SyntaxBrillian_Olevia232T,SyntaxBrillian_Olevia232T,0.45,inventory.model,False,[],True
f447ec19d14d23e6,TVs/TCL/TCL_32S327.ir,32S327,32S327,0.45,inventory.model,True,"[""TCL_32S327""]",True
81c5ed83e7c038c9,TVs/TCL/TCL_40S615.ir,40S615,40S615,0.45,inventory.model,True,"[""TCL_40S615""]",True
73707c561dff16e7,TVs/TCL/TCL_43S446.ir,43S446,43S446,0.45,inventory.model,True,"[""TCL_43S446""]",True
ad48a64c311b22b1,TVs/TCL/TCL_50S423.ir,50S423,50S423,0.45,inventory.model,True,"[""TCL_50S423""]",True
4ae91364f3970e07,TVs/TCL/TCL_65C635K.ir,65C635K,65C635K,0.45,inventory.model,True,"[""TCL_65C635K""]",True
b56917b3abbc8538,TVs/TCL/TCL_LED49D2930.ir,LED49D2930,LED49D2930,0.45,inventory.model,True,"[""TCL_LED49D2930""]",True
4f5eb013a3df5e2d,TVs/TCL/TCL_ROKU_US.ir,ROKU_US,,0.0,,False,[],True
fdb37d498ed5069b,TVs/TCL/TCL_Roku_TV.ir,Roku_TV,,0.0,,False,[],True
7af44f3c9510053b,TVs/TCL/TCL_Roku_TV_55S405.ir,Roku_TV_55S405,Roku_TV_55S405,0.45,inventory.model,True,"[""TCL_Roku_TV_55S405""]",True
f521e327e9db91ff,TVs/TCL/TCL_UnknownModel1.ir,UnknownModel1,UnknownModel1,0.45,inventory.model,True,"[""TCL_UnknownModel1""]",True
8b7e5ae23fc2d9c7,TVs/TCL/TCL_UnknownModel2.ir,UnknownModel2,UnknownModel2,0.45,inventory.model,True,"[""TCL_UnknownModel2""]",True
9810add354d1d438,TVs/TCL/TCL_UnknownModel3.ir,UnknownModel3,UnknownModel3,0.45,inventory.model,True,"[""TCL_UnknownModel3""]",True
9c451e539c1c0754,TVs/Technika/TECHNIKA_22880.ir,22880,TECHNIKA_22880,0.72,file_name,False,[],True
97064217b3a41df3,TVs/Telecontrole/TC_33_VNS2000.ir,TC_33_VNS2000,TC_33_VNS2000,0.45,inventory.model,False,[],True
65d97eaa6c9548fb,TVs/Telefunken/Telefunken_D40F294R4CW.ir,D40F294R4CW,D40F294R4CW,0.45,inventory.model,True,"[""Telefunken_D40F294R4CW""]",True
dbd4c40350cf72b0,TVs/Telefunken/Telefunken_L55U405B4CW.ir,L55U405B4CW,L55U405B4CW,0.45,inventory.model,True,"[""Telefunken_L55U405B4CW""]",True
a3b8075c372d315c,TVs/Telefunken/Telefunken_L65F249i3C.ir,L65F249i3C,L65F249i3C,0.45,inventory.model,True,"[""Telefunken_L65F249i3C""]",True
5f15be8b3e17c1a5,TVs/Telefunken/Telefunken_TF-LED19S64T2.ir,TF-LED19S64T2,TF-LED19S64T2,0.45,inventory.model,True,"[""Telefunken_TF-LED19S64T2""]",True
3421b6a0ea37bd6d,TVs/Telefunken/Telefunken_TF-LED32S54T2.ir,TF-LED32S54T2,TF-LED32S54T2,0.45,inventory.model,True,"[""Telefunken_TF-LED32S54T2""]",True
2942f49501a5b626,TVs/Telefunken/Telefunken_d32f660x5cwi.ir,d32f660x5cwi,d32f660x5cwi,0.45,inventory.model,True,"[""Telefunken_d32f660x5cwi""]",True
c09f12aad6b74c7e,TVs/Telekom/Telekom_Entertain.ir,Entertain,,0.0,,False,[],True
9b796c1afb1eab9a,TVs/Tevion/Tevion_3221TS.ir,3221TS,3221TS,0.45,inventory.model,True,"[""Tevion_3221TS""]",True
0b73d5c23992ddc1,TVs/Thomson/Thomson_40FS3003.ir,40FS3003,40FS3003,0.45,inventory.model,True,"[""Thomson_40FS3003""]",True
ceba3941b6ef2ed0,TVs/Thomson/Thomson_UnknownModel1.ir,UnknownModel1,UnknownModel1,0.45,inventory.model,True,"[""Thomson_UnknownModel1""]",True
057e0160af4c964d,TVs/Toshiba/Toshiba CT 8560.ir,Toshiba CT 8560,CT_8560,0.45,inventory.model,False,[],True
58db6ad37e5465ab,TVs/Toshiba/Toshiba_32AV502U.ir,32AV502U,32AV502U,0.45,inventory.model,True,"[""Toshiba_32AV502U""]",True
133b0d7f5ece1a3c,TVs/Toshiba/Toshiba_43LF421U21.ir,43LF421U21,43LF421U21,0.45,inventory.model,True,"[""Toshiba_43LF421U21""]",True
8ba35eb189a089d7,TVs/Toshiba/Toshiba_50C350LC.ir,50C350LC,50C350LC,0.45,inventory.model,True,"[""Toshiba_50C350LC""]",True
f39d0d81bd51eb6c,TVs/Toshiba/Toshiba_CT-32F2.ir,CT-32F2,CT-32F2,0.45,inventory.model,True,"[""Toshiba_CT-32F2""]",True
7aa1c1b1a7048c69,TVs/Toshiba/Toshiba_CT-90325.ir,CT-90325,CT-90325,0.45,inventory.model,True,"[""Toshiba_CT-90325""]",True
cd846cebeefcb886,TVs/Toshiba/Toshiba_CT-9922.ir,CT-9922,CT-9922,0.45,inventory.model,True,"[""Toshiba_CT-9922""]",True
984e55543e0adb22,TVs/Toshiba/Toshiba_Ct-8563.ir,Ct-8563,Ct-8563,0.45,inventory.model,True,"[""Toshiba_Ct-8563""]",True
c5ea996c2e940761,TVs/Toshiba/Toshiba_FireTV.ir,FireTV,,0.0,,False,[],True
f57eb05f71494618,TVs/Toshiba/Toshiba_SE_R0305_32CV100U.ir,SE_R0305_32CV100U,SE_R0305_32CV100U,0.45,inventory.model,True,"[""Toshiba_SE_R0305_32CV100U""]",True
6f60dc2fe2755f02,TVs/Toshiba/toshiba_firetv_v2.ir,toshiba_firetv_v2,toshiba_firetv_v2,0.45,inventory.model,False,[],True
4559f868e0c1d30c,TVs/United/United_tv.ir,tv,,0.0,,False,[],True
eadf3fcf7ffdfb7c,TVs/Viano/Viano_STV65UHD4K.ir,STV65UHD4K,STV65UHD4K,0.45,inventory.model,True,"[""Viano_STV65UHD4K""]",True
8e919c4b5bf31e2d,TVs/ViewSonic/VIEWSONIC_A-00010219.ir,A-00010219,A-00010219,0.45,inventory.model,True,"[""VIEWSONIC_A-00010219""]",True
878922a9ef789bf5,TVs/ViewSonic/ViewSonic_VT2645.ir,VT2645,VT2645,0.45,inventory.model,True,"[""ViewSonic_VT2645""]",True
a200f991d6965d77,TVs/ViewSonic/Viewsonic_RC52A_11.ir,Viewsonic_RC52A_11,Viewsonic_RC52A_11,0.45,inventory.model,False,[],True
37a526dede473571,TVs/Viore/Viore_TV_LC37VF72.ir,TV_LC37VF72,TV_LC37VF72,0.45,inventory.model,True,"[""Viore_TV_LC37VF72""]",True
db187429527beea4,TVs/Vitec/Vitec_Exterity_IPTV.ir,Exterity_IPTV,,0.0,,False,[],True
14e53d0c37fd7649,TVs/Vizio/Vizio.ir,Vizio,,0.0,,False,[],True
b2c0ea60aa0bf3ca,TVs/Vizio/Vizio_D32FM-K01.ir,D32FM-K01,D32FM-K01,0.45,inventory.model,True,"[""Vizio_D32FM-K01""]",True
e067300528286cb6,TVs/Vizio/Vizio_D43-C1.ir,D43-C1,D43-C1,0.45,inventory.model,True,"[""Vizio_D43-C1""]",True
f17c132b9113cc60,TVs/Vizio/Vizio_E190VA_Razor.ir,E190VA_Razor,E190VA_Razor,0.45,inventory.model,True,"[""Vizio_E190VA_Razor""]",True
5156fc664a33723c,TVs/Vizio/Vizio_E70U-D3.ir,E70U-D3,E70U-D3,0.45,inventory.model,True,"[""Vizio_E70U-D3""]",True
3f8fa323bedd066a,TVs/Vizio/Vizio_M70Q6-J03.ir,M70Q6-J03,M70Q6-J03,0.45,inventory.model,True,"[""Vizio_M70Q6-J03""]",True
4c5f6a6c1ce9cf8d,TVs/Vizio/Vizio_V405-H19.ir,V405-H19,V405-H19,0.45,inventory.model,True,"[""Vizio_V405-H19""]",True
ae2c41736c48a4ef,TVs/Vizio/Vizio_V705-G1.ir,V705-G1,V705-G1,0.45,inventory.model,True,"[""Vizio_V705-G1""]",True
857dbca15a5fcdfa,TVs/Vizio/Vizio_VX32L.ir,VX32L,VX32L,0.45,inventory.model,True,"[""Vizio_VX32L""]",True
71b4cc481796107a,TVs/Vizio/Vizio_XRT122.ir,XRT122,XRT122,0.45,inventory.model,True,"[""Vizio_XRT122""]",True
f2fe7be3da47cd5d,TVs/Vizio/Vizio_XRT135.ir,XRT135,XRT135,0.45,inventory.model,True,"[""Vizio_XRT135""]",True
103960d668c0eca6,TVs/Vizio/Vizio_XRT136.ir,XRT136,XRT136,0.45,inventory.model,True,"[""Vizio_XRT136""]",True
f1ceced57088087e,TVs/Vizio/Vizio_XRT140R.ir,XRT140R,XRT140R,0.45,inventory.model,True,"[""Vizio_XRT140R""]",True
01fe5f320367b51b,TVs/Vizio/Vizio_XRT150.ir,XRT150,XRT150,0.45,inventory.model,True,"[""Vizio_XRT150""]",True
e9d99b3329b9a888,TVs/Waltham/Waltham_WTHD3214B.ir,WTHD3214B,WTHD3214B,0.45,inventory.model,True,"[""Waltham_WTHD3214B""]",True
8ea8148ee3e70056,TVs/Watson/WATSON_FA3627T.ir,FA3627T,FA3627T,0.45,inventory.model,True,"[""WATSON_FA3627T""]",True
deb5b7e7afb04fb5,TVs/Wbox/Wbox_TV.ir,TV,,0.0,,False,[],True
0eb43e617eb184b4,TVs/Westinghouse/Westinghouse.ir,Westinghouse,,0.0,,False,[],True
9e3e8ee9ec3e3249,TVs/Westinghouse/Westinghouse_RMT-13.ir,RMT-13,RMT-13,0.45,inventory.model,True,"[""Westinghouse_RMT-13""]",True
780e837b5a51094a,TVs/Xiaomi/Xiaomi_TV.ir,TV,,0.0,,False,[],True
87e710ee497e309e,TVs/Zenith/Zenith_SC3492Z.ir,SC3492Z,SC3492Z,0.45,inventory.model,True,"[""Zenith_SC3492Z""]",True
704ff97035e1f951,TVs/Zenith/Zenith_tv.ir,tv,,0.0,,False,[],True
9fa43fb18766a71c,Touchscreen_Displays/BenQ/BenQ_RE7501_Interactive_Display.ir,RE7501_Interactive_Display,RE7501_Interactive_Display,0.45,inventory.model,True,"[""BenQ_RE7501_Interactive_Display""]",True
70fbdf29799fe504,Touchscreen_Displays/BoxLight/BoxLight_Interactive_Flat_Panel_PROCOLOR653U.ir,Interactive_Flat_Panel_PROCOLOR653U,Interactive_Flat_Panel_PROCOLOR653U,0.45,inventory.model,True,"[""BoxLight_Interactive_Flat_Panel_PROCOLOR653U""]",True
2edf3b062d4af601,Touchscreen_Displays/Cleartouch/Cleartouch.ir,Cleartouch,,0.0,,False,[],True
976d8e8a80427c95,Touchscreen_Displays/Clevertouch/Clevertouch.ir,Clevertouch,,0.0,,False,[],True
45c950a03f5e6ee2,Touchscreen_Displays/Ctouch/Ctouch.ir,Ctouch,,0.0,,False,[],True
f1fd1cfc6e06de2d,Touchscreen_Displays/Ctouch/Ctouch2.ir,Ctouch2,Ctouch2,0.45,inventory.model,False,[],True
01b723957bc7f5cf,Touchscreen_Displays/Hieneking_Media/Hieneking_Media_Schule.ir,Schule,,0.0,,False,[],True
18a756bab1cf1bf0,Touchscreen_Displays/Legamaster/Legamaster_DIS-9800.ir,DIS-9800,DIS-9800,0.45,inventory.model,True,"[""Legamaster_DIS-9800""]",True
ecf61ddf66b7b17e,Touchscreen_Displays/Legamaster/Legamaster_ETX.ir,ETX,,0.0,,False,[],True
589be01ecfd21923,Touchscreen_Displays/Newline/Newline_Full_Remote.ir,Full_Remote,,0.0,,False,[],True
731a49415cc20769,Touchscreen_Displays/Newline/Newline_Interactive_Board.ir,Interactive_Board,,0.0,,False,[],True
8460b574957965b7,Touchscreen_Displays/Newline/Newline_NEW.ir,NEW,,0.0,,False,[],True
d577fd064ca9436d,Touchscreen_Displays/Onescreen/Onescreen.ir,Onescreen,,0.0,,False,[],True
7f7bf1fb2dc4ca4f,Touchscreen_Displays/Prowise/Proline.ir,Proline,,0.0,,False,[],True
6ea76c1b6b84cfc6,Touchscreen_Displays/Prowise/Prowise_Newline.ir,Newline,,0.0,,False,[],True
66d85edfe9cbda49,Touchscreen_Displays/SMART_Technologies/SMART_Board_MX.ir,SMART_Board_MX,,0.0,,False,[],True
241e0c4a3ebc9064,Touchscreen_Displays/ViewSonic/ViewSonic-EBB7F.ir,ViewSonic-EBB7F,ViewSonic-EBB7F,0.45,inventory.model,False,[],True
d2088e0a1d3aad44,Touchscreen_Displays/ViewSonic/ViewSonic_ViewBoard.ir,ViewBoard,,0.0,,False,[],True
c76b671261397d2c,Touchscreen_Displays/i3-Technologies/i3touch.ir,i3touch,i3touch,0.45,inventory.model,False,[],True
e14bb4938c94c017,Toys/20Q_Challenge/20Q_Challenge_PoV_game_display.ir,PoV_game_display,20Q_Challenge_PoV_game_display,0.72,file_name,False,[],True
140b67798ea8274e,Toys/Brio/BRIO_WORLD_IR102_Train_ChA.ir,WORLD_IR102_Train_ChA,WORLD_IR102_Train_ChA,0.45,inventory.model,True,"[""BRIO_WORLD_IR102_Train_ChA""]",True
35ed711057b80795,Toys/Brio/BRIO_WORLD_IR102_Train_ChB.ir,WORLD_IR102_Train_ChB,WORLD_IR102_Train_ChB,0.45,inventory.model,True,"[""BRIO_WORLD_IR102_Train_ChB""]",True
d437b91581199fc4,Toys/Brio/Brio_Travel_Train.ir,Travel_Train,,0.0,,False,[],True
42e544d4d96e8c37,Toys/Eichhorn/Eichhorn_Train.ir,Train,,0.0,,False,[],True
42d1c7877ef25138,Toys/Fisher Price/FISHERPRICE_CDN41.ir,FISHERPRICE_CDN41,FISHERPRICE_CDN41,0.45,inventory.model,False,[],True
8e6029a99908a2b5,Toys/Hasbro/Bio_Bugs/HASBRO_biobug_stomper.ir,biobug_stomper,,0.0,,False,[],True
848ef468fa525983,Toys/Hasbro/Furby/Furby.ir,Furby,,0.0,,False,[],True
94c81e723926597f,Toys/HexBug_Remote/HexBug_Remote_CH-A.ir,CH-A,,0.0,,False,[],True
e843fcc431fbf9cf,Toys/HexBug_Remote/HexBug_Remote_CH-B.ir,CH-B,,0.0,,False,[],True
9205ec714e8b7c76,Toys/HexBug_Remote/Hexbug_A_B.ir,Hexbug_A_B,,0.0,,False,[],True
34076affc6a5379a,Toys/Jamara/Jamara_410065_Gun.ir,410065_Gun,410065_Gun,0.45,inventory.model,True,"[""Jamara_410065_Gun""]",True
518f9cb04a46d163,Toys/K-Line/K-LINE_COCACOLA_TRAIN.ir,COCACOLA_TRAIN,,0.0,,False,[],True
3b420ef1efa49985,Toys/KidLand/Kidland_train.ir,Kidland_train,,0.0,,False,[],True
9d91437562904f18,Toys/LEGO/Lego_Mindstorms_RCX.ir,Lego_Mindstorms_RCX,,0.0,,False,[],True
9b61198ed6dd76bb,Toys/LEGO/Lego_Remote.ir,Lego_Remote,,0.0,,False,[],True
2f4e9e31d43e3451,Toys/LEGO/Lego_Train.ir,Lego_Train,,0.0,,False,[],True
f7ef9a0fa9e538ed,Toys/LaserX/Laser_X.ir,Laser_X,,0.0,,False,[],True
72f6588a13ef924c,Toys/Maerklin/Marklin_My_World-Junior.ir,Marklin_My_World-Junior,,0.0,,False,[],True
cacb1b784d2f9e16,Toys/Nerf/Nerf_LaserOps_PRO.ir,LaserOps_PRO,,0.0,,False,[],True
e1133e2c379a3b2b,Toys/Nerf/Nerf_laseropspro.ir,laseropspro,,0.0,,False,[],True
1ff73eb0e18372ef,Toys/Playtive/Playtive_Toy_Train.ir,Toy_Train,,0.0,,False,[],True
584c8b254204b207,Toys/RoboMaster_Blaster/Robomaster_Blaster.ir,Robomaster_Blaster,,0.0,,False,[],True
753b8c7cd0d3394b,Toys/Robot/RC_Smart_Dance_Robot.ir,RC_Smart_Dance_Robot,,0.0,,False,[],True
5d5745ac3575359d,Toys/Silverlit/Silverlit-Yoco_Robocombat_blue.ir,Silverlit-Yoco_Robocombat_blue,,0.0,,False,[],True
38003de5a3f6fe54,Toys/Silverlit/Silverlit-Yoco_Robocombat_green.ir,Silverlit-Yoco_Robocombat_green,,0.0,,False,[],True
f3f2c979a3472429,Toys/Thinkway_Toys/Wall-E_Robot.ir,Wall-E_Robot,,0.0,,False,[],True
0f6a8a635ea95cf5,Toys/Toys_R_Us/Toys_R_Us_Musical_Train.ir,Musical_Train,,0.0,,False,[],True
36e639c3f1a97245,Toys/Uncle_Miltons/SolarSystemInMyRoom.ir,SolarSystemInMyRoom,,0.0,,False,[],True
c3c6fc429d54fda5,Toys/Unknown-brand/FlightBall.ir,FlightBall,,0.0,,False,[],True
8a6a05f5beccd772,Toys/Unknown-brand/Flying_orb.ir,Flying_orb,,0.0,,False,[],True
c3517b751e0dea05,Toys/Unknown-brand/Solar_system.ir,Solar_system,,0.0,,False,[],True
e0a750e858764056,Toys/Winyea/Winyea_Cyberpunk_WinyeaTag_LaserTag.ir,Cyberpunk_WinyeaTag_LaserTag,,0.0,,False,[],True
5d926c16b62a2741,Toys/WowWee-RoboSapien/RoboSapien.ir,RoboSapien,,0.0,,False,[],True
c003a9bc078d702a,Toys/WowWee-RoboSapien/RoboSapienRenamed.ir,RoboSapienRenamed,,0.0,,False,[],True
f3d59c0763551e50,Toys/WowWee-RoboSapien/Roboraptor/Roboraptor.ir,Roboraptor,,0.0,,False,[],True
37f22e7dd2559db1,Universal_TV_Remotes/EHP/EHP_Waagen_Universal_Remote.ir,Waagen_Universal_Remote,,0.0,,False,[],True
641cf0ec1e7fc505,Universal_TV_Remotes/One_For_All/OFA_8_Universal_Remote.ir,OFA_8_Universal_Remote,OFA_8_Universal_Remote,0.45,inventory.model,False,[],True
c2cd55dd580ed330,Universal_TV_Remotes/RemotesReplaced/RemotesReplaced_RRS41.ir,RRS41,RRS41,0.45,inventory.model,True,"[""RemotesReplaced_RRS41""]",True
ece55f282d4be156,Universal_TV_Remotes/Sanyo/Sanyo_universal.ir,universal,,0.0,,False,[],True
6213154a8e9da4aa,Universal_TV_Remotes/UNIVERSAL_POWER_OFF_DEVICES.ir,UNIVERSAL_POWER_OFF_DEVICES,,0.0,,False,[],True
a200c5329ef0f3b1,Universal_TV_Remotes/User_Created/UniversalSamsungFF.ir,UniversalSamsungFF,,0.0,,False,[],True
611a185cbe0a9bb4,VCR/Apex/APEX_RM_3800.ir,RM_3800,RM_3800,0.45,inventory.model,True,"[""APEX_RM_3800""]",True
d9d00f556aef24b0,VCR/Fisher/RVR-4000.ir,RVR-4000,RVR-4000,0.45,inventory.model,False,[],True
fc2ee80b3d39cbc2,VCR/JVC/JVC_HR-A591U.ir,HR-A591U,HR-A591U,0.45,inventory.model,True,"[""JVC_HR-A591U""]",True
5ef4553fbe1331b0,VCR/JVC/JVC_HR-J700E.ir,HR-J700E,HR-J700E,0.45,inventory.model,True,"[""JVC_HR-J700E""]",True
604cf339b15495d3,VCR/JVC/JVC_HR-S2902U.ir,HR-S2902U,HR-S2902U,0.45,inventory.model,True,"[""JVC_HR-S2902U""]",True
6442cbd36e84997c,VCR/JVC/JVC_HRS7900U.ir,HRS7900U,HRS7900U,0.45,inventory.model,True,"[""JVC_HRS7900U""]",True
7b0b27fb90b9b65b,VCR/LG/LG DVX7900.ir,LG DVX7900,DVX7900,0.45,inventory.model,False,[],True
0cc08fc1ce03d0e7,VCR/LG/LG_GC260W.ir,GC260W,GC260W,0.45,inventory.model,True,"[""LG_GC260W""]",True
4dcca174b6eed2e3,VCR/Magnavox/Magnavox_N9377.ir,N9377,N9377,0.45,inventory.model,True,"[""Magnavox_N9377""]",True
4b6929b42f2dce91,VCR/Memorex/Memorex_MVR4040A.ir,MVR4040A,MVR4040A,0.45,inventory.model,True,"[""Memorex_MVR4040A""]",True
89ed920f344a4a28,VCR/Panasonic/Panasonic_AG7350.ir,AG7350,AG7350,0.45,inventory.model,True,"[""Panasonic_AG7350""]",True
ed57bcfe7d2bac7d,VCR/Panasonic/Panasonic_Light_Tower_LSSQ0342.ir,Light_Tower_LSSQ0342,Light_Tower_LSSQ0342,0.45,inventory.model,True,"[""Panasonic_Light_Tower_LSSQ0342""]",True
db62966899ecb06e,VCR/Panasonic/Panasonic_NV-FJ606.ir,NV-FJ606,NV-FJ606,0.45,inventory.model,True,"[""Panasonic_NV-FJ606""]",True
55b395604c492e0a,VCR/Panasonic/Panasonic_VCR_NV-HV-61EF.ir,VCR_NV-HV-61EF,VCR_NV-HV-61EF,0.45,inventory.model,True,"[""Panasonic_VCR_NV-HV-61EF""]",True
78b57f83a94eceee,VCR/Panasonic/Panasonic_VCR_PV9662.ir,VCR_PV9662,VCR_PV9662,0.45,inventory.model,True,"[""Panasonic_VCR_PV9662""]",True
06996da4ee5fa88d,VCR/Panasonic/Panasonic_VSQS1331_VCR.ir,VSQS1331_VCR,VSQS1331_VCR,0.45,inventory.model,True,"[""Panasonic_VSQS1331_VCR""]",True
ccbe76d2fd237fd1,VCR/Philips/Philips-RC2K16.ir,Philips-RC2K16,Philips-RC2K16,0.45,inventory.model,False,[],True
eb112e66d71705e0,VCR/Sony/Sony_RM-Y126.ir,RM-Y126,RM-Y126,0.45,inventory.model,True,"[""Sony_RM-Y126""]",True
98669af1d7b784b3,VCR/Sony/Sony_SLV-D281P.ir,SLV-D281P,SLV-D281P,0.45,inventory.model,True,"[""Sony_SLV-D281P""]",True
bd836f1b1d564836,VCR/Sony/Sony_SLV-SE610B.ir,SLV-SE610B,SLV-SE610B,0.45,inventory.model,True,"[""Sony_SLV-SE610B""]",True
6384a1cfc3ea96eb,VCR/Sony/Sony_SLV70HF.ir,SLV70HF,SLV70HF,0.45,inventory.model,True,"[""Sony_SLV70HF""]",True
cdc22736caddd19a,VCR/Sony/Sony_SLV789HF.ir,SLV789HF,SLV789HF,0.45,inventory.model,True,"[""Sony_SLV789HF""]",True
c6ed675b8ebaf08a,VCR/Sony/Sony_SLVD201P.ir,SLVD201P,SLVD201P,0.45,inventory.model,True,"[""Sony_SLVD201P""]",True
fc69efd48ed0023f,VCR/Sony/Sony_SLVM88.ir,SLVM88,SLVM88,0.45,inventory.model,True,"[""Sony_SLVM88""]",True
5e384bd81acdec55,VCR/Toshiba/Toshiba_SDKV550.ir,SDKV550,SDKV550,0.45,inventory.model,True,"[""Toshiba_SDKV550""]",True
e6b2b7641b45af89,VCR/Unknown/Unknown1.ir,Unknown1,Unknown1,0.45,inventory.model,False,[],True
57c2388f8a6697b0,Vacuum_Cleaners/Ecovacs/Ecovacs_Deebot_DM82.ir,Deebot_DM82,Deebot_DM82,0.45,inventory.model,True,"[""Ecovacs_Deebot_DM82""]",True
c7e9041665429dd3,Vacuum_Cleaners/Ecovacs/Ecovacs_Deebot_Slim_2.ir,Deebot_Slim_2,Deebot_Slim_2,0.45,inventory.model,True,"[""Ecovacs_Deebot_Slim_2""]",True
b42afbe54e8e1403,Vacuum_Cleaners/Eufy/RoboVac.ir,RoboVac,,0.0,,False,[],True
f06a4522a3ec931d,Vacuum_Cleaners/Eufy/RoboVac_11S.ir,RoboVac_11S,RoboVac_11S,0.45,inventory.model,False,[],True
ae23813ef31ff322,Vacuum_Cleaners/Eufy/Robovac_11.ir,Robovac_11,Robovac_11,0.45,inventory.model,False,[],True
e4c19246bb36e2d1,Vacuum_Cleaners/LG/LG_Hom-Bot_Vacuum.ir,Hom-Bot_Vacuum,,0.0,,False,[],True
1381808cad9313dd,Vacuum_Cleaners/Philips/Vacuum_Philips_FC8795.ir,Vacuum_Philips_FC8795,Vacuum_Philips_FC8795,0.45,inventory.model,False,[],True
2c34d6750c614f09,Vacuum_Cleaners/Samsung/Samsung_SC18M31A0HU.ir,SC18M31A0HU,SC18M31A0HU,0.45,inventory.model,True,"[""Samsung_SC18M31A0HU""]",True
0ecfc55557c8a5c9,Vacuum_Cleaners/Samsung/Samsung_SR8875.ir,SR8875,SR8875,0.45,inventory.model,True,"[""Samsung_SR8875""]",True
7073b1dbeea84480,Vacuum_Cleaners/Tesla/RoboStar_T80_Pro.ir,RoboStar_T80_Pro,RoboStar_T80_Pro,0.45,inventory.model,False,[],True
b777bd253cff7c47,Vacuum_Cleaners/Tikom/Tikom_G8000.ir,G8000,G8000,0.45,inventory.model,True,"[""Tikom_G8000""]",True
390a9c17d54b8d86,Vacuum_Cleaners/Vactidy/Vactidy_T6.ir,T6,Vactidy_T6,0.72,file_name,False,[],True
71cd250d06af627f,Vacuum_Cleaners/Ziglint/ZiglintRobotVaccum.ir,ZiglintRobotVaccum,,0.0,,False,[],True
d806a225fb47dd20,Vacuum_Cleaners/iCLEBO/iCLEBO_Omega.ir,Omega,,0.0,,False,[],True
150db841ada2b925,Vacuum_Cleaners/iHome/iHome_Nova.ir,Nova,,0.0,,False,[],True
9fd20865727b3d29,Vacuum_Cleaners/iLife/iLife_A4s_Vacuum.ir,A4s_Vacuum,A4s_Vacuum,0.45,inventory.model,True,"[""iLife_A4s_Vacuum""]",True
4ea23e7e15b00466,Vacuum_Cleaners/iLife/iLife_Charger_A4s_Vacuum.ir,Charger_A4s_Vacuum,Charger_A4s_Vacuum,0.45,inventory.model,True,"[""iLife_Charger_A4s_Vacuum""]",True
e318e9ee60083aad,Vacuum_Cleaners/iLife/iLife_V3_V5_V8_X5.ir,V3_V5_V8_X5,V3_V5_V8_X5,0.45,inventory.model,True,"[""iLife_V3_V5_V8_X5""]",True
434f39410b280e2a,Vacuum_Cleaners/iRobot/Roomba_Combo_Remote.ir,Roomba_Combo_Remote,,0.0,,False,[],True
7ff3fe600fe6c859,Vacuum_Cleaners/iRobot/iRobot_ROOMBA.ir,ROOMBA,,0.0,,False,[],True
31dfc0f2f6b9c9c7,Vacuum_Cleaners/iRobot/iRobot_Roomba_600.ir,Roomba_600,Roomba_600,0.45,inventory.model,True,"[""iRobot_Roomba_600""]",True
6436db1bd2c9db5c,Videoconferencing/AVer/AVer_COMVREMOT.ir,COMVREMOT,,0.0,,False,[],True
71cb65d1abb41373,Videoconferencing/Bose/Videobar.ir,Videobar,,0.0,,False,[],True
0e2e5f0eedf552b0,Videoconferencing/Logitech/Logitech_RI0019_for_PTZ_Pro_2.ir,RI0019_for_PTZ_Pro_2,RI0019_for_PTZ_Pro_2,0.45,inventory.model,True,"[""Logitech_RI0019_for_PTZ_Pro_2""]",True
09056974ee04e87c,Videoconferencing/Polycom/Polycom_VX_series_remote.ir,VX_series_remote,,0.0,,False,[],True
6ab82385a39eb67c,Videoconferencing/Tandberg/Tandberg_TRC_V_iTV.ir,TRC_V_iTV,,0.0,,False,[],True
66e8b4c774dca81c,Videoconferencing/TrueConf/TrueConf_CleverMic1011.ir,CleverMic1011,CleverMic1011,0.45,inventory.model,True,"[""TrueConf_CleverMic1011""]",True
7551f22a602b63b6,Whiteboards/Boxlight/Boxlight_Smartboard.ir,Smartboard,,0.0,,False,[],True
5421693cf3042520,Whiteboards/Philips/Philips_SmartBoard_ID1.ir,SmartBoard_ID1,SmartBoard_ID1,0.45,inventory.model,True,"[""Philips_SmartBoard_ID1""]",True
a0f805f6529bcc4f,Whiteboards/Promethean/Promethan.ir,Promethan,,0.0,,False,[],True
0210f09fed8e9905,Whiteboards/Promethean/Promethean_ActivPanel.ir,ActivPanel,,0.0,,False,[],True
54653b1fcbb01f30,Whiteboards/Promethean/Promethean_Digital_Whiteboard.ir,Digital_Whiteboard,,0.0,,False,[],True
df1c2b02be3af11b,Window_cleaners/HOBOT/HOBOT.ir,HOBOT,,0.0,,False,[],True
c14a63f12288e5b3,Window_cleaners/HOBOT/Hobot_2S.ir,Hobot_2S,Hobot_2S,0.45,inventory.model,False,[],True
cec833d1a552b905,_Converted_/CSV/0-9/2wire/Unknown_2wire/32_159.ir,32_159,,0.0,,False,[],True
d4dbb057843b4a7f,_Converted_/CSV/0-9/3M/Projector/134_-1.ir,134_-1,,0.0,,False,[],True
fd43e1ed2af73c56,_Converted_/CSV/0-9/3M/Video_Projector/134_-1.ir,134_-1,,0.0,,False,[],True
b883496a64f1fc47,_Converted_/CSV/A/ABIT/DVD_WINDVD/1_-1.ir,1_-1,,0.0,,False,[],True
c4ba00a0a35c2a7f,_Converted_/CSV/A/ABS/SAT_8776/8_0.ir,8_0,SAT_8776,0.68,parent_directory,False,[],True
bb35cc333db2496a,_Converted_/CSV/A/ADA/Millenium/27_-1.ir,27_-1,,0.0,,False,[],True
fb51eadd5a21062b,_Converted_/CSV/A/ADB/SAT_ICAN3000/8_0.ir,8_0,SAT_ICAN3000,0.68,parent_directory,False,[],True
776029895ae3fbd5,_Converted_/CSV/A/ADB/Set_Top_Box/42_17.ir,42_17,,0.0,,False,[],True
ca1ad3aa89933f31,_Converted_/CSV/A/ADS/AUDIO_Tech/0_-1.ir,0_-1,,0.0,,False,[],True
fabd9bff9f4cd515,_Converted_/CSV/A/ADS/TV_Instant/2_-1.ir,2_-1,,0.0,,False,[],True
38123e61df2bd691,_Converted_/CSV/A/AIM/MCE_AIM-RC126/4_15.ir,4_15,MCE_AIM-RC126,0.68,parent_directory,False,[],True
54d85b472cb332ff,_Converted_/CSV/A/AIM/RADIO/129_129.ir,129_129,,0.0,,False,[],True
e1451f1f6466c12d,_Converted_/CSV/A/ANITECH/TV/0_-1.ir,0_-1,,0.0,,False,[],True
e64e20964c2b433e,_Converted_/CSV/A/AOC/TV/0_189.ir,0_189,,0.0,,False,[],True
b42f7b1b8efe3f9b,_Converted_/CSV/A/AccessHD/CONVERTER_DTA1080U/0_191.ir,0_191,CONVERTER_DTA1080U,0.68,parent_directory,False,[],True
cdb580f67aebd798,_Converted_/CSV/A/AccessMedia/ThinBox/31_-1.ir,31_-1,,0.0,,False,[],True
03e522c18ce10778,_Converted_/CSV/A/Accupel/Signal_Generator/0_-1.ir,0_-1,,0.0,,False,[],True
743819db2477d382,_Converted_/CSV/A/Acer/Projector/8_19.ir,8_19,,0.0,,False,[],True
459b5252a7bb518b,_Converted_/CSV/A/Acer/Unknown_AT3201W/97_99.ir,97_99,Unknown_AT3201W,0.68,parent_directory,False,[],True
11da0f1d3b7fcad1,_Converted_/CSV/A/Acer/Unknown_Aspire/4_15.ir,4_15,,0.0,,False,[],True
f51ccc87c49966a6,_Converted_/CSV/A/Acer/Unknown_RC-802/16_37.ir,16_37,Unknown_RC-802,0.68,parent_directory,False,[],True
f42f64667b43a70a,_Converted_/CSV/A/Acesonic/Karaoke/5_122.ir,5_122,,0.0,,False,[],True
ddcdfbe8aad40616,_Converted_/CSV/A/Acesonic/Karaoke/77_-1.ir,77_-1,,0.0,,False,[],True
057c8bb3e36dc3be,_Converted_/CSV/A/Aconatic/Unknown_AN-2121/2_-1.ir,2_-1,Unknown_AN-2121,0.68,parent_directory,False,[],True
189b0905ae0106f7,_Converted_/CSV/A/Acorp/Unknown_Acorp-878/134_107.ir,134_107,Unknown_Acorp-878,0.68,parent_directory,False,[],True
962eaee7f0c10859,_Converted_/CSV/A/Adcom/AV_Preamplifier/26_-1.ir,26_-1,,0.0,,False,[],True
f644c2057395524c,_Converted_/CSV/A/Adcom/CD_Player/26_-1.ir,26_-1,,0.0,,False,[],True
672b69b55ff0e3c8,_Converted_/CSV/A/Adcom/Pre-Amplifier/232_26.ir,232_26,,0.0,,False,[],True
02d81cecbe9cd0fc,_Converted_/CSV/A/Adcom/Pre-Amplifier/26_-1.ir,26_-1,,0.0,,False,[],True
9e407ca0d36e5faf,_Converted_/CSV/A/Adcom/Pre-Amplifier/26_232.ir,26_232,,0.0,,False,[],True
8dda5958f801114c,_Converted_/CSV/A/Adcom/Pre-Amplifier/81_0.ir,81_0,,0.0,,False,[],True
a92973a396d2c41b,_Converted_/CSV/A/Adcom/Pre-Amplifier/88_23.ir,88_23,,0.0,,False,[],True
4593669b0a88140d,_Converted_/CSV/A/Adcom/Receiver/26_-1.ir,26_-1,,0.0,,False,[],True
052a0322f77391b2,_Converted_/CSV/A/Adcom/Receiver/26_232.ir,26_232,,0.0,,False,[],True
a18888c0abd8538b,_Converted_/CSV/A/Adcom/Receiver/81_0.ir,81_0,,0.0,,False,[],True
b9cdc90649f79d98,_Converted_/CSV/A/Adcom/Surround_Processor/26_-1.ir,26_-1,,0.0,,False,[],True
657fa742badde4b3,_Converted_/CSV/A/Adcom/Tuner/26_-1.ir,26_-1,,0.0,,False,[],True
761220798100ffd4,_Converted_/CSV/A/Adcom/Unknown/26_-1.ir,26_-1,,0.0,,False,[],True
3131a5eae0414512,_Converted_/CSV/A/Adcom/Unknown/81_0.ir,81_0,,0.0,,False,[],True
d6560aced9dde06b,_Converted_/CSV/A/Adelphia/Cable_Box/0_-1.ir,0_-1,,0.0,,False,[],True
0addad8fb4c1af79,_Converted_/CSV/A/Adelphia/Cable_Box/1_-1.ir,1_-1,,0.0,,False,[],True
426277b6b10e6e61,_Converted_/CSV/A/Adelphia/Cable_Box/27_-1.ir,27_-1,,0.0,,False,[],True
dbb1a5960f5e165f,_Converted_/CSV/A/Advanced_Acoustics/Unknown_Acoustic/36_75.ir,36_75,,0.0,,False,[],True
871e04666eddd288,_Converted_/CSV/A/Aesthetix/Pre-Amplifier/16_-1.ir,16_-1,,0.0,,False,[],True
29d9fb92badb2656,_Converted_/CSV/A/Airmate/Fan/3_1.ir,3_1,,0.0,,False,[],True
174c69d3b546383e,_Converted_/CSV/A/Aiwa/CD_Player/118_0.ir,118_0,,0.0,,False,[],True
fec22be5e88c044a,_Converted_/CSV/A/Aiwa/Cassette_Tape/115_0.ir,115_0,,0.0,,False,[],True
6294b498f05c22b9,_Converted_/CSV/A/Aiwa/Mini_System/110_0.ir,110_0,,0.0,,False,[],True
34ba54c07d4738c7,_Converted_/CSV/A/Aiwa/Receiver/12_-1.ir,12_-1,,0.0,,False,[],True
555196f9792fec48,_Converted_/CSV/A/Aiwa/Receiver/13_-1.ir,13_-1,,0.0,,False,[],True
50ec62016b2a5418,_Converted_/CSV/A/Aiwa/Receiver/16_-1.ir,16_-1,,0.0,,False,[],True
8417ad599f750fb3,_Converted_/CSV/A/Aiwa/Receiver/18_-1.ir,18_-1,,0.0,,False,[],True
2dacbbc45f52428b,_Converted_/CSV/A/Aiwa/Unknown/127_0.ir,127_0,,0.0,,False,[],True
2e7ade93d4355cb2,_Converted_/CSV/A/Aiwa/Unknown_AIWA-RC-5VP05/127_0.ir,127_0,Unknown_AIWA-RC-5VP05,0.68,parent_directory,False,[],True
d686ec188fa81f2e,_Converted_/CSV/A/Aiwa/Unknown_AIWA/110_0.ir,110_0,,0.0,,False,[],True
24674ab0109633cc,_Converted_/CSV/A/Aiwa/Unknown_AIWA/118_0.ir,118_0,,0.0,,False,[],True
3a053bb4e67e5a81,_Converted_/CSV/A/Aiwa/Unknown_AIWA/127_0.ir,127_0,,0.0,,False,[],True
670de31138c49485,_Converted_/CSV/A/Aiwa/Unknown_AIWA/72_0.ir,72_0,,0.0,,False,[],True
546eda7157a90458,_Converted_/CSV/A/Aiwa/Unknown_AWIA-RC-ZVR04/128_123.ir,128_123,Unknown_AWIA-RC-ZVR04,0.68,parent_directory,False,[],True
8ea3fbce8d278b6d,_Converted_/CSV/A/Aiwa/Unknown_HIFI/112_0.ir,112_0,,0.0,,False,[],True
faa1dee6fac11f10,_Converted_/CSV/A/Aiwa/Unknown_RC-6AS07/112_0.ir,112_0,Unknown_RC-6AS07,0.68,parent_directory,False,[],True
80f6492c29385096,_Converted_/CSV/A/Aiwa/Unknown_RC-7AS06/110_0.ir,110_0,Unknown_RC-7AS06,0.68,parent_directory,False,[],True
890115c37b9ff56d,_Converted_/CSV/A/Aiwa/Unknown_RC-8AS04/110_0.ir,110_0,Unknown_RC-8AS04,0.68,parent_directory,False,[],True
92fd123386681b55,_Converted_/CSV/A/Aiwa/Unknown_RC-8AT02/110_0.ir,110_0,Unknown_RC-8AT02,0.68,parent_directory,False,[],True
ad622f9ea4ec5418,_Converted_/CSV/A/Aiwa/Unknown_RC-AVT02/123_0.ir,123_0,Unknown_RC-AVT02,0.68,parent_directory,False,[],True
ab05a8eeb3557257,_Converted_/CSV/A/Aiwa/Unknown_RC-BVR02/110_-1.ir,110_-1,Unknown_RC-BVR02,0.68,parent_directory,False,[],True
2123d8eee3f86476,_Converted_/CSV/A/Aiwa/Unknown_RC-C105/118_0.ir,118_0,Unknown_RC-C105,0.68,parent_directory,False,[],True
c918eba9b12a5d69,_Converted_/CSV/A/Aiwa/Unknown_RC-CAS10/110_0.ir,110_0,Unknown_RC-CAS10,0.68,parent_directory,False,[],True
af4ecbc21eeef7d2,_Converted_/CSV/A/Aiwa/Unknown_RC-L01/112_0.ir,112_0,Unknown_RC-L01,0.68,parent_directory,False,[],True
b6c49bf854fad76e,_Converted_/CSV/A/Aiwa/Unknown_RC-L60E/110_0.ir,110_0,Unknown_RC-L60E,0.68,parent_directory,False,[],True
386f27c540822399,_Converted_/CSV/A/Aiwa/Unknown_RC-T503/110_0.ir,110_0,Unknown_RC-T503,0.68,parent_directory,False,[],True
58229c1d457810c0,_Converted_/CSV/A/Aiwa/Unknown_RC-T504/110_0.ir,110_0,Unknown_RC-T504,0.68,parent_directory,False,[],True
a23ab1f4c4fe6414,_Converted_/CSV/A/Aiwa/Unknown_RC-TD3/112_0.ir,112_0,Unknown_RC-TD3,0.68,parent_directory,False,[],True
2d9accb04ecd3d7b,_Converted_/CSV/A/Aiwa/Unknown_RC-TN320EX/110_0.ir,110_0,Unknown_RC-TN320EX,0.68,parent_directory,False,[],True
cce0759d00e893de,_Converted_/CSV/A/Aiwa/Unknown_RC-TN330/110_0.ir,110_0,Unknown_RC-TN330,0.68,parent_directory,False,[],True
542a237f590d101c,_Converted_/CSV/A/Aiwa/Unknown_RC-TN360/110_0.ir,110_0,Unknown_RC-TN360,0.68,parent_directory,False,[],True
a2082dab667b75cd,_Converted_/CSV/A/Aiwa/Unknown_RC-TN500EX/110_0.ir,110_0,Unknown_RC-TN500EX,0.68,parent_directory,False,[],True
7529782f2fbc7ac9,_Converted_/CSV/A/Aiwa/Unknown_RC-TN520EX/110_0.ir,110_0,Unknown_RC-TN520EX,0.68,parent_directory,False,[],True
850d63d11e7dd2d4,_Converted_/CSV/A/Aiwa/Unknown_RC-X97/134_19.ir,134_19,Unknown_RC-X97,0.68,parent_directory,False,[],True
7df21d37d9762405,_Converted_/CSV/A/Aiwa/Unknown_RC-XR-MD201/110_0.ir,110_0,Unknown_RC-XR-MD201,0.68,parent_directory,False,[],True
6923ec02c5af4cd3,_Converted_/CSV/A/Aiwa/Unknown_RC-ZAS02/110_0.ir,110_0,Unknown_RC-ZAS02,0.68,parent_directory,False,[],True
90365875825f0295,_Converted_/CSV/A/Aiwa/Unknown_RC-ZAS10/110_0.ir,110_0,Unknown_RC-ZAS10,0.68,parent_directory,False,[],True
25848c07192fe416,_Converted_/CSV/A/Aiwa/Unknown_RC-ZAT04/112_0.ir,112_0,Unknown_RC-ZAT04,0.68,parent_directory,False,[],True
13470062d7b48ade,_Converted_/CSV/A/Aiwa/Unknown_RC-ZVR02/127_0.ir,127_0,Unknown_RC-ZVR02,0.68,parent_directory,False,[],True
9ebb06a8980135d0,_Converted_/CSV/A/Aiwa/Unknown_S79/72_0.ir,72_0,Unknown_S79,0.68,parent_directory,False,[],True
abe74318e2c72e54,_Converted_/CSV/A/Aiwa/Unknown_hu/112_0.ir,112_0,,0.0,,False,[],True
5756a07611db6ab2,_Converted_/CSV/A/Aiwa/Unknown_rc-c003/118_0.ir,118_0,Unknown_rc-c003,0.68,parent_directory,False,[],True
95b3f687f59f17f0,_Converted_/CSV/A/Aiwa/Unknown_rc-tn380b/110_0.ir,110_0,Unknown_rc-tn380b,0.68,parent_directory,False,[],True
40ce7d18528d97ef,_Converted_/CSV/A/Aiwa/Unknown_rc-tz650/110_0.ir,110_0,Unknown_rc-tz650,0.68,parent_directory,False,[],True
15d8f26e44b294f3,_Converted_/CSV/A/Aiwa/Unknown_rc6as14/110_0.ir,110_0,Unknown_rc6as14,0.68,parent_directory,False,[],True
15e63e685f9e41c3,_Converted_/CSV/A/Aiwa/VCR/127_0.ir,127_0,,0.0,,False,[],True
01db8466f6c8830d,_Converted_/CSV/A/Aiwa/VCR/130_111.ir,130_111,,0.0,,False,[],True
48371c959758d68a,_Converted_/CSV/A/Akai/CD_Player/141_-1.ir,141_-1,,0.0,,False,[],True
0cb8358de0fbda89,_Converted_/CSV/A/Akai/Unknown_AKAI-RC-AAV2100/160_160.ir,160_160,Unknown_AKAI-RC-AAV2100,0.68,parent_directory,False,[],True
61d6d535931f3d41,_Converted_/CSV/A/Akai/Unknown_Akai-RC-61A/11_11.ir,11_11,Unknown_Akai-RC-61A,0.68,parent_directory,False,[],True
7cfd374ddd69069f,_Converted_/CSV/A/Akai/Unknown_Akai-RC-V23E/137_119.ir,137_119,Unknown_Akai-RC-V23E,0.68,parent_directory,False,[],True
987c5c1bde38f3a4,_Converted_/CSV/A/Akai/Unknown_RC-C79/141_-1.ir,141_-1,Unknown_RC-C79,0.68,parent_directory,False,[],True
88ffc058f2022440,_Converted_/CSV/A/Akai/Unknown_RC-W152E/137_119.ir,137_119,Unknown_RC-W152E,0.68,parent_directory,False,[],True
ecf2a89773f594e1,_Converted_/CSV/A/Akai/Unknown_akai/131_101.ir,131_101,,0.0,,False,[],True
98d3e489f5e2fdcf,_Converted_/CSV/A/Akai/Unknown_akai/139_-1.ir,139_-1,,0.0,,False,[],True
cb624fd07643a183,_Converted_/CSV/A/Akai/Unknown_rc-c37/141_-1.ir,141_-1,Unknown_rc-c37,0.68,parent_directory,False,[],True
0891ad0f8f528a5c,_Converted_/CSV/A/Antex_Electronics/Satellite_Radio/26_-1.ir,26_-1,,0.0,,False,[],True
db07901cbd4c37f1,_Converted_/CSV/A/Aopen/Media_PC/4_-1.ir,4_-1,,0.0,,False,[],True
dd3500e6b3c1a0b3,_Converted_/CSV/A/Aopen/Unknown_RC-R470/4_-1.ir,4_-1,Unknown_RC-R470,0.68,parent_directory,False,[],True
416727ee06af5a3b,_Converted_/CSV/A/Apex/DVD_Player/4_-1.ir,4_-1,,0.0,,False,[],True
e6c252ecb720a64c,_Converted_/CSV/A/Apex/Unknown_AD-600A/4_-1.ir,4_-1,Unknown_AD-600A,0.68,parent_directory,False,[],True
872d389efdb96a81,_Converted_/CSV/A/Apex/Unknown_DV-R200/0_238.ir,0_238,Unknown_DV-R200,0.68,parent_directory,False,[],True
27a676ac29614961,_Converted_/CSV/A/Apex/Unknown_DV-R383/0_238.ir,0_238,Unknown_DV-R383,0.68,parent_directory,False,[],True
2a811974e614a486,_Converted_/CSV/A/Apex/Unknown_K12B-C2/64_-1.ir,64_-1,Unknown_K12B-C2,0.68,parent_directory,False,[],True
5769f37a39970bdc,_Converted_/CSV/A/Apex/Unknown_K12K-C5/64_-1.ir,64_-1,Unknown_K12K-C5,0.68,parent_directory,False,[],True
cfdfb85e26aef77e,_Converted_/CSV/A/Apex/Unknown_RM-1200/4_-1.ir,4_-1,Unknown_RM-1200,0.68,parent_directory,False,[],True
cdf98d0b468fe080,_Converted_/CSV/A/Apex/Unknown_RM-2600/1_-1.ir,1_-1,Unknown_RM-2600,0.68,parent_directory,False,[],True
d08746b90a82947f,_Converted_/CSV/A/Apple/Apple_TV/238_135.ir,238_135,,0.0,,False,[],True
764b9ac5b01c73bd,_Converted_/CSV/A/Apple/Computer/238_135.ir,238_135,,0.0,,False,[],True
c9937b05c2ac0399,_Converted_/CSV/A/Apple/Digital_Jukebox/238_135.ir,238_135,,0.0,,False,[],True
7e4146370dc757b9,_Converted_/CSV/A/Apple/MP3_Player/1_222.ir,1_222,MP3_Player,0.68,parent_directory,False,[],True
3110c7c3b599c46b,_Converted_/CSV/A/Apple/MP3_Player/238_135.ir,238_135,MP3_Player,0.68,parent_directory,False,[],True
48017eea6680f913,_Converted_/CSV/A/Apple/Unknown_CD/14_-1.ir,14_-1,,0.0,,False,[],True
a639e07804c61039,_Converted_/CSV/A/Apple/iPod/238_135.ir,238_135,,0.0,,False,[],True
2db4ff8e706bffb7,_Converted_/CSV/A/Aragon/Pre-Amplifier/25_-1.ir,25_-1,,0.0,,False,[],True
9dfd8362fa3d4368,_Converted_/CSV/A/Aragon/Pre-Amplifier/31_-1.ir,31_-1,,0.0,,False,[],True
a36158a10b5bbc61,_Converted_/CSV/A/Arcam/CD_Player/0_-1.ir,0_-1,,0.0,,False,[],True
6b76dc774d37255d,_Converted_/CSV/A/Arcam/CD_Player/16_-1.ir,16_-1,,0.0,,False,[],True
865ed882992e54dd,_Converted_/CSV/A/Arcam/CD_Player/20_-1.ir,20_-1,,0.0,,False,[],True
8a3367c182db78d3,_Converted_/CSV/A/Arcam/DVD_Player/16_-1.ir,16_-1,,0.0,,False,[],True
6146b1c9546dc27d,_Converted_/CSV/A/Arcam/DVD_Player/25_-1.ir,25_-1,,0.0,,False,[],True
85246e8df920b6d9,_Converted_/CSV/A/Arcam/Music_System/16_-1.ir,16_-1,,0.0,,False,[],True
ba1a7a03f4eecaf6,_Converted_/CSV/A/Arcam/Music_System/17_-1.ir,17_-1,,0.0,,False,[],True
e0055d024bd15776,_Converted_/CSV/A/Arcam/Music_System/20_-1.ir,20_-1,,0.0,,False,[],True
18d11209c649e237,_Converted_/CSV/A/Arcam/Pre-Amplifier/16_-1.ir,16_-1,,0.0,,False,[],True
6c635871f3fe003b,_Converted_/CSV/A/Arcam/Receiver/0_-1.ir,0_-1,,0.0,,False,[],True
0f173dd443453d47,_Converted_/CSV/A/Arcam/Receiver/16_-1.ir,16_-1,,0.0,,False,[],True
d40487223a60a2b9,_Converted_/CSV/A/Arcam/Receiver/17_-1.ir,17_-1,,0.0,,False,[],True
814a9320eaf7fe25,_Converted_/CSV/A/Arcam/Receiver/19_-1.ir,19_-1,,0.0,,False,[],True
20f97ec6ffc32cde,_Converted_/CSV/A/Arcam/Receiver/23_-1.ir,23_-1,,0.0,,False,[],True
b7ea693a1946f173,_Converted_/CSV/A/Arcam/Receiver/25_-1.ir,25_-1,,0.0,,False,[],True
1214ba891f933f40,_Converted_/CSV/A/Arcam/Surround_Receiver/0_-1.ir,0_-1,,0.0,,False,[],True
96da8b669f54372a,_Converted_/CSV/A/Arcam/Surround_Receiver/16_-1.ir,16_-1,,0.0,,False,[],True
872051d10b9d9cde,_Converted_/CSV/A/Arcam/Surround_Receiver/25_-1.ir,25_-1,,0.0,,False,[],True
5f7596598f7d2993,_Converted_/CSV/A/Arcam/Tuner/17_-1.ir,17_-1,,0.0,,False,[],True
5965915c06726747,_Converted_/CSV/A/Arcam/Unknown_AV200/16_-1.ir,16_-1,Unknown_AV200,0.68,parent_directory,False,[],True
aefb6cc8a4cd308a,_Converted_/CSV/A/Arcam/Unknown_Arcam/16_-1.ir,16_-1,,0.0,,False,[],True
5de41077b65dc348,_Converted_/CSV/A/Architectural_Audio/Amplifier/132_132.ir,132_132,,0.0,,False,[],True
9d58f5421a96be2f,_Converted_/CSV/A/Architectural_Audio/Multi-Zone_Receiver/130_130.ir,130_130,,0.0,,False,[],True
c6b597c48e9a9837,_Converted_/CSV/A/Aristona/Unknown_5525/0_-1.ir,0_-1,Unknown_5525,0.68,parent_directory,False,[],True
e2c7588c7a79b197,_Converted_/CSV/A/Aristona/Unknown_9067/5_-1.ir,5_-1,Unknown_9067,0.68,parent_directory,False,[],True
69ae0f257a15213e,_Converted_/CSV/A/Arraki_Systems/CD_Jukebox/103_-1.ir,103_-1,,0.0,,False,[],True
a83e5daa6479f9c7,_Converted_/CSV/A/Arraki_Systems/CD_Jukebox/39_-1.ir,39_-1,,0.0,,False,[],True
35a56d556ece0fef,_Converted_/CSV/A/Arraki_Systems/CD_Jukebox/71_-1.ir,71_-1,,0.0,,False,[],True
0297c95d52b505ff,_Converted_/CSV/A/Askey/Unknown_AS-218/134_107.ir,134_107,Unknown_AS-218,0.68,parent_directory,False,[],True
f67f69796487980b,_Converted_/CSV/A/Aspire_Digital/Unknown_Digital/8_-1.ir,8_-1,,0.0,,False,[],True
f4692df25182edd2,_Converted_/CSV/A/Astro/Satellite/8_-1.ir,8_-1,,0.0,,False,[],True
490cdc76a06c158c,_Converted_/CSV/A/Astro/Unknown_ASR340/0_253.ir,0_253,Unknown_ASR340,0.68,parent_directory,False,[],True
678bb7ca9648725c,_Converted_/CSV/A/Asus/Unknown_Digital/0_239.ir,0_239,,0.0,,False,[],True
4c481ec82fb407dc,_Converted_/CSV/A/Asus/Unknown_RC1974502/4_15.ir,4_15,Unknown_RC1974502,0.68,parent_directory,False,[],True
f9fff9afd8f6ea01,_Converted_/CSV/A/Asus/Unknown_TVBox/134_107.ir,134_107,,0.0,,False,[],True
80f6d95769c45c78,_Converted_/CSV/A/Aten/Unknown_VS-431/0_-1.ir,0_-1,Unknown_VS-431,0.68,parent_directory,False,[],True
4fb668937082cb7c,_Converted_/CSV/A/Atlanta_DTH/Unknown_DTH/5_-1.ir,5_-1,,0.0,,False,[],True
95b224b9679ae4af,_Converted_/CSV/A/Atlantic_Technology/Surround_Processor/131_95.ir,131_95,,0.0,,False,[],True
f64d7172e1746bf4,_Converted_/CSV/A/Atlantic_Technology/Surround_Processor/64_64.ir,64_64,,0.0,,False,[],True
44d896c3068cf318,_Converted_/CSV/A/Atlantic_Technology/Surround_Processor/7_-1.ir,7_-1,,0.0,,False,[],True
d5af43645759b353,_Converted_/CSV/A/Atlas/Unknown_8776/8_0.ir,8_0,Unknown_8776,0.68,parent_directory,False,[],True
f4f57dca860ae6fb,_Converted_/CSV/A/Atlona/Matrix_Switcher/0_-1.ir,0_-1,,0.0,,False,[],True
fb7502a67a31e016,_Converted_/CSV/A/Atlona/Matrix_Switcher/134_107.ir,134_107,,0.0,,False,[],True
2a161dc8e4d260db,_Converted_/CSV/A/Atlona/Switcher/134_107.ir,134_107,,0.0,,False,[],True
f1ae3bd88fac1140,_Converted_/CSV/A/AudioSource/Unknown_SS-Three/6_1.ir,6_1,,0.0,,False,[],True
1611f5cf45ad9d07,_Converted_/CSV/A/Audio_Access/Pre-Amplifier/133_83.ir,133_83,,0.0,,False,[],True
3ae7604f1fe00b06,_Converted_/CSV/A/Audio_Access/Zone_Controller/133_83.ir,133_83,,0.0,,False,[],True
8096b57a1574d0b9,_Converted_/CSV/A/Audio_Access/Zone_Controller/4_-1.ir,4_-1,,0.0,,False,[],True
4eafa73b505724c9,_Converted_/CSV/A/Audio_Authority/HDMI_Switcher/134_107.ir,134_107,,0.0,,False,[],True
e70d5ce549df3294,_Converted_/CSV/A/Audio_Authority/IR_to_Bluetooth/26_218.ir,26_218,,0.0,,False,[],True
1c76e6010605d53c,_Converted_/CSV/A/Audio_Authority/IR_to_Bluetooth/26_73.ir,26_73,,0.0,,False,[],True
1c8be444f9fdce9a,_Converted_/CSV/A/Audio_Authority/Switcher/64_159.ir,64_159,,0.0,,False,[],True
49c8aace30b02bda,_Converted_/CSV/A/Audio_Control/Pre-Amplifier/16_-1.ir,16_-1,,0.0,,False,[],True
599f4dd0e3d3ed6c,_Converted_/CSV/A/Audio_Control/Pre-Amplifier/17_-1.ir,17_-1,,0.0,,False,[],True
1c30298a83b25e8a,_Converted_/CSV/A/Audio_Control/Pre-Amplifier/23_-1.ir,23_-1,,0.0,,False,[],True
dc3de09095022fdc,_Converted_/CSV/A/Audio_Control/Processor/16_-1.ir,16_-1,,0.0,,False,[],True
2ed7e7e10063c663,_Converted_/CSV/A/Audio_Control/Receiver/16_-1.ir,16_-1,,0.0,,False,[],True
7e6a7e4cbd17acd1,_Converted_/CSV/A/Audio_Control/Receiver/17_-1.ir,17_-1,,0.0,,False,[],True
533bb0a03742d892,_Converted_/CSV/A/Audio_Control/Receiver/23_-1.ir,23_-1,,0.0,,False,[],True
3e112a1ae2b5067e,_Converted_/CSV/A/Audio_Refinement/Amplifier/20_-1.ir,20_-1,,0.0,,False,[],True
843ffbeca8e221d5,_Converted_/CSV/A/Audio_Refinement/CD_Player/20_-1.ir,20_-1,,0.0,,False,[],True
f21994b119ab6738,_Converted_/CSV/A/Audio_Refinement/Tuner/20_-1.ir,20_-1,,0.0,,False,[],True
02f9ee95ad69f044,_Converted_/CSV/A/Audio_Research/Pre-Amplifier/7_-1.ir,7_-1,,0.0,,False,[],True
96ffb424286a4c5f,_Converted_/CSV/A/Audiola/DEC654_DVB-T/8_247.ir,8_247,DEC654_DVB-T,0.68,parent_directory,False,[],True
de17b776e800e463,_Converted_/CSV/A/Audiovox/Monitor/128_126.ir,128_126,,0.0,,False,[],True
ddd83e1b656a461b,_Converted_/CSV/A/Audiovox/Unknown_SIR/16_-1.ir,16_-1,,0.0,,False,[],True
20ff5efe1996c745,_Converted_/CSV/A/Audiovox/Unknown_Sirius/16_-1.ir,16_-1,,0.0,,False,[],True
efab8ee94f9b897c,_Converted_/CSV/A/Austar/Cable_Box/32_224.ir,32_224,,0.0,,False,[],True
ac63878f20512c95,_Converted_/CSV/A/AutumnWave/Unknown_Onair/8_-1.ir,8_-1,,0.0,,False,[],True
e620c3fa93fde947,_Converted_/CSV/A/Avermedia/Unknown_AVerTV5/0_237.ir,0_237,Unknown_AVerTV5,0.68,parent_directory,False,[],True
80b10e84c57b78ce,_Converted_/CSV/A/Avermedia/Unknown_Avermedia/64_-1.ir,64_-1,,0.0,,False,[],True
5d5fe09bf5c348ef,_Converted_/CSV/A/Avermedia/Unknown_RM-H7/0_237.ir,0_237,Unknown_RM-H7,0.68,parent_directory,False,[],True
68e7c3f61b997af4,_Converted_/CSV/A/Avermedia/Unknown_RM-KV/4_-1.ir,4_-1,,0.0,,False,[],True
7f0bb0ed31a09338,_Converted_/CSV/A/Avex/Unknown_AVEX-AV5609/5_-1.ir,5_-1,Unknown_AVEX-AV5609,0.68,parent_directory,False,[],True
2e5857806ad9c36d,_Converted_/CSV/A/Avex/Unknown_AVEX-RC501/5_-1.ir,5_-1,Unknown_AVEX-RC501,0.68,parent_directory,False,[],True
7e4dcf0fbfa79082,_Converted_/CSV/A/Avtoolbox/Unknown_hdswitch/32_-1.ir,32_-1,,0.0,,False,[],True
f7a682badd36a834,_Converted_/CSV/A/Axion/Unknown_AXN-6075/2_255.ir,2_255,Unknown_AXN-6075,0.68,parent_directory,False,[],True
270fd33bd6ac9e4e,_Converted_/CSV/A/Axonix/DVD_Player/17_-1.ir,17_-1,,0.0,,False,[],True
813b4d54319535d9,_Converted_/CSV/A/Axonix/MediaMax/17_20.ir,17_20,,0.0,,False,[],True
dcd7eff5647fbd1b,_Converted_/CSV/A/Axonix/Media_Server/17_-1.ir,17_-1,,0.0,,False,[],True
9e75823f3d8b9043,_Converted_/CSV/A/Ayre/Amplifier/16_-1.ir,16_-1,,0.0,,False,[],True
e9f58a5734344464,_Converted_/CSV/A/AzBox/Unknown_S700/1_4.ir,1_4,Unknown_S700,0.68,parent_directory,False,[],True
f0830aff569294e0,_Converted_/CSV/A/anysee/Unknown_anysee/8_-1.ir,8_-1,,0.0,,False,[],True
e9271097e10491c5,_Converted_/CSV/A/audiosonic/Unknown_TXCD-1240/129_129.ir,129_129,Unknown_TXCD-1240,0.68,parent_directory,False,[],True
f6ce8b46abbc9a60,_Converted_/CSV/B/B.A.T/Pre-Amplifier/16_-1.ir,16_-1,,0.0,,False,[],True
120518c69a7d4e43,_Converted_/CSV/B/BBK/Unknown_PV400s/80_-1.ir,80_-1,Unknown_PV400s,0.68,parent_directory,False,[],True
5be0f2729791b4ea,_Converted_/CSV/B/BBK/Unknown_Popcorn/4_203.ir,4_203,,0.0,,False,[],True
292a8e256403cd97,_Converted_/CSV/B/BBK/Unknown_RC022-03R/73_-1.ir,73_-1,Unknown_RC022-03R,0.68,parent_directory,False,[],True
30e401915c9be84b,_Converted_/CSV/B/BORK/Unknown_DV/8_-1.ir,8_-1,,0.0,,False,[],True
2ce5aff2b6c3ae6e,_Converted_/CSV/B/BTX/Drapery_Controller/145_-1.ir,145_-1,,0.0,,False,[],True
0536e845f5ed9770,_Converted_/CSV/B/BTX/Drapery_Controller/146_-1.ir,146_-1,,0.0,,False,[],True
e53bf0ee0cdaf8ea,_Converted_/CSV/B/BTX/Drapery_Controller/147_-1.ir,147_-1,,0.0,,False,[],True
d98618f0626d00f0,_Converted_/CSV/B/BTX/Drapery_Controller/148_-1.ir,148_-1,,0.0,,False,[],True
d245a34f04ea80fb,_Converted_/CSV/B/BTX/Drapery_Controller/193_-1.ir,193_-1,,0.0,,False,[],True
58571a25c42bad14,_Converted_/CSV/B/BTX/Drapery_Controller/194_-1.ir,194_-1,,0.0,,False,[],True
41156830e4387ad5,_Converted_/CSV/B/BTX/Drapery_Controller/195_-1.ir,195_-1,,0.0,,False,[],True
7297a4f0379346a8,_Converted_/CSV/B/BTX/Drapery_Controller/196_-1.ir,196_-1,,0.0,,False,[],True
60d0023d9deb42d5,_Converted_/CSV/B/BTX/Drapery_Controller/81_-1.ir,81_-1,,0.0,,False,[],True
2f4b8935afcaeda9,_Converted_/CSV/B/BTX/Drapery_Controller/82_-1.ir,82_-1,,0.0,,False,[],True
e42e8c76aedb9a24,_Converted_/CSV/B/BTX/Drapery_Controller/83_-1.ir,83_-1,,0.0,,False,[],True
46ab0aaee5a9e1af,_Converted_/CSV/B/BTX/Drapery_Controller/84_-1.ir,84_-1,,0.0,,False,[],True
88d0c899f7bb55ae,_Converted_/CSV/B/Bang_Olufsen/CD_Player/26_73.ir,26_73,,0.0,,False,[],True
a9a2c94a55239d99,_Converted_/CSV/B/Barco/Unknown_barcoRC5/0_-1.ir,0_-1,Unknown_barcoRC5,0.68,parent_directory,False,[],True
5ac0af7b9a770873,_Converted_/CSV/B/Barco/Video_Projector/0_-1.ir,0_-1,,0.0,,False,[],True
4d218ff82bd5fdb1,_Converted_/CSV/B/Barco/Video_Projector/18_-1.ir,18_-1,,0.0,,False,[],True
e888c3a6bcb211c8,_Converted_/CSV/B/Barix/CD_Jukebox/0_127.ir,0_127,,0.0,,False,[],True
0714aa7dad633102,_Converted_/CSV/B/Beko/Unknown_Beko/7_-1.ir,7_-1,,0.0,,False,[],True
0acd06bad60071c9,_Converted_/CSV/B/Beko/Unknown_TV/0_-1.ir,0_-1,,0.0,,False,[],True
16a0a86d7ed4fc0d,_Converted_/CSV/B/Belkin/Unknown_F5X019/27_-1.ir,27_-1,Unknown_F5X019,0.68,parent_directory,False,[],True
a98f83f34b105689,_Converted_/CSV/B/Bell/Satellite/0_0.ir,0_0,,0.0,,False,[],True
10eef89aa8792576,_Converted_/CSV/B/Bell/Satellite/0_1.ir,0_1,,0.0,,False,[],True
89f6b5ac9786e8fe,_Converted_/CSV/B/Bell/Satellite/0_2.ir,0_2,,0.0,,False,[],True
c58dd71bbfbc3ac3,_Converted_/CSV/B/Bell/Satellite/128_0.ir,128_0,,0.0,,False,[],True
2537d7a6e68c368e,_Converted_/CSV/B/Bell/Satellite/16_1.ir,16_1,,0.0,,False,[],True
87e3e12b1668d523,_Converted_/CSV/B/Bell/Satellite/1_0.ir,1_0,,0.0,,False,[],True
4174f28bac3a08ae,_Converted_/CSV/B/Bell/Satellite/1_1.ir,1_1,,0.0,,False,[],True
363af0bc3f0851a6,_Converted_/CSV/B/Bell/Satellite/1_2.ir,1_2,,0.0,,False,[],True
b17ed06f148f04d9,_Converted_/CSV/B/Bell/Satellite/24_0.ir,24_0,,0.0,,False,[],True
b90a626efe595b9e,_Converted_/CSV/B/Bell/Satellite/7_-1.ir,7_-1,,0.0,,False,[],True
e4624f1aa4405480,_Converted_/CSV/B/Bell_ExpressVu/HD_DVR/0_0.ir,0_0,,0.0,,False,[],True
a409a8f1776a981a,_Converted_/CSV/B/Bell_ExpressVu/HD_DVR/12_0.ir,12_0,,0.0,,False,[],True
0d07dd1b3010aab8,_Converted_/CSV/B/Bell_ExpressVu/HD_DVR/1_0.ir,1_0,,0.0,,False,[],True
57435a37413e8f6c,_Converted_/CSV/B/Bell_ExpressVu/HD_DVR/7_-1.ir,7_-1,,0.0,,False,[],True
0081d2b777f58a58,_Converted_/CSV/B/Bell_ExpressVu/Satellite/0_0.ir,0_0,,0.0,,False,[],True
2b5ae353c047f7eb,_Converted_/CSV/B/Bell_ExpressVu/Satellite/16_0.ir,16_0,,0.0,,False,[],True
c7a328beb472e41e,_Converted_/CSV/B/Bell_ExpressVu/Satellite/1_0.ir,1_0,,0.0,,False,[],True
7f669032a5ff8ac0,_Converted_/CSV/B/Bellagio/Unknown_P807/32_-1.ir,32_-1,Unknown_P807,0.68,parent_directory,False,[],True
9956d251ee0f4805,_Converted_/CSV/B/BenQ/DLP_Projector/48_-1.ir,48_-1,,0.0,,False,[],True
2acc3bc0bf202af0,_Converted_/CSV/B/BenQ/Projector/48_-1.ir,48_-1,,0.0,,False,[],True
227131e09d50a158,_Converted_/CSV/B/BenQ/Projector/72_80.ir,72_80,,0.0,,False,[],True
e497530339e67799,_Converted_/CSV/B/BenQ/Unknown_DV3080/96_-1.ir,96_-1,Unknown_DV3080,0.68,parent_directory,False,[],True
b71fcb8f63fe5d0e,_Converted_/CSV/B/BenQ/Unknown_MP620/0_48.ir,0_48,Unknown_MP620,0.68,parent_directory,False,[],True
2b80c4240e551a56,_Converted_/CSV/B/BenQ/Unknown_W1070/0_48.ir,0_48,Unknown_W1070,0.68,parent_directory,False,[],True
8f7e892986f9f52f,_Converted_/CSV/B/Bench/Unknown_kh2800/48_-1.ir,48_-1,Unknown_kh2800,0.68,parent_directory,False,[],True
03362ebaee38519c,_Converted_/CSV/B/Big_Ben/Game_Console/67_164.ir,67_164,,0.0,,False,[],True
1b3e4329e9ab25bc,_Converted_/CSV/B/Bluesky/Unknown_DV900/5_-1.ir,5_-1,Unknown_DV900,0.68,parent_directory,False,[],True
9ec415462b5e968b,_Converted_/CSV/B/BnK_Components/2-Channel_Preamp/11_-1.ir,11_-1,2-Channel_Preamp,0.68,parent_directory,False,[],True
829c56b293d4fed3,_Converted_/CSV/B/BnK_Components/2-Channel_Preamp/11_79.ir,11_79,2-Channel_Preamp,0.68,parent_directory,False,[],True
ea6df6c009aab4d3,_Converted_/CSV/B/BnK_Components/6-Zone_Receiver/11_79.ir,11_79,6-Zone_Receiver,0.68,parent_directory,False,[],True
60fbfdd1f125c011,_Converted_/CSV/B/BnK_Components/6-Zone_Receiver/123_72.ir,123_72,6-Zone_Receiver,0.68,parent_directory,False,[],True
39b156bdfcc71bfd,_Converted_/CSV/B/BnK_Components/6-Zone_Receiver/139_71.ir,139_71,6-Zone_Receiver,0.68,parent_directory,False,[],True
32e8b148d09d5dbc,_Converted_/CSV/B/BnK_Components/6-Zone_Receiver/187_-1.ir,187_-1,6-Zone_Receiver,0.68,parent_directory,False,[],True
f354ae10a0344465,_Converted_/CSV/B/BnK_Components/6-Zone_Receiver/203_67.ir,203_67,6-Zone_Receiver,0.68,parent_directory,False,[],True
223ce6bb6ecb9dd7,_Converted_/CSV/B/BnK_Components/6-Zone_Receiver/219_66.ir,219_66,6-Zone_Receiver,0.68,parent_directory,False,[],True
5996688debfe87b2,_Converted_/CSV/B/BnK_Components/6-Zone_Receiver/242_208.ir,242_208,6-Zone_Receiver,0.68,parent_directory,False,[],True
ac6757f33c6a1691,_Converted_/CSV/B/BnK_Components/6-Zone_Receiver/243_192.ir,243_192,6-Zone_Receiver,0.68,parent_directory,False,[],True
c0097e7deaad192b,_Converted_/CSV/B/BnK_Components/6-Zone_Receiver/251_64.ir,251_64,6-Zone_Receiver,0.68,parent_directory,False,[],True
a4d5b5bbc60097c4,_Converted_/CSV/B/BnK_Components/6-Zone_Receiver/27_78.ir,27_78,6-Zone_Receiver,0.68,parent_directory,False,[],True
d2adbf420daa5c26,_Converted_/CSV/B/BnK_Components/6-Zone_Receiver/43_77.ir,43_77,6-Zone_Receiver,0.68,parent_directory,False,[],True
7717d9a86653033c,_Converted_/CSV/B/BnK_Components/6-Zone_Receiver/59_76.ir,59_76,6-Zone_Receiver,0.68,parent_directory,False,[],True
e26789e972fe628a,_Converted_/CSV/B/BnK_Components/6-Zone_Receiver/75_75.ir,75_75,6-Zone_Receiver,0.68,parent_directory,False,[],True
c5e86d6a4343dc2e,_Converted_/CSV/B/BnK_Components/6-Zone_Receiver/91_74.ir,91_74,6-Zone_Receiver,0.68,parent_directory,False,[],True
3e8bd319d5add56a,_Converted_/CSV/B/BnK_Components/Matrix_Switcher/0_-1.ir,0_-1,,0.0,,False,[],True
c18d2e2cf3f9035a,_Converted_/CSV/B/BnK_Components/Matrix_Switcher/103_137.ir,103_137,,0.0,,False,[],True
13a14b61fff0c32e,_Converted_/CSV/B/BnK_Components/Matrix_Switcher/108_57.ir,108_57,,0.0,,False,[],True
880073cf1c95bbca,_Converted_/CSV/B/BnK_Components/Matrix_Switcher/111_9.ir,111_9,,0.0,,False,[],True
4116738a651a9e97,_Converted_/CSV/B/BnK_Components/Matrix_Switcher/119_-1.ir,119_-1,,0.0,,False,[],True
08decd18a71c83ea,_Converted_/CSV/B/BnK_Components/Matrix_Switcher/123_72.ir,123_72,,0.0,,False,[],True
5c60ee8da4b7bbb7,_Converted_/CSV/B/BnK_Components/Matrix_Switcher/127_8.ir,127_8,,0.0,,False,[],True
89828679f24f564d,_Converted_/CSV/B/BnK_Components/Matrix_Switcher/128_247.ir,128_247,,0.0,,False,[],True
c078fd7af7e9b0f9,_Converted_/CSV/B/BnK_Components/Matrix_Switcher/135_135.ir,135_135,,0.0,,False,[],True
e26256f02f43bede,_Converted_/CSV/B/BnK_Components/Matrix_Switcher/143_7.ir,143_7,,0.0,,False,[],True
209c53432ea726d0,_Converted_/CSV/B/BnK_Components/Matrix_Switcher/159_6.ir,159_6,,0.0,,False,[],True
21fe04563edf0190,_Converted_/CSV/B/BnK_Components/Matrix_Switcher/15_15.ir,15_15,,0.0,,False,[],True
219b7dfe88be8b34,_Converted_/CSV/B/BnK_Components/Matrix_Switcher/167_133.ir,167_133,,0.0,,False,[],True
849dc4ae1f0d936f,_Converted_/CSV/B/BnK_Components/Matrix_Switcher/172_53.ir,172_53,,0.0,,False,[],True
98cce39ef4baf770,_Converted_/CSV/B/BnK_Components/Matrix_Switcher/183_132.ir,183_132,,0.0,,False,[],True
499e92aba0514479,_Converted_/CSV/B/BnK_Components/Matrix_Switcher/187_-1.ir,187_-1,,0.0,,False,[],True
a4d61d6fc64bda66,_Converted_/CSV/B/BnK_Components/Matrix_Switcher/192_243.ir,192_243,,0.0,,False,[],True
9e59bcfc80d76575,_Converted_/CSV/B/BnK_Components/Matrix_Switcher/199_131.ir,199_131,,0.0,,False,[],True
79df23798974cc1c,_Converted_/CSV/B/BnK_Components/Matrix_Switcher/204_-1.ir,204_-1,,0.0,,False,[],True
bae964d41c343e76,_Converted_/CSV/B/BnK_Components/Matrix_Switcher/219_66.ir,219_66,,0.0,,False,[],True
23e3261b19015c84,_Converted_/CSV/B/BnK_Components/Matrix_Switcher/223_2.ir,223_2,,0.0,,False,[],True
85bb823ac23396ed,_Converted_/CSV/B/BnK_Components/Matrix_Switcher/239_1.ir,239_1,,0.0,,False,[],True
6233c56b9b91fa1f,_Converted_/CSV/B/BnK_Components/Matrix_Switcher/23_142.ir,23_142,,0.0,,False,[],True
27f75a3754dabb8a,_Converted_/CSV/B/BnK_Components/Matrix_Switcher/242_208.ir,242_208,,0.0,,False,[],True
6deb1de2c724e1cc,_Converted_/CSV/B/BnK_Components/Matrix_Switcher/243_192.ir,243_192,,0.0,,False,[],True
3ce770db2a85ecdc,_Converted_/CSV/B/BnK_Components/Matrix_Switcher/247_128.ir,247_128,,0.0,,False,[],True
e707196fde0a2af4,_Converted_/CSV/B/BnK_Components/Matrix_Switcher/251_64.ir,251_64,,0.0,,False,[],True
e886b5ae17054d47,_Converted_/CSV/B/BnK_Components/Matrix_Switcher/255_-1.ir,255_-1,,0.0,,False,[],True
9e52300c4601ad3a,_Converted_/CSV/B/BnK_Components/Matrix_Switcher/31_14.ir,31_14,,0.0,,False,[],True
723f0fdfdf9c00eb,_Converted_/CSV/B/BnK_Components/Matrix_Switcher/39_141.ir,39_141,,0.0,,False,[],True
e9f097aa0ebe07ee,_Converted_/CSV/B/BnK_Components/Matrix_Switcher/44_61.ir,44_61,,0.0,,False,[],True
0bc1df244f82a1d8,_Converted_/CSV/B/BnK_Components/Matrix_Switcher/55_140.ir,55_140,,0.0,,False,[],True
4d0766767e6ee76c,_Converted_/CSV/B/BnK_Components/Matrix_Switcher/59_76.ir,59_76,,0.0,,False,[],True
7824d15d8900cbd8,_Converted_/CSV/B/BnK_Components/Matrix_Switcher/63_12.ir,63_12,,0.0,,False,[],True
f5baaa19b46c889a,_Converted_/CSV/B/BnK_Components/Matrix_Switcher/64_251.ir,64_251,,0.0,,False,[],True
80ab955a892850bb,_Converted_/CSV/B/BnK_Components/Matrix_Switcher/71_139.ir,71_139,,0.0,,False,[],True
73fc9de218d9d319,_Converted_/CSV/B/BnK_Components/Matrix_Switcher/76_59.ir,76_59,,0.0,,False,[],True
071fb374ab8f4aee,_Converted_/CSV/B/BnK_Components/Matrix_Switcher/79_11.ir,79_11,,0.0,,False,[],True
2d93863b6fa74349,_Converted_/CSV/B/BnK_Components/Matrix_Switcher/7_143.ir,7_143,,0.0,,False,[],True
c24f090bdf84026c,_Converted_/CSV/B/BnK_Components/Matrix_Switcher/91_74.ir,91_74,,0.0,,False,[],True
506f4e0359d24912,_Converted_/CSV/B/BnK_Components/Matrix_Switcher/95_10.ir,95_10,,0.0,,False,[],True
9dbc748764a9e602,_Converted_/CSV/B/BnK_Components/Multi-Zone Receiver/103_137.ir,103_137,,0.0,,False,[],True
42404b09a2002294,_Converted_/CSV/B/BnK_Components/Multi-Zone Receiver/119_-1.ir,119_-1,,0.0,,False,[],True
88fdfced0403e319,_Converted_/CSV/B/BnK_Components/Multi-Zone Receiver/123_72.ir,123_72,,0.0,,False,[],True
eb9d42545244aad4,_Converted_/CSV/B/BnK_Components/Multi-Zone Receiver/135_135.ir,135_135,,0.0,,False,[],True
3f8a3de87736082f,_Converted_/CSV/B/BnK_Components/Multi-Zone Receiver/143_7.ir,143_7,,0.0,,False,[],True
87f055f6fa78df05,_Converted_/CSV/B/BnK_Components/Multi-Zone Receiver/151_134.ir,151_134,,0.0,,False,[],True
4d3e39e80436ffad,_Converted_/CSV/B/BnK_Components/Multi-Zone Receiver/15_15.ir,15_15,,0.0,,False,[],True
8c89acd7ecc3563f,_Converted_/CSV/B/BnK_Components/Multi-Zone Receiver/167_133.ir,167_133,,0.0,,False,[],True
83442d37fecaeddf,_Converted_/CSV/B/BnK_Components/Multi-Zone Receiver/183_132.ir,183_132,,0.0,,False,[],True
e0e89ac0f7515d0f,_Converted_/CSV/B/BnK_Components/Multi-Zone Receiver/187_-1.ir,187_-1,,0.0,,False,[],True
a9267a131fe1aefb,_Converted_/CSV/B/BnK_Components/Multi-Zone Receiver/199_131.ir,199_131,,0.0,,False,[],True
8f731fa5b8be616f,_Converted_/CSV/B/BnK_Components/Multi-Zone Receiver/215_130.ir,215_130,,0.0,,False,[],True
44d6c0a0db4e2a56,_Converted_/CSV/B/BnK_Components/Multi-Zone Receiver/219_66.ir,219_66,,0.0,,False,[],True
ca18a7a4b78f9f4d,_Converted_/CSV/B/BnK_Components/Multi-Zone Receiver/231_129.ir,231_129,,0.0,,False,[],True
c58561b96ddaec75,_Converted_/CSV/B/BnK_Components/Multi-Zone Receiver/23_142.ir,23_142,,0.0,,False,[],True
0b3a0f30ab2e0b1b,_Converted_/CSV/B/BnK_Components/Multi-Zone Receiver/242_208.ir,242_208,,0.0,,False,[],True
8cfc2c5dc3e50fec,_Converted_/CSV/B/BnK_Components/Multi-Zone Receiver/243_192.ir,243_192,,0.0,,False,[],True
e4481678753d7aa6,_Converted_/CSV/B/BnK_Components/Multi-Zone Receiver/247_128.ir,247_128,,0.0,,False,[],True
1443088540741539,_Converted_/CSV/B/BnK_Components/Multi-Zone Receiver/251_64.ir,251_64,,0.0,,False,[],True
bdc054b3d952deac,_Converted_/CSV/B/BnK_Components/Multi-Zone Receiver/31_14.ir,31_14,,0.0,,False,[],True
31e688d78d910b27,_Converted_/CSV/B/BnK_Components/Multi-Zone Receiver/39_141.ir,39_141,,0.0,,False,[],True
708b9d4d4758d90b,_Converted_/CSV/B/BnK_Components/Multi-Zone Receiver/55_140.ir,55_140,,0.0,,False,[],True
db34c308ac454227,_Converted_/CSV/B/BnK_Components/Multi-Zone Receiver/59_76.ir,59_76,,0.0,,False,[],True
704d680cce401884,_Converted_/CSV/B/BnK_Components/Multi-Zone Receiver/71_139.ir,71_139,,0.0,,False,[],True
5852222949073f24,_Converted_/CSV/B/BnK_Components/Multi-Zone Receiver/79_11.ir,79_11,,0.0,,False,[],True
f97f6b3a17f366d2,_Converted_/CSV/B/BnK_Components/Multi-Zone Receiver/7_143.ir,7_143,,0.0,,False,[],True
4b684f6f8c9d2b24,_Converted_/CSV/B/BnK_Components/Multi-Zone Receiver/87_138.ir,87_138,,0.0,,False,[],True
0f053d4c3355e97a,_Converted_/CSV/B/BnK_Components/Multi-Zone Receiver/91_74.ir,91_74,,0.0,,False,[],True
ec431c585b069ab9,_Converted_/CSV/B/BnK_Components/Pre-Amplifier/11_-1.ir,11_-1,,0.0,,False,[],True
9db6a11b98d0f66b,_Converted_/CSV/B/BnK_Components/Pre-Amplifier/11_79.ir,11_79,,0.0,,False,[],True
7bbb27afbd10cc91,_Converted_/CSV/B/BnK_Components/Pre-Amplifier/139_71.ir,139_71,,0.0,,False,[],True
621781b927e9611e,_Converted_/CSV/B/BnK_Components/Pre-Amplifier/203_67.ir,203_67,,0.0,,False,[],True
4c807e095af7e2da,_Converted_/CSV/B/BnK_Components/Pre-Amplifier/27_78.ir,27_78,,0.0,,False,[],True
845f73b6381e7a88,_Converted_/CSV/B/BnK_Components/Pre-Amplifier/5_1.ir,5_1,,0.0,,False,[],True
69e2652590d4a3c7,_Converted_/CSV/B/BnK_Components/Pre-Amplifier/6_1.ir,6_1,,0.0,,False,[],True
d6d92cf3f0c77d6e,_Converted_/CSV/B/BnK_Components/Receiver/139_71.ir,139_71,,0.0,,False,[],True
6f50dd6f08b8a89e,_Converted_/CSV/B/BnK_Components/Receiver/203_67.ir,203_67,,0.0,,False,[],True
820fadabccfae17f,_Converted_/CSV/B/BnK_Components/Receiver/27_78.ir,27_78,,0.0,,False,[],True
ffa0108e6a4f2b08,_Converted_/CSV/B/BnK_Components/Surround_Processor/11_79.ir,11_79,,0.0,,False,[],True
8091f50789801a5d,_Converted_/CSV/B/BnK_Components/Surround_Processor/27_78.ir,27_78,,0.0,,False,[],True
e609ef4f397d396c,_Converted_/CSV/B/BnK_Components/Theater_Preamplifier/139_71.ir,139_71,,0.0,,False,[],True
1acdc3779855adee,_Converted_/CSV/B/BnK_Components/Theater_Preamplifier/203_67.ir,203_67,,0.0,,False,[],True
a2152e455d269da8,_Converted_/CSV/B/BnK_Components/Theater_Preamplifier/27_78.ir,27_78,,0.0,,False,[],True
1c8c17f4299b64a9,_Converted_/CSV/B/BnK_Components/Theater_Zone-2/11_79.ir,11_79,Theater_Zone-2,0.68,parent_directory,False,[],True
6be02b7c93d02811,_Converted_/CSV/B/BnK_Components/Theater_Zone-2/43_77.ir,43_77,Theater_Zone-2,0.68,parent_directory,False,[],True
edf6dc9de2ee699c,_Converted_/CSV/B/BnK_Components/Theater_Zone-2/75_75.ir,75_75,Theater_Zone-2,0.68,parent_directory,False,[],True
2c9e83921efc03f2,_Converted_/CSV/B/Bogen/Amplifier/1_-1.ir,1_-1,,0.0,,False,[],True
4a5fdebf9a708828,_Converted_/CSV/B/Bose/3-2-1/186_75.ir,186_75,,0.0,,False,[],True
1fd371c7cbe9cb1e,_Converted_/CSV/B/Bose/CCF_Conversion/186_133.ir,186_133,,0.0,,False,[],True
0fe4740b6b044fb6,_Converted_/CSV/B/Bose/CCF_Conversion/186_213.ir,186_213,,0.0,,False,[],True
784bf6cf4aa86b47,_Converted_/CSV/B/Bose/CCF_Conversion/186_229.ir,186_229,,0.0,,False,[],True
ceee38d1523a5ba3,_Converted_/CSV/B/Bose/CCF_Conversion/186_85.ir,186_85,,0.0,,False,[],True
212d30400c97e4a1,_Converted_/CSV/B/Bose/Lifestyle/186_1.ir,186_1,,0.0,,False,[],True
cec51ef1f09e0ceb,_Converted_/CSV/B/Bose/Lifestyle/186_136.ir,186_136,,0.0,,False,[],True
dd45b660e40e47e0,_Converted_/CSV/B/Bose/Lifestyle/186_160.ir,186_160,,0.0,,False,[],True
77c450980e7b6a5c,_Converted_/CSV/B/Bose/Lifestyle/186_161.ir,186_161,,0.0,,False,[],True
95fac6eb8194f842,_Converted_/CSV/B/Bose/Lifestyle/186_162.ir,186_162,,0.0,,False,[],True
4060a782113a2c94,_Converted_/CSV/B/Bose/Lifestyle/186_163.ir,186_163,,0.0,,False,[],True
f0d4f6b9118fb02a,_Converted_/CSV/B/Bose/Lifestyle/186_164.ir,186_164,,0.0,,False,[],True
b841d541eeb4136c,_Converted_/CSV/B/Bose/Lifestyle/186_165.ir,186_165,,0.0,,False,[],True
58ba9f1acace1d43,_Converted_/CSV/B/Bose/Lifestyle/186_166.ir,186_166,,0.0,,False,[],True
50ab172f76862faf,_Converted_/CSV/B/Bose/Lifestyle/186_167.ir,186_167,,0.0,,False,[],True
27e952b01d1e04a4,_Converted_/CSV/B/Bose/Lifestyle/186_168.ir,186_168,,0.0,,False,[],True
3c2db0ad869d3a27,_Converted_/CSV/B/Bose/Lifestyle/186_169.ir,186_169,,0.0,,False,[],True
b15113cb0b2d877c,_Converted_/CSV/B/Bose/Lifestyle/186_170.ir,186_170,,0.0,,False,[],True
9f8385331db10ddb,_Converted_/CSV/B/Bose/Lifestyle/186_171.ir,186_171,,0.0,,False,[],True
aa0bec3995b8bc8f,_Converted_/CSV/B/Bose/Lifestyle/186_172.ir,186_172,,0.0,,False,[],True
42adeb7a3c96fdce,_Converted_/CSV/B/Bose/Lifestyle/186_173.ir,186_173,,0.0,,False,[],True
f73ce94b182795b8,_Converted_/CSV/B/Bose/Lifestyle/186_174.ir,186_174,,0.0,,False,[],True
a4f0506383da78d4,_Converted_/CSV/B/Bose/Lifestyle/186_176.ir,186_176,,0.0,,False,[],True
aefb904cbf570678,_Converted_/CSV/B/Bose/Lifestyle/186_177.ir,186_177,,0.0,,False,[],True
db5771ea8bb7dc00,_Converted_/CSV/B/Bose/Lifestyle/186_178.ir,186_178,,0.0,,False,[],True
284f96c67211ef5b,_Converted_/CSV/B/Bose/Lifestyle/186_179.ir,186_179,,0.0,,False,[],True
b58ae7096ba5a76a,_Converted_/CSV/B/Bose/Lifestyle/186_180.ir,186_180,,0.0,,False,[],True
db045cd6e71ff652,_Converted_/CSV/B/Bose/Lifestyle/186_181.ir,186_181,,0.0,,False,[],True
20cf2be09d8cba69,_Converted_/CSV/B/Bose/Lifestyle/186_182.ir,186_182,,0.0,,False,[],True
194cb67e18ab34f6,_Converted_/CSV/B/Bose/Lifestyle/186_183.ir,186_183,,0.0,,False,[],True
4ce0e25814963f1a,_Converted_/CSV/B/Bose/Lifestyle/186_184.ir,186_184,,0.0,,False,[],True
320f745c11625986,_Converted_/CSV/B/Bose/Lifestyle/186_185.ir,186_185,,0.0,,False,[],True
233474711b36837d,_Converted_/CSV/B/Bose/Lifestyle/186_186.ir,186_186,,0.0,,False,[],True
0c78a9a2e8734c4a,_Converted_/CSV/B/Bose/Lifestyle/186_187.ir,186_187,,0.0,,False,[],True
ec6d285f4c9fe238,_Converted_/CSV/B/Bose/Lifestyle/186_188.ir,186_188,,0.0,,False,[],True
e33bef60c50a80f8,_Converted_/CSV/B/Bose/Lifestyle/186_189.ir,186_189,,0.0,,False,[],True
3c2c51c2f5f20953,_Converted_/CSV/B/Bose/Lifestyle/186_190.ir,186_190,,0.0,,False,[],True
040eef3d02387716,_Converted_/CSV/B/Bose/Lifestyle/186_191.ir,186_191,,0.0,,False,[],True
d8e76d2ed09a4c50,_Converted_/CSV/B/Bose/Lifestyle/186_85.ir,186_85,,0.0,,False,[],True
745a68b3c3463ace,_Converted_/CSV/B/Bose/Media_Center/186_136.ir,186_136,,0.0,,False,[],True
2fed6efaef323794,_Converted_/CSV/B/Bose/Media_Center/1_-1.ir,1_-1,,0.0,,False,[],True
f467d4b3206bddc9,_Converted_/CSV/B/Bose/Music_Center/186_133.ir,186_133,,0.0,,False,[],True
5b4b9fcd7cea3bba,_Converted_/CSV/B/Bose/Music_Center/186_213.ir,186_213,,0.0,,False,[],True
c5314dee334e71e4,_Converted_/CSV/B/Bose/Music_Center/186_229.ir,186_229,,0.0,,False,[],True
cd0faca7d6a7ad66,_Converted_/CSV/B/Bose/Music_Center/186_85.ir,186_85,,0.0,,False,[],True
d06018cade65771a,_Converted_/CSV/B/Bose/Receiver/186_160.ir,186_160,,0.0,,False,[],True
f8226cb8f960f684,_Converted_/CSV/B/Bose/Receiver/186_75.ir,186_75,,0.0,,False,[],True
3e812fa08026c4bf,_Converted_/CSV/B/Bose/System/186_85.ir,186_85,,0.0,,False,[],True
724726c759f08d55,_Converted_/CSV/B/Bose/Tuner/186_85.ir,186_85,,0.0,,False,[],True
b24a957b11cbcfe3,_Converted_/CSV/B/Bose/Unknown_WAVERADIO/186_-1.ir,186_-1,,0.0,,False,[],True
f5ee0587e7ebcc2c,_Converted_/CSV/B/Bose/Unknown_Wave/-1_-1.ir,-1_-1,,0.0,,False,[],True
4990b53f0b5424d0,_Converted_/CSV/B/Boxlight/Projector/135_78.ir,135_78,,0.0,,False,[],True
9efa93e6c4e1b24f,_Converted_/CSV/B/Boxlight/Projector/48_-1.ir,48_-1,,0.0,,False,[],True
1f0aeb8808b6a590,_Converted_/CSV/B/Boxlight/Projector/48_206.ir,48_206,,0.0,,False,[],True
bb8761ab4ef20ce2,_Converted_/CSV/B/Broksonic/VCR/128_123.ir,128_123,,0.0,,False,[],True
28826bf9f133d84a,_Converted_/CSV/B/Busch-Jaeger/Elektro/29_-1.ir,29_-1,,0.0,,False,[],True
c805c39ae01c7961,_Converted_/CSV/B/Busch-Jaeger/Elektro/30_-1.ir,30_-1,,0.0,,False,[],True
fd3c82c3cbd35981,_Converted_/CSV/B/Bush/Light/29_-1.ir,29_-1,,0.0,,False,[],True
7153ee0f729cafc3,_Converted_/CSV/B/Bush/Unknown_4400/0_-1.ir,0_-1,Unknown_4400,0.68,parent_directory,False,[],True
f37db126048063af,_Converted_/CSV/B/Bush/Unknown_DFTA1xi/8_-1.ir,8_-1,Unknown_DFTA1xi,0.68,parent_directory,False,[],True
0cd9b3cda6c5e31a,_Converted_/CSV/B/Bush/Unknown_WS6680/0_-1.ir,0_-1,Unknown_WS6680,0.68,parent_directory,False,[],True
40040d69c9380e7e,_Converted_/CSV/B/ByDesign/LCD/71_-1.ir,71_-1,,0.0,,False,[],True
38015ae303fe060d,_Converted_/CSV/C/CAT/Unknown_CS-907/0_191.ir,0_191,Unknown_CS-907,0.68,parent_directory,False,[],True
e8e21e21c2848afe,_Converted_/CSV/C/CAT/Unknown_DVD-1122/0_-1.ir,0_-1,Unknown_DVD-1122,0.68,parent_directory,False,[],True
01d31a7c8217fecd,_Converted_/CSV/C/CAT/Unknown_KF-9816/0_-1.ir,0_-1,Unknown_KF-9816,0.68,parent_directory,False,[],True
e36b1dc169298a9c,_Converted_/CSV/C/CIS_BOX/CD_Player/17_-1.ir,17_-1,,0.0,,False,[],True
4c3cf6afa3cbacbe,_Converted_/CSV/C/CIS_BOX/DSS/183_-1.ir,183_-1,,0.0,,False,[],True
85ae40bff4b1632d,_Converted_/CSV/C/CIS_BOX/DVD_Changer/26_73.ir,26_73,,0.0,,False,[],True
f0bb8634cc8d0ac3,_Converted_/CSV/C/CIS_BOX/DVD_Changer/26_98.ir,26_98,,0.0,,False,[],True
300a1d3f4adb09c8,_Converted_/CSV/C/CIS_BOX/DVD_Player/26_122.ir,26_122,,0.0,,False,[],True
0c318d38017cd308,_Converted_/CSV/C/CIS_BOX/DVD_Player/26_73.ir,26_73,,0.0,,False,[],True
fc4b4a686f6dc559,_Converted_/CSV/C/CIS_BOX/HDTV_ALL/151_-1.ir,151_-1,,0.0,,False,[],True
59c1630c24e36486,_Converted_/CSV/C/CIS_BOX/HDTV_ALL/164_-1.ir,164_-1,,0.0,,False,[],True
c5b11fef8d032542,_Converted_/CSV/C/CIS_BOX/HDTV_ALL/1_-1.ir,1_-1,,0.0,,False,[],True
f0fb2695ae38921b,_Converted_/CSV/C/CIS_BOX/HDTV_ALL/26_26.ir,26_26,,0.0,,False,[],True
66a3b3df3d75feb3,_Converted_/CSV/C/CIS_BOX/LCD_Projector/84_-1.ir,84_-1,,0.0,,False,[],True
fd9bb683c8fc412f,_Converted_/CSV/C/CIS_BOX/Plasma/119_-1.ir,119_-1,,0.0,,False,[],True
82e10a6e42988e1c,_Converted_/CSV/C/CIS_BOX/Plasma/164_-1.ir,164_-1,,0.0,,False,[],True
341781723953a86f,_Converted_/CSV/C/CIS_BOX/Plasma/1_-1.ir,1_-1,,0.0,,False,[],True
09d940da22542382,_Converted_/CSV/C/CIS_BOX/Receiver/121_-1.ir,121_-1,,0.0,,False,[],True
901900bb110b25e7,_Converted_/CSV/C/CIS_BOX/Receiver/144_-1.ir,144_-1,,0.0,,False,[],True
78cc68cb166ea07f,_Converted_/CSV/C/CIS_BOX/Receiver/16_-1.ir,16_-1,,0.0,,False,[],True
22e69009806e2465,_Converted_/CSV/C/CIS_BOX/Receiver/25_107.ir,25_107,,0.0,,False,[],True
690b4b330a95d330,_Converted_/CSV/C/CIS_BOX/Receiver/25_11.ir,25_11,,0.0,,False,[],True
cb290d26953a1312,_Converted_/CSV/C/CIS_BOX/Receiver/48_-1.ir,48_-1,,0.0,,False,[],True
0e1e8d2945e21fdc,_Converted_/CSV/C/CIS_BOX/Receiver/7_-1.ir,7_-1,,0.0,,False,[],True
012798272877b872,_Converted_/CSV/C/CIS_BOX/TV/164_-1.ir,164_-1,,0.0,,False,[],True
827d971a09403ee5,_Converted_/CSV/C/CIS_BOX/TV/1_-1.ir,1_-1,,0.0,,False,[],True
6b28c35519f34ea1,_Converted_/CSV/C/CIS_BOX/TV/26_26.ir,26_26,,0.0,,False,[],True
73a9baef8388b680,_Converted_/CSV/C/CIS_BOX/TV/84_-1.ir,84_-1,,0.0,,False,[],True
c07414cee74c4630,_Converted_/CSV/C/CIS_BOX/VCR/2_-1.ir,2_-1,,0.0,,False,[],True
6614898e943c2d10,_Converted_/CSV/C/COSMEL/Unknown_COSMEL/2_-1.ir,2_-1,,0.0,,False,[],True
c6a39e20935aa5e3,_Converted_/CSV/C/Cables_to_Go/VGA_Switcher/0_191.ir,0_191,,0.0,,False,[],True
2bae39a739518561,_Converted_/CSV/C/Calrad/Video_Switcher/4_-1.ir,4_-1,,0.0,,False,[],True
b0f7c6311f9de42c,_Converted_/CSV/C/Calypso/Amplifier/17_-1.ir,17_-1,,0.0,,False,[],True
4be3af134cd651f0,_Converted_/CSV/C/Calypso/Control_System/17_-1.ir,17_-1,,0.0,,False,[],True
0a6481170c0c5ee8,_Converted_/CSV/C/Calypso/Control_System/1_-1.ir,1_-1,,0.0,,False,[],True
37a35b4d23f2982e,_Converted_/CSV/C/Calypso/Control_System/7_-1.ir,7_-1,,0.0,,False,[],True
7c1ef2da584b0105,_Converted_/CSV/C/Cambridge_Audio/DVD_Player/12_-1.ir,12_-1,,0.0,,False,[],True
d2eeaf50d0ba0e49,_Converted_/CSV/C/Cambridge_Audio/DVD_Player/7_-1.ir,7_-1,,0.0,,False,[],True
bf479bf78ed31fe9,_Converted_/CSV/C/Cambridge_Audio/Receiver/16_-1.ir,16_-1,,0.0,,False,[],True
0d50b3ca97946bd6,_Converted_/CSV/C/Cambridge_Audio/Receiver/192_192.ir,192_192,,0.0,,False,[],True
ec76fbfe7e3a6c6c,_Converted_/CSV/C/Cambridge_Audio/Receiver/192_63.ir,192_63,,0.0,,False,[],True
bcc47d0359216c3c,_Converted_/CSV/C/Cambridge_Audio/Receiver/19_-1.ir,19_-1,,0.0,,False,[],True
c2d63874aa511df5,_Converted_/CSV/C/Cambridge_Audio/Unknown_Audio/192_192.ir,192_192,,0.0,,False,[],True
d8f26697cf67ac5d,_Converted_/CSV/C/Cambridge_Audio/Unknown_X40A/16_-1.ir,16_-1,Unknown_X40A,0.68,parent_directory,False,[],True
37ed78fcfbe03aba,_Converted_/CSV/C/Camera/Camera_Multi-Plex/133_115.ir,133_115,,0.0,,False,[],True
368fd2074367df42,_Converted_/CSV/C/Canalsat/Satellite/10_-1.ir,10_-1,,0.0,,False,[],True
d5459014f3dfc611,_Converted_/CSV/C/Canalsat/Unknown_CanalSat/10_-1.ir,10_-1,,0.0,,False,[],True
9c13339e8b330122,_Converted_/CSV/C/Canalsat/Unknown_CanalSatHD/10_-1.ir,10_-1,,0.0,,False,[],True
811114a2b4e7ff75,_Converted_/CSV/C/Canon/Unknown_CAM/133_118.ir,133_118,,0.0,,False,[],True
ae529c6cdd16e408,_Converted_/CSV/C/Canon/Unknown_WL-D77/133_118.ir,133_118,Unknown_WL-D77,0.68,parent_directory,False,[],True
ef64779bf97924d6,_Converted_/CSV/C/Canon/Unknown_WL-D80/133_118.ir,133_118,Unknown_WL-D80,0.68,parent_directory,False,[],True
ea5ad231f1195c84,_Converted_/CSV/C/Canon/Unknown_WL-DC100/202_177.ir,202_177,Unknown_WL-DC100,0.68,parent_directory,False,[],True
487b33dedbdd28e0,_Converted_/CSV/C/Canon/Unknown_WL-V1/129_6.ir,129_6,Unknown_WL-V1,0.68,parent_directory,False,[],True
3d6943f6fb9fa489,_Converted_/CSV/C/Canon/Unknown_canon/133_118.ir,133_118,,0.0,,False,[],True
03463b1100304a13,_Converted_/CSV/C/Canon/Video_Projector/129_6.ir,129_6,,0.0,,False,[],True
b2a7e405dd266f62,_Converted_/CSV/C/Captain/Unknown_7100usb/4_250.ir,4_250,Unknown_7100usb,0.68,parent_directory,False,[],True
2045b5ebf250dc43,_Converted_/CSV/C/Carver/Amplifier/135_123.ir,135_123,,0.0,,False,[],True
bb678e3791f36d2c,_Converted_/CSV/C/Carver/CD_Player/135_123.ir,135_123,,0.0,,False,[],True
356eee3228fe0326,_Converted_/CSV/C/Carver/CD_Player/20_-1.ir,20_-1,,0.0,,False,[],True
2b261b350ed7399b,_Converted_/CSV/C/Carver/CD_Player/42_-1.ir,42_-1,,0.0,,False,[],True
ad654d07f712189c,_Converted_/CSV/C/Carver/CD_Player/60_-1.ir,60_-1,,0.0,,False,[],True
e2910612a2d74602,_Converted_/CSV/C/Carver/CD_Player/68_-1.ir,68_-1,,0.0,,False,[],True
7122350e3c3a3190,_Converted_/CSV/C/Carver/CD_Player/99_0.ir,99_0,,0.0,,False,[],True
178e1830c1783a39,"_Converted_/CSV/C/Carver/Cassette_Tape/130,111.ir","130,111",,0.0,,False,[],True
79cf7675cc247360,_Converted_/CSV/C/Carver/Cassette_Tape/135_126.ir,135_126,,0.0,,False,[],True
2b3338c81e8605cf,_Converted_/CSV/C/Carver/Cassette_Tape/18_-1.ir,18_-1,,0.0,,False,[],True
75f1c0708a692f63,_Converted_/CSV/C/Carver/Laser Disc/102_0.ir,102_0,,0.0,,False,[],True
9a65598b937bfebc,_Converted_/CSV/C/Carver/Pre-Amplifier/0_-1.ir,0_-1,,0.0,,False,[],True
220d7a03a7d40c38,_Converted_/CSV/C/Carver/Pre-Amplifier/12_-1.ir,12_-1,,0.0,,False,[],True
3efdfc0e639ac661,_Converted_/CSV/C/Carver/Pre-Amplifier/135_123.ir,135_123,,0.0,,False,[],True
466f650badac0923,_Converted_/CSV/C/Carver/Pre-Amplifier/16_-1.ir,16_-1,,0.0,,False,[],True
96686b4e4cd890c2,_Converted_/CSV/C/Carver/Pre-Amplifier/17_-1.ir,17_-1,,0.0,,False,[],True
2d654e77427dc5d7,_Converted_/CSV/C/Carver/Pre-Amplifier/20_-1.ir,20_-1,,0.0,,False,[],True
cd1a811898fbb509,_Converted_/CSV/C/Carver/Pre-Amplifier/21_-1.ir,21_-1,,0.0,,False,[],True
ad64c4e1d6faa9c1,_Converted_/CSV/C/Carver/Pre-Amplifier/23_-1.ir,23_-1,,0.0,,False,[],True
ddad947098f57a28,_Converted_/CSV/C/Carver/Pre-Amplifier/5_-1.ir,5_-1,,0.0,,False,[],True
384761c109ec6feb,_Converted_/CSV/C/Carver/Receiver/0_-1.ir,0_-1,,0.0,,False,[],True
09e851d5bd58847e,_Converted_/CSV/C/Carver/Receiver/12_-1.ir,12_-1,,0.0,,False,[],True
69f0f5f3907d3eef,_Converted_/CSV/C/Carver/Receiver/135_123.ir,135_123,,0.0,,False,[],True
314261fc43d2bfca,_Converted_/CSV/C/Carver/Receiver/16_-1.ir,16_-1,,0.0,,False,[],True
d38688071bffd3ef,_Converted_/CSV/C/Carver/Receiver/17_-1.ir,17_-1,,0.0,,False,[],True
f9d3735fdf414245,_Converted_/CSV/C/Carver/Receiver/20_-1.ir,20_-1,,0.0,,False,[],True
2a65d884b364dff6,_Converted_/CSV/C/Carver/Receiver/5_-1.ir,5_-1,,0.0,,False,[],True
ccd2905cc604f36d,_Converted_/CSV/C/Carver/Tuner/135_123.ir,135_123,,0.0,,False,[],True
eae87b5042b1d2bb,_Converted_/CSV/C/Carver/Tuner/16_-1.ir,16_-1,,0.0,,False,[],True
d36124463f6db044,_Converted_/CSV/C/Carver/Tuner/17_-1.ir,17_-1,,0.0,,False,[],True
bda6a6b90346582e,_Converted_/CSV/C/Carver/Tuner/20_-1.ir,20_-1,,0.0,,False,[],True
0f59305e7039bf9f,_Converted_/CSV/C/Cary_Audio_Design/CD_Player/4_-1.ir,4_-1,,0.0,,False,[],True
42fa92000a38f49e,_Converted_/CSV/C/Cary_Audio_Design/DVD_Player/23_-1.ir,23_-1,,0.0,,False,[],True
d9f7ae0908e9b8f6,_Converted_/CSV/C/Cary_Audio_Design/Receiver/19_-1.ir,19_-1,,0.0,,False,[],True
0eaf3941381ab6dd,_Converted_/CSV/C/Casio/Unknown_CMD-40/170_-1.ir,170_-1,Unknown_CMD-40,0.68,parent_directory,False,[],True
8d6b26a94c97f39a,_Converted_/CSV/C/Cce/Unknown_RC-27/0_-1.ir,0_-1,Unknown_RC-27,0.68,parent_directory,False,[],True
c191059bda86a2d2,_Converted_/CSV/C/Cce/Unknown_RC-28b/0_-1.ir,0_-1,Unknown_RC-28b,0.68,parent_directory,False,[],True
8cea0f97bf3bcef7,_Converted_/CSV/C/Cce/Unknown_TV-CCE/4_-1.ir,4_-1,,0.0,,False,[],True
b1826a82bea2de5a,_Converted_/CSV/C/Cce/Unknown_VCR-CCE/21_-1.ir,21_-1,,0.0,,False,[],True
41c3b7558d253971,_Converted_/CSV/C/Celadon/IR_to_RS232/123_2.ir,123_2,IR_to_RS232,0.68,parent_directory,False,[],True
96bd31070a8d6afa,_Converted_/CSV/C/Centrum/Unknown_Gemini/29_-1.ir,29_-1,,0.0,,False,[],True
9e957db38f37924d,_Converted_/CSV/C/Centrum/Unknown_rc5/29_-1.ir,29_-1,Unknown_rc5,0.68,parent_directory,False,[],True
4e96bf065c090259,_Converted_/CSV/C/Century_Concept/Unknown_dvd/0_246.ir,0_246,,0.0,,False,[],True
68d641f7aec7311a,_Converted_/CSV/C/Channel_Master/Satellite/132_99.ir,132_99,,0.0,,False,[],True
3eb0bb6e14096e78,_Converted_/CSV/C/Channel_Plus/Video_Switcher/49_235.ir,49_235,,0.0,,False,[],True
8013c7d160b855a8,_Converted_/CSV/C/Chaparral/Unknown_11-5315-1/128_103.ir,128_103,Unknown_11-5315-1,0.68,parent_directory,False,[],True
87c5b1e420d66238,_Converted_/CSV/C/Chief_Manufacturing/Motorized_Lift/130_19.ir,130_19,,0.0,,False,[],True
9d4223c4238c710c,_Converted_/CSV/C/Chief_Manufacturing/Motorized_Lift/48_-1.ir,48_-1,,0.0,,False,[],True
a0b326aea39e9462,_Converted_/CSV/C/Cinemateq/DVD_Player/26_0.ir,26_0,,0.0,,False,[],True
994f6cc700278ed1,_Converted_/CSV/C/Cinemateq/Video_Scaler/27_1.ir,27_1,,0.0,,False,[],True
c8c8526020732a8e,_Converted_/CSV/C/Cisco/DVR/35_64.ir,35_64,,0.0,,False,[],True
2c227f100faf4e1d,_Converted_/CSV/C/Citation/Surround_Processor/132_66.ir,132_66,,0.0,,False,[],True
11ff6ec87e1a5880,_Converted_/CSV/C/Citizen/Unknown_JX-2022C/0_-1.ir,0_-1,Unknown_JX-2022C,0.68,parent_directory,False,[],True
9c4b63207f18a22b,_Converted_/CSV/C/Classe_Audio/Amplifier/201_-1.ir,201_-1,,0.0,,False,[],True
ab9c26c71a4dcc62,_Converted_/CSV/C/Classe_Audio/Amplifier/3_-1.ir,3_-1,,0.0,,False,[],True
077309b6cb921833,_Converted_/CSV/C/Classe_Audio/Amplifier/7_-1.ir,7_-1,,0.0,,False,[],True
e1261d809c4d5e3e,_Converted_/CSV/C/Classe_Audio/CD_Player/134_97.ir,134_97,,0.0,,False,[],True
c8c4ed6363c3b004,_Converted_/CSV/C/Classe_Audio/CD_Player/20_-1.ir,20_-1,,0.0,,False,[],True
9ee6c185ebce08fb,_Converted_/CSV/C/Classe_Audio/CRCD/16_-1.ir,16_-1,,0.0,,False,[],True
a61ddfa43e0fcf35,_Converted_/CSV/C/Classe_Audio/CRCD/17_-1.ir,17_-1,,0.0,,False,[],True
1df5ebc6d72f730f,_Converted_/CSV/C/Classe_Audio/CRCD/20_-1.ir,20_-1,,0.0,,False,[],True
f57a2c0909e13442,_Converted_/CSV/C/Classe_Audio/DVD_Player/12_-1.ir,12_-1,,0.0,,False,[],True
1989ff49877bf968,_Converted_/CSV/C/Classe_Audio/DVD_Player/200_-1.ir,200_-1,,0.0,,False,[],True
fbe9cddd811468a5,_Converted_/CSV/C/Classe_Audio/DVD_Player/20_-1.ir,20_-1,,0.0,,False,[],True
c60a91f8c6344fa2,_Converted_/CSV/C/Classe_Audio/DVD_Player/25_-1.ir,25_-1,,0.0,,False,[],True
475ed17d3077a6e7,_Converted_/CSV/C/Classe_Audio/DVD_Player/4_-1.ir,4_-1,,0.0,,False,[],True
faa8660ee8f38eba,_Converted_/CSV/C/Classe_Audio/DVD_Player/7_-1.ir,7_-1,,0.0,,False,[],True
f4fd6af67769d3ed,_Converted_/CSV/C/Classe_Audio/Integrated_Amplifier/7_-1.ir,7_-1,,0.0,,False,[],True
6505eb07b7387b4b,_Converted_/CSV/C/Classe_Audio/Pre-Amplifier/16_-1.ir,16_-1,,0.0,,False,[],True
84754319085985ac,_Converted_/CSV/C/Classe_Audio/Pre-Amplifier/200_-1.ir,200_-1,,0.0,,False,[],True
3e09c23a74a0b6be,_Converted_/CSV/C/Classe_Audio/Pre-Amplifier/25_-1.ir,25_-1,,0.0,,False,[],True
abef9320758dada9,_Converted_/CSV/C/Classe_Audio/Pre-Amplifier/3_-1.ir,3_-1,,0.0,,False,[],True
d4c2e5984351f0f4,_Converted_/CSV/C/Classe_Audio/Pre-Amplifier/7_-1.ir,7_-1,,0.0,,False,[],True
c2ba4e73e5755c46,_Converted_/CSV/C/Classe_Audio/SACD/20_-1.ir,20_-1,,0.0,,False,[],True
589d26adb86f8dfb,_Converted_/CSV/C/Classe_Audio/SACD/7_-1.ir,7_-1,,0.0,,False,[],True
cfc844574b2acb20,_Converted_/CSV/C/Classe_Audio/Surround_Processor/116_-1.ir,116_-1,,0.0,,False,[],True
c048f00bc6d64111,_Converted_/CSV/C/Classe_Audio/Surround_Processor/200_-1.ir,200_-1,,0.0,,False,[],True
f70af2fe0fc481f3,_Converted_/CSV/C/Classe_Audio/Surround_Processor/25_-1.ir,25_-1,,0.0,,False,[],True
2ce9588a7ca6f08c,_Converted_/CSV/C/Classe_Audio/Surround_Sound/116_-1.ir,116_-1,,0.0,,False,[],True
c5c8111929889053,_Converted_/CSV/C/Classe_Audio/Surround_Sound/200_-1.ir,200_-1,,0.0,,False,[],True
a1db3f13139dd225,_Converted_/CSV/C/Classe_Audio/Tuner/17_-1.ir,17_-1,,0.0,,False,[],True
3a2eb1178ccd5ee1,_Converted_/CSV/C/Classe_Audio/Tuner/7_-1.ir,7_-1,,0.0,,False,[],True
bb574bca6804e1a3,_Converted_/CSV/C/Coby/DVD_Player/0_-1.ir,0_-1,,0.0,,False,[],True
2c965194be4a24a6,_Converted_/CSV/C/Coby/TV/0_127.ir,0_127,,0.0,,False,[],True
5b8f9636833a8a47,_Converted_/CSV/C/Colorado_Vnet/Music_Server/110_146.ir,110_146,,0.0,,False,[],True
36abeabcf4fc5738,_Converted_/CSV/C/Comcast/Cable_Box/0_-1.ir,0_-1,,0.0,,False,[],True
0e04fb7ebaa3f25a,_Converted_/CSV/C/Comcast/Cable_Box/14_-1.ir,14_-1,,0.0,,False,[],True
ded411e9df3fa694,_Converted_/CSV/C/Comcast/Cable_Box/15_-1.ir,15_-1,,0.0,,False,[],True
727b880c1ca5fc98,_Converted_/CSV/C/Comcast/Cable_Box/1_-1.ir,1_-1,,0.0,,False,[],True
5d663bec5e3230b2,_Converted_/CSV/C/Comcast/Cable_Box/27_-1.ir,27_-1,,0.0,,False,[],True
a8a3fccd96e4a4e0,_Converted_/CSV/C/Comcast/Cable_Box/62_16.ir,62_16,,0.0,,False,[],True
cca29c52d35cdc6f,_Converted_/CSV/C/Comcast/Digital_Cable/15_-1.ir,15_-1,,0.0,,False,[],True
2d173fab93081a89,_Converted_/CSV/C/Comcast/Digital_Cable/27_-1.ir,27_-1,,0.0,,False,[],True
5b2cb2f2b3aa291c,_Converted_/CSV/C/Comcast/HD_Cable_with_DVR/0_-1.ir,0_-1,,0.0,,False,[],True
b6f24fdb42a1e99b,_Converted_/CSV/C/Comcast/HD_Cable_with_DVR/14_-1.ir,14_-1,,0.0,,False,[],True
1f93684616a8fcd6,_Converted_/CSV/C/Commodore/Unknown_cdtv/0_-1.ir,0_-1,,0.0,,False,[],True
07392a24f4c2042d,_Converted_/CSV/C/Compro/Unknown_DVB-T200/128_126.ir,128_126,Unknown_DVB-T200,0.68,parent_directory,False,[],True
24b3b66caea457a0,_Converted_/CSV/C/Compro/Unknown_VideoMate-K300/4_15.ir,4_15,Unknown_VideoMate-K300,0.68,parent_directory,False,[],True
9e0cd0147e52b983,_Converted_/CSV/C/Conrad/Unknown_006/56_-1.ir,56_-1,Unknown_006,0.68,parent_directory,False,[],True
5eaa02cf27a7c977,_Converted_/CSV/C/Conrad/Unknown_Promo8/0_-1.ir,0_-1,Unknown_Promo8,0.68,parent_directory,False,[],True
05c5fa8ad8f367cf,_Converted_/CSV/C/Contour/Unknown_Contour25/65_0.ir,65_0,Unknown_Contour25,0.68,parent_directory,False,[],True
ae1759282f5ca552,_Converted_/CSV/C/Cool_Sat/Satellite/64_64.ir,64_64,,0.0,,False,[],True
3b472f96c87c9a1d,_Converted_/CSV/C/Coolsat/Unknown_Pro/1_-1.ir,1_-1,,0.0,,False,[],True
87d6130207dddcc4,_Converted_/CSV/C/Copland/CD_Player/128_114.ir,128_114,,0.0,,False,[],True
5f854d4e0281a059,_Converted_/CSV/C/Copland/CD_Player/129_49.ir,129_49,,0.0,,False,[],True
b4670e230af4f09a,_Converted_/CSV/C/Corvo/Relaybox/27_-1.ir,27_-1,,0.0,,False,[],True
6d243252ee9c1028,_Converted_/CSV/C/Cox/Digital_Cable/0_-1.ir,0_-1,,0.0,,False,[],True
ad4daab1e611cbdf,_Converted_/CSV/C/Cox/Digital_Cable/1_-1.ir,1_-1,,0.0,,False,[],True
cdf59ce39dd64a51,_Converted_/CSV/C/Cph03x/Unknown_AS-218/134_107.ir,134_107,Unknown_AS-218,0.68,parent_directory,False,[],True
e5a3531aaf12d12d,_Converted_/CSV/C/Creative/Unknown_DDTS-100/193_68.ir,193_68,Unknown_DDTS-100,0.68,parent_directory,False,[],True
195e09eae2b57b4f,_Converted_/CSV/C/Creative/Unknown_INFRA/33_172.ir,33_172,,0.0,,False,[],True
b53afe41e18a26a9,_Converted_/CSV/C/Creative/Unknown_JUKEBOX3/33_172.ir,33_172,Unknown_JUKEBOX3,0.68,parent_directory,False,[],True
f7a4c6c8de633d47,_Converted_/CSV/C/Creative/Unknown_RM-1500/193_68.ir,193_68,Unknown_RM-1500,0.68,parent_directory,False,[],True
b2431328e8f934ab,_Converted_/CSV/C/Creative/Unknown_RM-1800/193_68.ir,193_68,Unknown_RM-1800,0.68,parent_directory,False,[],True
d39ae51abb099b8e,_Converted_/CSV/C/Creative/Unknown_RM-850/193_68.ir,193_68,Unknown_RM-850,0.68,parent_directory,False,[],True
1cea54cdf922b4d1,_Converted_/CSV/C/Creative/Unknown_RM900/193_68.ir,193_68,Unknown_RM900,0.68,parent_directory,False,[],True
ef7ce4f53e39cbcb,_Converted_/CSV/C/Creative/Unknown_rm1000w/193_68.ir,193_68,Unknown_rm1000w,0.68,parent_directory,False,[],True
0832c4f1fc91cbca,_Converted_/CSV/C/Crestron/IR_Receiver/0_-1.ir,0_-1,,0.0,,False,[],True
521baa04e3203669,_Converted_/CSV/C/Crestron/IR_Receiver/1_-1.ir,1_-1,,0.0,,False,[],True
0f60898392bfe23c,_Converted_/CSV/C/Crestron/IR_Receiver/2_-1.ir,2_-1,,0.0,,False,[],True
0aef446a814a1030,_Converted_/CSV/C/Crestron/IR_Receiver/3_-1.ir,3_-1,,0.0,,False,[],True
603c268be35c5604,_Converted_/CSV/C/Crestron/IR_Receiver/4_-1.ir,4_-1,,0.0,,False,[],True
0b5d5d24f2e7204a,_Converted_/CSV/C/Crestron/Lighting_Controller/30_-1.ir,30_-1,,0.0,,False,[],True
b314dd88cc4566a1,_Converted_/CSV/C/Crestron/Music_Server/14_-1.ir,14_-1,,0.0,,False,[],True
eab366ac58357e94,_Converted_/CSV/C/Crown/Unknown_cd-80/202_20.ir,202_20,Unknown_cd-80,0.68,parent_directory,False,[],True
d9f70c45ab525d2a,_Converted_/CSV/C/Crown/Unknown_testinglirc.config/0_-1.ir,0_-1,,0.0,,False,[],True
e6c165b429d67973,_Converted_/CSV/C/Curtis_Electronics/Unknown_TV/0_-1.ir,0_-1,,0.0,,False,[],True
fd50b403e14bcadd,_Converted_/CSV/C/Curtis_Mathes/VCR/144_0.ir,144_0,,0.0,,False,[],True
ffbbdb8460da8d31,_Converted_/CSV/C/Curtis_Mathes/VCR/144_1.ir,144_1,,0.0,,False,[],True
69abb05fbb84bec1,_Converted_/CSV/C/Cyberhome/DVD_Player/114_205.ir,114_205,,0.0,,False,[],True
f8e984d233a2cc75,_Converted_/CSV/C/Cyberhome/Unknown_300-RMC-300Z/114_205.ir,114_205,Unknown_300-RMC-300Z,0.68,parent_directory,False,[],True
f9bfc37f02b82895,_Converted_/CSV/C/Cyberhome/Unknown_504/114_205.ir,114_205,Unknown_504,0.68,parent_directory,False,[],True
8b5a9bae44e604c0,_Converted_/CSV/C/Cyberhome/Unknown_ADL-528/114_205.ir,114_205,Unknown_ADL-528,0.68,parent_directory,False,[],True
1bd60834336c703a,_Converted_/CSV/C/Cyberhome/Unknown_CH-DVD-302/114_205.ir,114_205,Unknown_CH-DVD-302,0.68,parent_directory,False,[],True
42ad835a82603216,_Converted_/CSV/C/Cyberhome/Unknown_CH-DVD/114_205.ir,114_205,,0.0,,False,[],True
7166b9d19b595f81,_Converted_/CSV/C/Cyberhome/Unknown_cyberhome/114_205.ir,114_205,,0.0,,False,[],True
af1310f3ccaed4d5,_Converted_/CSV/C/Cypress/Unknown_CR-72/64_175.ir,64_175,Unknown_CR-72,0.68,parent_directory,False,[],True
836fd71b72cf404f,_Converted_/CSV/C/Cyron/Lighting_Controller/2_189.ir,2_189,,0.0,,False,[],True
d5b856a06f909f61,_Converted_/CSV/C/cenOmax/Unknown_F702/2_255.ir,2_255,Unknown_F702,0.68,parent_directory,False,[],True
96e95d77d7c7421e,_Converted_/CSV/D/D-LINK/MP3_Player/18_37.ir,18_37,MP3_Player,0.68,parent_directory,False,[],True
3a1daaf24b44cc47,_Converted_/CSV/D/D-LINK/MP3_Player/8_230.ir,8_230,MP3_Player,0.68,parent_directory,False,[],True
d46ddb0d8d44df96,_Converted_/CSV/D/D-LINK/Media_Center/8_230.ir,8_230,,0.0,,False,[],True
6c9930a2970c3482,_Converted_/CSV/D/D-LINK/Media_Center/8_231.ir,8_231,,0.0,,False,[],True
276e922ccf5e2714,_Converted_/CSV/D/D-LINK/Unknown_DSM320/8_230.ir,8_230,Unknown_DSM320,0.68,parent_directory,False,[],True
5eeb80ab80c31455,_Converted_/CSV/D/D-LINK/Unknown_i2eye/130_19.ir,130_19,Unknown_i2eye,0.68,parent_directory,False,[],True
50a8b162a1964917,_Converted_/CSV/D/DBPower/Projector_T20/2_-1.ir,2_-1,Projector_T20,0.68,parent_directory,False,[],True
4c2e6c2b33e66266,_Converted_/CSV/D/DIFRNCE/Unknown_DVD5010S/0_-1.ir,0_-1,Unknown_DVD5010S,0.68,parent_directory,False,[],True
ed68ff983f3479bf,_Converted_/CSV/D/DK_Digital/DVD_Player/0_-1.ir,0_-1,,0.0,,False,[],True
336f90277c5f87a7,_Converted_/CSV/D/DK_Digital/Unknown_Digital/0_-1.ir,0_-1,,0.0,,False,[],True
a692b953e2bc60f7,_Converted_/CSV/D/DLO/HomeDock/238_135.ir,238_135,,0.0,,False,[],True
1794fdaca937e011,_Converted_/CSV/D/DSE/Unknown_G1605/5_-1.ir,5_-1,Unknown_G1605,0.68,parent_directory,False,[],True
2b667ec1d5604551,_Converted_/CSV/D/DSE/Unknown_G1928/0_-1.ir,0_-1,Unknown_G1928,0.68,parent_directory,False,[],True
2918b6f69a46b009,_Converted_/CSV/D/DSE/Unknown_G7659/0_-1.ir,0_-1,Unknown_G7659,0.68,parent_directory,False,[],True
4ed1557a86ec97c6,_Converted_/CSV/D/DVDO/Scaler/0_45.ir,0_45,,0.0,,False,[],True
b6717213d1407ec7,_Converted_/CSV/D/DVDO/Scaler/132_32.ir,132_32,,0.0,,False,[],True
bee406ad0ac70144,_Converted_/CSV/D/DVDO/Video_Processor/0_45.ir,0_45,,0.0,,False,[],True
a5835ca3010b4649,_Converted_/CSV/D/DVDO/Video_Processor/132_32.ir,132_32,,0.0,,False,[],True
a4b04177d40eee52,_Converted_/CSV/D/DVICO/Unknown_FusionRemote/1_-1.ir,1_-1,,0.0,,False,[],True
2a4338c19096c286,_Converted_/CSV/D/Da_Lite/Screen/0_-1.ir,0_-1,,0.0,,False,[],True
d2640f2cdbd6290e,_Converted_/CSV/D/Daeumling/Unknown_SR200/128_38.ir,128_38,Unknown_SR200,0.68,parent_directory,False,[],True
f79db4edebba57c0,_Converted_/CSV/D/Daewoo/DVD_Player/21_-1.ir,21_-1,,0.0,,False,[],True
89bf65944970cb31,_Converted_/CSV/D/Daewoo/TV/20_-1.ir,20_-1,,0.0,,False,[],True
cec4d5ae2987109e,_Converted_/CSV/D/Daewoo/TV/4_-1.ir,4_-1,,0.0,,False,[],True
1e88e34ba5a07116,_Converted_/CSV/D/Daewoo/TV/6_6.ir,6_6,,0.0,,False,[],True
bcd935534b913776,_Converted_/CSV/D/Daewoo/Unknown_14Q3/0_-1.ir,0_-1,Unknown_14Q3,0.68,parent_directory,False,[],True
b7f5e80a03e770f9,_Converted_/CSV/D/Daewoo/Unknown_97P04701/21_-1.ir,21_-1,Unknown_97P04701,0.68,parent_directory,False,[],True
f99d61ce104dd585,_Converted_/CSV/D/Daewoo/Unknown_97P1R2ZDA0/21_-1.ir,21_-1,Unknown_97P1R2ZDA0,0.68,parent_directory,False,[],True
4cbf5ecb47b3ea3d,_Converted_/CSV/D/Daewoo/Unknown_97P1RA3AB0/21_-1.ir,21_-1,Unknown_97P1RA3AB0,0.68,parent_directory,False,[],True
6c8abc35612dc112,_Converted_/CSV/D/Daewoo/Unknown_DAEWOO/0_-1.ir,0_-1,,0.0,,False,[],True
dee73a1197f41ab6,_Converted_/CSV/D/Daewoo/Unknown_DAEWOO/21_-1.ir,21_-1,,0.0,,False,[],True
240a6b695ec1b86e,_Converted_/CSV/D/Daewoo/Unknown_DS608P/17_-1.ir,17_-1,Unknown_DS608P,0.68,parent_directory,False,[],True
9f8eb54fe098f9aa,_Converted_/CSV/D/Daewoo/Unknown_DV-800/21_-1.ir,21_-1,Unknown_DV-800,0.68,parent_directory,False,[],True
53318d9681d4f3c8,_Converted_/CSV/D/Daewoo/Unknown_DV-F24D/21_-1.ir,21_-1,Unknown_DV-F24D,0.68,parent_directory,False,[],True
b44a4c94fac7825b,_Converted_/CSV/D/Daewoo/Unknown_DVDS150/32_-1.ir,32_-1,Unknown_DVDS150,0.68,parent_directory,False,[],True
d2e416a63071dfa5,_Converted_/CSV/D/Daewoo/Unknown_R-40A06/20_-1.ir,20_-1,Unknown_R-40A06,0.68,parent_directory,False,[],True
856107dce9365c0f,_Converted_/CSV/D/Daewoo/Unknown_R-40A10/20_-1.ir,20_-1,Unknown_R-40A10,0.68,parent_directory,False,[],True
ab3c0bf81f9a139e,_Converted_/CSV/D/Daewoo/Unknown_R-40A15/20_-1.ir,20_-1,Unknown_R-40A15,0.68,parent_directory,False,[],True
87f240e9f00637f2,_Converted_/CSV/D/Daewoo/Unknown_R-43A08/20_-1.ir,20_-1,Unknown_R-43A08,0.68,parent_directory,False,[],True
e625709761c2e392,_Converted_/CSV/D/Daewoo/Unknown_VCR/21_-1.ir,21_-1,,0.0,,False,[],True
ad8f3d6ef56d255e,_Converted_/CSV/D/Daewoo/Unknown_VCR/49_-1.ir,49_-1,,0.0,,False,[],True
cd31c874f6a9b1cf,_Converted_/CSV/D/Daewoo/Unknown_Visa/20_-1.ir,20_-1,,0.0,,False,[],True
8c045d48137e47e2,_Converted_/CSV/D/Daewoo/Unknown_r-22/0_-1.ir,0_-1,Unknown_r-22,0.68,parent_directory,False,[],True
eea81fd8ffa946a1,_Converted_/CSV/D/Daewoo/VCR/21_-1.ir,21_-1,,0.0,,False,[],True
e448a45ef229f182,_Converted_/CSV/D/Dantax/DVD_Player/0_-1.ir,0_-1,,0.0,,False,[],True
7a3899a5c9260cab,_Converted_/CSV/D/Dantax/Unknown_RC/0_-1.ir,0_-1,,0.0,,False,[],True
63564281140d6cbc,_Converted_/CSV/D/Dedicated_Micros/Camera_Switcher/4_-1.ir,4_-1,,0.0,,False,[],True
03801c2e53c66987,_Converted_/CSV/D/Dell/TV/0_28.ir,0_28,,0.0,,False,[],True
e79a5877f8866f38,_Converted_/CSV/D/Dell/Unknown_XPS/43_28.ir,43_28,,0.0,,False,[],True
c9fa78a5b31e39d7,_Converted_/CSV/D/Dell/Video_Projector/79_80.ir,79_80,,0.0,,False,[],True
91c1c01f732541ab,_Converted_/CSV/D/Delphi/Satellite_Receiver/27_-1.ir,27_-1,,0.0,,False,[],True
21c870ade75c7fa8,_Converted_/CSV/D/Denon/AV_Processor/12_-1.ir,12_-1,,0.0,,False,[],True
b5447e2f985533ed,_Converted_/CSV/D/Denon/AV_Processor/2_-1.ir,2_-1,,0.0,,False,[],True
1eb86171655cbec3,_Converted_/CSV/D/Denon/AV_Processor/4_-1.ir,4_-1,,0.0,,False,[],True
2d05a0987f195c73,_Converted_/CSV/D/Denon/Amplifier/12_-1.ir,12_-1,,0.0,,False,[],True
811c0d4933638052,_Converted_/CSV/D/Denon/Amplifier/2_-1.ir,2_-1,,0.0,,False,[],True
71b95d7e0b7e8c69,_Converted_/CSV/D/Denon/Amplifier/4_-1.ir,4_-1,,0.0,,False,[],True
909dc56c25697ba6,_Converted_/CSV/D/Denon/Amplifier/6_-1.ir,6_-1,,0.0,,False,[],True
0c707c1017b9a4b4,_Converted_/CSV/D/Denon/Amplifier/8_-1.ir,8_-1,,0.0,,False,[],True
f0e158e9c1c5dc82,_Converted_/CSV/D/Denon/Blu-Ray/2_1.ir,2_1,,0.0,,False,[],True
1a02d1cc2e114e8a,_Converted_/CSV/D/Denon/CD_Jukebox/4_-1.ir,4_-1,,0.0,,False,[],True
d955ddb19fb15191,_Converted_/CSV/D/Denon/CD_Jukebox/8_-1.ir,8_-1,,0.0,,False,[],True
13457f9ea0134afe,_Converted_/CSV/D/Denon/CD_Player/168_-1.ir,168_-1,,0.0,,False,[],True
7e8d08e7c27ad45a,_Converted_/CSV/D/Denon/CD_Player/175_-1.ir,175_-1,,0.0,,False,[],True
cf8dd4c7a43a8bd0,_Converted_/CSV/D/Denon/CD_Player/4_-1.ir,4_-1,,0.0,,False,[],True
9c7407f9e676db6b,_Converted_/CSV/D/Denon/CD_Player/6_-1.ir,6_-1,,0.0,,False,[],True
439afb9dce1a1003,_Converted_/CSV/D/Denon/CD_Player/8_-1.ir,8_-1,,0.0,,False,[],True
a01d6a3728a5e0de,_Converted_/CSV/D/Denon/CD_Receiver/12_-1.ir,12_-1,,0.0,,False,[],True
fbfe678fb44b5ceb,_Converted_/CSV/D/Denon/CD_Receiver/4_-1.ir,4_-1,,0.0,,False,[],True
d63bde9cefd8425e,_Converted_/CSV/D/Denon/CD_Receiver/6_-1.ir,6_-1,,0.0,,False,[],True
1f76d3bb7338ad37,_Converted_/CSV/D/Denon/CD_Receiver/8_-1.ir,8_-1,,0.0,,False,[],True
164e6b8e3859b1e8,_Converted_/CSV/D/Denon/Cassette_Tape/12_-1.ir,12_-1,,0.0,,False,[],True
200117af808ac25c,_Converted_/CSV/D/Denon/Cassette_Tape/2_-1.ir,2_-1,,0.0,,False,[],True
9f8a5d9448c5e759,_Converted_/CSV/D/Denon/Cassette_Tape/4_-1.ir,4_-1,,0.0,,False,[],True
45a2fc81eee01cac,_Converted_/CSV/D/Denon/Cassette_Tape/8_-1.ir,8_-1,,0.0,,False,[],True
0a4e55f775b851a7,_Converted_/CSV/D/Denon/DAT/4_-1.ir,4_-1,,0.0,,False,[],True
3d6c38df50dced0c,_Converted_/CSV/D/Denon/DVD_Player/176_0.ir,176_0,,0.0,,False,[],True
8cc8a5eb25b8be1c,_Converted_/CSV/D/Denon/DVD_Player/2_-1.ir,2_-1,,0.0,,False,[],True
6ffa800b26b61ea8,_Converted_/CSV/D/Denon/DVD_Player/2_1.ir,2_1,,0.0,,False,[],True
1155d50a47984205,_Converted_/CSV/D/Denon/DVD_Player/4_-1.ir,4_-1,,0.0,,False,[],True
44323f135142dd4e,_Converted_/CSV/D/Denon/DVD_Player/6_-1.ir,6_-1,,0.0,,False,[],True
01193573e18ac21c,_Converted_/CSV/D/Denon/DVD_Player/8_-1.ir,8_-1,,0.0,,False,[],True
965b879bdb90ed72,_Converted_/CSV/D/Denon/Laser_Disc/168_-1.ir,168_-1,,0.0,,False,[],True
d81e5233d8ecfe5f,_Converted_/CSV/D/Denon/Mini-Disc/6_-1.ir,6_-1,,0.0,,False,[],True
a6d6dce79d45368a,_Converted_/CSV/D/Denon/Pre-Amplifier/12_-1.ir,12_-1,,0.0,,False,[],True
1ef3fdacee8f06bd,_Converted_/CSV/D/Denon/Pre-Amplifier/2_-1.ir,2_-1,,0.0,,False,[],True
143dde51eba02a62,_Converted_/CSV/D/Denon/Processor/12_-1.ir,12_-1,,0.0,,False,[],True
ad54f3fbc38de556,_Converted_/CSV/D/Denon/Processor/2_-1.ir,2_-1,,0.0,,False,[],True
4d334c3178e10ef1,_Converted_/CSV/D/Denon/Processor/4_-1.ir,4_-1,,0.0,,False,[],True
9678a3617a63a5c3,_Converted_/CSV/D/Denon/Processor/4_1.ir,4_1,,0.0,,False,[],True
02327e4a40af6196,_Converted_/CSV/D/Denon/Processor/4_3.ir,4_3,,0.0,,False,[],True
e700da0a3b59ed90,_Converted_/CSV/D/Denon/Processor/4_5.ir,4_5,,0.0,,False,[],True
f91216185f2ef240,_Converted_/CSV/D/Denon/Receiver/12_-1.ir,12_-1,,0.0,,False,[],True
ded8ec8a8b9a41d2,_Converted_/CSV/D/Denon/Receiver/2_-1.ir,2_-1,,0.0,,False,[],True
4a5047a6346f236e,_Converted_/CSV/D/Denon/Receiver/2_3.ir,2_3,,0.0,,False,[],True
92feda893d0de030,_Converted_/CSV/D/Denon/Receiver/4_-1.ir,4_-1,,0.0,,False,[],True
a79008f7608b4915,_Converted_/CSV/D/Denon/Receiver/4_1.ir,4_1,,0.0,,False,[],True
43272a485bc8194d,_Converted_/CSV/D/Denon/Receiver/4_2.ir,4_2,,0.0,,False,[],True
e27704acfd84b448,_Converted_/CSV/D/Denon/Receiver/4_3.ir,4_3,,0.0,,False,[],True
6948838cc33bbe86,_Converted_/CSV/D/Denon/Receiver/4_5.ir,4_5,,0.0,,False,[],True
1d7040a6ad7ed193,_Converted_/CSV/D/Denon/Receiver/4_7.ir,4_7,,0.0,,False,[],True
622a21c8519ee4bb,_Converted_/CSV/D/Denon/Receiver/6_-1.ir,6_-1,,0.0,,False,[],True
3df786e22d11a6fc,_Converted_/CSV/D/Denon/Receiver/7_4.ir,7_4,,0.0,,False,[],True
96bbcccc0355ecb2,_Converted_/CSV/D/Denon/Receiver/7_5.ir,7_5,,0.0,,False,[],True
76dfd7fdfe01db6f,_Converted_/CSV/D/Denon/Receiver/7_6.ir,7_6,,0.0,,False,[],True
e069b6f1cf5bd3d2,_Converted_/CSV/D/Denon/Receiver/7_7.ir,7_7,,0.0,,False,[],True
8f7c9f2b5866baef,_Converted_/CSV/D/Denon/Receiver/7_8.ir,7_8,,0.0,,False,[],True
e0913b8f942e685d,_Converted_/CSV/D/Denon/Receiver/80_-1.ir,80_-1,,0.0,,False,[],True
780451d2600148c4,_Converted_/CSV/D/Denon/Receiver/8_-1.ir,8_-1,,0.0,,False,[],True
45629a2cfbeaa58d,_Converted_/CSV/D/Denon/Receiver/96_-1.ir,96_-1,,0.0,,False,[],True
e447e5771a870cb3,_Converted_/CSV/D/Denon/Receiver/97_-1.ir,97_-1,,0.0,,False,[],True
13a9867f836013ad,_Converted_/CSV/D/Denon/Tuner/12_-1.ir,12_-1,,0.0,,False,[],True
b84db53d5a639844,_Converted_/CSV/D/Denon/Tuner/2_-1.ir,2_-1,,0.0,,False,[],True
7525bf1b89eb6a4e,_Converted_/CSV/D/Denon/Unknown/176_0.ir,176_0,,0.0,,False,[],True
477e15177ba36052,_Converted_/CSV/D/Denon/Unknown_Denon/91_-1.ir,91_-1,,0.0,,False,[],True
0a1ff6800e1a1155,_Converted_/CSV/D/Denon/Unknown_RC-220/8_-1.ir,8_-1,Unknown_RC-220,0.68,parent_directory,False,[],True
4c3d0b1daa650786,_Converted_/CSV/D/Denon/Unknown_RC-224/8_-1.ir,8_-1,Unknown_RC-224,0.68,parent_directory,False,[],True
3a70f7085e50af0e,_Converted_/CSV/D/Denon/Unknown_RC-241/8_-1.ir,8_-1,Unknown_RC-241,0.68,parent_directory,False,[],True
d13957e10728ca99,_Converted_/CSV/D/Denon/Unknown_RC-541/176_0.ir,176_0,Unknown_RC-541,0.68,parent_directory,False,[],True
83d63fc492fc6fdd,_Converted_/CSV/D/Denon/Unknown_RC-861/2_2.ir,2_2,Unknown_RC-861,0.68,parent_directory,False,[],True
dfdd8c7d3dd18a44,_Converted_/CSV/D/Denon/Unknown_RC267/6_-1.ir,6_-1,Unknown_RC267,0.68,parent_directory,False,[],True
94145f3d5361fae0,_Converted_/CSV/D/Denon/Unknown_denon-rc-251/8_-1.ir,8_-1,Unknown_denon-rc-251,0.68,parent_directory,False,[],True
33a592a794a9efb7,_Converted_/CSV/D/Denon/Unknown_denon-rc-266/8_-1.ir,8_-1,Unknown_denon-rc-266,0.68,parent_directory,False,[],True
925ea1ff70d4b6c3,_Converted_/CSV/D/Denver/Unknown_DVD-228/4_-1.ir,4_-1,Unknown_DVD-228,0.68,parent_directory,False,[],True
d0c569f13b228671,_Converted_/CSV/D/Digiquest/DGQ-3300_DVB-T/0_191.ir,0_191,DGQ-3300_DVB-T,0.68,parent_directory,False,[],True
269da45f57748bde,_Converted_/CSV/D/Digiquest/DGQ-7600HD_DVB-T/0_191.ir,0_191,DGQ-7600HD_DVB-T,0.68,parent_directory,False,[],True
ae1a4286160ca02c,_Converted_/CSV/D/Digiquest/DVB-T/1_254.ir,1_254,,0.0,,False,[],True
98865d069b0a58d1,_Converted_/CSV/D/DigitalView/HDTV_Tuner/128_-1.ir,128_-1,,0.0,,False,[],True
7128efb288419fc6,_Converted_/CSV/D/Digital_Music_Expres/DMX/38_-1.ir,38_-1,,0.0,,False,[],True
4243f812a7c3ee14,_Converted_/CSV/D/Digital_Projection/Projector/32_-1.ir,32_-1,,0.0,,False,[],True
cf8d37e6829e8fc2,_Converted_/CSV/D/Digital_Projection/Video_Projector/32_-1.ir,32_-1,,0.0,,False,[],True
01fb4100ddd9391c,_Converted_/CSV/D/Digital_Projection/Video_Scaler/58_-1.ir,58_-1,,0.0,,False,[],True
ca82dea7eee97914,_Converted_/CSV/D/Digital_Stream/HDTV_Tuner/4_2.ir,4_2,,0.0,,False,[],True
75170f39b2f88e7e,_Converted_/CSV/D/Digital_Stream/Unknown_Stream/18_52.ir,18_52,,0.0,,False,[],True
18dcda9a99e2e871,_Converted_/CSV/D/DirecTV/Basic_Satellite/12_-1.ir,12_-1,,0.0,,False,[],True
8784a320d2fa7bd8,_Converted_/CSV/D/DirecTV/Basic_Satellite/7_-1.ir,7_-1,,0.0,,False,[],True
b0488a914120b5d6,_Converted_/CSV/D/DirecTV/DSS/12_-1.ir,12_-1,,0.0,,False,[],True
d8c7a0672b29ada3,_Converted_/CSV/D/DirecTV/DVR/133_48.ir,133_48,,0.0,,False,[],True
0f94f2739c7c1836,_Converted_/CSV/D/DirecTV/HDTV_Tuner/12_-1.ir,12_-1,,0.0,,False,[],True
ebdd8849091b8a20,_Converted_/CSV/D/DirecTV/Receiver_HD/12_-1.ir,12_-1,,0.0,,False,[],True
31c957cbf582e367,_Converted_/CSV/D/DirecTV/Receiver_HD/12_251.ir,12_251,,0.0,,False,[],True
41c112cc0befcc2d,_Converted_/CSV/D/DirecTV/Receiver_HD/13_-1.ir,13_-1,,0.0,,False,[],True
525b31109fb69b1d,_Converted_/CSV/D/DirecTV/Receiver_HDDVR/12_-1.ir,12_-1,,0.0,,False,[],True
e31cfba2ecb5949c,_Converted_/CSV/D/DirecTV/Receiver_HDDVR/13_-1.ir,13_-1,,0.0,,False,[],True
73037d680d805b88,_Converted_/CSV/D/DirecTV/Receiver_HDDVR/2_-1.ir,2_-1,,0.0,,False,[],True
a7e4291b3d431803,_Converted_/CSV/D/DirecTV/Receiver_HDDVR/3_-1.ir,3_-1,,0.0,,False,[],True
88a24aa7a697e812,_Converted_/CSV/D/DirecTV/Receiver_HDDVR/64_-1.ir,64_-1,,0.0,,False,[],True
a9f0c438e88db528,_Converted_/CSV/D/DirecTV/Receiver_HDDVR/71_-1.ir,71_-1,,0.0,,False,[],True
06a11cf012405d85,_Converted_/CSV/D/DirecTV/Receiver_SD/12_-1.ir,12_-1,,0.0,,False,[],True
df4c7351288d2856,_Converted_/CSV/D/DirecTV/Receiver_SD/13_-1.ir,13_-1,,0.0,,False,[],True
5bbdaa50aefe19d6,_Converted_/CSV/D/DirecTV/Receiver_SDDVR/12_-1.ir,12_-1,,0.0,,False,[],True
2e9599465a3b9658,_Converted_/CSV/D/DirecTV/Receiver_SDDVR/133_48.ir,133_48,,0.0,,False,[],True
6bb8233c299125ce,_Converted_/CSV/D/DirecTV/Satellite/12_-1.ir,12_-1,,0.0,,False,[],True
b26c0f449ca8aa3d,_Converted_/CSV/D/DirecTV/Satellite/133_48.ir,133_48,,0.0,,False,[],True
45db918b64ec8f5b,_Converted_/CSV/D/DirecTV/Satellite/4_-1.ir,4_-1,,0.0,,False,[],True
21851298dc7ef5aa,_Converted_/CSV/D/DirecTV/Unknown/12_-1.ir,12_-1,,0.0,,False,[],True
082505f77ce8c001,_Converted_/CSV/D/DirecTV/Unknown/12_251.ir,12_251,,0.0,,False,[],True
82f16451593218f6,_Converted_/CSV/D/DirecTV/Unknown_G051204/12_-1.ir,12_-1,Unknown_G051204,0.68,parent_directory,False,[],True
a7d8c40965754a18,_Converted_/CSV/D/DirecTV/Unknown_H23/12_-1.ir,12_-1,Unknown_H23,0.68,parent_directory,False,[],True
369a16f98e3a588a,_Converted_/CSV/D/DirecTV/Unknown_HD20-100/12_-1.ir,12_-1,Unknown_HD20-100,0.68,parent_directory,False,[],True
d893bc3c32ea1a88,_Converted_/CSV/D/DirecTV/Unknown_RC16/12_-1.ir,12_-1,Unknown_RC16,0.68,parent_directory,False,[],True
534655b49a32b189,_Converted_/CSV/D/DirecTV/Unknown_RC32/12_-1.ir,12_-1,Unknown_RC32,0.68,parent_directory,False,[],True
fa1a8ece110e2af9,_Converted_/CSV/D/DirecTV/Unknown_RC64/12_-1.ir,12_-1,Unknown_RC64,0.68,parent_directory,False,[],True
6ef7cca24411ba02,_Converted_/CSV/D/Dish_Network/Satelite_DVR/0_0.ir,0_0,,0.0,,False,[],True
7a5d31c6a86806d3,_Converted_/CSV/D/Dish_Network/Satelite_DVR/15_-1.ir,15_-1,,0.0,,False,[],True
d5f214e21d1af504,_Converted_/CSV/D/Dish_Network/Satelite_DVR/1_0.ir,1_0,,0.0,,False,[],True
2e23e259dd172a3d,_Converted_/CSV/D/Dish_Network/Satellite/0_0.ir,0_0,,0.0,,False,[],True
9ad6b1c049a41769,_Converted_/CSV/D/Dish_Network/Satellite/0_1.ir,0_1,,0.0,,False,[],True
75f7283b0e39f341,_Converted_/CSV/D/Dish_Network/Satellite/0_12.ir,0_12,,0.0,,False,[],True
10e230d89a1a5d52,_Converted_/CSV/D/Dish_Network/Satellite/0_2.ir,0_2,,0.0,,False,[],True
74678f696d7d1b91,_Converted_/CSV/D/Dish_Network/Satellite/0_3.ir,0_3,,0.0,,False,[],True
a2eb00df909924a6,_Converted_/CSV/D/Dish_Network/Satellite/0_31.ir,0_31,,0.0,,False,[],True
b003d3e5981734b0,_Converted_/CSV/D/Dish_Network/Satellite/0_4.ir,0_4,,0.0,,False,[],True
e8a236410e79d56f,_Converted_/CSV/D/Dish_Network/Satellite/0_5.ir,0_5,,0.0,,False,[],True
fc26e50371c20049,_Converted_/CSV/D/Dish_Network/Satellite/0_6.ir,0_6,,0.0,,False,[],True
6ad9ddc4dcb35aea,_Converted_/CSV/D/Dish_Network/Satellite/0_7.ir,0_7,,0.0,,False,[],True
66ed496f46eb9d89,_Converted_/CSV/D/Dish_Network/Satellite/15_-1.ir,15_-1,,0.0,,False,[],True
71941a5fb6cf97c8,_Converted_/CSV/D/Dish_Network/Satellite/16_0.ir,16_0,,0.0,,False,[],True
7bd2ce002f17e6ee,_Converted_/CSV/D/Dish_Network/Satellite/1_0.ir,1_0,,0.0,,False,[],True
92b5c7203e5731cf,_Converted_/CSV/D/Dish_Network/Satellite/1_1.ir,1_1,,0.0,,False,[],True
6f13790157b90bec,_Converted_/CSV/D/Dish_Network/Satellite/1_12.ir,1_12,,0.0,,False,[],True
aad65a14bd524468,_Converted_/CSV/D/Dish_Network/Satellite/1_2.ir,1_2,,0.0,,False,[],True
d3483f6f8941ccaa,_Converted_/CSV/D/Dish_Network/Satellite/1_3.ir,1_3,,0.0,,False,[],True
d49987bc304b5c67,_Converted_/CSV/D/Dish_Network/Satellite/1_4.ir,1_4,,0.0,,False,[],True
df97341fd10385fd,_Converted_/CSV/D/Dish_Network/Satellite/1_5.ir,1_5,,0.0,,False,[],True
dfe3aab7b602f47c,_Converted_/CSV/D/Dish_Network/Satellite/1_6.ir,1_6,,0.0,,False,[],True
562008a1d4341dc8,_Converted_/CSV/D/Dish_Network/Satellite/1_7.ir,1_7,,0.0,,False,[],True
a7429bbea34ee579,_Converted_/CSV/D/Dish_Network/Satellite/24_0.ir,24_0,,0.0,,False,[],True
6463f4b8a79740ed,_Converted_/CSV/D/Dish_Network/Satellite/28_-1.ir,28_-1,,0.0,,False,[],True
cee85d671160afb4,_Converted_/CSV/D/Dish_Network/Satellite/48_-1.ir,48_-1,,0.0,,False,[],True
f45226fb89e5857a,_Converted_/CSV/D/Dish_Network/Satellite/4_0.ir,4_0,,0.0,,False,[],True
96a6212585344b3e,_Converted_/CSV/D/Dish_Network/Satellite/4_5.ir,4_5,,0.0,,False,[],True
7e777a376fad4eb0,_Converted_/CSV/D/Dish_Network/Satellite/8_0.ir,8_0,,0.0,,False,[],True
4ce65c779f94746c,_Converted_/CSV/D/Domland/Unknown_domland-MH10CA/131_101.ir,131_101,Unknown_domland-MH10CA,0.68,parent_directory,False,[],True
5b52bc7c22ad76c4,_Converted_/CSV/D/Draper/Dropdown_Screen/0_-1.ir,0_-1,,0.0,,False,[],True
3fb9aa4578528628,_Converted_/CSV/D/Draper/Electric_Screen/0_-1.ir,0_-1,,0.0,,False,[],True
f5ca6995c4b372a3,_Converted_/CSV/D/Draper/Screen/0_-1.ir,0_-1,,0.0,,False,[],True
dcaa4ccfe33d487d,_Converted_/CSV/D/Draper/Screen/2_-1.ir,2_-1,,0.0,,False,[],True
46fa5a94e4a603d6,_Converted_/CSV/D/Dream/Satellite/0_-1.ir,0_-1,,0.0,,False,[],True
11e189284a3b4adc,_Converted_/CSV/D/Dream/Satellite/10_0.ir,10_0,,0.0,,False,[],True
0d2286a686539dd1,_Converted_/CSV/D/Dream/Satellite/11_0.ir,11_0,,0.0,,False,[],True
6d9f31038fc2dc2f,_Converted_/CSV/D/Dream/Satellite/25_0.ir,25_0,,0.0,,False,[],True
d9a3955de0017872,_Converted_/CSV/D/Dream/Satellite/26_0.ir,26_0,,0.0,,False,[],True
9df769d736ac5e11,_Converted_/CSV/D/Dream/Satellite/41_0.ir,41_0,,0.0,,False,[],True
807ce7180b4c527d,_Converted_/CSV/D/Dream_Multimedia/Unknown_URC7562/0_-1.ir,0_-1,Unknown_URC7562,0.68,parent_directory,False,[],True
bd3926d644c35add,_Converted_/CSV/D/Dream_Vision/DLP_Projector/135_78.ir,135_78,,0.0,,False,[],True
d40464406ca2bf85,_Converted_/CSV/D/Durabrand/Unknown_PTV141/128_99.ir,128_99,Unknown_PTV141,0.68,parent_directory,False,[],True
7c3a696c19721904,_Converted_/CSV/D/Dwin/Line_Multiplier/1_-1.ir,1_-1,,0.0,,False,[],True
e9bf91c3e0afb88a,_Converted_/CSV/D/Dwin/Plasma/15_-1.ir,15_-1,,0.0,,False,[],True
218e0fc761787cdb,_Converted_/CSV/D/Dwin/Projector/15_-1.ir,15_-1,,0.0,,False,[],True
437788b9f7dc4d18,_Converted_/CSV/D/Dwin/TV/15_-1.ir,15_-1,,0.0,,False,[],True
4ac6253eb4859aee,_Converted_/CSV/D/Dwin/Video_Processor/1_-1.ir,1_-1,,0.0,,False,[],True
40230323f6db53e8,_Converted_/CSV/D/Dwin/Video_Processor/7_0.ir,7_0,,0.0,,False,[],True
ad4a2e71f7d73fa4,_Converted_/CSV/D/Dwin/Video_Projector/15_-1.ir,15_-1,,0.0,,False,[],True
d64a604c2bd8633e,_Converted_/CSV/D/Dwin/Video_Projector/7_0.ir,7_0,,0.0,,False,[],True
3e7b906e532a037c,_Converted_/CSV/D/Dynaudio/Unknown_Sub/1_-1.ir,1_-1,,0.0,,False,[],True
76cc957f39e7b3d9,_Converted_/CSV/D/Dynex/Unknown_DX-CVS4/2_-1.ir,2_-1,Unknown_DX-CVS4,0.68,parent_directory,False,[],True
d90f53642ef13e9f,_Converted_/CSV/D/daytron/Unknown_daytron/4_-1.ir,4_-1,,0.0,,False,[],True
b5edb972f1de632b,_Converted_/CSV/D/dual/Unknown_dual/68_-1.ir,68_-1,,0.0,,False,[],True
0fec739f291f14ef,_Converted_/CSV/E/E-tech/Unknown_FLY98/96_1.ir,96_1,Unknown_FLY98,0.68,parent_directory,False,[],True
d35d7c254be05ef2,_Converted_/CSV/E/ELTASAT/Unknown_SAT170/66_253.ir,66_253,Unknown_SAT170,0.68,parent_directory,False,[],True
eca9d70d86198c56,_Converted_/CSV/E/ENTONE/Unknown_URC-4021ABA1-006-R/230_4.ir,230_4,Unknown_URC-4021ABA1-006-R,0.68,parent_directory,False,[],True
8bcafa86884bac8b,_Converted_/CSV/E/E_Max/DVD_Player/0_223.ir,0_223,,0.0,,False,[],True
775520258a33f5e0,_Converted_/CSV/E/Eagle_Aspen/Unknown_Aspen/120_-1.ir,120_-1,,0.0,,False,[],True
cc63c1a6cefc22b8,_Converted_/CSV/E/Echostar/DSS/0_0.ir,0_0,,0.0,,False,[],True
aff2d82fb4365b12,_Converted_/CSV/E/Echostar/DVR/0_0.ir,0_0,,0.0,,False,[],True
e03ba3e73eb65d38,_Converted_/CSV/E/Echostar/DVR/1_0.ir,1_0,,0.0,,False,[],True
a8510cddb36746a4,_Converted_/CSV/E/Echostar/Dish_Network/0_0.ir,0_0,,0.0,,False,[],True
abf3728a0f11b6c9,_Converted_/CSV/E/Echostar/PVR_SAT/0_0.ir,0_0,,0.0,,False,[],True
9caeac19d6d157f5,_Converted_/CSV/E/Echostar/PVR_SAT/1_0.ir,1_0,,0.0,,False,[],True
f33a06c6b6832849,_Converted_/CSV/E/Echostar/Satelite_DVR/0_0.ir,0_0,,0.0,,False,[],True
b988313c5f26666b,_Converted_/CSV/E/Echostar/Satelite_DVR/0_4.ir,0_4,,0.0,,False,[],True
a8fd3b2fcc3bf4fb,_Converted_/CSV/E/Echostar/Satelite_DVR/1_0.ir,1_0,,0.0,,False,[],True
3f51cd25926d0e8b,_Converted_/CSV/E/Echostar/Satelite_DVR/1_4.ir,1_4,,0.0,,False,[],True
d6b88fbeafd9e0c0,_Converted_/CSV/E/Echostar/Satelite_DVR/2_-1.ir,2_-1,,0.0,,False,[],True
5b6395dc2c35f006,_Converted_/CSV/E/Echostar/Satellite/0_0.ir,0_0,,0.0,,False,[],True
d73f37b61bcfb89a,_Converted_/CSV/E/Echostar/Satellite/16_0.ir,16_0,,0.0,,False,[],True
52c10b9205dfa71e,_Converted_/CSV/E/Echostar/Satellite/1_0.ir,1_0,,0.0,,False,[],True
eabd6f155249e995,_Converted_/CSV/E/Echostar/Satellite/4_-1.ir,4_-1,,0.0,,False,[],True
883f2b437526a1ed,_Converted_/CSV/E/Echostar/Unknown_AD3000IP/4_0.ir,4_0,Unknown_AD3000IP,0.68,parent_directory,False,[],True
6d21a0c44fa3ac3a,_Converted_/CSV/E/Echostar/Unknown_DSB-616/5_-1.ir,5_-1,Unknown_DSB-616,0.68,parent_directory,False,[],True
942e8510e0216304,_Converted_/CSV/E/Echostar/Unknown_DSB-636/4_0.ir,4_0,Unknown_DSB-636,0.68,parent_directory,False,[],True
2378133f3adba987,_Converted_/CSV/E/Elan/Camera_Switcher/0_-1.ir,0_-1,,0.0,,False,[],True
ddaf5a2b6d21a81b,_Converted_/CSV/E/Elan/DMX/100_-1.ir,100_-1,,0.0,,False,[],True
f07e3e0e476e17ac,_Converted_/CSV/E/Elan/DMX/14_-1.ir,14_-1,,0.0,,False,[],True
4c5ee5d77ff4ab83,_Converted_/CSV/E/Elan/DMX/96_-1.ir,96_-1,,0.0,,False,[],True
2f519ee6ce00fb7d,_Converted_/CSV/E/Elan/DMX/99_-1.ir,99_-1,,0.0,,False,[],True
6116b26c1204f870,_Converted_/CSV/E/Elan/DVD_Manager/15_-1.ir,15_-1,,0.0,,False,[],True
3106182dff423044,_Converted_/CSV/E/Elan/HD/0_-1.ir,0_-1,,0.0,,False,[],True
0974b4e5a10c6b63,_Converted_/CSV/E/Elan/HD/1_-1.ir,1_-1,,0.0,,False,[],True
fba43142c29db8fe,_Converted_/CSV/E/Elan/HD/2_-1.ir,2_-1,,0.0,,False,[],True
dd8eccc1878073f6,_Converted_/CSV/E/Elan/HD/4_-1.ir,4_-1,,0.0,,False,[],True
e8968bcabc0faffd,_Converted_/CSV/E/Elan/HD/5_-1.ir,5_-1,,0.0,,False,[],True
28fc6fb6d137c6b9,_Converted_/CSV/E/Elan/IR_Router/1_-1.ir,1_-1,,0.0,,False,[],True
a97396302035f595,_Converted_/CSV/E/Elan/IR_Router/2_-1.ir,2_-1,,0.0,,False,[],True
0518b0ddd75cdec3,_Converted_/CSV/E/Elan/Jukebox/96_-1.ir,96_-1,,0.0,,False,[],True
70b46e9557cf02a4,_Converted_/CSV/E/Elan/Master_Controller/0_-1.ir,0_-1,,0.0,,False,[],True
45d9332967a36661,_Converted_/CSV/E/Elan/Master_Controller/1_-1.ir,1_-1,,0.0,,False,[],True
02dafb0b1e983777,_Converted_/CSV/E/Elan/Master_Controller/5_-1.ir,5_-1,,0.0,,False,[],True
bf9c81d008a481e8,_Converted_/CSV/E/Elan/Pre-Amplifier/0_-1.ir,0_-1,,0.0,,False,[],True
2d0970862b5fb0d3,_Converted_/CSV/E/Elan/Satellite_Radio/26_-1.ir,26_-1,,0.0,,False,[],True
f3f7c75639c175f3,_Converted_/CSV/E/Elan/Tuner/129_115.ir,129_115,,0.0,,False,[],True
e0e2f372c384e805,_Converted_/CSV/E/Elan/Video_Controller/0_-1.ir,0_-1,,0.0,,False,[],True
a457ec203eddd12e,_Converted_/CSV/E/Elan/Video_Switcher/0_-1.ir,0_-1,,0.0,,False,[],True
2049854dcc590cfa,_Converted_/CSV/E/Elan/Video_Switcher/1_-1.ir,1_-1,,0.0,,False,[],True
e444936972e26c82,_Converted_/CSV/E/Elan/Volume_Control/0_-1.ir,0_-1,,0.0,,False,[],True
d5a27a6ee9d0e352,_Converted_/CSV/E/Elan/Volume_Control/1_241.ir,1_241,,0.0,,False,[],True
cfa55e602b6b815f,_Converted_/CSV/E/Elan/Volume_Control/255_15.ir,255_15,,0.0,,False,[],True
3ca1272ea2e2790e,_Converted_/CSV/E/Electrocompaniet/CD_Player/20_-1.ir,20_-1,,0.0,,False,[],True
b843966105c7070d,_Converted_/CSV/E/Electrocompaniet/Integrated_Amplifier/16_-1.ir,16_-1,,0.0,,False,[],True
05c6cd57d5ebf271,_Converted_/CSV/E/Electrokinetics/Plasma_Lift/0_-1.ir,0_-1,,0.0,,False,[],True
3e286498e3528cb5,_Converted_/CSV/E/Elenberg/Unknown_RC-404E/0_251.ir,0_251,Unknown_RC-404E,0.68,parent_directory,False,[],True
2c44fc831a84ba9b,_Converted_/CSV/E/Elitron/Unknown_utk/7_-1.ir,7_-1,,0.0,,False,[],True
55fa76f841b42ed7,_Converted_/CSV/E/Elmo/CAMERA_PRC-100S/32_-1.ir,32_-1,CAMERA_PRC-100S,0.68,parent_directory,False,[],True
56d8446dbebe5286,_Converted_/CSV/E/Elmo/Camera/128_-1.ir,128_-1,,0.0,,False,[],True
2d0a7bb066ea456c,_Converted_/CSV/E/Elmo/Video_Projector/132_132.ir,132_132,,0.0,,False,[],True
2836abff226b6341,_Converted_/CSV/E/Elmo/Video_Projector/134_134.ir,134_134,,0.0,,False,[],True
dda664d24984f7ed,_Converted_/CSV/E/Emerson/TV/0_-1.ir,0_-1,,0.0,,False,[],True
3ee6d98bd789945b,_Converted_/CSV/E/Emerson/TV/135_34.ir,135_34,,0.0,,False,[],True
6ef7c0e776d1a1bf,_Converted_/CSV/E/Emerson/Unknown_Emerson-NB050-DVD/135_34.ir,135_34,Unknown_Emerson-NB050-DVD,0.68,parent_directory,False,[],True
2edb285034ebf618,_Converted_/CSV/E/Emerson/Unknown_emerson-cd/3_1.ir,3_1,,0.0,,False,[],True
716be07a0422ab53,_Converted_/CSV/E/Emerson/Unknown_emerson/134_5.ir,134_5,,0.0,,False,[],True
68a12787505e294f,_Converted_/CSV/E/Emerson/Unknown_emersontv/22_22.ir,22_22,,0.0,,False,[],True
8884f880a1a25735,_Converted_/CSV/E/Emerson/VCR/21_-1.ir,21_-1,,0.0,,False,[],True
438bb132ea8aa575,_Converted_/CSV/E/Emerson/VCR/40_-1.ir,40_-1,,0.0,,False,[],True
d0987cf2a1fdc415,_Converted_/CSV/E/Emerson/VCR/4_-1.ir,4_-1,,0.0,,False,[],True
288ddc737e6c5254,_Converted_/CSV/E/Epson/Projector/131_85.ir,131_85,,0.0,,False,[],True
cc48acfd628a210a,_Converted_/CSV/E/Epson/Unknown_12807990/131_85.ir,131_85,Unknown_12807990,0.68,parent_directory,False,[],True
9cef28c9a93eb760,_Converted_/CSV/E/Epson/Unknown_ELPST12/131_85.ir,131_85,Unknown_ELPST12,0.68,parent_directory,False,[],True
68f6c75d42e0031c,_Converted_/CSV/E/Epson/Video_Projector/131_85.ir,131_85,,0.0,,False,[],True
0dfcc644a68d8686,_Converted_/CSV/E/Escient/CD_Jukebox/0_0.ir,0_0,,0.0,,False,[],True
3e28185486f94cad,_Converted_/CSV/E/Escient/CD_Jukebox/14_0.ir,14_0,,0.0,,False,[],True
8210f00cad3a8eeb,_Converted_/CSV/E/Escient/CD_Jukebox/15_0.ir,15_0,,0.0,,False,[],True
850a17da7c694091,_Converted_/CSV/E/Escient/CD_Jukebox/48_-1.ir,48_-1,,0.0,,False,[],True
8bdc18acb4eb2125,_Converted_/CSV/E/Escient/CD_Jukebox/91_-1.ir,91_-1,,0.0,,False,[],True
00414c772256b400,_Converted_/CSV/E/Escient/CD_Management/0_0.ir,0_0,,0.0,,False,[],True
39367387c3ce7879,_Converted_/CSV/E/Escient/CD_Management/14_0.ir,14_0,,0.0,,False,[],True
70c77d3c5dc6e027,_Converted_/CSV/E/Escient/CD_Management/91_-1.ir,91_-1,,0.0,,False,[],True
b24a5510bc329c50,_Converted_/CSV/E/Escient/DVD_Library/1_22.ir,1_22,,0.0,,False,[],True
43a73827bb8a94d5,_Converted_/CSV/E/Escient/DVD_Library/8_-1.ir,8_-1,,0.0,,False,[],True
da32c9ec2a0d6c5e,_Converted_/CSV/E/Escient/DVD_Player/1_22.ir,1_22,,0.0,,False,[],True
dffd309270c54e38,_Converted_/CSV/E/Escient/DVD_Player/2_22.ir,2_22,,0.0,,False,[],True
94e5f32fbc40ab7a,_Converted_/CSV/E/Escient/DVD_Player/3_22.ir,3_22,,0.0,,False,[],True
4e79ecbe81f9c920,_Converted_/CSV/E/Escient/DVD_Player/4_22.ir,4_22,,0.0,,False,[],True
453ffc2a96a4d687,_Converted_/CSV/E/Escient/DVD_Player/8_-1.ir,8_-1,,0.0,,False,[],True
4b20ef56771b854f,_Converted_/CSV/E/Escient/Digital_Jukebox/15_0.ir,15_0,,0.0,,False,[],True
7772ea8759be713e,_Converted_/CSV/E/Escient/Digital_Media_Receiver/15_-1.ir,15_-1,,0.0,,False,[],True
469cde6fcab30542,_Converted_/CSV/E/Escient/Digital_Media_Receiver/1_22.ir,1_22,,0.0,,False,[],True
e8559f38eaeb0007,_Converted_/CSV/E/Escient/Hard_Drive_Recorder/15_0.ir,15_0,,0.0,,False,[],True
355f7a50e3c8022a,_Converted_/CSV/E/Escient/MP3_Player/0_-1.ir,0_-1,MP3_Player,0.68,parent_directory,False,[],True
f076c8790a96104b,_Converted_/CSV/E/Escient/MP3_Player/14_-1.ir,14_-1,MP3_Player,0.68,parent_directory,False,[],True
fd01a45ff398c3fb,_Converted_/CSV/E/Escient/MP3_Player/15_-1.ir,15_-1,MP3_Player,0.68,parent_directory,False,[],True
165204450a30d5b4,_Converted_/CSV/E/Escient/MP3_Player/1_22.ir,1_22,MP3_Player,0.68,parent_directory,False,[],True
0cab1c0cbf8ed814,_Converted_/CSV/E/Escient/MP3_Player/4_22.ir,4_22,MP3_Player,0.68,parent_directory,False,[],True
b64b3eeb7e3a3c24,_Converted_/CSV/E/Escient/Media_Manager/15_-1.ir,15_-1,,0.0,,False,[],True
52acaf24a22043d6,_Converted_/CSV/E/Escient/Media_Manager/15_0.ir,15_0,,0.0,,False,[],True
06215fab18b129a9,_Converted_/CSV/E/Escient/Media_Manager/1_22.ir,1_22,,0.0,,False,[],True
dcb95561c528a9b9,_Converted_/CSV/E/Escient/Media_Manager/2_22.ir,2_22,,0.0,,False,[],True
581765b4a4e6a4d4,_Converted_/CSV/E/Escient/Media_Manager/33_184.ir,33_184,,0.0,,False,[],True
2fad06f8e9ff9f44,_Converted_/CSV/E/Escient/Media_Manager/3_22.ir,3_22,,0.0,,False,[],True
f8d928bfc2adb8f1,_Converted_/CSV/E/Escient/Media_Manager/48_-1.ir,48_-1,,0.0,,False,[],True
3f43b3df73e7771c,_Converted_/CSV/E/Escient/Media_Manager/4_22.ir,4_22,,0.0,,False,[],True
0c36e24183bd24ba,_Converted_/CSV/E/Escient/Media_Server/1_22.ir,1_22,,0.0,,False,[],True
dabf1cba5729a34b,_Converted_/CSV/E/Escient/Media_Server/4_22.ir,4_22,,0.0,,False,[],True
ee648836125ab11f,_Converted_/CSV/E/Esoteric_Audio/DVD_Player/133_32.ir,133_32,,0.0,,False,[],True
a996ae920034542e,_Converted_/CSV/E/Euroconsumers/Unknown_LG-5988/136_-1.ir,136_-1,Unknown_LG-5988,0.68,parent_directory,False,[],True
285315f479bb3988,_Converted_/CSV/E/Expressvu/Unknown_3100/0_0.ir,0_0,Unknown_3100,0.68,parent_directory,False,[],True
07a2ff0938ba35ca,_Converted_/CSV/E/Extron/Switcher/0_-1.ir,0_-1,,0.0,,False,[],True
68ba2a7c9f953778,_Converted_/CSV/E/Extron/Switcher/128_84.ir,128_84,,0.0,,False,[],True
d499712ad58b6456,_Converted_/CSV/E/eltax/Unknown_corniche/0_246.ir,0_246,,0.0,,False,[],True
85617162e35513a1,_Converted_/CSV/F/FSC/DVD_Player/4_15.ir,4_15,,0.0,,False,[],True
125bceff6c6ee8b3,_Converted_/CSV/F/FTE_Maximal/Unknown_FTE/73_-1.ir,73_-1,,0.0,,False,[],True
00b7f146a9a6bf74,_Converted_/CSV/F/FUBA/Unknown_ALPS/134_75.ir,134_75,,0.0,,False,[],True
919cac58edd7ec38,_Converted_/CSV/F/FUBA/Unknown_FUBA/134_75.ir,134_75,,0.0,,False,[],True
a7ba8d821123983d,_Converted_/CSV/F/FUNAI/Unknown_NF021RD/132_224.ir,132_224,Unknown_NF021RD,0.68,parent_directory,False,[],True
a0e18ef102f16889,_Converted_/CSV/F/Fagor/Unknown_TEDI100/192_-1.ir,192_-1,Unknown_TEDI100,0.68,parent_directory,False,[],True
80aecf4c95596c09,_Converted_/CSV/F/Falcon/Unknown_VT-1000/16_47.ir,16_47,Unknown_VT-1000,0.68,parent_directory,False,[],True
6569c3c25547118f,_Converted_/CSV/F/Faroudja/DVD_Player/163_-1.ir,163_-1,,0.0,,False,[],True
5a6a8ab072d7b39c,_Converted_/CSV/F/Faroudja/DVD_Player/175_-1.ir,175_-1,,0.0,,False,[],True
136e15f74df29ed5,_Converted_/CSV/F/Faroudja/Line_Doubler/1_-1.ir,1_-1,,0.0,,False,[],True
47be12c5ef97d5f8,_Converted_/CSV/F/Faroudja/Line_Quadrupler/1_-1.ir,1_-1,,0.0,,False,[],True
ef6f77bfa5bf6ccc,_Converted_/CSV/F/Faroudja/Processor/1_-1.ir,1_-1,,0.0,,False,[],True
1491d70eb1c26cf6,_Converted_/CSV/F/Faroudja/Video_Processor/1_-1.ir,1_-1,,0.0,,False,[],True
cb89b662627815b3,_Converted_/CSV/F/Faroudja/Video_Processor/27_-1.ir,27_-1,,0.0,,False,[],True
3dbc893406da8be6,_Converted_/CSV/F/Faroudja/Video_Projector/0_-1.ir,0_-1,,0.0,,False,[],True
32fb4cd3668dca16,_Converted_/CSV/F/Faroudja/Video_Projector/135_78.ir,135_78,,0.0,,False,[],True
8ef827377d21cd78,_Converted_/CSV/F/Faroudja/Video_Projector/13_-1.ir,13_-1,,0.0,,False,[],True
d38910362b01df09,_Converted_/CSV/F/Faroudja/Video_Projector/1_-1.ir,1_-1,,0.0,,False,[],True
f3d804b53d7d9583,_Converted_/CSV/F/Faroudja/Video_Projector/24_-1.ir,24_-1,,0.0,,False,[],True
150f4fe75363fb47,_Converted_/CSV/F/Faroudja/Video_Projector/24_24.ir,24_24,,0.0,,False,[],True
3cf60aef0fbabd75,_Converted_/CSV/F/Faroudja/Video_Projector/30_-1.ir,30_-1,,0.0,,False,[],True
49e7183b62002c2f,_Converted_/CSV/F/Fast/TV/28_-1.ir,28_-1,,0.0,,False,[],True
c8d41c2c1487047a,_Converted_/CSV/F/Fast/TVS/28_-1.ir,28_-1,,0.0,,False,[],True
c56fda9cb5504af9,_Converted_/CSV/F/Fedders/Air_Conditioner/32_-1.ir,32_-1,,0.0,,False,[],True
15b08f34dd38e6f7,_Converted_/CSV/F/Fisher/Surround_Processor/48_48.ir,48_48,,0.0,,False,[],True
4ad81340431873c8,_Converted_/CSV/F/Fisher/Surround_Processor/54_200.ir,54_200,,0.0,,False,[],True
4a1926511a71baae,_Converted_/CSV/F/Fisher/TV/0_-1.ir,0_-1,,0.0,,False,[],True
cdd220056c79c6a3,_Converted_/CSV/F/Fisher/TV/56_-1.ir,56_-1,,0.0,,False,[],True
0193550657fe1cf7,_Converted_/CSV/F/Fisher/Unknown_RC720F/104_-1.ir,104_-1,Unknown_RC720F,0.68,parent_directory,False,[],True
b0e198868f5fbafc,_Converted_/CSV/F/Fisher/Unknown_RCA-9060/54_-1.ir,54_-1,Unknown_RCA-9060,0.68,parent_directory,False,[],True
ec15d201cf7ef2e5,_Converted_/CSV/F/Fisher/Unknown_REM-1500/162_162.ir,162_162,Unknown_REM-1500,0.68,parent_directory,False,[],True
50d1aa6fd0b7d8a2,_Converted_/CSV/F/Fisher/Unknown_ra/60_-1.ir,60_-1,,0.0,,False,[],True
8323bd0fbe9133ee,_Converted_/CSV/F/Fortec/Unknown_Lifetime/32_-1.ir,32_-1,,0.0,,False,[],True
4359dbd198b43787,_Converted_/CSV/F/Fortec/Unknown_Mercury2/1_253.ir,1_253,Unknown_Mercury2,0.68,parent_directory,False,[],True
c1ab0f69ff812ad0,_Converted_/CSV/F/Fosgate/Pre-Amplifier/131_69.ir,131_69,,0.0,,False,[],True
e85b902c6940fe50,_Converted_/CSV/F/Fosgate/Pre-Amplifier/131_95.ir,131_95,,0.0,,False,[],True
a99776c9ca2d99f1,_Converted_/CSV/F/Fosgate/Pre-Amplifier/64_64.ir,64_64,,0.0,,False,[],True
403eab6f86319351,_Converted_/CSV/F/Fosgate/Surround_Processor/132_66.ir,132_66,,0.0,,False,[],True
af748b040b0bc66b,_Converted_/CSV/F/Foxtel/Set_Top_Box/33_160.ir,33_160,,0.0,,False,[],True
adc686046004a851,_Converted_/CSV/F/Foxtel/Unknown_Digital/0_0.ir,0_0,,0.0,,False,[],True
adfaa0ded9ae1b75,_Converted_/CSV/F/Foxtel/Unknown_foxtel/33_160.ir,33_160,,0.0,,False,[],True
70a6571b21c37c27,_Converted_/CSV/F/Free/Unknown_REMOTE/11_-1.ir,11_-1,,0.0,,False,[],True
9faadf77b75ffd28,_Converted_/CSV/F/Free/Unknown_V5/36_12.ir,36_12,Unknown_V5,0.68,parent_directory,False,[],True
213e20c095c960c3,_Converted_/CSV/F/Freecom/Unknown_MP35/128_-1.ir,128_-1,Unknown_MP35,0.68,parent_directory,False,[],True
88db4604f49b4781,_Converted_/CSV/F/Freecom/Unknown_usb/128_-1.ir,128_-1,,0.0,,False,[],True
7ec838f0cb18fd31,_Converted_/CSV/F/Fresat/Unknown_SER-3000PL/8_64.ir,8_64,Unknown_SER-3000PL,0.68,parent_directory,False,[],True
1ddfc2121ed6fd71,_Converted_/CSV/F/Friedrich/Air_Conditioner/16_-1.ir,16_-1,,0.0,,False,[],True
948643ffed2968fd,_Converted_/CSV/F/Friedrich/Air_Conditioner/1_-1.ir,1_-1,,0.0,,False,[],True
eb2a3bd23d5b3bf6,_Converted_/CSV/F/Fujitsu/Monitor/132_-1.ir,132_-1,,0.0,,False,[],True
2231986f6051aa05,_Converted_/CSV/F/Fujitsu/Monitor/132_138.ir,132_138,,0.0,,False,[],True
4b11d1af0622934e,_Converted_/CSV/F/Fujitsu/Monitor/132_139.ir,132_139,,0.0,,False,[],True
3f02375246493274,_Converted_/CSV/F/Fujitsu/Monitor/132_140.ir,132_140,,0.0,,False,[],True
7cf2633b36460a98,_Converted_/CSV/F/Fujitsu/Plasma/132_-1.ir,132_-1,,0.0,,False,[],True
ba0182144b094688,_Converted_/CSV/F/Fujitsu/Plasma/132_129.ir,132_129,,0.0,,False,[],True
1e7b4b002d0f5e0d,_Converted_/CSV/F/Fujitsu/Plasma/132_130.ir,132_130,,0.0,,False,[],True
30d9a2c18b6a6300,_Converted_/CSV/F/Fujitsu/Plasma/132_134.ir,132_134,,0.0,,False,[],True
118469d8eac14e65,_Converted_/CSV/F/Fujitsu/Plasma/132_136.ir,132_136,,0.0,,False,[],True
4b7f4bef3dbd522f,_Converted_/CSV/F/Fujitsu/Plasma/132_138.ir,132_138,,0.0,,False,[],True
38ac2cea85626264,_Converted_/CSV/F/Fujitsu/Plasma/132_139.ir,132_139,,0.0,,False,[],True
2d1612e25f4a20d0,_Converted_/CSV/F/Fujitsu/Plasma/132_140.ir,132_140,,0.0,,False,[],True
706de68d08de2853,_Converted_/CSV/F/Fujitsu/Plasma/132_141.ir,132_141,,0.0,,False,[],True
525d8771dd1f1efd,_Converted_/CSV/F/Fujitsu/Plasma/140_132.ir,140_132,,0.0,,False,[],True
cd4b72ece624969e,_Converted_/CSV/F/Fujitsu/TV/132_-1.ir,132_-1,,0.0,,False,[],True
fd933651745ad8ca,_Converted_/CSV/F/Fujitsu/Unknown_CP300375-01/4_15.ir,4_15,Unknown_CP300375-01,0.68,parent_directory,False,[],True
c2a82a92699e61b9,_Converted_/CSV/F/Fujitsu_Siemens/Unknown_RC1-1241-21/32_176.ir,32_176,Unknown_RC1-1241-21,0.68,parent_directory,False,[],True
3507a549fb437ec6,_Converted_/CSV/F/Fujitsu_Siemens/Unknown_RC811/4_15.ir,4_15,Unknown_RC811,0.68,parent_directory,False,[],True
367711170ad9334e,_Converted_/CSV/F/Fujtech/Unknown_DVB-T/3_-1.ir,3_-1,,0.0,,False,[],True
8afa5836796f1af2,_Converted_/CSV/F/Fusion_Research/DVD_Server/17_-1.ir,17_-1,,0.0,,False,[],True
62035941cd09e15b,_Converted_/CSV/F/fenner/Unknown_fenner/95_0.ir,95_0,,0.0,,False,[],True
7c307eda2023806a,_Converted_/CSV/G/GAMEFACTORY/Unknown_PS2DVD/0_246.ir,0_246,Unknown_PS2DVD,0.68,parent_directory,False,[],True
9baea206e0ebb5a8,_Converted_/CSV/G/GE/TV/15_-1.ir,15_-1,,0.0,,False,[],True
aba2fc872a3da879,_Converted_/CSV/G/GE/VCR/11_-1.ir,11_-1,,0.0,,False,[],True
490bae2899b8b008,_Converted_/CSV/G/GE/VCR/14_-1.ir,14_-1,,0.0,,False,[],True
fbc393cdc6527a3d,_Converted_/CSV/G/GE/VCR/26_73.ir,26_73,,0.0,,False,[],True
e4a165ef602d3a0f,_Converted_/CSV/G/GE/VCR_VKFS0938/14_-1.ir,14_-1,VCR_VKFS0938,0.68,parent_directory,False,[],True
a1d0d820d4c7b4e4,_Converted_/CSV/G/GVC/Unknown_RM-RK50/143_-1.ir,143_-1,Unknown_RM-RK50,0.68,parent_directory,False,[],True
a6a0b17d3ccad83b,_Converted_/CSV/G/Galaxis/Satellite/13_80.ir,13_80,,0.0,,False,[],True
2463089cf9c444ab,_Converted_/CSV/G/Galaxis/Unknown_GALAXIS-RC5/0_-1.ir,0_-1,Unknown_GALAXIS-RC5,0.68,parent_directory,False,[],True
56a4df7d424451eb,_Converted_/CSV/G/Galaxis/Unknown_Galaxis-RCMM/13_80.ir,13_80,,0.0,,False,[],True
cdc6e1a65ea7a46d,_Converted_/CSV/G/Galaxis/Unknown_Galaxis.sat/81_175.ir,81_175,,0.0,,False,[],True
a62caafb6adaaa9e,_Converted_/CSV/G/Galaxis/Unknown_rc1/7_-1.ir,7_-1,Unknown_rc1,0.68,parent_directory,False,[],True
b50b9aef4309c853,_Converted_/CSV/G/Gefen_Systems/DVI_Switcher/11_-1.ir,11_-1,,0.0,,False,[],True
44e20ff8646c5a48,_Converted_/CSV/G/Gefen_Systems/HDMI_Switcher/11_-1.ir,11_-1,,0.0,,False,[],True
05cea84e66b521a1,_Converted_/CSV/G/Gefen_Systems/Matrix_Switcher/11_-1.ir,11_-1,,0.0,,False,[],True
fcd99507b1da534d,_Converted_/CSV/G/Gefen_Systems/Unknown/24_-1.ir,24_-1,,0.0,,False,[],True
afd0c6f5ff91daf2,_Converted_/CSV/G/General/Unknown_VCR/22_-1.ir,22_-1,,0.0,,False,[],True
680300a6ea0174c6,_Converted_/CSV/G/General_Electric/TV/15_-1.ir,15_-1,,0.0,,False,[],True
8f9e072372f45591,_Converted_/CSV/G/General_Electric/VCR/11_-1.ir,11_-1,,0.0,,False,[],True
281f9d215f5eefbe,_Converted_/CSV/G/General_Electric/VCR/14_-1.ir,14_-1,,0.0,,False,[],True
8859e2b7256591b0,_Converted_/CSV/G/General_Electric/VCR/26_73.ir,26_73,,0.0,,False,[],True
3da0a2bece3fc886,_Converted_/CSV/G/General_Instrument/Cable_Box/0_-1.ir,0_-1,,0.0,,False,[],True
334840086dbd9c62,_Converted_/CSV/G/General_Instrument/Cable_Box/122_-1.ir,122_-1,,0.0,,False,[],True
fb328688cad494db,_Converted_/CSV/G/General_Instrument/Cable_Box/144_0.ir,144_0,,0.0,,False,[],True
f4fc3f2377bb8cfc,_Converted_/CSV/G/General_Instrument/Cable_Box/15_-1.ir,15_-1,,0.0,,False,[],True
7027503bc9b25bbc,_Converted_/CSV/G/General_Instrument/Cable_Box/1_-1.ir,1_-1,,0.0,,False,[],True
8020a99538995ddf,_Converted_/CSV/G/General_Instrument/Cable_Box/64_-1.ir,64_-1,,0.0,,False,[],True
db92f62d0d5f5cdb,_Converted_/CSV/G/General_Instrument/Cable_Box/87_-1.ir,87_-1,,0.0,,False,[],True
15541e6b7b0f630a,_Converted_/CSV/G/General_Instrument/Satellite/130_110.ir,130_110,,0.0,,False,[],True
1b2b2109a3b575e6,_Converted_/CSV/G/General_Instrument/Satellite/1_-1.ir,1_-1,,0.0,,False,[],True
a308945ba3cc026b,_Converted_/CSV/G/General_Instruments/Unknown_550/-1_-1.ir,-1_-1,Unknown_550,0.68,parent_directory,False,[],True
2ca79a948e12a412,_Converted_/CSV/G/General_Instruments/Unknown_XRC-200/0_-1.ir,0_-1,Unknown_XRC-200,0.68,parent_directory,False,[],True
06b3072f683f883b,_Converted_/CSV/G/Genesis/Theater_in_Box/0_-1.ir,0_-1,,0.0,,False,[],True
7d743f82c1c05fad,_Converted_/CSV/G/Geniatech/Unknown_Supera/0_-1.ir,0_-1,,0.0,,False,[],True
81d7a53cb4996739,_Converted_/CSV/G/Genius/Unknown_Genius-DVB-T32/5_-1.ir,5_-1,Unknown_Genius-DVB-T32,0.68,parent_directory,False,[],True
c9eebfcf160b5f66,_Converted_/CSV/G/Genus/Unknown_DU1/128_-1.ir,128_-1,Unknown_DU1,0.68,parent_directory,False,[],True
6ccece6160dce468,_Converted_/CSV/G/Gericom/Plasma/3_-1.ir,3_-1,,0.0,,False,[],True
54ca0f037808d2d3,_Converted_/CSV/G/Get/Unknown_gethdpvr/72_36.ir,72_36,,0.0,,False,[],True
797a06c87dd43b68,_Converted_/CSV/G/Gigabyte/Unknown_TV/134_107.ir,134_107,,0.0,,False,[],True
777f5ae875c90dc0,_Converted_/CSV/G/Go_Video/DVD_Recorder/10_247.ir,10_247,,0.0,,False,[],True
296cc9179bd94f04,_Converted_/CSV/G/Go_Video/VCR/132_98.ir,132_98,,0.0,,False,[],True
3ad45caf358ff495,_Converted_/CSV/G/Go_Video/VCR/5_5.ir,5_5,,0.0,,False,[],True
1d6ead6204a267fa,_Converted_/CSV/G/Go_Video/VCR/7_7.ir,7_7,,0.0,,False,[],True
67bd38432056541b,_Converted_/CSV/G/GoldStar/Unknown_GOLDSTAR/4_-1.ir,4_-1,,0.0,,False,[],True
6d180e2f586901ed,_Converted_/CSV/G/GoldStar/Unknown_Goldstar-VCR/110_-1.ir,110_-1,,0.0,,False,[],True
c5a9498253542bd3,_Converted_/CSV/G/GoldStar/Unknown_RN800AW/110_-1.ir,110_-1,Unknown_RN800AW,0.68,parent_directory,False,[],True
7b9a207682945c34,_Converted_/CSV/G/GoldStar/Unknown_VCR/110_-1.ir,110_-1,,0.0,,False,[],True
67fa8c45bde10aca,_Converted_/CSV/G/GoldStar/Unknown_cd/16_16.ir,16_16,,0.0,,False,[],True
f4bb44b743b90ff9,_Converted_/CSV/G/GoldStar/VCR/110_-1.ir,110_-1,,0.0,,False,[],True
e8229d49095ecd1b,_Converted_/CSV/G/Golden_Interstar/Sat/128_255.ir,128_255,,0.0,,False,[],True
a0b25cdb3b1d2cb7,_Converted_/CSV/G/Golden_Interstar/Unknown_Interstar/4_16.ir,4_16,,0.0,,False,[],True
08d7daa06137665a,_Converted_/CSV/G/Goldmund/CD_Player/20_-1.ir,20_-1,,0.0,,False,[],True
daa71db044111de6,_Converted_/CSV/G/Goodmans/Unknown_GDB/8_-1.ir,8_-1,,0.0,,False,[],True
f9ca7270cadbe072,_Converted_/CSV/G/Goodmans/Unknown_GDVD124/0_-1.ir,0_-1,Unknown_GDVD124,0.68,parent_directory,False,[],True
61f29c963ba3fcf6,_Converted_/CSV/G/Goodmans/Unknown_RC-BM/128_123.ir,128_123,,0.0,,False,[],True
7955109345f36fdc,_Converted_/CSV/G/Goodmans/Unknown_md305/135_108.ir,135_108,Unknown_md305,0.68,parent_directory,False,[],True
8296dbe99004483f,_Converted_/CSV/G/Govideo/Unknown_GoVideoD2730/8_230.ir,8_230,Unknown_GoVideoD2730,0.68,parent_directory,False,[],True
512951cf27d94993,_Converted_/CSV/G/Gradiente/Unknown_D-10/5_-1.ir,5_-1,Unknown_D-10,0.68,parent_directory,False,[],True
133ba166b8025bc6,_Converted_/CSV/G/Gradiente/Unknown_GSD-100/132_60.ir,132_60,Unknown_GSD-100,0.68,parent_directory,False,[],True
c03aa514a284c7e6,_Converted_/CSV/G/Gran_Prix/Unknown_prix/0_-1.ir,0_-1,,0.0,,False,[],True
5930f5a03f7633f2,_Converted_/CSV/G/Grand_Tech/Cable_Box/2_-1.ir,2_-1,,0.0,,False,[],True
6ebd71661d4f012e,_Converted_/CSV/G/Griffin/iPod/212_190.ir,212_190,,0.0,,False,[],True
0ea74c70de6150ab,_Converted_/CSV/G/Grundig/Satellite/1_-1.ir,1_-1,,0.0,,False,[],True
8d3327b3e76e8776,_Converted_/CSV/G/Grundig/Satellite/2_-1.ir,2_-1,,0.0,,False,[],True
1db612b26095043f,_Converted_/CSV/G/Grundig/Satellite/8_-1.ir,8_-1,,0.0,,False,[],True
ee21696c6c3726be,_Converted_/CSV/G/Grundig/TV/0_-1.ir,0_-1,,0.0,,False,[],True
af17bc50a22561b4,_Converted_/CSV/G/Grundig/Unknown_2500S/10_-1.ir,10_-1,Unknown_2500S,0.68,parent_directory,False,[],True
744480052d59deda,_Converted_/CSV/G/Grundig/Unknown_84D/128_-1.ir,128_-1,Unknown_84D,0.68,parent_directory,False,[],True
c5f86e6e8876a1fa,_Converted_/CSV/G/Grundig/Unknown_CDM700.cfg/162_162.ir,162_162,Unknown_CDM700.cfg,0.68,parent_directory,False,[],True
ee502465d5dcc446,_Converted_/CSV/G/Grundig/Unknown_Grundig-TP660/0_-1.ir,0_-1,Unknown_Grundig-TP660,0.68,parent_directory,False,[],True
faadb88958e7308a,_Converted_/CSV/G/Grundig/Unknown_RC-TP3/8_-1.ir,8_-1,Unknown_RC-TP3,0.68,parent_directory,False,[],True
63ccfa8e2fa9e9f5,_Converted_/CSV/G/Grundig/Unknown_RC8400CD/20_-1.ir,20_-1,Unknown_RC8400CD,0.68,parent_directory,False,[],True
08f110244c5b5206,_Converted_/CSV/G/Grundig/Unknown_RP/5_-1.ir,5_-1,,0.0,,False,[],True
ba815c24253f38bf,_Converted_/CSV/G/Grundig/Unknown_TP-750C/0_-1.ir,0_-1,Unknown_TP-750C,0.68,parent_directory,False,[],True
cf68a48f1cbe69a4,_Converted_/CSV/G/Grundig/Unknown_TP/0_-1.ir,0_-1,,0.0,,False,[],True
9df3e05c98cfdc81,_Converted_/CSV/G/Grundig/Unknown_UMS9V/162_162.ir,162_162,Unknown_UMS9V,0.68,parent_directory,False,[],True
b11c229f6488f896,_Converted_/CSV/G/Grundig/Unknown_rp700/5_-1.ir,5_-1,Unknown_rp700,0.68,parent_directory,False,[],True
47a4c3148b0f1871,_Converted_/CSV/G/Grundig/Unknown_tp621/1_-1.ir,1_-1,Unknown_tp621,0.68,parent_directory,False,[],True
c11121c2e1c9cc7f,_Converted_/CSV/G/Grundig/Video_Recorder/127_-1.ir,127_-1,,0.0,,False,[],True
c54f333526522cea,_Converted_/CSV/G/Gryphon/Integrated_Amplifier/16_-1.ir,16_-1,,0.0,,False,[],True
111612865ac3a4a4,_Converted_/CSV/G/Guillemot/Unknown_RemoteWizard-GN-263/134_107.ir,134_107,Unknown_RemoteWizard-GN-263,0.68,parent_directory,False,[],True
c07d6477de8683e2,_Converted_/CSV/H/HB/Unknown_DIGITAL/0_-1.ir,0_-1,,0.0,,False,[],True
9c68e9381b86d46f,_Converted_/CSV/H/HP/Unknown_465539-002/4_15.ir,4_15,Unknown_465539-002,0.68,parent_directory,False,[],True
aa9ddaa1a3655f02,_Converted_/CSV/H/HP/Unknown_DV4-1125NR/4_15.ir,4_15,Unknown_DV4-1125NR,0.68,parent_directory,False,[],True
6044351481305db2,_Converted_/CSV/H/HP/Unknown_DV6331/4_17.ir,4_17,Unknown_DV6331,0.68,parent_directory,False,[],True
c702525b221b6035,_Converted_/CSV/H/HP/Unknown_Pavilion/4_15.ir,4_15,,0.0,,False,[],True
720a23f7e43f3531,_Converted_/CSV/H/HP/Unknown_RC172308-01B/4_15.ir,4_15,Unknown_RC172308-01B,0.68,parent_directory,False,[],True
f320dd1acc89be38,_Converted_/CSV/H/HP/Unknown_RC1762302-00/4_17.ir,4_17,Unknown_RC1762302-00,0.68,parent_directory,False,[],True
a283733a3b9395b3,_Converted_/CSV/H/HP/Unknown_RC1762307-01/4_15.ir,4_15,Unknown_RC1762307-01,0.68,parent_directory,False,[],True
2b976ac3814c97b6,_Converted_/CSV/H/HP/Unknown_RC2234302-01B/4_15.ir,4_15,Unknown_RC2234302-01B,0.68,parent_directory,False,[],True
e0a7bb3e2027ed56,_Converted_/CSV/H/HQ/Unknown_RC/0_-1.ir,0_-1,,0.0,,False,[],True
46f3544398415651,_Converted_/CSV/H/HQV/Video_Processor/128_-1.ir,128_-1,,0.0,,False,[],True
7c3ea3412ab01f65,_Converted_/CSV/H/Hama/Unknown_Internet/0_-1.ir,0_-1,,0.0,,False,[],True
2376095f0a55ebae,_Converted_/CSV/H/Hama/Unknown_PhotoPlayer/134_107.ir,134_107,,0.0,,False,[],True
b41e9b21450ee714,_Converted_/CSV/H/Hampton_Bay/Unknown_Bay/129_102.ir,129_102,,0.0,,False,[],True
4cbd4817b17b8111,_Converted_/CSV/H/Harman_Kardon/Amplifier/128_112.ir,128_112,,0.0,,False,[],True
76fd6e33b0b4ce10,_Converted_/CSV/H/Harman_Kardon/Amplifier/130_114.ir,130_114,,0.0,,False,[],True
e3e9a8b33bc0e6ac,_Converted_/CSV/H/Harman_Kardon/Blu-Ray/132_116.ir,132_116,,0.0,,False,[],True
dd8bc6f1b7fe4b84,_Converted_/CSV/H/Harman_Kardon/CD-R/128_112.ir,128_112,,0.0,,False,[],True
8d75876aef210ba3,_Converted_/CSV/H/Harman_Kardon/CD_Changer/128_112.ir,128_112,,0.0,,False,[],True
7b03267f415e4471,_Converted_/CSV/H/Harman_Kardon/CD_Player/0_-1.ir,0_-1,,0.0,,False,[],True
e3aef3b11664cf22,_Converted_/CSV/H/Harman_Kardon/CD_Player/128_112.ir,128_112,,0.0,,False,[],True
4c48ea8dd1e09b0d,_Converted_/CSV/H/Harman_Kardon/CD_Player/131_74.ir,131_74,,0.0,,False,[],True
0dc5ec6aec9030b6,_Converted_/CSV/H/Harman_Kardon/Cassette_Tape/130_114.ir,130_114,,0.0,,False,[],True
8caad1c46d7a1db4,_Converted_/CSV/H/Harman_Kardon/DVD_Player/130_114.ir,130_114,,0.0,,False,[],True
69e0a45b09ac005f,_Converted_/CSV/H/Harman_Kardon/Pre-Amplifier/128_112.ir,128_112,,0.0,,False,[],True
bd0048b18e29c5e8,_Converted_/CSV/H/Harman_Kardon/Pre-Amplifier/130_114.ir,130_114,,0.0,,False,[],True
77095c6111cdb0cb,_Converted_/CSV/H/Harman_Kardon/Receiver/128_112.ir,128_112,,0.0,,False,[],True
76d002ae9ab8ef85,_Converted_/CSV/H/Harman_Kardon/Receiver/130_114.ir,130_114,,0.0,,False,[],True
29f44217a7274c83,_Converted_/CSV/H/Harman_Kardon/Receiver/132_116.ir,132_116,,0.0,,False,[],True
b622408a18af7d8f,_Converted_/CSV/H/Harman_Kardon/Receiver/132_66.ir,132_66,,0.0,,False,[],True
1e30866a748586f7,_Converted_/CSV/H/Harman_Kardon/Receiver/134_118.ir,134_118,,0.0,,False,[],True
6160ec7f5b43180d,_Converted_/CSV/H/Harman_Kardon/Receiver/161_-1.ir,161_-1,,0.0,,False,[],True
c736e9daf142d607,_Converted_/CSV/H/Harman_Kardon/Receiver/164_-1.ir,164_-1,,0.0,,False,[],True
3baec96d46e467a0,_Converted_/CSV/H/Harman_Kardon/Receiver/40_-1.ir,40_-1,,0.0,,False,[],True
a37ad7e5508cee4a,_Converted_/CSV/H/Harman_Kardon/Receiver/4_-1.ir,4_-1,,0.0,,False,[],True
49d85982b9839354,_Converted_/CSV/H/Harman_Kardon/Receiver/7_-1.ir,7_-1,,0.0,,False,[],True
fe3c4a2401bee7c9,_Converted_/CSV/H/Harman_Kardon/Surround_Processor/0_-1.ir,0_-1,,0.0,,False,[],True
3fb10e6ca316e8b3,_Converted_/CSV/H/Harman_Kardon/Surround_Processor/128_112.ir,128_112,,0.0,,False,[],True
ea69d07529fff65c,_Converted_/CSV/H/Harman_Kardon/Surround_Processor/12_-1.ir,12_-1,,0.0,,False,[],True
7f65b53055193afb,_Converted_/CSV/H/Harman_Kardon/Surround_Processor/130_114.ir,130_114,,0.0,,False,[],True
dc863f88f605f9f8,_Converted_/CSV/H/Harman_Kardon/Surround_Processor/16_-1.ir,16_-1,,0.0,,False,[],True
663f9078d95fa580,_Converted_/CSV/H/Harman_Kardon/Surround_Processor/17_-1.ir,17_-1,,0.0,,False,[],True
7b8bfac6330f0924,_Converted_/CSV/H/Harman_Kardon/Surround_Processor/18_-1.ir,18_-1,,0.0,,False,[],True
98306c1eed3040fb,_Converted_/CSV/H/Harman_Kardon/Surround_Processor/20_-1.ir,20_-1,,0.0,,False,[],True
ad7a41dda9f7aa27,_Converted_/CSV/H/Harman_Kardon/Surround_Processor/23_-1.ir,23_-1,,0.0,,False,[],True
54b541023a81af7c,_Converted_/CSV/H/Harman_Kardon/Surround_Processor/5_-1.ir,5_-1,,0.0,,False,[],True
88fb5bf74541fee6,_Converted_/CSV/H/Harman_Kardon/Surround_Processor/64_-1.ir,64_-1,,0.0,,False,[],True
d1e34826f097f941,_Converted_/CSV/H/Harman_Kardon/Surround_Processor/6_-1.ir,6_-1,,0.0,,False,[],True
1c13a2b3302c8afb,_Converted_/CSV/H/Harman_Kardon/Surround_Receiver/128_112.ir,128_112,,0.0,,False,[],True
d6214f4ad09e5863,_Converted_/CSV/H/Harman_Kardon/Surround_Receiver/130_114.ir,130_114,,0.0,,False,[],True
7a15778fe2087a96,_Converted_/CSV/H/Harman_Kardon/Tuner/0_-1.ir,0_-1,,0.0,,False,[],True
e3f014a70db09daf,_Converted_/CSV/H/Harman_Kardon/Tuner/128_112.ir,128_112,,0.0,,False,[],True
df9a6482322ded53,_Converted_/CSV/H/Harman_Kardon/Tuner/130_114.ir,130_114,,0.0,,False,[],True
5a9428720a8d8b38,_Converted_/CSV/H/Harman_Kardon/Unknown/130_114.ir,130_114,,0.0,,False,[],True
c78c0424562cd0e5,_Converted_/CSV/H/Harman_Kardon/Unknown_DVD/130_114.ir,130_114,,0.0,,False,[],True
02e8d25d3860aec1,_Converted_/CSV/H/Harman_Kardon/Unknown_HD730/131_74.ir,131_74,Unknown_HD730,0.68,parent_directory,False,[],True
17a2f3570293ad3d,_Converted_/CSV/H/Harman_Kardon/Unknown_Kardon-DVD/130_114.ir,130_114,,0.0,,False,[],True
4961ca2d15fefae8,_Converted_/CSV/H/Harman_Kardon/Unknown_harmankardon/128_112.ir,128_112,,0.0,,False,[],True
3b34b4355b95dead,_Converted_/CSV/H/Harman_Kardon/Video_Projector/0_-1.ir,0_-1,,0.0,,False,[],True
1e1ac81f217d4a92,_Converted_/CSV/H/Harman_Kardon/Video_Projector/1_-1.ir,1_-1,,0.0,,False,[],True
5c7fb117d1dacbd9,_Converted_/CSV/H/Harman_Kardon/Video_Projector/30_-1.ir,30_-1,,0.0,,False,[],True
90dd240ebd81bd0f,_Converted_/CSV/H/Harman_Kardon/Video_Projector/7_0.ir,7_0,,0.0,,False,[],True
5da17a5eac80d78d,_Converted_/CSV/H/Harman_Kardon/iPod/130_114.ir,130_114,,0.0,,False,[],True
2a12bf2659d7321b,_Converted_/CSV/H/Harman_Video/Video_Projector/1_-1.ir,1_-1,,0.0,,False,[],True
edbec4e0224c01ce,_Converted_/CSV/H/Harman_Video/Video_Projector/7_0.ir,7_0,,0.0,,False,[],True
2b03090feee17a6d,_Converted_/CSV/H/Harmony/PS3_Adaptor/11_-1.ir,11_-1,PS3_Adaptor,0.68,parent_directory,False,[],True
12759202db753c63,_Converted_/CSV/H/Hauppauge/Unknown_DSR-0095/29_-1.ir,29_-1,Unknown_DSR-0095,0.68,parent_directory,False,[],True
9eae205ae2601385,_Converted_/CSV/H/Hauppauge/Unknown_MVP/3_-1.ir,3_-1,,0.0,,False,[],True
ec06f324006a2302,_Converted_/CSV/H/Hauppauge/Unknown_R808/30_-1.ir,30_-1,Unknown_R808,0.68,parent_directory,False,[],True
4deba42b98804a62,_Converted_/CSV/H/Hauppauge/Unknown_WinTV-HVR-950Q/29_-1.ir,29_-1,Unknown_WinTV-HVR-950Q,0.68,parent_directory,False,[],True
0ed3c7defb40db59,_Converted_/CSV/H/Hauppauge/Unknown_WinTV-HVR/4_15.ir,4_15,,0.0,,False,[],True
41a9a4f940538f65,_Converted_/CSV/H/Hauppauge/Unknown_hauppauge-stb/5_-1.ir,5_-1,,0.0,,False,[],True
73b6c539fd526c82,_Converted_/CSV/H/Hello_Kitty/Unknown_Kitty/0_-1.ir,0_-1,,0.0,,False,[],True
5dbf0fbc08b1bb99,_Converted_/CSV/H/Herma/Dipper/5_-1.ir,5_-1,,0.0,,False,[],True
8014ee8194831ce0,_Converted_/CSV/H/Hermstedt/Unknown_Hifidelio/16_-1.ir,16_-1,,0.0,,False,[],True
77c8b28fcfde7652,_Converted_/CSV/H/Hewlett_Packard/Plasma/18_17.ir,18_17,,0.0,,False,[],True
321127faa3572388,_Converted_/CSV/H/Hewlett_Packard/Plasma/2_17.ir,2_17,,0.0,,False,[],True
ce5973f6e75fc291,_Converted_/CSV/H/Hewlett_Packard/TV/18_17.ir,18_17,,0.0,,False,[],True
0b9ed6fbb959cf5d,_Converted_/CSV/H/Hewlett_Packard/TV/2_17.ir,2_17,,0.0,,False,[],True
c71cad506e40058a,_Converted_/CSV/H/Hinen_Electronics/Unknown_Electronics/0_-1.ir,0_-1,,0.0,,False,[],True
8ec712524ca5e20f,_Converted_/CSV/H/Hip_Interactive/Unknown_GE1002/0_246.ir,0_246,Unknown_GE1002,0.68,parent_directory,False,[],True
7d20d55c68cddf60,_Converted_/CSV/H/Hirschmann/Satellite/32_255.ir,32_255,,0.0,,False,[],True
a29162f5364d84d2,_Converted_/CSV/H/Hirschmann/Unknown_RC426/54_-1.ir,54_-1,Unknown_RC426,0.68,parent_directory,False,[],True
d3e1f2ff5c408358,_Converted_/CSV/H/Hitachi/CD_Player/168_-1.ir,168_-1,,0.0,,False,[],True
553f37499d351a28,_Converted_/CSV/H/Hitachi/Cable_Box/80_-1.ir,80_-1,,0.0,,False,[],True
5dca72d2da5e1c26,_Converted_/CSV/H/Hitachi/DSS/12_251.ir,12_251,,0.0,,False,[],True
8022a75c3d463ca1,_Converted_/CSV/H/Hitachi/DSS/184_0.ir,184_0,,0.0,,False,[],True
a45012b1bc5286f7,_Converted_/CSV/H/Hitachi/DSS/3_-1.ir,3_-1,,0.0,,False,[],True
ca61affc873cf998,_Converted_/CSV/H/Hitachi/DSS/4_-1.ir,4_-1,,0.0,,False,[],True
67af4f71347f0ded,_Converted_/CSV/H/Hitachi/DSS/80_-1.ir,80_-1,,0.0,,False,[],True
68112abce7b12a8e,_Converted_/CSV/H/Hitachi/DSS/96_-1.ir,96_-1,,0.0,,False,[],True
d2b98c56eb5d572c,_Converted_/CSV/H/Hitachi/DSS/97_-1.ir,97_-1,,0.0,,False,[],True
98ea87d1d4609ce0,_Converted_/CSV/H/Hitachi/DVD_Player/102_0.ir,102_0,,0.0,,False,[],True
1981b627d3ee41c6,_Converted_/CSV/H/Hitachi/Display/80_-1.ir,80_-1,,0.0,,False,[],True
5343d5be9191064e,_Converted_/CSV/H/Hitachi/LCD/86_171.ir,86_171,,0.0,,False,[],True
9711aa81c782fc8b,_Converted_/CSV/H/Hitachi/Monitor/144_0.ir,144_0,,0.0,,False,[],True
52ef2ceecbda015a,_Converted_/CSV/H/Hitachi/Monitor/80_-1.ir,80_-1,,0.0,,False,[],True
a27b8a09be0975eb,_Converted_/CSV/H/Hitachi/Monitor/96_-1.ir,96_-1,,0.0,,False,[],True
97b281f8408674ce,_Converted_/CSV/H/Hitachi/Monitor/96_158.ir,96_158,,0.0,,False,[],True
b3c60f81d1ccc536,_Converted_/CSV/H/Hitachi/Monitor/97_-1.ir,97_-1,,0.0,,False,[],True
3100652134ba5661,_Converted_/CSV/H/Hitachi/Plasma/80_-1.ir,80_-1,,0.0,,False,[],True
7937757d0eabf243,_Converted_/CSV/H/Hitachi/Plasma/80_173.ir,80_173,,0.0,,False,[],True
d6ffe2e0efa7570e,_Converted_/CSV/H/Hitachi/TV/12_251.ir,12_251,,0.0,,False,[],True
787ae7b33470628c,_Converted_/CSV/H/Hitachi/TV/80_-1.ir,80_-1,,0.0,,False,[],True
9c8685e07fce2110,_Converted_/CSV/H/Hitachi/TV/80_143.ir,80_143,,0.0,,False,[],True
ea79b55c336cf66e,_Converted_/CSV/H/Hitachi/TV/80_173.ir,80_173,,0.0,,False,[],True
533bfb33f8d94931,_Converted_/CSV/H/Hitachi/TV/96_-1.ir,96_-1,,0.0,,False,[],True
51bb2fcf9ca42162,_Converted_/CSV/H/Hitachi/Unknown_CLE-941/80_-1.ir,80_-1,Unknown_CLE-941,0.68,parent_directory,False,[],True
483759d4f76e98c4,_Converted_/CSV/H/Hitachi/Unknown_CLE-947/80_-1.ir,80_-1,Unknown_CLE-947,0.68,parent_directory,False,[],True
d9c8d96484f49c14,_Converted_/CSV/H/Hitachi/Unknown_CP-X345/135_69.ir,135_69,Unknown_CP-X345,0.68,parent_directory,False,[],True
b4129e299fb90176,_Converted_/CSV/H/Hitachi/Unknown_DV-RM335E/128_35.ir,128_35,Unknown_DV-RM335E,0.68,parent_directory,False,[],True
94672886fae044b5,_Converted_/CSV/H/Hitachi/Unknown_FX7/91_-1.ir,91_-1,Unknown_FX7,0.68,parent_directory,False,[],True
c28f3abb7ca57849,_Converted_/CSV/H/Hitachi/Unknown_HFTV/71_-1.ir,71_-1,,0.0,,False,[],True
3d3614968cddedff,_Converted_/CSV/H/Hitachi/Unknown_Hitachi/1_-1.ir,1_-1,,0.0,,False,[],True
c4ead61cb20ffe02,_Converted_/CSV/H/Hitachi/Unknown_Hitachi/80_-1.ir,80_-1,,0.0,,False,[],True
c6377fd342f64162,_Converted_/CSV/H/Hitachi/Unknown_hitachi.conf/91_-1.ir,91_-1,,0.0,,False,[],True
6a1c0e830ca765c8,_Converted_/CSV/H/Hitachi/VCR/0_-1.ir,0_-1,,0.0,,False,[],True
91249d7013b9fdf2,_Converted_/CSV/H/Hitachi/VCR/40_-1.ir,40_-1,,0.0,,False,[],True
27aca1a6eb9f9de1,_Converted_/CSV/H/Hitachi/VCR/44_-1.ir,44_-1,,0.0,,False,[],True
6545e91be95193ff,_Converted_/CSV/H/Hitachi/VCR/5_1.ir,5_1,,0.0,,False,[],True
83928ff868255c4c,_Converted_/CSV/H/Hitachi/VCR/80_-1.ir,80_-1,,0.0,,False,[],True
dba05a9175332f21,_Converted_/CSV/H/Hitachi/VCR/83_-1.ir,83_-1,,0.0,,False,[],True
d3d3967925d35e5d,_Converted_/CSV/H/Hitachi/VCR/96_-1.ir,96_-1,,0.0,,False,[],True
322586e13ea78c16,_Converted_/CSV/H/Hitachi/VCR/96_158.ir,96_158,,0.0,,False,[],True
bb1cc1045049585a,_Converted_/CSV/H/Hitachi/VCR/97_-1.ir,97_-1,,0.0,,False,[],True
94abbde2004705ff,_Converted_/CSV/H/Hitachi/VCR/97_159.ir,97_159,,0.0,,False,[],True
47bc448940f8ecae,_Converted_/CSV/H/Hitachi/Video_Projector/135_69.ir,135_69,,0.0,,False,[],True
3167776938def544,_Converted_/CSV/H/Hitachi/Video_Projector/80_-1.ir,80_-1,,0.0,,False,[],True
59ec6b95af6a5148,_Converted_/CSV/H/Hiteker/DVD_Player/0_-1.ir,0_-1,,0.0,,False,[],True
66cea68060b6ef01,_Converted_/CSV/H/Hivion/Unknown_SAT/64_64.ir,64_64,,0.0,,False,[],True
fd1c2c84799b382f,_Converted_/CSV/H/Hokkaido/Unknown_Airconditioner/77_178.ir,77_178,,0.0,,False,[],True
c40d06ebfe86b17b,_Converted_/CSV/H/Homecast/Satellite_Receiver/1_-1.ir,1_-1,,0.0,,False,[],True
0019922ebdd4261c,_Converted_/CSV/H/Homecast/Unknown_DVB-S/32_32.ir,32_32,,0.0,,False,[],True
f3edc078e0fecf9b,_Converted_/CSV/H/Homecast/Unknown_DVB-T/64_64.ir,64_64,,0.0,,False,[],True
afcfa795fe8d5942,_Converted_/CSV/H/Hughes/DSS/12_-1.ir,12_-1,,0.0,,False,[],True
2439b771dd8cd76a,_Converted_/CSV/H/Hughes/DSS/12_251.ir,12_251,,0.0,,False,[],True
ab2baeadd80ce599,_Converted_/CSV/H/Hughes/DSS/133_48.ir,133_48,,0.0,,False,[],True
4f93bd1cc29fc77c,_Converted_/CSV/H/Hughes/DSS/136_-1.ir,136_-1,,0.0,,False,[],True
ef3f170ab4ea62f0,_Converted_/CSV/H/Hughes/DSS/1_-1.ir,1_-1,,0.0,,False,[],True
cc60fdb2a01405c8,_Converted_/CSV/H/Hughes/DSS/4_-1.ir,4_-1,,0.0,,False,[],True
83b273a232af6873,_Converted_/CSV/H/Hughes/DSS/60_178.ir,60_178,,0.0,,False,[],True
4bc15f24d106f348,_Converted_/CSV/H/Hughes/DSS/71_-1.ir,71_-1,,0.0,,False,[],True
45960734a8b23b17,_Converted_/CSV/H/Hughes/DVR/12_-1.ir,12_-1,,0.0,,False,[],True
b16755757606fde6,_Converted_/CSV/H/Hughes/DVR/133_48.ir,133_48,,0.0,,False,[],True
6f456c61b3cd3abb,_Converted_/CSV/H/Hughes/HD_Satellite_HD_Tivo/133_48.ir,133_48,,0.0,,False,[],True
d2376bb4b73a3870,_Converted_/CSV/H/Hughes/HD_with_TiVo/133_48.ir,133_48,,0.0,,False,[],True
50a87b8a4c05a0cf,_Converted_/CSV/H/Hughes/Satellite/12_-1.ir,12_-1,,0.0,,False,[],True
50673b7c77751b0f,_Converted_/CSV/H/Hughes/Satellite/12_251.ir,12_251,,0.0,,False,[],True
8cf17c7fd4d43754,_Converted_/CSV/H/Hughes/Satellite/133_48.ir,133_48,,0.0,,False,[],True
1f3f620f0d8d1f7c,_Converted_/CSV/H/Hughes/Satellite/136_-1.ir,136_-1,,0.0,,False,[],True
dc66bb16398754c4,_Converted_/CSV/H/Hughes/Satellite/1_-1.ir,1_-1,,0.0,,False,[],True
c362d9b84a76c8a8,_Converted_/CSV/H/Hughes/Satellite/4_-1.ir,4_-1,,0.0,,False,[],True
43d53c164864f42b,_Converted_/CSV/H/Hughes/Satellite/60_178.ir,60_178,,0.0,,False,[],True
f6d8fdae895a6072,_Converted_/CSV/H/Hughes/Satellite/71_-1.ir,71_-1,,0.0,,False,[],True
76e833d5d6d59483,_Converted_/CSV/H/Hughes/TiVo/133_48.ir,133_48,,0.0,,False,[],True
4972c350f63ec26f,_Converted_/CSV/H/Hughes/Unknown_DSS/12_251.ir,12_251,,0.0,,False,[],True
685ede2c16a34680,_Converted_/CSV/H/Hughes/Unknown_HRMC-8/12_251.ir,12_251,Unknown_HRMC-8,0.68,parent_directory,False,[],True
78b71dad160f162c,_Converted_/CSV/H/Hughes/Unknown_b2/12_251.ir,12_251,Unknown_b2,0.68,parent_directory,False,[],True
8c823217a22c9daa,_Converted_/CSV/H/Hughes/VCR/96_-1.ir,96_-1,,0.0,,False,[],True
a0e738ae7814fb4a,_Converted_/CSV/H/Hughes/VCR/97_-1.ir,97_-1,,0.0,,False,[],True
a9cbbe5d0cf2978e,_Converted_/CSV/H/Humax/Com_Hem_Box/0_16.ir,0_16,,0.0,,False,[],True
38fdc80e9494f084,_Converted_/CSV/H/Humax/HDTV_Tuner/0_16.ir,0_16,,0.0,,False,[],True
85ce012f9bd7b3f4,_Converted_/CSV/H/Humax/HDTV_Tuner/0_48.ir,0_48,,0.0,,False,[],True
5c441b7c97e03406,_Converted_/CSV/H/Humax/HDTV_Tuner/0_65.ir,0_65,,0.0,,False,[],True
898cf25d4fddd8f8,_Converted_/CSV/H/Humax/HDTV_Tuner/0_73.ir,0_73,,0.0,,False,[],True
55f265f76f5737c6,_Converted_/CSV/H/Humax/Satellite/0_17.ir,0_17,,0.0,,False,[],True
5688859d43d23169,_Converted_/CSV/H/Humax/Satellite/0_23.ir,0_23,,0.0,,False,[],True
d8a4db9e58ce4ec8,_Converted_/CSV/H/Humax/Satellite/0_73.ir,0_73,,0.0,,False,[],True
adf88513694e0b15,_Converted_/CSV/H/Humax/Tivo_DVD/133_48.ir,133_48,,0.0,,False,[],True
31ae74f7902bf046,_Converted_/CSV/H/Humax/Unknown_F1CI/0_16.ir,0_16,Unknown_F1CI,0.68,parent_directory,False,[],True
c8368107a7105912,_Converted_/CSV/H/Humax/Unknown_HUMAX/0_16.ir,0_16,,0.0,,False,[],True
8fa4b6509ede00db,_Converted_/CSV/H/Humax/Unknown_Humax-5400IRCI/0_16.ir,0_16,Unknown_Humax-5400IRCI,0.68,parent_directory,False,[],True
69682d5144d57168,_Converted_/CSV/H/Humax/Unknown_Humax-RC-536P/2_23.ir,2_23,Unknown_Humax-RC-536P,0.68,parent_directory,False,[],True
6b952cce2f35e47a,_Converted_/CSV/H/Humax/Unknown_RS-521/0_16.ir,0_16,Unknown_RS-521,0.68,parent_directory,False,[],True
eb1c135bb1f1db27,_Converted_/CSV/H/Humax/Unknown_lircd.conf/0_16.ir,0_16,,0.0,,False,[],True
c0bd07deea2f8e97,_Converted_/CSV/H/Hyundai/Unknown_H-DVD5038N/0_251.ir,0_251,Unknown_H-DVD5038N,0.68,parent_directory,False,[],True
fd936ffcaaacd22e,_Converted_/CSV/H/Hyundai/Unknown_l17t/170_3.ir,170_3,Unknown_l17t,0.68,parent_directory,False,[],True
465b3143135feaaa,_Converted_/CSV/H/huth/Unknown_prof/15_1.ir,15_1,,0.0,,False,[],True
8886cb35188841ea,_Converted_/CSV/I/I-O_Data/DVD_Player/8_230.ir,8_230,,0.0,,False,[],True
b441d584118be345,_Converted_/CSV/I/I24/Unknown_I24/0_-1.ir,0_-1,,0.0,,False,[],True
3b987d78173eacb1,_Converted_/CSV/I/IR4PS3/Blu-Ray/26_35.ir,26_35,,0.0,,False,[],True
1ff784bd0934057f,_Converted_/CSV/I/ITT/Unknown_ITT/49_-1.ir,49_-1,,0.0,,False,[],True
20056abd52900da7,_Converted_/CSV/I/ITT/Unknown_ITTNOKIA/49_-1.ir,49_-1,,0.0,,False,[],True
036c6223956d8587,_Converted_/CSV/I/ITT/Unknown_RC40/49_-1.ir,49_-1,Unknown_RC40,0.68,parent_directory,False,[],True
1e99145a5ee9c1f0,_Converted_/CSV/I/ITT/Unknown_RC51/49_-1.ir,49_-1,Unknown_RC51,0.68,parent_directory,False,[],True
fa91299aaa36b7ff,_Converted_/CSV/I/Illusion/Unknown_M3/22_-1.ir,22_-1,Unknown_M3,0.68,parent_directory,False,[],True
0d4ce5ace2fa0976,_Converted_/CSV/I/Imerge/Digital_Jukebox/14_-1.ir,14_-1,,0.0,,False,[],True
5299e98e5eca3025,_Converted_/CSV/I/Imerge/Digital_Jukebox/161_-1.ir,161_-1,,0.0,,False,[],True
9c678b02b6bb4a60,_Converted_/CSV/I/Imerge/Digital_Jukebox/162_-1.ir,162_-1,,0.0,,False,[],True
bff3fc0156637fc2,_Converted_/CSV/I/Imerge/Digital_Jukebox/163_-1.ir,163_-1,,0.0,,False,[],True
92659a796d479c2f,_Converted_/CSV/I/Imerge/Digital_Jukebox/164_-1.ir,164_-1,,0.0,,False,[],True
5c6fc91c6fbe523d,_Converted_/CSV/I/Imerge/Digital_Jukebox/165_-1.ir,165_-1,,0.0,,False,[],True
12ef86a72e0e4733,_Converted_/CSV/I/Imerge/Digital_Jukebox/166_-1.ir,166_-1,,0.0,,False,[],True
e1a003c77862b8bf,_Converted_/CSV/I/Imerge/Digital_Jukebox/191_-1.ir,191_-1,,0.0,,False,[],True
3dd9d66933e8919e,_Converted_/CSV/I/Imerge/Digital_Jukebox/255_-1.ir,255_-1,,0.0,,False,[],True
cb5cd42e34b91b5c,_Converted_/CSV/I/InFocus/DLP_Projector/15_-1.ir,15_-1,,0.0,,False,[],True
d433291ff21a1952,_Converted_/CSV/I/InFocus/Plasma/7_-1.ir,7_-1,,0.0,,False,[],True
6b627deba2d4557f,_Converted_/CSV/I/InFocus/Projector/135_78.ir,135_78,,0.0,,False,[],True
754a78db6ceae567,_Converted_/CSV/I/InFocus/Unknown_InFocus-SP8600/49_-1.ir,49_-1,Unknown_InFocus-SP8600,0.68,parent_directory,False,[],True
ac3656ec5bd99c70,_Converted_/CSV/I/InFocus/Unknown_ScreenPlay/135_78.ir,135_78,,0.0,,False,[],True
f3ad3fb8f2976af0,_Converted_/CSV/I/InFocus/Unknown_remote/135_78.ir,135_78,,0.0,,False,[],True
d8b1202cf98b2c3b,_Converted_/CSV/I/InFocus/Video_Projector/123_2.ir,123_2,,0.0,,False,[],True
c4bd9ce6b0c54a2c,_Converted_/CSV/I/InFocus/Video_Projector/131_85.ir,131_85,,0.0,,False,[],True
3866c2ee8e639640,_Converted_/CSV/I/InFocus/Video_Projector/135_78.ir,135_78,,0.0,,False,[],True
2478a1334a6d5899,_Converted_/CSV/I/InFocus/Video_Projector/15_-1.ir,15_-1,,0.0,,False,[],True
dbaf83da91ff6ff6,_Converted_/CSV/I/InFocus/Video_Projector/1_-1.ir,1_-1,,0.0,,False,[],True
a5107b2bc7d97204,_Converted_/CSV/I/InFocus/Video_Projector/2_1.ir,2_1,,0.0,,False,[],True
fbeac3017f6c14e7,_Converted_/CSV/I/InFocus/Video_Projector/78_135.ir,78_135,,0.0,,False,[],True
9c280de7a4d557b7,_Converted_/CSV/I/InFocus/Video_Projector/80_79.ir,80_79,,0.0,,False,[],True
646e656e486a0249,_Converted_/CSV/I/Insignia/Blu-Ray/133_237.ir,133_237,,0.0,,False,[],True
6f5e2a8cddf178e6,_Converted_/CSV/I/Insignia/Blu-Ray/135_34.ir,135_34,,0.0,,False,[],True
91173c49460d437e,_Converted_/CSV/I/Insignia/DVD_Player/135_34.ir,135_34,,0.0,,False,[],True
1c003e9eaadae8c0,_Converted_/CSV/I/Insignia/TV/134_5.ir,134_5,,0.0,,False,[],True
177e21cb2828e48f,_Converted_/CSV/I/Insignia/Unknown_WIR147002-8301/67_71.ir,67_71,Unknown_WIR147002-8301,0.68,parent_directory,False,[],True
d331ddcaec15a63a,_Converted_/CSV/I/Instant_Replay/VCR/25_-1.ir,25_-1,,0.0,,False,[],True
4bb0474d6dc379ef,_Converted_/CSV/I/Instant_Replay/VCR/2_-1.ir,2_-1,,0.0,,False,[],True
c03b22d73031b558,_Converted_/CSV/I/Instant_Replay/VCR/3_-1.ir,3_-1,,0.0,,False,[],True
fb6d9450aa1e8722,_Converted_/CSV/I/Instant_Replay/VCR/96_-1.ir,96_-1,,0.0,,False,[],True
84ce0af0f5a2cc88,_Converted_/CSV/I/Instant_Replay/VCR/97_-1.ir,97_-1,,0.0,,False,[],True
ae575c43e3ed7458,_Converted_/CSV/I/Integra/Amplifier/210_109.ir,210_109,,0.0,,False,[],True
ce5e2d982ec3b6a4,_Converted_/CSV/I/Integra/Amplifier/71_-1.ir,71_-1,,0.0,,False,[],True
19301cd08063dfde,_Converted_/CSV/I/Integra/Blu-Ray/210_31.ir,210_31,,0.0,,False,[],True
6796a6619ea486bb,_Converted_/CSV/I/Integra/CD_Player/210_44.ir,210_44,,0.0,,False,[],True
a431f09fe1862cdc,_Converted_/CSV/I/Integra/DVD_Player/210_31.ir,210_31,,0.0,,False,[],True
3ff47f12dc739d61,_Converted_/CSV/I/Integra/DVD_Player/210_43.ir,210_43,,0.0,,False,[],True
825f45d52a4426e8,_Converted_/CSV/I/Integra/DVD_Player/69_181.ir,69_181,,0.0,,False,[],True
e1eb5454072a2bfc,_Converted_/CSV/I/Integra/Digital_Audio/210_3.ir,210_3,,0.0,,False,[],True
334327010187883f,_Converted_/CSV/I/Integra/Digital_Audio/210_4.ir,210_4,,0.0,,False,[],True
95c92d238e755b93,_Converted_/CSV/I/Integra/Digital_Audio/210_9.ir,210_9,,0.0,,False,[],True
8ad07d110a62311f,_Converted_/CSV/I/Integra/HD_DVD/69_181.ir,69_181,,0.0,,False,[],True
533f138f1fe3501b,_Converted_/CSV/I/Integra/Integrated_Amplifier/210_109.ir,210_109,,0.0,,False,[],True
9fcc371ec7402844,_Converted_/CSV/I/Integra/Integrated_Amplifier/71_-1.ir,71_-1,,0.0,,False,[],True
1fab53e0a2c017d7,_Converted_/CSV/I/Integra/Media_PC/4_15.ir,4_15,,0.0,,False,[],True
22f029411a3eb054,_Converted_/CSV/I/Integra/Pre-Amplifier/210_108.ir,210_108,,0.0,,False,[],True
130b1720c4d9d2e1,_Converted_/CSV/I/Integra/Pre-Amplifier/210_109.ir,210_109,,0.0,,False,[],True
5c977f7358a0543a,_Converted_/CSV/I/Integra/Pre-Amplifier/210_172.ir,210_172,,0.0,,False,[],True
e19187681ec8f4b3,_Converted_/CSV/I/Integra/Pre-Amplifier/210_2.ir,210_2,,0.0,,False,[],True
333bb805a26560ae,_Converted_/CSV/I/Integra/Pre-Amplifier/210_25.ir,210_25,,0.0,,False,[],True
e636e13a771538d6,_Converted_/CSV/I/Integra/Pre-Amplifier/210_30.ir,210_30,,0.0,,False,[],True
b4d142dcd3060d64,_Converted_/CSV/I/Integra/Receiver/210_1.ir,210_1,,0.0,,False,[],True
216ad06b62e35790,_Converted_/CSV/I/Integra/Receiver/210_108.ir,210_108,,0.0,,False,[],True
86edf81df5064e1d,_Converted_/CSV/I/Integra/Receiver/210_109.ir,210_109,,0.0,,False,[],True
bd4d77f0bda26b0b,_Converted_/CSV/I/Integra/Receiver/210_17.ir,210_17,,0.0,,False,[],True
e1976886353b13d4,_Converted_/CSV/I/Integra/Receiver/210_172.ir,210_172,,0.0,,False,[],True
3502fe87e9f4e2ff,_Converted_/CSV/I/Integra/Receiver/210_18.ir,210_18,,0.0,,False,[],True
bd40d68905e631c4,_Converted_/CSV/I/Integra/Receiver/210_19.ir,210_19,,0.0,,False,[],True
4e132ac43896f54f,_Converted_/CSV/I/Integra/Receiver/210_2.ir,210_2,,0.0,,False,[],True
445cfe319e1e778f,_Converted_/CSV/I/Integra/Receiver/210_20.ir,210_20,,0.0,,False,[],True
91721a64010b7642,_Converted_/CSV/I/Integra/Receiver/210_21.ir,210_21,,0.0,,False,[],True
2121db662c76d309,_Converted_/CSV/I/Integra/Receiver/210_22.ir,210_22,,0.0,,False,[],True
08e1f493fb42e70c,_Converted_/CSV/I/Integra/Receiver/210_23.ir,210_23,,0.0,,False,[],True
577c28396095d6f3,_Converted_/CSV/I/Integra/Receiver/210_24.ir,210_24,,0.0,,False,[],True
850eadaee94bd80a,_Converted_/CSV/I/Integra/Receiver/210_25.ir,210_25,,0.0,,False,[],True
96adb0c5ef4d80c3,_Converted_/CSV/I/Integra/Receiver/210_30.ir,210_30,,0.0,,False,[],True
97a3b3b972edda2d,_Converted_/CSV/I/Integra/Receiver/210_43.ir,210_43,,0.0,,False,[],True
8ad3474432051ea1,_Converted_/CSV/I/Integra/Tuner/210_109.ir,210_109,,0.0,,False,[],True
3320942dcc996dd9,_Converted_/CSV/I/Integra/Tuner/210_2.ir,210_2,,0.0,,False,[],True
e7e743f975cb833b,_Converted_/CSV/I/Integra/iPod/210_108.ir,210_108,,0.0,,False,[],True
225f8923a59b8ba1,_Converted_/CSV/I/Integra/iPod/210_109.ir,210_109,,0.0,,False,[],True
a1cb8a6a547a7796,_Converted_/CSV/I/Integra/iPod/210_172.ir,210_172,,0.0,,False,[],True
4ad9eaf93bfc4ab1,_Converted_/CSV/I/Integra/iPod/210_2.ir,210_2,,0.0,,False,[],True
5477b3bfe537d08a,_Converted_/CSV/I/IntelliNet_Controls/Distributed_Audio/0_90.ir,0_90,,0.0,,False,[],True
fdad757455a10e57,_Converted_/CSV/I/Interact/Unknown_I-22121/0_-1.ir,0_-1,Unknown_I-22121,0.68,parent_directory,False,[],True
9ada6f0b3703fbf7,_Converted_/CSV/I/Intervideo/VCR/49_-1.ir,49_-1,,0.0,,False,[],True
36ee30c9b88e1764,_Converted_/CSV/I/Intervision/Unknown_Intervision/134_107.ir,134_107,,0.0,,False,[],True
30b69bff7b3acf72,_Converted_/CSV/I/Irradio/3331_DVB-T/1_254.ir,1_254,3331_DVB-T,0.68,parent_directory,False,[],True
67a90b46d98501f0,_Converted_/CSV/I/Irradio/Unknown_IrradioHIFI1300V/162_162.ir,162_162,Unknown_IrradioHIFI1300V,0.68,parent_directory,False,[],True
0371bff103236dc7,_Converted_/CSV/I/iPort/MP3_Player/1_222.ir,1_222,MP3_Player,0.68,parent_directory,False,[],True
42a44acff4b4a595,_Converted_/CSV/I/iPort/iPod/1_222.ir,1_222,,0.0,,False,[],True
b8fb2749bdf64324,_Converted_/CSV/I/iPort/iPort/1_222.ir,1_222,,0.0,,False,[],True
7a3f3c474f882cb9,_Converted_/CSV/I/imon/Unknown_MultiMedian/6_-1.ir,6_-1,,0.0,,False,[],True
f92193b476009b02,_Converted_/CSV/I/ione/Unknown_remote/0_-1.ir,0_-1,,0.0,,False,[],True
0d745ce74fd9219c,_Converted_/CSV/I/italtel/Unknown_italtel/1_-1.ir,1_-1,,0.0,,False,[],True
02fcc91bd4d40cb7,_Converted_/CSV/J/JBL/Receiver/64_47.ir,64_47,,0.0,,False,[],True
db7027ca2486de4c,_Converted_/CSV/J/JBL/Surround_Processor/130_11.ir,130_11,,0.0,,False,[],True
0ee7f5221af10ec2,_Converted_/CSV/J/JBL/Surround_Processor/132_66.ir,132_66,,0.0,,False,[],True
0c24ce8709209028,_Converted_/CSV/J/JBL/Surround_Processor/28_-1.ir,28_-1,,0.0,,False,[],True
09ab7c978e641c32,_Converted_/CSV/J/JENSEN/VCR/1_-1.ir,1_-1,,0.0,,False,[],True
90a6902bcf9525d8,_Converted_/CSV/J/JVC/CD_Jukebox/179_0.ir,179_0,,0.0,,False,[],True
157c1691a4b5b09b,_Converted_/CSV/J/JVC/CD_Jukebox/34_33.ir,34_33,,0.0,,False,[],True
c2e83dad00f1b207,_Converted_/CSV/J/JVC/CD_Jukebox/34_48.ir,34_48,,0.0,,False,[],True
4b3b8d86c4083171,_Converted_/CSV/J/JVC/CD_Player/179_-1.ir,179_-1,,0.0,,False,[],True
e6de5d116c8fc0dc,_Converted_/CSV/J/JVC/CD_Player/179_0.ir,179_0,,0.0,,False,[],True
eb7051aba0f61132,_Converted_/CSV/J/JVC/CD_Player/34_33.ir,34_33,,0.0,,False,[],True
8c80e11a33816493,_Converted_/CSV/J/JVC/CD_Player/34_48.ir,34_48,,0.0,,False,[],True
b8d550f2d7aa5b8b,_Converted_/CSV/J/JVC/Camcorder/211_-1.ir,211_-1,,0.0,,False,[],True
2a4c84a254644c5d,_Converted_/CSV/J/JVC/Camcorder/67_-1.ir,67_-1,,0.0,,False,[],True
bcd7ca11a1643baf,_Converted_/CSV/J/JVC/Cassette_Tape/131_-1.ir,131_-1,,0.0,,False,[],True
6161ee313410fc81,_Converted_/CSV/J/JVC/D-VHS/67_-1.ir,67_-1,,0.0,,False,[],True
a875b583232275c5,_Converted_/CSV/J/JVC/DVD_Player/179_-1.ir,179_-1,,0.0,,False,[],True
e20f0ef1a8a436fd,_Converted_/CSV/J/JVC/DVD_Player/239_-1.ir,239_-1,,0.0,,False,[],True
33bb722dafdaa6c0,_Converted_/CSV/J/JVC/DVD_Player/26_-1.ir,26_-1,,0.0,,False,[],True
48fa6260a9e3d0a3,_Converted_/CSV/J/JVC/DVD_Recorder/111_-1.ir,111_-1,,0.0,,False,[],True
e0a7fb6610c2af65,_Converted_/CSV/J/JVC/HD-ILA_Projection/115_-1.ir,115_-1,,0.0,,False,[],True
2389f2430decb7dd,_Converted_/CSV/J/JVC/HD-ILA_Projection/15_-1.ir,15_-1,,0.0,,False,[],True
a4f6f579ca495127,_Converted_/CSV/J/JVC/HD-ILA_Projection/3_-1.ir,3_-1,,0.0,,False,[],True
1a6a379c595a33f0,_Converted_/CSV/J/JVC/HD-ILA_Projection/67_-1.ir,67_-1,,0.0,,False,[],True
235818f04aceea6e,_Converted_/CSV/J/JVC/Karaoke/179_-1.ir,179_-1,,0.0,,False,[],True
84e059d693e520c8,_Converted_/CSV/J/JVC/Karaoke/191_-1.ir,191_-1,,0.0,,False,[],True
fc3ca7dc07c765e6,_Converted_/CSV/J/JVC/Karaoke/3_-1.ir,3_-1,,0.0,,False,[],True
0e3f893ec3f53683,_Converted_/CSV/J/JVC/LCD/15_-1.ir,15_-1,,0.0,,False,[],True
a06de76b8f88b986,_Converted_/CSV/J/JVC/LCD/35_-1.ir,35_-1,,0.0,,False,[],True
3e9fae95c4a13b66,_Converted_/CSV/J/JVC/LCD/3_-1.ir,3_-1,,0.0,,False,[],True
0392645c273061ae,_Converted_/CSV/J/JVC/LCD/67_-1.ir,67_-1,,0.0,,False,[],True
6a9ade450986b4d1,_Converted_/CSV/J/JVC/LCD_TV/3_-1.ir,3_-1,,0.0,,False,[],True
a7673aa05de2dc9f,_Converted_/CSV/J/JVC/Mini_System/131_-1.ir,131_-1,,0.0,,False,[],True
b319877491c10724,_Converted_/CSV/J/JVC/Mini_System/159_-1.ir,159_-1,,0.0,,False,[],True
bcf7ada43b94064c,_Converted_/CSV/J/JVC/Mini_System/163_-1.ir,163_-1,,0.0,,False,[],True
1ed0c88091492ace,_Converted_/CSV/J/JVC/Mini_System/175_-1.ir,175_-1,,0.0,,False,[],True
e858ee5a10054877,_Converted_/CSV/J/JVC/Mini_System/179_-1.ir,179_-1,,0.0,,False,[],True
c6eff23d0ceb518b,_Converted_/CSV/J/JVC/Mini_System/31_-1.ir,31_-1,,0.0,,False,[],True
7c74bb087b40263d,_Converted_/CSV/J/JVC/Monitor/3_-1.ir,3_-1,,0.0,,False,[],True
16b6115b5e8e3860,_Converted_/CSV/J/JVC/Monitor/67_-1.ir,67_-1,,0.0,,False,[],True
8d0d6968b244cb77,_Converted_/CSV/J/JVC/Plasma/31_-1.ir,31_-1,,0.0,,False,[],True
80499aa2f692e88f,_Converted_/CSV/J/JVC/Projector/115_-1.ir,115_-1,,0.0,,False,[],True
e6a10bb1263c65eb,_Converted_/CSV/J/JVC/Receiver/121_-1.ir,121_-1,,0.0,,False,[],True
5d312d094bf30ac7,_Converted_/CSV/J/JVC/Receiver/131_-1.ir,131_-1,,0.0,,False,[],True
f62a6e4b74d5fa66,_Converted_/CSV/J/JVC/Receiver/147_-1.ir,147_-1,,0.0,,False,[],True
3da2ab22bb1e9d45,_Converted_/CSV/J/JVC/Receiver/159_-1.ir,159_-1,,0.0,,False,[],True
7c6ee21d355798b8,_Converted_/CSV/J/JVC/Receiver/163_-1.ir,163_-1,,0.0,,False,[],True
d8eb674b5c7f08f7,_Converted_/CSV/J/JVC/Receiver/175_-1.ir,175_-1,,0.0,,False,[],True
29a01633cd36a5b3,_Converted_/CSV/J/JVC/Receiver/179_-1.ir,179_-1,,0.0,,False,[],True
8bfd6cd70dbd24f1,_Converted_/CSV/J/JVC/Receiver/191_-1.ir,191_-1,,0.0,,False,[],True
e47312f00992e5c1,_Converted_/CSV/J/JVC/Receiver/1_-1.ir,1_-1,,0.0,,False,[],True
28d873f0c9f1e6a5,_Converted_/CSV/J/JVC/Receiver/239_-1.ir,239_-1,,0.0,,False,[],True
eea2ca9e925372ac,_Converted_/CSV/J/JVC/Receiver/34_84.ir,34_84,,0.0,,False,[],True
288654c1d099ffe2,_Converted_/CSV/J/JVC/Receiver/3_-1.ir,3_-1,,0.0,,False,[],True
3f252cd3083ce4da,_Converted_/CSV/J/JVC/Receiver/67_-1.ir,67_-1,,0.0,,False,[],True
dfc998101eef613b,_Converted_/CSV/J/JVC/Receiver/83_-1.ir,83_-1,,0.0,,False,[],True
135d1c1a95ef882f,_Converted_/CSV/J/JVC/S-VHS/67_-1.ir,67_-1,,0.0,,False,[],True
d5e38e77fbb83b59,_Converted_/CSV/J/JVC/Satellite/0_0.ir,0_0,,0.0,,False,[],True
2bc33d2e81d5b093,_Converted_/CSV/J/JVC/Satellite/16_0.ir,16_0,,0.0,,False,[],True
d0c1ea7f4e67ad91,_Converted_/CSV/J/JVC/Satellite/24_0.ir,24_0,,0.0,,False,[],True
6cb1551eec249abd,_Converted_/CSV/J/JVC/Satellite/8_0.ir,8_0,,0.0,,False,[],True
968da8b1eb08fa79,_Converted_/CSV/J/JVC/Switcher/243_-1.ir,243_-1,,0.0,,False,[],True
27495c7cd98f8bdf,_Converted_/CSV/J/JVC/TV/15_-1.ir,15_-1,,0.0,,False,[],True
ef90ae41d98f2106,_Converted_/CSV/J/JVC/TV/31_-1.ir,31_-1,,0.0,,False,[],True
673ab3a1d7f11481,_Converted_/CSV/J/JVC/TV/3_-1.ir,3_-1,,0.0,,False,[],True
d73097b39bf5711f,_Converted_/CSV/J/JVC/TV/67_-1.ir,67_-1,,0.0,,False,[],True
b8897d2364bb2e15,_Converted_/CSV/J/JVC/Tuner/131_-1.ir,131_-1,,0.0,,False,[],True
1987a81005c0d2e1,_Converted_/CSV/J/JVC/Tuner/147_-1.ir,147_-1,,0.0,,False,[],True
9da634ab96433023,_Converted_/CSV/J/JVC/Tuner/163_-1.ir,163_-1,,0.0,,False,[],True
e7a2b85dc50a21c4,_Converted_/CSV/J/JVC/Tuner/179_-1.ir,179_-1,,0.0,,False,[],True
6672b1c58bf0dc32,_Converted_/CSV/J/JVC/Tuner/3_-1.ir,3_-1,,0.0,,False,[],True
35d47a17c8d2d7c5,_Converted_/CSV/J/JVC/Tuner/67_-1.ir,67_-1,,0.0,,False,[],True
35127e2ff5771cf1,_Converted_/CSV/J/JVC/Unknown_440/179_-1.ir,179_-1,Unknown_440,0.68,parent_directory,False,[],True
9f08d4ab6743c59a,_Converted_/CSV/J/JVC/Unknown_JVC-RM-C475W/3_-1.ir,3_-1,Unknown_JVC-RM-C475W,0.68,parent_directory,False,[],True
b6638419275638f4,_Converted_/CSV/J/JVC/Unknown_JVC/159_-1.ir,159_-1,,0.0,,False,[],True
e7eb73f599accb6e,_Converted_/CSV/J/JVC/Unknown_JvcDishPlayer500/3_0.ir,3_0,Unknown_JvcDishPlayer500,0.68,parent_directory,False,[],True
2f8b93cadd646394,_Converted_/CSV/J/JVC/Unknown_LP20106-002/67_-1.ir,67_-1,Unknown_LP20106-002,0.68,parent_directory,False,[],True
ead677b0e7ddc164,_Converted_/CSV/J/JVC/Unknown_PQ10543/83_-1.ir,83_-1,Unknown_PQ10543,0.68,parent_directory,False,[],True
ab1cb4ab1c451deb,_Converted_/CSV/J/JVC/Unknown_RM-C1251G/3_-1.ir,3_-1,Unknown_RM-C1251G,0.68,parent_directory,False,[],True
b0b9946d8895f652,_Converted_/CSV/J/JVC/Unknown_RM-C360/3_-1.ir,3_-1,Unknown_RM-C360,0.68,parent_directory,False,[],True
755083c5f233a703,_Converted_/CSV/J/JVC/Unknown_RM-C410/3_-1.ir,3_-1,Unknown_RM-C410,0.68,parent_directory,False,[],True
e27b3da1c7e4e930,_Converted_/CSV/J/JVC/Unknown_RM-C462/3_-1.ir,3_-1,Unknown_RM-C462,0.68,parent_directory,False,[],True
beddf1cd17eb376f,_Converted_/CSV/J/JVC/Unknown_RM-C530/3_-1.ir,3_-1,Unknown_RM-C530,0.68,parent_directory,False,[],True
a65070deb6ee79f6,_Converted_/CSV/J/JVC/Unknown_RM-C670/3_-1.ir,3_-1,Unknown_RM-C670,0.68,parent_directory,False,[],True
a8bfa3233efff12d,_Converted_/CSV/J/JVC/Unknown_RM-C678/3_-1.ir,3_-1,Unknown_RM-C678,0.68,parent_directory,False,[],True
1aba703e16bc2c53,_Converted_/CSV/J/JVC/Unknown_RM-RK50/143_-1.ir,143_-1,Unknown_RM-RK50,0.68,parent_directory,False,[],True
47a039aa199082f4,_Converted_/CSV/J/JVC/Unknown_RM-RK60/143_-1.ir,143_-1,Unknown_RM-RK60,0.68,parent_directory,False,[],True
297d5c1eb9861fbb,_Converted_/CSV/J/JVC/Unknown_RM-RX130/159_-1.ir,159_-1,Unknown_RM-RX130,0.68,parent_directory,False,[],True
16f0d152adbb0612,_Converted_/CSV/J/JVC/Unknown_RM-RX250/159_-1.ir,159_-1,Unknown_RM-RX250,0.68,parent_directory,False,[],True
d3c7bb7ddb71e02b,_Converted_/CSV/J/JVC/Unknown_RM-RXU1/159_-1.ir,159_-1,Unknown_RM-RXU1,0.68,parent_directory,False,[],True
c7f5dcc99c6bc54f,_Converted_/CSV/J/JVC/Unknown_RM-RXUA4/159_-1.ir,159_-1,Unknown_RM-RXUA4,0.68,parent_directory,False,[],True
023036f4ce94e770,_Converted_/CSV/J/JVC/Unknown_RM-RXUT200R/159_-1.ir,159_-1,Unknown_RM-RXUT200R,0.68,parent_directory,False,[],True
bb586d200cbdcd84,_Converted_/CSV/J/JVC/Unknown_RM-SMXJ100E/0_4.ir,0_4,Unknown_RM-SMXJ100E,0.68,parent_directory,False,[],True
2a2dc3d1c582a687,_Converted_/CSV/J/JVC/Unknown_RM-SX263U/179_-1.ir,179_-1,Unknown_RM-SX263U,0.68,parent_directory,False,[],True
71e10dea14d305f9,_Converted_/CSV/J/JVC/Unknown_RM-SXVS40A/239_-1.ir,239_-1,Unknown_RM-SXVS40A,0.68,parent_directory,False,[],True
24f78497982bc882,_Converted_/CSV/J/JVC/Unknown_RM-V1E/67_-1.ir,67_-1,Unknown_RM-V1E,0.68,parent_directory,False,[],True
5dde43ef1d5c2ed3,_Converted_/CSV/J/JVC/Unknown_RM-V718U/211_-1.ir,211_-1,Unknown_RM-V718U,0.68,parent_directory,False,[],True
e2648efa5464f19a,_Converted_/CSV/J/JVC/Unknown_RM-V730U/223_-1.ir,223_-1,Unknown_RM-V730U,0.68,parent_directory,False,[],True
086dd894bdc8576c,_Converted_/CSV/J/JVC/Unknown_SXV037J/239_-1.ir,239_-1,Unknown_SXV037J,0.68,parent_directory,False,[],True
d1b75cfec7618683,_Converted_/CSV/J/JVC/Unknown_jvc-lp20465-005-vcr/67_-1.ir,67_-1,Unknown_jvc-lp20465-005-vcr,0.68,parent_directory,False,[],True
eafa5d77e342b34f,_Converted_/CSV/J/JVC/Unknown_remote/159_-1.ir,159_-1,,0.0,,False,[],True
17f0e4da16fe94ca,_Converted_/CSV/J/JVC/Unknown_rm-c241/3_-1.ir,3_-1,Unknown_rm-c241,0.68,parent_directory,False,[],True
218b4405741d1a4d,_Converted_/CSV/J/JVC/Unknown_sw/243_-1.ir,243_-1,,0.0,,False,[],True
733d3a337e640da3,_Converted_/CSV/J/JVC/VCR/0_14.ir,0_14,,0.0,,False,[],True
c37f977226fa1b5e,_Converted_/CSV/J/JVC/VCR/131_-1.ir,131_-1,,0.0,,False,[],True
ae2a4dbc31652f63,_Converted_/CSV/J/JVC/VCR/163_-1.ir,163_-1,,0.0,,False,[],True
0db2e8e0388f8c05,_Converted_/CSV/J/JVC/VCR/179_-1.ir,179_-1,,0.0,,False,[],True
a80c73f92dafefba,_Converted_/CSV/J/JVC/VCR/1_-1.ir,1_-1,,0.0,,False,[],True
c9dedde83e96b3a7,_Converted_/CSV/J/JVC/VCR/1_14.ir,1_14,,0.0,,False,[],True
9929c6137238f5ef,_Converted_/CSV/J/JVC/VCR/3_-1.ir,3_-1,,0.0,,False,[],True
8949dc09680b2d2a,_Converted_/CSV/J/JVC/VCR/5_1.ir,5_1,,0.0,,False,[],True
62db38d6170e5fe8,_Converted_/CSV/J/JVC/VCR/64_-1.ir,64_-1,,0.0,,False,[],True
d1f2f9507d4141d6,_Converted_/CSV/J/JVC/VCR/67_-1.ir,67_-1,,0.0,,False,[],True
29daeb6d8b7c2909,_Converted_/CSV/J/JVC/VCR/80_-1.ir,80_-1,,0.0,,False,[],True
656c6b0fbec6dbf1,_Converted_/CSV/J/JVC/VCR/83_-1.ir,83_-1,,0.0,,False,[],True
6a2ea222263a2fe1,_Converted_/CSV/J/JVC/VCR/8_14.ir,8_14,,0.0,,False,[],True
a1ce0d956cc34b18,_Converted_/CSV/J/JVC/Video_Projector/115_-1.ir,115_-1,,0.0,,False,[],True
a340f719defba5b5,_Converted_/CSV/J/JVC/Video_Projector/131_85.ir,131_85,,0.0,,False,[],True
63d1df91750cedbf,_Converted_/CSV/J/JVC/Video_Switcher/243_-1.ir,243_-1,,0.0,,False,[],True
7e72dbdb8f2c60b4,_Converted_/CSV/J/Jamo/DVD_Receiver/25_-1.ir,25_-1,,0.0,,False,[],True
3bca34459b39f842,_Converted_/CSV/J/Jerrold/Cable_Box/0_-1.ir,0_-1,,0.0,,False,[],True
d0b36e19a5b69311,_Converted_/CSV/J/Jerrold/Cable_Box/1_-1.ir,1_-1,,0.0,,False,[],True
9b09c8476d723aca,_Converted_/CSV/J/Jerrold/Unknown_550-osd/0_-1.ir,0_-1,Unknown_550-osd,0.68,parent_directory,False,[],True
08274678f65d6298,_Converted_/CSV/J/Jerrold/Unknown_CFT2000/0_-1.ir,0_-1,Unknown_CFT2000,0.68,parent_directory,False,[],True
33c4d72575055ac9,_Converted_/CSV/J/Jerrold/Unknown_MRC/-1_-1.ir,-1_-1,,0.0,,False,[],True
e9d1770e17b403f1,_Converted_/CSV/J/Jerrold/Unknown_RC-OSD/0_-1.ir,0_-1,,0.0,,False,[],True
92ab8db7d9125e85,_Converted_/CSV/K/KAWA/Unknown_TV/11_11.ir,11_11,,0.0,,False,[],True
293d10dda5656cd4,_Converted_/CSV/K/KENMORE/Unknown_253-79081/8_245.ir,8_245,Unknown_253-79081,0.68,parent_directory,False,[],True
a6195ac9d7cb536c,_Converted_/CSV/K/KEY_DIGITAL/Component_Switcher/130_19.ir,130_19,,0.0,,False,[],True
7497792e8b58f8b9,_Converted_/CSV/K/KEY_DIGITAL/Matrix_Switcher/130_19.ir,130_19,,0.0,,False,[],True
80bd766b70249e50,_Converted_/CSV/K/KEY_DIGITAL/Matrix_Switcher/132_-1.ir,132_-1,,0.0,,False,[],True
c84652bae00de572,_Converted_/CSV/K/KEY_DIGITAL/Matrix_Switcher/27_-1.ir,27_-1,,0.0,,False,[],True
7aa01b581fd45019,_Converted_/CSV/K/KEY_DIGITAL/Switcher/130_19.ir,130_19,,0.0,,False,[],True
59695b75dcede1a9,_Converted_/CSV/K/KEY_DIGITAL/Video_Switcher/130_19.ir,130_19,,0.0,,False,[],True
b2d27c4cbdf2dddc,_Converted_/CSV/K/KEY_DIGITAL/Video_Switcher/132_-1.ir,132_-1,,0.0,,False,[],True
5a86b9e27cb4c1e2,_Converted_/CSV/K/KEY_DIGITAL/Video_Switcher/27_-1.ir,27_-1,,0.0,,False,[],True
e587ecc46150ec49,_Converted_/CSV/K/Kaleidescape/DVD_Player/69_-1.ir,69_-1,,0.0,,False,[],True
8f22eb2c609f3e1c,_Converted_/CSV/K/Kaleidescape/Distributed/69_-1.ir,69_-1,,0.0,,False,[],True
4cc365658f59d681,_Converted_/CSV/K/Kaon/Unknown_KSC-i260MCO/32_8.ir,32_8,Unknown_KSC-i260MCO,0.68,parent_directory,False,[],True
0892089a8300e625,_Converted_/CSV/K/Kaon/Unknown_KTF-100CO/32_8.ir,32_8,Unknown_KTF-100CO,0.68,parent_directory,False,[],True
9153c72abab9daba,_Converted_/CSV/K/Kaon/Unknown_KTF-I2001CO/32_8.ir,32_8,Unknown_KTF-I2001CO,0.68,parent_directory,False,[],True
9597ccee2f0a5407,_Converted_/CSV/K/Kathrein/DVBS-Receiver/34_144.ir,34_144,,0.0,,False,[],True
4b11bfe4e2cba9b8,_Converted_/CSV/K/Kathrein/Satellite/0_-1.ir,0_-1,,0.0,,False,[],True
fd6c54da61101b45,_Converted_/CSV/K/Kathrein/Satellite/34_144.ir,34_144,,0.0,,False,[],True
80799b6e95a9592f,_Converted_/CSV/K/Kathrein/Unknown_KathreinUFD400/0_-1.ir,0_-1,Unknown_KathreinUFD400,0.68,parent_directory,False,[],True
f016b093aeb83d41,_Converted_/CSV/K/Kensington/MP3_Player/51_170.ir,51_170,MP3_Player,0.68,parent_directory,False,[],True
551949bba0acc98a,_Converted_/CSV/K/Kensington/iPod Dock/51_170.ir,51_170,,0.0,,False,[],True
96190df46452f61d,_Converted_/CSV/K/Kenwood/Amplifier/184_0.ir,184_0,,0.0,,False,[],True
2b478a5009662ded,_Converted_/CSV/K/Kenwood/Amplifier/184_1.ir,184_1,,0.0,,False,[],True
4b239cde0c6e4c4d,_Converted_/CSV/K/Kenwood/Amplifier/184_2.ir,184_2,,0.0,,False,[],True
f88c97879506b524,_Converted_/CSV/K/Kenwood/Amplifier/184_4.ir,184_4,,0.0,,False,[],True
35ade4a83d3d7fad,_Converted_/CSV/K/Kenwood/Amplifier/184_7.ir,184_7,,0.0,,False,[],True
de33a224f0eb08c3,_Converted_/CSV/K/Kenwood/CD_Changer/182_-1.ir,182_-1,,0.0,,False,[],True
511b11dbfc989e02,_Converted_/CSV/K/Kenwood/CD_Changer/182_72.ir,182_72,,0.0,,False,[],True
77c879e278520925,_Converted_/CSV/K/Kenwood/CD_Changer/184_-1.ir,184_-1,,0.0,,False,[],True
af88a1e2fdf94b93,_Converted_/CSV/K/Kenwood/CD_Player/182_-1.ir,182_-1,,0.0,,False,[],True
30d42b3ca3be564c,_Converted_/CSV/K/Kenwood/CD_Player/182_0.ir,182_0,,0.0,,False,[],True
1f9cdae3cfa82271,_Converted_/CSV/K/Kenwood/CD_Player/184_-1.ir,184_-1,,0.0,,False,[],True
82d83027cbc3ecea,_Converted_/CSV/K/Kenwood/Cassette_Tape/184_-1.ir,184_-1,,0.0,,False,[],True
4ad0aa4223ae3e72,_Converted_/CSV/K/Kenwood/DVD_Changer/182_0.ir,182_0,,0.0,,False,[],True
ec29330532ba64a8,_Converted_/CSV/K/Kenwood/DVD_Changer/182_12.ir,182_12,,0.0,,False,[],True
a970a86b24f6afae,_Converted_/CSV/K/Kenwood/DVD_Player/182_0.ir,182_0,,0.0,,False,[],True
9602c89e7d122a5b,_Converted_/CSV/K/Kenwood/DVD_Player/182_12.ir,182_12,,0.0,,False,[],True
1a26a50b07afecde,_Converted_/CSV/K/Kenwood/DVD_Player/182_88.ir,182_88,,0.0,,False,[],True
9cb97cb82d161b0a,_Converted_/CSV/K/Kenwood/DVD_Player/184_0.ir,184_0,,0.0,,False,[],True
2521ab1e792e02f1,_Converted_/CSV/K/Kenwood/Laser_Disc/182_75.ir,182_75,,0.0,,False,[],True
21e33ee30890a258,_Converted_/CSV/K/Kenwood/Pre-Amplifier/182_75.ir,182_75,,0.0,,False,[],True
2e617641e7435528,_Converted_/CSV/K/Kenwood/Pre-Amplifier/184_-1.ir,184_-1,,0.0,,False,[],True
128b73c0c880f5bf,_Converted_/CSV/K/Kenwood/Pre-Amplifier/184_1.ir,184_1,,0.0,,False,[],True
2157e77367143608,_Converted_/CSV/K/Kenwood/Receiver/12_-1.ir,12_-1,,0.0,,False,[],True
8c6b891e89b6169c,_Converted_/CSV/K/Kenwood/Receiver/182_75.ir,182_75,,0.0,,False,[],True
64a1d3e4e88912ba,_Converted_/CSV/K/Kenwood/Receiver/184_-1.ir,184_-1,,0.0,,False,[],True
9c7681adc313bd88,_Converted_/CSV/K/Kenwood/Receiver/184_0.ir,184_0,,0.0,,False,[],True
a955e75d000fae09,_Converted_/CSV/K/Kenwood/Receiver/184_1.ir,184_1,,0.0,,False,[],True
45988ca39bb99ed1,_Converted_/CSV/K/Kenwood/Receiver/184_2.ir,184_2,,0.0,,False,[],True
f084492b09716d1c,_Converted_/CSV/K/Kenwood/Receiver/184_3.ir,184_3,,0.0,,False,[],True
6998df3cd25d89e6,_Converted_/CSV/K/Kenwood/Receiver/184_4.ir,184_4,,0.0,,False,[],True
69e6f665c9975c05,_Converted_/CSV/K/Kenwood/Receiver/184_5.ir,184_5,,0.0,,False,[],True
058eb76b8704e14d,_Converted_/CSV/K/Kenwood/Receiver/184_6.ir,184_6,,0.0,,False,[],True
5cf9d64007a9caf9,_Converted_/CSV/K/Kenwood/Receiver/184_7.ir,184_7,,0.0,,False,[],True
01df3263b7205523,_Converted_/CSV/K/Kenwood/Receiver/1_-1.ir,1_-1,,0.0,,False,[],True
afe53095dd1d9b46,_Converted_/CSV/K/Kenwood/Receiver/25_-1.ir,25_-1,,0.0,,False,[],True
4d3f09790c60d28b,_Converted_/CSV/K/Kenwood/Receiver/40_-1.ir,40_-1,,0.0,,False,[],True
0d5b3b430ff86d6f,_Converted_/CSV/K/Kenwood/Receiver/4_-1.ir,4_-1,,0.0,,False,[],True
cf2a1fc6361a28b3,_Converted_/CSV/K/Kenwood/Satellite_Radio/2_255.ir,2_255,,0.0,,False,[],True
cb793d7103418e30,_Converted_/CSV/K/Kenwood/Sirius/2_255.ir,2_255,,0.0,,False,[],True
5555fa880d8c1ccd,_Converted_/CSV/K/Kenwood/Tuner/182_75.ir,182_75,,0.0,,False,[],True
a70e42554622d269,_Converted_/CSV/K/Kenwood/Tuner/184_-1.ir,184_-1,,0.0,,False,[],True
6b3ab258d1b23dbc,_Converted_/CSV/K/Kenwood/Tuner/184_1.ir,184_1,,0.0,,False,[],True
b5b6e62eac54f363,_Converted_/CSV/K/Kenwood/Unknown_RC-160/184_-1.ir,184_-1,Unknown_RC-160,0.68,parent_directory,False,[],True
7faaca50c8ae9674,_Converted_/CSV/K/Kenwood/Unknown_RC-A0400/184_-1.ir,184_-1,Unknown_RC-A0400,0.68,parent_directory,False,[],True
f8e7859424bde5cc,_Converted_/CSV/K/Kenwood/Unknown_RC-D0705.conf/182_12.ir,182_12,Unknown_RC-D0705.conf,0.68,parent_directory,False,[],True
39bff64931c21a44,_Converted_/CSV/K/Kenwood/Unknown_RC-M0301/182_4.ir,182_4,Unknown_RC-M0301,0.68,parent_directory,False,[],True
5a5c150437f0cac4,_Converted_/CSV/K/Kenwood/Unknown_RC-M0701/182_4.ir,182_4,Unknown_RC-M0701,0.68,parent_directory,False,[],True
9f991bc4071158d1,_Converted_/CSV/K/Kenwood/Unknown_RC-P030/182_-1.ir,182_-1,Unknown_RC-P030,0.68,parent_directory,False,[],True
6c30c0194b8687b6,_Converted_/CSV/K/Kenwood/Unknown_RC-P0400/182_-1.ir,182_-1,Unknown_RC-P0400,0.68,parent_directory,False,[],True
b5835715604ebced,_Converted_/CSV/K/Kenwood/Unknown_RC-P070/182_-1.ir,182_-1,Unknown_RC-P070,0.68,parent_directory,False,[],True
219d95c1f2c35868,_Converted_/CSV/K/Kenwood/Unknown_RC-P0702/182_-1.ir,182_-1,Unknown_RC-P0702,0.68,parent_directory,False,[],True
bbf7f7691a6c32d9,_Converted_/CSV/K/Kenwood/Unknown_RC-P0715/182_-1.ir,182_-1,Unknown_RC-P0715,0.68,parent_directory,False,[],True
8735535b38b3b460,_Converted_/CSV/K/Kenwood/Unknown_RC-P2030/182_-1.ir,182_-1,Unknown_RC-P2030,0.68,parent_directory,False,[],True
d7c40d9eacaba138,_Converted_/CSV/K/Kenwood/Unknown_RC-P600/182_-1.ir,182_-1,Unknown_RC-P600,0.68,parent_directory,False,[],True
b533fc90e6c08d26,_Converted_/CSV/K/Kenwood/Unknown_RC-R0311E/44_44.ir,44_44,Unknown_RC-R0311E,0.68,parent_directory,False,[],True
93d07bf67380e0af,_Converted_/CSV/K/Kenwood/Unknown_RC-RO503/184_-1.ir,184_-1,Unknown_RC-RO503,0.68,parent_directory,False,[],True
a38d0317779ea3fd,_Converted_/CSV/K/Kenwood/Unknown_rc-p800/182_-1.ir,182_-1,Unknown_rc-p800,0.68,parent_directory,False,[],True
715592ac296ccba1,_Converted_/CSV/K/Kenwood/Unknown_rc-p87/182_-1.ir,182_-1,Unknown_rc-p87,0.68,parent_directory,False,[],True
61cd56724f5d9e19,_Converted_/CSV/K/Kenwood/VCR/184_-1.ir,184_-1,,0.0,,False,[],True
9476fc7e04ebd138,_Converted_/CSV/K/Kenwood/VCR/184_1.ir,184_1,,0.0,,False,[],True
ebd39aedb1b26653,_Converted_/CSV/K/Khl/Unknown_REC-R3000/65_-1.ir,65_-1,Unknown_REC-R3000,0.68,parent_directory,False,[],True
f2f0f5769b7b2997,_Converted_/CSV/K/Kinergetics_Research/Pre-Amplifier/28_-1.ir,28_-1,,0.0,,False,[],True
fc8b2f285ea54ad6,_Converted_/CSV/K/Kinergetics_Research/Receiver/0_-1.ir,0_-1,,0.0,,False,[],True
13c1cac29ddff7cc,_Converted_/CSV/K/Kinergetics_Research/Surround_Processor/7_-1.ir,7_-1,,0.0,,False,[],True
8f6ab4363ef387a1,_Converted_/CSV/K/Kingbox/h265/1_254.ir,1_254,h265,0.68,parent_directory,False,[],True
9f0b3317bed1cc31,_Converted_/CSV/K/Kiss/Unknown_DP-1500s/25_-1.ir,25_-1,Unknown_DP-1500s,0.68,parent_directory,False,[],True
7eae970614105466,_Converted_/CSV/K/Klipsch/Subwoofer/17_81.ir,17_81,,0.0,,False,[],True
cb98f9a37d0872dc,_Converted_/CSV/K/Knoll/Video_Projector/24_233.ir,24_233,,0.0,,False,[],True
e6a449599f3dd3e3,_Converted_/CSV/K/Konka/Unknown_KK-Y199/25_1.ir,25_1,Unknown_KK-Y199,0.68,parent_directory,False,[],True
f28044ef59bada8c,_Converted_/CSV/K/Konka/Unknown_KK-Y250A/25_1.ir,25_1,Unknown_KK-Y250A,0.68,parent_directory,False,[],True
d2d438646f0106f1,_Converted_/CSV/K/Krell/CD_Player/16_-1.ir,16_-1,,0.0,,False,[],True
8195bd027d5702a9,_Converted_/CSV/K/Krell/CD_Player/20_-1.ir,20_-1,,0.0,,False,[],True
dc4384f0128e5ded,_Converted_/CSV/K/Krell/DVD_Player/27_-1.ir,27_-1,,0.0,,False,[],True
16d53489cc3b5df7,_Converted_/CSV/K/Krell/Pre-Amplifier/16_-1.ir,16_-1,,0.0,,False,[],True
17e52fe892e389bc,_Converted_/CSV/K/Krell/Pre-Amplifier/25_-1.ir,25_-1,,0.0,,False,[],True
1087617a134716c5,_Converted_/CSV/K/Krell/Pre-Amplifier/28_-1.ir,28_-1,,0.0,,False,[],True
76c2d3d41f9d21d2,_Converted_/CSV/K/Krell/Receiver/28_-1.ir,28_-1,,0.0,,False,[],True
a6b7dd0eccc5becc,_Converted_/CSV/K/Krell/Receiver/31_-1.ir,31_-1,,0.0,,False,[],True
c4b616239d0d6bdc,_Converted_/CSV/K/Krell/Surround_Processor/16_-1.ir,16_-1,,0.0,,False,[],True
187f3d144734a93f,_Converted_/CSV/K/Krell/Surround_Processor/25_-1.ir,25_-1,,0.0,,False,[],True
a914d26d9d8cc843,_Converted_/CSV/K/Krell/Surround_Processor/28_-1.ir,28_-1,,0.0,,False,[],True
1663ef1b1177a1eb,_Converted_/CSV/K/Krell/Surround_Processor/31_-1.ir,31_-1,,0.0,,False,[],True
4be4d2fa569f9d1c,_Converted_/CSV/K/Kworld/Unknown_ATSC/0_251.ir,0_251,,0.0,,False,[],True
f5dcc6b4cc12e99c,_Converted_/CSV/K/Kworld/Unknown_DVB-T/134_107.ir,134_107,,0.0,,False,[],True
0296a8a6066ae2e5,_Converted_/CSV/K/Kworld/Unknown_KWorld-DVBT-220/0_251.ir,0_251,Unknown_KWorld-DVBT-220,0.68,parent_directory,False,[],True
9b76084f5f60602c,_Converted_/CSV/K/Kworld/Unknown_KWorld-DVBT-PE310/0_251.ir,0_251,Unknown_KWorld-DVBT-PE310,0.68,parent_directory,False,[],True
e32a72b2bbf499be,_Converted_/CSV/K/Kworld/Unknown_VS-PRV-TV/134_107.ir,134_107,,0.0,,False,[],True
82d3be0c28f02882,_Converted_/CSV/K/Kyocera/CD_Player/119_-1.ir,119_-1,,0.0,,False,[],True
39a7cd04f1cd19cb,_Converted_/CSV/K/kendo/Unknown_RC-610/134_124.ir,134_124,Unknown_RC-610,0.68,parent_directory,False,[],True
7f3a1a851f24828f,_Converted_/CSV/K/konig/Unknown_konig/128_99.ir,128_99,,0.0,,False,[],True
2b2ab8d14dad6fe7,_Converted_/CSV/K/kosmos/Unknown_kosmos/8_-1.ir,8_-1,,0.0,,False,[],True
8593d2c91f653577,_Converted_/CSV/L/LEMON/Unknown_LEMON/7_-1.ir,7_-1,,0.0,,False,[],True
42b52394893ebc5c,_Converted_/CSV/L/LG/Blu-Ray/45_45.ir,45_45,,0.0,,False,[],True
49e57d0a9e8716b0,_Converted_/CSV/L/LG/DVD_Player/16_16.ir,16_16,,0.0,,False,[],True
69ababdcf8025b9b,_Converted_/CSV/L/LG/DVD_Player/44_44.ir,44_44,,0.0,,False,[],True
fabf62e87a44cbda,_Converted_/CSV/L/LG/DVD_Player/45_45.ir,45_45,,0.0,,False,[],True
2898e26f2a53e540,_Converted_/CSV/L/LG/DVR/45_45.ir,45_45,,0.0,,False,[],True
12f76a0eb3bc9911,_Converted_/CSV/L/LG/HDTV_Tuner/247_-1.ir,247_-1,,0.0,,False,[],True
3478859242b41b5e,_Converted_/CSV/L/LG/Plasma/1_1.ir,1_1,,0.0,,False,[],True
d853d22b0270de89,_Converted_/CSV/L/LG/Plasma/4_-1.ir,4_-1,,0.0,,False,[],True
398478e7227f9e24,_Converted_/CSV/L/LG/Satellite/247_-1.ir,247_-1,,0.0,,False,[],True
93d3e03e830d3c84,_Converted_/CSV/L/LG/Sound_Bar/44_44.ir,44_44,,0.0,,False,[],True
a097fb3fdf68983b,_Converted_/CSV/L/LG/TV/1_1.ir,1_1,,0.0,,False,[],True
7629ef37b88ddd9f,_Converted_/CSV/L/LG/TV/4_-1.ir,4_-1,,0.0,,False,[],True
eaac1852bb64d9e5,_Converted_/CSV/L/LG/Unknown_42H3000/4_-1.ir,4_-1,Unknown_42H3000,0.68,parent_directory,False,[],True
a0d9498096b56a5f,_Converted_/CSV/L/LG/Unknown_6710CDAP01B/44_44.ir,44_44,Unknown_6710CDAP01B,0.68,parent_directory,False,[],True
e7ace3e4dd83a9ca,_Converted_/CSV/L/LG/Unknown_6710T00009B/4_-1.ir,4_-1,Unknown_6710T00009B,0.68,parent_directory,False,[],True
c7c0201f975656fb,_Converted_/CSV/L/LG/Unknown_6710V00067G/0_-1.ir,0_-1,Unknown_6710V00067G,0.68,parent_directory,False,[],True
2c443126be7ef8b9,_Converted_/CSV/L/LG/Unknown_6710V00070A/0_-1.ir,0_-1,Unknown_6710V00070A,0.68,parent_directory,False,[],True
4ba7e198c5fc1cd8,_Converted_/CSV/L/LG/Unknown_6710V00090D/0_-1.ir,0_-1,Unknown_6710V00090D,0.68,parent_directory,False,[],True
6eff71aaa4100b55,_Converted_/CSV/L/LG/Unknown_6710V00090N/4_-1.ir,4_-1,Unknown_6710V00090N,0.68,parent_directory,False,[],True
fae3af862dd93e54,_Converted_/CSV/L/LG/Unknown_6710V00091N/4_-1.ir,4_-1,Unknown_6710V00091N,0.68,parent_directory,False,[],True
be8541f8f6acfc3b,_Converted_/CSV/L/LG/Unknown_6710V00133A/4_-1.ir,4_-1,Unknown_6710V00133A,0.68,parent_directory,False,[],True
5a176145b21b30c5,_Converted_/CSV/L/LG/Unknown_AKB69680403/4_-1.ir,4_-1,Unknown_AKB69680403,0.68,parent_directory,False,[],True
31152585a50a2423,_Converted_/CSV/L/LG/Unknown_AKB72915207/4_-1.ir,4_-1,Unknown_AKB72915207,0.68,parent_directory,False,[],True
dfd4c67f3bdd77ba,_Converted_/CSV/L/LG/Unknown_AKB73715601/4_-1.ir,4_-1,Unknown_AKB73715601,0.68,parent_directory,False,[],True
680dcc60c7ae0544,_Converted_/CSV/L/LG/Unknown_BC205P/110_-1.ir,110_-1,Unknown_BC205P,0.68,parent_directory,False,[],True
21e2a0e464a56b0b,_Converted_/CSV/L/LG/Unknown_BD300/45_45.ir,45_45,Unknown_BD300,0.68,parent_directory,False,[],True
dc97885696d69fe2,_Converted_/CSV/L/LG/Unknown_CC470TW/110_-1.ir,110_-1,Unknown_CC470TW,0.68,parent_directory,False,[],True
c31cced423a6dd73,_Converted_/CSV/L/LG/Unknown_LG-AKB69680403/4_-1.ir,4_-1,Unknown_LG-AKB69680403,0.68,parent_directory,False,[],True
f84a41004150a6ee,_Converted_/CSV/L/LG/Unknown_LG-EV230/110_-1.ir,110_-1,Unknown_LG-EV230,0.68,parent_directory,False,[],True
0a62a93560898354,_Converted_/CSV/L/LG/Unknown_LG.6710V00005G/110_-1.ir,110_-1,Unknown_LG.6710V00005G,0.68,parent_directory,False,[],True
29fc2c8a5d28449b,_Converted_/CSV/L/LG/Unknown_LG.6710V00008K/4_-1.ir,4_-1,Unknown_LG.6710V00008K,0.68,parent_directory,False,[],True
7490d87dd9cc2ac8,_Converted_/CSV/L/LG/Unknown_LG/110_-1.ir,110_-1,,0.0,,False,[],True
d2a2307a80290187,_Converted_/CSV/L/LG/Unknown_MKJ40653807/4_-1.ir,4_-1,Unknown_MKJ40653807,0.68,parent_directory,False,[],True
71c72f4d38751518,_Converted_/CSV/L/LG/Unknown_MKJ61842704/4_-1.ir,4_-1,Unknown_MKJ61842704,0.68,parent_directory,False,[],True
b9111d7acb07ffb6,_Converted_/CSV/L/LG/Unknown_PBAFA0189A/110_-1.ir,110_-1,Unknown_PBAFA0189A,0.68,parent_directory,False,[],True
76101e0dee636e49,_Converted_/CSV/L/LP_Morgan/Screen/0_-1.ir,0_-1,,0.0,,False,[],True
e51ecda24fdd0a55,_Converted_/CSV/L/LXI/TV/4_-1.ir,4_-1,,0.0,,False,[],True
314715e1b498a209,_Converted_/CSV/L/L_S/Unknown_30755/5_-1.ir,5_-1,Unknown_30755,0.68,parent_directory,False,[],True
736138cfe45cf74b,_Converted_/CSV/L/L_S/Unknown_LS/164_164.ir,164_164,,0.0,,False,[],True
6caf2aabce0411fd,_Converted_/CSV/L/Lacie/Unknown_Lacie/64_64.ir,64_64,,0.0,,False,[],True
7537d74c497dc997,_Converted_/CSV/L/Lacie/Unknown_PNE-N1SS/0_127.ir,0_127,Unknown_PNE-N1SS,0.68,parent_directory,False,[],True
5b34fd067ce10f3a,_Converted_/CSV/L/Lasonic/Unknown_LasonicR2000/16_-1.ir,16_-1,Unknown_LasonicR2000,0.68,parent_directory,False,[],True
038517f687c1bed4,_Converted_/CSV/L/LeadTek/Unknown_RM-0007/3_-1.ir,3_-1,Unknown_RM-0007,0.68,parent_directory,False,[],True
adeff97e5e537057,_Converted_/CSV/L/LeadTek/Unknown_Y0400046/3_-1.ir,3_-1,Unknown_Y0400046,0.68,parent_directory,False,[],True
c47c5b3534906068,_Converted_/CSV/L/LeadTek/Unknown_Y0400052/3_-1.ir,3_-1,Unknown_Y0400052,0.68,parent_directory,False,[],True
35cc0bcf537e3cf3,_Converted_/CSV/L/LeadTek/Unknown_Y04G0004/3_-1.ir,3_-1,Unknown_Y04G0004,0.68,parent_directory,False,[],True
8c769c55ac2c587d,_Converted_/CSV/L/Leadership/Unknown_GOTEC/0_-1.ir,0_-1,,0.0,,False,[],True
9ff171fdd62bd53b,_Converted_/CSV/L/Lenovo/Unknown_Y530/4_69.ir,4_69,Unknown_Y530,0.68,parent_directory,False,[],True
d229d7d08dc2672f,_Converted_/CSV/L/Lexicon/DVD_Player/4_-1.ir,4_-1,,0.0,,False,[],True
9b3a27b5476f3868,_Converted_/CSV/L/Lexicon/Receiver/130_11.ir,130_11,,0.0,,False,[],True
06bffa05b6880911,_Converted_/CSV/L/Lexicon/Surround_Processor/130_11.ir,130_11,,0.0,,False,[],True
9cbfc65bcc920321,_Converted_/CSV/L/Lexicon/Surround_Processor/133_2.ir,133_2,,0.0,,False,[],True
59fb74bd9741cf3a,_Converted_/CSV/L/Lexicon/Surround_Processor/28_-1.ir,28_-1,,0.0,,False,[],True
fa6a2d91b7469a0a,_Converted_/CSV/L/Life-view/Unknown_3000/96_1.ir,96_1,Unknown_3000,0.68,parent_directory,False,[],True
5d2b93b602762d75,_Converted_/CSV/L/Life-view/Unknown_flyvideo/96_1.ir,96_1,,0.0,,False,[],True
7265f55d1137b812,_Converted_/CSV/L/Lifesat/Unknown_28/128_38.ir,128_38,Unknown_28,0.68,parent_directory,False,[],True
7e6bb6fc9d996991,_Converted_/CSV/L/Lifetec/Unknown_LT9096/128_123.ir,128_123,Unknown_LT9096,0.68,parent_directory,False,[],True
b28a98c04f555904,_Converted_/CSV/L/Lifetec/Unknown_RC2000/5_-1.ir,5_-1,Unknown_RC2000,0.68,parent_directory,False,[],True
31d3db91741bd912,_Converted_/CSV/L/Lifetec/Unknown_remote/164_164.ir,164_164,,0.0,,False,[],True
06e6062e00f9160a,_Converted_/CSV/L/Lightolier/Lighting_Controller/0_-1.ir,0_-1,,0.0,,False,[],True
8438e0954219d756,_Converted_/CSV/L/Linksys/Media_Adapter/134_107.ir,134_107,,0.0,,False,[],True
9cd9320300dc05d6,_Converted_/CSV/L/Linksys/Unknown_WMA11B-R/134_107.ir,134_107,Unknown_WMA11B-R,0.68,parent_directory,False,[],True
f6e9d3af2ce84314,_Converted_/CSV/L/Linn/CD_Player/20_-1.ir,20_-1,,0.0,,False,[],True
a7d4ad33204824e8,_Converted_/CSV/L/Linn/Classic_music/16_-1.ir,16_-1,,0.0,,False,[],True
2a341d0904901f60,_Converted_/CSV/L/Linn/Classic_music/17_-1.ir,17_-1,,0.0,,False,[],True
42e79158bc806605,_Converted_/CSV/L/Linn/Classic_music/20_-1.ir,20_-1,,0.0,,False,[],True
dd58215631ff8d5c,_Converted_/CSV/L/Linn/Surround_Processor/16_-1.ir,16_-1,,0.0,,False,[],True
67dfc7130a66d10c,_Converted_/CSV/L/Linn/Surround_Processor/23_-1.ir,23_-1,,0.0,,False,[],True
955f09fa86534ef1,_Converted_/CSV/L/Linn/Surround_Processor/4_-1.ir,4_-1,,0.0,,False,[],True
725ad6f21fadaae3,_Converted_/CSV/L/LiteOn/DVD_Recorder/10_247.ir,10_247,,0.0,,False,[],True
066a584df3d6a493,_Converted_/CSV/L/LiteTouch/Lighting_Controller/129_-1.ir,129_-1,,0.0,,False,[],True
287179c8bc2e1efb,_Converted_/CSV/L/LiteTouch/Lighting_Controller/130_-1.ir,130_-1,,0.0,,False,[],True
29a14caf0b8007ae,_Converted_/CSV/L/LiteTouch/Lighting_Controller/131_-1.ir,131_-1,,0.0,,False,[],True
6e53756f666d7dbc,_Converted_/CSV/L/LiteTouch/Lighting_Controller/132_-1.ir,132_-1,,0.0,,False,[],True
96b7d7a0b8be4e4f,_Converted_/CSV/L/LiteTouch/Lighting_Controller/133_-1.ir,133_-1,,0.0,,False,[],True
052a23308947003c,_Converted_/CSV/L/LiteTouch/Lighting_Controller/134_-1.ir,134_-1,,0.0,,False,[],True
a02619d7f14c6efe,_Converted_/CSV/L/LiteTouch/Lighting_Controller/135_-1.ir,135_-1,,0.0,,False,[],True
312be82469c81718,_Converted_/CSV/L/LiteTouch/Lighting_Controller/136_-1.ir,136_-1,,0.0,,False,[],True
e2a539c0cdde6308,_Converted_/CSV/L/LiteTouch/Lighting_Controller/137_-1.ir,137_-1,,0.0,,False,[],True
0c04e729d7564639,_Converted_/CSV/L/LiteTouch/Lighting_Controller/144_-1.ir,144_-1,,0.0,,False,[],True
f1f714ff895cd338,_Converted_/CSV/L/LiteTouch/Lighting_Controller/145_-1.ir,145_-1,,0.0,,False,[],True
08120b6073672401,_Converted_/CSV/L/LiteTouch/Lighting_Controller/146_-1.ir,146_-1,,0.0,,False,[],True
9a4c9a619a75dfab,_Converted_/CSV/L/LiteTouch/Lighting_Controller/147_-1.ir,147_-1,,0.0,,False,[],True
0638931395c539b1,_Converted_/CSV/L/LiteTouch/Lighting_Controller/148_-1.ir,148_-1,,0.0,,False,[],True
0a13f54862cff114,_Converted_/CSV/L/LiteTouch/Lighting_Controller/149_-1.ir,149_-1,,0.0,,False,[],True
23dbba73b955bdb5,_Converted_/CSV/L/LiteTouch/Lighting_Controller/150_-1.ir,150_-1,,0.0,,False,[],True
e1773582294b1104,_Converted_/CSV/L/LiteTouch/Lighting_Controller/151_-1.ir,151_-1,,0.0,,False,[],True
dc54e5b5530d6067,_Converted_/CSV/L/LiteTouch/Lighting_Controller/152_-1.ir,152_-1,,0.0,,False,[],True
d87ffbc2fdc9410c,_Converted_/CSV/L/LiteTouch/Lighting_Controller/153_-1.ir,153_-1,,0.0,,False,[],True
4d301970b1c9c0b5,_Converted_/CSV/L/LiteTouch/Lighting_Controller/255_-1.ir,255_-1,,0.0,,False,[],True
a6c5ed1cafb921dd,_Converted_/CSV/L/Loewe/DVD_Player/0_-1.ir,0_-1,,0.0,,False,[],True
c6afde3acda176ab,_Converted_/CSV/L/Loewe/DVD_Player/32_-1.ir,32_-1,,0.0,,False,[],True
e4eb5863ad638bf6,_Converted_/CSV/L/Loewe/DVD_Player/33_-1.ir,33_-1,,0.0,,False,[],True
6411e54dc9831b11,_Converted_/CSV/L/Loewe/DVD_Player/45_45.ir,45_45,,0.0,,False,[],True
f95960ce540766e6,_Converted_/CSV/L/Loewe/DVD_Player/4_-1.ir,4_-1,,0.0,,False,[],True
a7967d71a1ed97d3,_Converted_/CSV/L/Loewe/TV/0_-1.ir,0_-1,,0.0,,False,[],True
c34d7b174e742e5c,_Converted_/CSV/L/Loewe/TV/27_-1.ir,27_-1,,0.0,,False,[],True
eba88ea9124475db,_Converted_/CSV/L/Loewe/TV/31_-1.ir,31_-1,,0.0,,False,[],True
f863f0a4bc4a1b68,_Converted_/CSV/L/Loewe/TV/33_-1.ir,33_-1,,0.0,,False,[],True
93771b299c186795,_Converted_/CSV/L/Loewe/TV/5_-1.ir,5_-1,,0.0,,False,[],True
88c70fa16c301f42,_Converted_/CSV/L/Loewe/TV/6_-1.ir,6_-1,,0.0,,False,[],True
d8184ccffcf59a06,_Converted_/CSV/L/Loewe/Unknown_8500H/110_-1.ir,110_-1,Unknown_8500H,0.68,parent_directory,False,[],True
9939d1f6458e04e5,_Converted_/CSV/L/Loewe/Unknown_control/0_-1.ir,0_-1,,0.0,,False,[],True
d22118c15fd6aa28,_Converted_/CSV/L/Loewe/VCR/144_0.ir,144_0,,0.0,,False,[],True
e325fab59db2e790,_Converted_/CSV/L/Loewe/VCR/144_1.ir,144_1,,0.0,,False,[],True
c39b4a446a5ca2fc,_Converted_/CSV/L/Loewe/VCR/5_-1.ir,5_-1,,0.0,,False,[],True
c54c4bdac43a48e9,_Converted_/CSV/L/Logitech/Unknown_HarmonyOne/30_-1.ir,30_-1,,0.0,,False,[],True
0eadf7d561a633ba,_Converted_/CSV/L/Logitech/Unknown_z5500/8_-1.ir,8_-1,Unknown_z5500,0.68,parent_directory,False,[],True
528114354c166496,_Converted_/CSV/L/Lumagen/Scaler/2_-1.ir,2_-1,,0.0,,False,[],True
a4f3181fe3cacaa2,_Converted_/CSV/L/Luxman/CD_Player/204_-1.ir,204_-1,,0.0,,False,[],True
f321932cdf63e271,_Converted_/CSV/L/Luxman/Receiver/204_-1.ir,204_-1,,0.0,,False,[],True
ef43843a68177088,_Converted_/CSV/L/Luxor/Unknown_DV405/67_71.ir,67_71,Unknown_DV405,0.68,parent_directory,False,[],True
2d0e01bc15588ba6,_Converted_/CSV/M/M3_Electronic/Unknown_DVD-209/0_-1.ir,0_-1,Unknown_DVD-209,0.68,parent_directory,False,[],True
5554aaaa09103c05,_Converted_/CSV/M/MAGIC_LIGHTING/Lighting/0_-1.ir,0_-1,,0.0,,False,[],True
1893079a5f5dae37,_Converted_/CSV/M/MAGNASONIC/Unknown_TV/131_122.ir,131_122,,0.0,,False,[],True
6c16ff078e884eab,"_Converted_/CSV/M/MCL/Unknown_RemoteController/64,-1.ir","64,-1",,0.0,,False,[],True
1b50d50fc0273b81,"_Converted_/CSV/M/METRONIC/Unknown_060501/0,127.ir","0,127",Unknown_060501,0.68,parent_directory,False,[],True
ff745dfcf42e047e,"_Converted_/CSV/M/METRONIC/Unknown_SAT/134,-1.ir","134,-1",,0.0,,False,[],True
6165e847c9d41ef6,"_Converted_/CSV/M/MGA/VCR/87,-1.ir","87,-1",,0.0,,False,[],True
6b8d1c10187283db,"_Converted_/CSV/M/MIRO/Unknown_MIRO/134,107.ir","134,107",,0.0,,False,[],True
9cd7e061bdb72f56,"_Converted_/CSV/M/MISSION/CD_Player/20,-1.ir","20,-1",,0.0,,False,[],True
6f88d75355f3a2ba,"_Converted_/CSV/M/MS-Tech/Unknown_HTPC/0,95.ir","0,95",,0.0,,False,[],True
13a520b1be54c9ab,"_Converted_/CSV/M/MS-Tech/Unknown_MS-Tech/0,95.ir","0,95",,0.0,,False,[],True
334efa9c34a88a54,"_Converted_/CSV/M/MSI/Unknown_MegaPC/134,107.ir","134,107",,0.0,,False,[],True
2c9706b21a10c746,"_Converted_/CSV/M/MSI/Unknown_PC/134,107.ir","134,107",,0.0,,False,[],True
45bd4b512fba5b1a,"_Converted_/CSV/M/MSI/Unknown_lircd.conf/134,107.ir","134,107",,0.0,,False,[],True
8087a114cffe33e7,"_Converted_/CSV/M/MSI/Unknown_test/134,107.ir","134,107",,0.0,,False,[],True
a348d6e878ace53d,_Converted_/CSV/M/Macro_Image_Technology/Unknown_MyHD/48_-1.ir,48_-1,,0.0,,False,[],True
2d4d4790ebd5578c,_Converted_/CSV/M/Madrigal/CD_Player/0_-1.ir,0_-1,,0.0,,False,[],True
a51766c8b9b77a14,_Converted_/CSV/M/Madrigal/CD_Player/2_-1.ir,2_-1,,0.0,,False,[],True
6b2c05cb13a40c6c,_Converted_/CSV/M/Madrigal/CD_Player/7_-1.ir,7_-1,,0.0,,False,[],True
d316c3511ff240d9,_Converted_/CSV/M/Madrigal/Receiver/5_-1.ir,5_-1,,0.0,,False,[],True
9efe0cc4766a3a91,_Converted_/CSV/M/Magnavox/DSS/128_63.ir,128_63,,0.0,,False,[],True
f74efdbac17afbeb,_Converted_/CSV/M/Magnavox/DVD_Player/135_34.ir,135_34,,0.0,,False,[],True
e73431baf0ca113f,_Converted_/CSV/M/Magnavox/DVD_Player/1_-1.ir,1_-1,,0.0,,False,[],True
d12f08dec4e665aa,_Converted_/CSV/M/Magnavox/DVD_Player/4_-1.ir,4_-1,,0.0,,False,[],True
cfb4cc8e95f9048b,_Converted_/CSV/M/Magnavox/DVD_Recorder/135_34.ir,135_34,,0.0,,False,[],True
1ce7e66985432468,_Converted_/CSV/M/Magnavox/TV/0_-1.ir,0_-1,,0.0,,False,[],True
818ad5d3a1ed45ad,_Converted_/CSV/M/Magnavox/Unknown_UNIFIED6TRANS/0_-1.ir,0_-1,Unknown_UNIFIED6TRANS,0.68,parent_directory,False,[],True
2c6c5349ea58ba96,_Converted_/CSV/M/Magnavox/VCR/5_-1.ir,5_-1,,0.0,,False,[],True
49b45c78e73b81e8,_Converted_/CSV/M/Magnum/Unknown_5520VT/1_-1.ir,1_-1,Unknown_5520VT,0.68,parent_directory,False,[],True
c6cc450138f9b36b,_Converted_/CSV/M/Magnum_Dynalab/Tuner/7_-1.ir,7_-1,,0.0,,False,[],True
0a7a6e34eed57f4b,_Converted_/CSV/M/Majestic/Unknown_DVX377USB/0_-1.ir,0_-1,Unknown_DVX377USB,0.68,parent_directory,False,[],True
d0a6a4c4952c09d0,_Converted_/CSV/M/Makita/Drapery_Controller/2_-1.ir,2_-1,,0.0,,False,[],True
6372531e3cb7d78a,_Converted_/CSV/M/Malata/DVD_Player/1_-1.ir,1_-1,,0.0,,False,[],True
79a9a10bbc3c8c99,_Converted_/CSV/M/Manhattan/Unknown_DVD/29_-1.ir,29_-1,,0.0,,False,[],True
1abe80e65d3aa87f,_Converted_/CSV/M/Manta/Unknown_DVD-002/0_-1.ir,0_-1,Unknown_DVD-002,0.68,parent_directory,False,[],True
98145009ccc69bf6,_Converted_/CSV/M/Manta/Unknown_DVD-007/0_-1.ir,0_-1,Unknown_DVD-007,0.68,parent_directory,False,[],True
8d5f9356dbc8ca11,_Converted_/CSV/M/Marantz/Amplifier/16_-1.ir,16_-1,,0.0,,False,[],True
12dcb0551735042c,_Converted_/CSV/M/Marantz/Amplifier/17_-1.ir,17_-1,,0.0,,False,[],True
17213b194778ce7d,_Converted_/CSV/M/Marantz/Amplifier/18_-1.ir,18_-1,,0.0,,False,[],True
9f9afa0b72d67b7d,_Converted_/CSV/M/Marantz/Amplifier/20_-1.ir,20_-1,,0.0,,False,[],True
2b915c7b67a39d59,_Converted_/CSV/M/Marantz/Amplifier/21_-1.ir,21_-1,,0.0,,False,[],True
47d8ee0b9e137fea,_Converted_/CSV/M/Marantz/Amplifier/23_-1.ir,23_-1,,0.0,,False,[],True
0ed72fde7b6c2f54,_Converted_/CSV/M/Marantz/Amplifier/26_-1.ir,26_-1,,0.0,,False,[],True
213f264bf3078a65,_Converted_/CSV/M/Marantz/CD_Changer/20_-1.ir,20_-1,,0.0,,False,[],True
ad637450ab7c0806,_Converted_/CSV/M/Marantz/CD_Jukebox/20_-1.ir,20_-1,,0.0,,False,[],True
c7378fa75e51c26f,_Converted_/CSV/M/Marantz/CD_Player/20_-1.ir,20_-1,,0.0,,False,[],True
a455c2bd64997ca4,_Converted_/CSV/M/Marantz/Cassette_Tape/18_-1.ir,18_-1,,0.0,,False,[],True
e14825b72afee27c,_Converted_/CSV/M/Marantz/Cassette_Tape/23_-1.ir,23_-1,,0.0,,False,[],True
edd2f72bf9a62604,_Converted_/CSV/M/Marantz/D-VHS/3_-1.ir,3_-1,,0.0,,False,[],True
e3164249a8ad8f6b,"_Converted_/CSV/M/Marantz/D-VHS/67,-1.ir","67,-1",,0.0,,False,[],True
a9f8456270e94fd6,"_Converted_/CSV/M/Marantz/DVD/4,-1.ir","4,-1",,0.0,,False,[],True
31acb4db77309cb3,"_Converted_/CSV/M/Marantz/DVD/69,-1.ir","69,-1",,0.0,,False,[],True
d1d91e43a90da5ea,"_Converted_/CSV/M/Marantz/DVD_Player/20,-1.ir","20,-1",,0.0,,False,[],True
7f415ccfcdd48159,"_Converted_/CSV/M/Marantz/DVD_Player/4,-1.ir","4,-1",,0.0,,False,[],True
63f94340cf7e2feb,"_Converted_/CSV/M/Marantz/DVD_Player/41,-1.ir","41,-1",,0.0,,False,[],True
26beedc172bc251d,"_Converted_/CSV/M/Marantz/DVD_Player/69,-1.ir","69,-1",,0.0,,False,[],True
0ac1be73ae194dba,"_Converted_/CSV/M/Marantz/MP3_Player/14,-1.ir","14,-1",MP3_Player,0.68,parent_directory,False,[],True
56a46bd97028916f,"_Converted_/CSV/M/Marantz/MP3_Player/16,-1.ir","16,-1",MP3_Player,0.68,parent_directory,False,[],True
171d363054fa18a8,"_Converted_/CSV/M/Marantz/Plasma/0,-1.ir","0,-1",,0.0,,False,[],True
0ce70b265abd4db8,"_Converted_/CSV/M/Marantz/Plasma/24,-1.ir","24,-1",,0.0,,False,[],True
d6033bb11902bf39,"_Converted_/CSV/M/Marantz/Plasma/24,24.ir","24,24",,0.0,,False,[],True
aab5d85d95a54603,"_Converted_/CSV/M/Marantz/Plasma/24,247.ir","24,247",,0.0,,False,[],True
d15955fd34d2209d,"_Converted_/CSV/M/Marantz/Plasma/80,-1.ir","80,-1",,0.0,,False,[],True
8854c82723fcc9dd,"_Converted_/CSV/M/Marantz/Plasma_Displays/24,-1.ir","24,-1",,0.0,,False,[],True
80a32477406069bf,"_Converted_/CSV/M/Marantz/Plasma_Displays/24,24.ir","24,24",,0.0,,False,[],True
25a5e90f29e81ce9,"_Converted_/CSV/M/Marantz/Pre-Amplifier/0,-1.ir","0,-1",,0.0,,False,[],True
74c016209c758fa5,"_Converted_/CSV/M/Marantz/Pre-Amplifier/11,-1.ir","11,-1",,0.0,,False,[],True
b9664f2eda2f3220,"_Converted_/CSV/M/Marantz/Pre-Amplifier/17,-1.ir","17,-1",,0.0,,False,[],True
accfaa1e00c9da6f,"_Converted_/CSV/M/Marantz/Pre-Amplifier/23,-1.ir","23,-1",,0.0,,False,[],True
8f5790581e457bbe,"_Converted_/CSV/M/Marantz/Projector/0,-1.ir","0,-1",,0.0,,False,[],True
58193ddae11ee803,"_Converted_/CSV/M/Marantz/Receiver/0,-1.ir","0,-1",,0.0,,False,[],True
09f57dd76e2e5781,"_Converted_/CSV/M/Marantz/Receiver/12,-1.ir","12,-1",,0.0,,False,[],True
1c7021d309655dbb,"_Converted_/CSV/M/Marantz/Receiver/16,-1.ir","16,-1",,0.0,,False,[],True
6f0308d07f4fd1cf,"_Converted_/CSV/M/Marantz/Receiver/17,-1.ir","17,-1",,0.0,,False,[],True
6ea22e636650c373,"_Converted_/CSV/M/Marantz/Receiver/176,-1.ir","176,-1",,0.0,,False,[],True
9612ddbada9a5ed3,"_Converted_/CSV/M/Marantz/Receiver/18,-1.ir","18,-1",,0.0,,False,[],True
3d893c31ca993b9e,"_Converted_/CSV/M/Marantz/Receiver/20,-1.ir","20,-1",,0.0,,False,[],True
b41f1b42b9b8e2cb,"_Converted_/CSV/M/Marantz/Receiver/21,-1.ir","21,-1",,0.0,,False,[],True
a5bbc07f304b5165,"_Converted_/CSV/M/Marantz/Receiver/23,-1.ir","23,-1",,0.0,,False,[],True
82f601d495e157fa,"_Converted_/CSV/M/Marantz/Receiver/26,-1.ir","26,-1",,0.0,,False,[],True
dca167a8894cb1c9,"_Converted_/CSV/M/Marantz/Receiver/39,-1.ir","39,-1",,0.0,,False,[],True
d0faea2d73ac6efc,"_Converted_/CSV/M/Marantz/Receiver/4,-1.ir","4,-1",,0.0,,False,[],True
c2c409ffd46cec69,"_Converted_/CSV/M/Marantz/Receiver/5,-1.ir","5,-1",,0.0,,False,[],True
cec99bf3d866c7d5,"_Converted_/CSV/M/Marantz/Receiver/6,-1.ir","6,-1",,0.0,,False,[],True
b44b0821e521996c,"_Converted_/CSV/M/Marantz/Receiver/7,-1.ir","7,-1",,0.0,,False,[],True
bbe379e9402df455,"_Converted_/CSV/M/Marantz/Receiver/8,-1.ir","8,-1",,0.0,,False,[],True
02a85575de6a0c47,"_Converted_/CSV/M/Marantz/TV/0,-1.ir","0,-1",,0.0,,False,[],True
e510ff93f397123c,"_Converted_/CSV/M/Marantz/TV/144,0.ir","144,0",,0.0,,False,[],True
ccda8cac11eb8135,"_Converted_/CSV/M/Marantz/TV/24,-1.ir","24,-1",,0.0,,False,[],True
ec35ce6a9ba32ceb,"_Converted_/CSV/M/Marantz/TV/24,24.ir","24,24",,0.0,,False,[],True
9086c8afba9728f5,"_Converted_/CSV/M/Marantz/TV/24,247.ir","24,247",,0.0,,False,[],True
ef8438cfe77a389b,"_Converted_/CSV/M/Marantz/TV/80,-1.ir","80,-1",,0.0,,False,[],True
f4ee590caf44763b,"_Converted_/CSV/M/Marantz/Tuner/16,-1.ir","16,-1",,0.0,,False,[],True
d3ba72643e464773,"_Converted_/CSV/M/Marantz/Tuner/17,-1.ir","17,-1",,0.0,,False,[],True
5bd580713ba51ba1,"_Converted_/CSV/M/Marantz/Tuner/20,-1.ir","20,-1",,0.0,,False,[],True
6872f7299b72cab7,"_Converted_/CSV/M/Marantz/Tuner_Section/17,-1.ir","17,-1",,0.0,,False,[],True
807bd61581e5307e,"_Converted_/CSV/M/Marantz/Unknown_Marantz-RC-63CD/20,-1.ir","20,-1",Unknown_Marantz-RC-63CD,0.68,parent_directory,False,[],True
150ef60592adc1e5,"_Converted_/CSV/M/Marantz/Unknown_RC-1400/4,-1.ir","4,-1",Unknown_RC-1400,0.68,parent_directory,False,[],True
a3bc9330ccf9f408,"_Converted_/CSV/M/Marantz/Unknown_RC-65CD/20,-1.ir","20,-1",Unknown_RC-65CD,0.68,parent_directory,False,[],True
43e08ed2167741f5,"_Converted_/CSV/M/Marantz/Unknown_RC-72CD/20,-1.ir","20,-1",Unknown_RC-72CD,0.68,parent_directory,False,[],True
64fb60948ac5f45d,"_Converted_/CSV/M/Marantz/Unknown_RC4000CD/20,-1.ir","20,-1",Unknown_RC4000CD,0.68,parent_directory,False,[],True
539c13bca74015d2,"_Converted_/CSV/M/Marantz/Unknown_RC4300CC/20,-1.ir","20,-1",Unknown_RC4300CC,0.68,parent_directory,False,[],True
a0606717369038d6,"_Converted_/CSV/M/Marantz/Unknown_rc/4,-1.ir","4,-1",,0.0,,False,[],True
7b9d389bde828ac0,"_Converted_/CSV/M/Marantz/VCR/134,97.ir","134,97",,0.0,,False,[],True
d80cc5514a0fff52,"_Converted_/CSV/M/Marantz/VCR/23,-1.ir","23,-1",,0.0,,False,[],True
b5691a04310c7014,"_Converted_/CSV/M/Marantz/VCR/5,-1.ir","5,-1",,0.0,,False,[],True
ebf2f013b6e0eddc,"_Converted_/CSV/M/Marantz/Video_Projector/0,-1.ir","0,-1",,0.0,,False,[],True
2f1d4c1111dc3438,"_Converted_/CSV/M/Marantz/Video_Projector/13,-1.ir","13,-1",,0.0,,False,[],True
bdc8af2c8325f866,"_Converted_/CSV/M/Marantz/iPod_Dock/14,-1.ir","14,-1",,0.0,,False,[],True
e99e839d4d8cc00a,"_Converted_/CSV/M/Marantz/iPod_Dock/16,-1.ir","16,-1",,0.0,,False,[],True
9cf6d4f7a357cea5,"_Converted_/CSV/M/Mark/Unknown_rc5/0,-1.ir","0,-1",Unknown_rc5,0.68,parent_directory,False,[],True
5970f4ba46602081,"_Converted_/CSV/M/Mark_Levinson/CD_Player/1,-1.ir","1,-1",,0.0,,False,[],True
aa55a2c885ae3d53,"_Converted_/CSV/M/Mark_Levinson/CD_Player/16,-1.ir","16,-1",,0.0,,False,[],True
07fefe38903883de,"_Converted_/CSV/M/Mark_Levinson/CD_Player/2,-1.ir","2,-1",,0.0,,False,[],True
e82b7fed799c9a05,"_Converted_/CSV/M/Mark_Levinson/CD_Player/3,-1.ir","3,-1",,0.0,,False,[],True
4b5a167a7e380442,"_Converted_/CSV/M/Mark_Levinson/Pre-Amplifier/4,-1.ir","4,-1",,0.0,,False,[],True
fa29a21767049ae7,"_Converted_/CSV/M/Mark_Levinson/Pre-Amplifier/7,-1.ir","7,-1",,0.0,,False,[],True
d25807fc565d67fc,"_Converted_/CSV/M/Mas/Unknown_HSD-303/0,-1.ir","0,-1",Unknown_HSD-303,0.68,parent_directory,False,[],True
3812c1f382642749,"_Converted_/CSV/M/Mas/Unknown_HSD-400/0,-1.ir","0,-1",Unknown_HSD-400,0.68,parent_directory,False,[],True
77c267c94c7e3c43,"_Converted_/CSV/M/Mas/Unknown_RC-0135/6,-1.ir","6,-1",Unknown_RC-0135,0.68,parent_directory,False,[],True
d9e19d045bd0419a,"_Converted_/CSV/M/Maxx/Plasma/32,64.ir","32,64",,0.0,,False,[],True
2b81da9d52b55896,"_Converted_/CSV/M/Maxx/Plasma/96,-1.ir","96,-1",,0.0,,False,[],True
176a16ee8a0bab7a,"_Converted_/CSV/M/McIntosh/CD_Player/202,149.ir","202,149",,0.0,,False,[],True
043d462a39a5b80d,"_Converted_/CSV/M/McIntosh/Control_System/202,85.ir","202,85",,0.0,,False,[],True
f38833786f535be6,"_Converted_/CSV/M/McIntosh/DVD_Player/128,80.ir","128,80",,0.0,,False,[],True
6d3a49432e5a086f,"_Converted_/CSV/M/McIntosh/Laser_Disc/168,-1.ir","168,-1",,0.0,,False,[],True
81607ff3fbde0f5d,"_Converted_/CSV/M/McIntosh/Pre-Amplifier/202,85.ir","202,85",,0.0,,False,[],True
7321f60d414e6957,"_Converted_/CSV/M/McIntosh/Receiver/202,85.ir","202,85",,0.0,,False,[],True
8842ac721c7936f7,"_Converted_/CSV/M/Medion/Unknown_JX-2006B/0,-1.ir","0,-1",Unknown_JX-2006B,0.68,parent_directory,False,[],True
c980f0c878e26aea,"_Converted_/CSV/M/Medion/Unknown_MD-5410/5,-1.ir","5,-1",Unknown_MD-5410,0.68,parent_directory,False,[],True
97fff5d9a8210638,"_Converted_/CSV/M/Medion/Unknown_MD81035/23,105.ir","23,105",Unknown_MD81035,0.68,parent_directory,False,[],True
28ae1a6d03fbce66,"_Converted_/CSV/M/Medion/Unknown_MD81880/23,105.ir","23,105",Unknown_MD81880,0.68,parent_directory,False,[],True
1e2f511d5ef455e4,"_Converted_/CSV/M/Medion/Unknown_medion/128,123.ir","128,123",,0.0,,False,[],True
d8ee4151b4eb0b20,"_Converted_/CSV/M/Medion/Unknown_rc2000/5,-1.ir","5,-1",Unknown_rc2000,0.68,parent_directory,False,[],True
af01494cb25d4be5,"_Converted_/CSV/M/Melectronic/Unknown_PP3600/2,-1.ir","2,-1",Unknown_PP3600,0.68,parent_directory,False,[],True
51d07f867f5dae9a,"_Converted_/CSV/M/Meliconi/Unknown_Facile/0,-1.ir","0,-1",,0.0,,False,[],True
50d9185e2d85286b,"_Converted_/CSV/M/Meliconi/Unknown_MELICONI-U3/10,-1.ir","10,-1",Unknown_MELICONI-U3,0.68,parent_directory,False,[],True
922b404ddaa3c790,"_Converted_/CSV/M/Meliconi/Unknown_MeliconiSpeedy2/5,-1.ir","5,-1",Unknown_MeliconiSpeedy2,0.68,parent_directory,False,[],True
4ebf46b5f874161a,"_Converted_/CSV/M/Meliconi/Unknown_Speedy/7,7.ir","7,7",,0.0,,False,[],True
625033b31e51d8ea,"_Converted_/CSV/M/Memorex/DVD_Player/0,-1.ir","0,-1",,0.0,,False,[],True
75400a075822cc5b,"_Converted_/CSV/M/Memorex/TV/4,-1.ir","4,-1",,0.0,,False,[],True
22f7566a4b588592,"_Converted_/CSV/M/Meridian/800_System_Remote/19,-1.ir","19,-1",800_System_Remote,0.68,parent_directory,False,[],True
b621b1aaa070514e,"_Converted_/CSV/M/Meridian/CD-R/19,-1.ir","19,-1",,0.0,,False,[],True
bf7d45dc70cc8993,"_Converted_/CSV/M/Meridian/CD_Player/19,-1.ir","19,-1",,0.0,,False,[],True
0c74f66cb2e4ef42,"_Converted_/CSV/M/Meridian/DVD/19,-1.ir","19,-1",,0.0,,False,[],True
a4e1416ee0d83385,"_Converted_/CSV/M/Meridian/DVD_Player/19,-1.ir","19,-1",,0.0,,False,[],True
f7615b7586add36b,"_Converted_/CSV/M/Meridian/DVD_Player/69,-1.ir","69,-1",,0.0,,False,[],True
d5f27d97b2d3cb2d,"_Converted_/CSV/M/Meridian/Pre-Amplifier/19,-1.ir","19,-1",,0.0,,False,[],True
3d1f96611fe08307,"_Converted_/CSV/M/Meridian/Pre-Amplifier/26,73.ir","26,73",,0.0,,False,[],True
9961183bd491eb0a,"_Converted_/CSV/M/Meridian/Processor/19,-1.ir","19,-1",,0.0,,False,[],True
7add174541f8a445,"_Converted_/CSV/M/Meridian/Remote_Control/19,-1.ir","19,-1",,0.0,,False,[],True
9949f3252ec45450,"_Converted_/CSV/M/Meridian/Surround_Processor/19,-1.ir","19,-1",,0.0,,False,[],True
819cbca561ff7452,"_Converted_/CSV/M/Meridian/System_Remote/19,-1.ir","19,-1",,0.0,,False,[],True
859cf8f2c2fda593,"_Converted_/CSV/M/Metronome/CD_Player/20,-1.ir","20,-1",,0.0,,False,[],True
26d52b2b018a33b7,"_Converted_/CSV/M/Metrox/Humidifier/128,-1.ir","128,-1",,0.0,,False,[],True
d6cc19bbb026271c,"_Converted_/CSV/M/Micromega/DVD_Player/4,-1.ir","4,-1",,0.0,,False,[],True
e07ff4356745a282,"_Converted_/CSV/M/Microsoft/DVD_Player/5,-1.ir","5,-1",,0.0,,False,[],True
566e5f3d925cf658,"_Converted_/CSV/M/Microsoft/Game_Console/116,15.ir","116,15",,0.0,,False,[],True
5ac0471dd529d41b,"_Converted_/CSV/M/Microsoft/Game_Console/4,15.ir","4,15",,0.0,,False,[],True
303e9588669d4376,"_Converted_/CSV/M/Microsoft/Game_Console/5,-1.ir","5,-1",,0.0,,False,[],True
033b64b96451ed8e,"_Converted_/CSV/M/Microsoft/Home_Media_PC/4,15.ir","4,15",,0.0,,False,[],True
2849aea11a4697b9,"_Converted_/CSV/M/Microsoft/Unknown_MCE/5,-1.ir","5,-1",,0.0,,False,[],True
e91ee32f0de003f4,"_Converted_/CSV/M/Microsoft/Unknown_Xbox360/116,15.ir","116,15",Unknown_Xbox360,0.68,parent_directory,False,[],True
0db8a1bc5e625479,"_Converted_/CSV/M/Microsoft/Unknown_xbox/10,-1.ir","10,-1",,0.0,,False,[],True
562177b845c083e4,"_Converted_/CSV/M/Microsoft/Windows_Media_Center/4,15.ir","4,15",,0.0,,False,[],True
6af8cd2968c3d720,"_Converted_/CSV/M/Midiland/Digital_Decoder/81,175.ir","81,175",,0.0,,False,[],True
c7a0854bec51cb04,"_Converted_/CSV/M/Mintek/DVD_Player/0,153.ir","0,153",,0.0,,False,[],True
039e9e8e904a8556,"_Converted_/CSV/M/Mitochiba/Unknown_JX-9902/134,107.ir","134,107",Unknown_JX-9902,0.68,parent_directory,False,[],True
af33977a946910d7,"_Converted_/CSV/M/Mitochiba/Unknown_KF220100/134,107.ir","134,107",Unknown_KF220100,0.68,parent_directory,False,[],True
7ad80b8cc1ccfa73,"_Converted_/CSV/M/Mitsubishi/CD_Player/119,-1.ir","119,-1",,0.0,,False,[],True
43d7417a82b93439,"_Converted_/CSV/M/Mitsubishi/Cable_Box/0,-1.ir","0,-1",,0.0,,False,[],True
a3585b2af9ea63c3,"_Converted_/CSV/M/Mitsubishi/Cassette_Tape/119,-1.ir","119,-1",,0.0,,False,[],True
f180024ab290b0ea,"_Converted_/CSV/M/Mitsubishi/Cassette_Tape/138,-1.ir","138,-1",,0.0,,False,[],True
25f84322a1a89f39,"_Converted_/CSV/M/Mitsubishi/Cassette_Tape/141,-1.ir","141,-1",,0.0,,False,[],True
16651f99f68332d5,"_Converted_/CSV/M/Mitsubishi/DSS/12,251.ir","12,251",,0.0,,False,[],True
c332b3b9bedad13e,"_Converted_/CSV/M/Mitsubishi/DSS/64,-1.ir","64,-1",,0.0,,False,[],True
015cc8235b226c17,"_Converted_/CSV/M/Mitsubishi/DSS/71,-1.ir","71,-1",,0.0,,False,[],True
c4ca16edc1bc2517,"_Converted_/CSV/M/Mitsubishi/DVD/103,-1.ir","103,-1",,0.0,,False,[],True
70523103ca63e286,"_Converted_/CSV/M/Mitsubishi/DVD_Player/103,-1.ir","103,-1",,0.0,,False,[],True
7980378c0137a67f,"_Converted_/CSV/M/Mitsubishi/DVD_Player/71,-1.ir","71,-1",,0.0,,False,[],True
f890bad35deb5f85,"_Converted_/CSV/M/Mitsubishi/DVD_Player/87,-1.ir","87,-1",,0.0,,False,[],True
0b55ce44d9714e25,"_Converted_/CSV/M/Mitsubishi/HDTV_Receiver/12,251.ir","12,251",,0.0,,False,[],True
a1a84264a8fb9edd,"_Converted_/CSV/M/Mitsubishi/HDTV_Receiver/71,-1.ir","71,-1",,0.0,,False,[],True
03c09ec65d10433f,"_Converted_/CSV/M/Mitsubishi/Laser_Disc/168,-1.ir","168,-1",,0.0,,False,[],True
94a83ea896287c56,"_Converted_/CSV/M/Mitsubishi/Laser_Disc/175,-1.ir","175,-1",,0.0,,False,[],True
6c43622d6b636826,"_Converted_/CSV/M/Mitsubishi/Monitor/1,-1.ir","1,-1",,0.0,,False,[],True
ca29d4e313a08f97,"_Converted_/CSV/M/Mitsubishi/Monitor/119,-1.ir","119,-1",,0.0,,False,[],True
d339da09d68524ca,"_Converted_/CSV/M/Mitsubishi/Monitor/130,100.ir","130,100",,0.0,,False,[],True
d176020fb68b6822,"_Converted_/CSV/M/Mitsubishi/Monitor/2,-1.ir","2,-1",,0.0,,False,[],True
2134c30db4100e2d,"_Converted_/CSV/M/Mitsubishi/Monitor/4,-1.ir","4,-1",,0.0,,False,[],True
b4b75e8237cf2016,"_Converted_/CSV/M/Mitsubishi/Monitor/71,-1.ir","71,-1",,0.0,,False,[],True
6d52b8bf1900682e,"_Converted_/CSV/M/Mitsubishi/Monitor/87,-1.ir","87,-1",,0.0,,False,[],True
31595bfdefe1b45a,"_Converted_/CSV/M/Mitsubishi/Receiver/119,-1.ir","119,-1",,0.0,,False,[],True
45db0fb37190d26a,"_Converted_/CSV/M/Mitsubishi/Receiver/168,-1.ir","168,-1",,0.0,,False,[],True
defc45aab02b0d78,"_Converted_/CSV/M/Mitsubishi/Receiver/71,-1.ir","71,-1",,0.0,,False,[],True
6e410c44d70b8ad3,"_Converted_/CSV/M/Mitsubishi/Receiver/87,-1.ir","87,-1",,0.0,,False,[],True
74137675f46a21f4,"_Converted_/CSV/M/Mitsubishi/Satellite/12,251.ir","12,251",,0.0,,False,[],True
19b60f94792e7419,"_Converted_/CSV/M/Mitsubishi/TV/1,-1.ir","1,-1",,0.0,,False,[],True
9cd6c98fa7570f3a,"_Converted_/CSV/M/Mitsubishi/TV/119,-1.ir","119,-1",,0.0,,False,[],True
b3854c59f9f8da47,"_Converted_/CSV/M/Mitsubishi/TV/71,-1.ir","71,-1",,0.0,,False,[],True
235502aa52c84d08,"_Converted_/CSV/M/Mitsubishi/TV/87,-1.ir","87,-1",,0.0,,False,[],True
a5240b256210d2c7,"_Converted_/CSV/M/Mitsubishi/Unknown/119,-1.ir","119,-1",,0.0,,False,[],True
66e34615486c588c,"_Converted_/CSV/M/Mitsubishi/Unknown/71,-1.ir","71,-1",,0.0,,False,[],True
4a8d14f41c4ff60d,"_Converted_/CSV/M/Mitsubishi/Unknown/87,-1.ir","87,-1",,0.0,,False,[],True
6267fe372278d52c,"_Converted_/CSV/M/Mitsubishi/Unknown_75501/87,-1.ir","87,-1",Unknown_75501,0.68,parent_directory,False,[],True
cde1d74a92b8fcf9,"_Converted_/CSV/M/Mitsubishi/Unknown_HD1000/240,-1.ir","240,-1",Unknown_HD1000,0.68,parent_directory,False,[],True
2ea4ee5baee50985,"_Converted_/CSV/M/Mitsubishi/Unknown_HS-349/87,-1.ir","87,-1",Unknown_HS-349,0.68,parent_directory,False,[],True
70370ac30457bb0b,"_Converted_/CSV/M/Mitsubishi/Unknown_mitsubishi/71,-1.ir","71,-1",,0.0,,False,[],True
7c8cbe3a6a436cc1,"_Converted_/CSV/M/Mitsubishi/Unknown_tv/71,-1.ir","71,-1",,0.0,,False,[],True
afe54ca489c79f61,"_Converted_/CSV/M/Mitsubishi/VCR/119,-1.ir","119,-1",,0.0,,False,[],True
fd3b125f435c09d4,"_Converted_/CSV/M/Mitsubishi/VCR/23,-1.ir","23,-1",,0.0,,False,[],True
2b17e0535f178d01,"_Converted_/CSV/M/Mitsubishi/VCR/3,-1.ir","3,-1",,0.0,,False,[],True
7b1826eea70579b3,"_Converted_/CSV/M/Mitsubishi/VCR/7,-1.ir","7,-1",,0.0,,False,[],True
d02a732818f50616,"_Converted_/CSV/M/Mitsubishi/VCR/71,-1.ir","71,-1",,0.0,,False,[],True
ae4c71a6c8aac106,"_Converted_/CSV/M/Mitsubishi/VCR/87,-1.ir","87,-1",,0.0,,False,[],True
5bbe24260e16cc64,"_Converted_/CSV/M/Mitsubishi/Video_Projector/71,-1.ir","71,-1",,0.0,,False,[],True
96782542345c05cc,"_Converted_/CSV/M/Monoprice/Unknown_HDX(C)-501E/0,-1.ir","0,-1",,0.0,,False,[],True
33038e3de02a9e34,"_Converted_/CSV/M/Morgans_Daytona/Unknown_T15/128,38.ir","128,38",Unknown_T15,0.68,parent_directory,False,[],True
c5c1f1283b45be53,"_Converted_/CSV/M/Morgans_Daytona/Unknown_Tornado/202,165.ir","202,165",,0.0,,False,[],True
bbc10ba6c5b57dde,"_Converted_/CSV/M/Motorola/Cable_Box/0,-1.ir","0,-1",,0.0,,False,[],True
4016a7230c918722,"_Converted_/CSV/M/Motorola/Cable_Box/1,-1.ir","1,-1",,0.0,,False,[],True
44328626287c9a10,"_Converted_/CSV/M/Motorola/Cable_Box/15,-1.ir","15,-1",,0.0,,False,[],True
542240e1734b9739,"_Converted_/CSV/M/Motorola/Cable_Box/170,-1.ir","170,-1",,0.0,,False,[],True
27c80836ffd9bf3d,"_Converted_/CSV/M/Motorola/Cable_Box/18,0.ir","18,0",,0.0,,False,[],True
48257425302ae9e5,"_Converted_/CSV/M/Motorola/Cable_Box/3,-1.ir","3,-1",,0.0,,False,[],True
d1dde5f42c00c0ba,"_Converted_/CSV/M/Motorola/Cable_Box/4,-1.ir","4,-1",,0.0,,False,[],True
758c30d89f58c270,"_Converted_/CSV/M/Motorola/Cable_Box/5,-1.ir","5,-1",,0.0,,False,[],True
a80d953256ef7b0a,"_Converted_/CSV/M/Motorola/Cable_Box/5,1.ir","5,1",,0.0,,False,[],True
acfb4bf631823252,"_Converted_/CSV/M/Motorola/Cable_Box/64,-1.ir","64,-1",,0.0,,False,[],True
fd5d884fec08347a,"_Converted_/CSV/M/Motorola/Cable_Box/68,-1.ir","68,-1",,0.0,,False,[],True
13fb78aa6299e10c,"_Converted_/CSV/M/Motorola/Cable_Box/9,-1.ir","9,-1",,0.0,,False,[],True
5c8300185cb2060a,"_Converted_/CSV/M/Motorola/Cox/0,-1.ir","0,-1",,0.0,,False,[],True
2cb2c184b6c9fc95,"_Converted_/CSV/M/Motorola/Cox/64,-1.ir","64,-1",,0.0,,False,[],True
4218c898bd465d5e,"_Converted_/CSV/M/Motorola/DSS/1,-1.ir","1,-1",,0.0,,False,[],True
d67e1cd73d35bde2,"_Converted_/CSV/M/Motorola/DVR/0,-1.ir","0,-1",,0.0,,False,[],True
861728958ac89a6d,"_Converted_/CSV/M/Motorola/IP_box/16,0.ir","16,0",,0.0,,False,[],True
274c79cdeb41c572,"_Converted_/CSV/M/Motorola/Remote/0,-1.ir","0,-1",,0.0,,False,[],True
78b79cba310cbd2a,"_Converted_/CSV/M/Motorola/Remote/3,-1.ir","3,-1",,0.0,,False,[],True
dafaff394ece67af,"_Converted_/CSV/M/Motorola/Unknown_4dtv/0,-1.ir","0,-1",Unknown_4dtv,0.68,parent_directory,False,[],True
81d39744ad044280,"_Converted_/CSV/M/Motorola/Unknown_Cable/0,-1.ir","0,-1",,0.0,,False,[],True
d7eb51ca67f414b2,"_Converted_/CSV/M/Motorola/Unknown_DCH3416/0,-1.ir","0,-1",Unknown_DCH3416,0.68,parent_directory,False,[],True
8f22e19692f45a13,"_Converted_/CSV/M/Motorola/Unknown_DCT2000/0,-1.ir","0,-1",Unknown_DCT2000,0.68,parent_directory,False,[],True
0c7ffba22d8fb799,"_Converted_/CSV/M/Motorola/Unknown_DCT2244/0,-1.ir","0,-1",Unknown_DCT2244,0.68,parent_directory,False,[],True
f476a2f84169d561,"_Converted_/CSV/M/Motorola/Unknown_DCT2524/0,-1.ir","0,-1",Unknown_DCT2524,0.68,parent_directory,False,[],True
9853fecf8908e7d5,"_Converted_/CSV/M/Motorola/Unknown_DRC800/0,-1.ir","0,-1",Unknown_DRC800,0.68,parent_directory,False,[],True
5138d07fc41a3ecc,"_Converted_/CSV/M/Motorola/Unknown_DTH320-4/134,47.ir","134,47",Unknown_DTH320-4,0.68,parent_directory,False,[],True
dd02cbb617e60707,"_Converted_/CSV/M/Motorola/Unknown_DTH355/134,47.ir","134,47",Unknown_DTH355,0.68,parent_directory,False,[],True
60387ff1cb9a5891,"_Converted_/CSV/M/Motorola/Unknown_DVi2030/0,-1.ir","0,-1",Unknown_DVi2030,0.68,parent_directory,False,[],True
b694506006e3e686,"_Converted_/CSV/M/Motorola/Unknown_MOTOROLA/0,-1.ir","0,-1",,0.0,,False,[],True
f05e8ecaed99157c,"_Converted_/CSV/M/Motorola/Unknown_QIP2500/0,-1.ir","0,-1",Unknown_QIP2500,0.68,parent_directory,False,[],True
d811be36bb44ce50,"_Converted_/CSV/M/Motorola/Unknown_RC1445302-00B-REV2/0,-1.ir","0,-1",Unknown_RC1445302-00B-REV2,0.68,parent_directory,False,[],True
e5d2c7cd34ac4fc0,"_Converted_/CSV/M/Motorola/Unknown_VIP/35,64.ir","35,64",,0.0,,False,[],True
85bee529d2fc7b43,"_Converted_/CSV/M/Multi_Canal/Unknown_Canal/133,123.ir","133,123",,0.0,,False,[],True
cb812948e0f211d0,"_Converted_/CSV/M/Multichoice/Unknown_DSD910/24,-1.ir","24,-1",Unknown_DSD910,0.68,parent_directory,False,[],True
66ebc44c49c0159a,"_Converted_/CSV/M/Mustek/Unknown_DVD/16,237.ir","16,237",,0.0,,False,[],True
7796eb21d2372981,"_Converted_/CSV/M/Mustek/Unknown_MustekDVD/16,237.ir","16,237",,0.0,,False,[],True
e501e67e75b02ed4,"_Converted_/CSV/M/Mustek/Unknown_RMC-V300/16,237.ir","16,237",Unknown_RMC-V300,0.68,parent_directory,False,[],True
5247842e9e3559bb,"_Converted_/CSV/M/Mvision/Unknown_FCIS7000E+/64,64.ir","64,64",Unknown_FCIS7000E+,0.68,parent_directory,False,[],True
2f72c620c5afbffb,"_Converted_/CSV/M/Myryad/Pre-Amplifier/0,-1.ir","0,-1",,0.0,,False,[],True
d4ec391f4a59f09c,"_Converted_/CSV/M/Myryad/Pre-Amplifier/16,-1.ir","16,-1",,0.0,,False,[],True
bb3e0769ec1669df,"_Converted_/CSV/M/Myryad/Pre-Amplifier/17,-1.ir","17,-1",,0.0,,False,[],True
5c279b356f41b00d,"_Converted_/CSV/M/Myryad/Pre-Amplifier/18,-1.ir","18,-1",,0.0,,False,[],True
9a959eeff22c94db,"_Converted_/CSV/M/Myryad/Pre-Amplifier/20,-1.ir","20,-1",,0.0,,False,[],True
aeaed1f9a455e92a,"_Converted_/CSV/M/Myryad/Pre-Amplifier/21,-1.ir","21,-1",,0.0,,False,[],True
2e387bbfe615c316,"_Converted_/CSV/M/Myryad/Pre-Amplifier/23,-1.ir","23,-1",,0.0,,False,[],True
18553ee7ca1a0e2f,"_Converted_/CSV/M/Myryad/Receiver/0,-1.ir","0,-1",,0.0,,False,[],True
47ee0fab35204aad,"_Converted_/CSV/M/Myryad/Receiver/16,-1.ir","16,-1",,0.0,,False,[],True
cb82b87d280abf51,"_Converted_/CSV/M/Myryad/Receiver/17,-1.ir","17,-1",,0.0,,False,[],True
c261faf93a339d21,"_Converted_/CSV/M/Myryad/Receiver/18,-1.ir","18,-1",,0.0,,False,[],True
bd253781a12d52ec,"_Converted_/CSV/M/Myryad/Receiver/20,-1.ir","20,-1",,0.0,,False,[],True
437870ffabb63704,"_Converted_/CSV/M/Myryad/Receiver/21,-1.ir","21,-1",,0.0,,False,[],True
215ea5bac41cdf1d,"_Converted_/CSV/M/Myryad/Receiver/23,-1.ir","23,-1",,0.0,,False,[],True
35a9791252cf7ce9,"_Converted_/CSV/M/mStation/Unknown_mStation/64,175.ir","64,175",,0.0,,False,[],True
e571e9b5037e6897,"_Converted_/CSV/M/media-tech/Unknown_RUMBA/128,-1.ir","128,-1",,0.0,,False,[],True
c91742176a946b3b,"_Converted_/CSV/M/mivar/Unknown_mivar/7,-1.ir","7,-1",,0.0,,False,[],True
48480bf78bc2135f,"_Converted_/CSV/M/multiTEC/Unknown_multiTEC/7,-1.ir","7,-1",,0.0,,False,[],True
72006e1f2b96dea8,"_Converted_/CSV/N/NAD/Amplifier/135,124.ir","135,124",,0.0,,False,[],True
d98b98f4dd1b8c42,"_Converted_/CSV/N/NAD/CD_Player/133,111.ir","133,111",,0.0,,False,[],True
b8d7762c2670f48b,"_Converted_/CSV/N/NAD/CD_Player/135,124.ir","135,124",,0.0,,False,[],True
27124fb4f9aafd72,"_Converted_/CSV/N/NAD/CD_Player/42,-1.ir","42,-1",,0.0,,False,[],True
2b4acdb4df88df1b,"_Converted_/CSV/N/NAD/Cassette_Tape/135,124.ir","135,124",,0.0,,False,[],True
605190463cb30f08,"_Converted_/CSV/N/NAD/Monitor/64,-1.ir","64,-1",,0.0,,False,[],True
bd0e19cf90eee1f9,"_Converted_/CSV/N/NAD/Receiver/135,124.ir","135,124",,0.0,,False,[],True
e7d8da526c514eba,"_Converted_/CSV/N/NAD/Surround_Processor/135,124.ir","135,124",,0.0,,False,[],True
70aebdcc49567a9e,"_Converted_/CSV/N/NAD/Surround_Processor/93,-1.ir","93,-1",,0.0,,False,[],True
4891310c46b834d7,"_Converted_/CSV/N/NAD/Tuner/135,124.ir","135,124",,0.0,,False,[],True
9d49418e2e43fe7e,"_Converted_/CSV/N/NAD/Unknown/135,124.ir","135,124",,0.0,,False,[],True
5baddaa76de61a2e,"_Converted_/CSV/N/NAD/Unknown_451/135,124.ir","135,124",Unknown_451,0.68,parent_directory,False,[],True
cd9c199ea5c5ded9,"_Converted_/CSV/N/NAD/Unknown_NAD/17,-1.ir","17,-1",,0.0,,False,[],True
335241dc5fdeb138,"_Converted_/CSV/N/NAD/Unknown_RC512/135,124.ir","135,124",Unknown_RC512,0.68,parent_directory,False,[],True
7da0457c7dbc2176,"_Converted_/CSV/N/NAD/Unknown_SR6/135,124.ir","135,124",Unknown_SR6,0.68,parent_directory,False,[],True
d37238ac93d57e5f,"_Converted_/CSV/N/NAD/Unknown_SR712/135,124.ir","135,124",Unknown_SR712,0.68,parent_directory,False,[],True
331391d86db76aa9,"_Converted_/CSV/N/NEC/Monitor/25,-1.ir","25,-1",,0.0,,False,[],True
241fa527f12b872b,"_Converted_/CSV/N/NEC/Monitor/4,-1.ir","4,-1",,0.0,,False,[],True
92990ba54fef86bb,"_Converted_/CSV/N/NEC/Receiver/25,-1.ir","25,-1",,0.0,,False,[],True
9c9a1e09ff1200d4,"_Converted_/CSV/N/NEC/Receiver/26,-1.ir","26,-1",,0.0,,False,[],True
d37d207daa5085f3,"_Converted_/CSV/N/NEC/Receiver/26,197.ir","26,197",,0.0,,False,[],True
d057eadb9c5a634a,"_Converted_/CSV/N/NEC/Receiver/26,225.ir","26,225",,0.0,,False,[],True
2d30fb072e600035,"_Converted_/CSV/N/NEC/Receiver/26,228.ir","26,228",,0.0,,False,[],True
e4d3bece2ec52829,"_Converted_/CSV/N/NEC/Receiver/26,231.ir","26,231",,0.0,,False,[],True
a65c791e6602e39a,"_Converted_/CSV/N/NEC/Receiver/4,-1.ir","4,-1",,0.0,,False,[],True
c844c1136cee3449,"_Converted_/CSV/N/NEC/Surround_Processor/13,-1.ir","13,-1",,0.0,,False,[],True
7b03f921d923c5f0,"_Converted_/CSV/N/NEC/Surround_Processor/26,228.ir","26,228",,0.0,,False,[],True
2a9c8efcb2af90b8,"_Converted_/CSV/N/NEC/TV/24,-1.ir","24,-1",,0.0,,False,[],True
f2b22d5c15f6e805,"_Converted_/CSV/N/NEC/TV/24,24.ir","24,24",,0.0,,False,[],True
3bab44755f2b8e52,"_Converted_/CSV/N/NEC/TV/4,-1.ir","4,-1",,0.0,,False,[],True
21e3e36e01eecef1,"_Converted_/CSV/N/NEC/Unknown/25,-1.ir","25,-1",,0.0,,False,[],True
b09e8992b4487cd9,"_Converted_/CSV/N/NEC/Unknown/25,231.ir","25,231",,0.0,,False,[],True
a21f5025b47058d0,"_Converted_/CSV/N/NEC/Unknown_RB-34P/25,-1.ir","25,-1",Unknown_RB-34P,0.68,parent_directory,False,[],True
7632a4008056893c,"_Converted_/CSV/N/NEC/Unknown_RB-73A/25,-1.ir","25,-1",Unknown_RB-73A,0.68,parent_directory,False,[],True
6f6a048bbae85612,"_Converted_/CSV/N/NEC/Unknown_RB-D3A/25,-1.ir","25,-1",Unknown_RB-D3A,0.68,parent_directory,False,[],True
05087f9b51bc5571,"_Converted_/CSV/N/NEC/Unknown_RB-DV22/45,45.ir","45,45",Unknown_RB-DV22,0.68,parent_directory,False,[],True
d917ae8b41acd62e,"_Converted_/CSV/N/NEC/Unknown_RC-1065E/24,-1.ir","24,-1",Unknown_RC-1065E,0.68,parent_directory,False,[],True
f94605b2456357b6,"_Converted_/CSV/N/NEC/Unknown_RC-1083E/24,-1.ir","24,-1",Unknown_RC-1083E,0.68,parent_directory,False,[],True
1ab24c9ebf4c5c1a,"_Converted_/CSV/N/NEC/Unknown_RC-334E/24,233.ir","24,233",Unknown_RC-334E,0.68,parent_directory,False,[],True
88fe54a9b000ae00,"_Converted_/CSV/N/NEC/Unknown_RC-6010/24,247.ir","24,247",Unknown_RC-6010,0.68,parent_directory,False,[],True
c8f336a48e548b6e,"_Converted_/CSV/N/NEC/Unknown_RD-1077E/24,-1.ir","24,-1",Unknown_RD-1077E,0.68,parent_directory,False,[],True
9256e0c24576a5a7,"_Converted_/CSV/N/NEC/Unknown_RD-1078E/24,-1.ir","24,-1",Unknown_RD-1078E,0.68,parent_directory,False,[],True
5d19d8fcb47d3823,"_Converted_/CSV/N/NEC/Unknown_RD-1083E/24,-1.ir","24,-1",Unknown_RD-1083E,0.68,parent_directory,False,[],True
f2532d4a752acf36,"_Converted_/CSV/N/NEC/Unknown_RD-337E/2,-1.ir","2,-1",Unknown_RD-337E,0.68,parent_directory,False,[],True
956bbe8a653f475b,"_Converted_/CSV/N/NEC/Unknown_RD-343E/24,233.ir","24,233",Unknown_RD-343E,0.68,parent_directory,False,[],True
56c2d07879b51227,"_Converted_/CSV/N/NEC/Unknown_RD-348E/24,233.ir","24,233",Unknown_RD-348E,0.68,parent_directory,False,[],True
279c09054ce53857,"_Converted_/CSV/N/NEC/Unknown_RD-409E/24,233.ir","24,233",Unknown_RD-409E,0.68,parent_directory,False,[],True
24a04865181025dc,"_Converted_/CSV/N/NEC/Unknown_RD-427E/24,233.ir","24,233",Unknown_RD-427E,0.68,parent_directory,False,[],True
4e3dc894c0bc6779,"_Converted_/CSV/N/NEC/Unknown_RU-1220S/24,247.ir","24,247",Unknown_RU-1220S,0.68,parent_directory,False,[],True
cd901324368debff,"_Converted_/CSV/N/NEC/Unknown_TRB-60/49,-1.ir","49,-1",Unknown_TRB-60,0.68,parent_directory,False,[],True
508f31ed3d64a2ff,"_Converted_/CSV/N/NEC/Unknown_TRB-968A/25,-1.ir","25,-1",Unknown_TRB-968A,0.68,parent_directory,False,[],True
3fb4f6fd38150d64,"_Converted_/CSV/N/NEC/Unknown_UR-3020/24,247.ir","24,247",Unknown_UR-3020,0.68,parent_directory,False,[],True
0e8dec4fc4885897,"_Converted_/CSV/N/NEC/VCR/10,-1.ir","10,-1",,0.0,,False,[],True
4aa707fb114a02d9,"_Converted_/CSV/N/NEC/VCR/25,-1.ir","25,-1",,0.0,,False,[],True
0a90320a381da549,"_Converted_/CSV/N/NEC/VCR/4,-1.ir","4,-1",,0.0,,False,[],True
ea436a1abf4ecec2,"_Converted_/CSV/N/NEC/Video_Projector/24,233.ir","24,233",,0.0,,False,[],True
355ab2731739bcd8,"_Converted_/CSV/N/NEC/Video_Projector/24,247.ir","24,247",,0.0,,False,[],True
76b16eb088800702,"_Converted_/CSV/N/NET_TV/TV/2,-1.ir","2,-1",,0.0,,False,[],True
d3b4e9154f6142a6,"_Converted_/CSV/N/NTL/Unknown_DI4001N/10,-1.ir","10,-1",Unknown_DI4001N,0.68,parent_directory,False,[],True
1e1a1deb98c422a3,"_Converted_/CSV/N/NVIDIA/Unknown_Personal/128,126.ir","128,126",,0.0,,False,[],True
6e260279abfef514,"_Converted_/CSV/N/Nagra/Unknown_TVA/8,-1.ir","8,-1",,0.0,,False,[],True
e689dcaa625dbc58,"_Converted_/CSV/N/Nakamichi/Amplifier/87,-1.ir","87,-1",,0.0,,False,[],True
24d3421e23a268d8,"_Converted_/CSV/N/Nakamichi/CD_Player/103,-1.ir","103,-1",,0.0,,False,[],True
ef7fd5d35f215006,"_Converted_/CSV/N/Nakamichi/CD_Player/92,-1.ir","92,-1",,0.0,,False,[],True
616b6a7df403435a,"_Converted_/CSV/N/Nakamichi/DVD_Player/92,162.ir","92,162",,0.0,,False,[],True
8658f786e05cc621,"_Converted_/CSV/N/Nakamichi/Receiver/103,-1.ir","103,-1",,0.0,,False,[],True
efa062e408c7fc1c,"_Converted_/CSV/N/Nakamichi/Receiver/130,93.ir","130,93",,0.0,,False,[],True
a126a506ce780071,"_Converted_/CSV/N/Nakamichi/Receiver/186,-1.ir","186,-1",,0.0,,False,[],True
cef9171f2f7c8416,"_Converted_/CSV/N/Nakamichi/Receiver/92,-1.ir","92,-1",,0.0,,False,[],True
50118f468bd1b25a,"_Converted_/CSV/N/Nakamichi/Receiver/92,161.ir","92,161",,0.0,,False,[],True
ada862b14eaeb64c,"_Converted_/CSV/N/Nakamichi/Tuner/103,-1.ir","103,-1",,0.0,,False,[],True
585e41c3588df8fc,"_Converted_/CSV/N/Nakamichi/Tuner/92,-1.ir","92,-1",,0.0,,False,[],True
6326cb821839fe91,"_Converted_/CSV/N/Nakamichi/Unknown_lirc.config/103,-1.ir","103,-1",,0.0,,False,[],True
fcd4a86cfea89e31,"_Converted_/CSV/N/Napa/Unknown_DAV-309/0,-1.ir","0,-1",Unknown_DAV-309,0.68,parent_directory,False,[],True
25102acd202e5c60,"_Converted_/CSV/N/Nebula_Electronics/Unknown_DVB/0,-1.ir","0,-1",,0.0,,False,[],True
ba399b240b25e7e5,"_Converted_/CSV/N/Netgem/Unknown_iPlayer/131,51.ir","131,51",,0.0,,False,[],True
db40eee5d02dabcb,"_Converted_/CSV/N/Nextwave/Unknown_EX300/4,16.ir","4,16",Unknown_EX300,0.68,parent_directory,False,[],True
83aed6f53173f5e2,"_Converted_/CSV/N/Nikko/Unknown_Nikko/5,-1.ir","5,-1",,0.0,,False,[],True
ef40b87c10c9707c,"_Converted_/CSV/N/Niles_Audio/Unknown/128,93.ir","128,93",,0.0,,False,[],True
edeee0d9bbdbf021,"_Converted_/CSV/N/Niles_Audio/Unknown/132,18.ir","132,18",,0.0,,False,[],True
858bb7041873d197,"_Converted_/CSV/N/No_Brand/Unknown_YK-001/0,-1.ir","0,-1",Unknown_YK-001,0.68,parent_directory,False,[],True
aaae37e92c068915,"_Converted_/CSV/N/Nokia/Satellite/24,-1.ir","24,-1",,0.0,,False,[],True
d50cd229cf1acaff,"_Converted_/CSV/N/Nokia/Satellite/6,-1.ir","6,-1",,0.0,,False,[],True
7099ec3c249725df,"_Converted_/CSV/N/Nokia/Unknown_624/74,-1.ir","74,-1",Unknown_624,0.68,parent_directory,False,[],True
e0701e7f61a2722b,"_Converted_/CSV/N/Nokia/Unknown_MM9780S/14,0.ir","14,0",Unknown_MM9780S,0.68,parent_directory,False,[],True
15f740e96e044e38,"_Converted_/CSV/N/Nokia/Unknown_Nokia/14,0.ir","14,0",,0.0,,False,[],True
c5f5923bfa7a2e48,"_Converted_/CSV/N/Nokia/Unknown_NokiaVC620/3,-1.ir","3,-1",Unknown_NokiaVC620,0.68,parent_directory,False,[],True
79864d88bb776bdc,"_Converted_/CSV/N/Nokia/Unknown_RCN610/74,-1.ir","74,-1",Unknown_RCN610,0.68,parent_directory,False,[],True
be1524af9632e5dd,"_Converted_/CSV/N/Nokia/Unknown_VCN620/3,-1.ir","3,-1",Unknown_VCN620,0.68,parent_directory,False,[],True
56f4ebd6d39d23c8,"_Converted_/CSV/N/Nokia/Unknown_VCR/137,119.ir","137,119",,0.0,,False,[],True
688f67981171cadf,"_Converted_/CSV/N/Norcent/Unknown_DP/0,-1.ir","0,-1",,0.0,,False,[],True
8217e6d155367e83,"_Converted_/CSV/N/NorthQ/Unknown_6400/8,-1.ir","8,-1",Unknown_6400,0.68,parent_directory,False,[],True
4e15d77fbf63431b,"_Converted_/CSV/N/Novaplex/Cable_Box/27,-1.ir","27,-1",,0.0,,False,[],True
87ea87c5f739e483,"_Converted_/CSV/N/Now_Broadband_TV/Unknown_Broadband/128,110.ir","128,110",,0.0,,False,[],True
b19cc8aa66eebd96,"_Converted_/CSV/N/Now_Broadband_TV/Unknown_Broadband/64,64.ir","64,64",,0.0,,False,[],True
2d130c24567fa42b,"_Converted_/CSV/O/OSRAM/Unknown_OSRAM/1,0.ir","1,0",,0.0,,False,[],True
ec7d31ba5970d774,"_Converted_/CSV/O/Olevia/Unknown_RC-LTFN/4,-1.ir","4,-1",,0.0,,False,[],True
a95d5cc35a5a9fec,"_Converted_/CSV/O/Olevia/Unknown_RC-LTL/4,185.ir","4,185",,0.0,,False,[],True
8d696968d78adf43,"_Converted_/CSV/O/Olympus/Unknown_RM-1/134,59.ir","134,59",Unknown_RM-1,0.68,parent_directory,False,[],True
6f90b8ae1c7a8d08,"_Converted_/CSV/O/Olympus/Unknown_RM-2/134,59.ir","134,59",Unknown_RM-2,0.68,parent_directory,False,[],True
41e7866e5c629124,"_Converted_/CSV/O/One_For_All/Unknown_7720/0,-1.ir","0,-1",Unknown_7720,0.68,parent_directory,False,[],True
a0b21d32c2b8c30f,"_Converted_/CSV/O/One_For_All/Unknown_For/0,-1.ir","0,-1",,0.0,,False,[],True
ca1126c6213ffbb3,"_Converted_/CSV/O/One_For_All/Unknown_For/8,-1.ir","8,-1",,0.0,,False,[],True
2981dc636eaaba45,"_Converted_/CSV/O/One_For_All/Unknown_One-For-All/0,-1.ir","0,-1",,0.0,,False,[],True
f6fc24cc830af5d6,"_Converted_/CSV/O/One_For_All/Unknown_Phillips/5,-1.ir","5,-1",,0.0,,False,[],True
aa2b4b32b8076512,"_Converted_/CSV/O/One_For_All/Unknown_SAT/32,8.ir","32,8",,0.0,,False,[],True
44b06ad8864aa008,"_Converted_/CSV/O/One_For_All/Unknown_URC-2510(12341)/71,-1.ir","71,-1",,0.0,,False,[],True
2d28b0ceabeab1a8,"_Converted_/CSV/O/One_For_All/Unknown_URC-3021B00-VCR-0081/5,-1.ir","5,-1",Unknown_URC-3021B00-VCR-0081,0.68,parent_directory,False,[],True
89e6743e42ff3a3b,"_Converted_/CSV/O/One_For_All/Unknown_URC-3440/5,-1.ir","5,-1",Unknown_URC-3440,0.68,parent_directory,False,[],True
d54e4d6966738f35,"_Converted_/CSV/O/One_For_All/Unknown_URC-5550/11,-1.ir","11,-1",Unknown_URC-5550,0.68,parent_directory,False,[],True
2470d01cf8a7381a,"_Converted_/CSV/O/One_For_All/Unknown_URC-6012w/2,-1.ir","2,-1",Unknown_URC-6012w,0.68,parent_directory,False,[],True
3363830e8a386322,"_Converted_/CSV/O/One_For_All/Unknown_URC-7020/5,-1.ir","5,-1",Unknown_URC-7020,0.68,parent_directory,False,[],True
19692c057c1f395c,"_Converted_/CSV/O/One_For_All/Unknown_URC-7240/5,-1.ir","5,-1",Unknown_URC-7240,0.68,parent_directory,False,[],True
0686f1cabe670d10,"_Converted_/CSV/O/One_For_All/Unknown_URC-7530/7,-1.ir","7,-1",Unknown_URC-7530,0.68,parent_directory,False,[],True
f1529bd500feee01,"_Converted_/CSV/O/One_For_All/Unknown_URC-7555/0,-1.ir","0,-1",Unknown_URC-7555,0.68,parent_directory,False,[],True
0a01b3905185d3e8,"_Converted_/CSV/O/One_For_All/Unknown_URC-7562/68,-1.ir","68,-1",Unknown_URC-7562,0.68,parent_directory,False,[],True
3e53b3cc0e310506,"_Converted_/CSV/O/One_For_All/Unknown_URC-7710/0,-1.ir","0,-1",Unknown_URC-7710,0.68,parent_directory,False,[],True
1826e8ea47b7052a,"_Converted_/CSV/O/One_For_All/Unknown_URC-8204.1300/32,8.ir","32,8",Unknown_URC-8204.1300,0.68,parent_directory,False,[],True
57e04b4ee697784b,"_Converted_/CSV/O/One_For_All/Unknown_URC-8910/7,-1.ir","7,-1",Unknown_URC-8910,0.68,parent_directory,False,[],True
73c1e6e8134bf373,"_Converted_/CSV/O/One_For_All/Unknown_VCR/113,-1.ir","113,-1",,0.0,,False,[],True
f78c3e4cdbfb6934,"_Converted_/CSV/O/One_For_All/Unknown_control-Philips-0081d/0,-1.ir","0,-1",Unknown_control-Philips-0081d,0.68,parent_directory,False,[],True
10603e08d23195ea,"_Converted_/CSV/O/One_For_All/Unknown_ofa-urc-7550-vcr0150/5,-1.ir","5,-1",Unknown_ofa-urc-7550-vcr0150,0.68,parent_directory,False,[],True
0ee6f1324702e887,"_Converted_/CSV/O/One_For_All/Unknown_urc7562/0,-1.ir","0,-1",Unknown_urc7562,0.68,parent_directory,False,[],True
e208bf2a37ac6601,"_Converted_/CSV/O/One_For_All/Unknown_urc7730/0,-1.ir","0,-1",Unknown_urc7730,0.68,parent_directory,False,[],True
4a9f5ff02ed8b6ed,"_Converted_/CSV/O/Onida/Unknown_DFX/0,-1.ir","0,-1",,0.0,,False,[],True
9723bb773d3aaa50,"_Converted_/CSV/O/Onida/Unknown_TVE/3,-1.ir","3,-1",,0.0,,False,[],True
ccd022028d1b1f91,"_Converted_/CSV/O/Onkyo/Amplifier/210,108.ir","210,108",,0.0,,False,[],True
8eec52017a611292,"_Converted_/CSV/O/Onkyo/Amplifier/210,109.ir","210,109",,0.0,,False,[],True
b5b8982280ab971c,"_Converted_/CSV/O/Onkyo/CD_Player/132,117.ir","132,117",,0.0,,False,[],True
f38177ac7d329af1,"_Converted_/CSV/O/Onkyo/CD_Player/210,109.ir","210,109",,0.0,,False,[],True
ca17d117e3346926,"_Converted_/CSV/O/Onkyo/CD_Player/210,13.ir","210,13",,0.0,,False,[],True
e14298cf0f90ba23,"_Converted_/CSV/O/Onkyo/CD_Player/210,44.ir","210,44",,0.0,,False,[],True
c362a289e8b136f1,"_Converted_/CSV/O/Onkyo/Cassette_Tape/132,89.ir","132,89",,0.0,,False,[],True
d5297ef22fad76d7,"_Converted_/CSV/O/Onkyo/Cassette_Tape/210,13.ir","210,13",,0.0,,False,[],True
1e25196ac0d98699,"_Converted_/CSV/O/Onkyo/DVD_Player/210,43.ir","210,43",,0.0,,False,[],True
67ab0c81bd33da8e,"_Converted_/CSV/O/Onkyo/DVD_Player/69,-1.ir","69,-1",,0.0,,False,[],True
fcbead7373a3ddf7,"_Converted_/CSV/O/Onkyo/Laser_Disc/168,-1.ir","168,-1",,0.0,,False,[],True
26ba8b2824ce334a,"_Converted_/CSV/O/Onkyo/Receiver/210,108.ir","210,108",,0.0,,False,[],True
7591ca2d1e91a04f,"_Converted_/CSV/O/Onkyo/Receiver/210,109.ir","210,109",,0.0,,False,[],True
702b8e2a278d4582,"_Converted_/CSV/O/Onkyo/Tuner/210,109.ir","210,109",,0.0,,False,[],True
fa974f196f4a027b,"_Converted_/CSV/O/Onkyo/Tuner/210,37.ir","210,37",,0.0,,False,[],True
1d9e4468dbd27899,"_Converted_/CSV/O/Onkyo/Unknown/210,109.ir","210,109",,0.0,,False,[],True
a1905634e52d7aed,"_Converted_/CSV/O/Onkyo/Unknown/210,44.ir","210,44",,0.0,,False,[],True
3459f9492dd698a8,"_Converted_/CSV/O/Onkyo/Unknown_CR-70R/210,109.ir","210,109",Unknown_CR-70R,0.68,parent_directory,False,[],True
0f394f6f2d31088b,"_Converted_/CSV/O/Onkyo/Unknown_Onkyo/160,10.ir","160,10",,0.0,,False,[],True
b4ef5402e1f96b76,"_Converted_/CSV/O/Onkyo/Unknown_Onkyo/210,109.ir","210,109",,0.0,,False,[],True
1e64e1a3ff3b9f09,"_Converted_/CSV/O/Onkyo/Unknown_Onkyo/210,44.ir","210,44",,0.0,,False,[],True
0d4ecddcb41a3de1,"_Converted_/CSV/O/Onkyo/Unknown_RC-104C/210,-1.ir","210,-1",Unknown_RC-104C,0.68,parent_directory,False,[],True
28ccd78917fbe280,"_Converted_/CSV/O/Onkyo/Unknown_RC-146T/210,13.ir","210,13",Unknown_RC-146T,0.68,parent_directory,False,[],True
02c350e11753a38d,"_Converted_/CSV/O/Onkyo/Unknown_RC-184s/210,109.ir","210,109",Unknown_RC-184s,0.68,parent_directory,False,[],True
010d8980457801ad,"_Converted_/CSV/O/Onkyo/Unknown_RC-425DV/210,43.ir","210,43",Unknown_RC-425DV,0.68,parent_directory,False,[],True
02bb3cb1794aa851,"_Converted_/CSV/O/Onkyo/Unknown_RC-50/210,-1.ir","210,-1",Unknown_RC-50,0.68,parent_directory,False,[],True
4bd85a0be055e307,"_Converted_/CSV/O/Onkyo/Unknown_RC-682M/210,43.ir","210,43",Unknown_RC-682M,0.68,parent_directory,False,[],True
455fe0fcd2abc86c,"_Converted_/CSV/O/Onkyo/Unknown_rc-211s/210,109.ir","210,109",Unknown_rc-211s,0.68,parent_directory,False,[],True
4a8964cf9b8afb33,"_Converted_/CSV/O/Onkyo/Unknown_rc-252s/210,109.ir","210,109",Unknown_rc-252s,0.68,parent_directory,False,[],True
bf9e071cb425f22a,"_Converted_/CSV/O/Onkyo_Integra/DVD_Changer/210,43.ir","210,43",,0.0,,False,[],True
7c55367dc5f8e422,"_Converted_/CSV/O/Onkyo_Integra/Receiver/210,108.ir","210,108",,0.0,,False,[],True
777548a444991fff,"_Converted_/CSV/O/Onkyo_Integra/Receiver/210,109.ir","210,109",,0.0,,False,[],True
88cef2ce6d7863ae,"_Converted_/CSV/O/Optex/Unknown_ORT/0,-1.ir","0,-1",,0.0,,False,[],True
66a5c7b70ef437d1,"_Converted_/CSV/O/oceanic/Unknown_oceanic/1,-1.ir","1,-1",,0.0,,False,[],True
6dea72b6b5d2b9e8,"_Converted_/CSV/O/orion/Unknown_RC-CB/128,88.ir","128,88",,0.0,,False,[],True
f690e5d46fbccb32,"_Converted_/CSV/O/orion/Unknown_TV-713/0,-1.ir","0,-1",Unknown_TV-713,0.68,parent_directory,False,[],True
52c58a2168148749,"_Converted_/CSV/O/orion/Unknown_orion-RC57/128,126.ir","128,126",Unknown_orion-RC57,0.68,parent_directory,False,[],True
b0d4cfdf55241aeb,"_Converted_/CSV/O/orion/Unknown_orion/128,123.ir","128,123",,0.0,,False,[],True
392d9b61b2ecfb71,"_Converted_/CSV/P/PHAST/PLR-IR1/85,-1.ir","85,-1",PLR-IR1,0.68,parent_directory,False,[],True
82031932575efa2f,"_Converted_/CSV/P/PLU2/Unknown_DVX-345pro/0,-1.ir","0,-1",Unknown_DVX-345pro,0.68,parent_directory,False,[],True
7ef214366dcd9d1c,"_Converted_/CSV/P/PS_Audio/CD_Player/20,-1.ir","20,-1",,0.0,,False,[],True
3b696b9ecea2287d,"_Converted_/CSV/P/Pace/Unknown_DC551P/27,-1.ir","27,-1",Unknown_DC551P,0.68,parent_directory,False,[],True
ca674426bc38e543,"_Converted_/CSV/P/Pace/Unknown_DI4001N/10,-1.ir","10,-1",Unknown_DI4001N,0.68,parent_directory,False,[],True
0736f0c46350f5c2,"_Converted_/CSV/P/Pace/Unknown_DI4010I/10,-1.ir","10,-1",Unknown_DI4010I,0.68,parent_directory,False,[],True
9e545d1b657d60d4,"_Converted_/CSV/P/Pace/Unknown_DS420/16,80.ir","16,80",Unknown_DS420,0.68,parent_directory,False,[],True
5bc99153886ede33,"_Converted_/CSV/P/Pace/Unknown_DS620/132,60.ir","132,60",Unknown_DS620,0.68,parent_directory,False,[],True
18699e278a6b8279,"_Converted_/CSV/P/Pace/Unknown_Digital/0,0.ir","0,0",,0.0,,False,[],True
ee49ac41f168bd8f,"_Converted_/CSV/P/Pace/Unknown_PACE-RC-10/132,60.ir","132,60",Unknown_PACE-RC-10,0.68,parent_directory,False,[],True
b469a5e39e5be6d4,"_Converted_/CSV/P/Pace/Unknown_PaceMSS/1,-1.ir","1,-1",,0.0,,False,[],True
a816669c99491135,"_Converted_/CSV/P/Pace/Unknown_RC-17/132,60.ir","132,60",Unknown_RC-17,0.68,parent_directory,False,[],True
ae5e3ff26c0ee6c8,"_Converted_/CSV/P/Pace/Unknown_RC-30/132,60.ir","132,60",Unknown_RC-30,0.68,parent_directory,False,[],True
7be59965b011e467,"_Converted_/CSV/P/Pace/Unknown_TDS460NNZ/35,128.ir","35,128",Unknown_TDS460NNZ,0.68,parent_directory,False,[],True
563bdb6fdd5ca0ba,"_Converted_/CSV/P/Pace/Unknown_pacetwin/34,-1.ir","34,-1",,0.0,,False,[],True
00d5e70b0371f9f5,"_Converted_/CSV/P/Pace/Unknown_xsat/34,-1.ir","34,-1",,0.0,,False,[],True
4bddd59ed2add9cc,"_Converted_/CSV/P/Packard_Bell/Unknown_PackBell/16,-1.ir","16,-1",,0.0,,False,[],True
ff652f35d54422c1,"_Converted_/CSV/P/Palcom/Unknown_DSL-6/192,-1.ir","192,-1",Unknown_DSL-6,0.68,parent_directory,False,[],True
2359fbaab7c61a1f,"_Converted_/CSV/P/Panasonic/DVD_Player/128,0.ir","128,0",,0.0,,False,[],True
364721904a87ab84,"_Converted_/CSV/P/Panasonic/DVD_Player/160,0.ir","160,0",,0.0,,False,[],True
8c56df0d83243c96,"_Converted_/CSV/P/Panasonic/DVD_Player/160,16.ir","160,16",,0.0,,False,[],True
ac05509c2b676f39,"_Converted_/CSV/P/Panasonic/DVD_Player/160,18.ir","160,18",,0.0,,False,[],True
e1ba4d99c8711ded,"_Converted_/CSV/P/Panasonic/DVD_Player/160,28.ir","160,28",,0.0,,False,[],True
2e46c6bb6632d3cf,"_Converted_/CSV/P/Panasonic/DVD_Player/160,34.ir","160,34",,0.0,,False,[],True
5b91833349671090,"_Converted_/CSV/P/Panasonic/DVD_Player/160,4.ir","160,4",,0.0,,False,[],True
3fc1c2d18db798b9,"_Converted_/CSV/P/Panasonic/DVD_Player/176,0.ir","176,0",,0.0,,False,[],True
af1bc4a7b8be5e0d,"_Converted_/CSV/P/Panasonic/HDTV_Tuner/128,2.ir","128,2",,0.0,,False,[],True
ceb581602a474f14,"_Converted_/CSV/P/Panasonic/Laser_Disc/144,64.ir","144,64",,0.0,,False,[],True
b898400051c82531,"_Converted_/CSV/P/Panasonic/Receiver/160,0.ir","160,0",,0.0,,False,[],True
4a1347ac43faf85d,"_Converted_/CSV/P/Panasonic/Receiver/160,28.ir","160,28",,0.0,,False,[],True
9d173615f6cb09ae,"_Converted_/CSV/P/Panasonic/Receiver/160,4.ir","160,4",,0.0,,False,[],True
c76eacdb3876f275,"_Converted_/CSV/P/Panasonic/TV/128,0.ir","128,0",,0.0,,False,[],True
4a7b087d656575f1,"_Converted_/CSV/P/Panasonic/TV/128,1.ir","128,1",,0.0,,False,[],True
095e65a719e7c1d0,"_Converted_/CSV/P/Panasonic/TV/128,4.ir","128,4",,0.0,,False,[],True
c72cacff3e9ed0f9,"_Converted_/CSV/P/Panasonic/TV/128,9.ir","128,9",,0.0,,False,[],True
6718d61ce5ebf2cd,"_Converted_/CSV/P/Panasonic/Unknown_CARC60EX/129,106.ir","129,106",Unknown_CARC60EX,0.68,parent_directory,False,[],True
ebdfa161ab1eadb2,"_Converted_/CSV/P/Panasonic/Unknown_EUR57510/144,0.ir","144,0",Unknown_EUR57510,0.68,parent_directory,False,[],True
3173e8118e6042a5,"_Converted_/CSV/P/Panasonic/Unknown_EUR642162/160,194.ir","160,194",Unknown_EUR642162,0.68,parent_directory,False,[],True
4edd9778c33663a1,"_Converted_/CSV/P/Panasonic/Unknown_EUR642195/160,194.ir","160,194",Unknown_EUR642195,0.68,parent_directory,False,[],True
325325ae14c854f2,"_Converted_/CSV/P/Panasonic/Unknown_EUR643820/160,194.ir","160,194",Unknown_EUR643820,0.68,parent_directory,False,[],True
870b793e3ec2d3e3,"_Converted_/CSV/P/Panasonic/Unknown_EUR643826/160,194.ir","160,194",Unknown_EUR643826,0.68,parent_directory,False,[],True
b59a49ef069ce6e9,"_Converted_/CSV/P/Panasonic/Unknown_EUR7617010/176,0.ir","176,0",Unknown_EUR7617010,0.68,parent_directory,False,[],True
a2689ff8de6160cc,"_Converted_/CSV/P/Panasonic/Unknown_EUR7621010/176,0.ir","176,0",Unknown_EUR7621010,0.68,parent_directory,False,[],True
02cea36e9d197bb8,"_Converted_/CSV/P/Panasonic/Unknown_EUR7631010/176,0.ir","176,0",Unknown_EUR7631010,0.68,parent_directory,False,[],True
a2b3ea9dc8c91b3b,"_Converted_/CSV/P/Panasonic/Unknown_EUR7914Z20/128,72.ir","128,72",Unknown_EUR7914Z20,0.68,parent_directory,False,[],True
ae404a3c201fbf36,"_Converted_/CSV/P/Panasonic/Unknown_N2QADC000006/128,72.ir","128,72",Unknown_N2QADC000006,0.68,parent_directory,False,[],True
437af9d04c90fcb0,"_Converted_/CSV/P/Panasonic/Unknown_N2QAHB0048/160,194.ir","160,194",Unknown_N2QAHB0048,0.68,parent_directory,False,[],True
67d11709dffecce7,"_Converted_/CSV/P/Panasonic/Unknown_N2QAYB000064/128,72.ir","128,72",Unknown_N2QAYB000064,0.68,parent_directory,False,[],True
127efc6cc618e699,"_Converted_/CSV/P/Panasonic/Unknown_NV-F65/144,0.ir","144,0",Unknown_NV-F65,0.68,parent_directory,False,[],True
03e6ca7b2d8c7c16,"_Converted_/CSV/P/Panasonic/Unknown_PANASONIC/0,-1.ir","0,-1",,0.0,,False,[],True
61be734b8f08751b,"_Converted_/CSV/P/Panasonic/Unknown_PANASONIC/176,0.ir","176,0",,0.0,,False,[],True
1e930b1140b90d4c,"_Converted_/CSV/P/Panasonic/Unknown_Panasonic-EUR571100/144,0.ir","144,0",Unknown_Panasonic-EUR571100,0.68,parent_directory,False,[],True
e375e42933225608,"_Converted_/CSV/P/Panasonic/Unknown_Panasonic-RAK-RX314W/160,194.ir","160,194",Unknown_Panasonic-RAK-RX314W,0.68,parent_directory,False,[],True
277834e654006454,"_Converted_/CSV/P/Panasonic/Unknown_RAK-RX309W/160,194.ir","160,194",Unknown_RAK-RX309W,0.68,parent_directory,False,[],True
23a0bbf4397efea5,"_Converted_/CSV/P/Panasonic/Unknown_RC4346-01B/0,-1.ir","0,-1",Unknown_RC4346-01B,0.68,parent_directory,False,[],True
28c2eb53298a4027,"_Converted_/CSV/P/Panasonic/Unknown_RX-ED70/160,194.ir","160,194",Unknown_RX-ED70,0.68,parent_directory,False,[],True
9532672941818f4b,"_Converted_/CSV/P/Panasonic/Unknown_TV/0,-1.ir","0,-1",,0.0,,False,[],True
1b65b291ba8a3755,"_Converted_/CSV/P/Panasonic/Unknown_VCR/144,1.ir","144,1",,0.0,,False,[],True
5f3e5bda56063312,"_Converted_/CSV/P/Panasonic/Unknown_VEQ0910/144,0.ir","144,0",Unknown_VEQ0910,0.68,parent_directory,False,[],True
075e0e41f17644f5,"_Converted_/CSV/P/Panasonic/Unknown_VEQ1309/144,0.ir","144,0",Unknown_VEQ1309,0.68,parent_directory,False,[],True
95d219cbd49e49b6,"_Converted_/CSV/P/Panasonic/Unknown_VEQ1697/112,8.ir","112,8",Unknown_VEQ1697,0.68,parent_directory,False,[],True
8b3ea7e4a3c72894,"_Converted_/CSV/P/Panasonic/Unknown_VEQ2380/176,0.ir","176,0",Unknown_VEQ2380,0.68,parent_directory,False,[],True
119a9f5ebdb379c3,"_Converted_/CSV/P/Panasonic/Unknown_VSQS0531/2,-1.ir","2,-1",Unknown_VSQS0531,0.68,parent_directory,False,[],True
a8efb85f7558f8ab,"_Converted_/CSV/P/Panasonic/Unknown_cd/160,194.ir","160,194",,0.0,,False,[],True
a09688dbb961d081,"_Converted_/CSV/P/Panasonic/Unknown_panas928/160,194.ir","160,194",Unknown_panas928,0.68,parent_directory,False,[],True
49c9d4473331ac07,"_Converted_/CSV/P/Panasonic/Unknown_panasonic-RAX-RX318W/160,194.ir","160,194",Unknown_panasonic-RAX-RX318W,0.68,parent_directory,False,[],True
d5b1a94daed6ed2e,"_Converted_/CSV/P/Panasonic/Unknown_panasonic.conf/144,0.ir","144,0",,0.0,,False,[],True
477c1a54bf96d264,"_Converted_/CSV/P/Panasonic/Unknown_veq2249/176,0.ir","176,0",Unknown_veq2249,0.68,parent_directory,False,[],True
cefedbaef8d8b591,"_Converted_/CSV/P/Panasonic/VCR/144,0.ir","144,0",,0.0,,False,[],True
a5a97b99206bd8e3,"_Converted_/CSV/P/Panasonic/VCR/144,1.ir","144,1",,0.0,,False,[],True
9f92e19811d76ecc,"_Converted_/CSV/P/Panasonic/VCR/144,5.ir","144,5",,0.0,,False,[],True
f29229707caddd70,"_Converted_/CSV/P/Panasonic/VCR/2,-1.ir","2,-1",,0.0,,False,[],True
11760a08a3a9b9e6,"_Converted_/CSV/P/Panda/Unknown_DVD-6838/0,-1.ir","0,-1",Unknown_DVD-6838,0.68,parent_directory,False,[],True
0316bbf12c2d4b44,"_Converted_/CSV/P/Pansat/Unknown_2500a/0,249.ir","0,249",Unknown_2500a,0.68,parent_directory,False,[],True
492a0134a74b548e,"_Converted_/CSV/P/Pansat/Unknown_2700/8,-1.ir","8,-1",Unknown_2700,0.68,parent_directory,False,[],True
d6d47b31e6d788e5,"_Converted_/CSV/P/Pansat/Unknown_2700a/8,-1.ir","8,-1",Unknown_2700a,0.68,parent_directory,False,[],True
cb3125381b8c8ecc,"_Converted_/CSV/P/Parasound/Receiver/134,97.ir","134,97",,0.0,,False,[],True
fd4bd480b36c063b,"_Converted_/CSV/P/Parasound/Receiver/27,-1.ir","27,-1",,0.0,,False,[],True
4a47294121f3f4f7,"_Converted_/CSV/P/Parasound/Receiver/3,240.ir","3,240",,0.0,,False,[],True
401ebac636a25146,"_Converted_/CSV/P/Parasound/Surround_Processor/3,240.ir","3,240",,0.0,,False,[],True
e15c77ac2646205c,"_Converted_/CSV/P/Peekton/Unknown_IR6005/0,-1.ir","0,-1",Unknown_IR6005,0.68,parent_directory,False,[],True
f3e0f9b212928447,"_Converted_/CSV/P/Philco/Unknown_PCR-111/80,-1.ir","80,-1",Unknown_PCR-111,0.68,parent_directory,False,[],True
48d5238e279dfa32,"_Converted_/CSV/P/Philips/CD-R/20,-1.ir","20,-1",,0.0,,False,[],True
4cfb454fd4243fb7,"_Converted_/CSV/P/Philips/CD-R/26,-1.ir","26,-1",,0.0,,False,[],True
d4b70a4e3cb54aff,"_Converted_/CSV/P/Philips/DSS/133,48.ir","133,48",,0.0,,False,[],True
db5820ed45a1765e,"_Converted_/CSV/P/Philips/DSS/39,-1.ir","39,-1",,0.0,,False,[],True
a2bb2ae70075c0d1,"_Converted_/CSV/P/Philips/DVD_Player/4,-1.ir","4,-1",,0.0,,False,[],True
9c3b815619726e1f,"_Converted_/CSV/P/Philips/Digital_Recorder/133,48.ir","133,48",,0.0,,False,[],True
a0753563ca26388c,"_Converted_/CSV/P/Philips/Receiver/0,-1.ir","0,-1",,0.0,,False,[],True
8fe62571104b561e,"_Converted_/CSV/P/Philips/Receiver/16,-1.ir","16,-1",,0.0,,False,[],True
7bd1d917d6ec219b,"_Converted_/CSV/P/Philips/Receiver/17,-1.ir","17,-1",,0.0,,False,[],True
e7c5076ac32b4a3c,"_Converted_/CSV/P/Philips/Receiver/20,-1.ir","20,-1",,0.0,,False,[],True
ff628b6509ed1cf8,"_Converted_/CSV/P/Philips/Receiver/5,-1.ir","5,-1",,0.0,,False,[],True
8829d44072e1cb72,"_Converted_/CSV/P/Philips/TV/0,-1.ir","0,-1",,0.0,,False,[],True
67e7abbf1c56b84c,"_Converted_/CSV/P/Philips/TV/3,-1.ir","3,-1",,0.0,,False,[],True
4d8d58a0e524c44c,"_Converted_/CSV/P/Philips/Unknown_01/0,-1.ir","0,-1",Unknown_01,0.68,parent_directory,False,[],True
fb608fef0f091ee6,"_Converted_/CSV/P/Philips/Unknown_01/48,-1.ir","48,-1",Unknown_01,0.68,parent_directory,False,[],True
fdf55b3156990a3a,"_Converted_/CSV/P/Philips/Unknown_101/5,-1.ir","5,-1",Unknown_101,0.68,parent_directory,False,[],True
4190fb5e1a2b3692,"_Converted_/CSV/P/Philips/Unknown_130A/138,245.ir","138,245",Unknown_130A,0.68,parent_directory,False,[],True
f1c6af557a36b904,"_Converted_/CSV/P/Philips/Unknown_17PT1563/0,-1.ir","0,-1",Unknown_17PT1563,0.68,parent_directory,False,[],True
b3dccb089ac5a805,"_Converted_/CSV/P/Philips/Unknown_26PFL5604H/0,-1.ir","0,-1",Unknown_26PFL5604H,0.68,parent_directory,False,[],True
130b0bd452e79a3c,"_Converted_/CSV/P/Philips/Unknown_32PFL5403D/0,-1.ir","0,-1",Unknown_32PFL5403D,0.68,parent_directory,False,[],True
b0395e24536cc72a,"_Converted_/CSV/P/Philips/Unknown_5260/0,-1.ir","0,-1",Unknown_5260,0.68,parent_directory,False,[],True
f867355aaf1ace93,"_Converted_/CSV/P/Philips/Unknown_5300/0,-1.ir","0,-1",Unknown_5300,0.68,parent_directory,False,[],True
8a5b231ca7d6417a,"_Converted_/CSV/P/Philips/Unknown_5373/5,-1.ir","5,-1",Unknown_5373,0.68,parent_directory,False,[],True
ae86e48fa973462b,"_Converted_/CSV/P/Philips/Unknown_8243/10,-1.ir","10,-1",Unknown_8243,0.68,parent_directory,False,[],True
f9c4d0861c432a29,"_Converted_/CSV/P/Philips/Unknown_95/5,-1.ir","5,-1",Unknown_95,0.68,parent_directory,False,[],True
2d40032bb5fbc708,"_Converted_/CSV/P/Philips/Unknown_AV5609/5,-1.ir","5,-1",Unknown_AV5609,0.68,parent_directory,False,[],True
3011127df5c74b3c,"_Converted_/CSV/P/Philips/Unknown_CD/20,-1.ir","20,-1",,0.0,,False,[],True
a5ffcde07fd89806,"_Converted_/CSV/P/Philips/Unknown_CD720/20,-1.ir","20,-1",Unknown_CD720,0.68,parent_directory,False,[],True
3d426749989c32ce,"_Converted_/CSV/P/Philips/Unknown_CD723/20,-1.ir","20,-1",Unknown_CD723,0.68,parent_directory,False,[],True
d7b2d5914730e863,"_Converted_/CSV/P/Philips/Unknown_DSX-5500/39,-1.ir","39,-1",Unknown_DSX-5500,0.68,parent_directory,False,[],True
aab108474ab5fb9c,"_Converted_/CSV/P/Philips/Unknown_DVD-724/4,-1.ir","4,-1",Unknown_DVD-724,0.68,parent_directory,False,[],True
703333ac6f67545f,"_Converted_/CSV/P/Philips/Unknown_DVD711/4,-1.ir","4,-1",Unknown_DVD711,0.68,parent_directory,False,[],True
0058a41ac30ecb71,"_Converted_/CSV/P/Philips/Unknown_DVP-5982/4,-1.ir","4,-1",Unknown_DVP-5982,0.68,parent_directory,False,[],True
a78e86360d7d8b92,"_Converted_/CSV/P/Philips/Unknown_DVP-642/4,-1.ir","4,-1",Unknown_DVP-642,0.68,parent_directory,False,[],True
b33de361506862d7,"_Converted_/CSV/P/Philips/Unknown_FW2104/134,83.ir","134,83",Unknown_FW2104,0.68,parent_directory,False,[],True
192a3e5a9d89bf5c,"_Converted_/CSV/P/Philips/Unknown_LV2/20,-1.ir","20,-1",Unknown_LV2,0.68,parent_directory,False,[],True
a94c959e502d24fd,"_Converted_/CSV/P/Philips/Unknown_MULTI/0,-1.ir","0,-1",,0.0,,False,[],True
07b40a00697d2bcd,"_Converted_/CSV/P/Philips/Unknown_MULTI/5,-1.ir","5,-1",,0.0,,False,[],True
aed998da6337bd63,"_Converted_/CSV/P/Philips/Unknown_MULTI/6,-1.ir","6,-1",,0.0,,False,[],True
624a30ad024b6cc9,"_Converted_/CSV/P/Philips/Unknown_PHDVD5/26,154.ir","26,154",Unknown_PHDVD5,0.68,parent_directory,False,[],True
a4ad5d8bfe6adfd3,"_Converted_/CSV/P/Philips/Unknown_PHILIPS/0,-1.ir","0,-1",,0.0,,False,[],True
38800f2b9f24020b,"_Converted_/CSV/P/Philips/Unknown_PHILIPS/34,-1.ir","34,-1",,0.0,,False,[],True
003b7f244ccdf87e,"_Converted_/CSV/P/Philips/Unknown_PM725S/27,-1.ir","27,-1",Unknown_PM725S,0.68,parent_directory,False,[],True
9812afbd9f10eda8,"_Converted_/CSV/P/Philips/Unknown_Philips-PMDVD6T-Universal-AUX/64,47.ir","64,47",Unknown_Philips-PMDVD6T-Universal-AUX,0.68,parent_directory,False,[],True
54fb35cebf67e354,"_Converted_/CSV/P/Philips/Unknown_R-48F01/20,-1.ir","20,-1",Unknown_R-48F01,0.68,parent_directory,False,[],True
4da6aabae3785a66,"_Converted_/CSV/P/Philips/Unknown_RC-2012/4,-1.ir","4,-1",Unknown_RC-2012,0.68,parent_directory,False,[],True
f1cf376bedfa6459,"_Converted_/CSV/P/Philips/Unknown_RC-5/0,-1.ir","0,-1",Unknown_RC-5,0.68,parent_directory,False,[],True
0f384c335cffb719,"_Converted_/CSV/P/Philips/Unknown_RC-5/5,-1.ir","5,-1",Unknown_RC-5,0.68,parent_directory,False,[],True
252f39f893e42d76,"_Converted_/CSV/P/Philips/Unknown_RC-7843/0,-1.ir","0,-1",Unknown_RC-7843,0.68,parent_directory,False,[],True
b5f0b069d082a977,"_Converted_/CSV/P/Philips/Unknown_RC/0,-1.ir","0,-1",,0.0,,False,[],True
27db1efaea090211,"_Converted_/CSV/P/Philips/Unknown_RC/20,-1.ir","20,-1",,0.0,,False,[],True
b87b6e25c745ae7a,"_Converted_/CSV/P/Philips/Unknown_RC19042002/0,-1.ir","0,-1",Unknown_RC19042002,0.68,parent_directory,False,[],True
9f67efc645db3917,"_Converted_/CSV/P/Philips/Unknown_RC19237006/4,-1.ir","4,-1",Unknown_RC19237006,0.68,parent_directory,False,[],True
b37733fa2e6bcac2,"_Converted_/CSV/P/Philips/Unknown_RC19335003-01P/0,-1.ir","0,-1",Unknown_RC19335003-01P,0.68,parent_directory,False,[],True
9f3038515ecb5837,"_Converted_/CSV/P/Philips/Unknown_RC2034302/0,-1.ir","0,-1",Unknown_RC2034302,0.68,parent_directory,False,[],True
cbdaa3c37436b44a,"_Converted_/CSV/P/Philips/Unknown_RC2070/0,-1.ir","0,-1",Unknown_RC2070,0.68,parent_directory,False,[],True
5191d37d7d4529ce,"_Converted_/CSV/P/Philips/Unknown_RC2582/39,-1.ir","39,-1",Unknown_RC2582,0.68,parent_directory,False,[],True
5f72095368bd69c3,"_Converted_/CSV/P/Philips/Unknown_RC5-BP6/0,-1.ir","0,-1",Unknown_RC5-BP6,0.68,parent_directory,False,[],True
aee07fc10e38aeae,"_Converted_/CSV/P/Philips/Unknown_RC7507/5,-1.ir","5,-1",Unknown_RC7507,0.68,parent_directory,False,[],True
552e4eb376977bd3,"_Converted_/CSV/P/Philips/Unknown_RC7843/0,-1.ir","0,-1",Unknown_RC7843,0.68,parent_directory,False,[],True
a328bfa23d12d09e,"_Converted_/CSV/P/Philips/Unknown_RC7925/26,-1.ir","26,-1",Unknown_RC7925,0.68,parent_directory,False,[],True
3f57e4645f2d9982,"_Converted_/CSV/P/Philips/Unknown_RC8244/10,-1.ir","10,-1",Unknown_RC8244,0.68,parent_directory,False,[],True
4b0569a31c49921f,"_Converted_/CSV/P/Philips/Unknown_RC8861/1,-1.ir","1,-1",Unknown_RC8861,0.68,parent_directory,False,[],True
fb49a96c621460fc,"_Converted_/CSV/P/Philips/Unknown_RCLE011/0,-1.ir","0,-1",Unknown_RCLE011,0.68,parent_directory,False,[],True
89a5dad1a78ebca9,"_Converted_/CSV/P/Philips/Unknown_RD6834/20,-1.ir","20,-1",Unknown_RD6834,0.68,parent_directory,False,[],True
9fb606111f7615ce,"_Converted_/CSV/P/Philips/Unknown_RT150/5,-1.ir","5,-1",Unknown_RT150,0.68,parent_directory,False,[],True
47d5aee05023b4ec,"_Converted_/CSV/P/Philips/Unknown_RU120/0,-1.ir","0,-1",Unknown_RU120,0.68,parent_directory,False,[],True
d8021bd33f99b18d,"_Converted_/CSV/P/Philips/Unknown_SBC-RU-520/5,-1.ir","5,-1",Unknown_SBC-RU-520,0.68,parent_directory,False,[],True
8b5e44c02831139c,"_Converted_/CSV/P/Philips/Unknown_SBC/0,-1.ir","0,-1",,0.0,,False,[],True
2d1adf0d507ff4af,"_Converted_/CSV/P/Philips/Unknown_SBC/6,-1.ir","6,-1",,0.0,,False,[],True
feecb9825718bae5,"_Converted_/CSV/P/Philips/Unknown_SF172/39,-1.ir","39,-1",Unknown_SF172,0.68,parent_directory,False,[],True
6c0ec8a6117230b5,"_Converted_/CSV/P/Philips/Unknown_SRM5100/4,15.ir","4,15",Unknown_SRM5100,0.68,parent_directory,False,[],True
42103dbab590a3e6,"_Converted_/CSV/P/Philips/Unknown_SRU/0,-1.ir","0,-1",,0.0,,False,[],True
3737f1e5e0a9723e,"_Converted_/CSV/P/Philips/Unknown_STEREO/164,164.ir","164,164",,0.0,,False,[],True
2ed22205ca4e17c6,"_Converted_/CSV/P/Philips/Unknown_TIVO/133,48.ir","133,48",,0.0,,False,[],True
481ee504129574d1,"_Converted_/CSV/P/Philips/Unknown_TIVO34/133,48.ir","133,48",Unknown_TIVO34,0.68,parent_directory,False,[],True
355c5d63925c42d7,"_Converted_/CSV/P/Philips/Unknown_TV/0,-1.ir","0,-1",,0.0,,False,[],True
92a1d846107e42d2,"_Converted_/CSV/P/Philips/Unknown_VCR/5,-1.ir","5,-1",,0.0,,False,[],True
2971c528133d2494,"_Converted_/CSV/P/Philips/Unknown_VR175/5,-1.ir","5,-1",Unknown_VR175,0.68,parent_directory,False,[],True
2b978319f60cfa1c,"_Converted_/CSV/P/Philips/Unknown_digital/0,-1.ir","0,-1",,0.0,,False,[],True
c22d3b06744cdd61,"_Converted_/CSV/P/Philips/Unknown_dvd712/4,-1.ir","4,-1",Unknown_dvd712,0.68,parent_directory,False,[],True
797e5fe4df8dc6e8,"_Converted_/CSV/P/Philips/Unknown_philips-rc2592-MODE-v1/8,-1.ir","8,-1",Unknown_philips-rc2592-MODE-v1,0.68,parent_directory,False,[],True
a33f7847f9e438bc,"_Converted_/CSV/P/Philips/Unknown_rd5860.conf/20,-1.ir","20,-1",Unknown_rd5860.conf,0.68,parent_directory,False,[],True
74bafcb6ac5c4737,"_Converted_/CSV/P/Philips/Unknown_uDigital/0,-1.ir","0,-1",,0.0,,False,[],True
5f0300cdbd133453,"_Converted_/CSV/P/Philips/VCR/5,-1.ir","5,-1",,0.0,,False,[],True
5474f1bd5f6fa76c,"_Converted_/CSV/P/Phonotrend/Unknown_Prestige/4,-1.ir","4,-1",,0.0,,False,[],True
249964d1da664594,"_Converted_/CSV/P/Pinnacle_Systems/Unknown_300i/17,20.ir","17,20",Unknown_300i,0.68,parent_directory,False,[],True
0415b1749a2def28,"_Converted_/CSV/P/Pinnacle_Systems/Unknown_800i/7,-1.ir","7,-1",Unknown_800i,0.68,parent_directory,False,[],True
1cf468416aa34532,"_Converted_/CSV/P/Pinnacle_Systems/Unknown_PCTV/7,-1.ir","7,-1",,0.0,,False,[],True
98dd2a9254de96ad,"_Converted_/CSV/P/Pinnacle_Systems/Unknown_RC-42D/7,-1.ir","7,-1",Unknown_RC-42D,0.68,parent_directory,False,[],True
3525356c37b64990,"_Converted_/CSV/P/Pioneer/Amplifier/162,-1.ir","162,-1",,0.0,,False,[],True
32f2e37c5e1451c1,"_Converted_/CSV/P/Pioneer/Amplifier/164,-1.ir","164,-1",,0.0,,False,[],True
ee116199fb0be8b1,"_Converted_/CSV/P/Pioneer/Amplifier/165,-1.ir","165,-1",,0.0,,False,[],True
7af19ac02088d0eb,"_Converted_/CSV/P/Pioneer/CD_Jukebox/162,-1.ir","162,-1",,0.0,,False,[],True
d82fdbbd35d03186,"_Converted_/CSV/P/Pioneer/CD_Player/162,-1.ir","162,-1",,0.0,,False,[],True
ff80b2e396169401,"_Converted_/CSV/P/Pioneer/Cable_Box/168,40.ir","168,40",,0.0,,False,[],True
a8b9448945110c48,"_Converted_/CSV/P/Pioneer/Cable_Box/170,-1.ir","170,-1",,0.0,,False,[],True
5912602420dba6e5,"_Converted_/CSV/P/Pioneer/Cable_Box/172,-1.ir","172,-1",,0.0,,False,[],True
deaf2c247eeb3ff3,"_Converted_/CSV/P/Pioneer/Cassette_Tape/161,-1.ir","161,-1",,0.0,,False,[],True
4faddd649e8b2c7d,"_Converted_/CSV/P/Pioneer/DVD_Changer/163,-1.ir","163,-1",,0.0,,False,[],True
54914d0444de00a4,"_Converted_/CSV/P/Pioneer/DVD_Changer/175,-1.ir","175,-1",,0.0,,False,[],True
6aafc0ede2eaa34b,"_Converted_/CSV/P/Pioneer/DVD_Jukebox/163,-1.ir","163,-1",,0.0,,False,[],True
86ace69fca5e6caa,"_Converted_/CSV/P/Pioneer/DVD_Jukebox/175,-1.ir","175,-1",,0.0,,False,[],True
4349aca7ebd75a23,"_Converted_/CSV/P/Pioneer/DVD_Player/163,-1.ir","163,-1",,0.0,,False,[],True
1f4ed5bd165602e3,"_Converted_/CSV/P/Pioneer/DVD_Player/175,-1.ir","175,-1",,0.0,,False,[],True
671e3eeec18fda16,"_Converted_/CSV/P/Pioneer/Laser_Disc/163,-1.ir","163,-1",,0.0,,False,[],True
42ae6c413a79d9ff,"_Converted_/CSV/P/Pioneer/Laser_Disc/168,-1.ir","168,-1",,0.0,,False,[],True
d8c51357106de828,"_Converted_/CSV/P/Pioneer/Laser_Disc/175,-1.ir","175,-1",,0.0,,False,[],True
00816390b1f76658,"_Converted_/CSV/P/Pioneer/Receiver/164,-1.ir","164,-1",,0.0,,False,[],True
8b9e99462d623505,"_Converted_/CSV/P/Pioneer/Receiver/165,-1.ir","165,-1",,0.0,,False,[],True
6d26a1b9243e5bb0,"_Converted_/CSV/P/Pioneer/TV/170,-1.ir","170,-1",,0.0,,False,[],True
906fa2d6839f6b63,"_Converted_/CSV/P/Pioneer/TV/175,-1.ir","175,-1",,0.0,,False,[],True
10f621df2993526f,"_Converted_/CSV/P/Pioneer/Unknown_AXD-1531/170,-1.ir","170,-1",Unknown_AXD-1531,0.68,parent_directory,False,[],True
5b34f6f733bb5455,"_Converted_/CSV/P/Pioneer/Unknown_AXD-7306/166,-1.ir","166,-1",Unknown_AXD-7306,0.68,parent_directory,False,[],True
afc54a7309ca14bf,"_Converted_/CSV/P/Pioneer/Unknown_CD/162,-1.ir","162,-1",,0.0,,False,[],True
db5ca15c11cf19a9,"_Converted_/CSV/P/Pioneer/Unknown_CU-CLD067/168,-1.ir","168,-1",Unknown_CU-CLD067,0.68,parent_directory,False,[],True
5cd4b0717c6193c4,"_Converted_/CSV/P/Pioneer/Unknown_CU-CLD106/168,-1.ir","168,-1",Unknown_CU-CLD106,0.68,parent_directory,False,[],True
d4505a33d847ce12,"_Converted_/CSV/P/Pioneer/Unknown_CU-PD008/162,-1.ir","162,-1",Unknown_CU-PD008,0.68,parent_directory,False,[],True
d9262336a54d907d,"_Converted_/CSV/P/Pioneer/Unknown_CU-PD038/162,-1.ir","162,-1",Unknown_CU-PD038,0.68,parent_directory,False,[],True
ffd2b1321888b706,"_Converted_/CSV/P/Pioneer/Unknown_CU-PD046/162,-1.ir","162,-1",Unknown_CU-PD046,0.68,parent_directory,False,[],True
b0114714738cf95f,"_Converted_/CSV/P/Pioneer/Unknown_CU-PD069/162,-1.ir","162,-1",Unknown_CU-PD069,0.68,parent_directory,False,[],True
c805b9645646608f,"_Converted_/CSV/P/Pioneer/Unknown_CU-PD085/162,-1.ir","162,-1",Unknown_CU-PD085,0.68,parent_directory,False,[],True
ba2ccc2aef48144a,"_Converted_/CSV/P/Pioneer/Unknown_CU-PD089/162,-1.ir","162,-1",Unknown_CU-PD089,0.68,parent_directory,False,[],True
f03cb27cfbfa971a,"_Converted_/CSV/P/Pioneer/Unknown_DEH-D8850/0,-1.ir","0,-1",Unknown_DEH-D8850,0.68,parent_directory,False,[],True
b506344d2994f781,"_Converted_/CSV/P/Pioneer/Unknown_PD-M650/162,-1.ir","162,-1",Unknown_PD-M650,0.68,parent_directory,False,[],True
051f2481b1e560ee,"_Converted_/CSV/P/Pioneer/Unknown_Pioneer-CU-XR014/2,1.ir","2,1",Unknown_Pioneer-CU-XR014,0.68,parent_directory,False,[],True
4184896946d19a0d,"_Converted_/CSV/P/Pioneer/Unknown_VXX2801/163,-1.ir","163,-1",Unknown_VXX2801,0.68,parent_directory,False,[],True
885de564e3c977b0,"_Converted_/CSV/P/Pioneer/Unknown_cu-pd096/162,-1.ir","162,-1",Unknown_cu-pd096,0.68,parent_directory,False,[],True
781c40b0b2159568,"_Converted_/CSV/P/Pioneer/Unknown_pioneer/162,-1.ir","162,-1",,0.0,,False,[],True
786edf795ca6b923,"_Converted_/CSV/P/Pioneer/Unknown_pioneer/168,-1.ir","168,-1",,0.0,,False,[],True
e13535ce5d548cec,"_Converted_/CSV/P/PixelView/Unknown_2000/63,-1.ir","63,-1",Unknown_2000,0.68,parent_directory,False,[],True
02dc768872209836,"_Converted_/CSV/P/PixelView/Unknown_PlayTV/134,107.ir","134,107",,0.0,,False,[],True
f013f7915ab5ff33,"_Converted_/CSV/P/Polaroid/Unknown_DVDP-1000/32,-1.ir","32,-1",Unknown_DVDP-1000,0.68,parent_directory,False,[],True
2a3f9cef7030278c,"_Converted_/CSV/P/Pragmatic/Router/172,-1.ir","172,-1",,0.0,,False,[],True
b0f7f2b9b5d28680,"_Converted_/CSV/P/ProPlay/Unknown_PS2/0,246.ir","0,246",Unknown_PS2,0.68,parent_directory,False,[],True
9fc9d546c2a05a5b,"_Converted_/CSV/P/Proceed/Surround_Processor/5,-1.ir","5,-1",,0.0,,False,[],True
ed6dd58b8b8c954e,"_Converted_/CSV/P/Proscan/DVD_Player/15,-1.ir","15,-1",,0.0,,False,[],True
24e740d9d24871ea,"_Converted_/CSV/P/Proscan/DVD_Player/5,-1.ir","5,-1",,0.0,,False,[],True
c8fabeb01c02c28f,"_Converted_/CSV/P/Proscan/TV/15,-1.ir","15,-1",,0.0,,False,[],True
f57f46f2318a96b2,"_Converted_/CSV/P/Proscan/Unknown_proscan-vcr/14,-1.ir","14,-1",,0.0,,False,[],True
6f0e204afd2e7111,"_Converted_/CSV/P/Protek/Unknown_Protek/1,-1.ir","1,-1",,0.0,,False,[],True
ef692664da736402,"_Converted_/CSV/P/Proton/TV/17,-1.ir","17,-1",,0.0,,False,[],True
8028ddb35f7c9ad8,"_Converted_/CSV/P/Proton/TV/2,-1.ir","2,-1",,0.0,,False,[],True
210a3178adb99806,"_Converted_/CSV/P/Proton/TV/3,-1.ir","3,-1",,0.0,,False,[],True
85e8e221c15568e3,"_Converted_/CSV/P/Proton/TV/4,-1.ir","4,-1",,0.0,,False,[],True
3c0fa77328b2240a,"_Converted_/CSV/P/Provideo/Unknown_PV951/134,107.ir","134,107",Unknown_PV951,0.68,parent_directory,False,[],True
b1f3efbb43bc5662,"_Converted_/CSV/P/Provision/Unknown_PR-DVD2.0/1,-1.ir","1,-1",Unknown_PR-DVD2.0,0.68,parent_directory,False,[],True
99b52325757ca474,"_Converted_/CSV/P/Provision/Unknown_PRDVD2166/0,153.ir","0,153",Unknown_PRDVD2166,0.68,parent_directory,False,[],True
2d9805ccd6d5a912,"_Converted_/CSV/P/palmbutler/Unknown_palmbutler/7,-1.ir","7,-1",,0.0,,False,[],True
6388aa3ac85718ed,"_Converted_/CSV/Q/QUADRAL/Unknown_RC-804/19,1.ir","19,1",Unknown_RC-804,0.68,parent_directory,False,[],True
55a639c2aac9ea22,"_Converted_/CSV/Q/Quasar/TV/128,0.ir","128,0",,0.0,,False,[],True
9e4fe8a30945f5d9,"_Converted_/CSV/R/RCA/DSS/15,-1.ir","15,-1",,0.0,,False,[],True
48f1da22382714f8,"_Converted_/CSV/R/RCA/DSS/7,-1.ir","7,-1",,0.0,,False,[],True
c996eebe8b104bba,"_Converted_/CSV/R/RCA/DVD_Player/5,-1.ir","5,-1",,0.0,,False,[],True
0c99ccdfd8ef95c5,"_Converted_/CSV/R/RCA/Laser_Disc/13,-1.ir","13,-1",,0.0,,False,[],True
468470e0992e95db,"_Converted_/CSV/R/RCA/TV/14,-1.ir","14,-1",,0.0,,False,[],True
3d73b2bfe12391a0,"_Converted_/CSV/R/RCA/TV/15,-1.ir","15,-1",,0.0,,False,[],True
758e56b3cfb3fc14,"_Converted_/CSV/R/RCA/TV/7,-1.ir","7,-1",,0.0,,False,[],True
3ca5e123412f6e68,"_Converted_/CSV/R/RCA/Unknown_BR-RCA/39,-1.ir","39,-1",,0.0,,False,[],True
adfdab44407a8fc6,"_Converted_/CSV/R/RCA/Unknown_DTA800b/7,-1.ir","7,-1",Unknown_DTA800b,0.68,parent_directory,False,[],True
b6e237db94412fd4,"_Converted_/CSV/R/RCA/Unknown_R130A1/15,-1.ir","15,-1",Unknown_R130A1,0.68,parent_directory,False,[],True
eabd73ef4ab74555,"_Converted_/CSV/R/RCA/Unknown_RCA-F20507CP/15,-1.ir","15,-1",Unknown_RCA-F20507CP,0.68,parent_directory,False,[],True
c759773ede15d865,"_Converted_/CSV/R/RCA/Unknown_RCZ/135,94.ir","135,94",,0.0,,False,[],True
8d3dc39454f9af1b,"_Converted_/CSV/R/RCA/Unknown_TV/15,-1.ir","15,-1",,0.0,,False,[],True
09f8994c34ada552,"_Converted_/CSV/R/RCA/VCR/14,-1.ir","14,-1",,0.0,,False,[],True
081fc2b3931334e9,"_Converted_/CSV/R/RCA/VCR/15,-1.ir","15,-1",,0.0,,False,[],True
72660b59dcdbb8ac,"_Converted_/CSV/R/RSQ/Karaoke/179,-1.ir","179,-1",,0.0,,False,[],True
26f1ecf856a57a81,"_Converted_/CSV/R/RSQ/Karaoke/191,-1.ir","191,-1",,0.0,,False,[],True
475d3f00b8625b16,"_Converted_/CSV/R/RSQ/Karaoke/3,-1.ir","3,-1",,0.0,,False,[],True
b01d8dc9d74e5aa9,"_Converted_/CSV/R/Radio_Shack/Unknown_RS2142/5,-1.ir","5,-1",Unknown_RS2142,0.68,parent_directory,False,[],True
20af4c180cd1d3b6,"_Converted_/CSV/R/Radio_Shack/Unknown_RadioShack/3,1.ir","3,1",,0.0,,False,[],True
f37fff31590db168,"_Converted_/CSV/R/Radio_Shack/Unknown_Radioshack2115/5,-1.ir","5,-1",Unknown_Radioshack2115,0.68,parent_directory,False,[],True
e9c5aa83abf3663c,"_Converted_/CSV/R/Radix/Unknown_Alpha/138,245.ir","138,245",,0.0,,False,[],True
0091f1f0763a0497,"_Converted_/CSV/R/Radix/Unknown_DT-X1/0,127.ir","0,127",Unknown_DT-X1,0.68,parent_directory,False,[],True
f0ff3afefd7cb9df,"_Converted_/CSV/R/Radix/Unknown_DTR-9000-Twin/0,127.ir","0,127",Unknown_DTR-9000-Twin,0.68,parent_directory,False,[],True
6f2b706aa7d65cd3,"_Converted_/CSV/R/Radix/Unknown_SAT/138,245.ir","138,245",,0.0,,False,[],True
31cf707a2c4d7b36,"_Converted_/CSV/R/Radix/Unknown_lircd.conf/0,127.ir","0,127",,0.0,,False,[],True
88ff67989ad074cb,"_Converted_/CSV/R/Radix/Unknown_radix/138,245.ir","138,245",,0.0,,False,[],True
c3f31256473f28c2,"_Converted_/CSV/R/Raite/Unknown_RaiteDVD-7xx/32,-1.ir","32,-1",Unknown_RaiteDVD-7xx,0.68,parent_directory,False,[],True
20d4ef335b07c2f1,"_Converted_/CSV/R/Ranex/Unknown_RGB/64,-1.ir","64,-1",,0.0,,False,[],True
7873747209c52055,"_Converted_/CSV/R/Re.x/Unknown_SDVD/0,-1.ir","0,-1",,0.0,,False,[],True
a1c6b908d2126ac5,"_Converted_/CSV/R/Recor/Unknown_IRC-1304/7,-1.ir","7,-1",Unknown_IRC-1304,0.68,parent_directory,False,[],True
3a287bbc9351b96a,"_Converted_/CSV/R/Rega/Receiver/110,-1.ir","110,-1",,0.0,,False,[],True
74a61ed9c2c3684f,"_Converted_/CSV/R/Rega/Receiver/135,124.ir","135,124",,0.0,,False,[],True
75e91d68325d31a8,"_Converted_/CSV/R/Rega/Receiver/16,-1.ir","16,-1",,0.0,,False,[],True
5184ba2ec21ddba1,"_Converted_/CSV/R/ReplayTV/Unknown_5000/1,0.ir","1,0",Unknown_5000,0.68,parent_directory,False,[],True
73cfa567d43d7e26,"_Converted_/CSV/R/Replay_Networks/Digital_Recorder/1,0.ir","1,0",,0.0,,False,[],True
9e3a1dfc5f52e243,"_Converted_/CSV/R/Revo/Unknown_Blik/0,-1.ir","0,-1",,0.0,,False,[],True
3163649b0f4e1663,"_Converted_/CSV/R/Revoy/Unknown_Revoy2200/0,153.ir","0,153",Unknown_Revoy2200,0.68,parent_directory,False,[],True
38e34c994c1d4bb8,"_Converted_/CSV/R/Rio/Unknown_Audio/130,19.ir","130,19",,0.0,,False,[],True
757df37be9ebbf06,"_Converted_/CSV/R/Roku/Unknown_Netflix/190,239.ir","190,239",,0.0,,False,[],True
d165ca30fc7307ef,"_Converted_/CSV/R/Roku/Unknown_Soundbridge/111,-1.ir","111,-1",,0.0,,False,[],True
9ac4d916ecffb98c,"_Converted_/CSV/R/Rolsen/Unknown_DK5A/1,-1.ir","1,-1",Unknown_DK5A,0.68,parent_directory,False,[],True
85d9483aaef874cb,"_Converted_/CSV/R/Rolsen/Unknown_K10B-C1/14,14.ir","14,14",Unknown_K10B-C1,0.68,parent_directory,False,[],True
aed32b0651cf498f,"_Converted_/CSV/R/Rotel/CD_Player/20,-1.ir","20,-1",,0.0,,False,[],True
e4dc23abcf7b2fc8,"_Converted_/CSV/R/Rotel/Tuner/82,0.ir","82,0",,0.0,,False,[],True
6dd5888afce9134b,"_Converted_/CSV/R/Rotel/Unknown_RR-925/131,18.ir","131,18",Unknown_RR-925,0.68,parent_directory,False,[],True
66d7f28a36aae417,"_Converted_/CSV/R/Rowa/Unknown_RDVD104/0,-1.ir","0,-1",Unknown_RDVD104,0.68,parent_directory,False,[],True
9d17b1cba4e2d548,"_Converted_/CSV/R/Runco/Line_Doubler/4,-1.ir","4,-1",,0.0,,False,[],True
868b15fca6619c97,"_Converted_/CSV/R/Runco/Video_Controller/1,-1.ir","1,-1",,0.0,,False,[],True
a9537c2a5af11b4e,"_Converted_/CSV/R/Runco/Video_Projector/1,-1.ir","1,-1",,0.0,,False,[],True
1ac22034093e0ff7,"_Converted_/CSV/R/Runco/Video_Projector/24,247.ir","24,247",,0.0,,False,[],True
054b3287c6f53a1b,"_Converted_/CSV/R/Runco/Video_Projector/5,1.ir","5,1",,0.0,,False,[],True
784d28c1dcdf1cdf,"_Converted_/CSV/R/Russound/Music_Server/10,-1.ir","10,-1",,0.0,,False,[],True
961384e91d24a653,"_Converted_/CSV/R/remotec/Unknown_TV/0,-1.ir","0,-1",,0.0,,False,[],True
cc156cf0d93ba106,"_Converted_/CSV/R/remotec/Unknown_remotec/0,-1.ir","0,-1",,0.0,,False,[],True
d0d95387559b13cf,"_Converted_/CSV/R/remotec/Unknown_remotec1072/5,-1.ir","5,-1",Unknown_remotec1072,0.68,parent_directory,False,[],True
6797a4ce5f8c2de8,"_Converted_/CSV/R/remotec/Unknown_rm200/1,-1.ir","1,-1",Unknown_rm200,0.68,parent_directory,False,[],True
252d20a8dff9064b,"_Converted_/CSV/R/roadstar/Unknown_dvd/136,-1.ir","136,-1",,0.0,,False,[],True
c316ff14b8e8983d,"_Converted_/CSV/R/rubin/Unknown_rubin/0,-1.ir","0,-1",,0.0,,False,[],True
7dbdabbb946dd3f6,"_Converted_/CSV/S/SAB/Unknown_Explorer/1,-1.ir","1,-1",,0.0,,False,[],True
0cce5e982429d41b,"_Converted_/CSV/S/SABA/Unknown_SabaTC460/7,-1.ir","7,-1",Unknown_SabaTC460,0.68,parent_directory,False,[],True
7e7998b079ce4b00,"_Converted_/CSV/S/SABA/Unknown_TC3003/7,-1.ir","7,-1",Unknown_TC3003,0.68,parent_directory,False,[],True
8754a9221c245f96,"_Converted_/CSV/S/SEG/Unknown_E6900-X020A/2,-1.ir","2,-1",Unknown_E6900-X020A,0.68,parent_directory,False,[],True
1857a307c264a078,"_Converted_/CSV/S/SEG/Unknown_SEG-DVD-430/32,-1.ir","32,-1",Unknown_SEG-DVD-430,0.68,parent_directory,False,[],True
5c5af1220a237843,"_Converted_/CSV/S/SEG/Unknown_SEG-VCR4300/21,-1.ir","21,-1",Unknown_SEG-VCR4300,0.68,parent_directory,False,[],True
0c2d64c7c6405781,"_Converted_/CSV/S/SEG/Unknown_SR-040/133,115.ir","133,115",Unknown_SR-040,0.68,parent_directory,False,[],True
68f4f27581f7378c,"_Converted_/CSV/S/SEG/Unknown_SR-201/66,253.ir","66,253",Unknown_SR-201,0.68,parent_directory,False,[],True
5c411ed6584e0aa9,"_Converted_/CSV/S/SEG/Unknown_SR800/4,-1.ir","4,-1",Unknown_SR800,0.68,parent_directory,False,[],True
ad944d0071bf96a0,"_Converted_/CSV/S/SEG/Unknown_VCR/21,-1.ir","21,-1",,0.0,,False,[],True
76da00d4b8f86271,"_Converted_/CSV/S/SEG/Unknown_VCR2000/134,124.ir","134,124",Unknown_VCR2000,0.68,parent_directory,False,[],True
21b29a80745a3c00,"_Converted_/CSV/S/ST/Unknown_DTTRC-4/1,-1.ir","1,-1",Unknown_DTTRC-4,0.68,parent_directory,False,[],True
805909bc320b2648,"_Converted_/CSV/S/ST/Unknown_HMP/8,-1.ir","8,-1",,0.0,,False,[],True
0270e98dfbfbe934,"_Converted_/CSV/S/STRONG/8209_DVB-T2/1,254.ir","1,254",8209_DVB-T2,0.68,parent_directory,False,[],True
44914d56641f5556,"_Converted_/CSV/S/STRONG/8821_DVB-T/2,2.ir","2,2",8821_DVB-T,0.68,parent_directory,False,[],True
23c554b0c7d15685,"_Converted_/CSV/S/STRONG/Unknown_STRONG/128,119.ir","128,119",,0.0,,False,[],True
9425a93224352ce3,"_Converted_/CSV/S/SUPERSQNY/Unknown_KM-168/0,-1.ir","0,-1",Unknown_KM-168,0.68,parent_directory,False,[],True
6375f94afb264e66,"_Converted_/CSV/S/SVEN/Unknown_HT-475/24,-1.ir","24,-1",Unknown_HT-475,0.68,parent_directory,False,[],True
37922481eb6f2a1d,"_Converted_/CSV/S/SVEN/Unknown_IHOO/24,-1.ir","24,-1",,0.0,,False,[],True
01ff18f2e309a9ac,"_Converted_/CSV/S/Sagem/Unknown_DVB-T-Receiver/135,94.ir","135,94",,0.0,,False,[],True
ddf5bf115ff7b8fe,"_Converted_/CSV/S/Sagem/Unknown_HD103-C/135,94.ir","135,94",Unknown_HD103-C,0.68,parent_directory,False,[],True
9cda8868b61f17dd,"_Converted_/CSV/S/Sagem/Unknown_Sagem/135,94.ir","135,94",,0.0,,False,[],True
8122e812827470f0,"_Converted_/CSV/S/Salora/Unknown_SV6700/49,-1.ir","49,-1",Unknown_SV6700,0.68,parent_directory,False,[],True
be7df56e3445dff8,"_Converted_/CSV/S/Samsung/Air_Conditioner/1,8.ir","1,8",,0.0,,False,[],True
e07e954b93e27135,"_Converted_/CSV/S/Samsung/Rear_Projection_DLP_TV/7,7.ir","7,7",,0.0,,False,[],True
3b0d8132f68cba40,"_Converted_/CSV/S/Samsung/TV/7,7.ir","7,7",,0.0,,False,[],True
b9fc1279bf7bb2f3,"_Converted_/CSV/S/Samsung/Unknown_00011k/102,0.ir","102,0",Unknown_00011k,0.68,parent_directory,False,[],True
10b2cd371d4c2da8,"_Converted_/CSV/S/Samsung/Unknown_00021c/5,5.ir","5,5",Unknown_00021c,0.68,parent_directory,False,[],True
0da98f27eee5595f,"_Converted_/CSV/S/Samsung/Unknown_00054d/102,0.ir","102,0",Unknown_00054d,0.68,parent_directory,False,[],True
05ee9ff1b40ade50,"_Converted_/CSV/S/Samsung/Unknown_00056A/102,0.ir","102,0",Unknown_00056A,0.68,parent_directory,False,[],True
2a8e89e04782549e,"_Converted_/CSV/S/Samsung/Unknown_00077A/7,7.ir","7,7",Unknown_00077A,0.68,parent_directory,False,[],True
c2a5ce6d0b0de9da,"_Converted_/CSV/S/Samsung/Unknown_00092M/102,0.ir","102,0",Unknown_00092M,0.68,parent_directory,False,[],True
93e8ea8738c3bbc6,"_Converted_/CSV/S/Samsung/Unknown_00092b/102,0.ir","102,0",Unknown_00092b,0.68,parent_directory,False,[],True
b7e806206c062efe,"_Converted_/CSV/S/Samsung/Unknown_00104J/7,7.ir","7,7",Unknown_00104J,0.68,parent_directory,False,[],True
7c68a9409eae6c7b,"_Converted_/CSV/S/Samsung/Unknown_00104K/7,7.ir","7,7",Unknown_00104K,0.68,parent_directory,False,[],True
2f0b63f244b64c9a,"_Converted_/CSV/S/Samsung/Unknown_00198f/7,7.ir","7,7",Unknown_00198f,0.68,parent_directory,False,[],True
82565d8c7311fcab,"_Converted_/CSV/S/Samsung/Unknown_00225A/7,7.ir","7,7",Unknown_00225A,0.68,parent_directory,False,[],True
81f5ccfa762e2d39,"_Converted_/CSV/S/Samsung/Unknown_01043A/102,0.ir","102,0",Unknown_01043A,0.68,parent_directory,False,[],True
b152529824861300,"_Converted_/CSV/S/Samsung/Unknown_10107N/0,-1.ir","0,-1",Unknown_10107N,0.68,parent_directory,False,[],True
afad5fdb98999083,"_Converted_/CSV/S/Samsung/Unknown_10116A/0,-1.ir","0,-1",Unknown_10116A,0.68,parent_directory,False,[],True
a183c24ba4df0e2d,"_Converted_/CSV/S/Samsung/Unknown_10420A/5,5.ir","5,5",Unknown_10420A,0.68,parent_directory,False,[],True
12c12fcb43c0d531,"_Converted_/CSV/S/Samsung/Unknown_528Z/2,-1.ir","2,-1",Unknown_528Z,0.68,parent_directory,False,[],True
b74f2468053b96ff,"_Converted_/CSV/S/Samsung/Unknown_AA59-00316b/7,7.ir","7,7",Unknown_AA59-00316b,0.68,parent_directory,False,[],True
4f8a5079e77bf01a,"_Converted_/CSV/S/Samsung/Unknown_AA59-00332D/7,7.ir","7,7",Unknown_AA59-00332D,0.68,parent_directory,False,[],True
2867199b22a817c2,"_Converted_/CSV/S/Samsung/Unknown_AA59-00370A/7,7.ir","7,7",Unknown_AA59-00370A,0.68,parent_directory,False,[],True
cfbc7c9238e6cf55,"_Converted_/CSV/S/Samsung/Unknown_AA59-00382A/7,7.ir","7,7",Unknown_AA59-00382A,0.68,parent_directory,False,[],True
62bf4b4d891896b8,"_Converted_/CSV/S/Samsung/Unknown_AA59-00600A/7,7.ir","7,7",Unknown_AA59-00600A,0.68,parent_directory,False,[],True
879358efff1ef871,"_Converted_/CSV/S/Samsung/Unknown_AA59-10026E/5,5.ir","5,5",Unknown_AA59-10026E,0.68,parent_directory,False,[],True
50af34502b711c82,"_Converted_/CSV/S/Samsung/Unknown_AA64-50236A/7,7.ir","7,7",Unknown_AA64-50236A,0.68,parent_directory,False,[],True
96969b15e6169716,"_Converted_/CSV/S/Samsung/Unknown_AH59-01527F/67,83.ir","67,83",Unknown_AH59-01527F,0.68,parent_directory,False,[],True
3a1e719a6e7b1c70,"_Converted_/CSV/S/Samsung/Unknown_AH59-02345A/7,7.ir","7,7",Unknown_AH59-02345A,0.68,parent_directory,False,[],True
0167603d2a398dae,"_Converted_/CSV/S/Samsung/Unknown_ARH-700/1,8.ir","1,8",Unknown_ARH-700,0.68,parent_directory,False,[],True
0b158048acfeea6e,"_Converted_/CSV/S/Samsung/Unknown_BN59-00507A/7,7.ir","7,7",Unknown_BN59-00507A,0.68,parent_directory,False,[],True
f6cf68f8abd7f86b,"_Converted_/CSV/S/Samsung/Unknown_BN59-00538A/7,7.ir","7,7",Unknown_BN59-00538A,0.68,parent_directory,False,[],True
e583cb812295be97,"_Converted_/CSV/S/Samsung/Unknown_BN59-00603A/7,7.ir","7,7",Unknown_BN59-00603A,0.68,parent_directory,False,[],True
83774c39966fb21e,"_Converted_/CSV/S/Samsung/Unknown_BN59-00609A/7,7.ir","7,7",Unknown_BN59-00609A,0.68,parent_directory,False,[],True
f20d1e19f30a1073,"_Converted_/CSV/S/Samsung/Unknown_BN59-00634A/9,9.ir","9,9",Unknown_BN59-00634A,0.68,parent_directory,False,[],True
fa5b43199d732ccb,"_Converted_/CSV/S/Samsung/Unknown_BN59-00678A/7,7.ir","7,7",Unknown_BN59-00678A,0.68,parent_directory,False,[],True
04e8d7579dbcdd3e,"_Converted_/CSV/S/Samsung/Unknown_BN59-00683A/7,7.ir","7,7",Unknown_BN59-00683A,0.68,parent_directory,False,[],True
f7b0a38a271fc7bd,"_Converted_/CSV/S/Samsung/Unknown_BN59-00685A/7,7.ir","7,7",Unknown_BN59-00685A,0.68,parent_directory,False,[],True
bb29956266c7daff,"_Converted_/CSV/S/Samsung/Unknown_BN59-00856A/7,7.ir","7,7",Unknown_BN59-00856A,0.68,parent_directory,False,[],True
2a0478c808247dfd,"_Converted_/CSV/S/Samsung/Unknown_BN59-00861A/7,7.ir","7,7",Unknown_BN59-00861A,0.68,parent_directory,False,[],True
1177b44af6575487,"_Converted_/CSV/S/Samsung/Unknown_BN59-00865A/7,7.ir","7,7",Unknown_BN59-00865A,0.68,parent_directory,False,[],True
f3d30fcf14916c70,"_Converted_/CSV/S/Samsung/Unknown_BN59-00869A/7,7.ir","7,7",Unknown_BN59-00869A,0.68,parent_directory,False,[],True
207b7dbedc1e4836,"_Converted_/CSV/S/Samsung/Unknown_BN59-00940A/7,7.ir","7,7",Unknown_BN59-00940A,0.68,parent_directory,False,[],True
df0888d8f05608d1,"_Converted_/CSV/S/Samsung/Unknown_BRM-E1E/33,33.ir","33,33",Unknown_BRM-E1E,0.68,parent_directory,False,[],True
2b0f47a30793cfa1,"_Converted_/CSV/S/Samsung/Unknown_HLN507W/7,7.ir","7,7",Unknown_HLN507W,0.68,parent_directory,False,[],True
927c6311187eb4ea,"_Converted_/CSV/S/Samsung/Unknown_MF59-00242B/9,9.ir","9,9",Unknown_MF59-00242B,0.68,parent_directory,False,[],True
e5a50b600c3395d9,"_Converted_/CSV/S/Samsung/Unknown_MF59-00291a/32,0.ir","32,0",Unknown_MF59-00291a,0.68,parent_directory,False,[],True
2fbc266d65885263,"_Converted_/CSV/S/Samsung/Unknown_MF59/0,-1.ir","0,-1",Unknown_MF59,0.68,parent_directory,False,[],True
9421d220702b4d2a,"_Converted_/CSV/S/Samsung/Unknown_PR3914/5,5.ir","5,5",Unknown_PR3914,0.68,parent_directory,False,[],True
1326e83b6666e5ea,"_Converted_/CSV/S/Samsung/Unknown_RCD-M70/0,4.ir","0,4",Unknown_RCD-M70,0.68,parent_directory,False,[],True
1e5cc28df5cd2bab,"_Converted_/CSV/S/Samsung/Unknown_SAMSUNG/102,0.ir","102,0",,0.0,,False,[],True
b747635ed476aa2e,"_Converted_/CSV/S/Samsung/Unknown_SAMSUNG/5,5.ir","5,5",,0.0,,False,[],True
50a5137e8efaa95d,"_Converted_/CSV/S/Samsung/Unknown_SAMSUNG/7,7.ir","7,7",,0.0,,False,[],True
d8d27dd6ee6b7b76,"_Converted_/CSV/S/Samsung/Unknown_SAT/21,-1.ir","21,-1",,0.0,,False,[],True
378a628e000d02c3,"_Converted_/CSV/S/Samsung/Unknown_SFT-702E/64,-1.ir","64,-1",Unknown_SFT-702E,0.68,parent_directory,False,[],True
acb5c7cde2009f0f,"_Converted_/CSV/S/Samsung/Unknown_SMT-1000T/64,64.ir","64,64",Unknown_SMT-1000T,0.68,parent_directory,False,[],True
0e5d7f702b1770ab,"_Converted_/CSV/S/Samsung/Unknown_SMT-H3050/27,-1.ir","27,-1",Unknown_SMT-H3050,0.68,parent_directory,False,[],True
3de9df6dd7d9dd28,"_Converted_/CSV/S/Samsung/Unknown_SV-411X/5,5.ir","5,5",Unknown_SV-411X,0.68,parent_directory,False,[],True
62fcc0fd9e32899c,"_Converted_/CSV/S/Samsung/Unknown_SV-610X/5,5.ir","5,5",Unknown_SV-610X,0.68,parent_directory,False,[],True
a7fea7d9ce715e62,"_Converted_/CSV/S/Samsung/Unknown_SV-651B/5,5.ir","5,5",Unknown_SV-651B,0.68,parent_directory,False,[],True
faa83f7a768d07ab,"_Converted_/CSV/S/Samsung/Unknown_SV-DVD3E/5,5.ir","5,5",Unknown_SV-DVD3E,0.68,parent_directory,False,[],True
cf8767fc337a996c,"_Converted_/CSV/S/Samsung/Unknown_TV/7,7.ir","7,7",,0.0,,False,[],True
14d1b767a5252889,"_Converted_/CSV/S/Samsung/Unknown_VCR/5,5.ir","5,5",,0.0,,False,[],True
476529bd8cbd5287,"_Converted_/CSV/S/Samsung/Unknown_VXK-336/5,5.ir","5,5",Unknown_VXK-336,0.68,parent_directory,False,[],True
50baf098b48d427d,"_Converted_/CSV/S/Samsung/Unknown_hifi/0,1.ir","0,1",,0.0,,False,[],True
494bd1074b129add,"_Converted_/CSV/S/Samsung/Unknown_samsung-10095T/7,7.ir","7,7",Unknown_samsung-10095T,0.68,parent_directory,False,[],True
3c90c9dabca13487,"_Converted_/CSV/S/Samsung/Unknown_test/0,-1.ir","0,-1",,0.0,,False,[],True
cf694207d86f4efa,"_Converted_/CSV/S/Samsung/VCR/2,2.ir","2,2",,0.0,,False,[],True
50840c93bbe4b7f5,"_Converted_/CSV/S/Samsung/VCR/5,5.ir","5,5",,0.0,,False,[],True
012b7f2e3c2719d4,"_Converted_/CSV/S/Samy/Unknown_SDX1100/8,230.ir","8,230",Unknown_SDX1100,0.68,parent_directory,False,[],True
6060b0cfa3cf4078,"_Converted_/CSV/S/Sansonic/Unknown_FT-300A/0,-1.ir","0,-1",Unknown_FT-300A,0.68,parent_directory,False,[],True
f436c5614d75c143,"_Converted_/CSV/S/Sansui/Unknown_SANSUI-RS-S103/132,77.ir","132,77",Unknown_SANSUI-RS-S103,0.68,parent_directory,False,[],True
5537f9c849325eb9,"_Converted_/CSV/S/Sanyo/TV/56,-1.ir","56,-1",,0.0,,False,[],True
56832e2ddf2a0180,"_Converted_/CSV/S/Sanyo/Unknown_A05800/49,-1.ir","49,-1",Unknown_A05800,0.68,parent_directory,False,[],True
90cc709e4d5d8ff6,"_Converted_/CSV/S/Sanyo/Unknown_B01004/49,-1.ir","49,-1",Unknown_B01004,0.68,parent_directory,False,[],True
1ee8915c779083dd,"_Converted_/CSV/S/Sanyo/Unknown_B01007/49,-1.ir","49,-1",Unknown_B01007,0.68,parent_directory,False,[],True
22d64e46e96f5f35,"_Converted_/CSV/S/Sanyo/Unknown_B12628/49,-1.ir","49,-1",Unknown_B12628,0.68,parent_directory,False,[],True
5648bc11ea99be4e,"_Converted_/CSV/S/Sanyo/Unknown_B13540/49,-1.ir","49,-1",Unknown_B13540,0.68,parent_directory,False,[],True
7c754fdbf6d4e904,"_Converted_/CSV/S/Sanyo/Unknown_RB-DA300/60,-1.ir","60,-1",Unknown_RB-DA300,0.68,parent_directory,False,[],True
8eaf7b8596087e6c,"_Converted_/CSV/S/Sanyo/Unknown_RB-SL22/60,196.ir","60,196",Unknown_RB-SL22,0.68,parent_directory,False,[],True
3fbb4f4c83cebed9,"_Converted_/CSV/S/Sanyo/Unknown_RC-105C/54,-1.ir","54,-1",Unknown_RC-105C,0.68,parent_directory,False,[],True
c694289b807eb5da,"_Converted_/CSV/S/Sanyo/Unknown_RC700/56,-1.ir","56,-1",Unknown_RC700,0.68,parent_directory,False,[],True
14cdce9e6162ec0e,"_Converted_/CSV/S/Sanyo/Unknown_Sanyo-B13509/49,-1.ir","49,-1",Unknown_Sanyo-B13509,0.68,parent_directory,False,[],True
ba405b5ac9c1b9b8,"_Converted_/CSV/S/Sanyo/Unknown_Sanyo-JXZB/56,-1.ir","56,-1",,0.0,,False,[],True
06b259dee7348f88,"_Converted_/CSV/S/Sanyo/Unknown_Sanyo/49,-1.ir","49,-1",,0.0,,False,[],True
6a3ff0da9a8571c5,"_Converted_/CSV/S/Sanyo/Unknown_Sanyo/56,-1.ir","56,-1",,0.0,,False,[],True
f0ff52f6929af68f,"_Converted_/CSV/S/Sanyo/Unknown_TV/56,-1.ir","56,-1",,0.0,,False,[],True
88a0fd12b22fac8f,"_Converted_/CSV/S/Sanyo/Unknown_VCR/49,-1.ir","49,-1",,0.0,,False,[],True
db2d8df1d8d677d4,"_Converted_/CSV/S/Sanyo/Unknown_sanyo-tv01/56,-1.ir","56,-1",Unknown_sanyo-tv01,0.68,parent_directory,False,[],True
b34550c2bf6f6a41,"_Converted_/CSV/S/Sanyo/Unknown_sanyoB13537/49,-1.ir","49,-1",Unknown_sanyoB13537,0.68,parent_directory,False,[],True
aef9a68294b4f63d,"_Converted_/CSV/S/Sanyo/Video Projector/48,-1.ir","48,-1",,0.0,,False,[],True
91c6230d115a5c11,"_Converted_/CSV/S/Satelco/Sat/24,-1.ir","24,-1",,0.0,,False,[],True
a8a2b0cd843a689d,"_Converted_/CSV/S/Schneider/Unknown_FB2000/5,-1.ir","5,-1",Unknown_FB2000,0.68,parent_directory,False,[],True
91d0d1331b27e09e,"_Converted_/CSV/S/Schneider/Unknown_RC-193/154,-1.ir","154,-1",Unknown_RC-193,0.68,parent_directory,False,[],True
acbcd3d6d29f2d4f,"_Converted_/CSV/S/Schneider/Unknown_RC202/11,11.ir","11,11",Unknown_RC202,0.68,parent_directory,False,[],True
4cccfde938decdda,"_Converted_/CSV/S/Schneider/Unknown_RC901/28,-1.ir","28,-1",Unknown_RC901,0.68,parent_directory,False,[],True
edff229a1b52d83a,"_Converted_/CSV/S/Schneider/Unknown_RC902/0,-1.ir","0,-1",Unknown_RC902,0.68,parent_directory,False,[],True
fc78c40ca431f66e,"_Converted_/CSV/S/Schwaiger/Unknown_DSR/0,-1.ir","0,-1",,0.0,,False,[],True
68d50196bc76e7fe,"_Converted_/CSV/S/Scientific_Atlanta/Cable_Box/27,-1.ir","27,-1",,0.0,,False,[],True
5119adc718273aa4,"_Converted_/CSV/S/Scientific_Atlanta/Cable_Box/71,-1.ir","71,-1",,0.0,,False,[],True
685bb2b31a5e0f96,"_Converted_/CSV/S/Scientific_Atlanta/Unknown_Atlanta-1840/27,-1.ir","27,-1",Unknown_Atlanta-1840,0.68,parent_directory,False,[],True
337e391a2a9963b7,"_Converted_/CSV/S/Scientific_Atlanta/Unknown_IV/27,-1.ir","27,-1",,0.0,,False,[],True
25890f2714085592,"_Converted_/CSV/S/Scientific_Atlanta/Unknown_RM9834/27,-1.ir","27,-1",Unknown_RM9834,0.68,parent_directory,False,[],True
e3d94ff8c97d4e5b,"_Converted_/CSV/S/Scientific_Atlanta/Unknown_SAE8000/27,-1.ir","27,-1",Unknown_SAE8000,0.68,parent_directory,False,[],True
5a0ce1c24757c12f,"_Converted_/CSV/S/Scott/Unknown_DVD-838/8,-1.ir","8,-1",Unknown_DVD-838,0.68,parent_directory,False,[],True
483e9d993bcd170d,"_Converted_/CSV/S/Scott/Unknown_scott-dvd/4,-1.ir","4,-1",,0.0,,False,[],True
84a1fdaa99811655,"_Converted_/CSV/S/Seleco/TV/0,-1.ir","0,-1",,0.0,,False,[],True
488ebf1037b7f99b,"_Converted_/CSV/S/Seleco/TV/30,-1.ir","30,-1",,0.0,,False,[],True
baf8b7cfd39435b8,"_Converted_/CSV/S/Sencor/Unknown_SFN9011SL/0,252.ir","0,252",Unknown_SFN9011SL,0.68,parent_directory,False,[],True
8777be1ffac9937b,"_Converted_/CSV/S/Sgi/Unknown_SGIMON/26,9.ir","26,9",,0.0,,False,[],True
9e8110496a013131,"_Converted_/CSV/S/Sharp/DTV_Decoder/1,-1.ir","1,-1",,0.0,,False,[],True
9420c3b981af834b,"_Converted_/CSV/S/Sharp/Monitor/1,-1.ir","1,-1",,0.0,,False,[],True
67d8ebaa00588a30,"_Converted_/CSV/S/Sharp/TV/1,-1.ir","1,-1",,0.0,,False,[],True
9596a82d068038a0,"_Converted_/CSV/S/Sharp/Unknown_CV-2131CK1/1,-1.ir","1,-1",Unknown_CV-2131CK1,0.68,parent_directory,False,[],True
a0d31aaedac25eb8,"_Converted_/CSV/S/Sharp/Unknown_G0048TA/19,-1.ir","19,-1",Unknown_G0048TA,0.68,parent_directory,False,[],True
2406da700d24b3d3,"_Converted_/CSV/S/Sharp/Unknown_G0412GE/3,-1.ir","3,-1",Unknown_G0412GE,0.68,parent_directory,False,[],True
02a75e8a7ef375e3,"_Converted_/CSV/S/Sharp/Unknown_G0938CESA/1,-1.ir","1,-1",Unknown_G0938CESA,0.68,parent_directory,False,[],True
258fc893d93ed1b4,"_Converted_/CSV/S/Sharp/Unknown_G1014BMSA/1,-1.ir","1,-1",Unknown_G1014BMSA,0.68,parent_directory,False,[],True
0465b91bbdbdb7a1,"_Converted_/CSV/S/Sharp/Unknown_G1044BMSA/1,-1.ir","1,-1",Unknown_G1044BMSA,0.68,parent_directory,False,[],True
1b71368d2ae2e2c4,"_Converted_/CSV/S/Sharp/Unknown_GJ210/0,189.ir","0,189",Unknown_GJ210,0.68,parent_directory,False,[],True
3a156f671208758b,"_Converted_/CSV/S/Sharp/Unknown_RRMCGA030WJSA/8,48.ir","8,48",Unknown_RRMCGA030WJSA,0.68,parent_directory,False,[],True
56b7a2a2c63dbd7e,"_Converted_/CSV/S/Sharp/Unknown_SHARP/1,-1.ir","1,-1",,0.0,,False,[],True
dff8a2a7dd2cd846,"_Converted_/CSV/S/Sharp/Unknown_sharp1781/1,-1.ir","1,-1",Unknown_sharp1781,0.68,parent_directory,False,[],True
38ac58e4f21c1b6c,"_Converted_/CSV/S/Sharp/VCR/3,-1.ir","3,-1",,0.0,,False,[],True
55695191ea111e6f,"_Converted_/CSV/S/Sharp/Video_Projector/13,-1.ir","13,-1",,0.0,,False,[],True
bd57e63b6806361a,"_Converted_/CSV/S/Sharpsat/Unknown_T28/128,38.ir","128,38",Unknown_T28,0.68,parent_directory,False,[],True
6ba5f3d78f9a386d,"_Converted_/CSV/S/Sherwood/Receiver/131,69.ir","131,69",,0.0,,False,[],True
b04e2dbc7ec87117,"_Converted_/CSV/S/Sherwood/Unknown_GC-1285/129,114.ir","129,114",Unknown_GC-1285,0.68,parent_directory,False,[],True
ed3e84802127c419,"_Converted_/CSV/S/Sherwood/Unknown_RM-101/69,131.ir","69,131",Unknown_RM-101,0.68,parent_directory,False,[],True
94514baedc1eac01,"_Converted_/CSV/S/Sherwood/Unknown_RM-636/131,68.ir","131,68",Unknown_RM-636,0.68,parent_directory,False,[],True
cd2abbb8b5f44041,"_Converted_/CSV/S/Sherwood/Unknown_RM-RV-N25/131,68.ir","131,68",Unknown_RM-RV-N25,0.68,parent_directory,False,[],True
0a22f6cccd5a28c4,"_Converted_/CSV/S/Sherwood/Unknown_Sherwood-S2770R-CP-II/129,123.ir","129,123",Unknown_Sherwood-S2770R-CP-II,0.68,parent_directory,False,[],True
d465d4be77c8e4d8,"_Converted_/CSV/S/Sherwood/Unknown_sherwood/129,122.ir","129,122",,0.0,,False,[],True
30dc922706ba6105,"_Converted_/CSV/S/Sherwood/Unknown_sherwood/131,69.ir","131,69",,0.0,,False,[],True
60f244120bf8dfa2,"_Converted_/CSV/S/Shinco/Unknown_RC-1730/0,153.ir","0,153",Unknown_RC-1730,0.68,parent_directory,False,[],True
54386d8d65e87107,"_Converted_/CSV/S/Shuttle/Unknown_mceusb/4,15.ir","4,15",,0.0,,False,[],True
0f20f9429cebf4c0,"_Converted_/CSV/S/Siemens/Unknown_fb405/134,84.ir","134,84",Unknown_fb405,0.68,parent_directory,False,[],True
306733c0d883da7d,"_Converted_/CSV/S/Siemens/Unknown_siemens-fb400/131,89.ir","131,89",Unknown_siemens-fb400,0.68,parent_directory,False,[],True
6edc89c6eb8c8b32,"_Converted_/CSV/S/Siemens/Unknown_siemens1/49,-1.ir","49,-1",Unknown_siemens1,0.68,parent_directory,False,[],True
495ecf57a73d58f1,"_Converted_/CSV/S/Sigma_Designs/DVD_Player/128,-1.ir","128,-1",,0.0,,False,[],True
888f546c8474c25c,"_Converted_/CSV/S/Sigma_Designs/Unknown_SIR/128,-1.ir","128,-1",,0.0,,False,[],True
72184a099776e514,"_Converted_/CSV/S/Sigmatek/Unknown_X100/8,-1.ir","8,-1",Unknown_X100,0.68,parent_directory,False,[],True
39d90146d201da67,"_Converted_/CSV/S/Sigmatek/Unknown_XMB-510-PRO/8,-1.ir","8,-1",Unknown_XMB-510-PRO,0.68,parent_directory,False,[],True
428cf1cc42357891,"_Converted_/CSV/S/Silvercrest/Unknown_RCH7S52/32,-1.ir","32,-1",Unknown_RCH7S52,0.68,parent_directory,False,[],True
b7a8c6e5132d2839,"_Converted_/CSV/S/Silvercrest/Unknown_URC-801/4,15.ir","4,15",Unknown_URC-801,0.68,parent_directory,False,[],True
66fff52b8a982c76,"_Converted_/CSV/S/Sirius/Unknown_SBKB-3201KR/128,-1.ir","128,-1",Unknown_SBKB-3201KR,0.68,parent_directory,False,[],True
bfb2484e8ed34b4d,"_Converted_/CSV/S/Sirius/Unknown_ST2/0,-1.ir","0,-1",Unknown_ST2,0.68,parent_directory,False,[],True
a50d06ec3bc4b630,"_Converted_/CSV/S/Sirius/Unknown_Sportster/1,-1.ir","1,-1",,0.0,,False,[],True
fd8faabc1f802f7d,"_Converted_/CSV/S/Sitronics/Unknown_RC-D010E/0,251.ir","0,251",Unknown_RC-D010E,0.68,parent_directory,False,[],True
3c976518163440e6,"_Converted_/CSV/S/Sky/Unknown_DVB-S/0,12.ir","0,12",,0.0,,False,[],True
372a20db925b3b1a,"_Converted_/CSV/S/Sky/Unknown_rev.4/0,0.ir","0,0",Unknown_rev.4,0.68,parent_directory,False,[],True
6970647e555a827f,"_Converted_/CSV/S/Skymaster/Unknown_2421/2,-1.ir","2,-1",Unknown_2421,0.68,parent_directory,False,[],True
42f5be8738bb7ccd,"_Converted_/CSV/S/Skymaster/Unknown_2424/37,250.ir","37,250",Unknown_2424,0.68,parent_directory,False,[],True
aa8f4865df84bff5,"_Converted_/CSV/S/Skymaster/Unknown_DCI/5,-1.ir","5,-1",,0.0,,False,[],True
e0d680ad8da173eb,"_Converted_/CSV/S/Skymaster/Unknown_SkymasterXLS99/19,1.ir","19,1",Unknown_SkymasterXLS99,0.68,parent_directory,False,[],True
76337c5b0effef78,"_Converted_/CSV/S/Skymaster/Unknown_XL10/6,-1.ir","6,-1",Unknown_XL10,0.68,parent_directory,False,[],True
49d1fcf87f12c943,"_Converted_/CSV/S/Skymaster/Unknown_skymaster/19,1.ir","19,1",,0.0,,False,[],True
a05c5c375253bc3b,"_Converted_/CSV/S/Slim_Art/Unknown_SA-100/0,-1.ir","0,-1",Unknown_SA-100,0.68,parent_directory,False,[],True
725de0e186f50e20,"_Converted_/CSV/S/Slim_Devices/Unknown_Devices/110,-1.ir","110,-1",,0.0,,False,[],True
9ed8f0e69121b1f3,"_Converted_/CSV/S/SnapStream/Unknown_Firefly-Mini/0,-1.ir","0,-1",,0.0,,False,[],True
437925ee2ab9227e,"_Converted_/CSV/S/Snazio/Unknown_Net/8,230.ir","8,230",,0.0,,False,[],True
1fcb8046007fd8c3,"_Converted_/CSV/S/Snell/Speaker/80,0.ir","80,0",,0.0,,False,[],True
161f35a3cf6857cc,"_Converted_/CSV/S/Sonance/Distributed_Audio/0,90.ir","0,90",,0.0,,False,[],True
be3a531ad14a84bc,"_Converted_/CSV/S/Sonance/System_Controller/132,132.ir","132,132",,0.0,,False,[],True
fe788240e9824a4f,"_Converted_/CSV/S/Sonicview/Unknown_SV-360/15,-1.ir","15,-1",Unknown_SV-360,0.68,parent_directory,False,[],True
5df5c29247767a5d,"_Converted_/CSV/S/Sony/Boombox/100,-1.ir","100,-1",,0.0,,False,[],True
606f6ccc16f76141,"_Converted_/CSV/S/Sony/Boombox/68,-1.ir","68,-1",,0.0,,False,[],True
f3a3b6dc3a360275,"_Converted_/CSV/S/Sony/CD_Changer/17,-1.ir","17,-1",,0.0,,False,[],True
ec1e49af6dddca09,"_Converted_/CSV/S/Sony/CD_Jukebox/1,-1.ir","1,-1",,0.0,,False,[],True
8ab96ab5f620e8c4,"_Converted_/CSV/S/Sony/CD_Jukebox/17,-1.ir","17,-1",,0.0,,False,[],True
7bb999e81aeaf966,"_Converted_/CSV/S/Sony/CD_Jukebox/23,-1.ir","23,-1",,0.0,,False,[],True
82fe840b16a5bfa7,"_Converted_/CSV/S/Sony/CD_Jukebox/26,153.ir","26,153",,0.0,,False,[],True
386fea9922fc0d0a,"_Converted_/CSV/S/Sony/CD_Jukebox/36,-1.ir","36,-1",,0.0,,False,[],True
c1f32e64eeb379b7,"_Converted_/CSV/S/Sony/CD_Jukebox/57,-1.ir","57,-1",,0.0,,False,[],True
29a0fd49fe06130c,"_Converted_/CSV/S/Sony/CD_Jukebox/81,-1.ir","81,-1",,0.0,,False,[],True
d8cd60ed21e04047,"_Converted_/CSV/S/Sony/CD_Player/1,-1.ir","1,-1",,0.0,,False,[],True
283d9467cfe503d5,"_Converted_/CSV/S/Sony/CD_Player/17,-1.ir","17,-1",,0.0,,False,[],True
36370cfe4f9b7b3e,"_Converted_/CSV/S/Sony/CD_Player/57,-1.ir","57,-1",,0.0,,False,[],True
0187eca442b794d4,"_Converted_/CSV/S/Sony/CD_Player/81,-1.ir","81,-1",,0.0,,False,[],True
1d8623a010abaf14,"_Converted_/CSV/S/Sony/Cassette_Tape/14,-1.ir","14,-1",,0.0,,False,[],True
c7122f1b4e9b8d0b,"_Converted_/CSV/S/Sony/Cassette_Tape/16,-1.ir","16,-1",,0.0,,False,[],True
07500560e0cd5faf,"_Converted_/CSV/S/Sony/DAT/28,-1.ir","28,-1",,0.0,,False,[],True
b0ada1d142c0714c,"_Converted_/CSV/S/Sony/DSP/26,233.ir","26,233",,0.0,,False,[],True
e83c00f129b5da51,"_Converted_/CSV/S/Sony/DSS/1,-1.ir","1,-1",,0.0,,False,[],True
8818011996124530,"_Converted_/CSV/S/Sony/DSS/11,-1.ir","11,-1",,0.0,,False,[],True
55cf190aa9a9957c,"_Converted_/CSV/S/Sony/DSS/183,-1.ir","183,-1",,0.0,,False,[],True
e483fff104b14dcf,"_Converted_/CSV/S/Sony/DSS/23,133.ir","23,133",,0.0,,False,[],True
4f263d21357a0c14,"_Converted_/CSV/S/Sony/DSS/3,-1.ir","3,-1",,0.0,,False,[],True
436396cc3204ed73,"_Converted_/CSV/S/Sony/DSS/5,1.ir","5,1",,0.0,,False,[],True
9fbf3f25a7c83461,"_Converted_/CSV/S/Sony/DSS/64,-1.ir","64,-1",,0.0,,False,[],True
e2d4a2c837ec47a3,"_Converted_/CSV/S/Sony/DVD_Player/1,-1.ir","1,-1",,0.0,,False,[],True
d70428507b9cabd6,"_Converted_/CSV/S/Sony/DVD_Player/164,-1.ir","164,-1",,0.0,,False,[],True
d47f990b0247e8bb,"_Converted_/CSV/S/Sony/DVD_Player/26,218.ir","26,218",,0.0,,False,[],True
0d0af6edeee1359c,"_Converted_/CSV/S/Sony/DVD_Player/26,73.ir","26,73",,0.0,,False,[],True
00a4d1527eb986a8,"_Converted_/CSV/S/Sony/DVD_Player/26,83.ir","26,83",,0.0,,False,[],True
b7935b6f2c5ea578,"_Converted_/CSV/S/Sony/DVD_Player/26,98.ir","26,98",,0.0,,False,[],True
5dd4d0f6c7f995dd,"_Converted_/CSV/S/Sony/DVD_Player/4,-1.ir","4,-1",,0.0,,False,[],True
300445b3d972cd7d,"_Converted_/CSV/S/Sony/DV_Cam/185,-1.ir","185,-1",,0.0,,False,[],True
d290e1dcb3836a05,"_Converted_/CSV/S/Sony/DV_Cam/217,-1.ir","217,-1",,0.0,,False,[],True
1bf3b7f160f68037,"_Converted_/CSV/S/Sony/DV_Cam/7,-1.ir","7,-1",,0.0,,False,[],True
9ec3985957b4c19a,"_Converted_/CSV/S/Sony/Digital_Recorder/1,-1.ir","1,-1",,0.0,,False,[],True
72751a6535851ec0,"_Converted_/CSV/S/Sony/Digital_Recorder/26,154.ir","26,154",,0.0,,False,[],True
2a147db2c7ff1f46,"_Converted_/CSV/S/Sony/Digital_Recorder/26,73.ir","26,73",,0.0,,False,[],True
c88191d55e27367a,"_Converted_/CSV/S/Sony/Digital_Recorder/26,98.ir","26,98",,0.0,,False,[],True
c8e1a68ef217f97d,"_Converted_/CSV/S/Sony/Laser_Disc/6,-1.ir","6,-1",,0.0,,False,[],True
adc90c31d4c1db95,"_Converted_/CSV/S/Sony/Mini-Disc/15,-1.ir","15,-1",,0.0,,False,[],True
482f819ae16c686a,"_Converted_/CSV/S/Sony/Mini-Disc/17,-1.ir","17,-1",,0.0,,False,[],True
f48432b12c9952c7,"_Converted_/CSV/S/Sony/Pre-Amplifier/11,-1.ir","11,-1",,0.0,,False,[],True
bc01a36ee705eff5,"_Converted_/CSV/S/Sony/Pre-Amplifier/12,-1.ir","12,-1",,0.0,,False,[],True
56e82485b27de6f4,"_Converted_/CSV/S/Sony/Pre-Amplifier/144,-1.ir","144,-1",,0.0,,False,[],True
13fb6bf02bb17d00,"_Converted_/CSV/S/Sony/Pre-Amplifier/15,-1.ir","15,-1",,0.0,,False,[],True
2a6a839ac50f3463,"_Converted_/CSV/S/Sony/Pre-Amplifier/16,-1.ir","16,-1",,0.0,,False,[],True
a2f0d7fa0918021f,"_Converted_/CSV/S/Sony/Pre-Amplifier/17,-1.ir","17,-1",,0.0,,False,[],True
7915c83a3fdf9835,"_Converted_/CSV/S/Sony/Pre-Amplifier/18,-1.ir","18,-1",,0.0,,False,[],True
3d8e378f45877545,"_Converted_/CSV/S/Sony/Pre-Amplifier/183,-1.ir","183,-1",,0.0,,False,[],True
fa8ed58f6fc741b9,"_Converted_/CSV/S/Sony/Pre-Amplifier/2,-1.ir","2,-1",,0.0,,False,[],True
04ec9a5c616f1af3,"_Converted_/CSV/S/Sony/Pre-Amplifier/20,-1.ir","20,-1",,0.0,,False,[],True
11677019c2b1720d,"_Converted_/CSV/S/Sony/Pre-Amplifier/23,-1.ir","23,-1",,0.0,,False,[],True
51d72a49f3c24aaa,"_Converted_/CSV/S/Sony/Pre-Amplifier/26,66.ir","26,66",,0.0,,False,[],True
61f540ea18415df1,"_Converted_/CSV/S/Sony/Pre-Amplifier/26,73.ir","26,73",,0.0,,False,[],True
c6747f2d9411621d,"_Converted_/CSV/S/Sony/Pre-Amplifier/36,-1.ir","36,-1",,0.0,,False,[],True
cd71a44c47c22f49,"_Converted_/CSV/S/Sony/Pre-Amplifier/6,-1.ir","6,-1",,0.0,,False,[],True
50405c9e318179af,"_Converted_/CSV/S/Sony/Pre-Amplifier/7,-1.ir","7,-1",,0.0,,False,[],True
52a321da38615c6e,"_Converted_/CSV/S/Sony/Receiver/1,-1.ir","1,-1",,0.0,,False,[],True
98268098d2890d75,"_Converted_/CSV/S/Sony/Receiver/11,-1.ir","11,-1",,0.0,,False,[],True
473ff965f87fde01,"_Converted_/CSV/S/Sony/Receiver/12,-1.ir","12,-1",,0.0,,False,[],True
ecf500297766eb24,"_Converted_/CSV/S/Sony/Receiver/121,-1.ir","121,-1",,0.0,,False,[],True
2f41816400b5497c,"_Converted_/CSV/S/Sony/Receiver/13,-1.ir","13,-1",,0.0,,False,[],True
444201f4a799f9c9,"_Converted_/CSV/S/Sony/Receiver/144,-1.ir","144,-1",,0.0,,False,[],True
cc3753ea91c3bf66,"_Converted_/CSV/S/Sony/Receiver/15,-1.ir","15,-1",,0.0,,False,[],True
6a0697c73266ed10,"_Converted_/CSV/S/Sony/Receiver/16,-1.ir","16,-1",,0.0,,False,[],True
1b902f032406c970,"_Converted_/CSV/S/Sony/Receiver/17,-1.ir","17,-1",,0.0,,False,[],True
83d3a35c45ba5a3c,"_Converted_/CSV/S/Sony/Receiver/176,-1.ir","176,-1",,0.0,,False,[],True
3f5737bc10c99fc8,"_Converted_/CSV/S/Sony/Receiver/18,-1.ir","18,-1",,0.0,,False,[],True
5447dfd48bf73f21,"_Converted_/CSV/S/Sony/Receiver/2,-1.ir","2,-1",,0.0,,False,[],True
4f73d637a32d2177,"_Converted_/CSV/S/Sony/Receiver/20,-1.ir","20,-1",,0.0,,False,[],True
fe0dfb51d62c9657,"_Converted_/CSV/S/Sony/Receiver/23,-1.ir","23,-1",,0.0,,False,[],True
5f6b5ef5cd337d82,"_Converted_/CSV/S/Sony/Receiver/26,66.ir","26,66",,0.0,,False,[],True
983ee89effd19467,"_Converted_/CSV/S/Sony/Receiver/26,73.ir","26,73",,0.0,,False,[],True
3593f78210150dcb,"_Converted_/CSV/S/Sony/Receiver/36,-1.ir","36,-1",,0.0,,False,[],True
5c5cdfd920bfc29d,"_Converted_/CSV/S/Sony/Receiver/4,-1.ir","4,-1",,0.0,,False,[],True
70152a6bc4f16953,"_Converted_/CSV/S/Sony/Receiver/48,-1.ir","48,-1",,0.0,,False,[],True
3aafbeb1ff74bcf1,"_Converted_/CSV/S/Sony/Receiver/6,-1.ir","6,-1",,0.0,,False,[],True
0c31c7f790d12d25,"_Converted_/CSV/S/Sony/Receiver/7,-1.ir","7,-1",,0.0,,False,[],True
8531e2b5fbfba6b6,"_Converted_/CSV/S/Sony/Receiver/8,-1.ir","8,-1",,0.0,,False,[],True
c80e9534c34d02a3,"_Converted_/CSV/S/Sony/Surround_Processor/26,233.ir","26,233",,0.0,,False,[],True
1b60d409e8a42774,"_Converted_/CSV/S/Sony/TV/1,-1.ir","1,-1",,0.0,,False,[],True
6f70ef45ae3665ea,"_Converted_/CSV/S/Sony/TV/119,-1.ir","119,-1",,0.0,,False,[],True
24781f12bfdde594,"_Converted_/CSV/S/Sony/TV/151,-1.ir","151,-1",,0.0,,False,[],True
93c28e18a43df4ae,"_Converted_/CSV/S/Sony/TV/164,-1.ir","164,-1",,0.0,,False,[],True
0daf038ac43117f7,"_Converted_/CSV/S/Sony/TV/183,-1.ir","183,-1",,0.0,,False,[],True
2ef38776697ad66f,"_Converted_/CSV/S/Sony/TV/26,-1.ir","26,-1",,0.0,,False,[],True
7cab05ff16d70a22,"_Converted_/CSV/S/Sony/TV/26,42.ir","26,42",,0.0,,False,[],True
1364f90087585372,"_Converted_/CSV/S/Sony/TV/3,-1.ir","3,-1",,0.0,,False,[],True
d014993280be7699,"_Converted_/CSV/S/Sony/TV/84,-1.ir","84,-1",,0.0,,False,[],True
cf00f228608d2f44,"_Converted_/CSV/S/Sony/TiVo/183,-1.ir","183,-1",,0.0,,False,[],True
dde23c0d5c6d6dc8,"_Converted_/CSV/S/Sony/TiVo/23,133.ir","23,133",,0.0,,False,[],True
584e58067c46d673,"_Converted_/CSV/S/Sony/TiVo/26,154.ir","26,154",,0.0,,False,[],True
6964d262397eff30,"_Converted_/CSV/S/Sony/Unknown_870/1,-1.ir","1,-1",Unknown_870,0.68,parent_directory,False,[],True
e4b4e1415003ac21,"_Converted_/CSV/S/Sony/Unknown_CD/17,-1.ir","17,-1",,0.0,,False,[],True
150d54815168f76e,"_Converted_/CSV/S/Sony/Unknown_CDIR/17,-1.ir","17,-1",,0.0,,False,[],True
11689a4a4d88716d,"_Converted_/CSV/S/Sony/Unknown_CDP-790/17,-1.ir","17,-1",Unknown_CDP-790,0.68,parent_directory,False,[],True
93fac491bd7f54eb,"_Converted_/CSV/S/Sony/Unknown_D1000/89,-1.ir","89,-1",Unknown_D1000,0.68,parent_directory,False,[],True
d17dc9bbf1553cd6,"_Converted_/CSV/S/Sony/Unknown_DAT/28,-1.ir","28,-1",,0.0,,False,[],True
acff6f8b632fea60,"_Converted_/CSV/S/Sony/Unknown_DVD/26,18.ir","26,18",,0.0,,False,[],True
0449ba567ca79013,"_Converted_/CSV/S/Sony/Unknown_DVD/26,73.ir","26,73",,0.0,,False,[],True
0649f135c06f827b,"_Converted_/CSV/S/Sony/Unknown_RM-687C/1,-1.ir","1,-1",Unknown_RM-687C,0.68,parent_directory,False,[],True
f63eaea079ed2eb6,"_Converted_/CSV/S/Sony/Unknown_RM-860/1,-1.ir","1,-1",Unknown_RM-860,0.68,parent_directory,False,[],True
e973c015c15dbf48,"_Converted_/CSV/S/Sony/Unknown_RM-861/1,-1.ir","1,-1",Unknown_RM-861,0.68,parent_directory,False,[],True
7ac0cf02338ffded,"_Converted_/CSV/S/Sony/Unknown_RM-873/1,-1.ir","1,-1",Unknown_RM-873,0.68,parent_directory,False,[],True
de456163f437b13a,"_Converted_/CSV/S/Sony/Unknown_RM-D190/17,-1.ir","17,-1",Unknown_RM-D190,0.68,parent_directory,False,[],True
d327fd5374fe3bbe,"_Converted_/CSV/S/Sony/Unknown_RM-D270/17,-1.ir","17,-1",Unknown_RM-D270,0.68,parent_directory,False,[],True
facf771df0936321,"_Converted_/CSV/S/Sony/Unknown_RM-D295/17,-1.ir","17,-1",Unknown_RM-D295,0.68,parent_directory,False,[],True
f966cc5ff2a908f7,"_Converted_/CSV/S/Sony/Unknown_RM-D302/17,-1.ir","17,-1",Unknown_RM-D302,0.68,parent_directory,False,[],True
59e4edae2e75030a,"_Converted_/CSV/S/Sony/Unknown_RM-D320/17,-1.ir","17,-1",Unknown_RM-D320,0.68,parent_directory,False,[],True
0d38084ffc208c5c,"_Converted_/CSV/S/Sony/Unknown_RM-D325/17,-1.ir","17,-1",Unknown_RM-D325,0.68,parent_directory,False,[],True
994667be584c1039,"_Converted_/CSV/S/Sony/Unknown_RM-D391/17,-1.ir","17,-1",Unknown_RM-D391,0.68,parent_directory,False,[],True
f1440f9251208625,"_Converted_/CSV/S/Sony/Unknown_RM-D520/17,-1.ir","17,-1",Unknown_RM-D520,0.68,parent_directory,False,[],True
9b9da60564854df4,"_Converted_/CSV/S/Sony/Unknown_RM-D55/17,-1.ir","17,-1",Unknown_RM-D55,0.68,parent_directory,False,[],True
ba03b07ad0d9f410,"_Converted_/CSV/S/Sony/Unknown_RM-D690/17,-1.ir","17,-1",Unknown_RM-D690,0.68,parent_directory,False,[],True
7d892ecc4e0d80a7,"_Converted_/CSV/S/Sony/Unknown_RM-D706/17,-1.ir","17,-1",Unknown_RM-D706,0.68,parent_directory,False,[],True
01a9eade75ed07db,"_Converted_/CSV/S/Sony/Unknown_RM-D797/17,-1.ir","17,-1",Unknown_RM-D797,0.68,parent_directory,False,[],True
b925feba0284eba6,"_Converted_/CSV/S/Sony/Unknown_RM-D7M/15,-1.ir","15,-1",Unknown_RM-D7M,0.68,parent_directory,False,[],True
4108ead73bd764fc,"_Converted_/CSV/S/Sony/Unknown_RM-D820/17,-1.ir","17,-1",Unknown_RM-D820,0.68,parent_directory,False,[],True
f2f3f5683c5d7760,"_Converted_/CSV/S/Sony/Unknown_RM-D90/17,-1.ir","17,-1",Unknown_RM-D90,0.68,parent_directory,False,[],True
6c0a30f0b4589f74,"_Converted_/CSV/S/Sony/Unknown_RM-D921/17,-1.ir","17,-1",Unknown_RM-D921,0.68,parent_directory,False,[],True
bee9bf63460a5608,"_Converted_/CSV/S/Sony/Unknown_RM-D991/17,-1.ir","17,-1",Unknown_RM-D991,0.68,parent_directory,False,[],True
fcc9f5722a8cdf41,"_Converted_/CSV/S/Sony/Unknown_RM-DM7/17,-1.ir","17,-1",Unknown_RM-DM7,0.68,parent_directory,False,[],True
b1994a8bcf199503,"_Converted_/CSV/S/Sony/Unknown_RM-DX740/17,-1.ir","17,-1",Unknown_RM-DX740,0.68,parent_directory,False,[],True
dc53eb5b4c89b004,"_Converted_/CSV/S/Sony/Unknown_RM-ED019/26,73.ir","26,73",Unknown_RM-ED019,0.68,parent_directory,False,[],True
2d219ccf6cd5a173,"_Converted_/CSV/S/Sony/Unknown_RM-PJP1/26,42.ir","26,42",Unknown_RM-PJP1,0.68,parent_directory,False,[],True
cc15bb1e7c68e8a4,"_Converted_/CSV/S/Sony/Unknown_RM-SG20/131,0.ir","131,0",Unknown_RM-SG20,0.68,parent_directory,False,[],True
211635fb3cd0fb7d,"_Converted_/CSV/S/Sony/Unknown_RM-SG5/131,0.ir","131,0",Unknown_RM-SG5,0.68,parent_directory,False,[],True
cd24d36c797390b1,"_Converted_/CSV/S/Sony/Unknown_RM-SG7/131,0.ir","131,0",Unknown_RM-SG7,0.68,parent_directory,False,[],True
ba6b2b2046eceac0,"_Converted_/CSV/S/Sony/Unknown_RM-V211T/2,-1.ir","2,-1",Unknown_RM-V211T,0.68,parent_directory,False,[],True
55809cf4d5cf039d,"_Converted_/CSV/S/Sony/Unknown_RM-W101/1,-1.ir","1,-1",Unknown_RM-W101,0.68,parent_directory,False,[],True
64801c15547cb436,"_Converted_/CSV/S/Sony/Unknown_RM-X30/132,-1.ir","132,-1",Unknown_RM-X30,0.68,parent_directory,False,[],True
04807604c424a8b1,"_Converted_/CSV/S/Sony/Unknown_RM-X40/132,-1.ir","132,-1",Unknown_RM-X40,0.68,parent_directory,False,[],True
1c64e2364cbb84c8,"_Converted_/CSV/S/Sony/Unknown_RM-X42/132,-1.ir","132,-1",Unknown_RM-X42,0.68,parent_directory,False,[],True
26ea874ad4df82e6,"_Converted_/CSV/S/Sony/Unknown_RM-X47/132,-1.ir","132,-1",Unknown_RM-X47,0.68,parent_directory,False,[],True
72440640a953cec9,"_Converted_/CSV/S/Sony/Unknown_RM-Y155B/1,-1.ir","1,-1",Unknown_RM-Y155B,0.68,parent_directory,False,[],True
264dd5babfa95632,"_Converted_/CSV/S/Sony/Unknown_RM-Y173/1,-1.ir","1,-1",Unknown_RM-Y173,0.68,parent_directory,False,[],True
eecbcb518d6f527b,"_Converted_/CSV/S/Sony/Unknown_RM-Y180/1,-1.ir","1,-1",Unknown_RM-Y180,0.68,parent_directory,False,[],True
4dd74eaf80bab6f7,"_Converted_/CSV/S/Sony/Unknown_RM-Y800/183,-1.ir","183,-1",Unknown_RM-Y800,0.68,parent_directory,False,[],True
bc0af94925040d27,"_Converted_/CSV/S/Sony/Unknown_RM-Y812/183,-1.ir","183,-1",Unknown_RM-Y812,0.68,parent_directory,False,[],True
cca910b0356e7302,"_Converted_/CSV/S/Sony/Unknown_RMT-136/2,-1.ir","2,-1",Unknown_RMT-136,0.68,parent_directory,False,[],True
e0888d0d44d36b0a,"_Converted_/CSV/S/Sony/Unknown_RMT-506/7,-1.ir","7,-1",Unknown_RMT-506,0.68,parent_directory,False,[],True
813b7a260895ce32,"_Converted_/CSV/S/Sony/Unknown_RMT-B101A/26,226.ir","26,226",Unknown_RMT-B101A,0.68,parent_directory,False,[],True
77c749347c131620,"_Converted_/CSV/S/Sony/Unknown_RMT-CF1A/26,19.ir","26,19",Unknown_RMT-CF1A,0.68,parent_directory,False,[],True
7cfd28004fa22e7a,"_Converted_/CSV/S/Sony/Unknown_RMT-D115P/26,73.ir","26,73",Unknown_RMT-D115P,0.68,parent_directory,False,[],True
4591b5da28d9261a,"_Converted_/CSV/S/Sony/Unknown_RMT-D126A/26,73.ir","26,73",Unknown_RMT-D126A,0.68,parent_directory,False,[],True
293eb8d37b5ce239,"_Converted_/CSV/S/Sony/Unknown_RMT-D126E/26,73.ir","26,73",Unknown_RMT-D126E,0.68,parent_directory,False,[],True
c818a47e6ffaa2ba,"_Converted_/CSV/S/Sony/Unknown_RMT-D129A/26,73.ir","26,73",Unknown_RMT-D129A,0.68,parent_directory,False,[],True
087c75f71b2ebbb3,"_Converted_/CSV/S/Sony/Unknown_RMT-DSC2/26,241.ir","26,241",Unknown_RMT-DSC2,0.68,parent_directory,False,[],True
17af409dd67fc6aa,"_Converted_/CSV/S/Sony/Unknown_RMT-V107/11,-1.ir","11,-1",Unknown_RMT-V107,0.68,parent_directory,False,[],True
3ebe142c0dd91de2,"_Converted_/CSV/S/Sony/Unknown_RMT-V270/11,-1.ir","11,-1",Unknown_RMT-V270,0.68,parent_directory,False,[],True
4731bc1a7dea3e88,"_Converted_/CSV/S/Sony/Unknown_RMT-V501A/26,83.ir","26,83",Unknown_RMT-V501A,0.68,parent_directory,False,[],True
a88f0975d07d2781,"_Converted_/CSV/S/Sony/Unknown_SONY/17,-1.ir","17,-1",,0.0,,False,[],True
d2f4975ee96fdd61,"_Converted_/CSV/S/Sony/Unknown_TUNER/13,-1.ir","13,-1",,0.0,,False,[],True
01cf30b4a58d7084,"_Converted_/CSV/S/Sony/Unknown_VPL-W400/84,-1.ir","84,-1",Unknown_VPL-W400,0.68,parent_directory,False,[],True
f5f2e8ebfe6f5043,"_Converted_/CSV/S/Sony/Unknown_VaioRemote/4,15.ir","4,15",,0.0,,False,[],True
746cc4c9a5614581,"_Converted_/CSV/S/Sony/Unknown_lircd.conf/17,-1.ir","17,-1",,0.0,,False,[],True
c313b8c165e3ac18,"_Converted_/CSV/S/Sony/Unknown_rm-d10p/26,97.ir","26,97",Unknown_rm-d10p,0.68,parent_directory,False,[],True
e6755676e8dd0c86,"_Converted_/CSV/S/Sony/Unknown_rm-d29m/15,-1.ir","15,-1",Unknown_rm-d29m,0.68,parent_directory,False,[],True
d84470362f168210,"_Converted_/CSV/S/Sony/Unknown_rm-d5/17,-1.ir","17,-1",Unknown_rm-d5,0.68,parent_directory,False,[],True
732a1004d7ddbeda,"_Converted_/CSV/S/Sony/Unknown_rm-dm9/223,-1.ir","223,-1",Unknown_rm-dm9,0.68,parent_directory,False,[],True
cfd56ce77d1546ff,"_Converted_/CSV/S/Sony/Unknown_rm-x95/132,-1.ir","132,-1",Unknown_rm-x95,0.68,parent_directory,False,[],True
20d18d9af8a60e0f,"_Converted_/CSV/S/Sony/Unknown_sony-cd/17,-1.ir","17,-1",,0.0,,False,[],True
00731adc102f35a5,"_Converted_/CSV/S/Sony/Unknown_sonyRM-sep303/4,-1.ir","4,-1",Unknown_sonyRM-sep303,0.68,parent_directory,False,[],True
c8a5f7ef3c784dbf,"_Converted_/CSV/S/Sony/Unknown_sonytv/1,-1.ir","1,-1",,0.0,,False,[],True
39487304fcfe6e56,"_Converted_/CSV/S/Sony/Unknown_tv/1,-1.ir","1,-1",,0.0,,False,[],True
dcccae071dec0e4d,"_Converted_/CSV/S/Sony/Unknown_tv/2,-1.ir","2,-1",,0.0,,False,[],True
cfb89f66429bf610,"_Converted_/CSV/S/Sony/VCR/0,-1.ir","0,-1",,0.0,,False,[],True
08db7e4ec1cc43ef,"_Converted_/CSV/S/Sony/VCR/1,-1.ir","1,-1",,0.0,,False,[],True
004d7b61688d1e3b,"_Converted_/CSV/S/Sony/VCR/11,-1.ir","11,-1",,0.0,,False,[],True
e3b674d0562d3963,"_Converted_/CSV/S/Sony/VCR/180,-1.ir","180,-1",,0.0,,False,[],True
56570ce3fb8042c6,"_Converted_/CSV/S/Sony/VCR/185,-1.ir","185,-1",,0.0,,False,[],True
ad1f5f3a37d6e51a,"_Converted_/CSV/S/Sony/VCR/186,-1.ir","186,-1",,0.0,,False,[],True
a47a42e1d55dd470,"_Converted_/CSV/S/Sony/VCR/2,-1.ir","2,-1",,0.0,,False,[],True
514f8721a666554d,"_Converted_/CSV/S/Sony/VCR/25,37.ir","25,37",,0.0,,False,[],True
bebcc9f316c28ea0,"_Converted_/CSV/S/Sony/VCR/25,69.ir","25,69",,0.0,,False,[],True
554b5d42489ac088,"_Converted_/CSV/S/Sony/VCR/5,-1.ir","5,-1",,0.0,,False,[],True
95ac5f4d69a1f7d3,"_Converted_/CSV/S/Sony/VCR/7,-1.ir","7,-1",,0.0,,False,[],True
9d4a12da067ee30b,"_Converted_/CSV/S/Sony/VCR/9,-1.ir","9,-1",,0.0,,False,[],True
739627fd652d839e,"_Converted_/CSV/S/Sony/Video_Projector/26,42.ir","26,42",,0.0,,False,[],True
adb0ff8889bb987b,"_Converted_/CSV/S/Sony/Video_Projector/84,-1.ir","84,-1",,0.0,,False,[],True
ffd491a683d0a968,"_Converted_/CSV/S/Speed-link/Unknown_SL-6399/0,-1.ir","0,-1",Unknown_SL-6399,0.68,parent_directory,False,[],True
5d7a067a45c6b33f,"_Converted_/CSV/S/Starsat/Unknown_120/64,64.ir","64,64",Unknown_120,0.68,parent_directory,False,[],True
24d3a646363de15d,"_Converted_/CSV/S/Starview/Unknown_Starview/0,249.ir","0,249",,0.0,,False,[],True
0709ac151f29c2df,"_Converted_/CSV/S/Streamzap/Unknown_PC/35,-1.ir","35,-1",,0.0,,False,[],True
03f0ddbfbbee9c05,"_Converted_/CSV/S/Sumvision/Unknown_Sumvision/0,-1.ir","0,-1",,0.0,,False,[],True
743d5f25f499b192,"_Converted_/CSV/S/Sunfire/Surround_Processor/184,0.ir","184,0",,0.0,,False,[],True
24edbace63ef721e,"_Converted_/CSV/S/Sunfire/Surround_Processor/184,1.ir","184,1",,0.0,,False,[],True
6f63fcd9ea58a072,"_Converted_/CSV/S/Sunfire/Surround_Processor/184,3.ir","184,3",,0.0,,False,[],True
f09b21046d0c6e0d,"_Converted_/CSV/S/Sungale/Unknown_JX-2002/0,-1.ir","0,-1",Unknown_JX-2002,0.68,parent_directory,False,[],True
7c0715c95fcccc1d,"_Converted_/CSV/S/Supermax/Unknown_Supermax/128,38.ir","128,38",,0.0,,False,[],True
49af40e7c016f743,"_Converted_/CSV/S/Supportplus/Unknown_SP-URC-LCD-F15/10,-1.ir","10,-1",Unknown_SP-URC-LCD-F15,0.68,parent_directory,False,[],True
8e0378d416d22960,"_Converted_/CSV/S/Syabas/Unknown_A-100/4,203.ir","4,203",Unknown_A-100,0.68,parent_directory,False,[],True
a0a137ce86655cdd,"_Converted_/CSV/S/Symphonic/TV/41,-1.ir","41,-1",,0.0,,False,[],True
f7a92a6f3a7891b1,"_Converted_/CSV/S/Symphonic/VCR/40,-1.ir","40,-1",,0.0,,False,[],True
31b3853d766522a2,"_Converted_/CSV/S/Symphonic/VCR/44,-1.ir","44,-1",,0.0,,False,[],True
0754945c138abaf2,"_Converted_/CSV/S/starhub/Unknown_starhub/33,144.ir","33,144",,0.0,,False,[],True
34846e536db4b403,"_Converted_/CSV/S/sun/Unknown_sun/26,9.ir","26,9",,0.0,,False,[],True
9adae519a61b3239,"_Converted_/CSV/T/TCM/Unknown_212845-CD/5,-1.ir","5,-1",Unknown_212845-CD,0.68,parent_directory,False,[],True
47f5eb9d6efd4c98,"_Converted_/CSV/T/TCM/Unknown_218681/5,5.ir","5,5",Unknown_218681,0.68,parent_directory,False,[],True
9121c2ee83f4fe40,"_Converted_/CSV/T/TCM/Unknown_225925/24,233.ir","24,233",Unknown_225925,0.68,parent_directory,False,[],True
36f2a916b7ef3965,"_Converted_/CSV/T/TCM/Unknown_225926/35,-1.ir","35,-1",Unknown_225926,0.68,parent_directory,False,[],True
366a10ad11a29bdb,"_Converted_/CSV/T/TCM/Unknown_96518/0,-1.ir","0,-1",Unknown_96518,0.68,parent_directory,False,[],True
fb0a1773314a8872,"_Converted_/CSV/T/TCM/Unknown_TCM/176,0.ir","176,0",,0.0,,False,[],True
254a80b6774abe05,"_Converted_/CSV/T/TCUAG/Unknown_TVBOX/6,-1.ir","6,-1",,0.0,,False,[],True
31e207b6e00ba3a5,"_Converted_/CSV/T/TEAC/DVD_Player/163,-1.ir","163,-1",,0.0,,False,[],True
ba4967087ef659cc,"_Converted_/CSV/T/TEAC/DVD_Player/175,-1.ir","175,-1",,0.0,,False,[],True
a44bdf0a4f26d5d3,"_Converted_/CSV/T/TEAC/Unknown_CD/134,97.ir","134,97",,0.0,,False,[],True
df09e6d7e1a2bd49,"_Converted_/CSV/T/TEAC/Unknown_RC-547/3,1.ir","3,1",Unknown_RC-547,0.68,parent_directory,False,[],True
a4109d9e22f871ec,"_Converted_/CSV/T/TEAC/Unknown_RC-548/128,114.ir","128,114",Unknown_RC-548,0.68,parent_directory,False,[],True
82efa1dd4a7c57ac,"_Converted_/CSV/T/TEAC/Unknown_RC-558/130,120.ir","130,120",Unknown_RC-558,0.68,parent_directory,False,[],True
53ff21e895634778,"_Converted_/CSV/T/TEAC/Unknown_RC-614/0,-1.ir","0,-1",Unknown_RC-614,0.68,parent_directory,False,[],True
c57d1b275d4d1af1,"_Converted_/CSV/T/TEAC/Unknown_RC-909/34,1.ir","34,1",Unknown_RC-909,0.68,parent_directory,False,[],True
a18f7f85bbd7142b,"_Converted_/CSV/T/TECHNICS/Unknown_EUR643880/160,10.ir","160,10",Unknown_EUR643880,0.68,parent_directory,False,[],True
ca2e67c9e772eb42,"_Converted_/CSV/T/TECHNICS/Unknown_EUR64798/160,10.ir","160,10",Unknown_EUR64798,0.68,parent_directory,False,[],True
4af9e5cf743bc8e1,"_Converted_/CSV/T/TECHNICS/Unknown_EUR64799/160,10.ir","160,10",Unknown_EUR64799,0.68,parent_directory,False,[],True
5c5e87ddcd3bc713,"_Converted_/CSV/T/TECHNICS/Unknown_EURXP300/160,10.ir","160,10",Unknown_EURXP300,0.68,parent_directory,False,[],True
c90f29977ad902d3,"_Converted_/CSV/T/TECHNICS/Unknown_cd/160,10.ir","160,10",,0.0,,False,[],True
ac95e629f9aed26a,"_Converted_/CSV/T/TECHNICS/Unknown_sl-ps670a/160,10.ir","160,10",Unknown_sl-ps670a,0.68,parent_directory,False,[],True
3e93db6b795f6d81,"_Converted_/CSV/T/TECHNISAT/Unknown_100TS035/10,-1.ir","10,-1",Unknown_100TS035,0.68,parent_directory,False,[],True
b8ce05148a33939e,"_Converted_/CSV/T/TECHNISAT/Unknown_FBPNA35/10,-1.ir","10,-1",Unknown_FBPNA35,0.68,parent_directory,False,[],True
030f6911d9c4f7da,"_Converted_/CSV/T/TECHNISAT/Unknown_FBPVR335A/10,-1.ir","10,-1",Unknown_FBPVR335A,0.68,parent_directory,False,[],True
1e8cfc381e96d9c0,"_Converted_/CSV/T/TECHNISAT/Unknown_ST3002S/1,-1.ir","1,-1",Unknown_ST3002S,0.68,parent_directory,False,[],True
fae1747a2821d108,"_Converted_/CSV/T/TECHNISAT/Unknown_ST3004S/1,-1.ir","1,-1",Unknown_ST3004S,0.68,parent_directory,False,[],True
30fec54e33c74541,"_Converted_/CSV/T/TECHNISAT/Unknown_TECHNISAT/1,-1.ir","1,-1",,0.0,,False,[],True
10f6d0014955aec7,"_Converted_/CSV/T/TECHNISAT/Unknown_TTS35AI.conf/10,-1.ir","10,-1",Unknown_TTS35AI.conf,0.68,parent_directory,False,[],True
1fd1c584b1b64ee3,"_Converted_/CSV/T/TECHNISAT/Unknown_TTS35AI/10,-1.ir","10,-1",Unknown_TTS35AI,0.68,parent_directory,False,[],True
bd74235252e92836,"_Converted_/CSV/T/TECHNISAT/Unknown_st-6000e/131,121.ir","131,121",Unknown_st-6000e,0.68,parent_directory,False,[],True
bfe17e2af170b6bb,"_Converted_/CSV/T/TELEFUNKEN/AUDIO_IR3000/0,1.ir","0,1",AUDIO_IR3000,0.68,parent_directory,False,[],True
89e82e7409a76cb9,"_Converted_/CSV/T/TELEFUNKEN/TV_1127/7,-1.ir","7,-1",TV_1127,0.68,parent_directory,False,[],True
e7538d95effd2fcf,"_Converted_/CSV/T/TELEFUNKEN/TV_RC-1345/5,-1.ir","5,-1",TV_RC-1345,0.68,parent_directory,False,[],True
ca7e3f50b7afac9d,"_Converted_/CSV/T/TELEFUNKEN/VCR_FB1550/67,-1.ir","67,-1",VCR_FB1550,0.68,parent_directory,False,[],True
7c744b00229fb6c7,"_Converted_/CSV/T/TELEFUNKEN/VCR_RC1323-Video-B/8,-1.ir","8,-1",VCR_RC1323-Video-B,0.68,parent_directory,False,[],True
ab63554c4017be4a,"_Converted_/CSV/T/TRIAX/Unknown_DVB/10,-1.ir","10,-1",,0.0,,False,[],True
4ab8e9069270b120,"_Converted_/CSV/T/Tab_Electronics/Unknown_Kit/0,-1.ir","0,-1",,0.0,,False,[],True
cb6e3e0e6e70af45,"_Converted_/CSV/T/Tangent/Tangent-HiFi-II_Ampster-BT_CD_Tuner/6,248.ir","6,248",,0.0,,False,[],True
819bd20e17ca57bd,"_Converted_/CSV/T/Technosonic/Unknown_DVD-204/16,237.ir","16,237",Unknown_DVD-204,0.68,parent_directory,False,[],True
4ae35c29a1a76116,"_Converted_/CSV/T/Technotrend/Unknown_DVB/21,-1.ir","21,-1",,0.0,,False,[],True
62a089a943dd702b,"_Converted_/CSV/T/Technotrend/Unknown_Micro/21,-1.ir","21,-1",,0.0,,False,[],True
682f8d06a1cf4190,"_Converted_/CSV/T/Technotrend/Unknown_S2400/21,-1.ir","21,-1",Unknown_S2400,0.68,parent_directory,False,[],True
7d0cd4479fcc94b4,"_Converted_/CSV/T/Technotrend/Unknown_Technotrend/21,-1.ir","21,-1",,0.0,,False,[],True
96d327539f6d66a8,"_Converted_/CSV/T/Technotrend/Unknown_remote/21,-1.ir","21,-1",,0.0,,False,[],True
30bd03b823b80df0,"_Converted_/CSV/T/Teleka/Unknown_STR2060/1,-1.ir","1,-1",Unknown_STR2060,0.68,parent_directory,False,[],True
8ee407e00534eb9f,"_Converted_/CSV/T/Telemann/PC_HDTV_Tuner_Card/8,-1.ir","8,-1",,0.0,,False,[],True
fd08769bf04e6074,"_Converted_/CSV/T/Televes/Unknown_145075/8,-1.ir","8,-1",Unknown_145075,0.68,parent_directory,False,[],True
348f59c29845e3e5,"_Converted_/CSV/T/Televes/Unknown_711701/1,-1.ir","1,-1",Unknown_711701,0.68,parent_directory,False,[],True
f7af0d79dfafd6d3,"_Converted_/CSV/T/Tensai/Unknown_5340fb/134,124.ir","134,124",Unknown_5340fb,0.68,parent_directory,False,[],True
be8120e09740e5d9,"_Converted_/CSV/T/Terratec/Internet_Radio/4,243.ir","4,243",,0.0,,False,[],True
59bc5baa31bdace2,"_Converted_/CSV/T/Terratec/Unknown_1400/4,235.ir","4,235",Unknown_1400,0.68,parent_directory,False,[],True
27c03f0a4f668701,"_Converted_/CSV/T/Terratec/Unknown_Cinergy/134,107.ir","134,107",,0.0,,False,[],True
869a6a63188f5d8c,"_Converted_/CSV/T/Terratec/Unknown_Cinergy/20,-1.ir","20,-1",,0.0,,False,[],True
0b98e00372535f04,"_Converted_/CSV/T/Terratec/Unknown_Cinergy/4,235.ir","4,235",,0.0,,False,[],True
8f747a0f2b6c8e4e,"_Converted_/CSV/T/Terratec/Unknown_M3PO/10,-1.ir","10,-1",Unknown_M3PO,0.68,parent_directory,False,[],True
c7857ab80ff57509,"_Converted_/CSV/T/Terratec/Unknown_home/1,-1.ir","1,-1",,0.0,,False,[],True
c7dfc3075f1ffce2,"_Converted_/CSV/T/Tesla/Unknown_32LCD70WDGHD/1,-1.ir","1,-1",Unknown_32LCD70WDGHD,0.68,parent_directory,False,[],True
30a157bc91ad2c80,"_Converted_/CSV/T/Tesla/Unknown_Tesla/11,11.ir","11,11",,0.0,,False,[],True
3d2c3750fd85f14b,"_Converted_/CSV/T/Tesla/Unknown_Tesla/5,-1.ir","5,-1",,0.0,,False,[],True
0c6bbb6098b9ec01,"_Converted_/CSV/T/Tevion/Unknown_3830/1,-1.ir","1,-1",Unknown_3830,0.68,parent_directory,False,[],True
c488b801313b9927,"_Converted_/CSV/T/Tevion/Unknown_41666/131,69.ir","131,69",Unknown_41666,0.68,parent_directory,False,[],True
b1dfd6286bfdd63c,"_Converted_/CSV/T/Tevion/Unknown_DFA/0,-1.ir","0,-1",,0.0,,False,[],True
b9eeb378369ae083,"_Converted_/CSV/T/Tevion/Unknown_DVD/67,71.ir","67,71",,0.0,,False,[],True
af899b73cf8f3cba,"_Converted_/CSV/T/Tevion/Unknown_MD-5410/5,-1.ir","5,-1",Unknown_MD-5410,0.68,parent_directory,False,[],True
7981beb6befc0020,"_Converted_/CSV/T/Tevion/Unknown_MD/23,105.ir","23,105",,0.0,,False,[],True
ce02818cb17f4dc9,"_Converted_/CSV/T/Tevion/Unknown_MD/48,-1.ir","48,-1",,0.0,,False,[],True
ace0300e75a0e44e,"_Converted_/CSV/T/Tevion/Unknown_MDC-982PLL/162,162.ir","162,162",Unknown_MDC-982PLL,0.68,parent_directory,False,[],True
922a22013ba49616,"_Converted_/CSV/T/Tevion/Unknown_RS20536/67,71.ir","67,71",Unknown_RS20536,0.68,parent_directory,False,[],True
8d71b2e33a93b9a7,"_Converted_/CSV/T/Tevion/Unknown_SAT928/5,-1.ir","5,-1",Unknown_SAT928,0.68,parent_directory,False,[],True
839a54162a1a6654,"_Converted_/CSV/T/Tevion/Unknown_TDR-250HD/0,159.ir","0,159",Unknown_TDR-250HD,0.68,parent_directory,False,[],True
08b3d2696792efd9,"_Converted_/CSV/T/Tevion/Unknown_TDR51DV/0,159.ir","0,159",Unknown_TDR51DV,0.68,parent_directory,False,[],True
6a92a01df1ef682a,"_Converted_/CSV/T/Tevion/Unknown_TE-0603/64,63.ir","64,63",Unknown_TE-0603,0.68,parent_directory,False,[],True
a6f9b3cec9ce4d02,"_Converted_/CSV/T/Tevion/Unknown_TEV1020/0,-1.ir","0,-1",Unknown_TEV1020,0.68,parent_directory,False,[],True
977557081f0b1e7e,"_Converted_/CSV/T/Tevion/Unknown_Tevion-MD80383/5,5.ir","5,5",Unknown_Tevion-MD80383,0.68,parent_directory,False,[],True
585a439b3e57aaab,"_Converted_/CSV/T/Tevion/Unknown_Tevion-MD81035-ASAT-Code-0905/23,105.ir","23,105",Unknown_Tevion-MD81035-ASAT-Code-0905,0.68,parent_directory,False,[],True
d5e651fb58d36057,"_Converted_/CSV/T/Tevion/Unknown_TevionMd3607/7,-1.ir","7,-1",Unknown_TevionMd3607,0.68,parent_directory,False,[],True
0a996455a617a89f,"_Converted_/CSV/T/Theta_Digital/DVD_Player/163,-1.ir","163,-1",,0.0,,False,[],True
89a449d0951c232c,"_Converted_/CSV/T/Theta_Digital/DVD_Player/175,-1.ir","175,-1",,0.0,,False,[],True
63ea40b2fd03d2ac,"_Converted_/CSV/T/Theta_Digital/Surround_Processor/16,-1.ir","16,-1",,0.0,,False,[],True
e612dfcb60b98e21,"_Converted_/CSV/T/Thinkgeek/Unknown_Lightbulb/64,-1.ir","64,-1",,0.0,,False,[],True
a67218bcec52525a,"_Converted_/CSV/T/Thompson/Unknown_THOMPSON/133,48.ir","133,48",,0.0,,False,[],True
b6a97246cc8d7390,"_Converted_/CSV/T/Thomson/Unknown_230/0,-1.ir","0,-1",Unknown_230,0.68,parent_directory,False,[],True
93054cc43b173272,"_Converted_/CSV/T/Thomson/Unknown_RCS615TCLM1/5,-1.ir","5,-1",Unknown_RCS615TCLM1,0.68,parent_directory,False,[],True
6b16613aaea0d4fd,"_Converted_/CSV/T/Thomson/Unknown_TM9258/128,255.ir","128,255",Unknown_TM9258,0.68,parent_directory,False,[],True
9bfc6b93899abc74,"_Converted_/CSV/T/Thomson/Unknown_TV/7,-1.ir","7,-1",,0.0,,False,[],True
513a3a7d35c8f1ff,"_Converted_/CSV/T/TiVo/PVR/26,154.ir","26,154",,0.0,,False,[],True
d283b4ef0d1f6f81,"_Converted_/CSV/T/TiVo/TiVo/133,48.ir","133,48",,0.0,,False,[],True
f3b88f2e59ea9025,"_Converted_/CSV/T/TiVo/Unknown_Series1/133,48.ir","133,48",Unknown_Series1,0.68,parent_directory,False,[],True
381178d14b80745f,"_Converted_/CSV/T/Tivoli/Unknown_Sirius/0,-1.ir","0,-1",,0.0,,False,[],True
cbb2e59b1474c8ec,"_Converted_/CSV/T/Tokai/Unknown_DVD-715/32,-1.ir","32,-1",Unknown_DVD-715,0.68,parent_directory,False,[],True
bf5937e9cef62e89,"_Converted_/CSV/T/Topfield/Unknown_PVR/32,-1.ir","32,-1",,0.0,,False,[],True
b3aa37ba2ffda3d4,"_Converted_/CSV/T/Topfield/Unknown_TF4000Fi/4,255.ir","4,255",Unknown_TF4000Fi,0.68,parent_directory,False,[],True
763634602ceaeb6e,"_Converted_/CSV/T/Topfield/Unknown_TF4000PVR/32,-1.ir","32,-1",Unknown_TF4000PVR,0.68,parent_directory,False,[],True
dc8915c40c1efe18,"_Converted_/CSV/T/Topseed/Unknown_Topseed/4,15.ir","4,15",,0.0,,False,[],True
625080539bea8e06,"_Converted_/CSV/T/Toshiba/DVD_Player/69,-1.ir","69,-1",,0.0,,False,[],True
980a24cc2bfc68ab,"_Converted_/CSV/T/Toshiba/TV/64,-1.ir","64,-1",,0.0,,False,[],True
3fe1e5ff5f180feb,"_Converted_/CSV/T/Toshiba/Unknown_CT-816/64,-1.ir","64,-1",Unknown_CT-816,0.68,parent_directory,False,[],True
07237f49de13002a,"_Converted_/CSV/T/Toshiba/Unknown_CT-826/64,-1.ir","64,-1",Unknown_CT-826,0.68,parent_directory,False,[],True
7b3831765b2cc5c5,"_Converted_/CSV/T/Toshiba/Unknown_CT-832/64,-1.ir","64,-1",Unknown_CT-832,0.68,parent_directory,False,[],True
0c396e998bf8c610,"_Converted_/CSV/T/Toshiba/Unknown_CT-859/64,-1.ir","64,-1",Unknown_CT-859,0.68,parent_directory,False,[],True
176a83465a62f0a0,"_Converted_/CSV/T/Toshiba/Unknown_CT-90038/231,10.ir","231,10",Unknown_CT-90038,0.68,parent_directory,False,[],True
ace66118eaaa7482,"_Converted_/CSV/T/Toshiba/Unknown_CT-90205/231,10.ir","231,10",Unknown_CT-90205,0.68,parent_directory,False,[],True
b4e16bb4bf1bb4d5,"_Converted_/CSV/T/Toshiba/Unknown_CT-90298/64,-1.ir","64,-1",Unknown_CT-90298,0.68,parent_directory,False,[],True
a80a35091ec75ecd,"_Converted_/CSV/T/Toshiba/Unknown_CT-90326/64,-1.ir","64,-1",Unknown_CT-90326,0.68,parent_directory,False,[],True
bf74da6301b27ccf,"_Converted_/CSV/T/Toshiba/Unknown_CT-9573/64,-1.ir","64,-1",Unknown_CT-9573,0.68,parent_directory,False,[],True
fc5df70da3f5e914,"_Converted_/CSV/T/Toshiba/Unknown_CT-9784/64,-1.ir","64,-1",Unknown_CT-9784,0.68,parent_directory,False,[],True
efddeaa4799d065a,"_Converted_/CSV/T/Toshiba/Unknown_CT-9881/134,107.ir","134,107",Unknown_CT-9881,0.68,parent_directory,False,[],True
ff377686c9f55a08,"_Converted_/CSV/T/Toshiba/Unknown_CT-9952/64,-1.ir","64,-1",Unknown_CT-9952,0.68,parent_directory,False,[],True
fd9ce9279bbfcdf6,"_Converted_/CSV/T/Toshiba/Unknown_G83C0008A110/4,15.ir","4,15",Unknown_G83C0008A110,0.68,parent_directory,False,[],True
8d0ec518a7bf5751,"_Converted_/CSV/T/Toshiba/Unknown_RM-614Q/5,5.ir","5,5",Unknown_RM-614Q,0.68,parent_directory,False,[],True
972d15e3f6d3575e,"_Converted_/CSV/T/Toshiba/Unknown_SE-R0031/69,-1.ir","69,-1",Unknown_SE-R0031,0.68,parent_directory,False,[],True
69ab009fa72129ea,"_Converted_/CSV/T/Toshiba/Unknown_SE-R0049/69,-1.ir","69,-1",Unknown_SE-R0049,0.68,parent_directory,False,[],True
0a16abb3d552e8da,"_Converted_/CSV/T/Toshiba/Unknown_SE-R0058/69,-1.ir","69,-1",Unknown_SE-R0058,0.68,parent_directory,False,[],True
39f0e640ca7a7137,"_Converted_/CSV/T/Toshiba/Unknown_SE-R0127/69,-1.ir","69,-1",Unknown_SE-R0127,0.68,parent_directory,False,[],True
ad02b64a79ef4c97,"_Converted_/CSV/T/Toshiba/Unknown_TOSHIBA/64,-1.ir","64,-1",,0.0,,False,[],True
6bb9fde03f65bfd2,"_Converted_/CSV/T/Toshiba/Unknown_TOSHIBA/68,-1.ir","68,-1",,0.0,,False,[],True
d30ae5b0f4455e07,"_Converted_/CSV/T/Toshiba/Unknown_TOSHTV/64,-1.ir","64,-1",,0.0,,False,[],True
83ea6a7fd80f00b8,"_Converted_/CSV/T/Toshiba/Unknown_TSR-101R/66,187.ir","66,187",Unknown_TSR-101R,0.68,parent_directory,False,[],True
672cadcc845e8fea,"_Converted_/CSV/T/Toshiba/Unknown_Toshiba-SE-R0047/69,-1.ir","69,-1",Unknown_Toshiba-SE-R0047,0.68,parent_directory,False,[],True
d3d49c6371c610d1,"_Converted_/CSV/T/Toshiba/Unknown_Toshiba-SE-R0090/69,-1.ir","69,-1",Unknown_Toshiba-SE-R0090,0.68,parent_directory,False,[],True
f40f1e8716ee247e,"_Converted_/CSV/T/Toshiba/Unknown_VC-642T/68,-1.ir","68,-1",Unknown_VC-642T,0.68,parent_directory,False,[],True
5e92ca586ace2f0f,"_Converted_/CSV/T/Toshiba/Unknown_VC-90B/68,-1.ir","68,-1",Unknown_VC-90B,0.68,parent_directory,False,[],True
fbcd6821e63588fc,"_Converted_/CSV/T/Toshiba/Unknown_VT-11/68,-1.ir","68,-1",Unknown_VT-11,0.68,parent_directory,False,[],True
eceaee8689351bbd,"_Converted_/CSV/T/Toshiba/Unknown_VT-204G/68,-1.ir","68,-1",Unknown_VT-204G,0.68,parent_directory,False,[],True
82247233fa2136b8,"_Converted_/CSV/T/Toshiba/Unknown_VT-209W/68,-1.ir","68,-1",Unknown_VT-209W,0.68,parent_directory,False,[],True
a67a8ad8d528029f,"_Converted_/CSV/T/Toshiba/Unknown_VT-75F/68,-1.ir","68,-1",Unknown_VT-75F,0.68,parent_directory,False,[],True
47df70a24dc1927a,"_Converted_/CSV/T/Toshiba/Unknown_toshiba-RM-A210/42,-1.ir","42,-1",Unknown_toshiba-RM-A210,0.68,parent_directory,False,[],True
3a3cfb61808affde,"_Converted_/CSV/T/Toshiba/VCR/68,-1.ir","68,-1",,0.0,,False,[],True
9ae08dfa46dc2ed0,"_Converted_/CSV/T/Total_Control/Unknown_Control/7,-1.ir","7,-1",,0.0,,False,[],True
1e7fbed02277dfda,"_Converted_/CSV/T/Total_Media_In_Hand/Unknown_Media/2,189.ir","2,189",,0.0,,False,[],True
b244337805780fff,"_Converted_/CSV/T/Traxis/Unknown_3500/4,-1.ir","4,-1",Unknown_3500,0.68,parent_directory,False,[],True
14da81bd4b6a9f42,"_Converted_/CSV/T/Trust/Unknown_RC-2400/52,15.ir","52,15",Unknown_RC-2400,0.68,parent_directory,False,[],True
156ae64e3efbe4f6,"_Converted_/CSV/T/Trutech/Unknown_TV/0,1.ir","0,1",,0.0,,False,[],True
00a23cdde58ee94e,"_Converted_/CSV/T/Turtle_Beach/MP3_Player/1,-1.ir","1,-1",MP3_Player,0.68,parent_directory,False,[],True
4dbe5fc3372eb960,"_Converted_/CSV/T/Turtle_Beach/MP3_Player/1,249.ir","1,249",MP3_Player,0.68,parent_directory,False,[],True
5233defe5fceb8d6,"_Converted_/CSV/T/Turtlebeach/Unknown_Audiotron/1,249.ir","1,249",,0.0,,False,[],True
e19b2ad6c66e791d,"_Converted_/CSV/T/Twinhan/Unknown_AD-SP200/0,-1.ir","0,-1",Unknown_AD-SP200,0.68,parent_directory,False,[],True
388c22d0069e47ad,"_Converted_/CSV/T/Twinhan/Unknown_DTV/0,-1.ir","0,-1",,0.0,,False,[],True
5b17d9ceed51a9ca,"_Converted_/CSV/T/Typhoon/Unknown_DTV/0,-1.ir","0,-1",,0.0,,False,[],True
ab1731f163560b85,"_Converted_/CSV/T/Typhoon/Unknown_RC-0718-3/96,1.ir","96,1",Unknown_RC-0718-3,0.68,parent_directory,False,[],True
181d17f4c6d26624,"_Converted_/CSV/T/trio/Unknown_xms007/8,-1.ir","8,-1",Unknown_xms007,0.68,parent_directory,False,[],True
ca440427af814336,"_Converted_/CSV/U/UEC/Unknown_DVB/24,-1.ir","24,-1",,0.0,,False,[],True
66f48e157c55a8c3,"_Converted_/CSV/U/UPC/Unknown_SAT/39,-1.ir","39,-1",,0.0,,False,[],True
45db882568ba7f8e,"_Converted_/CSV/U/US_Electronics/Cable_Box/0,-1.ir","0,-1",,0.0,,False,[],True
12368f5efb18da2b,"_Converted_/CSV/U/Ultrawave/Unknown_3500PFTA/2,2.ir","2,2",Unknown_3500PFTA,0.68,parent_directory,False,[],True
469cbae3845f9f92,"_Converted_/CSV/U/Umax/Unknown_D-701/0,240.ir","0,240",Unknown_D-701,0.68,parent_directory,False,[],True
03febd48c5eb9b71,"_Converted_/CSV/U/Uniden/Satellite/1,-1.ir","1,-1",,0.0,,False,[],True
11e7bd174feffa26,"_Converted_/CSV/U/United/Unknown_United-DVD4057M/0,-1.ir","0,-1",Unknown_United-DVD4057M,0.68,parent_directory,False,[],True
de186189db12cd29,"_Converted_/CSV/U/Universal/Unknown_001/4,15.ir","4,15",Unknown_001,0.68,parent_directory,False,[],True
e95430d01e86bf6d,"_Converted_/CSV/U/Universal/Unknown_006/56,-1.ir","56,-1",Unknown_006,0.68,parent_directory,False,[],True
a6e6f718e51ad96f,"_Converted_/CSV/U/Universal/Unknown_089/6,-1.ir","6,-1",Unknown_089,0.68,parent_directory,False,[],True
5455474cae73c2d6,"_Converted_/CSV/U/Universal/Unknown_101/6,-1.ir","6,-1",Unknown_101,0.68,parent_directory,False,[],True
90058c959caa272a,"_Converted_/CSV/U/Universal/Unknown_111/135,124.ir","135,124",Unknown_111,0.68,parent_directory,False,[],True
30db5bd1f1dff958,"_Converted_/CSV/U/Universal/Unknown_Knopex/7,-1.ir","7,-1",,0.0,,False,[],True
97578fdbf1314b3c,"_Converted_/CSV/U/Universal/Unknown_MC-10/5,-1.ir","5,-1",Unknown_MC-10,0.68,parent_directory,False,[],True
e0c9b03dd0d3ae35,"_Converted_/CSV/U/Universal/Unknown_Powerhouse/166,-1.ir","166,-1",,0.0,,False,[],True
b52e5c4377b233ae,"_Converted_/CSV/U/Universal/Unknown_RC/0,-1.ir","0,-1",,0.0,,False,[],True
5b04c9f2a7f5af11,"_Converted_/CSV/U/Universal/Unknown_RM-V211T/2,-1.ir","2,-1",Unknown_RM-V211T,0.68,parent_directory,False,[],True
029b304a517cc166,"_Converted_/CSV/U/Universal/Unknown_RZ-55/1,-1.ir","1,-1",Unknown_RZ-55,0.68,parent_directory,False,[],True
a731f2099dd882dd,"_Converted_/CSV/U/Universal/Unknown_URC-6012w/2,-1.ir","2,-1",Unknown_URC-6012w,0.68,parent_directory,False,[],True
6a46867c75484728,"_Converted_/CSV/U/Universal/Unknown_cme/7,-1.ir","7,-1",,0.0,,False,[],True
1c3273ec7c3b1eac,"_Converted_/CSV/U/Universal/Unknown_lircd.conf/0,-1.ir","0,-1",,0.0,,False,[],True
f918e34144e89904,"_Converted_/CSV/U/Universal/Unknown_lircd.conf/128,123.ir","128,123",,0.0,,False,[],True
a52a8aab6b1c6c44,"_Converted_/CSV/U/Universal/Unknown_lt3607-aux599/135,124.ir","135,124",Unknown_lt3607-aux599,0.68,parent_directory,False,[],True
ccf96c02462fd95c,"_Converted_/CSV/U/Universal/Unknown_testrecord.config/0,-1.ir","0,-1",,0.0,,False,[],True
f7f7317d61fdcdcb,"_Converted_/CSV/U/Universal/Unknown_tv/1,-1.ir","1,-1",,0.0,,False,[],True
eccdc27e23c44e86,"_Converted_/CSV/U/universum/SAT/97,135.ir","97,135",,0.0,,False,[],True
fc1a67ed50868690,"_Converted_/CSV/U/universum/SAT_SR420/15,-1.ir","15,-1",SAT_SR420,0.68,parent_directory,False,[],True
0866ced360edf33c,"_Converted_/CSV/U/universum/Unknown_universum/0,-1.ir","0,-1",,0.0,,False,[],True
93c4bec59c3d77c0,"_Converted_/CSV/U/universum/Unknown_universum/16,16.ir","16,16",,0.0,,False,[],True
378e765baa2ba65e,"_Converted_/CSV/U/universum/VCR/128,123.ir","128,123",,0.0,,False,[],True
f59c07ecbecf28c3,"_Converted_/CSV/U/universum/VCR_VR743A/5,-1.ir","5,-1",VCR_VR743A,0.68,parent_directory,False,[],True
d589e62adaceae1b,"_Converted_/CSV/V/Velodyne/Subwoofer/0,69.ir","0,69",,0.0,,False,[],True
a81a6680e35fea79,"_Converted_/CSV/V/Venturer/Unknown_STB7766G1/66,187.ir","66,187",Unknown_STB7766G1,0.68,parent_directory,False,[],True
0c1f41a1d5320884,"_Converted_/CSV/V/Venturer/Unknown_boombox/129,129.ir","129,129",,0.0,,False,[],True
5ce22442d4ec4f86,"_Converted_/CSV/V/Vestel/Unknown_TV/0,-1.ir","0,-1",,0.0,,False,[],True
b432fff9e80fce94,"_Converted_/CSV/V/Video7/Unknown_Video7-RC750/32,-1.ir","32,-1",Unknown_Video7-RC750,0.68,parent_directory,False,[],True
9e22a341f6b5fbdb,"_Converted_/CSV/V/Vidikron/Video_Projector/0,-1.ir","0,-1",,0.0,,False,[],True
70df0de6583e7a59,"_Converted_/CSV/V/ViewSonic/Unknown_98TR7BD-ONT-VSF/131,241.ir","131,241",Unknown_98TR7BD-ONT-VSF,0.68,parent_directory,False,[],True
e9f628e1d360122f,"_Converted_/CSV/V/ViewSonic/Unknown_RC00070P/131,241.ir","131,241",Unknown_RC00070P,0.68,parent_directory,False,[],True
a9f71ab97ee4decb,"_Converted_/CSV/V/ViewSonic/Unknown_vsnv6/0,-1.ir","0,-1",Unknown_vsnv6,0.68,parent_directory,False,[],True
0ed2db623752673f,"_Converted_/CSV/V/Viewmaster/Unknown_RC-03/73,-1.ir","73,-1",Unknown_RC-03,0.68,parent_directory,False,[],True
bc5682244b39563b,"_Converted_/CSV/V/Viewsat/Unknown_SAT/32,255.ir","32,255",,0.0,,False,[],True
082b8e8c1deea695,"_Converted_/CSV/V/Viewsat/Unknown_VS2000/32,255.ir","32,255",Unknown_VS2000,0.68,parent_directory,False,[],True
f66abda5f49f4e79,"_Converted_/CSV/V/Virgin-media/Unknown_VIRGINTIVO/10,-1.ir","10,-1",,0.0,,False,[],True
0365280d1294759f,"_Converted_/CSV/V/Visionetics/Unknown_Cable/134,107.ir","134,107",,0.0,,False,[],True
b2aedae0485aca6a,"_Converted_/CSV/V/Vistron/Unknown_DVD-5211/0,-1.ir","0,-1",Unknown_DVD-5211,0.68,parent_directory,False,[],True
2d527cc28a81314a,"_Converted_/CSV/V/Vistron/Unknown_LTM-3271E/8,-1.ir","8,-1",Unknown_LTM-3271E,0.68,parent_directory,False,[],True
711b068d112b90d8,"_Converted_/CSV/V/Vivanco/Unknown_DVD/26,73.ir","26,73",,0.0,,False,[],True
8ca5adfb5873d445,"_Converted_/CSV/V/Vivanco/Unknown_UR2/10,-1.ir","10,-1",Unknown_UR2,0.68,parent_directory,False,[],True
e119f20919406c5b,"_Converted_/CSV/V/Vivanco/Unknown_ur89/0,-1.ir","0,-1",Unknown_ur89,0.68,parent_directory,False,[],True
f7cefe0fc43953b6,"_Converted_/CSV/V/Vizio/Unknown_VX37L/4,-1.ir","4,-1",Unknown_VX37L,0.68,parent_directory,False,[],True
ef10f4c16b62459f,"_Converted_/CSV/V/Vizio/Unknown_Vizio/4,-1.ir","4,-1",,0.0,,False,[],True
20a6514376298e7c,"_Converted_/CSV/V/VocoPro/Karaoke/32,1.ir","32,1",,0.0,,False,[],True
c8bbbad0af552f92,"_Converted_/CSV/V/Voxson/Unknown_PT2222-1/0,-1.ir","0,-1",Unknown_PT2222-1,0.68,parent_directory,False,[],True
f6f14599e5e58a71,"_Converted_/CSV/V/videologic/Unknown_rm201/134,107.ir","134,107",Unknown_rm201,0.68,parent_directory,False,[],True
52e61f707da0833d,"_Converted_/CSV/V/viewmaxpro/Unknown_viewmaxpro/32,64.ir","32,64",,0.0,,False,[],True
9034b3ac39ba4c1b,"_Converted_/CSV/W/WD/Unknown_HDTVMediaPlayerV1/132,121.ir","132,121",Unknown_HDTVMediaPlayerV1,0.68,parent_directory,False,[],True
7a027afb9e504f78,"_Converted_/CSV/W/WD/Unknown_TV/132,121.ir","132,121",,0.0,,False,[],True
a50da21fed7ad105,"_Converted_/CSV/W/Westinghouse/Unknown_LVM-47W1/1,-1.ir","1,-1",Unknown_LVM-47W1,0.68,parent_directory,False,[],True
2276276c63b56643,"_Converted_/CSV/W/Westinghouse/Unknown_RMT/1,-1.ir","1,-1",,0.0,,False,[],True
0ba5af95eaf797e0,"_Converted_/CSV/W/Wilfa/Unknown_RVC-17/64,175.ir","64,175",Unknown_RVC-17,0.68,parent_directory,False,[],True
e2c65a96f90e28f3,"_Converted_/CSV/X/XMS/Unknown_XMS503/32,-1.ir","32,-1",Unknown_XMS503,0.68,parent_directory,False,[],True
7d606eb7fe8460ce,"_Converted_/CSV/X/XORO/Sat/0,191.ir","0,191",,0.0,,False,[],True
bd41332d17e553fe,"_Converted_/CSV/X/XORO/Unknown_DVB/1,-1.ir","1,-1",,0.0,,False,[],True
b42c6d66e280772a,"_Converted_/CSV/X/Xantech/Programmer/6,-1.ir","6,-1",,0.0,,False,[],True
9b8770773fd5af27,"_Converted_/CSV/X/Xantech/Relay_Module/6,-1.ir","6,-1",,0.0,,False,[],True
912dac9344704fe5,"_Converted_/CSV/X/Xlogic/Unknown_XLOGIC-KF8000D/64,63.ir","64,63",Unknown_XLOGIC-KF8000D,0.68,parent_directory,False,[],True
82f0e94fc27b39f5,"_Converted_/CSV/X/Xtreamer/Unknown_Xtreamer/0,-1.ir","0,-1",,0.0,,False,[],True
321fea568a6cab11,"_Converted_/CSV/X/xsat/Unknown_xsat/34,-1.ir","34,-1",,0.0,,False,[],True
d05ab631742ccee4,_Converted_/CSV/Y/YES/Unknown_YES/132_60.ir,132_60,,0.0,,False,[],True
607fab45df51d349,"_Converted_/CSV/Y/Yakumo/Unknown_DVD/4,-1.ir","4,-1",,0.0,,False,[],True
7a5b962a520c6e03,"_Converted_/CSV/Y/Yamada/Unknown_DVX-6xxx/4,-1.ir","4,-1",Unknown_DVX-6xxx,0.68,parent_directory,False,[],True
0f7006724cfbd1b3,"_Converted_/CSV/Y/Yamada/Unknown_PVD-500/0,-1.ir","0,-1",Unknown_PVD-500,0.68,parent_directory,False,[],True
cbf3948550c8c800,"_Converted_/CSV/Y/Yamaha/Amplifier/120,-1.ir","120,-1",,0.0,,False,[],True
6908be1beaf834d4,"_Converted_/CSV/Y/Yamaha/Amplifier/122,-1.ir","122,-1",,0.0,,False,[],True
b64c5e9c38d98c1c,"_Converted_/CSV/Y/Yamaha/Amplifier/125,-1.ir","125,-1",,0.0,,False,[],True
6c4e1fc387ec4ccc,"_Converted_/CSV/Y/Yamaha/Blu-Ray/124,-1.ir","124,-1",,0.0,,False,[],True
4ff62a89401059af,"_Converted_/CSV/Y/Yamaha/CD-R/127,-1.ir","127,-1",,0.0,,False,[],True
0bc69d57a721f808,"_Converted_/CSV/Y/Yamaha/CD_Changer/121,-1.ir","121,-1",,0.0,,False,[],True
18e2d83cad8d2a26,"_Converted_/CSV/Y/Yamaha/CD_Changer/122,-1.ir","122,-1",,0.0,,False,[],True
58fe8606d5b0e44c,"_Converted_/CSV/Y/Yamaha/CD_Jukebox/121,-1.ir","121,-1",,0.0,,False,[],True
b422b54b4424ee28,"_Converted_/CSV/Y/Yamaha/CD_Jukebox/122,-1.ir","122,-1",,0.0,,False,[],True
1ba4577204bc073d,"_Converted_/CSV/Y/Yamaha/CD_Player/121,-1.ir","121,-1",,0.0,,False,[],True
2cb611457964479b,"_Converted_/CSV/Y/Yamaha/CD_Player/122,-1.ir","122,-1",,0.0,,False,[],True
b2a3fd85666730b3,"_Converted_/CSV/Y/Yamaha/Cassette_Tape/122,-1.ir","122,-1",,0.0,,False,[],True
3b8e28d5fe3743f9,"_Converted_/CSV/Y/Yamaha/Cassette_Tape/127,-1.ir","127,-1",,0.0,,False,[],True
01580d80bffdfad8,"_Converted_/CSV/Y/Yamaha/DAT/128,55.ir","128,55",,0.0,,False,[],True
a23da3094afadbe5,_Converted_/CSV/Y/Yamaha/DSP/120_-1.ir,120_-1,,0.0,,False,[],True
04e72866515711e7,_Converted_/CSV/Y/Yamaha/DSP/122_-1.ir,122_-1,,0.0,,False,[],True
ea5b3424a039f941,_Converted_/CSV/Y/Yamaha/DSP/4_-1.ir,4_-1,,0.0,,False,[],True
a37f89ce982bbb1e,_Converted_/CSV/Y/Yamaha/DSP/6_-1.ir,6_-1,,0.0,,False,[],True
a6076a6d7d46b56b,_Converted_/CSV/Y/Yamaha/DSP/80_-1.ir,80_-1,,0.0,,False,[],True
81446f25ec2fc4d5,_Converted_/CSV/Y/Yamaha/DSP/87_-1.ir,87_-1,,0.0,,False,[],True
3ef574285d29a07f,_Converted_/CSV/Y/Yamaha/DVD/124_-1.ir,124_-1,,0.0,,False,[],True
55edac003050e092,_Converted_/CSV/Y/Yamaha/DVD/176_0.ir,176_0,,0.0,,False,[],True
d2a4f3b7713a53f2,_Converted_/CSV/Y/Yamaha/DVD/4_-1.ir,4_-1,,0.0,,False,[],True
7d58fd52aafc7e91,_Converted_/CSV/Y/Yamaha/DVD_Changer/4_-1.ir,4_-1,,0.0,,False,[],True
5d97acfecd1200fd,_Converted_/CSV/Y/Yamaha/DVD_Player/124_-1.ir,124_-1,,0.0,,False,[],True
503f3920915c0c9c,_Converted_/CSV/Y/Yamaha/DVD_Player/176_0.ir,176_0,,0.0,,False,[],True
e0f81f10ccce1c27,_Converted_/CSV/Y/Yamaha/DVD_Player/4_-1.ir,4_-1,,0.0,,False,[],True
f5e6d94ec6cf93f5,_Converted_/CSV/Y/Yamaha/DVD_Pre-amp/120_-1.ir,120_-1,,0.0,,False,[],True
eb8eec3383cfbf6c,_Converted_/CSV/Y/Yamaha/DVD_Pre-amp/124_-1.ir,124_-1,,0.0,,False,[],True
8bd508f50eec3e3d,_Converted_/CSV/Y/Yamaha/DVD_Receiver/120_-1.ir,120_-1,,0.0,,False,[],True
971fe39971b7a322,_Converted_/CSV/Y/Yamaha/DVD_Receiver/124_-1.ir,124_-1,,0.0,,False,[],True
976d456ecadad6b0,_Converted_/CSV/Y/Yamaha/DVR/120_-1.ir,120_-1,,0.0,,False,[],True
fbdcedbfb659df7a,_Converted_/CSV/Y/Yamaha/DVR/124_-1.ir,124_-1,,0.0,,False,[],True
ed35b0d3f2ebc13c,_Converted_/CSV/Y/Yamaha/DVR/71_-1.ir,71_-1,,0.0,,False,[],True
34425d89ec5f29eb,_Converted_/CSV/Y/Yamaha/Laser_Disc/124_-1.ir,124_-1,,0.0,,False,[],True
2e3d363e357df9c6,_Converted_/CSV/Y/Yamaha/Mini_System/120_-1.ir,120_-1,,0.0,,False,[],True
c7401e82e5597c82,_Converted_/CSV/Y/Yamaha/Music_Server/128_55.ir,128_55,,0.0,,False,[],True
a65a3e0f009565c3,_Converted_/CSV/Y/Yamaha/Plasma/80_-1.ir,80_-1,,0.0,,False,[],True
e735899d2549b349,_Converted_/CSV/Y/Yamaha/Projector/209_-1.ir,209_-1,,0.0,,False,[],True
c1cc50796885a2a7,_Converted_/CSV/Y/Yamaha/Projector/240_-1.ir,240_-1,,0.0,,False,[],True
4c01302bd0ebb8b1,_Converted_/CSV/Y/Yamaha/Receiver/0_-1.ir,0_-1,,0.0,,False,[],True
b36c63f13e7699a3,_Converted_/CSV/Y/Yamaha/Receiver/0_0.ir,0_0,,0.0,,False,[],True
50f7bc8521e87931,_Converted_/CSV/Y/Yamaha/Receiver/120_-1.ir,120_-1,,0.0,,False,[],True
b21997e3bb38033f,_Converted_/CSV/Y/Yamaha/Receiver/121_-1.ir,121_-1,,0.0,,False,[],True
a716e752b70824cb,_Converted_/CSV/Y/Yamaha/Receiver/122_-1.ir,122_-1,,0.0,,False,[],True
ef7c73f67d9b59c5,_Converted_/CSV/Y/Yamaha/Receiver/124_-1.ir,124_-1,,0.0,,False,[],True
30c222af8d74b702,_Converted_/CSV/Y/Yamaha/Receiver/125_-1.ir,125_-1,,0.0,,False,[],True
695179cbe48dd8af,_Converted_/CSV/Y/Yamaha/Receiver/126_-1.ir,126_-1,,0.0,,False,[],True
899472b8e24a3688,_Converted_/CSV/Y/Yamaha/Receiver/127_1.ir,127_1,,0.0,,False,[],True
0bbbba9981e252d3,_Converted_/CSV/Y/Yamaha/Receiver/15_-1.ir,15_-1,,0.0,,False,[],True
5b63786155d25dd2,_Converted_/CSV/Y/Yamaha/Receiver/209_-1.ir,209_-1,,0.0,,False,[],True
ca8162d403482606,_Converted_/CSV/Y/Yamaha/Receiver/4_-1.ir,4_-1,,0.0,,False,[],True
320082a2f86e4e2a,_Converted_/CSV/Y/Yamaha/Receiver/6_-1.ir,6_-1,,0.0,,False,[],True
610ac08f5f596b7f,_Converted_/CSV/Y/Yamaha/Receiver/8_-1.ir,8_-1,,0.0,,False,[],True
19b1eb58f8fafb5a,_Converted_/CSV/Y/Yamaha/Sound_Projector/120_-1.ir,120_-1,,0.0,,False,[],True
6c73fbd3f74a39fd,_Converted_/CSV/Y/Yamaha/Sound_Projector/126_-1.ir,126_-1,,0.0,,False,[],True
48987d5433ec2d2a,_Converted_/CSV/Y/Yamaha/Stereo_Receiver/125_-1.ir,125_-1,,0.0,,False,[],True
7e6d9da850bee108,_Converted_/CSV/Y/Yamaha/Stereo_Receiver/126_-1.ir,126_-1,,0.0,,False,[],True
5e98316947640957,_Converted_/CSV/Y/Yamaha/Tuner/122_-1.ir,122_-1,,0.0,,False,[],True
47c124b07096d901,_Converted_/CSV/Y/Yamaha/Tuner/209_-1.ir,209_-1,,0.0,,False,[],True
5f95ef1c848e409e,_Converted_/CSV/Y/Yamaha/Unknown_DVD-RC/32_-1.ir,32_-1,,0.0,,False,[],True
bc7413b737291810,_Converted_/CSV/Y/Yamaha/Unknown_DVD/69_-1.ir,69_-1,,0.0,,False,[],True
7dd1a7d9bbc6d918,_Converted_/CSV/Y/Yamaha/Unknown_JVCDVD/239_-1.ir,239_-1,,0.0,,False,[],True
59c68d59a2163110,_Converted_/CSV/Y/Yamaha/Unknown_RAV-12/122_-1.ir,122_-1,Unknown_RAV-12,0.68,parent_directory,False,[],True
1b3834594a86354e,_Converted_/CSV/Y/Yamaha/Unknown_RAV14/122_-1.ir,122_-1,Unknown_RAV14,0.68,parent_directory,False,[],True
b1b505994fe6a6ef,_Converted_/CSV/Y/Yamaha/Unknown_RAV16/122_-1.ir,122_-1,Unknown_RAV16,0.68,parent_directory,False,[],True
dc96f26ec34bd324,_Converted_/CSV/Y/Yamaha/Unknown_RAV207/122_-1.ir,122_-1,Unknown_RAV207,0.68,parent_directory,False,[],True
5edc48faf09f2752,_Converted_/CSV/Y/Yamaha/Unknown_RCX-750/122_-1.ir,122_-1,Unknown_RCX-750,0.68,parent_directory,False,[],True
daf25b02e761ef02,_Converted_/CSV/Y/Yamaha/Unknown_RCX/122_-1.ir,122_-1,,0.0,,False,[],True
3b97e7c6f5f3e0f4,_Converted_/CSV/Y/Yamaha/Unknown_RCX2/122_-1.ir,122_-1,Unknown_RCX2,0.68,parent_directory,False,[],True
117d1d49b293fc69,_Converted_/CSV/Y/Yamaha/Unknown_RCX660/122_-1.ir,122_-1,Unknown_RCX660,0.68,parent_directory,False,[],True
515b4679de843116,_Converted_/CSV/Y/Yamaha/Unknown_RS-CD5/121_-1.ir,121_-1,Unknown_RS-CD5,0.68,parent_directory,False,[],True
74064d4069b37602,_Converted_/CSV/Y/Yamaha/Unknown_RS-CX600/122_-1.ir,122_-1,Unknown_RS-CX600,0.68,parent_directory,False,[],True
c4375e6209e6363a,_Converted_/CSV/Y/Yamaha/Unknown_RS-K3/127_-1.ir,127_-1,Unknown_RS-K3,0.68,parent_directory,False,[],True
6b6f2c91bfb7b31c,_Converted_/CSV/Y/Yamaha/Unknown_RX-450/122_-1.ir,122_-1,Unknown_RX-450,0.68,parent_directory,False,[],True
d22c582e270ea04b,_Converted_/CSV/Y/Yamaha/Unknown_RX-CX800/122_-1.ir,122_-1,Unknown_RX-CX800,0.68,parent_directory,False,[],True
4e954d2d834da39d,_Converted_/CSV/Y/Yamaha/Unknown_RX-V850/122_-1.ir,122_-1,Unknown_RX-V850,0.68,parent_directory,False,[],True
ba23b4c5362ece42,_Converted_/CSV/Y/Yamaha/Unknown_TX-1000/209_-1.ir,209_-1,Unknown_TX-1000,0.68,parent_directory,False,[],True
437db143ee96de13,_Converted_/CSV/Y/Yamaha/Unknown_V499920/122_-1.ir,122_-1,Unknown_V499920,0.68,parent_directory,False,[],True
b66726ae2a91625e,_Converted_/CSV/Y/Yamaha/Unknown_VI47320/209_-1.ir,209_-1,Unknown_VI47320,0.68,parent_directory,False,[],True
8a44cfd6bccc5b6c,_Converted_/CSV/Y/Yamaha/Unknown_VI77760/127_-1.ir,127_-1,Unknown_VI77760,0.68,parent_directory,False,[],True
521a7c3ddfbc7bc1,_Converted_/CSV/Y/Yamaha/Unknown_VJ59810/121_-1.ir,121_-1,Unknown_VJ59810,0.68,parent_directory,False,[],True
1d212043083846dc,_Converted_/CSV/Y/Yamaha/Unknown_VJI5420/121_-1.ir,121_-1,Unknown_VJI5420,0.68,parent_directory,False,[],True
c1fbc60128b78977,_Converted_/CSV/Y/Yamaha/Unknown_VK34080/121_-1.ir,121_-1,Unknown_VK34080,0.68,parent_directory,False,[],True
f479b98740f80403,_Converted_/CSV/Y/Yamaha/Unknown_VK38010/122_-1.ir,122_-1,Unknown_VK38010,0.68,parent_directory,False,[],True
5138cf97f3b091a5,_Converted_/CSV/Y/Yamaha/Unknown_VM70300/122_-1.ir,122_-1,Unknown_VM70300,0.68,parent_directory,False,[],True
5844022dc164b5ec,_Converted_/CSV/Y/Yamaha/Unknown_VP59040/122_-1.ir,122_-1,Unknown_VP59040,0.68,parent_directory,False,[],True
49a76c1605399534,_Converted_/CSV/Y/Yamaha/Unknown_VQ95010/121_-1.ir,121_-1,Unknown_VQ95010,0.68,parent_directory,False,[],True
32fb225906cc036e,_Converted_/CSV/Y/Yamaha/Unknown_VR81350/123_-1.ir,123_-1,Unknown_VR81350,0.68,parent_directory,False,[],True
956d047ee42f39f8,_Converted_/CSV/Y/Yamaha/Unknown_VU71330/121_-1.ir,121_-1,Unknown_VU71330,0.68,parent_directory,False,[],True
0eb14f301e6ae814,_Converted_/CSV/Y/Yamaha/Unknown_Y-TV-1004/4_-1.ir,4_-1,Unknown_Y-TV-1004,0.68,parent_directory,False,[],True
1295b49c9056dd3e,_Converted_/CSV/Y/Yamaha/Unknown_YAMAHA/122_-1.ir,122_-1,,0.0,,False,[],True
b876a53090efe35a,_Converted_/CSV/Y/Yamaha/Unknown_av/122_-1.ir,122_-1,,0.0,,False,[],True
d4e6c01474d6e896,_Converted_/CSV/Y/Yamaha/Unknown_cdx-493/121_-1.ir,121_-1,Unknown_cdx-493,0.68,parent_directory,False,[],True
5b38f7f7964b0882,_Converted_/CSV/Y/Yamaha/Unknown_rax9/122_-1.ir,122_-1,Unknown_rax9,0.68,parent_directory,False,[],True
16d20d39f43bea2c,_Converted_/CSV/Y/Yamaha/Unknown_receiver/122_-1.ir,122_-1,,0.0,,False,[],True
c35293e2cb8074de,_Converted_/CSV/Y/Yamaha/Unknown_vu50620/120_-1.ir,120_-1,Unknown_vu50620,0.68,parent_directory,False,[],True
5b445feeeaa2816a,_Converted_/CSV/Y/Yamaha/Unknown_yamaha-amp/122_-1.ir,122_-1,,0.0,,False,[],True
17d81f6142e10380,_Converted_/CSV/Y/Yamaha/Unknown_yamaha-rax7/122_-1.ir,122_-1,Unknown_yamaha-rax7,0.68,parent_directory,False,[],True
0b0ab1223925e23c,_Converted_/CSV/Y/Yamaha/Video_Projector/209_-1.ir,209_-1,,0.0,,False,[],True
dde888c60bf2ded3,_Converted_/CSV/Y/Yamaha/iPod_Dock/127_1.ir,127_1,,0.0,,False,[],True
7749336006175939,_Converted_/CSV/Y/Yamakawa/DVD_Player/32_-1.ir,32_-1,,0.0,,False,[],True
0cee2c64ef10c1d5,_Converted_/CSV/Y/Yamakawa/Unknown_dvd285vga/32_-1.ir,32_-1,Unknown_dvd285vga,0.68,parent_directory,False,[],True
cfa0ed2fa8b9f403,_Converted_/CSV/Y/Yuan/Unknown_SmartVDO/128_-1.ir,128_-1,,0.0,,False,[],True
23a1ef719d6f60b0,_Converted_/CSV/Z/Zalman/Unknown_HD160XT/115_154.ir,115_154,Unknown_HD160XT,0.68,parent_directory,False,[],True
33e307dfa678f6ad,_Converted_/CSV/Z/Zehnder/Unknown_VCR/3_-1.ir,3_-1,,0.0,,False,[],True
56850271c911f0eb,_Converted_/CSV/Z/Zenith/TV/5_1.ir,5_1,,0.0,,False,[],True
5e70c6a74f1420c3,_Converted_/CSV/Z/Zenith/TV/7_0.ir,7_0,,0.0,,False,[],True
e66cedb6375e833a,_Converted_/CSV/Z/Zenith/TV/7_1.ir,7_1,,0.0,,False,[],True
018c2f15e5dbcca0,_Converted_/CSV/Z/Zenith/Unknown_AKB36157102/247_-1.ir,247_-1,Unknown_AKB36157102,0.68,parent_directory,False,[],True
d2cb2d3a920102ee,_Converted_/CSV/Z/Zenith/Unknown_C32V37/4_-1.ir,4_-1,Unknown_C32V37,0.68,parent_directory,False,[],True
fdce22a0ddca1987,_Converted_/CSV/Z/Zenith/Unknown_TV/4_-1.ir,4_-1,,0.0,,False,[],True
b83522262cc8251f,_Converted_/CSV/Z/Zenith/Unknown_VCR/2_-1.ir,2_-1,,0.0,,False,[],True
774d65b82036d847,_Converted_/CSV/Z/Zenith/Unknown_ZN5015/26_154.ir,26_154,Unknown_ZN5015,0.68,parent_directory,False,[],True
3f6b268178cb6f56,_Converted_/CSV/Z/Zenith/VCR/7_0.ir,7_0,,0.0,,False,[],True
ae39ae84d9eb3de2,_Converted_/CSV/Z/Zenith/Video_Projector/5_1.ir,5_1,,0.0,,False,[],True
b2fdabdadae25a78,_Converted_/CSV/Z/Zenith/Video_Projector/6_0.ir,6_0,,0.0,,False,[],True
82388848f080c662,_Converted_/CSV/Z/Zephir/ZDEBT2/0_191.ir,0_191,ZDEBT2,0.68,parent_directory,False,[],True
cc5525c2c5b0931d,_Converted_/CSV/Z/Zinwell/Satellite_Receiver/64_223.ir,64_223,,0.0,,False,[],True
5d933609c7fc740d,_Converted_/CSV/Z/Zolid/Unknown_ZOL100/0_239.ir,0_239,Unknown_ZOL100,0.68,parent_directory,False,[],True
aea1e32f845c636e,_Converted_/CSV/Z/Zoltrix/Unknown_Zoltrix/0_252.ir,0_252,,0.0,,False,[],True
294aa64ba49cd753,_Converted_/CSV/Z/Zyxel/Unknown_DMA-1000/8_230.ir,8_230,Unknown_DMA-1000,0.68,parent_directory,False,[],True
70a603cee46826fc,_Converted_/IR_Plus/0-9/2WIRE/2WIRE.ir,2WIRE,,0.0,,False,[],True
db8833b343177826,_Converted_/IR_Plus/A/AAXA/PICO HD.ir,PICO HD,,0.0,,False,[],True
da73e7222704e995,_Converted_/IR_Plus/A/ABIT/AU10.ir,AU10,AU10,0.45,inventory.model,False,[],True
d296371b9f6a1cd9,_Converted_/IR_Plus/A/AC RYAN/Media.ir,Media,,0.0,,False,[],True
be155f4965cef419,_Converted_/IR_Plus/A/ACER/AT1946.ir,AT1946,AT1946,0.45,inventory.model,False,[],True
53cb140daaf3ff49,_Converted_/IR_Plus/A/ACER/AT2326.ir,AT2326,AT2326,0.45,inventory.model,False,[],True
dc650d9bf33d0a7a,_Converted_/IR_Plus/A/ACER/AT3201W.ir,AT3201W,AT3201W,0.45,inventory.model,False,[],True
0f837a575e4f33ec,_Converted_/IR_Plus/A/ACER/AT3220.ir,AT3220,AT3220,0.45,inventory.model,False,[],True
eea12ce46b6defde,_Converted_/IR_Plus/A/ACER/H5360.ir,H5360,H5360,0.45,inventory.model,False,[],True
c5dc0de84c52d1d2,_Converted_/IR_Plus/A/ACER/M222HQML-M242HML.ir,M222HQML-M242HML,M222HQML-M242HML,0.45,inventory.model,False,[],True
4e2fec43bcacef35,_Converted_/IR_Plus/A/ACER/P1340W.ir,P1340W,P1340W,0.45,inventory.model,False,[],True
a2acac971cd086ca,_Converted_/IR_Plus/A/ACER/RC802.ir,RC802,RC802,0.45,inventory.model,False,[],True
647e0fcb8dbf6f88,_Converted_/IR_Plus/A/ACER/X1161P.ir,X1161P,X1161P,0.45,inventory.model,False,[],True
8534b1178644e428,_Converted_/IR_Plus/A/ACONATIC/AN-2121-DRS.ir,AN-2121-DRS,AN-2121-DRS,0.45,inventory.model,False,[],True
e615fb8e50ddf6cf,_Converted_/IR_Plus/A/ACORP/878.ir,878,,0.0,,False,[],True
e4ac56a0199271c4,_Converted_/IR_Plus/A/ADAFRUIT/Mini Remote Control.ir,Mini Remote Control,,0.0,,False,[],True
7fcaf61a7182657e,_Converted_/IR_Plus/A/ADAPTEC/AVC-2410.ir,AVC-2410,AVC-2410,0.45,inventory.model,False,[],True
2156a022b1352e22,_Converted_/IR_Plus/A/ADB/ITI-Series.ir,ITI-Series,,0.0,,False,[],True
50d6cae375de6b12,_Converted_/IR_Plus/A/ADB/iCAN-1110SH.ir,iCAN-1110SH,iCAN-1110SH,0.45,inventory.model,False,[],True
131d91b9070d9c33,_Converted_/IR_Plus/A/ADB/iCAN-2000T.ir,iCAN-2000T,iCAN-2000T,0.45,inventory.model,False,[],True
5ac385f304f98e9b,_Converted_/IR_Plus/A/ADVANCE ACOUSTIC/MAP-305DAII.ir,MAP-305DAII,MAP-305DAII,0.45,inventory.model,False,[],True
1785cccb1f7b3798,_Converted_/IR_Plus/A/AEG/BSS 4814 Soundbar.ir,BSS 4814 Soundbar,BSS_4814_Soundbar,0.45,inventory.model,False,[],True
f23f506a353c5c6f,_Converted_/IR_Plus/A/AEG/CTV4925.ir,CTV4925,CTV4925,0.45,inventory.model,False,[],True
4745ffcfce248a4c,_Converted_/IR_Plus/A/AEG/CTV4950.ir,CTV4950,CTV4950,0.45,inventory.model,False,[],True
089c2a5e8613a052,_Converted_/IR_Plus/A/AEG/CTV4950COMBO.ir,CTV4950COMBO,CTV4950COMBO,0.45,inventory.model,False,[],True
5d0cc2d4d7d536f1,_Converted_/IR_Plus/A/AEG/DVD.ir,DVD,,0.0,,False,[],True
0bcb55aaf13b10c0,_Converted_/IR_Plus/A/AEG/MC-4414.ir,MC-4414,MC-4414,0.45,inventory.model,False,[],True
85be7561dac0ffa8,_Converted_/IR_Plus/A/AEG/MC-Series.ir,MC-Series,,0.0,,False,[],True
0da6590deac28b49,_Converted_/IR_Plus/A/AEG/SLS-Series.ir,SLS-Series,,0.0,,False,[],True
72a67c04d0ea6a77,_Converted_/IR_Plus/A/AEG/TV2.ir,TV2,TV2,0.45,inventory.model,False,[],True
7c70b7313e8043b6,_Converted_/IR_Plus/A/AGFAPHOTO/LC21609.ir,LC21609,LC21609,0.45,inventory.model,False,[],True
4eabc2dd275bf6b1,_Converted_/IR_Plus/A/AIRTEL/S8300.ir,S8300,S8300,0.45,inventory.model,False,[],True
c6a97275516db6dc,_Converted_/IR_Plus/A/AIRTEL/STB2.ir,STB2,STB2,0.45,inventory.model,False,[],True
dbd371984daac5e9,_Converted_/IR_Plus/A/AIWA/0695.ir,0695,,0.0,,False,[],True
d86361e3c3a83576,_Converted_/IR_Plus/A/AIWA/HT-DV90.ir,HT-DV90,HT-DV90,0.45,inventory.model,False,[],True
d6d2830e6151d2a5,_Converted_/IR_Plus/A/AIWA/HV-MX1.ir,HV-MX1,HV-MX1,0.45,inventory.model,False,[],True
cb0aaf33410dcebb,_Converted_/IR_Plus/A/AIWA/RC-6VT06.ir,RC-6VT06,RC-6VT06,0.45,inventory.model,False,[],True
c6db3c7c81bdf81e,_Converted_/IR_Plus/A/AIWA/RC-ZAS01.ir,RC-ZAS01,RC-ZAS01,0.45,inventory.model,False,[],True
0d327b8ae4a35181,_Converted_/IR_Plus/A/AIWA/RM-Z20019.ir,RM-Z20019,RM-Z20019,0.45,inventory.model,False,[],True
7b6d4992d629a5b9,_Converted_/IR_Plus/A/AIWA/Z-VR88.ir,Z-VR88,Z-VR88,0.45,inventory.model,False,[],True
c8bbd71d56521bb9,_Converted_/IR_Plus/A/AKAI/AKTV322.ir,AKTV322,AKTV322,0.45,inventory.model,False,[],True
5411cc92c412827c,_Converted_/IR_Plus/A/AKAI/CTV 4036 TV.ir,CTV 4036 TV,CTV_4036_TV,0.45,inventory.model,False,[],True
8dee6fc41e49dcff,_Converted_/IR_Plus/A/AKAI/RC-C79.ir,RC-C79,RC-C79,0.45,inventory.model,False,[],True
ff71d93547a6987c,_Converted_/IR_Plus/A/AKAI/SmartTV.ir,SmartTV,,0.0,,False,[],True
318e4e91d04b11c3,_Converted_/IR_Plus/A/AKAI/TV.ir,TV,,0.0,,False,[],True
d33e93a7ea43f8e7,_Converted_/IR_Plus/A/AKIRA/LCT-B01HU24.ir,LCT-B01HU24,LCT-B01HU24,0.45,inventory.model,False,[],True
dbb49d54b25df6ec,_Converted_/IR_Plus/A/AKIRA/LCT-TV.ir,LCT-TV,,0.0,,False,[],True
43b2a89edf91313c,_Converted_/IR_Plus/A/ALPINE/CRA1655RF.ir,CRA1655RF,CRA1655RF,0.45,inventory.model,False,[],True
74775639fb111d7d,_Converted_/IR_Plus/A/AMC/Series1.ir,Series1,Series1,0.45,inventory.model,False,[],True
749bd21a1162fc1a,_Converted_/IR_Plus/A/AMC/Series2.ir,Series2,Series2,0.45,inventory.model,False,[],True
ef6620f21e40c907,_Converted_/IR_Plus/A/AMC/Xia50.ir,Xia50,Xia50,0.45,inventory.model,False,[],True
6306fdb39a57c368,_Converted_/IR_Plus/A/AMINO/A140.ir,A140,A140,0.45,inventory.model,False,[],True
59efcd23e143046c,_Converted_/IR_Plus/A/AMSTRAD/DS 304.ir,DS 304,DS_304,0.45,inventory.model,False,[],True
92b580d7c59870b5,_Converted_/IR_Plus/A/AMSTRAD/DVR.ir,DVR,,0.0,,False,[],True
19e9eb59ca955aae,_Converted_/IR_Plus/A/AMSTRAD/DX3070.ir,DX3070,DX3070,0.45,inventory.model,False,[],True
c3803ebcc2e3efbc,_Converted_/IR_Plus/A/AMSTRAD/T2014-V1.ir,T2014-V1,T2014-V1,0.45,inventory.model,False,[],True
923ecb6a3a0f2aca,_Converted_/IR_Plus/A/AOC/L22W898.ir,L22W898,L22W898,0.45,inventory.model,False,[],True
30a9fd82bf1cd49b,_Converted_/IR_Plus/A/AOC/L27W551B.ir,L27W551B,L27W551B,0.45,inventory.model,False,[],True
b2d1b168948db03d,_Converted_/IR_Plus/A/APPLE/TV V2.ir,TV V2,TV_V2,0.45,inventory.model,False,[],True
9a8b2bd491362cac,_Converted_/IR_Plus/A/ARCAM/AVR400.ir,AVR400,AVR400,0.45,inventory.model,False,[],True
d59569bb4f41d31d,_Converted_/IR_Plus/A/ARGO/ChicSilver.ir,ChicSilver,,0.0,,False,[],True
9e3be13031955fae,_Converted_/IR_Plus/A/ASPIRE/DVD.ir,DVD,,0.0,,False,[],True
14771b8a07b163f5,_Converted_/IR_Plus/A/ASTRA/DVB1.ir,DVB1,DVB1,0.45,inventory.model,False,[],True
37edce9ca071c851,_Converted_/IR_Plus/A/ASTRA/DVB2.ir,DVB2,DVB2,0.45,inventory.model,False,[],True
3ed2fb0c08aaceb0,_Converted_/IR_Plus/A/ASUS/O!Play HD2.ir,O!Play HD2,HD2,0.45,inventory.model,False,[],True
8b0340efcb5e671b,_Converted_/IR_Plus/A/AUDIOENGINE/A5+.ir,A5+,A5+,0.45,inventory.model,False,[],True
d2667ad9b5697ba5,_Converted_/IR_Plus/A/AUDIOLA/DVB-1.ir,DVB-1,DVB-1,0.45,inventory.model,False,[],True
e4b131724cab4736,_Converted_/IR_Plus/A/AUDIOLA/DVB-2.ir,DVB-2,DVB-2,0.45,inventory.model,False,[],True
63ec9c452f703b61,_Converted_/IR_Plus/A/AUDIOVOX/SiriusPNP2.ir,SiriusPNP2,SiriusPNP2,0.45,inventory.model,False,[],True
9e3c142b8699b3c8,_Converted_/IR_Plus/A/AUGUST/DVB400.ir,DVB400,DVB400,0.45,inventory.model,False,[],True
e20d97a35adbd2bb,_Converted_/IR_Plus/A/AUNA/DVB.ir,DVB,,0.0,,False,[],True
1a7b212db29a053a,_Converted_/IR_Plus/A/AURUS/Aurus.ir,Aurus,,0.0,,False,[],True
b02725047e1eb8b7,_Converted_/IR_Plus/A/AUVISIO/PX-1181-675.ir,PX-1181-675,PX-1181-675,0.45,inventory.model,False,[],True
08db0b1901804fb4,_Converted_/IR_Plus/A/AVANIT/S2X.ir,S2X,S2X,0.45,inventory.model,False,[],True
5803472ea0f3cedf,_Converted_/IR_Plus/A/AVANIT/SHD5.ir,SHD5,SHD5,0.45,inventory.model,False,[],True
958c92d50c781b06,_Converted_/IR_Plus/A/AVOL/TV1.ir,TV1,TV1,0.45,inventory.model,False,[],True
01696ec6e802217e,_Converted_/IR_Plus/A/AXAS/E3HD.ir,E3HD,E3HD,0.45,inventory.model,False,[],True
d2c4bd1ac5172da6,_Converted_/IR_Plus/A/AZ AMERICA/F90 NET.ir,F90 NET,F90,0.45,inventory.model,False,[],True
4011dfb424cf34cc,_Converted_/IR_Plus/A/AZ AMERICA/F92 Net.ir,F92 Net,F92,0.45,inventory.model,False,[],True
caa6ece9a640894d,_Converted_/IR_Plus/A/AZ AMERICA/F98.ir,F98,F98,0.45,inventory.model,False,[],True
7123ceb690a8913a,_Converted_/IR_Plus/A/AZ AMERICA/S1001-S1005.ir,S1001-S1005,S1001-S1005,0.45,inventory.model,False,[],True
b7b33f412dae9e09,_Converted_/IR_Plus/A/AZ AMERICA/S922mini.ir,S922mini,S922mini,0.45,inventory.model,False,[],True
ff0f069b74e8bca5,_Converted_/IR_Plus/A/AZBOX/Bravissimo.ir,Bravissimo,,0.0,,False,[],True
69a77df4f2444e67,_Converted_/IR_Plus/A/AZBOX/NewGen.ir,NewGen,,0.0,,False,[],True
e18de7c70b9d4fea,_Converted_/IR_Plus/A/AZBOX/PremiumHD.ir,PremiumHD,,0.0,,False,[],True
25913c7fee3f56cb,_Converted_/IR_Plus/A/AZBOX/S700.ir,S700,S700,0.45,inventory.model,False,[],True
74e6f66f52997971,_Converted_/IR_Plus/A/AccessHD/DTA1080U.ir,DTA1080U,DTA1080U,0.45,inventory.model,False,[],True
083c5fba888d319e,_Converted_/IR_Plus/B/BANG & OLUFSEN/MX-Series.ir,MX-Series,,0.0,,False,[],True
b9d6e2d87b29239c,_Converted_/IR_Plus/B/BARCO/800.ir,800,,0.0,,False,[],True
61bba673e86fe166,_Converted_/IR_Plus/B/BARCO/808.ir,808,,0.0,,False,[],True
3189b0a0c56a63b4,_Converted_/IR_Plus/B/BAUHN/TV-CUSTOM.ir,TV-CUSTOM,,0.0,,False,[],True
098247d633a1c00f,_Converted_/IR_Plus/B/BAUHN/TV-Code1.ir,TV-Code1,TV-Code1,0.45,inventory.model,False,[],True
73635d3ddb4fcad0,_Converted_/IR_Plus/B/BAUHN/TV-Code2.ir,TV-Code2,TV-Code2,0.45,inventory.model,False,[],True
55215f3c3b3cb295,_Converted_/IR_Plus/B/BBK/DVD-DV.ir,DVD-DV,,0.0,,False,[],True
30d6272c17884b12,_Converted_/IR_Plus/B/BEELINK/GT1 Ultimate Android.ir,GT1 Ultimate Android,GT1,0.45,inventory.model,False,[],True
c68eaff1b8942e74,_Converted_/IR_Plus/B/BEKO/NR-KK14T61.ir,NR-KK14T61,NR-KK14T61,0.45,inventory.model,False,[],True
99d218617f827536,_Converted_/IR_Plus/B/BENCH/KH2222.ir,KH2222,KH2222,0.45,inventory.model,False,[],True
087e64818975ca71,_Converted_/IR_Plus/B/BENCH/KH2800.ir,KH2800,KH2800,0.45,inventory.model,False,[],True
4acc576267629735,_Converted_/IR_Plus/B/BENQ/DV3080.ir,DV3080,DV3080,0.45,inventory.model,False,[],True
e46ad573b9f59ee8,_Converted_/IR_Plus/B/BENQ/MP620.ir,MP620,MP620,0.45,inventory.model,False,[],True
0642d0a079229ba3,_Converted_/IR_Plus/B/BENQ/MP7xx-SP8xx.ir,MP7xx-SP8xx,MP7xx-SP8xx,0.45,inventory.model,False,[],True
c8805c9281ee2588,_Converted_/IR_Plus/B/BENQ/PE7700.ir,PE7700,PE7700,0.45,inventory.model,False,[],True
47c74a882ade9ba4,_Converted_/IR_Plus/B/BENQ/Projector Type 1.ir,Projector Type 1,Projector_Type_1,0.45,inventory.model,False,[],True
716b74d7d345df39,_Converted_/IR_Plus/B/BENQ/TV 1.ir,TV 1,TV_1,0.45,inventory.model,False,[],True
4b599d7e3aa39c1e,_Converted_/IR_Plus/B/BENQ/TV 3.ir,TV 3,TV_3,0.45,inventory.model,False,[],True
31b8fe55bf8ba23f,_Converted_/IR_Plus/B/BENQ/TV 4.ir,TV 4,TV_4,0.45,inventory.model,False,[],True
2f9335226689e7b6,_Converted_/IR_Plus/B/BENQ/W1100.ir,W1100,W1100,0.45,inventory.model,False,[],True
ab5191c00533a35a,_Converted_/IR_Plus/B/BEXA/TV.ir,TV,,0.0,,False,[],True
a1654883207215ab,_Converted_/IR_Plus/B/BIONAIRE/BFH5000-UM.ir,BFH5000-UM,BFH5000-UM,0.45,inventory.model,False,[],True
2e3033e6af8741d3,_Converted_/IR_Plus/B/BIONAIRE/BT91R.ir,BT91R,BT91R,0.45,inventory.model,False,[],True
d8d456183fb1cf9f,_Converted_/IR_Plus/B/BIONAIRE/BTF4002.ir,BTF4002,BTF4002,0.45,inventory.model,False,[],True
b5571f7b87230a3c,_Converted_/IR_Plus/B/BIONAIRE/BW2300.ir,BW2300,BW2300,0.45,inventory.model,False,[],True
f2f98083b58fa2ac,_Converted_/IR_Plus/B/BLAUPUNKT/DVD1.ir,DVD1,DVD1,0.45,inventory.model,False,[],True
a2148806fa5ada43,_Converted_/IR_Plus/B/BLAUPUNKT/TV.ir,TV,,0.0,,False,[],True
2a9e4a5a5507ae10,_Converted_/IR_Plus/B/BLUETECH/DTN.ir,DTN,,0.0,,False,[],True
61cd67f3b61b286c,_Converted_/IR_Plus/B/BOSE/AWR.ir,AWR,,0.0,,False,[],True
b38a9eba15d905be,_Converted_/IR_Plus/B/BOSE/AcousticWaveII.ir,AcousticWaveII,,0.0,,False,[],True
a50701d7a96f548a,_Converted_/IR_Plus/B/BOSE/Cinemate.ir,Cinemate,,0.0,,False,[],True
de1b27be62a59cee,_Converted_/IR_Plus/B/BOSE/Lifestyle V35.ir,Lifestyle V35,V35,0.45,inventory.model,False,[],True
7e070277829a8149,_Converted_/IR_Plus/B/BOSE/Sound Dock.ir,Sound Dock,,0.0,,False,[],True
45205cdd69aa6e4f,_Converted_/IR_Plus/B/BOSE/TV1.ir,TV1,TV1,0.45,inventory.model,False,[],True
031de34d63549f5e,_Converted_/IR_Plus/B/BOSE/WAVEradio.ir,WAVEradio,,0.0,,False,[],True
ec9515e4e8e5e78f,_Converted_/IR_Plus/B/BOSE/WaveMusicSystem.ir,WaveMusicSystem,,0.0,,False,[],True
814b7c8362af3290,_Converted_/IR_Plus/B/BPL/TV-Code1.ir,TV-Code1,TV-Code1,0.45,inventory.model,False,[],True
2616a659a730bb10,_Converted_/IR_Plus/B/BUSH/BR330DABC DAB+.ir,BR330DABC DAB+,BR330DABC,0.45,inventory.model,False,[],True
a6e32c885484d268,_Converted_/IR_Plus/B/BUSH/BU10FVZS1.ir,BU10FVZS1,BU10FVZS1,0.45,inventory.model,False,[],True
efc517d9fcc76682,_Converted_/IR_Plus/B/BUSH/LT32M1CA.ir,LT32M1CA,LT32M1CA,0.45,inventory.model,False,[],True
2e1d078767f91f72,_Converted_/IR_Plus/B/BUSH/Soundbar.ir,Soundbar,,0.0,,False,[],True
aecd1fafd52b3a36,_Converted_/IR_Plus/B/Beyonwiz/DP-Lite i.ir,DP-Lite i,,0.0,,False,[],True
ef7c526cb109d5fd,_Converted_/IR_Plus/B/Beyonwiz/DP-Lite.ir,DP-Lite,,0.0,,False,[],True
ea047e8ec8091323,_Converted_/IR_Plus/B/Beyonwiz/DP-P1.ir,DP-P1,DP-P1,0.45,inventory.model,False,[],True
87cc83b8acd27830,_Converted_/IR_Plus/B/Beyonwiz/DP-P2.ir,DP-P2,DP-P2,0.45,inventory.model,False,[],True
7a0f60d751689733,_Converted_/IR_Plus/B/Beyonwiz/DP-S1.ir,DP-S1,DP-S1,0.45,inventory.model,False,[],True
f3f6cd8743c08ea1,_Converted_/IR_Plus/B/Beyonwiz/FV-L1.ir,FV-L1,FV-L1,0.45,inventory.model,False,[],True
b2f7d98df51fee2d,_Converted_/IR_Plus/B/Beyonwiz/T2-4 (0x02F2).ir,T2-4 (0x02F2),T2-4,0.45,inventory.model,False,[],True
21ffe12e3cd9910e,_Converted_/IR_Plus/B/Beyonwiz/T2-4 (0x02F3).ir,T2-4 (0x02F3),T2-4,0.45,inventory.model,False,[],True
996a8a3bbe9225bd,_Converted_/IR_Plus/B/Beyonwiz/T2-4 (0x02F4).ir,T2-4 (0x02F4),T2-4,0.45,inventory.model,False,[],True
31b2204e4f13a83d,_Converted_/IR_Plus/B/Beyonwiz/T3 (0xABCD).ir,T3 (0xABCD),0xABCD,0.45,inventory.model,False,[],True
2effa59ef60208c2,_Converted_/IR_Plus/B/Beyonwiz/T3 (0xAE97).ir,T3 (0xAE97),0xAE97,0.45,inventory.model,False,[],True
08a686945daa781b,_Converted_/IR_Plus/B/Beyonwiz/U4 (0x02F3).ir,U4 (0x02F3),0x02F3,0.45,inventory.model,False,[],True
eafda50ff9247d67,_Converted_/IR_Plus/B/Beyonwiz/U4 (0xAE97).ir,U4 (0xAE97),0xAE97,0.45,inventory.model,False,[],True
6264fe05655bddf0,_Converted_/IR_Plus/C/CABLE MATTERS/HDMI.ir,HDMI,,0.0,,False,[],True
23356a2d0315a72f,_Converted_/IR_Plus/C/CAMBRIDGE AUDIO/840AC.ir,840AC,840AC,0.45,inventory.model,False,[],True
b022386046272e7d,_Converted_/IR_Plus/C/CAMBRIDGE AUDIO/851A.ir,851A,851A,0.45,inventory.model,False,[],True
09e30daee313f935,_Converted_/IR_Plus/C/CANARM/CQ002.ir,CQ002,CQ002,0.45,inventory.model,False,[],True
146daf08fc41ec0f,_Converted_/IR_Plus/C/CANON/Camera.ir,Camera,,0.0,,False,[],True
703aa139032fd567,_Converted_/IR_Plus/C/CANON/EOS.ir,EOS,,0.0,,False,[],True
f0efe59cbb65a1b8,_Converted_/IR_Plus/C/CANON/Projector.ir,Projector,,0.0,,False,[],True
851c4112d6b7e8ed,_Converted_/IR_Plus/C/CANTON/DM-Soundbar.ir,DM-Soundbar,,0.0,,False,[],True
f60a7f268869732e,_Converted_/IR_Plus/C/CAT/DV-933.ir,DV-933,DV-933,0.45,inventory.model,False,[],True
f25faf62f14de3b3,_Converted_/IR_Plus/C/CAT/DVA-2002.ir,DVA-2002,DVA-2002,0.45,inventory.model,False,[],True
f557b65b67c9c72f,_Converted_/IR_Plus/C/CAT/DVD-1122.ir,DVD-1122,DVD-1122,0.45,inventory.model,False,[],True
fee67394a6e3a8e5,_Converted_/IR_Plus/C/CAT/TV.ir,TV,,0.0,,False,[],True
fb1c801391163968,_Converted_/IR_Plus/C/CHANGHONG/Codeset1.ir,Codeset1,,0.0,,False,[],True
9a33a5e7196a9ec0,_Converted_/IR_Plus/C/CHANGHONG/Codeset2.ir,Codeset2,,0.0,,False,[],True
5a97f17b4f25fd66,_Converted_/IR_Plus/C/CHANGHONG/LED32D2080T2.ir,LED32D2080T2,LED32D2080T2,0.45,inventory.model,False,[],True
aaabe8948da4b19f,_Converted_/IR_Plus/C/CHANNEL VISION/AB-124.ir,AB-124,AB-124,0.45,inventory.model,False,[],True
e3ae9b4882d35516,_Converted_/IR_Plus/C/CINEMATEQ/Studio Player DVD.ir,Studio Player DVD,,0.0,,False,[],True
d1ea8fa3a9796353,_Converted_/IR_Plus/C/CISCO/4682DVB.ir,4682DVB,4682DVB,0.45,inventory.model,False,[],True
af679e4d82452b6a,_Converted_/IR_Plus/C/CISCO/8455DVB.ir,8455DVB,8455DVB,0.45,inventory.model,False,[],True
ef09dad84f862802,_Converted_/IR_Plus/C/CISCO/8620DVB.ir,8620DVB,8620DVB,0.45,inventory.model,False,[],True
a6e7f01b5470498c,_Converted_/IR_Plus/C/CISCO/CHS335HD.ir,CHS335HD,CHS335HD,0.45,inventory.model,False,[],True
d20891003ea7da2c,_Converted_/IR_Plus/C/CISCO/Explorer.ir,Explorer,,0.0,,False,[],True
45dcb5704bd78759,_Converted_/IR_Plus/C/CISCO/Generic DVR.ir,Generic DVR,,0.0,,False,[],True
d6483aa6a01512b7,_Converted_/IR_Plus/C/CISCO/IPN4320.ir,IPN4320,IPN4320,0.45,inventory.model,False,[],True
4e1ae11b08422866,_Converted_/IR_Plus/C/CISCO/ISB2201.ir,ISB2201,ISB2201,0.45,inventory.model,False,[],True
d01d11c64fbf773d,_Converted_/IR_Plus/C/CISCO/ISB7500.ir,ISB7500,ISB7500,0.45,inventory.model,False,[],True
a4a927893bcc56d5,_Converted_/IR_Plus/C/CISCO/RNG-Series.ir,RNG-Series,,0.0,,False,[],True
9a9d8f4a34a6a9fd,_Converted_/IR_Plus/C/CLARION/RCB-130.ir,RCB-130,RCB-130,0.45,inventory.model,False,[],True
a9a0e69122e4a6dc,_Converted_/IR_Plus/C/CLARKE TECH/ET 9200 SAT.ir,ET 9200 SAT,ET_9200_SAT,0.45,inventory.model,False,[],True
aab3e24000c2d5ff,_Converted_/IR_Plus/C/COBRA/Ghepardo M2.ir,Ghepardo M2,Ghepardo_M2,0.45,inventory.model,False,[],True
cfe40b52bf666e60,_Converted_/IR_Plus/C/COCKTAILAUDIO/X10.ir,X10,X10,0.45,inventory.model,False,[],True
73f76f41ef7dfe7e,_Converted_/IR_Plus/C/COMAG/RG405DS4.ir,RG405DS4,RG405DS4,0.45,inventory.model,False,[],True
9f8ff3fbf6b7c7c8,_Converted_/IR_Plus/C/COMAG/SL100HD.ir,SL100HD,SL100HD,0.45,inventory.model,False,[],True
075afb77a9300dd2,_Converted_/IR_Plus/C/COMAG/SL40HD.ir,SL40HD,SL40HD,0.45,inventory.model,False,[],True
9e3db18d32b81818,_Converted_/IR_Plus/C/COMAG/SL60HD.ir,SL60HD,SL60HD,0.45,inventory.model,False,[],True
49f982fba71962fe,_Converted_/IR_Plus/C/COMAG/SL905HD.ir,SL905HD,SL905HD,0.45,inventory.model,False,[],True
b7e036ed20fa677b,_Converted_/IR_Plus/C/CONRAD/RSW887T2.ir,RSW887T2,RSW887T2,0.45,inventory.model,False,[],True
74742bde35f8abdf,_Converted_/IR_Plus/C/COOLSTREAM/HD1C.ir,HD1C,HD1C,0.45,inventory.model,False,[],True
35fb094ab5cf5f6e,_Converted_/IR_Plus/C/CRAIG/DVD.ir,DVD,,0.0,,False,[],True
b57fa7eb9a10d481,_Converted_/IR_Plus/C/CREATIVE/RM1000W.ir,RM1000W,RM1000W,0.45,inventory.model,False,[],True
b40a0241282e6b47,_Converted_/IR_Plus/C/CRISTOR ATLAS/Atlas.ir,Atlas,,0.0,,False,[],True
242be6c39d3e5d2e,_Converted_/IR_Plus/C/CRISTOR ATLAS/HD 200 S.ir,HD 200 S,HD_200_S,0.45,inventory.model,False,[],True
fb43ade8834a7bc0,_Converted_/IR_Plus/C/CROWN/ACTV3698.ir,ACTV3698,ACTV3698,0.45,inventory.model,False,[],True
52e157743bf00370,_Converted_/IR_Plus/C/CYBERHOME/CH-DVD_504.ir,CH-DVD_504,CH-DVD_504,0.45,inventory.model,False,[],True
be393f706708c5c8,_Converted_/IR_Plus/D/DAEWOO/DV-F24D.ir,DV-F24D,DV-F24D,0.45,inventory.model,False,[],True
17a6a583e287c4ad,_Converted_/IR_Plus/D/DAEWOO/DVD.ir,DVD,,0.0,,False,[],True
e6aa187945349d79,_Converted_/IR_Plus/D/DAEWOO/DWC-055RL.ir,DWC-055RL,DWC-055RL,0.45,inventory.model,False,[],True
aabbe627442d542b,_Converted_/IR_Plus/D/DAEWOO/R-40A15.ir,R-40A15,R-40A15,0.45,inventory.model,False,[],True
ce11d0937298deed,_Converted_/IR_Plus/D/DAEWOO/R-43A08.ir,R-43A08,R-43A08,0.45,inventory.model,False,[],True
d2841c4568b08d25,_Converted_/IR_Plus/D/DAEWOO/TV-21T5T.ir,TV-21T5T,TV-21T5T,0.45,inventory.model,False,[],True
6d1401a5bae74846,_Converted_/IR_Plus/D/DAIKIN/Air Conditioner.ir,Air Conditioner,,0.0,,False,[],True
dc5709e6b51cdc90,_Converted_/IR_Plus/D/DANYSTAR/DVB - T 139.ir,DVB - T 139,DVB_-_T_139,0.45,inventory.model,False,[],True
12d66a0206c1823a,_Converted_/IR_Plus/D/DELL/Projector-1.ir,Projector-1,Projector-1,0.45,inventory.model,False,[],True
1aabd6f65fff1316,_Converted_/IR_Plus/D/DENON/CD-Player.ir,CD-Player,,0.0,,False,[],True
22ea45f984f673af,_Converted_/IR_Plus/D/DENON/D-M-Series.ir,D-M-Series,,0.0,,False,[],True
df1fff992832f2ef,_Converted_/IR_Plus/D/DENON/DRA-585RD.ir,DRA-585RD,DRA-585RD,0.45,inventory.model,False,[],True
020656e1ae20dc78,_Converted_/IR_Plus/D/DENON/DRA.ir,DRA,,0.0,,False,[],True
e6304e3fc5cee33d,_Converted_/IR_Plus/D/DENON/RC-1162.ir,RC-1162,RC-1162,0.45,inventory.model,False,[],True
69b01daac6608ef9,_Converted_/IR_Plus/D/DENON/RC-165.ir,RC-165,RC-165,0.45,inventory.model,False,[],True
e148faceb93ff7e3,_Converted_/IR_Plus/D/DENON/RC-174.ir,RC-174,RC-174,0.45,inventory.model,False,[],True
8a891afff207c7d1,_Converted_/IR_Plus/D/DENON/RC-176.ir,RC-176,RC-176,0.45,inventory.model,False,[],True
c3ccab3518db8a39,_Converted_/IR_Plus/D/DENON/RC-230.ir,RC-230,RC-230,0.45,inventory.model,False,[],True
5f9b25fe24bf6e64,_Converted_/IR_Plus/D/DENON/RC-540.ir,RC-540,RC-540,0.45,inventory.model,False,[],True
02c0ba8c5aed978a,_Converted_/IR_Plus/D/DENON/RC-543.ir,RC-543,RC-543,0.45,inventory.model,False,[],True
0275fb256a062065,_Converted_/IR_Plus/D/DENON/RC-843.ir,RC-843,RC-843,0.45,inventory.model,False,[],True
1e83adad3b378908,_Converted_/IR_Plus/D/DENON/RC-861.ir,RC-861,RC-861,0.45,inventory.model,False,[],True
c1388efcc061691e,_Converted_/IR_Plus/D/DENON/RC-903.ir,RC-903,RC-903,0.45,inventory.model,False,[],True
508c3b4f54341bc4,_Converted_/IR_Plus/D/DENVER/DVD.ir,DVD,,0.0,,False,[],True
c139539b41d59beb,_Converted_/IR_Plus/D/DENVER/MCD.ir,MCD,,0.0,,False,[],True
ac5277d8e67cce1c,_Converted_/IR_Plus/D/DGTEC/DG-HD5370.ir,DG-HD5370,DG-HD5370,0.45,inventory.model,False,[],True
ceff92559a83cbf5,_Converted_/IR_Plus/D/DIAMOND VISION/TV-1.ir,TV-1,TV-1,0.45,inventory.model,False,[],True
419a899d30a0d29b,_Converted_/IR_Plus/D/DIAMOND VISION/TV-2.ir,TV-2,TV-2,0.45,inventory.model,False,[],True
69da2406cd616952,_Converted_/IR_Plus/D/DICRA/DT009STB.ir,DT009STB,DT009STB,0.45,inventory.model,False,[],True
85feeae05ab0bf9c,_Converted_/IR_Plus/D/DICRA/TV-LCD-022.ir,TV-LCD-022,TV-LCD-022,0.45,inventory.model,False,[],True
298c3f71c013f874,_Converted_/IR_Plus/D/DIGIHOME/STB.ir,STB,,0.0,,False,[],True
57ea3067f5a923b9,_Converted_/IR_Plus/D/DIGIQUEST/DGQ400.ir,DGQ400,DGQ400,0.45,inventory.model,False,[],True
08c8b04efa08783c,_Converted_/IR_Plus/D/DIGIQUEST/FTA6300-6400.ir,FTA6300-6400,FTA6300-6400,0.45,inventory.model,False,[],True
0d9da2c713551969,_Converted_/IR_Plus/D/DIGIQUEST/FYP10.ir,FYP10,FYP10,0.45,inventory.model,False,[],True
0f159e8d60b09851,_Converted_/IR_Plus/D/DIGIQUEST/MHP3800.ir,MHP3800,MHP3800,0.45,inventory.model,False,[],True
0596cf0713aa0cfb,_Converted_/IR_Plus/D/DIGITAL/M40 V2.ir,M40 V2,M40,0.45,inventory.model,False,[],True
3250d9a0a0d98c7e,_Converted_/IR_Plus/D/DIGITALSTREAM/DHR-DSP.ir,DHR-DSP,,0.0,,False,[],True
bf93a25ce9a6dcff,_Converted_/IR_Plus/D/DIGITALSTREAM/DPS1000.ir,DPS1000,DPS1000,0.45,inventory.model,False,[],True
b878f5fbf9a3d3f9,_Converted_/IR_Plus/D/DIGITALSTREAM/DTX9900.ir,DTX9900,DTX9900,0.45,inventory.model,False,[],True
b6088e82682542d5,_Converted_/IR_Plus/D/DIGITREX/TV.ir,TV,,0.0,,False,[],True
ebb7f26ab1ba683e,_Converted_/IR_Plus/D/DIKOM/DVB1.ir,DVB1,DVB1,0.45,inventory.model,False,[],True
435c1ca5ebc40ce8,_Converted_/IR_Plus/D/DIKOM/DVB2.ir,DVB2,DVB2,0.45,inventory.model,False,[],True
87e946272c138fda,_Converted_/IR_Plus/D/DIRECTV/HR44.ir,HR44,HR44,0.45,inventory.model,False,[],True
a72d755d9fbbc280,_Converted_/IR_Plus/D/DISH/ViP-211k.ir,ViP-211k,ViP-211k,0.45,inventory.model,False,[],True
fe18de7f153116d8,_Converted_/IR_Plus/D/DISH/ViP-622.ir,ViP-622,ViP-622,0.45,inventory.model,False,[],True
2c349e522c004b5a,_Converted_/IR_Plus/D/DK DIGITAL/AS40-1.ir,AS40-1,AS40-1,0.45,inventory.model,False,[],True
aa84253fc83ea1e7,_Converted_/IR_Plus/D/DK-DIGITAL/DVD1.ir,DVD1,DVD1,0.45,inventory.model,False,[],True
391280eb3637fba7,_Converted_/IR_Plus/D/DK-DIGITAL/DVD2.ir,DVD2,DVD2,0.45,inventory.model,False,[],True
e40d5a91a0747cf5,_Converted_/IR_Plus/D/DUNE/MediaPlayer.ir,MediaPlayer,,0.0,,False,[],True
1663c031b9fa7cf9,_Converted_/IR_Plus/D/DUOSAT/TroyHD.ir,TroyHD,,0.0,,False,[],True
45e63ad7551a4307,_Converted_/IR_Plus/D/DURABRAND/DVD1.ir,DVD1,DVD1,0.45,inventory.model,False,[],True
fbde0de60bf50f13,_Converted_/IR_Plus/D/DURABRAND/DVD2.ir,DVD2,DVD2,0.45,inventory.model,False,[],True
0810ec57e7fc8a04,_Converted_/IR_Plus/D/DYNAUDIO/Xeo5.ir,Xeo5,Xeo5,0.45,inventory.model,False,[],True
fbb21612357fc0f2,_Converted_/IR_Plus/D/DYNEX/DX-Series.ir,DX-Series,,0.0,,False,[],True
ef40e9f7677f3cfa,_Converted_/IR_Plus/D/DYNO JET/SS7411D.ir,SS7411D,SS7411D,0.45,inventory.model,False,[],True
e818f91022bb0ccc,_Converted_/IR_Plus/D/DYON/Cobra.ir,Cobra,,0.0,,False,[],True
fd99e7bc99573bad,_Converted_/IR_Plus/D/DYON/Condor DVB-S.ir,Condor DVB-S,,0.0,,False,[],True
775d4dc78d36a1da,_Converted_/IR_Plus/D/DYON/Icarus.ir,Icarus,,0.0,,False,[],True
71b50a43ca4e3384,_Converted_/IR_Plus/D/DYON/Level.ir,Level,,0.0,,False,[],True
fbe8dc20f754cd17,_Converted_/IR_Plus/D/DYON/TV-Code1.ir,TV-Code1,TV-Code1,0.45,inventory.model,False,[],True
321452deea8ee93f,_Converted_/IR_Plus/D/DYON/TV-Code2.ir,TV-Code2,TV-Code2,0.45,inventory.model,False,[],True
7767c6cf86d4639d,_Converted_/IR_Plus/D/DeleyCON/MK108.ir,MK108,MK108,0.45,inventory.model,False,[],True
681f68e44068489e,_Converted_/IR_Plus/D/DotStone/PIP 4 Port HDMI Switcher.ir,PIP 4 Port HDMI Switcher,PIP_4_Port_HDMI_Switcher,0.45,inventory.model,False,[],True
1660b0ae00a2ae57,_Converted_/IR_Plus/D/Dreambox/DM500.ir,DM500,DM500,0.45,inventory.model,False,[],True
dc8f40a53e12e724,_Converted_/IR_Plus/D/Dreambox/RC10.ir,RC10,RC10,0.45,inventory.model,False,[],True
95d24c0db9331e08,_Converted_/IR_Plus/D/Dreambox/XMP-Codes.ir,XMP-Codes,,0.0,,False,[],True
11b372db6ea3bef7,_Converted_/IR_Plus/E/EASY LIVING/EASY 1972 A-V1 TV.ir,EASY 1972 A-V1 TV,A-V1,0.45,inventory.model,False,[],True
00605aa85ece83f3,_Converted_/IR_Plus/E/EASY LIVING/EASY 1972 A-V2 TV.ir,EASY 1972 A-V2 TV,A-V2,0.45,inventory.model,False,[],True
0a174b204770b434,_Converted_/IR_Plus/E/EASYONE/SX25.ir,SX25,SX25,0.45,inventory.model,False,[],True
0430459584cb2c8f,_Converted_/IR_Plus/E/ECHOLITE/DVB-S.ir,DVB-S,,0.0,,False,[],True
dd9e9fd6279dd03a,_Converted_/IR_Plus/E/ECHOSTAR/HDC-601-DER.ir,HDC-601-DER,HDC-601-DER,0.45,inventory.model,False,[],True
c50a06502d2d721d,_Converted_/IR_Plus/E/EDIFIER/C2XD.ir,C2XD,C2XD,0.45,inventory.model,False,[],True
ac5be5e23ee075e6,_Converted_/IR_Plus/E/EDIFIER/Luna.ir,Luna,,0.0,,False,[],True
f48c06c9ea6c6821,_Converted_/IR_Plus/E/EDIFIER/R1700BT.ir,R1700BT,R1700BT,0.45,inventory.model,False,[],True
7d002b968005e592,_Converted_/IR_Plus/E/EDIFIER/R2730DB.ir,R2730DB,R2730DB,0.45,inventory.model,False,[],True
dc3a6db18222cb77,_Converted_/IR_Plus/E/EDIFIER/R2800.ir,R2800,R2800,0.45,inventory.model,False,[],True
ad0d58b56c0405ca,_Converted_/IR_Plus/E/EDIFIER/Speakers.ir,Speakers,,0.0,,False,[],True
6e0a41e125e834d0,_Converted_/IR_Plus/E/EDISION/OPTIMUSS OS-Series.ir,OPTIMUSS OS-Series,,0.0,,False,[],True
bfbea71b4c14702c,_Converted_/IR_Plus/E/EDISION/OS Mini DVB C + T2.ir,OS Mini DVB C + T2,OS_Mini_DVB_C_+_T2,0.45,inventory.model,False,[],True
0a2501a425c3eb8d,_Converted_/IR_Plus/E/EDISION/Optimuss-Underline.ir,Optimuss-Underline,,0.0,,False,[],True
a7d4ad0e8b7e827d,_Converted_/IR_Plus/E/EDISION/Progressiv-HD.ir,Progressiv-HD,,0.0,,False,[],True
76210e202b5ea03b,_Converted_/IR_Plus/E/EDISION/RC1.ir,RC1,RC1,0.45,inventory.model,False,[],True
9565700603507349,_Converted_/IR_Plus/E/EDISION/RC2.ir,RC2,RC2,0.45,inventory.model,False,[],True
e3610b61246f0bb1,_Converted_/IR_Plus/E/EIKI/LC-360.ir,LC-360,LC-360,0.45,inventory.model,False,[],True
9bee004de6eb486b,_Converted_/IR_Plus/E/EIKI/LC-4200.ir,LC-4200,LC-4200,0.45,inventory.model,False,[],True
9e3a90201ffb2bee,_Converted_/IR_Plus/E/EIKI/LC-FX1U.ir,LC-FX1U,LC-FX1U,0.45,inventory.model,False,[],True
81e5448b44fc560b,_Converted_/IR_Plus/E/EIKI/LC-SVGA860.ir,LC-SVGA860,LC-SVGA860,0.45,inventory.model,False,[],True
4ae5bb17408e9de0,_Converted_/IR_Plus/E/EIKI/LC-SX1U.ir,LC-SX1U,LC-SX1U,0.45,inventory.model,False,[],True
eb67ae9df9314a3b,_Converted_/IR_Plus/E/EIKI/LC-XGA98OUE.ir,LC-XGA98OUE,LC-XGA98OUE,0.45,inventory.model,False,[],True
18e09a3f74f360f5,_Converted_/IR_Plus/E/EIKI/LC-XNP4000.ir,LC-XNP4000,LC-XNP4000,0.45,inventory.model,False,[],True
4ff3a36c5117bb10,_Converted_/IR_Plus/E/ELECTROLUX/Air Conditioner.ir,Air Conditioner,,0.0,,False,[],True
e360b5084a687693,_Converted_/IR_Plus/E/ELENBERG/TV.ir,TV,,0.0,,False,[],True
e0018e96eb9bae49,_Converted_/IR_Plus/E/ELMO/PRC-100S.ir,PRC-100S,PRC-100S,0.45,inventory.model,False,[],True
9413f4b25f20b975,_Converted_/IR_Plus/E/ELTA/2476.ir,2476,,0.0,,False,[],True
ac8dc8c76b16e770,_Converted_/IR_Plus/E/ELTA/8803CLS.ir,8803CLS,8803CLS,0.45,inventory.model,False,[],True
81e7ce31dbb92ffd,_Converted_/IR_Plus/E/ELTA/8886.ir,8886,,0.0,,False,[],True
1480481cf37e48eb,_Converted_/IR_Plus/E/ELTA/8918DVD.ir,8918DVD,8918DVD,0.45,inventory.model,False,[],True
d204290610292d71,_Converted_/IR_Plus/E/ELTA/DVD1.ir,DVD1,DVD1,0.45,inventory.model,False,[],True
5c4dcaac3c473637,_Converted_/IR_Plus/E/ELTA/DVD4.ir,DVD4,DVD4,0.45,inventory.model,False,[],True
da453796ed8cab72,_Converted_/IR_Plus/E/ELTA/DVD5.ir,DVD5,DVD5,0.45,inventory.model,False,[],True
41ddccd5386969e4,_Converted_/IR_Plus/E/EMERSON/LTDN42V68US.ir,LTDN42V68US,LTDN42V68US,0.45,inventory.model,False,[],True
2cd6889619401dc6,_Converted_/IR_Plus/E/EMERSON/TV-Combo1.ir,TV-Combo1,TV-Combo1,0.45,inventory.model,False,[],True
4671a95ac8b8f9b3,_Converted_/IR_Plus/E/EMERSON/TV-Combo2.ir,TV-Combo2,TV-Combo2,0.45,inventory.model,False,[],True
aa8ac593452971ed,_Converted_/IR_Plus/E/EMERSON/TV.ir,TV,,0.0,,False,[],True
d2e145d71d48d569,_Converted_/IR_Plus/E/EMOTIVA/UMC-200.ir,UMC-200,UMC-200,0.45,inventory.model,False,[],True
185938e6600d0e15,_Converted_/IR_Plus/E/EMTEC/K120-K130.ir,K120-K130,K120-K130,0.45,inventory.model,False,[],True
d923e8db3014fd55,_Converted_/IR_Plus/E/EMTEC/N150H.ir,N150H,N150H,0.45,inventory.model,False,[],True
a9b4122c815595b2,_Converted_/IR_Plus/E/EMTEC/N200.ir,N200,N200,0.45,inventory.model,False,[],True
e904275fe495f1ac,_Converted_/IR_Plus/E/EMTEC/S800.ir,S800,S800,0.45,inventory.model,False,[],True
6ee848aa7f0ebb56,_Converted_/IR_Plus/E/EMTEC/S850H.ir,S850H,S850H,0.45,inventory.model,False,[],True
7b0fffdb20203c8d,_Converted_/IR_Plus/E/ENOX/MPL-TV.ir,MPL-TV,,0.0,,False,[],True
008122483951c2bf,_Converted_/IR_Plus/E/EPSON/8000i.ir,8000i,8000i,0.45,inventory.model,False,[],True
61ed172e6b576c88,_Converted_/IR_Plus/E/EPSON/9000i.ir,9000i,9000i,0.45,inventory.model,False,[],True
fa6e41f5638f5eca,_Converted_/IR_Plus/E/EPSON/EB-485W.ir,EB-485W,EB-485W,0.45,inventory.model,False,[],True
6cb53f4078ec5b43,_Converted_/IR_Plus/E/EPSON/ELPST12.ir,ELPST12,ELPST12,0.45,inventory.model,False,[],True
27a9bbdfd8af95d5,_Converted_/IR_Plus/E/EPSON/TW6100.ir,TW6100,TW6100,0.45,inventory.model,False,[],True
e310d2ba5b23e863,_Converted_/IR_Plus/E/EUROSTAR/EB-9700.ir,EB-9700,EB-9700,0.45,inventory.model,False,[],True
c4184b9c6fc0bcee,_Converted_/IR_Plus/E/EVO/Enfinity XCombo+.ir,Enfinity XCombo+,,0.0,,False,[],True
04376369cb0b6972,_Converted_/IR_Plus/E/EXAMPLE/ImageRemote.ir,ImageRemote,,0.0,,False,[],True
bf62d24057fa1165,_Converted_/IR_Plus/E/EXAMPLE/Macro Buttons.ir,Macro Buttons,,0.0,,False,[],True
af3d7448c4ee1be4,_Converted_/IR_Plus/E/EXAMPLE/RC5.ir,RC5,RC5,0.45,inventory.model,False,[],True
03d57916d28ee466,_Converted_/IR_Plus/E/EYCOS/5XXX.ir,5XXX,5XXX,0.45,inventory.model,False,[],True
e4543706dcd3f3c9,_Converted_/IR_Plus/F/FANTEC/AlumovieHD.ir,AlumovieHD,,0.0,,False,[],True
b142feaa36902d9e,_Converted_/IR_Plus/F/FANTEC/MediaManager.ir,MediaManager,,0.0,,False,[],True
6e795b5aed4861f4,_Converted_/IR_Plus/F/FANZTEC/GLIDE.ir,GLIDE,,0.0,,False,[],True
d3cbf32ce3b42a60,_Converted_/IR_Plus/F/FAVAL/MercuryHS100.ir,MercuryHS100,MercuryHS100,0.45,inventory.model,False,[],True
c766b64ddd85093c,_Converted_/IR_Plus/F/FERGUSON/ARIVA200.ir,ARIVA200,ARIVA200,0.45,inventory.model,False,[],True
066feefe25c87989,_Converted_/IR_Plus/F/FIRSTLINE/FS 3201 MHI.ir,FS 3201 MHI,FS_3201_MHI,0.45,inventory.model,False,[],True
3d5e7e09531d8db1,_Converted_/IR_Plus/F/FISHER/AV-1.ir,AV-1,AV-1,0.45,inventory.model,False,[],True
d35e04edbe558e8c,_Converted_/IR_Plus/F/FISHER/REM-S3.ir,REM-S3,REM-S3,0.45,inventory.model,False,[],True
bfa0016e65f22f12,_Converted_/IR_Plus/F/FLUID/TV1.ir,TV1,TV1,0.45,inventory.model,False,[],True
1e553ff36e401968,_Converted_/IR_Plus/F/FLUID/TV2.ir,TV2,TV2,0.45,inventory.model,False,[],True
061eb314bb66bf8e,_Converted_/IR_Plus/F/FLUID/TV3.ir,TV3,TV3,0.45,inventory.model,False,[],True
5d1290e0293b8b99,_Converted_/IR_Plus/F/FLUID/TV4.ir,TV4,TV4,0.45,inventory.model,False,[],True
da3af8363e49489a,_Converted_/IR_Plus/F/FOXTEL/IQ2.ir,IQ2,IQ2,0.45,inventory.model,False,[],True
8ba038e1f7bd9976,_Converted_/IR_Plus/F/FREE/FreeboxHD.ir,FreeboxHD,,0.0,,False,[],True
7caeee712763e781,_Converted_/IR_Plus/F/FREECOM/MP35.ir,MP35,MP35,0.45,inventory.model,False,[],True
e6b6182cac67c879,_Converted_/IR_Plus/F/FREESKY/Freeduo X+.ir,Freeduo X+,,0.0,,False,[],True
1daec51d5b7aa01c,_Converted_/IR_Plus/F/FREESKY/Freeduo+ SAT.ir,Freeduo+ SAT,,0.0,,False,[],True
1df12570e742755c,_Converted_/IR_Plus/F/FTEMAXIMAL/115T.ir,115T,115T,0.45,inventory.model,False,[],True
89af5ad9cb34d43b,_Converted_/IR_Plus/F/FUBA/ODE 760.ir,ODE 760,ODE_760,0.45,inventory.model,False,[],True
01ade16435a668a7,_Converted_/IR_Plus/F/FUBA/ODE-100-CI+.ir,ODE-100-CI+,ODE-100-CI+,0.45,inventory.model,False,[],True
15853a88a5f09edf,_Converted_/IR_Plus/F/FUBA/ODE-520.ir,ODE-520,ODE-520,0.45,inventory.model,False,[],True
7fce6aa1f8438884,_Converted_/IR_Plus/F/FUBA/ODE781HD.ir,ODE781HD,ODE781HD,0.45,inventory.model,False,[],True
38ef903cbf22cb2e,_Converted_/IR_Plus/F/FUNAI/DVD-Generic.ir,DVD-Generic,,0.0,,False,[],True
8fea7f02d0dd5234,_Converted_/IR_Plus/F/FUNAI/DVD-RECORDER.ir,DVD-RECORDER,,0.0,,False,[],True
c2b79ab562550b39,_Converted_/IR_Plus/F/FUNAI/LT8-M26BB.ir,LT8-M26BB,LT8-M26BB,0.45,inventory.model,False,[],True
f3e1ccbd6812ba1e,_Converted_/IR_Plus/F/FUNAI/NF021RD.ir,NF021RD,NF021RD,0.45,inventory.model,False,[],True
70c4f4dfa2b7e158,_Converted_/IR_Plus/F/FUSION/TV.ir,TV,,0.0,,False,[],True
6231d238199bdca3,_Converted_/IR_Plus/G/GBC/DT500-V1.ir,DT500-V1,DT500-V1,0.45,inventory.model,False,[],True
651c53031dc89479,_Converted_/IR_Plus/G/GBC/DT500-V2.ir,DT500-V2,DT500-V2,0.45,inventory.model,False,[],True
3f388202b7a8aca6,_Converted_/IR_Plus/G/GEANT/SAT.ir,SAT,,0.0,,False,[],True
eab9d71a6a87fd3b,_Converted_/IR_Plus/G/GEAR4/PG143.ir,PG143,PG143,0.45,inventory.model,False,[],True
c085e3704ba6acdb,_Converted_/IR_Plus/G/GENIUS/SW-HF5.1 5000.ir,SW-HF5.1 5000,SW-HF5.1,0.45,inventory.model,False,[],True
e3c7fb29a8857546,_Converted_/IR_Plus/G/GIGABLUE/QuadPlus.ir,QuadPlus,,0.0,,False,[],True
6ee83f1bc16f831e,_Converted_/IR_Plus/G/GLOBALSAT/GS.ir,GS,,0.0,,False,[],True
9c48d77573475fd3,_Converted_/IR_Plus/G/GLOBO/7100CX.ir,7100CX,7100CX,0.45,inventory.model,False,[],True
f84472690b9d6143,_Converted_/IR_Plus/G/GLOBO/DVB.ir,DVB,,0.0,,False,[],True
48b0bfb56bad8b4e,_Converted_/IR_Plus/G/GOLD/GDTV 32.ir,GDTV 32,GDTV_32,0.45,inventory.model,False,[],True
31681db760f9791d,_Converted_/IR_Plus/G/GOLDEN MEDIA/9080.ir,9080,,0.0,,False,[],True
ad54ff5ef78e8c34,_Converted_/IR_Plus/G/GOLDEN MEDIA/Hypercube.ir,Hypercube,,0.0,,False,[],True
71b4114e7b964d50,_Converted_/IR_Plus/G/GOLDMASTER/PVR.ir,PVR,,0.0,,False,[],True
85841ce7ed3715e6,_Converted_/IR_Plus/G/GOSPELL/DVB.ir,DVB,,0.0,,False,[],True
28f9ad09118cefb0,_Converted_/IR_Plus/G/GPX/TV.ir,TV,,0.0,,False,[],True
90a24177eff4dd2a,_Converted_/IR_Plus/G/GRANDIN/TV.ir,TV,,0.0,,False,[],True
762e9c213069da63,_Converted_/IR_Plus/G/GRUNDIG/BluRay-1.ir,BluRay-1,BluRay-1,0.45,inventory.model,False,[],True
783496d8c11ebb2e,_Converted_/IR_Plus/G/GRUNDIG/BluRay-2.ir,BluRay-2,BluRay-2,0.45,inventory.model,False,[],True
73e175e1d4c250fe,_Converted_/IR_Plus/G/GRUNDIG/RC-GD1.ir,RC-GD1,RC-GD1,0.45,inventory.model,False,[],True
134beca3efca57e6,_Converted_/IR_Plus/G/GRUNDIG/Sonoclock 990.ir,Sonoclock 990,Sonoclock_990,0.45,inventory.model,False,[],True
6d7473ef5151827e,_Converted_/IR_Plus/G/GRUNDIG/TP-160C.ir,TP-160C,TP-160C,0.45,inventory.model,False,[],True
93c7fdfb1e8533ce,_Converted_/IR_Plus/G/GRUNDIG/TP-715.ir,TP-715,TP-715,0.45,inventory.model,False,[],True
69ad44c2c5f27fdf,_Converted_/IR_Plus/G/GRUNDIG/TP-760.ir,TP-760,TP-760,0.45,inventory.model,False,[],True
e60d37d05a1638c2,_Converted_/IR_Plus/G/GRUNDIG/TV-P-Model.ir,TV-P-Model,,0.0,,False,[],True
55c363b913365658,_Converted_/IR_Plus/G/GRUNDIG/VLC-6123-T2.ir,VLC-6123-T2,VLC-6123-T2,0.45,inventory.model,False,[],True
a66283e23e88aef1,_Converted_/IR_Plus/G/GRUNDIG/Vision 6.ir,Vision 6,Vision_6,0.45,inventory.model,False,[],True
dd34eff2d88e64e4,_Converted_/IR_Plus/G/GRUNDIG/Xephia42PXW.ir,Xephia42PXW,Xephia42PXW,0.45,inventory.model,False,[],True
d329c4fc7e03efab,_Converted_/IR_Plus/H/HAIER/HTR-040.ir,HTR-040,HTR-040,0.45,inventory.model,False,[],True
b9f2ae65084fe81f,_Converted_/IR_Plus/H/HAIER/HTR-273W.ir,HTR-273W,HTR-273W,0.45,inventory.model,False,[],True
8c5023ecfebac4e4,_Converted_/IR_Plus/H/HAIER/HTR-A18M.ir,HTR-A18M,HTR-A18M,0.45,inventory.model,False,[],True
88e5131043d2a233,_Converted_/IR_Plus/H/HAIER/HWR05XC6.ir,HWR05XC6,HWR05XC6,0.45,inventory.model,False,[],True
eb2ddfcb23cb6cd1,_Converted_/IR_Plus/H/HANNSPREE/HSG1116.ir,HSG1116,HSG1116,0.45,inventory.model,False,[],True
b687b0f20b7cc87f,_Converted_/IR_Plus/H/HANNSPREE/JT01-32E1-000G.ir,JT01-32E1-000G,JT01-32E1-000G,0.45,inventory.model,False,[],True
c409081335b5d4be,_Converted_/IR_Plus/H/HANNSPREE/TV-NEC-0-189.ir,TV-NEC-0-189,TV-NEC-0-189,0.45,inventory.model,False,[],True
a29cc8b7f0c9dca4,_Converted_/IR_Plus/H/HANNSPREE/XV32.ir,XV32,XV32,0.45,inventory.model,False,[],True
dcb530deaff024fc,_Converted_/IR_Plus/H/HANTAREX/LCD-REA-FHD.ir,LCD-REA-FHD,,0.0,,False,[],True
4bdf1f8f3580be18,_Converted_/IR_Plus/H/HANTAREX/TV-REA32.ir,TV-REA32,TV-REA32,0.45,inventory.model,False,[],True
677c51c966652a66,_Converted_/IR_Plus/H/HARMAN HARDON/SB-Soundbar.ir,SB-Soundbar,,0.0,,False,[],True
8d32b6b1b80d76f7,_Converted_/IR_Plus/H/HARMAN KARDON/AVR.ir,AVR,,0.0,,False,[],True
f37643678d611b02,_Converted_/IR_Plus/H/HARMAN KARDON/AVR80.ir,AVR80,AVR80,0.45,inventory.model,False,[],True
90b21a97dd42c080,_Converted_/IR_Plus/H/HARMAN KARDON/BDS.ir,BDS,,0.0,,False,[],True
2ec02468761182aa,_Converted_/IR_Plus/H/HARMAN KARDON/DVD22.ir,DVD22,DVD22,0.45,inventory.model,False,[],True
a4c7b6ffb2b097cf,_Converted_/IR_Plus/H/HARMAN KARDON/HD730.ir,HD730,HD730,0.45,inventory.model,False,[],True
db1c3051d8d22428,_Converted_/IR_Plus/H/HARMAN KARDON/HK3390.ir,HK3390,HK3390,0.45,inventory.model,False,[],True
6b5bb3b022fd204e,_Converted_/IR_Plus/H/HARMAN KARDON/HK3550.ir,HK3550,HK3550,0.45,inventory.model,False,[],True
7c96aa98f9b43000,_Converted_/IR_Plus/H/HARMAN KARDON/RIA101.ir,RIA101,RIA101,0.45,inventory.model,False,[],True
06c8a2fcb59a6a8c,_Converted_/IR_Plus/H/HAUPPAUGE/A415-HPG.ir,A415-HPG,A415-HPG,0.45,inventory.model,False,[],True
7ea22ec0890cf2cd,_Converted_/IR_Plus/H/HAUPPAUGE/DSR-0095.ir,DSR-0095,DSR-0095,0.45,inventory.model,False,[],True
11f1efe8b738c89e,_Converted_/IR_Plus/H/HAUPPAUGE/DSR-0112.ir,DSR-0112,DSR-0112,0.45,inventory.model,False,[],True
2236362cc8109468,_Converted_/IR_Plus/H/HB DIGITAL/MAG 250.ir,MAG 250,MAG_250,0.45,inventory.model,False,[],True
527d4d9d4c394304,_Converted_/IR_Plus/H/HE@D/SD 790 FTA BLACK.ir,SD 790 FTA BLACK,SD_790_FTA_BLACK,0.45,inventory.model,False,[],True
d58de5bb2b8f129a,_Converted_/IR_Plus/H/HE@D/SD 790 FTA.ir,SD 790 FTA,SD_790_FTA,0.45,inventory.model,False,[],True
9d14ef4fc353b259,_Converted_/IR_Plus/H/HIMEDIA/Q10 Pro.ir,Q10 Pro,Q10,0.45,inventory.model,False,[],True
5dc584d4d6d88b02,_Converted_/IR_Plus/H/HIRSCHMANN/CSTR.ir,CSTR,,0.0,,False,[],True
0908a2637926383d,_Converted_/IR_Plus/H/HISENSE/TV-3D.ir,TV-3D,TV-3D,0.45,inventory.model,False,[],True
1f0376e1f24b550a,_Converted_/IR_Plus/H/HISENSE/TV-NEC1.ir,TV-NEC1,TV-NEC1,0.45,inventory.model,False,[],True
51394c8b148ff67a,_Converted_/IR_Plus/H/HITACHI/Projector.ir,Projector,,0.0,,False,[],True
b3a15f1b9d3bbf64,_Converted_/IR_Plus/H/HITACHI/RC-49141.ir,RC-49141,RC-49141,0.45,inventory.model,False,[],True
f2ce67d73d20f375,_Converted_/IR_Plus/H/HITEKER/TV-1.ir,TV-1,TV-1,0.45,inventory.model,False,[],True
7bad09b665e72886,_Converted_/IR_Plus/H/HITEKER/TV-2.ir,TV-2,TV-2,0.45,inventory.model,False,[],True
b1733c570a90e522,_Converted_/IR_Plus/H/HUAWEI/DC211.ir,DC211,DC211,0.45,inventory.model,False,[],True
a8069a70bcdaaa1a,_Converted_/IR_Plus/H/HUAWEI/TalkTalk.ir,TalkTalk,,0.0,,False,[],True
61d83f0c70c6cdf6,_Converted_/IR_Plus/H/HUMAX/DTT3600.ir,DTT3600,DTT3600,0.45,inventory.model,False,[],True
e0a60fb20d374957,_Converted_/IR_Plus/H/HUMAX/DTT4000.ir,DTT4000,DTT4000,0.45,inventory.model,False,[],True
b0f08e498cbc35fd,_Converted_/IR_Plus/H/HUMAX/DTV4700.ir,DTV4700,DTV4700,0.45,inventory.model,False,[],True
7b9ab42695bce4be,_Converted_/IR_Plus/H/HUMAX/ESD-160S.ir,ESD-160S,ESD-160S,0.45,inventory.model,False,[],True
0fa47fff8fd22b31,_Converted_/IR_Plus/H/HUMAX/FOXSAT HDR (RM-F01).ir,FOXSAT HDR (RM-F01),RM-F01,0.45,inventory.model,False,[],True
7f5594cf380f1a73,_Converted_/IR_Plus/H/HUMAX/HDR-1002C.ir,HDR-1002C,HDR-1002C,0.45,inventory.model,False,[],True
a8868b8efb2a2de0,_Converted_/IR_Plus/H/HUMAX/NA-FOX-C.ir,NA-FOX-C,,0.0,,False,[],True
ca4cb6f014bbfa55,_Converted_/IR_Plus/H/HUMAX/RC-536P.ir,RC-536P,RC-536P,0.45,inventory.model,False,[],True
e0655c36f1ee6c10,_Converted_/IR_Plus/H/HUMAX/RM-301.ir,RM-301,RM-301,0.45,inventory.model,False,[],True
49546bfdfe03e661,_Converted_/IR_Plus/H/HUMAX/RM-E09.ir,RM-E09,RM-E09,0.45,inventory.model,False,[],True
e5913191bdf3d029,_Converted_/IR_Plus/H/HUMAX/RM-F02.ir,RM-F02,RM-F02,0.45,inventory.model,False,[],True
51d8ea8261ecb6e8,_Converted_/IR_Plus/H/HUMAX/RM-F04.ir,RM-F04,RM-F04,0.45,inventory.model,False,[],True
26e9a29d6325f636,_Converted_/IR_Plus/H/HUMAX/RS-521.ir,RS-521,RS-521,0.45,inventory.model,False,[],True
8a27acca58a3f0a5,_Converted_/IR_Plus/H/HUMAX/VACI-5300.ir,VACI-5300,VACI-5300,0.45,inventory.model,False,[],True
4852acf2d7783672,_Converted_/IR_Plus/H/HUMAX/iCord.ir,iCord,,0.0,,False,[],True
1ca9ce8169a2781f,_Converted_/IR_Plus/H/HUMAX/iHD-Cable.ir,iHD-Cable,,0.0,,False,[],True
33a141bc47ca8a97,_Converted_/IR_Plus/H/HUMAX/iHD-FOX-C.ir,iHD-FOX-C,,0.0,,False,[],True
2cc75233d377db6c,_Converted_/IR_Plus/I/IAMM/NTR8x.ir,NTR8x,NTR8x,0.45,inventory.model,False,[],True
e153dc92b2c1a2b1,_Converted_/IR_Plus/I/ID DIGITAL/S1.ir,S1,,0.0,,False,[],True
8278aff8e3153e50,_Converted_/IR_Plus/I/ILIVE/ITP280B.ir,ITP280B,ITP280B,0.45,inventory.model,False,[],True
621119d2de650b2a,_Converted_/IR_Plus/I/IMPERIAL/DB6HD.ir,DB6HD,DB6HD,0.45,inventory.model,False,[],True
07c0692d4a822d71,_Converted_/IR_Plus/I/IMPERIAL/DIGITALBOX DB 2.ir,DIGITALBOX DB 2,DIGITALBOX_DB_2,0.45,inventory.model,False,[],True
83ae7042d810a2f7,_Converted_/IR_Plus/I/IMPERIAL/Digitalbox HD 3K.ir,Digitalbox HD 3K,Digitalbox_HD_3K,0.45,inventory.model,False,[],True
86ed22f2eacbc2b2,_Converted_/IR_Plus/I/IN-TECH/MKV READER.ir,MKV READER,,0.0,,False,[],True
348461c555df61ab,_Converted_/IR_Plus/I/INFOCUS/IN102-104.ir,IN102-104,IN102-104,0.45,inventory.model,False,[],True
4736537956cc7aaf,_Converted_/IR_Plus/I/INNO-HIT/Air Conditioner.ir,Air Conditioner,,0.0,,False,[],True
c4b2f14c15128ff2,_Converted_/IR_Plus/I/INSIGNIA/NS-SB.ir,NS-SB,,0.0,,False,[],True
897db29f6fc1cc54,_Converted_/IR_Plus/I/INSIGNIA/TV.ir,TV,,0.0,,False,[],True
48612e56c2c20743,_Converted_/IR_Plus/I/INVERTO/Scena6n.ir,Scena6n,Scena6n,0.45,inventory.model,False,[],True
75572eb3bc44b749,_Converted_/IR_Plus/I/IOMEGA/ScreenplayHD.ir,ScreenplayHD,,0.0,,False,[],True
e6f80b0c71c504f4,_Converted_/IR_Plus/I/IRRADIO/DTR 3324 DT.ir,DTR 3324 DT,DTR_3324_DT,0.45,inventory.model,False,[],True
d7beed3c158a23fe,_Converted_/IR_Plus/I/iROBOT/Roomba.ir,Roomba,,0.0,,False,[],True
669af49d61d65850,_Converted_/IR_Plus/J/JAYTECH/TV.ir,TV,,0.0,,False,[],True
256f45d4306d271b,_Converted_/IR_Plus/J/JBL/CONTROL2.4.ir,CONTROL2.4,CONTROL2.4,0.45,inventory.model,False,[],True
13e21303df8e8b4f,_Converted_/IR_Plus/J/JBL/ECS300.ir,ECS300,ECS300,0.45,inventory.model,False,[],True
8d50683e4a464082,_Converted_/IR_Plus/J/JBL/ESC-Serie.ir,ESC-Serie,,0.0,,False,[],True
8efa1ab926cdbed0,_Converted_/IR_Plus/J/JBL/SB-Series.ir,SB-Series,,0.0,,False,[],True
56127e84f98be758,_Converted_/IR_Plus/J/JBL/SDP-3.ir,SDP-3,SDP-3,0.45,inventory.model,False,[],True
fe0489bdb4cc0a21,_Converted_/IR_Plus/J/JBL/SUB300.ir,SUB300,SUB300,0.45,inventory.model,False,[],True
c9ba2f9a5d4f7065,_Converted_/IR_Plus/J/JBL/onstage-micro2.ir,onstage-micro2,onstage-micro2,0.45,inventory.model,False,[],True
74cd0432235e7e8d,_Converted_/IR_Plus/J/JENSEN/TV-Code1.ir,TV-Code1,TV-Code1,0.45,inventory.model,False,[],True
5800bca6e37c0489,_Converted_/IR_Plus/J/JEPSSEN/PVR ST-1.ir,PVR ST-1,ST-1,0.45,inventory.model,False,[],True
216ac2fe8a9ac16a,_Converted_/IR_Plus/J/JVC/GGF1381.ir,GGF1381,GGF1381,0.45,inventory.model,False,[],True
cf3853d2d8c2a531,_Converted_/IR_Plus/J/JVC/RM-C14G.ir,RM-C14G,RM-C14G,0.45,inventory.model,False,[],True
cab629cacbbda48a,_Converted_/IR_Plus/J/JVC/RM-SFSSD7R.ir,RM-SFSSD7R,RM-SFSSD7R,0.45,inventory.model,False,[],True
417328abd0bf64de,_Converted_/IR_Plus/J/JVC/RM-SMXJ50J.ir,RM-SMXJ50J,RM-SMXJ50J,0.45,inventory.model,False,[],True
e822c7b87e30bbb6,_Converted_/IR_Plus/J/JVC/RM-SRX5022U.ir,RM-SRX5022U,RM-SRX5022U,0.45,inventory.model,False,[],True
8dd26da1c23bfeb2,_Converted_/IR_Plus/J/JVC/TH-Soundbar.ir,TH-Soundbar,,0.0,,False,[],True
4c440945d6eb5690,_Converted_/IR_Plus/J/JVC/TV-Generic.ir,TV-Generic,,0.0,,False,[],True
bc5a35491f4a4970,_Converted_/IR_Plus/J/JVC/UX-LP UX-GN.ir,UX-LP UX-GN,,0.0,,False,[],True
059b44a0ed6beee2,_Converted_/IR_Plus/J/JVC/VCR.ir,VCR,,0.0,,False,[],True
6945cd1f1ebe0fa5,_Converted_/IR_Plus/J/JVC/XV-N422.ir,XV-N422,XV-N422,0.45,inventory.model,False,[],True
ee3c0166bcc721df,_Converted_/IR_Plus/K/KAON/KSF-200.ir,KSF-200,KSF-200,0.45,inventory.model,False,[],True
069abf89e8cf6072,_Converted_/IR_Plus/K/KAON/NS.ir,NS,,0.0,,False,[],True
b4d2b9790fdb2831,_Converted_/IR_Plus/K/KATHREIN/UFD400.ir,UFD400,UFD400,0.45,inventory.model,False,[],True
19de390fb0027d49,_Converted_/IR_Plus/K/KATHREIN/XMP1-SAT.ir,XMP1-SAT,XMP1-SAT,0.45,inventory.model,False,[],True
73519b26325d500e,_Converted_/IR_Plus/K/KENDO/LC-Series.ir,LC-Series,,0.0,,False,[],True
648e9fb07c6d790e,_Converted_/IR_Plus/K/KENMORE/Air Conditioner253.ir,Air Conditioner253,Conditioner253,0.45,inventory.model,False,[],True
6f32956422b90a9a,_Converted_/IR_Plus/K/KENWOOD/104AR.ir,104AR,104AR,0.45,inventory.model,False,[],True
e2bbba9ce4efe16b,_Converted_/IR_Plus/K/KENWOOD/KDC-Series.ir,KDC-Series,,0.0,,False,[],True
f02380f5a08cb9a1,_Converted_/IR_Plus/K/KENWOOD/KVR-SERIES.ir,KVR-SERIES,,0.0,,False,[],True
6b255afdfa840688,_Converted_/IR_Plus/K/KENWOOD/RC-F0320E.ir,RC-F0320E,RC-F0320E,0.45,inventory.model,False,[],True
4d2e0b935de82e99,_Converted_/IR_Plus/K/KENWOOD/RC-R0505.ir,RC-R0505,RC-R0505,0.45,inventory.model,False,[],True
97d76bc56338cf9c,_Converted_/IR_Plus/K/KENWOOD/RC-R0517.ir,RC-R0517,RC-R0517,0.45,inventory.model,False,[],True
86141afb1a431c13,_Converted_/IR_Plus/K/KENWOOD/RC-R0602.ir,RC-R0602,RC-R0602,0.45,inventory.model,False,[],True
325e103912e17f04,_Converted_/IR_Plus/K/KENWOOD/RC-R0614.ir,RC-R0614,RC-R0614,0.45,inventory.model,False,[],True
6bd08c0857110e61,_Converted_/IR_Plus/K/KENWOOD/RC-R0623.ir,RC-R0623,RC-R0623,0.45,inventory.model,False,[],True
766696d35dd9601b,_Converted_/IR_Plus/K/KINYO/Remote.ir,Remote,,0.0,,False,[],True
1ef6ca5192b4886e,_Converted_/IR_Plus/K/KISS/DVDR.ir,DVDR,,0.0,,False,[],True
6cde09ff127ea7de,_Converted_/IR_Plus/K/KLYTRONIC/Mini-Dimmer.ir,Mini-Dimmer,,0.0,,False,[],True
8149e71180e67a69,_Converted_/IR_Plus/K/KODA/Audio.ir,Audio,,0.0,,False,[],True
72cb68b80c99482f,_Converted_/IR_Plus/K/KOSCOM/CPVR5400.ir,CPVR5400,CPVR5400,0.45,inventory.model,False,[],True
2cf91e10c0e920ca,_Converted_/IR_Plus/K/KOSCOM/SAT.ir,SAT,,0.0,,False,[],True
62ce9a41938b4c26,_Converted_/IR_Plus/K/KRINNER/XMas.ir,XMas,,0.0,,False,[],True
335b30d4d1d56ace,_Converted_/IR_Plus/L/LED-UNIVERSUM/LED-Stripes.ir,LED-Stripes,,0.0,,False,[],True
ee018d3c78dc11c8,_Converted_/IR_Plus/L/LED/Candles.ir,Candles,,0.0,,False,[],True
860c158cd3b27aeb,_Converted_/IR_Plus/L/LED/LED-Tea-Light.ir,LED-Tea-Light,,0.0,,False,[],True
adc9bc8d447aeb7b,_Converted_/IR_Plus/L/LED/Various.ir,Various,,0.0,,False,[],True
cdc7be5c645d0431,_Converted_/IR_Plus/L/LED/X-Mas LED Cluster Lights.ir,X-Mas LED Cluster Lights,,0.0,,False,[],True
7417bcfcacd8958d,_Converted_/IR_Plus/L/LED/X-Mas Tree.ir,X-Mas Tree,,0.0,,False,[],True
a6298f856719a8a6,_Converted_/IR_Plus/L/LEGENT/SD.ir,SD,,0.0,,False,[],True
833e662e3cbc0ba5,_Converted_/IR_Plus/L/LENCO/TV-3.ir,TV-3,TV-3,0.45,inventory.model,False,[],True
3c53b10cda7f1e58,_Converted_/IR_Plus/L/LENOXX/DVD-1.ir,DVD-1,DVD-1,0.45,inventory.model,False,[],True
66ffea3f471fe34c,_Converted_/IR_Plus/L/LEXMAN/LED.ir,LED,,0.0,,False,[],True
68e49b1e2a91ef66,_Converted_/IR_Plus/L/LG/6710V00090N.ir,6710V00090N,6710V00090N,0.45,inventory.model,False,[],True
9c6ef33100326f57,_Converted_/IR_Plus/L/LG/AKB69491502.ir,AKB69491502,AKB69491502,0.45,inventory.model,False,[],True
691325919e681d1e,_Converted_/IR_Plus/L/LG/AKB73355401.ir,AKB73355401,AKB73355401,0.45,inventory.model,False,[],True
2cbe7cea3a65dffa,_Converted_/IR_Plus/L/LG/AKB73575422.ir,AKB73575422,AKB73575422,0.45,inventory.model,False,[],True
ba48fff59b5d5c77,_Converted_/IR_Plus/L/LG/Air Conditioner.ir,Air Conditioner,,0.0,,False,[],True
950b758123a64cd7,_Converted_/IR_Plus/L/LG/BluRay.ir,BluRay,,0.0,,False,[],True
ff156173cfff3f96,_Converted_/IR_Plus/L/LG/DP122.ir,DP122,DP122,0.45,inventory.model,False,[],True
576173e75d5bebf2,_Converted_/IR_Plus/L/LG/DVD 6710CDAL01G.ir,DVD 6710CDAL01G,6710CDAL01G,0.45,inventory.model,False,[],True
43998e7cef2b5cd2,_Converted_/IR_Plus/L/LG/DVD 6711R1P070B.ir,DVD 6711R1P070B,6711R1P070B,0.45,inventory.model,False,[],True
1ad394b6eb80d79b,_Converted_/IR_Plus/L/LG/LFA-Serie.ir,LFA-Serie,,0.0,,False,[],True
9b0185693fc219fd,_Converted_/IR_Plus/L/LG/LHB-Series.ir,LHB-Series,,0.0,,False,[],True
ae16868a74f14075,_Converted_/IR_Plus/L/LG/MKJ50025109-Projector.ir,MKJ50025109-Projector,MKJ50025109-Projector,0.45,inventory.model,False,[],True
b09dbdb37968a3c5,_Converted_/IR_Plus/L/LG/TV-Generic.ir,TV-Generic,,0.0,,False,[],True
c3a325baff9653bc,_Converted_/IR_Plus/L/LIGAWO/DE57005136.ir,DE57005136,DE57005136,0.45,inventory.model,False,[],True
d21ffe44929a4554,_Converted_/IR_Plus/L/LIGAWO/HDMI.ir,HDMI,,0.0,,False,[],True
3d75ff5a991acbc5,_Converted_/IR_Plus/L/LIGHTZONE/LED-Galaxie Lichterkette.ir,LED-Galaxie Lichterkette,,0.0,,False,[],True
f1e6345cdcefe8a8,_Converted_/IR_Plus/L/LILUCO/LED.ir,LED,,0.0,,False,[],True
0372bbdea81790d3,_Converted_/IR_Plus/L/LINKSYS/KISS1600.ir,KISS1600,KISS1600,0.45,inventory.model,False,[],True
4a6fc4ec7983cbd8,_Converted_/IR_Plus/L/LISTO/2P-TNT-752086.ir,2P-TNT-752086,2P-TNT-752086,0.45,inventory.model,False,[],True
e126b135cb8e3749,_Converted_/IR_Plus/L/LIVARNO/LED COLOUR EFFECT LAMP.ir,LED COLOUR EFFECT LAMP,,0.0,,False,[],True
390302af265ef515,_Converted_/IR_Plus/L/LIVARNO/LuxLedRopeLight.ir,LuxLedRopeLight,,0.0,,False,[],True
c80c36dfb984960a,_Converted_/IR_Plus/L/LM/DVX 480.ir,DVX 480,DVX_480,0.45,inventory.model,False,[],True
f9a5115859bc0f84,_Converted_/IR_Plus/L/LOEWE/550.ir,550,,0.0,,False,[],True
cf0eb5242e9fbb42,_Converted_/IR_Plus/L/LOEWE/Calida.ir,Calida,,0.0,,False,[],True
41deeaf35fab6a6c,_Converted_/IR_Plus/L/LOEWE/Dialog.ir,Dialog,,0.0,,False,[],True
b73daccaf56021c1,_Converted_/IR_Plus/L/LOEWE/FB200-VCR.ir,FB200-VCR,FB200-VCR,0.45,inventory.model,False,[],True
a732aea6c6924d75,_Converted_/IR_Plus/L/LOGIK/DVD.ir,DVD,,0.0,,False,[],True
940f85172fac858c,_Converted_/IR_Plus/L/LOGIK/FreesatHD.ir,FreesatHD,,0.0,,False,[],True
cb8522ccceb0aa47,_Converted_/IR_Plus/L/LOGITECH/PureFiAnywhere2.ir,PureFiAnywhere2,PureFiAnywhere2,0.45,inventory.model,False,[],True
bdd992a017986ac1,_Converted_/IR_Plus/L/LOGITECH/SqueezeboxTouch.ir,SqueezeboxTouch,,0.0,,False,[],True
2f0819a2722938a5,_Converted_/IR_Plus/L/LOGITECH/Z5500.ir,Z5500,Z5500,0.45,inventory.model,False,[],True
4caee553e34d0dc6,_Converted_/IR_Plus/L/LUTRON/Aurora.ir,Aurora,,0.0,,False,[],True
c759fabfc589f21c,_Converted_/IR_Plus/L/LUTRON/GRX-IT.ir,GRX-IT,,0.0,,False,[],True
96a8bee6f3c55058,_Converted_/IR_Plus/L/LUTRON/GrafikEye3k-4k.ir,GrafikEye3k-4k,GrafikEye3k-4k,0.45,inventory.model,False,[],True
e5f5db2d34b85fb9,_Converted_/IR_Plus/L/LUTRON/MaestroDimmer.ir,MaestroDimmer,,0.0,,False,[],True
f99710279238cf14,_Converted_/IR_Plus/M/MAGICLIGHTING/RGB-LED.ir,RGB-LED,,0.0,,False,[],True
b248711f03899163,_Converted_/IR_Plus/M/MAGNAVOX/DVD.ir,DVD,,0.0,,False,[],True
0522fa76886e516b,_Converted_/IR_Plus/M/MAIKO/SM26G-AC.ir,SM26G-AC,SM26G-AC,0.45,inventory.model,False,[],True
55bee4a749c86f88,_Converted_/IR_Plus/M/MAJESTIC/DVB-01.ir,DVB-01,DVB-01,0.45,inventory.model,False,[],True
15c2d5eefd5f8a9c,_Converted_/IR_Plus/M/MAJESTIC/DVX267.ir,DVX267,DVX267,0.45,inventory.model,False,[],True
128c7cdf854f4fda,_Converted_/IR_Plus/M/MAJESTIC/DVX377USB.ir,DVX377USB,DVX377USB,0.45,inventory.model,False,[],True
833d80d857fb854e,_Converted_/IR_Plus/M/MAJESTIC/DVX475USB.ir,DVX475USB,DVX475USB,0.45,inventory.model,False,[],True
ff77e52a1ff9ef2b,_Converted_/IR_Plus/M/MARANTZ/SR-7000.ir,SR-7000,SR-7000,0.45,inventory.model,False,[],True
81ea26ed5c6476d6,_Converted_/IR_Plus/M/MASTER/TL320.ir,TL320,TL320,0.45,inventory.model,False,[],True
a067a3753edad62a,_Converted_/IR_Plus/M/MAXELL/Soundbar.ir,Soundbar,,0.0,,False,[],True
2a235d02cf4db975,_Converted_/IR_Plus/M/MEDE8ER/MED1000X3D.ir,MED1000X3D,MED1000X3D,0.45,inventory.model,False,[],True
13a04ce4bc5e212a,_Converted_/IR_Plus/M/MEDIA-TECH/MT4168.ir,MT4168,MT4168,0.45,inventory.model,False,[],True
2a4591c17a76d76e,_Converted_/IR_Plus/M/MEDION/MD26001-DVB.ir,MD26001-DVB,MD26001-DVB,0.45,inventory.model,False,[],True
99797e234989cca6,_Converted_/IR_Plus/M/MEDION/MD26900-DVB.ir,MD26900-DVB,MD26900-DVB,0.45,inventory.model,False,[],True
537fbc76d4fed70a,_Converted_/IR_Plus/M/MEDION/MD29006-SAT.ir,MD29006-SAT,MD29006-SAT,0.45,inventory.model,False,[],True
1f166999d508c1a5,_Converted_/IR_Plus/M/MEDION/MD30132.ir,MD30132,MD30132,0.45,inventory.model,False,[],True
c91ac408fd7aadcc,_Converted_/IR_Plus/M/MEDION/MD40205.ir,MD40205,MD40205,0.45,inventory.model,False,[],True
1f0868c8236a67f1,_Converted_/IR_Plus/M/MEDION/MD7456.ir,MD7456,MD7456,0.45,inventory.model,False,[],True
968d71530482b739,_Converted_/IR_Plus/M/MEDION/MD81035.ir,MD81035,MD81035,0.45,inventory.model,False,[],True
7c8c7ef2696b979a,_Converted_/IR_Plus/M/MEDION/MD81201.ir,MD81201,MD81201,0.45,inventory.model,False,[],True
cd64956922496296,_Converted_/IR_Plus/M/MEDION/MD81733.ir,MD81733,MD81733,0.45,inventory.model,False,[],True
c96dba2389f9d037,_Converted_/IR_Plus/M/MEDION/MD81880.ir,MD81880,MD81880,0.45,inventory.model,False,[],True
ab90243e5c9d015a,_Converted_/IR_Plus/M/MEDION/MD82480.ir,MD82480,MD82480,0.45,inventory.model,False,[],True
c5e76b1a8eba6b02,_Converted_/IR_Plus/M/MEDION/MD83688.ir,MD83688,MD83688,0.45,inventory.model,False,[],True
c1032e7d5ad37e84,_Converted_/IR_Plus/M/MEDION/MD83702.ir,MD83702,MD83702,0.45,inventory.model,False,[],True
a8dce30271a0df7c,_Converted_/IR_Plus/M/MEDION/MD84090.ir,MD84090,MD84090,0.45,inventory.model,False,[],True
3bcbedd002a1cdec,_Converted_/IR_Plus/M/MEDION/MD84106.ir,MD84106,MD84106,0.45,inventory.model,False,[],True
d6cbcc6d46d54ed1,_Converted_/IR_Plus/M/MEDION/MD86162.ir,MD86162,MD86162,0.45,inventory.model,False,[],True
6732417bea1bf516,_Converted_/IR_Plus/M/MEDION/MD86589.ir,MD86589,MD86589,0.45,inventory.model,False,[],True
925dc32944a66703,_Converted_/IR_Plus/M/MEDION/RC-1208.ir,RC-1208,RC-1208,0.45,inventory.model,False,[],True
96287e2d5c5b58b2,_Converted_/IR_Plus/M/MEDION/RC-1222.ir,RC-1222,RC-1222,0.45,inventory.model,False,[],True
f96c9bdf1ae73b88,_Converted_/IR_Plus/M/MEDION/RC-5112.ir,RC-5112,RC-5112,0.45,inventory.model,False,[],True
3f64c6a52bb04754,_Converted_/IR_Plus/M/MEDION/RC-E14D-TV.ir,RC-E14D-TV,RC-E14D-TV,0.45,inventory.model,False,[],True
0a6ad3076356c5d7,_Converted_/IR_Plus/M/MEDION/RC1200.ir,RC1200,RC1200,0.45,inventory.model,False,[],True
82d35bd1b8c72384,_Converted_/IR_Plus/M/MEGASAT/HD720.ir,HD720,HD720,0.45,inventory.model,False,[],True
0df9a6b82b3f5117,_Converted_/IR_Plus/M/MEGASAT/HD935.ir,HD935,HD935,0.45,inventory.model,False,[],True
544872b3d9b1c7b3,_Converted_/IR_Plus/M/METZ/72TF67.ir,72TF67,72TF67,0.45,inventory.model,False,[],True
c28d299e2b74c599,_Converted_/IR_Plus/M/METZ/TV.ir,TV,,0.0,,False,[],True
a7dae12b9bf6c673,_Converted_/IR_Plus/M/MICCA/EP250-EP350.ir,EP250-EP350,EP250-EP350,0.45,inventory.model,False,[],True
35428ceed8824f4d,_Converted_/IR_Plus/M/MICROLAB/PRO2.ir,PRO2,PRO2,0.45,inventory.model,False,[],True
e86ec59c95cb802d,_Converted_/IR_Plus/M/MICROLAB/Speakers.ir,Speakers,,0.0,,False,[],True
a84d85237d8db1c1,_Converted_/IR_Plus/M/MICROLAB/X4.ir,X4,,0.0,,False,[],True
490a129b770c1090,_Converted_/IR_Plus/M/MICROSOFT/MCE_OLD.ir,MCE_OLD,,0.0,,False,[],True
ab4dd69f00e6fb0d,_Converted_/IR_Plus/M/MICROSOFT/XBOX ONE.ir,XBOX ONE,,0.0,,False,[],True
6ac9191c8ffd978b,_Converted_/IR_Plus/M/MICROSOFT/XBOX One Media.ir,XBOX One Media,,0.0,,False,[],True
58b87ce248c95f07,_Converted_/IR_Plus/M/MICROSOFT/XBOX360.ir,XBOX360,XBOX360,0.45,inventory.model,False,[],True
4e4f979d77b47390,_Converted_/IR_Plus/M/MIIA/MTV - B 24 LEHD.ir,MTV - B 24 LEHD,MTV_-_B_24_LEHD,0.45,inventory.model,False,[],True
dd16d3478a969926,_Converted_/IR_Plus/M/MINOLTA/Camera.ir,Camera,,0.0,,False,[],True
64b61c5c9d5e9139,_Converted_/IR_Plus/M/MIRAI/TV.ir,TV,,0.0,,False,[],True
91a41fe07839ebe5,_Converted_/IR_Plus/M/MISTRAL/GZ1002BE1.ir,GZ1002BE1,GZ1002BE1,0.45,inventory.model,False,[],True
1ddef4d5a377fd78,_Converted_/IR_Plus/M/MIVAR/W1.ir,W1,,0.0,,False,[],True
fd1fd96e24e47dcd,_Converted_/IR_Plus/M/MIVAR/X1.ir,X1,,0.0,,False,[],True
933b4ac3f2dce682,_Converted_/IR_Plus/M/MIVAR/X2.ir,X2,,0.0,,False,[],True
17b5a2310c321687,_Converted_/IR_Plus/M/MIVAR/X4_TYP2.ir,X4_TYP2,X4_TYP2,0.45,inventory.model,False,[],True
5260856da57abc82,_Converted_/IR_Plus/M/MONOPRICE/HDX-C-501E.ir,HDX-C-501E,HDX-C-501E,0.45,inventory.model,False,[],True
a9e5da2e43d0eceb,_Converted_/IR_Plus/M/MOTOROLA/DCT3416.ir,DCT3416,DCT3416,0.45,inventory.model,False,[],True
d174a546045b5f91,_Converted_/IR_Plus/M/MOTOROLA/DTA101.ir,DTA101,DTA101,0.45,inventory.model,False,[],True
a527810b3e381d92,_Converted_/IR_Plus/M/MOTOROLA/VIP-1232.ir,VIP-1232,VIP-1232,0.45,inventory.model,False,[],True
39a593bb52a17b2f,_Converted_/IR_Plus/M/MOTOROLA/VIP-1853.ir,VIP-1853,VIP-1853,0.45,inventory.model,False,[],True
e8944c08cbaab99c,_Converted_/IR_Plus/M/MPMAN/DVB-T-2012-V1.ir,DVB-T-2012-V1,DVB-T-2012-V1,0.45,inventory.model,False,[],True
3f9d6de0462edefa,_Converted_/IR_Plus/M/MPMAN/DVB-T-2012-V2.ir,DVB-T-2012-V2,DVB-T-2012-V2,0.45,inventory.model,False,[],True
788f2885b5911a07,_Converted_/IR_Plus/M/MPMAN/DVB-T2500R V1.ir,DVB-T2500R V1,DVB-T2500R,0.45,inventory.model,False,[],True
b415f9a05d192472,_Converted_/IR_Plus/M/MPMAN/DVB-T2500R V2.ir,DVB-T2500R V2,DVB-T2500R,0.45,inventory.model,False,[],True
09dca7d5c0de7ad2,_Converted_/IR_Plus/M/MPMAN/XV-D205 V1.ir,XV-D205 V1,XV-D205,0.45,inventory.model,False,[],True
13b6e7ca87befe58,_Converted_/IR_Plus/M/MPMAN/XV-D205 V2.ir,XV-D205 V2,XV-D205,0.45,inventory.model,False,[],True
18ff1025f18d3337,_Converted_/IR_Plus/M/MPMAN/XV-D505HDMI.ir,XV-D505HDMI,XV-D505HDMI,0.45,inventory.model,False,[],True
0b2eafbf4585b87d,_Converted_/IR_Plus/M/MUSTEK/DVB1.ir,DVB1,DVB1,0.45,inventory.model,False,[],True
0748080db5b7e824,_Converted_/IR_Plus/M/MUSTEK/DVB2.ir,DVB2,DVB2,0.45,inventory.model,False,[],True
e68569b32b55a8a6,_Converted_/IR_Plus/M/MUSTEK/RMC-V300.ir,RMC-V300,RMC-V300,0.45,inventory.model,False,[],True
fa412db8905b1312,_Converted_/IR_Plus/M/MUVID/DVB-T220.ir,DVB-T220,DVB-T220,0.45,inventory.model,False,[],True
52f26fb96806d8c6,_Converted_/IR_Plus/M/MagicTV/5000D.ir,5000D,5000D,0.45,inventory.model,False,[],True
022958e1cafbce18,_Converted_/IR_Plus/M/MiniX/NEO X5.ir,NEO X5,NEO_X5,0.45,inventory.model,False,[],True
d763213d6c9d7566,_Converted_/IR_Plus/M/Mitsubishi/HD1000.ir,HD1000,HD1000,0.45,inventory.model,False,[],True
eb89ae1777c03808,_Converted_/IR_Plus/M/Mitsubishi/TV-71-66.ir,TV-71-66,TV-71-66,0.45,inventory.model,False,[],True
a24715e67f9c8ba5,_Converted_/IR_Plus/M/Mitsubishi/WD-82740.ir,WD-82740,WD-82740,0.45,inventory.model,False,[],True
b480255167021eec,_Converted_/IR_Plus/N/NAD/AVR-T742.ir,AVR-T742,AVR-T742,0.45,inventory.model,False,[],True
6dcd1c55ff2e34e4,_Converted_/IR_Plus/N/NAD/C446.ir,C446,C446,0.45,inventory.model,False,[],True
650ef332d69de44d,_Converted_/IR_Plus/N/NAD/D3020.ir,D3020,D3020,0.45,inventory.model,False,[],True
13eb6763344b425c,_Converted_/IR_Plus/N/NAIM/Nait.ir,Nait,,0.0,,False,[],True
b6f901a9d7fe9c3a,_Converted_/IR_Plus/N/NAIM/Preamplifier.ir,Preamplifier,,0.0,,False,[],True
491169f7a5e9e9b5,_Converted_/IR_Plus/N/NAKAMICHI/Soundbar.ir,Soundbar,,0.0,,False,[],True
1856f5a007d0b06a,_Converted_/IR_Plus/N/NAVIHEAVEN/NA-4195.ir,NA-4195,NA-4195,0.45,inventory.model,False,[],True
c9c1ea3028fc573e,_Converted_/IR_Plus/N/NAZABOX/Net HD.ir,Net HD,,0.0,,False,[],True
8e2f9d1242021cd2,_Converted_/IR_Plus/N/NEC/E424.ir,E424,E424,0.45,inventory.model,False,[],True
55870aa77fa76c1c,_Converted_/IR_Plus/N/NEC/PTX-TV.ir,PTX-TV,,0.0,,False,[],True
78a869cfef0d3aa4,_Converted_/IR_Plus/N/NEC/RD-427E.ir,RD-427E,RD-427E,0.45,inventory.model,False,[],True
68522161ca94db38,_Converted_/IR_Plus/N/NEC/UPD6122.ir,UPD6122,UPD6122,0.45,inventory.model,False,[],True
9072dfeedb0e2d99,_Converted_/IR_Plus/N/NEC1/A156-1-255.ir,A156-1-255,A156-1-255,0.45,inventory.model,False,[],True
d83baec4dc2f8ddf,_Converted_/IR_Plus/N/NEC1/TEST.ir,TEST,,0.0,,False,[],True
4107c8d33b15a7a5,_Converted_/IR_Plus/N/NEO/TV-2151TXF.ir,TV-2151TXF,TV-2151TXF,0.45,inventory.model,False,[],True
b7dcb1db9932c7dc,_Converted_/IR_Plus/N/NETGEAR/NeoTV.ir,NeoTV,,0.0,,False,[],True
33853edb097eaa82,_Converted_/IR_Plus/N/NEXPRO/DVB1.ir,DVB1,DVB1,0.45,inventory.model,False,[],True
23948f32019e4be8,_Converted_/IR_Plus/N/NEXPRO/DVB2.ir,DVB2,DVB2,0.45,inventory.model,False,[],True
b82871e8557fc894,_Converted_/IR_Plus/N/NIKON/Camera.ir,Camera,,0.0,,False,[],True
33a47f8ffdf39baf,_Converted_/IR_Plus/N/NORDMENDE/N325LD.ir,N325LD,N325LD,0.45,inventory.model,False,[],True
6be2386a6446f2d2,_Converted_/IR_Plus/N/NORTEK/NDVX-2503-2505.ir,NDVX-2503-2505,NDVX-2503-2505,0.45,inventory.model,False,[],True
c0651cc8afb70902,_Converted_/IR_Plus/N/NUBERT/Subwoofer.ir,Subwoofer,,0.0,,False,[],True
113b7d532b6e0074,_Converted_/IR_Plus/N/NYTRO BOX/4001 T COMBO.ir,4001 T COMBO,4001_T_COMBO,0.45,inventory.model,False,[],True
7d12e520fa67d6e1,_Converted_/IR_Plus/O/O2/iP4tv.ir,iP4tv,iP4tv,0.45,inventory.model,False,[],True
b5ea579334e93e06,_Converted_/IR_Plus/O/OCTAGON/SF1008HD.ir,SF1008HD,SF1008HD,0.45,inventory.model,False,[],True
57889f91ab90d428,_Converted_/IR_Plus/O/OCTAGON/SF718.ir,SF718,SF718,0.45,inventory.model,False,[],True
a25e7bd75aeb8468,_Converted_/IR_Plus/O/OCTAGON/SF8.ir,SF8,SF8,0.45,inventory.model,False,[],True
d7e01dfb0df1262d,_Converted_/IR_Plus/O/OCTAGON/SX88.ir,SX88,SX88,0.45,inventory.model,False,[],True
3556cddac74875d0,_Converted_/IR_Plus/O/OCTAGON/XP1000.ir,XP1000,XP1000,0.45,inventory.model,False,[],True
6f22aa4839b58219,_Converted_/IR_Plus/O/ODROID/IR.ir,IR,,0.0,,False,[],True
0442b3ed7f42fd44,_Converted_/IR_Plus/O/ODYS/TERRA.ir,TERRA,,0.0,,False,[],True
94fa49ec2974f298,_Converted_/IR_Plus/O/ODYS/TV.ir,TV,,0.0,,False,[],True
05ece15f0ed927ce,_Converted_/IR_Plus/O/OK/OLC-B-D4.ir,OLC-B-D4,OLC-B-D4,0.45,inventory.model,False,[],True
7f41e1b8f4c15ca7,_Converted_/IR_Plus/O/OK/OLE-B-D4.ir,OLE-B-D4,OLE-B-D4,0.45,inventory.model,False,[],True
fcbe92da385e0ffe,_Converted_/IR_Plus/O/OK/OPD 220.ir,OPD 220,OPD_220,0.45,inventory.model,False,[],True
81323ec8f5ed8b0a,_Converted_/IR_Plus/O/OKI/B32F-LED1.ir,B32F-LED1,B32F-LED1,0.45,inventory.model,False,[],True
dfe3fdf6aeba5edd,_Converted_/IR_Plus/O/OKI/TV-Generic.ir,TV-Generic,,0.0,,False,[],True
fedd03ccbd55d297,_Converted_/IR_Plus/O/OKI/V32N-FHTUV.ir,V32N-FHTUV,V32N-FHTUV,0.45,inventory.model,False,[],True
0b4ee0f007f3b191,_Converted_/IR_Plus/O/OLYMPUS/Camera.ir,Camera,,0.0,,False,[],True
2e25f0d96465d101,_Converted_/IR_Plus/O/ONIDA/DFX7100.ir,DFX7100,DFX7100,0.45,inventory.model,False,[],True
1593ce1d9d9ee8ea,_Converted_/IR_Plus/O/ONIDA/TV-Generic.ir,TV-Generic,,0.0,,False,[],True
1014af2968f27c27,_Converted_/IR_Plus/O/ONKYO/A-Serie.ir,A-Serie,,0.0,,False,[],True
b7ce3fefc815627f,_Converted_/IR_Plus/O/ONKYO/CS-265DAB.ir,CS-265DAB,CS-265DAB,0.45,inventory.model,False,[],True
78c134d3f9585931,_Converted_/IR_Plus/O/ONKYO/DV-BD606.ir,DV-BD606,DV-BD606,0.45,inventory.model,False,[],True
cfc4abdb927143e6,_Converted_/IR_Plus/O/ONKYO/DV-C600.ir,DV-C600,DV-C600,0.45,inventory.model,False,[],True
549bb09a7eb86c82,_Converted_/IR_Plus/O/ONKYO/RC-104C.ir,RC-104C,RC-104C,0.45,inventory.model,False,[],True
7e72bc88fabe7df7,_Converted_/IR_Plus/O/ONKYO/RC-146T.ir,RC-146T,RC-146T,0.45,inventory.model,False,[],True
03f54a70a4f47c66,_Converted_/IR_Plus/O/ONKYO/RC-310M.ir,RC-310M,RC-310M,0.45,inventory.model,False,[],True
7d1536233e4ababf,_Converted_/IR_Plus/O/ONKYO/RC-425DV.ir,RC-425DV,RC-425DV,0.45,inventory.model,False,[],True
a9fa7514b8bc550f,_Converted_/IR_Plus/O/ONKYO/RC-50.ir,RC-50,RC-50,0.45,inventory.model,False,[],True
910f1795438babcb,_Converted_/IR_Plus/O/ONKYO/RC-710M.ir,RC-710M,RC-710M,0.45,inventory.model,False,[],True
24db70a6f9ba9a51,_Converted_/IR_Plus/O/ONKYO/RC-801M.ir,RC-801M,RC-801M,0.45,inventory.model,False,[],True
f8cf7383d419bd8c,_Converted_/IR_Plus/O/ONKYO/TX-7540.ir,TX-7540,TX-7540,0.45,inventory.model,False,[],True
8e10786b1d6efe79,_Converted_/IR_Plus/O/ONKYO/TX-NR616-EASY.ir,TX-NR616-EASY,TX-NR616-EASY,0.45,inventory.model,False,[],True
9e1690525ee358b6,_Converted_/IR_Plus/O/ONKYO/TX-NR636.ir,TX-NR636,TX-NR636,0.45,inventory.model,False,[],True
641d668dc11cb62d,_Converted_/IR_Plus/O/ONKYO/TX-NR717.ir,TX-NR717,TX-NR717,0.45,inventory.model,False,[],True
6abd0166957b804d,_Converted_/IR_Plus/O/ONKYO/TX-SR608.ir,TX-SR608,TX-SR608,0.45,inventory.model,False,[],True
794b063dc8ff0a31,_Converted_/IR_Plus/O/ONKYO/TX-SR806.ir,TX-SR806,TX-SR806,0.45,inventory.model,False,[],True
8935e18f4ef48249,_Converted_/IR_Plus/O/OPPO/BDP-BluRay.ir,BDP-BluRay,,0.0,,False,[],True
d7b8198929f057bd,_Converted_/IR_Plus/O/OPPO/DV980H.ir,DV980H,DV980H,0.45,inventory.model,False,[],True
a1f3884eff8dfec8,_Converted_/IR_Plus/O/OPPO/UDP-20X RC1.ir,UDP-20X RC1,UDP-20X,0.45,inventory.model,False,[],True
2f450f92a518852b,_Converted_/IR_Plus/O/OPPO/UDP-20X RC2.ir,UDP-20X RC2,UDP-20X,0.45,inventory.model,False,[],True
93b0e3cd2776d1a8,_Converted_/IR_Plus/O/OPPO/UDP-20X RC3.ir,UDP-20X RC3,UDP-20X,0.45,inventory.model,False,[],True
2973b89423c2c987,_Converted_/IR_Plus/O/OPTICUM/FS10P.ir,FS10P,FS10P,0.45,inventory.model,False,[],True
5b7b998c475cddbf,_Converted_/IR_Plus/O/OPTICUM/HD X 110p.ir,HD X 110p,110p,0.45,inventory.model,False,[],True
ad5b1fd8c4b0e44e,_Converted_/IR_Plus/O/OPTICUM/HD+X500P.ir,HD+X500P,HD+X500P,0.45,inventory.model,False,[],True
bca0d8ccaa12faef,_Converted_/IR_Plus/O/OPTICUM/HD-ODIN-E2-HD.ir,HD-ODIN-E2-HD,HD-ODIN-E2-HD,0.45,inventory.model,False,[],True
f543ce71574ab951,_Converted_/IR_Plus/O/OPTICUM/HD-T50.ir,HD-T50,HD-T50,0.45,inventory.model,False,[],True
fc11aa86be51a52c,_Converted_/IR_Plus/O/OPTICUM/HDX100.ir,HDX100,HDX100,0.45,inventory.model,False,[],True
358887d134f7e214,_Converted_/IR_Plus/O/OPTICUM/OptiboxHD.ir,OptiboxHD,,0.0,,False,[],True
7cca8a289d3a49c7,_Converted_/IR_Plus/O/OPTICUM/X-Series.ir,X-Series,,0.0,,False,[],True
dc02d562d335e4c2,_Converted_/IR_Plus/O/OPTICUM/X403P.ir,X403P,X403P,0.45,inventory.model,False,[],True
ab952fd22b9ff5a9,_Converted_/IR_Plus/O/OPTIMUS/STAV-3560.ir,STAV-3560,STAV-3560,0.45,inventory.model,False,[],True
842b0141cacde928,_Converted_/IR_Plus/O/OPTOMA/HD-Series.ir,HD-Series,,0.0,,False,[],True
f363a91bbf95e5ca,_Converted_/IR_Plus/O/OPTOMA/HD33.ir,HD33,HD33,0.45,inventory.model,False,[],True
cde7393181c6efe2,_Converted_/IR_Plus/O/ORANGE/LiveBox.ir,LiveBox,,0.0,,False,[],True
e990abb03e4b663a,_Converted_/IR_Plus/O/ORANGE/TVS70.ir,TVS70,TVS70,0.45,inventory.model,False,[],True
427d36861d43f1c0,_Converted_/IR_Plus/O/ORBITSOUND/Soundbar.ir,Soundbar,,0.0,,False,[],True
28134601da42c962,_Converted_/IR_Plus/O/ORION/076RONV021.ir,076RONV021,076RONV021,0.45,inventory.model,False,[],True
4f6a6b1a480fb360,_Converted_/IR_Plus/O/ORION/82332TV.ir,82332TV,82332TV,0.45,inventory.model,False,[],True
ab7a0a6e11d8ccc8,_Converted_/IR_Plus/O/ORION/TV26.ir,TV26,TV26,0.45,inventory.model,False,[],True
e236b502346045c4,_Converted_/IR_Plus/O/ORION/TV32LB1000.ir,TV32LB1000,TV32LB1000,0.45,inventory.model,False,[],True
6cf28636307635ff,_Converted_/IR_Plus/O/ORTEK/VRC-1100.ir,VRC-1100,VRC-1100,0.45,inventory.model,False,[],True
7d780da817eeec27,_Converted_/IR_Plus/O/OSMC/Remote.ir,Remote,,0.0,,False,[],True
079d4b94b84a049f,_Converted_/IR_Plus/P/PACE/DC420N.ir,DC420N,DC420N,0.45,inventory.model,False,[],True
6056d0e83e02d748,_Converted_/IR_Plus/P/PACE/DS830NS.ir,DS830NS,DS830NS,0.45,inventory.model,False,[],True
01572892c1f71d32,_Converted_/IR_Plus/P/PACE/DS831IMH.ir,DS831IMH,DS831IMH,0.45,inventory.model,False,[],True
05bd6b9eb067f13d,_Converted_/IR_Plus/P/PACE/DZC.ir,DZC,,0.0,,False,[],True
61aabb12c9777c22,_Converted_/IR_Plus/P/PACE/MySkyHD.ir,MySkyHD,,0.0,,False,[],True
88c352639cb623d6,_Converted_/IR_Plus/P/PACE/TDS865NSDX.ir,TDS865NSDX,TDS865NSDX,0.45,inventory.model,False,[],True
c575e8c77fad93f4,_Converted_/IR_Plus/P/PALCOM/DSL 380 PLUS.ir,DSL 380 PLUS,DSL_380_PLUS,0.45,inventory.model,False,[],True
d8d43ed36fcd76f0,_Converted_/IR_Plus/P/PALCOM/DSL 6 T.ir,DSL 6 T,DSL_6_T,0.45,inventory.model,False,[],True
e3f9b13dd8fca37a,_Converted_/IR_Plus/P/PALLADINE/TV.ir,TV,,0.0,,False,[],True
334acc1e42d4af15,_Converted_/IR_Plus/P/PALSONIC/TFTV-5539DT.ir,TFTV-5539DT,TFTV-5539DT,0.45,inventory.model,False,[],True
7f0518c74951dbfc,_Converted_/IR_Plus/P/PANASONIC/CARC60EX.ir,CARC60EX,CARC60EX,0.45,inventory.model,False,[],True
d50682989b09d95a,_Converted_/IR_Plus/P/PANASONIC/DMP-Series.ir,DMP-Series,,0.0,,False,[],True
7392c4cfb5abc9a0,_Converted_/IR_Plus/P/PANASONIC/DMR-BCT73-83.ir,DMR-BCT73-83,DMR-BCT73-83,0.45,inventory.model,False,[],True
dad52c79d2919162,_Converted_/IR_Plus/P/PANASONIC/DMR-BS.ir,DMR-BS,,0.0,,False,[],True
13cc2fa06ef887b5,_Converted_/IR_Plus/P/PANASONIC/DMR-EX77.ir,DMR-EX77,DMR-EX77,0.45,inventory.model,False,[],True
da0259e489bbc645,_Converted_/IR_Plus/P/PANASONIC/EUR643826.ir,EUR643826,EUR643826,0.45,inventory.model,False,[],True
b4b4824842d35f40,_Converted_/IR_Plus/P/PANASONIC/N2QAYB000239.ir,N2QAYB000239,N2QAYB000239,0.45,inventory.model,False,[],True
c9a3e7419198918a,_Converted_/IR_Plus/P/PANASONIC/N2QAYC000060.ir,N2QAYC000060,N2QAYC000060,0.45,inventory.model,False,[],True
94238d96876063b6,_Converted_/IR_Plus/P/PANASONIC/PTAE-Series.ir,PTAE-Series,,0.0,,False,[],True
a467d767e7c0d7d8,_Converted_/IR_Plus/P/PANASONIC/Plasma TV.ir,Plasma TV,,0.0,,False,[],True
2e67768723dce813,_Converted_/IR_Plus/P/PANASONIC/RAK-RX309W.ir,RAK-RX309W,RAK-RX309W,0.45,inventory.model,False,[],True
f2870ec489643f1d,_Converted_/IR_Plus/P/PANASONIC/RAK-SC307WM.ir,RAK-SC307WM,RAK-SC307WM,0.45,inventory.model,False,[],True
fb6ae6ed42ebb470,_Converted_/IR_Plus/P/PANASONIC/SA-AK.ir,SA-AK,,0.0,,False,[],True
8838b5c71e90d920,_Converted_/IR_Plus/P/PANASONIC/SA-HT-Series.ir,SA-HT-Series,,0.0,,False,[],True
31314e4d770ddcfe,_Converted_/IR_Plus/P/PANASONIC/SA-PMX3.ir,SA-PMX3,SA-PMX3,0.45,inventory.model,False,[],True
90975f289135da57,_Converted_/IR_Plus/P/PANASONIC/SA-PT.ir,SA-PT,,0.0,,False,[],True
95a822c5e514c19d,_Converted_/IR_Plus/P/PANASONIC/SC-HTB-Series.ir,SC-HTB-Series,,0.0,,False,[],True
31f028607b9997e6,_Converted_/IR_Plus/P/PANASONIC/SC-PM-Series.ir,SC-PM-Series,,0.0,,False,[],True
14c74651c96b1ded,_Converted_/IR_Plus/P/PANASONIC/TX-TV.ir,TX-TV,,0.0,,False,[],True
c1f502687263cb14,_Converted_/IR_Plus/P/PANAVOX/TV.ir,TV,,0.0,,False,[],True
411a88b3490e4f43,_Converted_/IR_Plus/P/PARASOUND/Halo-Int.ir,Halo-Int,,0.0,,False,[],True
92fbff9daf24497a,_Converted_/IR_Plus/P/PAULMANN/RGB-LED.ir,RGB-LED,,0.0,,False,[],True
3393c771964be488,_Converted_/IR_Plus/P/PAULMANN/URail 95073.ir,URail 95073,URail_95073,0.45,inventory.model,False,[],True
90756e905ac31643,_Converted_/IR_Plus/P/PEACHTREE/Decco.ir,Decco,,0.0,,False,[],True
b659dbbcb2d2975c,_Converted_/IR_Plus/P/PEACHTREE/Grand.ir,Grand,,0.0,,False,[],True
dd8db938e2cdbc4a,_Converted_/IR_Plus/P/PEACHTREE/novaPre.ir,novaPre,,0.0,,False,[],True
e1414202ab2cfee3,_Converted_/IR_Plus/P/PENTAX/Camera.ir,Camera,,0.0,,False,[],True
e99c003cfb618e65,_Converted_/IR_Plus/P/PHANTOM/DuosMini.ir,DuosMini,,0.0,,False,[],True
82ff6e7110ab9244,_Converted_/IR_Plus/P/PHILIPS/CDR880.ir,CDR880,CDR880,0.45,inventory.model,False,[],True
f5a0b988af8da88c,_Converted_/IR_Plus/P/PHILIPS/DVDR.ir,DVDR,,0.0,,False,[],True
265b08bc4ae9f691,_Converted_/IR_Plus/P/PHILIPS/FR-Series.ir,FR-Series,,0.0,,False,[],True
97307b066a1ac0d6,_Converted_/IR_Plus/P/PHILIPS/FW-362.ir,FW-362,FW-362,0.45,inventory.model,False,[],True
7b7991327b1d577c,_Converted_/IR_Plus/P/PHILIPS/FW-530C.ir,FW-530C,FW-530C,0.45,inventory.model,False,[],True
6caea7a905d6220b,_Converted_/IR_Plus/P/PHILIPS/FW-C399.ir,FW-C399,FW-C399,0.45,inventory.model,False,[],True
32bab4223b98bd05,_Converted_/IR_Plus/P/PHILIPS/Generic DVR.ir,Generic DVR,,0.0,,False,[],True
26bd11ccf53e12b1,_Converted_/IR_Plus/P/PHILIPS/HTS3366.ir,HTS3366,HTS3366,0.45,inventory.model,False,[],True
b4b8b99e81ff1e70,_Converted_/IR_Plus/P/PHILIPS/HTS3544.ir,HTS3544,HTS3544,0.45,inventory.model,False,[],True
551977115f91376f,_Converted_/IR_Plus/P/PHILIPS/LX3900SA.ir,LX3900SA,LX3900SA,0.45,inventory.model,False,[],True
498939919c8241cc,_Converted_/IR_Plus/P/PHILIPS/MCM2150.ir,MCM2150,MCM2150,0.45,inventory.model,False,[],True
eefc548e885b66cd,_Converted_/IR_Plus/P/PHILIPS/PFL-5000-Series.ir,PFL-5000-Series,PFL-5000-Series,0.45,inventory.model,False,[],True
4886e144bfc64aab,_Converted_/IR_Plus/P/PHILIPS/PFL6907.ir,PFL6907,PFL6907,0.45,inventory.model,False,[],True
59344cb5a5348638,_Converted_/IR_Plus/P/PHILIPS/PFL7606K.ir,PFL7606K,PFL7606K,0.45,inventory.model,False,[],True
88efe002a30aae31,_Converted_/IR_Plus/P/PHILIPS/PFL7695K-02.ir,PFL7695K-02,PFL7695K-02,0.45,inventory.model,False,[],True
8d6f8c9dec97a0d5,_Converted_/IR_Plus/P/PHILIPS/PT-Legacy-TV.ir,PT-Legacy-TV,,0.0,,False,[],True
1e48e8a1d3d67952,_Converted_/IR_Plus/P/PINNACLE/PCTV 800i.ir,PCTV 800i,800i,0.45,inventory.model,False,[],True
e395accd3b8db5c0,_Converted_/IR_Plus/P/PIONEER/BDP-05FD.ir,BDP-05FD,BDP-05FD,0.45,inventory.model,False,[],True
7511ed988d914961,_Converted_/IR_Plus/P/PIONEER/CU-A001.ir,CU-A001,CU-A001,0.45,inventory.model,False,[],True
ab4940befb75b194,_Converted_/IR_Plus/P/PIONEER/CU-A019.ir,CU-A019,CU-A019,0.45,inventory.model,False,[],True
af9698e03195cdc3,_Converted_/IR_Plus/P/PIONEER/CU-CLD067.ir,CU-CLD067,CU-CLD067,0.45,inventory.model,False,[],True
415ebddac4940af3,_Converted_/IR_Plus/P/PIONEER/CU-DV037.ir,CU-DV037,CU-DV037,0.45,inventory.model,False,[],True
6f6fc3cba8001a40,_Converted_/IR_Plus/P/PIONEER/CU-DV042.ir,CU-DV042,CU-DV042,0.45,inventory.model,False,[],True
e59a5f727653ac0f,_Converted_/IR_Plus/P/PIONEER/DMP-BD75.ir,DMP-BD75,DMP-BD75,0.45,inventory.model,False,[],True
81fd824e548803e1,_Converted_/IR_Plus/P/PIONEER/DVD-Generic.ir,DVD-Generic,,0.0,,False,[],True
f751a90d11baa197,_Converted_/IR_Plus/P/PIONEER/DVR-Series.ir,DVR-Series,,0.0,,False,[],True
87971ccf85b674d9,_Converted_/IR_Plus/P/PIONEER/GGF1067.ir,GGF1067,GGF1067,0.45,inventory.model,False,[],True
ac628f22fd72ed60,_Converted_/IR_Plus/P/PIONEER/SC27.ir,SC27,SC27,0.45,inventory.model,False,[],True
f6d6923958d0ef18,_Converted_/IR_Plus/P/PIONEER/TV-Code170-175.ir,TV-Code170-175,TV-Code170-175,0.45,inventory.model,False,[],True
422c1700bd245d72,_Converted_/IR_Plus/P/PIONEER/TV-PDP.ir,TV-PDP,,0.0,,False,[],True
9d73213e5abebacc,_Converted_/IR_Plus/P/PIONEER/VSX-921.ir,VSX-921,VSX-921,0.45,inventory.model,False,[],True
484fa66d01a152c2,_Converted_/IR_Plus/P/PIONEER/VSX-S300.ir,VSX-S300,VSX-S300,0.45,inventory.model,False,[],True
aafe01da7a3326a6,_Converted_/IR_Plus/P/PIONEER/VSX-Y2014.ir,VSX-Y2014,VSX-Y2014,0.45,inventory.model,False,[],True
75ad4ee6b4ec3740,_Converted_/IR_Plus/P/PIONEER/VXX2700.ir,VXX2700,VXX2700,0.45,inventory.model,False,[],True
11e0ed204cb2cc3b,_Converted_/IR_Plus/P/PIONEER/X-SMC.ir,X-SMC,,0.0,,False,[],True
f7ffc32f3049fd9d,_Converted_/IR_Plus/P/PLUS AMERICA/Projector.ir,Projector,,0.0,,False,[],True
730e8c12a1aec9e1,_Converted_/IR_Plus/P/POLAROID/DVDP-1000.ir,DVDP-1000,DVDP-1000,0.45,inventory.model,False,[],True
7fa4bb238fd0ac8e,_Converted_/IR_Plus/P/POLLIN/DR200.ir,DR200,DR200,0.45,inventory.model,False,[],True
625635afb0f6bea6,_Converted_/IR_Plus/P/POLYCOM/AV.ir,AV,,0.0,,False,[],True
908d0085552b547f,_Converted_/IR_Plus/P/POPCORNHOUR/PCH-C200.ir,PCH-C200,PCH-C200,0.45,inventory.model,False,[],True
1707be8629c09219,_Converted_/IR_Plus/P/POWERNET/P99HD.ir,P99HD,P99HD,0.45,inventory.model,False,[],True
1b29d2417f2468d0,_Converted_/IR_Plus/P/PRIMARE/A30.ir,A30,A30,0.45,inventory.model,False,[],True
17cf882c32bb0064,_Converted_/IR_Plus/P/PRIMARE/V25.ir,V25,V25,0.45,inventory.model,False,[],True
c09b6efadbfefa46,_Converted_/IR_Plus/P/PROBOX/180HD-PLATINUM.ir,180HD-PLATINUM,180HD-PLATINUM,0.45,inventory.model,False,[],True
ace770ecf2721922,_Converted_/IR_Plus/P/PROMETHEAN/PRM 25 PROJECTOR.ir,PRM 25 PROJECTOR,PRM_25_PROJECTOR,0.45,inventory.model,False,[],True
0f8d5df2369063d5,_Converted_/IR_Plus/P/PROTEK/9760HD.ir,9760HD,9760HD,0.45,inventory.model,False,[],True
c386c12900e03555,_Converted_/IR_Plus/P/PYLE/PLDN74BTI.ir,PLDN74BTI,PLDN74BTI,0.45,inventory.model,False,[],True
72dce3e78a294192,_Converted_/IR_Plus/Q/QBELL/TV.ir,TV,,0.0,,False,[],True
0d7ec5d12083502c,_Converted_/IR_Plus/Q/QMAX/MST.ir,MST,,0.0,,False,[],True
b7943bdb94c5f08a,_Converted_/IR_Plus/Q/QVIART/Combo.ir,Combo,,0.0,,False,[],True
6e26d14938083f71,_Converted_/IR_Plus/R/RADEMACHER/Rollotron.ir,Rollotron,,0.0,,False,[],True
0d6c24e7d155ebe2,_Converted_/IR_Plus/R/RADIX/3700S.ir,3700S,3700S,0.45,inventory.model,False,[],True
4a0f0ddca41cffd1,_Converted_/IR_Plus/R/RADIX/DVB.ir,DVB,,0.0,,False,[],True
bf799be330e2cbf7,_Converted_/IR_Plus/R/RCA/BluRay.ir,BluRay,,0.0,,False,[],True
532f975aa40d096a,_Converted_/IR_Plus/R/RCA/Combo.ir,Combo,,0.0,,False,[],True
be5e282d159bd8ce,_Converted_/IR_Plus/R/RCA/Combo2.ir,Combo2,Combo2,0.45,inventory.model,False,[],True
b6648164763de865,_Converted_/IR_Plus/R/RCA/Combo3.ir,Combo3,Combo3,0.45,inventory.model,False,[],True
23cb4bd8c39fe6bf,_Converted_/IR_Plus/R/RCA/Generic1.ir,Generic1,Generic1,0.45,inventory.model,False,[],True
e9c03fe5fad825b1,_Converted_/IR_Plus/R/RCA/Generic2.ir,Generic2,Generic2,0.45,inventory.model,False,[],True
db4f1615d3b55cd0,_Converted_/IR_Plus/R/RCA/RT2500.ir,RT2500,RT2500,0.45,inventory.model,False,[],True
49fcae2a3b867e14,_Converted_/IR_Plus/R/REFLEXION/TV.ir,TV,,0.0,,False,[],True
b8e42b5f26644dac,_Converted_/IR_Plus/R/RENDER/REN3209ELI.ir,REN3209ELI,REN3209ELI,0.45,inventory.model,False,[],True
205b482d114595e1,_Converted_/IR_Plus/R/REVOLTEC/LED12.ir,LED12,LED12,0.45,inventory.model,False,[],True
c2227ea3c37f94a4,_Converted_/IR_Plus/R/REVOLTEC/SMD15.ir,SMD15,SMD15,0.45,inventory.model,False,[],True
25e5e106853fc2e1,_Converted_/IR_Plus/R/REVOX/B2xx_1-0.ir,B2xx_1-0,B2xx_1-0,0.45,inventory.model,False,[],True
c2da77c5fdd67901,_Converted_/IR_Plus/R/REVOX/RC28.ir,RC28,RC28,0.45,inventory.model,False,[],True
9a1dda6c9eeefc7e,_Converted_/IR_Plus/R/ROKU/ROKU3.ir,ROKU3,ROKU3,0.45,inventory.model,False,[],True
6b31ad822b1e5306,_Converted_/IR_Plus/R/ROKU/Roku +EXTRA.ir,Roku +EXTRA,,0.0,,False,[],True
f48782b00c636a81,_Converted_/IR_Plus/R/ROLSEN/RDB-532.ir,RDB-532,RDB-532,0.45,inventory.model,False,[],True
4d79de893a59e95f,_Converted_/IR_Plus/R/ROLSEN/Rolsen C15R12ST.ir,Rolsen C15R12ST,C15R12ST,0.45,inventory.model,False,[],True
b3d388d0519e2a29,_Converted_/IR_Plus/R/ROTEL/RA-Series.ir,RA-Series,,0.0,,False,[],True
ffff7c26584555f4,_Converted_/IR_Plus/R/ROTEL/RC-Series.ir,RC-Series,,0.0,,False,[],True
b3d90f2cd3a8eb1c,_Converted_/IR_Plus/R/ROTEL/RR-925.ir,RR-925,RR-925,0.45,inventory.model,False,[],True
799d116949bb3de6,_Converted_/IR_Plus/R/RUNCO/VX-RS-Series.ir,VX-RS-Series,,0.0,,False,[],True
f4d3bdf8c1ad0021,_Converted_/IR_Plus/S/SABA/TV.ir,TV,,0.0,,False,[],True
9f0427c9c3be97a1,_Converted_/IR_Plus/S/SAGEM/D-Box2.ir,D-Box2,D-Box2,0.45,inventory.model,False,[],True
1b0d54e109de20cb,_Converted_/IR_Plus/S/SAGEM/ITD 71 MHP IT.ir,ITD 71 MHP IT,ITD_71_MHP_IT,0.45,inventory.model,False,[],True
9e1213062230874f,_Converted_/IR_Plus/S/SAGEM/TV4.ir,TV4,TV4,0.45,inventory.model,False,[],True
54b1b39947f0ce45,_Converted_/IR_Plus/S/SAGEMCOM/RCI88.ir,RCI88,RCI88,0.45,inventory.model,False,[],True
03def9f9e0e66eb4,_Converted_/IR_Plus/S/SAMSUNG/00062E.ir,00062E,00062E,0.45,inventory.model,False,[],True
3ca62f866bdc2b8b,_Converted_/IR_Plus/S/SAMSUNG/00104M.ir,00104M,00104M,0.45,inventory.model,False,[],True
008829c4d49feb1b,_Converted_/IR_Plus/S/SAMSUNG/AA59-00382A.ir,AA59-00382A,AA59-00382A,0.45,inventory.model,False,[],True
a48b9e7f8f85595a,_Converted_/IR_Plus/S/SAMSUNG/AA59-00496A.ir,AA59-00496A,AA59-00496A,0.45,inventory.model,False,[],True
a7542d8264923640,_Converted_/IR_Plus/S/SAMSUNG/AA59-00581A.ir,AA59-00581A,AA59-00581A,0.45,inventory.model,False,[],True
10c24d15298960f8,_Converted_/IR_Plus/S/SAMSUNG/AA59-00600A.ir,AA59-00600A,AA59-00600A,0.45,inventory.model,False,[],True
5e1b6e892ddb23b5,_Converted_/IR_Plus/S/SAMSUNG/AA59-00786A-TV.ir,AA59-00786A-TV,AA59-00786A-TV,0.45,inventory.model,False,[],True
22bb011c9f93ecdb,_Converted_/IR_Plus/S/SAMSUNG/AA59-10026E.ir,AA59-10026E,AA59-10026E,0.45,inventory.model,False,[],True
e2112fa745cd886a,_Converted_/IR_Plus/S/SAMSUNG/AH59-01527F.ir,AH59-01527F,AH59-01527F,0.45,inventory.model,False,[],True
90d8e048d28e46f2,_Converted_/IR_Plus/S/SAMSUNG/AH59-02195C.ir,AH59-02195C,AH59-02195C,0.45,inventory.model,False,[],True
e975bdd82d98e664,_Converted_/IR_Plus/S/SAMSUNG/AH59-02482A-Dock.ir,AH59-02482A-Dock,AH59-02482A-Dock,0.45,inventory.model,False,[],True
64f26cb6afeb70b4,_Converted_/IR_Plus/S/SAMSUNG/AH59-02537A.ir,AH59-02537A,AH59-02537A,0.45,inventory.model,False,[],True
251baa0e0f396218,_Converted_/IR_Plus/S/SAMSUNG/AK59-00119A.ir,AK59-00119A,AK59-00119A,0.45,inventory.model,False,[],True
f8e323bc6f9ebc81,_Converted_/IR_Plus/S/SAMSUNG/AK59-00149A.ir,AK59-00149A,AK59-00149A,0.45,inventory.model,False,[],True
097001c7bb6d367a,_Converted_/IR_Plus/S/SAMSUNG/BN59-00609A.ir,BN59-00609A,BN59-00609A,0.45,inventory.model,False,[],True
312f22b712495d05,_Converted_/IR_Plus/S/SAMSUNG/BN59-00937A.ir,BN59-00937A,BN59-00937A,0.45,inventory.model,False,[],True
ed6ed6e5a244b9ae,_Converted_/IR_Plus/S/SAMSUNG/BN59-00940A.ir,BN59-00940A,BN59-00940A,0.45,inventory.model,False,[],True
6b46c72964c6d84c,_Converted_/IR_Plus/S/SAMSUNG/BN59-01015A.ir,BN59-01015A,BN59-01015A,0.45,inventory.model,False,[],True
7a20fbe5ee3166e8,_Converted_/IR_Plus/S/SAMSUNG/BN59-01054A.ir,BN59-01054A,BN59-01054A,0.45,inventory.model,False,[],True
dba60d561b46e4ab,_Converted_/IR_Plus/S/SAMSUNG/CX5344W.ir,CX5344W,CX5344W,0.45,inventory.model,False,[],True
6ce437a79e819132,_Converted_/IR_Plus/S/SAMSUNG/DCB-B270R.ir,DCB-B270R,DCB-B270R,0.45,inventory.model,False,[],True
5fb6200353771efb,_Converted_/IR_Plus/S/SAMSUNG/DSB-P990N.ir,DSB-P990N,DSB-P990N,0.45,inventory.model,False,[],True
76207339e67e0a3c,_Converted_/IR_Plus/S/SAMSUNG/DSB-P990V.ir,DSB-P990V,DSB-P990V,0.45,inventory.model,False,[],True
6778658495de523d,_Converted_/IR_Plus/S/SAMSUNG/DTB-9500F.ir,DTB-9500F,DTB-9500F,0.45,inventory.model,False,[],True
12101c3fc88b09c5,_Converted_/IR_Plus/S/SAMSUNG/DVD-Recorder.ir,DVD-Recorder,,0.0,,False,[],True
005c2272fc980821,_Converted_/IR_Plus/S/SAMSUNG/HDSKY.ir,HDSKY,,0.0,,False,[],True
ea7824e9804d4a28,_Converted_/IR_Plus/S/SAMSUNG/HLT-XX89.ir,HLT-XX89,HLT-XX89,0.45,inventory.model,False,[],True
b0eae1e8cea68495,_Converted_/IR_Plus/S/SAMSUNG/HT-D4000.ir,HT-D4000,HT-D4000,0.45,inventory.model,False,[],True
3e3824f76048b17a,_Converted_/IR_Plus/S/SAMSUNG/HT-TX.ir,HT-TX,,0.0,,False,[],True
a4f82f6722fe8d46,_Converted_/IR_Plus/S/SAMSUNG/HW-E-Series.ir,HW-E-Series,,0.0,,False,[],True
be0647d17dc3bed3,_Converted_/IR_Plus/S/SAMSUNG/HW-F-Serie.ir,HW-F-Serie,,0.0,,False,[],True
33c4e1818dbd9d93,_Converted_/IR_Plus/S/SAMSUNG/MF59-00242B.ir,MF59-00242B,MF59-00242B,0.45,inventory.model,False,[],True
159ffdef724f92db,_Converted_/IR_Plus/S/SAMSUNG/MF59-00242C.ir,MF59-00242C,MF59-00242C,0.45,inventory.model,False,[],True
eb08193e24bf67ca,_Converted_/IR_Plus/S/SAMSUNG/MF59-00291D.ir,MF59-00291D,MF59-00291D,0.45,inventory.model,False,[],True
73f023f0d69a8db5,_Converted_/IR_Plus/S/SAMSUNG/MM-L7.ir,MM-L7,MM-L7,0.45,inventory.model,False,[],True
7151605cf77c64df,_Converted_/IR_Plus/S/SAMSUNG/Navibot.ir,Navibot,,0.0,,False,[],True
8bf969ac337d9c70,_Converted_/IR_Plus/S/SAMSUNG/SFT-703E-PLUS.ir,SFT-703E-PLUS,SFT-703E-PLUS,0.45,inventory.model,False,[],True
90224394e73fa376,_Converted_/IR_Plus/S/SAMSUNG/SMT-C.ir,SMT-C,,0.0,,False,[],True
29bdecf87dc08ded,_Converted_/IR_Plus/S/SAMSUNG/SMT-G7400.ir,SMT-G7400,SMT-G7400,0.45,inventory.model,False,[],True
d0f0408e064fbef6,_Converted_/IR_Plus/S/SAMSUNG/SMT-H.ir,SMT-H,,0.0,,False,[],True
0defa5c4945013ed,_Converted_/IR_Plus/S/SAMSUNG/SOUNDBAR-HW.ir,SOUNDBAR-HW,,0.0,,False,[],True
a87b6f11292cd8c1,_Converted_/IR_Plus/S/SAMSUNG/SP-A600B.ir,SP-A600B,SP-A600B,0.45,inventory.model,False,[],True
2539da01070846aa,_Converted_/IR_Plus/S/SAMSUNG/SV-6XXX-VCR.ir,SV-6XXX-VCR,SV-6XXX-VCR,0.45,inventory.model,False,[],True
59118fd1ff550da5,_Converted_/IR_Plus/S/SAMSUNG/SV-DVD3E.ir,SV-DVD3E,SV-DVD3E,0.45,inventory.model,False,[],True
29f74a91ae628252,_Converted_/IR_Plus/S/SAMSUNG/TM-59.ir,TM-59,TM-59,0.45,inventory.model,False,[],True
84a0c6962c3b4813,_Converted_/IR_Plus/S/SANSUI/RZ-7700AV.ir,RZ-7700AV,RZ-7700AV,0.45,inventory.model,False,[],True
b5c749859e63fded,_Converted_/IR_Plus/S/SANYO/AVM-2052.ir,AVM-2052,AVM-2052,0.45,inventory.model,False,[],True
d47a91c6381c838a,_Converted_/IR_Plus/S/SANYO/PLV-Series.ir,PLV-Series,,0.0,,False,[],True
50807499c23d355b,_Converted_/IR_Plus/S/SANYO/PLV-Z4.ir,PLV-Z4,PLV-Z4,0.45,inventory.model,False,[],True
15c8f862f74d5e9a,_Converted_/IR_Plus/S/SANYO/RB-DA70.ir,RB-DA70,RB-DA70,0.45,inventory.model,False,[],True
24caffc9f637573d,_Converted_/IR_Plus/S/SANYO/TV.ir,TV,,0.0,,False,[],True
262fca96359f43e8,_Converted_/IR_Plus/S/SCEPTRE/TV.ir,TV,,0.0,,False,[],True
2c7d79a74a3bd16c,_Converted_/IR_Plus/S/SCHAUB-LORENZ/DV4200.ir,DV4200,DV4200,0.45,inventory.model,False,[],True
62cd4e4416bb600a,_Converted_/IR_Plus/S/SCHAUB-LORENZ/DVD-2006.ir,DVD-2006,DVD-2006,0.45,inventory.model,False,[],True
af98597ffc8cb976,_Converted_/IR_Plus/S/SCHAUB-LORENZ/DVD-Generic.ir,DVD-Generic,,0.0,,False,[],True
1d9b1c9be2820f58,_Converted_/IR_Plus/S/SCHAUB-LORENZ/LT20-20101BI.ir,LT20-20101BI,LT20-20101BI,0.45,inventory.model,False,[],True
111c000d7695554f,_Converted_/IR_Plus/S/SCHWAIGER/DCR600.ir,DCR600,DCR600,0.45,inventory.model,False,[],True
0ca661448327f2ea,_Converted_/IR_Plus/S/SCHWAIGER/DSR 6902 HDPL.ir,DSR 6902 HDPL,DSR_6902_HDPL,0.45,inventory.model,False,[],True
d9b2d2230150a2bc,_Converted_/IR_Plus/S/SCHWAIGER/DSR5020.ir,DSR5020,DSR5020,0.45,inventory.model,False,[],True
57bac4d96359fe26,_Converted_/IR_Plus/S/SCHWAIGER/DSR510.ir,DSR510,DSR510,0.45,inventory.model,False,[],True
5696c233bb6d0ded,_Converted_/IR_Plus/S/SCHWAIGER/DSR581HD.ir,DSR581HD,DSR581HD,0.45,inventory.model,False,[],True
a61e0e6f11a1b130,_Converted_/IR_Plus/S/SCHWAIGER/DSR_6020.ir,DSR_6020,DSR_6020,0.45,inventory.model,False,[],True
89f48b96c9c1315b,_Converted_/IR_Plus/S/SCIENTIFIC-ATLANTA/8610.ir,8610,,0.0,,False,[],True
8c5678594ccf2154,_Converted_/IR_Plus/S/SCIENTIFIC-ATLANTA/D9385.ir,D9385,D9385,0.45,inventory.model,False,[],True
72681655d0c7fc8c,_Converted_/IR_Plus/S/SEG/Bergamo.ir,Bergamo,,0.0,,False,[],True
f17f70d64199f650,_Converted_/IR_Plus/S/SEG/DSR-Unknown.ir,DSR-Unknown,,0.0,,False,[],True
a9457d7366c7af46,_Converted_/IR_Plus/S/SEG/DVD-430.ir,DVD-430,DVD-430,0.45,inventory.model,False,[],True
b40a33a5c64a7dc7,_Converted_/IR_Plus/S/SEG/DVD-Codes1.ir,DVD-Codes1,DVD-Codes1,0.45,inventory.model,False,[],True
7365d85254aa449a,_Converted_/IR_Plus/S/SEG/DVD-Codes2.ir,DVD-Codes2,DVD-Codes2,0.45,inventory.model,False,[],True
b938a3058225846f,_Converted_/IR_Plus/S/SEG/LED-TV.ir,LED-TV,,0.0,,False,[],True
644b64482589c3e8,_Converted_/IR_Plus/S/SEG/Nevada.ir,Nevada,,0.0,,False,[],True
f4047e91d63391c3,_Converted_/IR_Plus/S/SEIKI/TV1.ir,TV1,TV1,0.45,inventory.model,False,[],True
5a36ff3248f06b65,_Converted_/IR_Plus/S/SEIKI/TV2.ir,TV2,TV2,0.45,inventory.model,False,[],True
2a7731ad749e3d9f,_Converted_/IR_Plus/S/SEIKI/TV3.ir,TV3,TV3,0.45,inventory.model,False,[],True
c251d5291bcec0f6,_Converted_/IR_Plus/S/SETONE/Easyone HX 40 HD.ir,Easyone HX 40 HD,Easyone_HX_40_HD,0.45,inventory.model,False,[],True
c22e748b200ffc14,_Converted_/IR_Plus/S/SETONE/Easyone HX 40.ir,Easyone HX 40,Easyone_HX_40,0.45,inventory.model,False,[],True
6c175de4bec7e023,_Converted_/IR_Plus/S/SETONE/Easyone T7.ir,Easyone T7,Easyone_T7,0.45,inventory.model,False,[],True
ba7c7112f78947a3,_Converted_/IR_Plus/S/SHARP/GA538WJSA.ir,GA538WJSA,GA538WJSA,0.45,inventory.model,False,[],True
bd7e8f18cd6ec71a,_Converted_/IR_Plus/S/SHARP/GA857WJSA.ir,GA857WJSA,GA857WJSA,0.45,inventory.model,False,[],True
a703358b35b0f10b,_Converted_/IR_Plus/S/SHARP/GJ210.ir,GJ210,GJ210,0.45,inventory.model,False,[],True
8f9acba8f600a0d8,_Converted_/IR_Plus/S/SHARP/HT-SB200.ir,HT-SB200,HT-SB200,0.45,inventory.model,False,[],True
be22aff5b004569a,_Converted_/IR_Plus/S/SHARP/LC-40LE820X.ir,LC-40LE820X,LC-40LE820X,0.45,inventory.model,False,[],True
883c6b7a68cea314,_Converted_/IR_Plus/S/SHARP/LC-46SB57UN.ir,LC-46SB57UN,LC-46SB57UN,0.45,inventory.model,False,[],True
ace28a2c32cc5a4b,_Converted_/IR_Plus/S/SHARP/RRMCG A375 WJSA.ir,RRMCG A375 WJSA,A375,0.45,inventory.model,False,[],True
af959eeb8dab5196,_Converted_/IR_Plus/S/SHARP/TV-DVD-Combo.ir,TV-DVD-Combo,,0.0,,False,[],True
026a9dde4ea30f9a,_Converted_/IR_Plus/S/SHARP/TV-Generic.ir,TV-Generic,,0.0,,False,[],True
5b07bda79fdecd9e,_Converted_/IR_Plus/S/SHARP/XL-Serie.ir,XL-Serie,,0.0,,False,[],True
26caccab96d2c00f,_Converted_/IR_Plus/S/SHERWOOD/AX-4050R.ir,AX-4050R,AX-4050R,0.45,inventory.model,False,[],True
942f55bdd2c09e0c,_Converted_/IR_Plus/S/SHINELCO/DTD 209.ir,DTD 209,DTD_209,0.45,inventory.model,False,[],True
5660f89f46314931,_Converted_/IR_Plus/S/SHINELCO/DTI 101.ir,DTI 101,DTI_101,0.45,inventory.model,False,[],True
7c799ca9b29ceb3d,_Converted_/IR_Plus/S/SHINELCO/DXV-6969.ir,DXV-6969,DXV-6969,0.45,inventory.model,False,[],True
40f67662265b12d8,_Converted_/IR_Plus/S/SHINELCO/TVL-1540.ir,TVL-1540,TVL-1540,0.45,inventory.model,False,[],True
a1354d7211f87c3d,_Converted_/IR_Plus/S/SHINELCO/TVL-1931.ir,TVL-1931,TVL-1931,0.45,inventory.model,False,[],True
919d7ffd313750b6,_Converted_/IR_Plus/S/SHINELCO/TVL-1951CI.ir,TVL-1951CI,TVL-1951CI,0.45,inventory.model,False,[],True
d7e671791b309e35,_Converted_/IR_Plus/S/SHINELCO/TVL-2021.ir,TVL-2021,TVL-2021,0.45,inventory.model,False,[],True
fd3bce4548a278ba,_Converted_/IR_Plus/S/SHINIL/Fan.ir,Fan,,0.0,,False,[],True
66e4be114af52fd1,_Converted_/IR_Plus/S/SIEMENS/360DVBT.ir,360DVBT,360DVBT,0.45,inventory.model,False,[],True
a2456b57aa0bc56d,_Converted_/IR_Plus/S/SIEMENS/M740AV.ir,M740AV,M740AV,0.45,inventory.model,False,[],True
feab77d4a1a803bd,_Converted_/IR_Plus/S/SILVERCREST/DP-5300X.ir,DP-5300X,DP-5300X,0.45,inventory.model,False,[],True
20f76885fde0a292,_Converted_/IR_Plus/S/SILVERCREST/SL65-T.ir,SL65-T,SL65-T,0.45,inventory.model,False,[],True
02d90da8d8f983f9,_Converted_/IR_Plus/S/SILVERCREST/SSR 1080 B2.ir,SSR 1080 B2,SSR_1080_B2,0.45,inventory.model,False,[],True
1904644d02860635,_Converted_/IR_Plus/S/SINUDYNE/SY-U32K300.ir,SY-U32K300,SY-U32K300,0.45,inventory.model,False,[],True
3326be458c94baab,_Converted_/IR_Plus/S/SKY/DRX892.ir,DRX892,DRX892,0.45,inventory.model,False,[],True
c0bc91367d43e519,_Converted_/IR_Plus/S/SKY/MySkyHD.ir,MySkyHD,,0.0,,False,[],True
59201a086d3b4e36,_Converted_/IR_Plus/S/SKY/PACE S-HD1.ir,PACE S-HD1,S-HD1,0.45,inventory.model,False,[],True
2aa2e10dc2ca826d,_Converted_/IR_Plus/S/SKY/PACE S-HD3.ir,PACE S-HD3,S-HD3,0.45,inventory.model,False,[],True
8139e1d49afdf567,_Converted_/IR_Plus/S/SKY/SKY+HD.ir,SKY+HD,,0.0,,False,[],True
04383b7b6b6ae441,_Converted_/IR_Plus/S/SKY/SKY+UK.ir,SKY+UK,,0.0,,False,[],True
ab5be271ef44f420,_Converted_/IR_Plus/S/SKYMASTER/DX24.ir,DX24,DX24,0.45,inventory.model,False,[],True
07bb5993d6fa1466,_Converted_/IR_Plus/S/SKYMASTER/DX5.ir,DX5,DX5,0.45,inventory.model,False,[],True
9b3d625cb236131d,_Converted_/IR_Plus/S/SKYMASTER/DX7.ir,DX7,DX7,0.45,inventory.model,False,[],True
98d7fff05b08a27e,_Converted_/IR_Plus/S/SKYMASTER/DXH.ir,DXH,,0.0,,False,[],True
680c79cac1d7dd3c,_Converted_/IR_Plus/S/SMART/CX-Series.ir,CX-Series,,0.0,,False,[],True
e6361be653fec8cf,_Converted_/IR_Plus/S/SMART/CX75.ir,CX75,CX75,0.45,inventory.model,False,[],True
0a072e98f9c066dd,_Converted_/IR_Plus/S/SMART/MX40.ir,MX40,MX40,0.45,inventory.model,False,[],True
013ddf7c077e66e1,_Converted_/IR_Plus/S/SMART/MX83.ir,MX83,MX83,0.45,inventory.model,False,[],True
8fe20b43c84bf1aa,_Converted_/IR_Plus/S/SMART/Mirage CX06.ir,Mirage CX06,CX06,0.45,inventory.model,False,[],True
99f330eb6639120d,_Converted_/IR_Plus/S/SMART/Projector.ir,Projector,,0.0,,False,[],True
fae9d0151cb5e6b0,_Converted_/IR_Plus/S/SMART/VX10.ir,VX10,VX10,0.45,inventory.model,False,[],True
1796aa6893d4643d,_Converted_/IR_Plus/S/SONY/A6300.ir,A6300,A6300,0.45,inventory.model,False,[],True
ca0ab30a48182c98,_Converted_/IR_Plus/S/SONY/BDV-Series.ir,BDV-Series,,0.0,,False,[],True
e4c050095dfcba72,_Converted_/IR_Plus/S/SONY/BluRay-Generic.ir,BluRay-Generic,,0.0,,False,[],True
164e758805aa9b60,_Converted_/IR_Plus/S/SONY/CAMERA.ir,CAMERA,,0.0,,False,[],True
b858184761ba727f,_Converted_/IR_Plus/S/SONY/CMT-Series.ir,CMT-Series,,0.0,,False,[],True
94bb4a6ef129f9f9,_Converted_/IR_Plus/S/SONY/DAV-Series.ir,DAV-Series,,0.0,,False,[],True
a8cb52df712cc7a8,_Converted_/IR_Plus/S/SONY/DSP-EP9ES.ir,DSP-EP9ES,DSP-EP9ES,0.45,inventory.model,False,[],True
bc64b976c6778afb,_Converted_/IR_Plus/S/SONY/DVP-NS.ir,DVP-NS,,0.0,,False,[],True
7ac208360e4e511f,_Converted_/IR_Plus/S/SONY/GTK-XB7.ir,GTK-XB7,GTK-XB7,0.45,inventory.model,False,[],True
8f7bf205c3123758,_Converted_/IR_Plus/S/SONY/HCT-Soundbar.ir,HCT-Soundbar,,0.0,,False,[],True
8625f808bd423c33,_Converted_/IR_Plus/S/SONY/MHC-BX.ir,MHC-BX,,0.0,,False,[],True
52a282224b866ae4,_Converted_/IR_Plus/S/SONY/RDR-DVD-Recorder.ir,RDR-DVD-Recorder,,0.0,,False,[],True
2856ff357dbf996c,_Converted_/IR_Plus/S/SONY/RDR-HX-DVD-Rec.ir,RDR-HX-DVD-Rec,,0.0,,False,[],True
121745fa61724363,_Converted_/IR_Plus/S/SONY/RM-2001.ir,RM-2001,RM-2001,0.45,inventory.model,False,[],True
cf1b1dc409f6a2f7,_Converted_/IR_Plus/S/SONY/RM-845P.ir,RM-845P,RM-845P,0.45,inventory.model,False,[],True
698e373e23bf922b,_Converted_/IR_Plus/S/SONY/RM-AMU096.ir,RM-AMU096,RM-AMU096,0.45,inventory.model,False,[],True
93726e948908e0ed,_Converted_/IR_Plus/S/SONY/RM-AUU013.ir,RM-AUU013,RM-AUU013,0.45,inventory.model,False,[],True
c966904f33e271ff,_Converted_/IR_Plus/S/SONY/RM-D57A.ir,RM-D57A,RM-D57A,0.45,inventory.model,False,[],True
f936bea58d5c4113,_Converted_/IR_Plus/S/SONY/RM-D7M.ir,RM-D7M,RM-D7M,0.45,inventory.model,False,[],True
2850407631e8f39f,_Converted_/IR_Plus/S/SONY/RM-ED006.ir,RM-ED006,RM-ED006,0.45,inventory.model,False,[],True
704da6f42c5e94de,_Converted_/IR_Plus/S/SONY/RM-ED035.ir,RM-ED035,RM-ED035,0.45,inventory.model,False,[],True
345f399a592c5f60,_Converted_/IR_Plus/S/SONY/RM-ED044.ir,RM-ED044,RM-ED044,0.45,inventory.model,False,[],True
3b86e9e6920f75ca,_Converted_/IR_Plus/S/SONY/RM-LG112.ir,RM-LG112,RM-LG112,0.45,inventory.model,False,[],True
53888de01beb1966,_Converted_/IR_Plus/S/SONY/RM-P362.ir,RM-P362,RM-P362,0.45,inventory.model,False,[],True
860e98211fdc9fe9,_Converted_/IR_Plus/S/SONY/RM-S150.ir,RM-S150,RM-S150,0.45,inventory.model,False,[],True
0374309d4f794242,_Converted_/IR_Plus/S/SONY/RM-S300EASY.ir,RM-S300EASY,RM-S300EASY,0.45,inventory.model,False,[],True
a61c03fe60ab7580,_Converted_/IR_Plus/S/SONY/RM-S315.ir,RM-S315,RM-S315,0.45,inventory.model,False,[],True
f4f9995478d9f2c8,_Converted_/IR_Plus/S/SONY/RM-S325.ir,RM-S325,RM-S325,0.45,inventory.model,False,[],True
853fa0e7289d5efa,_Converted_/IR_Plus/S/SONY/RM-S703.ir,RM-S703,RM-S703,0.45,inventory.model,False,[],True
7ef49a5977b7ea87,_Converted_/IR_Plus/S/SONY/RM-SCP100.ir,RM-SCP100,RM-SCP100,0.45,inventory.model,False,[],True
5bd0d8dc24869a6c,_Converted_/IR_Plus/S/SONY/RM-SR210.ir,RM-SR210,RM-SR210,0.45,inventory.model,False,[],True
b6914ca42cccf765,_Converted_/IR_Plus/S/SONY/RM-SR8.ir,RM-SR8,RM-SR8,0.45,inventory.model,False,[],True
fb2f54d16a91e4a2,_Converted_/IR_Plus/S/SONY/RM-SV236.ir,RM-SV236,RM-SV236,0.45,inventory.model,False,[],True
06310059d9574124,_Converted_/IR_Plus/S/SONY/RM-U185.ir,RM-U185,RM-U185,0.45,inventory.model,False,[],True
bc83ec761e859843,_Converted_/IR_Plus/S/SONY/RM-U25.ir,RM-U25,RM-U25,0.45,inventory.model,False,[],True
4f2c90bdd25c629d,_Converted_/IR_Plus/S/SONY/RM-U305.ir,RM-U305,RM-U305,0.45,inventory.model,False,[],True
148dac645421967f,_Converted_/IR_Plus/S/SONY/RM-X231.ir,RM-X231,RM-X231,0.45,inventory.model,False,[],True
cc23fb5bac74568b,_Converted_/IR_Plus/S/SONY/RMT-AH300U.ir,RMT-AH300U,RMT-AH300U,0.45,inventory.model,False,[],True
d6e639cf57e33e2a,_Converted_/IR_Plus/S/SONY/RMT-B119A.ir,RMT-B119A,RMT-B119A,0.45,inventory.model,False,[],True
47f86fd7ebe74eb9,_Converted_/IR_Plus/S/SONY/RMT-CF15CPAD.ir,RMT-CF15CPAD,RMT-CF15CPAD,0.45,inventory.model,False,[],True
628fe8dbd6d51595,_Converted_/IR_Plus/S/SONY/RMT-V164A.ir,RMT-V164A,RMT-V164A,0.45,inventory.model,False,[],True
ed6c6c56115210b9,_Converted_/IR_Plus/S/SONY/RMT-V250K.ir,RMT-V250K,RMT-V250K,0.45,inventory.model,False,[],True
3a1fd2c93f9177df,_Converted_/IR_Plus/S/SONY/SA-CT-Series.ir,SA-CT-Series,,0.0,,False,[],True
38c142cae1bbd0b6,_Converted_/IR_Plus/S/SONY/SLV-D-VCR-DVD.ir,SLV-D-VCR-DVD,,0.0,,False,[],True
baaad963b7ea0db6,_Converted_/IR_Plus/S/SONY/SMP-N100.ir,SMP-N100,SMP-N100,0.45,inventory.model,False,[],True
41175a461e4c9528,_Converted_/IR_Plus/S/SONY/ST-SA5-ES.ir,ST-SA5-ES,ST-SA5-ES,0.45,inventory.model,False,[],True
c3bf6924dec64f58,_Converted_/IR_Plus/S/SONY/STR-DA50ES.ir,STR-DA50ES,STR-DA50ES,0.45,inventory.model,False,[],True
aa7f0f14c7016f83,_Converted_/IR_Plus/S/SONY/STR-DB2000.ir,STR-DB2000,STR-DB2000,0.45,inventory.model,False,[],True
a47e424ce54fed04,_Converted_/IR_Plus/S/SONY/STR-DB890.ir,STR-DB890,STR-DB890,0.45,inventory.model,False,[],True
84637addf3351ed8,_Converted_/IR_Plus/S/SONY/STR-DE495.ir,STR-DE495,STR-DE495,0.45,inventory.model,False,[],True
2609f0c3b2e13454,_Converted_/IR_Plus/S/SONY/TV.ir,TV,,0.0,,False,[],True
09c3741aa2c715d5,_Converted_/IR_Plus/S/SOUNDGRAPH/iMon.ir,iMon,,0.0,,False,[],True
3fec67abf06fcbfc,_Converted_/IR_Plus/S/SOYO/TV-Konka2.ir,TV-Konka2,TV-Konka2,0.45,inventory.model,False,[],True
2e28beaf28d9df6d,_Converted_/IR_Plus/S/SOYO/TV-NEC0.ir,TV-NEC0,TV-NEC0,0.45,inventory.model,False,[],True
f23d61ade46ae5dc,_Converted_/IR_Plus/S/SOYO/TV-NEC3.ir,TV-NEC3,TV-NEC3,0.45,inventory.model,False,[],True
054b1f61e2f06d47,_Converted_/IR_Plus/S/STAR SAT/SR-X 1400D.ir,SR-X 1400D,1400D,0.45,inventory.model,False,[],True
cf97035858677c91,_Converted_/IR_Plus/S/STAR SAT/SR-X 1500D MKII.ir,SR-X 1500D MKII,1500D,0.45,inventory.model,False,[],True
a64e9f98faae131a,_Converted_/IR_Plus/S/STARMAX/DVB.ir,DVB,,0.0,,False,[],True
ec54ca2e797d19cb,_Converted_/IR_Plus/S/STARSAT/120.ir,120,,0.0,,False,[],True
1eaa5f773f806ef9,_Converted_/IR_Plus/S/STARSAT/SR-C10.ir,SR-C10,SR-C10,0.45,inventory.model,False,[],True
c2db0aa89c2bc028,_Converted_/IR_Plus/S/STARSAT/SR-X 1500D.ir,SR-X 1500D,1500D,0.45,inventory.model,False,[],True
b160eb4dd2ff7cd1,_Converted_/IR_Plus/S/STARSAT/SR2000HD.ir,SR2000HD,SR2000HD,0.45,inventory.model,False,[],True
c75c875a83fe2d50,_Converted_/IR_Plus/S/STARTRACK/DVR.ir,DVR,,0.0,,False,[],True
086ad4047992d1f8,_Converted_/IR_Plus/S/STOREX/StoryDisk.ir,StoryDisk,,0.0,,False,[],True
ec15ef6c33c8bebe,_Converted_/IR_Plus/S/STRONG/PRIMA IV.ir,PRIMA IV,,0.0,,False,[],True
ed8a1e10eb027593,_Converted_/IR_Plus/S/STRONG/PVR DVB.ir,PVR DVB,,0.0,,False,[],True
b6c69504e3b53d78,_Converted_/IR_Plus/S/STRONG/SRT40FX4003-TV.ir,SRT40FX4003-TV,SRT40FX4003-TV,0.45,inventory.model,False,[],True
3d34bde6b4d92ef3,_Converted_/IR_Plus/S/STRONG/SRT5222.ir,SRT5222,SRT5222,0.45,inventory.model,False,[],True
8ce99902f8fcc844,_Converted_/IR_Plus/S/STRONG/SRT5301.ir,SRT5301,SRT5301,0.45,inventory.model,False,[],True
a23561e91c4ee8b4,_Converted_/IR_Plus/S/STRONG/SRT7004.ir,SRT7004,SRT7004,0.45,inventory.model,False,[],True
6537b2cff29917fe,_Converted_/IR_Plus/S/STRONG/SRT7805.ir,SRT7805,SRT7805,0.45,inventory.model,False,[],True
2804bcc4c535631b,_Converted_/IR_Plus/S/STRONG/SRT8100.ir,SRT8100,SRT8100,0.45,inventory.model,False,[],True
58578997d909de80,_Converted_/IR_Plus/S/STRONG/SRT8102.ir,SRT8102,SRT8102,0.45,inventory.model,False,[],True
6fbd28ca75dd8821,_Converted_/IR_Plus/S/STRONG/SRT8540.ir,SRT8540,SRT8540,0.45,inventory.model,False,[],True
d756240098ce0dbb,_Converted_/IR_Plus/S/STRONG/ZapBox.ir,ZapBox,,0.0,,False,[],True
47266e3959880e2f,_Converted_/IR_Plus/S/SUMMIT/SCI 5300.ir,SCI 5300,SCI_5300,0.45,inventory.model,False,[],True
e9220531387eab69,_Converted_/IR_Plus/S/SUMVISION/Micro.ir,Micro,,0.0,,False,[],True
8c441dabb6296b88,_Converted_/IR_Plus/S/SUPERBOX/Smart Mini HD.ir,Smart Mini HD,,0.0,,False,[],True
82d0610011d4fa6a,_Converted_/IR_Plus/S/SVA/TV.ir,TV,,0.0,,False,[],True
110751903083b075,_Converted_/IR_Plus/S/SVEN/HA-430T.ir,HA-430T,HA-430T,0.45,inventory.model,False,[],True
8aca56f11c0d378d,_Converted_/IR_Plus/S/SVEN/HR-919.ir,HR-919,HR-919,0.45,inventory.model,False,[],True
387d878a73862ff0,_Converted_/IR_Plus/S/SVEN/HT-475.ir,HT-475,HT-475,0.45,inventory.model,False,[],True
a2b5e22adefa3837,_Converted_/IR_Plus/S/SVEN/IHOO MT 5.1R.ir,IHOO MT 5.1R,5.1R,0.45,inventory.model,False,[],True
bd0ed1207359130d,_Converted_/IR_Plus/S/SWISSCOM/TV2.0.ir,TV2.0,TV2.0,0.45,inventory.model,False,[],True
a3d8438dd8b3e38c,_Converted_/IR_Plus/S/SYLVANIA/DVDVCR.ir,DVDVCR,,0.0,,False,[],True
5d0dd606caea33d1,_Converted_/IR_Plus/S/SYLVANIA/TV.ir,TV,,0.0,,False,[],True
835b0be3da781d19,_Converted_/IR_Plus/S/Streamzap/PC Remote.ir,PC Remote,,0.0,,False,[],True
58552b16fb837acb,_Converted_/IR_Plus/T/T+A/F6.ir,F6,,0.0,,False,[],True
3d88d1f8abb37ba2,_Converted_/IR_Plus/T/T+A/RCII.ir,RCII,,0.0,,False,[],True
355a75c566121fc8,_Converted_/IR_Plus/T/TARGA/DP-5200X.ir,DP-5200X,DP-5200X,0.45,inventory.model,False,[],True
f1d133b504c49cc0,_Converted_/IR_Plus/T/TATA SKY/DVB-TYPE1.ir,DVB-TYPE1,DVB-TYPE1,0.45,inventory.model,False,[],True
1eeef3df2105af60,_Converted_/IR_Plus/T/TCL/3D-TV.ir,3D-TV,3D-TV,0.45,inventory.model,False,[],True
e2d8fe978d3c7a48,_Converted_/IR_Plus/T/TCL/Roku.ir,Roku,,0.0,,False,[],True
b74a9d98dd642630,_Converted_/IR_Plus/T/TEAC/A-H-Series.ir,A-H-Series,,0.0,,False,[],True
60cec4d4d38f2130,_Converted_/IR_Plus/T/TEAC/A-H300.ir,A-H300,A-H300,0.45,inventory.model,False,[],True
b0b742a279277405,_Converted_/IR_Plus/T/TEAC/AG10D.ir,AG10D,AG10D,0.45,inventory.model,False,[],True
44ac2aed9dfbaf51,_Converted_/IR_Plus/T/TEAC/CDP-1440.ir,CDP-1440,CDP-1440,0.45,inventory.model,False,[],True
774c56408bf74b42,_Converted_/IR_Plus/T/TEAC/LED-TV.ir,LED-TV,,0.0,,False,[],True
f5230fa3f23d003e,_Converted_/IR_Plus/T/TEAC/MC-DX90i.ir,MC-DX90i,MC-DX90i,0.45,inventory.model,False,[],True
d5a8bce35975302c,_Converted_/IR_Plus/T/TEAC/PD-D900.ir,PD-D900,PD-D900,0.45,inventory.model,False,[],True
53f72beb9036d831,_Converted_/IR_Plus/T/TEAC/RC-1091.ir,RC-1091,RC-1091,0.45,inventory.model,False,[],True
450419049c289100,_Converted_/IR_Plus/T/TEAC/RC-881.ir,RC-881,RC-881,0.45,inventory.model,False,[],True
c2bff29fbb84b2ca,_Converted_/IR_Plus/T/TEAC/SR-100i.ir,SR-100i,SR-100i,0.45,inventory.model,False,[],True
6d0cb7588731d3df,_Converted_/IR_Plus/T/TEAC/TV-Code2.ir,TV-Code2,TV-Code2,0.45,inventory.model,False,[],True
043ea0d84f9199e5,_Converted_/IR_Plus/T/TECHNICOLOR/DCI804.ir,DCI804,DCI804,0.45,inventory.model,False,[],True
f5a72b712c0374ec,_Converted_/IR_Plus/T/TECHNICOLOR/DCI804HOT.ir,DCI804HOT,DCI804HOT,0.45,inventory.model,False,[],True
779464b4afc52409,_Converted_/IR_Plus/T/TECHNICOLOR/TC7200.ir,TC7200,TC7200,0.45,inventory.model,False,[],True
a38eba8638797369,_Converted_/IR_Plus/T/TECHNICS/SA-DX-Series.ir,SA-DX-Series,,0.0,,False,[],True
d1dbf820f77a520a,_Converted_/IR_Plus/T/TECHNICS/SA-GX230D.ir,SA-GX230D,SA-GX230D,0.45,inventory.model,False,[],True
0b31674865362196,_Converted_/IR_Plus/T/TECHNICS/SA-R230 SA-R330 (EUR64758).ir,SA-R230 SA-R330 (EUR64758),SA-R230,0.45,inventory.model,False,[],True
024a58b068110f09,_Converted_/IR_Plus/T/TECHNICS/SL-P-Series.ir,SL-P-Series,,0.0,,False,[],True
63882f9c1147325b,_Converted_/IR_Plus/T/TECHNICS/SL-PS700.ir,SL-PS700,SL-PS700,0.45,inventory.model,False,[],True
10802fe4c78973fb,_Converted_/IR_Plus/T/TECHNICS/SUA700.ir,SUA700,SUA700,0.45,inventory.model,False,[],True
8f4abddafcc96cac,_Converted_/IR_Plus/T/TECHNIKA/DVD1.ir,DVD1,DVD1,0.45,inventory.model,False,[],True
f8e69fd258807a7c,_Converted_/IR_Plus/T/TECHNIKA/DVD2.ir,DVD2,DVD2,0.45,inventory.model,False,[],True
de14aa907e308472,_Converted_/IR_Plus/T/TECHNISAT/DIGIT HD8+.ir,DIGIT HD8+,HD8+,0.45,inventory.model,False,[],True
bac678951e9a768b,_Converted_/IR_Plus/T/TECHNISAT/DIGIT S2.ir,DIGIT S2,DIGIT_S2,0.45,inventory.model,False,[],True
0ce8eea6f4b750c4,_Converted_/IR_Plus/T/TECHNISAT/Digit CCI.ir,Digit CCI,,0.0,,False,[],True
fd51d853077b237f,_Converted_/IR_Plus/T/TECHNISAT/DigitRadio 400.ir,DigitRadio 400,DigitRadio_400,0.45,inventory.model,False,[],True
e3f462bdf20df6b4,_Converted_/IR_Plus/T/TECHNISAT/FBDVR401.ir,FBDVR401,FBDVR401,0.45,inventory.model,False,[],True
170bac86fd542bab,_Converted_/IR_Plus/T/TECHNISAT/FBPNA35.ir,FBPNA35,FBPNA35,0.45,inventory.model,False,[],True
1b212738e0e89b06,_Converted_/IR_Plus/T/TECHNISAT/FBTV235S-SAT1.ir,FBTV235S-SAT1,FBTV235S-SAT1,0.45,inventory.model,False,[],True
1433a4901582578d,_Converted_/IR_Plus/T/TECHNISAT/FBTV235S-SAT2.ir,FBTV235S-SAT2,FBTV235S-SAT2,0.45,inventory.model,False,[],True
da7f10a19e5ccc63,_Converted_/IR_Plus/T/TECHNISAT/FBTV235S-TV.ir,FBTV235S-TV,FBTV235S-TV,0.45,inventory.model,False,[],True
9e25e0a422afe78f,_Converted_/IR_Plus/T/TECHNISAT/TS35.ir,TS35,TS35,0.45,inventory.model,False,[],True
3f0a903b5d4a5ff8,_Converted_/IR_Plus/T/TECHNISAT/TechniMax T1.ir,TechniMax T1,TechniMax_T1,0.45,inventory.model,False,[],True
4bb9a1b8201b78a3,_Converted_/IR_Plus/T/TECHNISAT/TechniStar S2.ir,TechniStar S2,TechniStar_S2,0.45,inventory.model,False,[],True
5a6861fcd138c85e,_Converted_/IR_Plus/T/TECHNISAT/Viola HD S1.ir,Viola HD S1,Viola_HD_S1,0.45,inventory.model,False,[],True
8b9ef9af0588775e,_Converted_/IR_Plus/T/TECHNOIT/FACILE123.ir,FACILE123,FACILE123,0.45,inventory.model,False,[],True
cadc632ffa1f1624,_Converted_/IR_Plus/T/TECHNOSAT/DVB1.ir,DVB1,DVB1,0.45,inventory.model,False,[],True
c020396688f37007,_Converted_/IR_Plus/T/TECHNOTREND/TTmicroC274.ir,TTmicroC274,TTmicroC274,0.45,inventory.model,False,[],True
0bc55686a2bd6600,_Converted_/IR_Plus/T/TECHNOTREND/TTmicroC832.ir,TTmicroC832,TTmicroC832,0.45,inventory.model,False,[],True
bb74715da4f6ce35,_Converted_/IR_Plus/T/TECTRO/Air Conditioner TP20.ir,Air Conditioner TP20,TP20,0.45,inventory.model,False,[],True
9aebda4b5b3649e9,_Converted_/IR_Plus/T/TELEFUNKEN/TV-R781FHD.ir,TV-R781FHD,TV-R781FHD,0.45,inventory.model,False,[],True
f02006950b3325d4,_Converted_/IR_Plus/T/TELEKOM/303.ir,303,,0.0,,False,[],True
4a981b52ecd7a095,_Converted_/IR_Plus/T/TELEKOM/Receiver102.ir,Receiver102,Receiver102,0.45,inventory.model,False,[],True
08332a7241ffbcb8,_Converted_/IR_Plus/T/TELESTAR/Teledigi TS1.ir,Teledigi TS1,TS1,0.45,inventory.model,False,[],True
2462a954b746a53e,_Converted_/IR_Plus/T/TELESYSTEM/PALCO 15.ir,PALCO 15,PALCO_15,0.45,inventory.model,False,[],True
32561cfd04139065,_Converted_/IR_Plus/T/TELESYSTEM/PALCO 19-LED 01.ir,PALCO 19-LED 01,19-LED,0.45,inventory.model,False,[],True
f1950f3cb706f1d6,_Converted_/IR_Plus/T/TELESYSTEM/PALCO-22-LED-04.ir,PALCO-22-LED-04,PALCO-22-LED-04,0.45,inventory.model,False,[],True
6eaa551c260ded4f,_Converted_/IR_Plus/T/TELESYSTEM/PALCO-L05.ir,PALCO-L05,PALCO-L05,0.45,inventory.model,False,[],True
f70498a8d36c3e43,_Converted_/IR_Plus/T/TELESYSTEM/PALCO.ir,PALCO,,0.0,,False,[],True
0a99cfdd4466ffa1,_Converted_/IR_Plus/T/TELESYSTEM/PALCO19-L07.ir,PALCO19-L07,PALCO19-L07,0.45,inventory.model,False,[],True
7c3c88e0340e2b41,_Converted_/IR_Plus/T/TELESYSTEM/TS 7.1 DT.ir,TS 7.1 DT,TS_7.1_DT,0.45,inventory.model,False,[],True
983bd66432458d68,_Converted_/IR_Plus/T/TELESYSTEM/TS3.1F.ir,TS3.1F,TS3.1F,0.45,inventory.model,False,[],True
0d097fd0fd9df171,_Converted_/IR_Plus/T/TELESYSTEM/TS3001.ir,TS3001,TS3001,0.45,inventory.model,False,[],True
91017069646ce3cc,_Converted_/IR_Plus/T/TELESYSTEM/TS3002.ir,TS3002,TS3002,0.45,inventory.model,False,[],True
805480dbdd9668df,_Converted_/IR_Plus/T/TELESYSTEM/TS5.3VXB.ir,TS5.3VXB,TS5.3VXB,0.45,inventory.model,False,[],True
f2120ee130190bf5,_Converted_/IR_Plus/T/TELESYSTEM/TS5.6HDMI.ir,TS5.6HDMI,TS5.6HDMI,0.45,inventory.model,False,[],True
be95168a4f898c7e,_Converted_/IR_Plus/T/TELESYSTEM/TS5.9RX.ir,TS5.9RX,TS5.9RX,0.45,inventory.model,False,[],True
17cde69031cb1571,_Converted_/IR_Plus/T/TELESYSTEM/TS5200VXB.ir,TS5200VXB,TS5200VXB,0.45,inventory.model,False,[],True
17c5d876f5131aef,_Converted_/IR_Plus/T/TELESYSTEM/TS6000.ir,TS6000,TS6000,0.45,inventory.model,False,[],True
07665d7b0c8590bd,_Converted_/IR_Plus/T/TELESYSTEM/TS6003.ir,TS6003,TS6003,0.45,inventory.model,False,[],True
b850b64aebb5aa49,_Converted_/IR_Plus/T/TELESYSTEM/TS6006 Stealth.ir,TS6006 Stealth,TS6006,0.45,inventory.model,False,[],True
ea51f4a78f717bba,_Converted_/IR_Plus/T/TELESYSTEM/TS6101DT.ir,TS6101DT,TS6101DT,0.45,inventory.model,False,[],True
0355054d4ef7ab25,_Converted_/IR_Plus/T/TELESYSTEM/TS6201DT.ir,TS6201DT,TS6201DT,0.45,inventory.model,False,[],True
5299ce959c2a4b81,_Converted_/IR_Plus/T/TELESYSTEM/TS6209DT.ir,TS6209DT,TS6209DT,0.45,inventory.model,False,[],True
9390ed4647c3aa58,_Converted_/IR_Plus/T/TELESYSTEM/TS6211.ir,TS6211,TS6211,0.45,inventory.model,False,[],True
f7b7acfddd6dfdc8,_Converted_/IR_Plus/T/TELESYSTEM/TS6282.ir,TS6282,TS6282,0.45,inventory.model,False,[],True
c4c49333df4337e9,_Converted_/IR_Plus/T/TELESYSTEM/TS6284.ir,TS6284,TS6284,0.45,inventory.model,False,[],True
1cdd6645494cf50b,_Converted_/IR_Plus/T/TELESYSTEM/TS6290.ir,TS6290,TS6290,0.45,inventory.model,False,[],True
14641db07ac3ea48,_Converted_/IR_Plus/T/TELESYSTEM/TS6512HD.ir,TS6512HD,TS6512HD,0.45,inventory.model,False,[],True
e6caab0b72893b8e,_Converted_/IR_Plus/T/TELESYSTEM/TS6808.ir,TS6808,TS6808,0.45,inventory.model,False,[],True
85dfb41f8e2d953f,_Converted_/IR_Plus/T/TELESYSTEM/TS7000MHP.ir,TS7000MHP,TS7000MHP,0.45,inventory.model,False,[],True
9de2d7d54ac472e1,_Converted_/IR_Plus/T/TELESYSTEM/TS7701.ir,TS7701,TS7701,0.45,inventory.model,False,[],True
d142f8a6b29511cd,_Converted_/IR_Plus/T/TELESYSTEM/TS7800HD.ir,TS7800HD,TS7800HD,0.45,inventory.model,False,[],True
f754ac03f27177f8,_Converted_/IR_Plus/T/TELESYSTEM/TS7901HD.ir,TS7901HD,TS7901HD,0.45,inventory.model,False,[],True
9ab2d324fa9c5ca5,_Converted_/IR_Plus/T/TELESYSTEM/TS9000tivu.ir,TS9000tivu,TS9000tivu,0.45,inventory.model,False,[],True
0dc669457b2a4507,_Converted_/IR_Plus/T/TELESYSTEM/TV LCD Young.ir,TV LCD Young,,0.0,,False,[],True
76cd1bd827098213,_Converted_/IR_Plus/T/TELESYSTEM/X 9.1.ir,X 9.1,X_9.1,0.45,inventory.model,False,[],True
41e7d3fd8fc4f591,_Converted_/IR_Plus/T/TELEWIRE/SAT.ir,SAT,,0.0,,False,[],True
87a0cdb541d088ec,_Converted_/IR_Plus/T/TELEWIRE/TW1024.ir,TW1024,TW1024,0.45,inventory.model,False,[],True
3e8eb815e7c48109,_Converted_/IR_Plus/T/TELSKY/Codes1.ir,Codes1,Codes1,0.45,inventory.model,False,[],True
58df2225ad486024,_Converted_/IR_Plus/T/TERRATEC/Cinergy-S2-HD.ir,Cinergy-S2-HD,Cinergy-S2-HD,0.45,inventory.model,False,[],True
c7350fe2f85fbf14,_Converted_/IR_Plus/T/TERRATEC/Cinergy-T2.ir,Cinergy-T2,Cinergy-T2,0.45,inventory.model,False,[],True
3c5c543beda6cef2,_Converted_/IR_Plus/T/TERRATEC/Cinergy-TV.ir,Cinergy-TV,,0.0,,False,[],True
91b8aa0aa64c6788,_Converted_/IR_Plus/T/TERRATEC/Noxon2.ir,Noxon2,Noxon2,0.45,inventory.model,False,[],True
6b17243641af8d47,_Converted_/IR_Plus/T/TERRIS/MCD.ir,MCD,,0.0,,False,[],True
93f38ab5d7e478ec,_Converted_/IR_Plus/T/TERRIS/MDVD224.ir,MDVD224,MDVD224,0.45,inventory.model,False,[],True
60bc05aeec9d67ec,_Converted_/IR_Plus/T/TEUFEL/Cinebar21.ir,Cinebar21,Cinebar21,0.45,inventory.model,False,[],True
fecd56a3cb16f90f,_Converted_/IR_Plus/T/TEUFEL/Cinebar51THX.ir,Cinebar51THX,Cinebar51THX,0.45,inventory.model,False,[],True
a1409f1dd1e019b2,_Converted_/IR_Plus/T/TEUFEL/DecoderStation3.ir,DecoderStation3,DecoderStation3,0.45,inventory.model,False,[],True
f7f41ac18d693cae,_Converted_/IR_Plus/T/TEUFEL/Generic.ir,Generic,,0.0,,False,[],True
d114f6ceaf77b447,_Converted_/IR_Plus/T/TEUFEL/Kombo.ir,Kombo,,0.0,,False,[],True
e963af229700268e,_Converted_/IR_Plus/T/TEUFEL/iDock v3.ir,iDock v3,iDock_v3,0.45,inventory.model,False,[],True
c3ab5dd43f398cfa,_Converted_/IR_Plus/T/TEVION/PVR8005HDD.ir,PVR8005HDD,PVR8005HDD,0.45,inventory.model,False,[],True
5d320a797afaa2d7,_Converted_/IR_Plus/T/THES/LTW-Series.ir,LTW-Series,,0.0,,False,[],True
d5c79d459ff1882d,_Converted_/IR_Plus/T/THES/TL 2651 BDTP.ir,TL 2651 BDTP,TL_2651_BDTP,0.45,inventory.model,False,[],True
d4fd3aebb198c49a,_Converted_/IR_Plus/T/THOMSON/24FS4246C.ir,24FS4246C,24FS4246C,0.45,inventory.model,False,[],True
a3769ccfef5cba33,_Converted_/IR_Plus/T/THOMSON/THS.ir,THS,,0.0,,False,[],True
2d7f7c338cc016bf,_Converted_/IR_Plus/T/THOMSON/THS810.ir,THS810,THS810,0.45,inventory.model,False,[],True
9d951928185fa895,_Converted_/IR_Plus/T/THULE/All-RC5.ir,All-RC5,All-RC5,0.45,inventory.model,False,[],True
2e8d320cdf8fad8d,_Converted_/IR_Plus/T/TIGER/T6.ir,T6,,0.0,,False,[],True
11a21993e0e606a7,_Converted_/IR_Plus/T/TIGER/Z-Series.ir,Z-Series,,0.0,,False,[],True
824ca260a884cb54,_Converted_/IR_Plus/T/TION/O2.ir,O2,,0.0,,False,[],True
bc4e6436c8cf3963,_Converted_/IR_Plus/T/TKOOFN/LED.ir,LED,,0.0,,False,[],True
b5a87501092dc1f9,_Converted_/IR_Plus/T/TOCOM/DVB.ir,DVB,,0.0,,False,[],True
cdf4a0179ec4c0be,_Converted_/IR_Plus/T/TOMATE/DVB.ir,DVB,,0.0,,False,[],True
1bbc020af56b6568,_Converted_/IR_Plus/T/TOPFIELD/SBX3100.ir,SBX3100,SBX3100,0.45,inventory.model,False,[],True
b2a6a68b6a8e2c2d,_Converted_/IR_Plus/T/TOPFIELD/TF3100.ir,TF3100,TF3100,0.45,inventory.model,False,[],True
436577bfd83d7f3a,_Converted_/IR_Plus/T/TOPFIELD/TF5000PVR.ir,TF5000PVR,TF5000PVR,0.45,inventory.model,False,[],True
ce51942eb3cd3ef9,_Converted_/IR_Plus/T/TOPFIELD/TF7160.ir,TF7160,TF7160,0.45,inventory.model,False,[],True
d8b6130e2271b5aa,_Converted_/IR_Plus/T/TOPFIELD/TF7700HSCI.ir,TF7700HSCI,TF7700HSCI,0.45,inventory.model,False,[],True
9a27da632d628414,_Converted_/IR_Plus/T/TOPPING/DX7.ir,DX7,DX7,0.45,inventory.model,False,[],True
d6d79afaa6eedb9d,_Converted_/IR_Plus/T/TOSHIBA/BDX-BluRay.ir,BDX-BluRay,,0.0,,False,[],True
844e18f74f7a0a16,_Converted_/IR_Plus/T/TOSHIBA/CT-90038.ir,CT-90038,CT-90038,0.45,inventory.model,False,[],True
97736cdbc31e8ef4,_Converted_/IR_Plus/T/TOSHIBA/CT-90159.ir,CT-90159,CT-90159,0.45,inventory.model,False,[],True
e93e5f9108499768,_Converted_/IR_Plus/T/TOSHIBA/CT-90287-REGZA.ir,CT-90287-REGZA,CT-90287-REGZA,0.45,inventory.model,False,[],True
808cc9adb06f2e41,_Converted_/IR_Plus/T/TOSHIBA/CT-90287-TV.ir,CT-90287-TV,CT-90287-TV,0.45,inventory.model,False,[],True
e2ba77d6d48c6bab,_Converted_/IR_Plus/T/TOSHIBA/CT-90298.ir,CT-90298,CT-90298,0.45,inventory.model,False,[],True
670ef0f873038553,_Converted_/IR_Plus/T/TOSHIBA/CT-90302.ir,CT-90302,CT-90302,0.45,inventory.model,False,[],True
8a51656aac75223a,_Converted_/IR_Plus/T/TOSHIBA/CT-90326.ir,CT-90326,CT-90326,0.45,inventory.model,False,[],True
17b68cf7a2bd1b8f,_Converted_/IR_Plus/T/TOSHIBA/RDX-V-Series.ir,RDX-V-Series,,0.0,,False,[],True
587eb88d7d67d94b,_Converted_/IR_Plus/T/TOSHIBA/SBX4250.ir,SBX4250,SBX4250,0.45,inventory.model,False,[],True
4e77fd919cbe9d74,_Converted_/IR_Plus/T/TOSHIBA/SD-130ESE1.ir,SD-130ESE1,SD-130ESE1,0.45,inventory.model,False,[],True
616beb3744301e85,_Converted_/IR_Plus/T/TOSHIBA/VX-990.ir,VX-990,VX-990,0.45,inventory.model,False,[],True
28b8bae1855c6228,_Converted_/IR_Plus/T/TREKSTOR/Cepto.ir,Cepto,,0.0,,False,[],True
a8d2ef073879dc60,_Converted_/IR_Plus/T/TREVI/DVB.ir,DVB,,0.0,,False,[],True
71252adbe16a2248,_Converted_/IR_Plus/T/TRONFY/Projector.ir,Projector,,0.0,,False,[],True
826d23410fde47f9,_Converted_/IR_Plus/T/TRUMAN/TM150.ir,TM150,TM150,0.45,inventory.model,False,[],True
bb9c9672550797e2,_Converted_/IR_Plus/T/TV SAMSUNG/BN59-01005A.ir,BN59-01005A,BN59-01005A,0.45,inventory.model,False,[],True
be021fc5b7b4fc46,_Converted_/IR_Plus/T/TacT/Millenium MKII Clean.ir,Millenium MKII Clean,,0.0,,False,[],True
548bf3e5d8d33e6b,_Converted_/IR_Plus/T/TacT/Millennium Amplifier MKII.ir,Millennium Amplifier MKII,,0.0,,False,[],True
a7f56e819a201f44,_Converted_/IR_Plus/T/Triax/S-HD 10.ir,S-HD 10,S-HD_10,0.45,inventory.model,False,[],True
b231ec82b5a92390,_Converted_/IR_Plus/T/Twinhan/Twinhan-DT.ir,Twinhan-DT,,0.0,,False,[],True
0f68f49e5d6c6104,_Converted_/IR_Plus/U/UMC/TV.ir,TV,,0.0,,False,[],True
3b91d32eb1eabca1,_Converted_/IR_Plus/U/UNITED/DVB-1.ir,DVB-1,DVB-1,0.45,inventory.model,False,[],True
4fb14d9f7f8aed08,_Converted_/IR_Plus/U/UNITED/DVB-2.ir,DVB-2,DVB-2,0.45,inventory.model,False,[],True
3bfd098dc710d25d,_Converted_/IR_Plus/U/UNITED/LTW-26X97.ir,LTW-26X97,LTW-26X97,0.45,inventory.model,False,[],True
dd226ec956b11590,_Converted_/IR_Plus/U/UNITED/TV.ir,TV,,0.0,,False,[],True
5cba4585a923a3ba,_Converted_/IR_Plus/U/UNITYMEDIA/HDC.ir,HDC,,0.0,,False,[],True
5d4d66a16dbf8454,_Converted_/IR_Plus/U/UNIVERSUM/DVD.ir,DVD,,0.0,,False,[],True
7be657a94858cf71,_Converted_/IR_Plus/U/UPSTAR/TV1.ir,TV1,TV1,0.45,inventory.model,False,[],True
44bfe94ff782472d,_Converted_/IR_Plus/U/UPSTAR/TV2.ir,TV2,TV2,0.45,inventory.model,False,[],True
ca4fc6594e92dca2,_Converted_/IR_Plus/V/VANTAGE/VT-94-T-HD IR.ir,VT-94-T-HD IR,VT-94-T-HD,0.45,inventory.model,False,[],True
f91c08caba467545,_Converted_/IR_Plus/V/VDC/TV-1902LBD.ir,TV-1902LBD,TV-1902LBD,0.45,inventory.model,False,[],True
d67d7d7348c8b8d8,_Converted_/IR_Plus/V/VELODYNE/RC-536.ir,RC-536,RC-536,0.45,inventory.model,False,[],True
1d0527997f4b211f,_Converted_/IR_Plus/V/VENEX/DVB-T 4040.ir,DVB-T 4040,DVB-T_4040,0.45,inventory.model,False,[],True
f59879ad567a6d9b,_Converted_/IR_Plus/V/VIDEOCON/SAT.ir,SAT,,0.0,,False,[],True
6286d816de5d2d82,_Converted_/IR_Plus/V/VIDEOCON/TV.ir,TV,,0.0,,False,[],True
1f26226d458b69bd,_Converted_/IR_Plus/V/VIESA/E4 Air Conditioner.ir,E4 Air Conditioner,E4_Air_Conditioner,0.45,inventory.model,False,[],True
5518d65c2357f94c,_Converted_/IR_Plus/V/VIEWSONIC/PJ-Series.ir,PJ-Series,,0.0,,False,[],True
92f71f41be53bdae,_Converted_/IR_Plus/V/VIORE/TV-1.ir,TV-1,TV-1,0.45,inventory.model,False,[],True
46544b78fa9d47d1,_Converted_/IR_Plus/V/VISTRON/DVD-5211.ir,DVD-5211,DVD-5211,0.45,inventory.model,False,[],True
f2d00473156fbcff,_Converted_/IR_Plus/V/VISTRON/SAT.ir,SAT,,0.0,,False,[],True
0a32e509be991c23,_Converted_/IR_Plus/V/VIVANCO/VivControl3.ir,VivControl3,VivControl3,0.45,inventory.model,False,[],True
d234f7a5da829c41,_Converted_/IR_Plus/V/VIVITEK/Projector.ir,Projector,,0.0,,False,[],True
30520b59a8ccfc11,_Converted_/IR_Plus/V/VIZIO/BluRay.ir,BluRay,,0.0,,False,[],True
00a80050981b0af4,_Converted_/IR_Plus/V/VIZIO/Discrete.ir,Discrete,,0.0,,False,[],True
11d6c0259974db0b,_Converted_/IR_Plus/V/VIZIO/TV-Generic.ir,TV-Generic,,0.0,,False,[],True
c4ee0dee8d9b1375,_Converted_/IR_Plus/V/VIZIO/VHT-SOUNDBAR.ir,VHT-SOUNDBAR,,0.0,,False,[],True
8065dc85d3bc5e87,_Converted_/IR_Plus/V/VIZIO/VP322-HD10A.ir,VP322-HD10A,VP322-HD10A,0.45,inventory.model,False,[],True
26fbcbc11dc11d31,_Converted_/IR_Plus/V/VIZIO/VX37L.ir,VX37L,VX37L,0.45,inventory.model,False,[],True
285c9e71be64e6b6,_Converted_/IR_Plus/V/VODAFONE/TVCenter1000.ir,TVCenter1000,TVCenter1000,0.45,inventory.model,False,[],True
c4963f165521a25d,_Converted_/IR_Plus/V/VU+/Uno.ir,Uno,,0.0,,False,[],True
7e2d737290026241,_Converted_/IR_Plus/W/WEILI/Air Conditioner.ir,Air Conditioner,,0.0,,False,[],True
3c0b29f29bd55c5c,_Converted_/IR_Plus/W/WESTERN DIGITAL/WD TV LIVE.ir,WD TV LIVE,,0.0,,False,[],True
9c6148122a1cdf71,_Converted_/IR_Plus/W/WESTINGHOUSE/LVM-47W1.ir,LVM-47W1,LVM-47W1,0.45,inventory.model,False,[],True
7b2db8cbbd2c0ee9,_Converted_/IR_Plus/W/WESTINGHOUSE/RMT-24.ir,RMT-24,RMT-24,0.45,inventory.model,False,[],True
7ebae0189f4dcb84,_Converted_/IR_Plus/W/WISI/OR03S.ir,OR03S,OR03S,0.45,inventory.model,False,[],True
cd533d942e38cb99,_Converted_/IR_Plus/W/WISI/OR191.ir,OR191,OR191,0.45,inventory.model,False,[],True
727ccdb4ed02fbbf,_Converted_/IR_Plus/W/WISI/OR252HD.ir,OR252HD,OR252HD,0.45,inventory.model,False,[],True
009c615def61eedb,_Converted_/IR_Plus/W/WISI/OR605.ir,OR605,OR605,0.45,inventory.model,False,[],True
bd2f9b18db3e5b20,_Converted_/IR_Plus/X/XIAOMI/TV 4S.ir,TV 4S,TV_4S,0.45,inventory.model,False,[],True
6761f629e1d22397,_Converted_/IR_Plus/X/XORO/AEP-810.ir,AEP-810,AEP-810,0.45,inventory.model,False,[],True
94f5f5406ae60bc5,_Converted_/IR_Plus/X/XORO/AudioDevice.ir,AudioDevice,,0.0,,False,[],True
28d5616d4cda745d,_Converted_/IR_Plus/X/XORO/HRK8750.ir,HRK8750,HRK8750,0.45,inventory.model,False,[],True
68faa7471c7804f8,_Converted_/IR_Plus/X/XORO/HRS2500.ir,HRS2500,HRS2500,0.45,inventory.model,False,[],True
8da4edaca0a795ee,_Converted_/IR_Plus/X/XORO/HRS5500.ir,HRS5500,HRS5500,0.45,inventory.model,False,[],True
0620d2dd47d2e6c9,_Converted_/IR_Plus/X/XORO/HRS8530.ir,HRS8530,HRS8530,0.45,inventory.model,False,[],True
a428cc22d3318f31,_Converted_/IR_Plus/X/XORO/HRS8560.ir,HRS8560,HRS8560,0.45,inventory.model,False,[],True
f25b2566495abd57,_Converted_/IR_Plus/X/XORO/HRS9100.ir,HRS9100,HRS9100,0.45,inventory.model,False,[],True
db0fb7af9a1dfafd,_Converted_/IR_Plus/X/XORO/HRS9500IP.ir,HRS9500IP,HRS9500IP,0.45,inventory.model,False,[],True
9c171b78fa86b16f,_Converted_/IR_Plus/X/XORO/HRT8720.ir,HRT8720,HRT8720,0.45,inventory.model,False,[],True
1cad604b48ca86ba,_Converted_/IR_Plus/X/XORO/HRT8730.ir,HRT8730,HRT8730,0.45,inventory.model,False,[],True
25948eaa4ff26275,_Converted_/IR_Plus/X/XORO/HSD-303.ir,HSD-303,HSD-303,0.45,inventory.model,False,[],True
b66d7a003f273774,_Converted_/IR_Plus/X/XORO/HSD-400.ir,HSD-400,HSD-400,0.45,inventory.model,False,[],True
56f5d4f8bb0bdc46,_Converted_/IR_Plus/X/XORO/HSD2200.ir,HSD2200,HSD2200,0.45,inventory.model,False,[],True
3f685daf8d788a6c,_Converted_/IR_Plus/X/XORO/HTC1525D.ir,HTC1525D,HTC1525D,0.45,inventory.model,False,[],True
076496fc56c00551,_Converted_/IR_Plus/X/XORO/HTL 2435 HD.ir,HTL 2435 HD,HTL_2435_HD,0.45,inventory.model,False,[],True
cf8f1b01013ffbaf,_Converted_/IR_Plus/X/XORO/HTL 3222 W.ir,HTL 3222 W,HTL_3222_W,0.45,inventory.model,False,[],True
4326a8fbd9e6d89c,_Converted_/IR_Plus/X/XTREND/ET-Series.ir,ET-Series,,0.0,,False,[],True
85a738fb4afb925b,_Converted_/IR_Plus/Y/YAKUMO/LCDTV81J.ir,LCDTV81J,LCDTV81J,0.45,inventory.model,False,[],True
3bf3608403576370,_Converted_/IR_Plus/Y/YAMAHA/AVPhile-715-RC.ir,AVPhile-715-RC,AVPhile-715-RC,0.45,inventory.model,False,[],True
0f70d50d34d87298,_Converted_/IR_Plus/Y/YAMAHA/CDX-493.ir,CDX-493,CDX-493,0.45,inventory.model,False,[],True
cc5a9651bdea7f20,_Converted_/IR_Plus/Y/YAMAHA/CDX-570.ir,CDX-570,CDX-570,0.45,inventory.model,False,[],True
c5d12904c9183a09,_Converted_/IR_Plus/Y/YAMAHA/CRX-330.ir,CRX-330,CRX-330,0.45,inventory.model,False,[],True
8051b3c36c550a00,_Converted_/IR_Plus/Y/YAMAHA/DSP-A595A.ir,DSP-A595A,DSP-A595A,0.45,inventory.model,False,[],True
c9c817207f5de5f5,_Converted_/IR_Plus/Y/YAMAHA/DVD-S557.ir,DVD-S557,DVD-S557,0.45,inventory.model,False,[],True
a6a6ca18ad0d202f,_Converted_/IR_Plus/Y/YAMAHA/DVR-S120.ir,DVR-S120,DVR-S120,0.45,inventory.model,False,[],True
d93bb7cd28094e42,_Converted_/IR_Plus/Y/YAMAHA/FSR50 WY57780.ir,FSR50 WY57780,FSR50,0.45,inventory.model,False,[],True
dd6394d2aad4b4ef,_Converted_/IR_Plus/Y/YAMAHA/HTR-5xxx.ir,HTR-5xxx,HTR-5xxx,0.45,inventory.model,False,[],True
552ebb5dcbbf6240,_Converted_/IR_Plus/Y/YAMAHA/MCR-E810.ir,MCR-E810,MCR-E810,0.45,inventory.model,False,[],True
144055be16c17666,_Converted_/IR_Plus/Y/YAMAHA/RAV16-WA61770.ir,RAV16-WA61770,RAV16-WA61770,0.45,inventory.model,False,[],True
e5137d7ee0759bf0,_Converted_/IR_Plus/Y/YAMAHA/RAV175.ir,RAV175,RAV175,0.45,inventory.model,False,[],True
ca2a4e19e6fbf307,_Converted_/IR_Plus/Y/YAMAHA/RAV214.ir,RAV214,RAV214,0.45,inventory.model,False,[],True
7747a562ec015513,_Converted_/IR_Plus/Y/YAMAHA/RAV221.ir,RAV221,RAV221,0.45,inventory.model,False,[],True
7748f94ea2b1d804,_Converted_/IR_Plus/Y/YAMAHA/RAV252.ir,RAV252,RAV252,0.45,inventory.model,False,[],True
bfcc3756e8e1469a,_Converted_/IR_Plus/Y/YAMAHA/RAV283.ir,RAV283,RAV283,0.45,inventory.model,False,[],True
6ab4750fd557937d,_Converted_/IR_Plus/Y/YAMAHA/RAV304.ir,RAV304,RAV304,0.45,inventory.model,False,[],True
fecbb92ff26c1144,_Converted_/IR_Plus/Y/YAMAHA/RAV307.ir,RAV307,RAV307,0.45,inventory.model,False,[],True
dd6b52d2308ae7b9,_Converted_/IR_Plus/Y/YAMAHA/RAV325.ir,RAV325,RAV325,0.45,inventory.model,False,[],True
8d99ba2b45daec42,_Converted_/IR_Plus/Y/YAMAHA/RAV34.ir,RAV34,RAV34,0.45,inventory.model,False,[],True
b414fc83434ffedd,_Converted_/IR_Plus/Y/YAMAHA/RAV372.ir,RAV372,RAV372,0.45,inventory.model,False,[],True
4f7feea586147e66,_Converted_/IR_Plus/Y/YAMAHA/RAX101.ir,RAX101,RAX101,0.45,inventory.model,False,[],True
f451cb3552d41396,_Converted_/IR_Plus/Y/YAMAHA/RAX21.ir,RAX21,RAX21,0.45,inventory.model,False,[],True
1cefc7b6dce1434e,_Converted_/IR_Plus/Y/YAMAHA/RAX7.ir,RAX7,RAX7,0.45,inventory.model,False,[],True
8d4eca40332c9261,_Converted_/IR_Plus/Y/YAMAHA/RAX9.ir,RAX9,RAX9,0.45,inventory.model,False,[],True
a1a354f1a2877ca3,_Converted_/IR_Plus/Y/YAMAHA/RS-CD5.ir,RS-CD5,RS-CD5,0.45,inventory.model,False,[],True
63d49229aaabc887,_Converted_/IR_Plus/Y/YAMAHA/RX-2067.ir,RX-2067,RX-2067,0.45,inventory.model,False,[],True
e722ee5aca3a7d81,_Converted_/IR_Plus/Y/YAMAHA/RX-V1400.ir,RX-V1400,RX-V1400,0.45,inventory.model,False,[],True
bd003704d52c530a,_Converted_/IR_Plus/Y/YAMAHA/RX-V3000.ir,RX-V3000,RX-V3000,0.45,inventory.model,False,[],True
8593cba888e29e15,_Converted_/IR_Plus/Y/YAMAHA/RX-V375-V775.ir,RX-V375-V775,RX-V375-V775,0.45,inventory.model,False,[],True
154419d05b99c48a,_Converted_/IR_Plus/Y/YAMAHA/RX-V850.ir,RX-V850,RX-V850,0.45,inventory.model,False,[],True
bc27b621aab5e118,_Converted_/IR_Plus/Y/YAMAHA/RX-V995.ir,RX-V995,RX-V995,0.45,inventory.model,False,[],True
3fa2ced215bd2ba1,_Converted_/IR_Plus/Y/YAMAHA/VP59040.ir,VP59040,VP59040,0.45,inventory.model,False,[],True
41b874cec4bfb7c2,_Converted_/IR_Plus/Y/YAMAHA/VS71360.ir,VS71360,VS71360,0.45,inventory.model,False,[],True
53e07cd710bd9022,_Converted_/IR_Plus/Y/YAMAHA/VT97430.ir,VT97430,VT97430,0.45,inventory.model,False,[],True
e71f84cd510c842c,_Converted_/IR_Plus/Y/YAMAHA/VU50620.ir,VU50620,VU50620,0.45,inventory.model,False,[],True
91b46ee1809cbfa4,_Converted_/IR_Plus/Y/YAMAHA/YSP-Series.ir,YSP-Series,,0.0,,False,[],True
7188fe7a024ed4b5,_Converted_/IR_Plus/Y/YOUSEE/Boks-Original.ir,Boks-Original,,0.0,,False,[],True
696bc0cd4227f0e3,_Converted_/IR_Plus/Z/ZAMIL/AC.ir,AC,,0.0,,False,[],True
68ee27f1796b4d9a,_Converted_/IR_Plus/Z/ZEATEK/HD8000PVR.ir,HD8000PVR,HD8000PVR,0.45,inventory.model,False,[],True
27a0941f351fc158,_Converted_/IR_Plus/Z/ZEHNDER/DX560.ir,DX560,DX560,0.45,inventory.model,False,[],True
4a39c66412e3cf7d,_Converted_/IR_Plus/Z/ZEHNDER/DX860.ir,DX860,DX860,0.45,inventory.model,False,[],True
b868757afde4a516,_Converted_/IR_Plus/Z/ZEHNDER/HX7110U.ir,HX7110U,HX7110U,0.45,inventory.model,False,[],True
0b3f46c21c4c97eb,_Converted_/IR_Plus/Z/ZEHNDER/HX7130.ir,HX7130,HX7130,0.45,inventory.model,False,[],True
02755db2e88ed40b,_Converted_/IR_Plus/Z/ZEHNDER/ZX2101.ir,ZX2101,ZX2101,0.45,inventory.model,False,[],True
f8827aeb9303a0dd,_Converted_/IR_Plus/Z/ZEPHIR/HZ-19S-LCD.ir,HZ-19S-LCD,HZ-19S-LCD,0.45,inventory.model,False,[],True
5638e0231c5ac3a2,_Converted_/IR_Plus/Z/ZODIAC/DZR20DTT.ir,DZR20DTT,DZR20DTT,0.45,inventory.model,False,[],True
36a32f5501ebecbd,_Converted_/IR_Plus/Z/ZODIAC/DZR40PVR DTT V2.ir,DZR40PVR DTT V2,DZR40PVR,0.45,inventory.model,False,[],True
f65b124cd758c79f,_Converted_/IR_Plus/Z/ZODIAC/ZDT9000MHP.ir,ZDT9000MHP,ZDT9000MHP,0.45,inventory.model,False,[],True
9a56691a4b5ea693,_Converted_/IR_Plus/Z/ZOTAC/ZBOX-CA320NANO-U1.ir,ZBOX-CA320NANO-U1,ZBOX-CA320NANO-U1,0.45,inventory.model,False,[],True
5afe16cc8fc83b7b,_Converted_/Other/Maranz/Marantz_main_zone.ir,Marantz_main_zone,,0.0,,False,[],True
312111995e4bb1d4,_Converted_/Other/Projector/RIF6/RIF6-cube-projector-parsed.ir,RIF6-cube-projector-parsed,RIF6-cube-projector-parsed,0.45,inventory.model,False,[],True
5c214a390e2af815,_Converted_/Power_off.ir,Power_off,,0.0,,False,[],True
d2f7b7dd0e889b7b,_Converted_/Pronto/0-9/(Generic)/CATV-8155.ir,CATV-8155,CATV-8155,0.45,inventory.model,False,[],True
88eeb6a1fdc35cac,_Converted_/Pronto/0-9/(Generic)/HDMI_Matrix.ir,HDMI_Matrix,,0.0,,False,[],True
e1458ee2f8c9a207,_Converted_/Pronto/0-9/(Generic)/HTW1000.ir,HTW1000,HTW1000,0.45,inventory.model,False,[],True
4cc12fb691a86c93,_Converted_/Pronto/0-9/(Generic)/Security_Camera.ir,Security_Camera,,0.0,,False,[],True
bf06094a11feb3c0,_Converted_/Pronto/0-9/(Generic)/fdc-3412.ir,fdc-3412,fdc-3412,0.45,inventory.model,False,[],True
90bfffa0b59553c8,_Converted_/Pronto/0-9/3M/8650_LCD.ir,8650_LCD,8650_LCD,0.45,inventory.model,False,[],True
44ee71a5522608f8,_Converted_/Pronto/0-9/3M/MP-8030-8630-40-50.ir,MP-8030-8630-40-50,MP-8030-8630-40-50,0.45,inventory.model,False,[],True
28c216f0ae351385,_Converted_/Pronto/0-9/3M/MP-8625.ir,MP-8625,MP-8625,0.45,inventory.model,False,[],True
98ef58bde8273aca,_Converted_/Pronto/0-9/3M/MP-8660.ir,MP-8660,MP-8660,0.45,inventory.model,False,[],True
78d771111870fc82,_Converted_/Pronto/0-9/3M/MP8610.ir,MP8610,MP8610,0.45,inventory.model,False,[],True
1710e9307a3fec7e,_Converted_/Pronto/0-9/3M/MP8620.ir,MP8620,MP8620,0.45,inventory.model,False,[],True
33ea540f60abe79c,_Converted_/Pronto/0-9/3M/MP8650.ir,MP8650,MP8650,0.45,inventory.model,False,[],True
2e08db92ef379390,_Converted_/Pronto/0-9/3M/VCS-3100.ir,VCS-3100,VCS-3100,0.45,inventory.model,False,[],True
6dc87271e7a224f9,_Converted_/Pronto/0-9/3M/VIDEO_PROJECTOR.ir,VIDEO_PROJECTOR,,0.0,,False,[],True
4fbd82fb2468b522,_Converted_/Pronto/A/ABB/EIB_REMOTE.ir,EIB_REMOTE,,0.0,,False,[],True
bec573ad6045e4b5,_Converted_/Pronto/A/ABB/EIB_REMOTE_ODD.ir,EIB_REMOTE_ODD,,0.0,,False,[],True
44e1f2cfbb74e1de,_Converted_/Pronto/A/ADA/CINEMA_REFERENCE.ir,CINEMA_REFERENCE,,0.0,,False,[],True
bad371fb66776d30,_Converted_/Pronto/A/ADA/GENESIS.ir,GENESIS,,0.0,,False,[],True
1070bf324272d265,_Converted_/Pronto/A/ADA/GENESIS_AUDIO_SYSTEM.ir,GENESIS_AUDIO_SYSTEM,,0.0,,False,[],True
cf56125df172f41a,_Converted_/Pronto/A/ADA/MT-3000.ir,MT-3000,MT-3000,0.45,inventory.model,False,[],True
2475e55e936ab162,_Converted_/Pronto/A/ADA/SSD-66(5.1)_DOLBY_AC-3_PREAMP.ir,SSD-66(5.1)_DOLBY_AC-3_PREAMP,,0.0,,False,[],True
72797b8cf84ddca1,_Converted_/Pronto/A/ADA/SSD-66.ir,SSD-66,SSD-66,0.45,inventory.model,False,[],True
da95a74c5b8d8c86,_Converted_/Pronto/A/ADA/System_808-8000.ir,System_808-8000,System_808-8000,0.45,inventory.model,False,[],True
0770a107594f251d,_Converted_/Pronto/A/ADA/VS-3.ir,VS-3,VS-3,0.45,inventory.model,False,[],True
bed5860c15365b23,_Converted_/Pronto/A/ADB/ADB_DVR_Remote.ir,DVR_Remote,,0.0,,False,[],True
f9afebf7e0631f0d,_Converted_/Pronto/A/ADCOM/GDD-1.ir,GDD-1,GDD-1,0.45,inventory.model,False,[],True
eb344d25b0e208b3,_Converted_/Pronto/A/ADCOM/GDV-850.ir,GDV-850,GDV-850,0.45,inventory.model,False,[],True
1b99e8fba83a6a76,_Converted_/Pronto/A/ADCOM/GTP-500II.ir,GTP-500II,GTP-500II,0.45,inventory.model,False,[],True
3f45bd2c579f466a,_Converted_/Pronto/A/ADCOM/GTP-760.ir,GTP-760,GTP-760,0.45,inventory.model,False,[],True
a6e9b39c6e321393,_Converted_/Pronto/A/ADCOM/GTP-830.ir,GTP-830,GTP-830,0.45,inventory.model,False,[],True
20fe3a07e80351c2,_Converted_/Pronto/A/ADCOM/GTP-880.ir,GTP-880,GTP-880,0.45,inventory.model,False,[],True
d2fa8d7cc376ba0a,_Converted_/Pronto/A/ADCOM/GTP9450.ir,GTP9450,GTP9450,0.45,inventory.model,False,[],True
0bf22f2e1cd31320,_Converted_/Pronto/A/AMC/AV81HTC-DD.ir,AV81HTC-DD,AV81HTC-DD,0.45,inventory.model,False,[],True
85fa2b5476a081b9,_Converted_/Pronto/A/AMC/R-9.ir,R-9,R-9,0.45,inventory.model,False,[],True
d8c14c97aea1c71d,_Converted_/Pronto/A/AMC/T-7_TUNER.ir,T-7_TUNER,T-7_TUNER,0.45,inventory.model,False,[],True
a6281eca880c4522,_Converted_/Pronto/A/APTI/AP-1500X.ir,AP-1500X,AP-1500X,0.45,inventory.model,False,[],True
a4a1a0f6afde89b6,_Converted_/Pronto/A/ASK/IMPRESSION_A4_(NO_BALL)_RGB2=SRC1_VIDEO=SRC2.ir,IMPRESSION_A4_(NO_BALL)_RGB2=SRC1_VIDEO=SRC2,,0.0,,False,[],True
6a666b4d219ed4a2,_Converted_/Pronto/A/Acer/P7500.ir,P7500,P7500,0.45,inventory.model,False,[],True
d2447e6daf37dc4c,_Converted_/Pronto/A/Acer/WIL-8458MA.ir,WIL-8458MA,WIL-8458MA,0.45,inventory.model,False,[],True
f135e8ca99af4517,_Converted_/Pronto/A/Aethra/VCT128-A.ir,VCT128-A,VCT128-A,0.45,inventory.model,False,[],True
77c295ac53a00832,_Converted_/Pronto/A/Aethra/VTC128-A.ir,VTC128-A,VTC128-A,0.45,inventory.model,False,[],True
b1cc7511349af50e,_Converted_/Pronto/A/Aiwa/ADR-707-CASSETTE-DUAL_CAS.ir,ADR-707-CASSETTE-DUAL_CAS,ADR-707-CASSETTE-DUAL_CAS,0.45,inventory.model,False,[],True
0b9f2cf0f25a01af,_Converted_/Pronto/A/Aiwa/HV-MX1.ir,HV-MX1,HV-MX1,0.45,inventory.model,False,[],True
bdbd7e22600dd93c,_Converted_/Pronto/A/Akai/CD-57.ir,CD-57,CD-57,0.45,inventory.model,False,[],True
e19697be830c4f5b,_Converted_/Pronto/A/Akai/CT-2870.ir,CT-2870,CT-2870,0.45,inventory.model,False,[],True
1d5fc826e1dd7801,_Converted_/Pronto/A/Akai/HX-R435.ir,HX-R435,HX-R435,0.45,inventory.model,False,[],True
bfc4a19f333d7ac6,_Converted_/Pronto/A/Akai/VS-X590.ir,VS-X590,VS-X590,0.45,inventory.model,False,[],True
661a85fcdcbe96fd,_Converted_/Pronto/A/Algolith/Mosquito.ir,Mosquito,,0.0,,False,[],True
bee2fd4747cb6a16,_Converted_/Pronto/A/Alpine/CRA1655RF.ir,CRA1655RF,CRA1655RF,0.45,inventory.model,False,[],True
09fc8a495556cca4,_Converted_/Pronto/A/Ampro/160_LCD_PROJECTOR.ir,160_LCD_PROJECTOR,160_LCD_PROJECTOR,0.45,inventory.model,False,[],True
5eae677c21ff25b1,_Converted_/Pronto/A/Ampro/2000-3000-4000_PROJECTOR_(ADDED_FUNC_9-96).ir,2000-3000-4000_PROJECTOR_(ADDED_FUNC_9-96),,0.0,,False,[],True
d026686b6a3d2c08,_Converted_/Pronto/A/Ampro/2000-3000-4000_SERIES.ir,2000-3000-4000_SERIES,2000-3000-4000_SERIES,0.45,inventory.model,False,[],True
57dad66b5b4e037c,_Converted_/Pronto/A/Ampro/AMPRO_LCD_150.ir,LCD_150,LCD_150,0.45,inventory.model,True,"[""AMPRO_LCD_150""]",True
8dafe2ff5e85f483,_Converted_/Pronto/A/Ampro/LCD-100.ir,LCD-100,LCD-100,0.45,inventory.model,False,[],True
2dee067ccf084ff0,_Converted_/Pronto/A/Anthem/AVM-2.ir,AVM-2,AVM-2,0.45,inventory.model,False,[],True
a8caabd88557e7f8,_Converted_/Pronto/A/Anthem/AVM_2.ir,AVM_2,AVM_2,0.45,inventory.model,False,[],True
8c0440dd91e788b6,_Converted_/Pronto/A/Anthem/AVM_50V.ir,AVM_50V,AVM_50V,0.45,inventory.model,False,[],True
fb77694fd6711123,_Converted_/Pronto/A/Apex/AD-800.ir,AD-800,AD-800,0.45,inventory.model,False,[],True
c59dc69d4814e71d,_Converted_/Pronto/A/Apex/AD600A.ir,AD600A,AD600A,0.45,inventory.model,False,[],True
8d032caaf6d632a4,_Converted_/Pronto/A/Apple/AppleTV-v2.ir,AppleTV-v2,AppleTV-v2,0.45,inventory.model,False,[],True
5d6f2d19da83df5b,_Converted_/Pronto/A/Apple/AppleTV.ir,AppleTV,,0.0,,False,[],True
60e4e40c1d806a3c,_Converted_/Pronto/A/Apple/AppleTV_3rd_Generation.ir,AppleTV_3rd_Generation,AppleTV_3rd_Generation,0.45,inventory.model,False,[],True
4a1f0077cc5ffd52,_Converted_/Pronto/A/Apple/AppleTV_4th_Generation.ir,AppleTV_4th_Generation,AppleTV_4th_Generation,0.45,inventory.model,False,[],True
be117dbc4668652f,_Converted_/Pronto/A/Apple/Apple_TV.ir,TV,,0.0,,False,[],True
94a3ab93f58ab7e6,_Converted_/Pronto/A/Aragon/SOUND_STAGE.ir,SOUND_STAGE,,0.0,,False,[],True
5b7455548c922ba8,_Converted_/Pronto/A/Aragon/STAGE_ONE.ir,STAGE_ONE,,0.0,,False,[],True
4ab95f1785113cc8,_Converted_/Pronto/A/Atlantic_Technology/P2000.ir,P2000,P2000,0.45,inventory.model,False,[],True
1d494ce5c1c2d074,_Converted_/Pronto/A/Atlantic_Technology/SA-700.ir,SA-700,SA-700,0.45,inventory.model,False,[],True
8188251c542db1ba,_Converted_/Pronto/A/AudioAccess/MRX.ir,MRX,,0.0,,False,[],True
0a6fd70f556539f6,_Converted_/Pronto/A/AudioControl/Concert_AVR-4.ir,Concert_AVR-4,Concert_AVR-4,0.45,inventory.model,False,[],True
28be1e288d0a54b1,_Converted_/Pronto/A/AudioControl/Maestro_M4.ir,Maestro_M4,Maestro_M4,0.45,inventory.model,False,[],True
965569bb1980642d,_Converted_/Pronto/A/AudioEase/MONACO_(EVEN).ir,MONACO_(EVEN),,0.0,,False,[],True
1fd54d6a3df5f0d8,_Converted_/Pronto/A/AudioEase/MONACO_(ODD).ir,MONACO_(ODD),,0.0,,False,[],True
90bb4637239bdd12,_Converted_/Pronto/A/AudioEase/RECEIVER_ONLY_(EVEN).ir,RECEIVER_ONLY_(EVEN),,0.0,,False,[],True
543ed88cff7cbe44,_Converted_/Pronto/A/AudioEase/RECEIVER_ONLY_(ODD).ir,RECEIVER_ONLY_(ODD),,0.0,,False,[],True
57037c1ca37187ff,_Converted_/Pronto/A/AudioEase/SP2.ir,SP2,SP2,0.45,inventory.model,False,[],True
9592b4ba9d848323,_Converted_/Pronto/A/AudioSource/PREAMP-TUNER2.ir,PREAMP-TUNER2,PREAMP-TUNER2,0.45,inventory.model,False,[],True
7cdc09ed3d319bf6,_Converted_/Pronto/A/Audio_Design_Associates/MC-0016.ir,MC-0016,MC-0016,0.45,inventory.model,False,[],True
7a122817b2dbba1c,_Converted_/Pronto/A/Audio_Design_Associates/SDD-66[5.1].ir,SDD-66[5.1],,0.0,,False,[],True
109ba6ac51e46b47,_Converted_/Pronto/A/Audio_International/AUDIO_INTERNATIONAL.ir,AUDIO_INTERNATIONAL,,0.0,,False,[],True
41b4fa1fbd44ee83,_Converted_/Pronto/A/Audio_Request/AUDIO_REQUEST.ir,AUDIO_REQUEST,,0.0,,False,[],True
0ce040b7ee110e00,_Converted_/Pronto/A/Austar/Flinders.ir,Flinders,,0.0,,False,[],True
8b1497f28b48b438,_Converted_/Pronto/A/Austar/Mystar.ir,Mystar,,0.0,,False,[],True
d57e1632b2e0434b,_Converted_/Pronto/A/Auto-Vue/NONE.ir,NONE,,0.0,,False,[],True
03f5b0922b84110c,_Converted_/Pronto/A/Auton/AUTON.ir,AUTON,,0.0,,False,[],True
a12cc6900e102de2,_Converted_/Pronto/B/B&K_Components/AVP-AVR_SERIES.ir,AVP-AVR_SERIES,,0.0,,False,[],True
73f24b902acbef0f,_Converted_/Pronto/B/B&K_Components/AVR202_-_AUDIO.ir,AVR202_-_AUDIO,AVR202_-_AUDIO,0.45,inventory.model,False,[],True
878dd33b06dd4237,_Converted_/Pronto/B/B&K_Components/CT-610.ir,CT-610,CT-610,0.45,inventory.model,False,[],True
9fc0364ea3d27243,_Converted_/Pronto/B/B&K_Components/PT3.ir,PT3,PT3,0.45,inventory.model,False,[],True
7323a1b462a4d486,_Converted_/Pronto/B/B&K_Components/ZONE1_COMPONENTS.ir,ZONE1_COMPONENTS,ZONE1_COMPONENTS,0.45,inventory.model,False,[],True
7a168f4d5abb587d,_Converted_/Pronto/B/B&K_Components/ZONE2_COMPONENTS.ir,ZONE2_COMPONENTS,ZONE2_COMPONENTS,0.45,inventory.model,False,[],True
68f38a287bf2bfd2,_Converted_/Pronto/B/BMB/CD_Speed_Control.ir,CD_Speed_Control,,0.0,,False,[],True
12ba996148355fd7,_Converted_/Pronto/B/BMB/Kareoke_Controller.ir,Kareoke_Controller,,0.0,,False,[],True
3f54437a2352388e,_Converted_/Pronto/B/BTX/BTX.ir,BTX,,0.0,,False,[],True
23f34d0ee9480b8c,_Converted_/Pronto/B/BTX/WINDOW_COVERING.ir,WINDOW_COVERING,,0.0,,False,[],True
7bc9a1272f441d34,_Converted_/Pronto/B/Bang_&_Olufsen/2000.ir,2000,,0.0,,False,[],True
1c88d0fce8402408,_Converted_/Pronto/B/Bang_&_Olufsen/AV-4000.ir,AV-4000,AV-4000,0.45,inventory.model,False,[],True
fc35e8cc62b000fd,_Converted_/Pronto/B/Bang_&_Olufsen/AV-9000.ir,AV-9000,AV-9000,0.45,inventory.model,False,[],True
34807ac181dd83ef,_Converted_/Pronto/B/Bang_&_Olufsen/AV_7000_CD.ir,AV_7000_CD,AV_7000_CD,0.45,inventory.model,False,[],True
fcae3c05b38c1b94,_Converted_/Pronto/B/Bang_&_Olufsen/AV_7000_LIGHT.ir,AV_7000_LIGHT,AV_7000_LIGHT,0.45,inventory.model,False,[],True
469a8a89b7ffb900,_Converted_/Pronto/B/Bang_&_Olufsen/AV_7000_RADIO.ir,AV_7000_RADIO,AV_7000_RADIO,0.45,inventory.model,False,[],True
0977662c9125d9d2,_Converted_/Pronto/B/Bang_&_Olufsen/B&O-4000-CNSP-BAO.ir,B&O-4000-CNSP-BAO,,0.0,,False,[],True
dde40216e6d9124a,_Converted_/Pronto/B/Bang_&_Olufsen/BEOLINK_1000.ir,BEOLINK_1000,BEOLINK_1000,0.45,inventory.model,False,[],True
e101eb73fa20a22c,_Converted_/Pronto/B/Bang_&_Olufsen/BEOLINK_5000.ir,BEOLINK_5000,BEOLINK_5000,0.45,inventory.model,False,[],True
503fa4d8a9765c18,_Converted_/Pronto/B/Bang_&_Olufsen/BEOLINK_5000_(ATAPE).ir,BEOLINK_5000_(ATAPE),,0.0,,False,[],True
41803e5c2b4b7a37,_Converted_/Pronto/B/Bang_&_Olufsen/BEOLINK_5000_(A_RECORD).ir,BEOLINK_5000_(A_RECORD),,0.0,,False,[],True
b91de6edc6e919b3,_Converted_/Pronto/B/Bang_&_Olufsen/BEOLINK_5000_(CD).ir,BEOLINK_5000_(CD),,0.0,,False,[],True
3ddec5154368e83e,_Converted_/Pronto/B/Bang_&_Olufsen/BEOLINK_5000_(CLEAR).ir,BEOLINK_5000_(CLEAR),,0.0,,False,[],True
a95c39bc939eaebb,_Converted_/Pronto/B/Bang_&_Olufsen/BEOLINK_5000_(LINK).ir,BEOLINK_5000_(LINK),,0.0,,False,[],True
ff010fb4895f556d,_Converted_/Pronto/B/Bang_&_Olufsen/BEOLINK_5000_(PHONO).ir,BEOLINK_5000_(PHONO),,0.0,,False,[],True
67cb4ca5158c6e3e,_Converted_/Pronto/B/Bang_&_Olufsen/BEOLINK_5000_(REC_START).ir,BEOLINK_5000_(REC_START),,0.0,,False,[],True
2e27500441c2a417,_Converted_/Pronto/B/Bang_&_Olufsen/BEOLINK_5000_(REC_STOP).ir,BEOLINK_5000_(REC_STOP),,0.0,,False,[],True
38266e19c10a73ce,_Converted_/Pronto/B/Bang_&_Olufsen/BEOLINK_5000_(RETURN).ir,BEOLINK_5000_(RETURN),,0.0,,False,[],True
b98a0ceca2e63381,_Converted_/Pronto/B/Bang_&_Olufsen/BEOLINK_5000_(SHIFT).ir,BEOLINK_5000_(SHIFT),,0.0,,False,[],True
f852b7075dc453ff,_Converted_/Pronto/B/Bang_&_Olufsen/BEOLINK_5000_(STATUS).ir,BEOLINK_5000_(STATUS),,0.0,,False,[],True
4b33e6f78be6fd13,_Converted_/Pronto/B/Bang_&_Olufsen/BEOLINK_5000_(STORE).ir,BEOLINK_5000_(STORE),,0.0,,False,[],True
94326e0ab1c657ae,_Converted_/Pronto/B/Bang_&_Olufsen/BEOLINK_5000_(TURN).ir,BEOLINK_5000_(TURN),,0.0,,False,[],True
33e0cfcebc3255f1,_Converted_/Pronto/B/Bang_&_Olufsen/BEOLINK_5000_(VTAPE).ir,BEOLINK_5000_(VTAPE),,0.0,,False,[],True
8c3a9afee9b24278,_Converted_/Pronto/B/Bang_&_Olufsen/BEOLINK_5000_(V_RECORD).ir,BEOLINK_5000_(V_RECORD),,0.0,,False,[],True
deb7e6a066708a10,_Converted_/Pronto/B/Bang_&_Olufsen/BEOSOUND_9000-ST-CP.ir,BEOSOUND_9000-ST-CP,BEOSOUND_9000-ST-CP,0.45,inventory.model,False,[],True
cf115a0356c52fe3,_Converted_/Pronto/B/Barco/701S_(ADDRESS_0).ir,701S_(ADDRESS_0),,0.0,,False,[],True
36d910a7cf169d86,_Converted_/Pronto/B/Barco/701S_(ADDRESS_1).ir,701S_(ADDRESS_1),,0.0,,False,[],True
29cf41bedf21ae43,_Converted_/Pronto/B/Barco/701S_(ADDRESS_2).ir,701S_(ADDRESS_2),,0.0,,False,[],True
c1ca7d953bbaec69,_Converted_/Pronto/B/Barco/BARCO_800_SERIES_(ADDRESS_#0).ir,800_SERIES_(ADDRESS_#0),,0.0,,False,[],True
1ae6470b861d743a,_Converted_/Pronto/B/Barco/LC_3000-8000-9000_SERIES_(ADDRESS_#0).ir,LC_3000-8000-9000_SERIES_(ADDRESS_#0),,0.0,,False,[],True
98b8eea547426fb3,_Converted_/Pronto/B/Barco/MULTIDATA.ir,MULTIDATA,,0.0,,False,[],True
0a4d9768f436a68f,_Converted_/Pronto/B/Biamp/DRC_4+4.ir,DRC_4+4,DRC_4+4,0.45,inventory.model,False,[],True
ed32547ec36989d1,_Converted_/Pronto/B/Biamp/IWA-RPM.ir,IWA-RPM,,0.0,,False,[],True
81568749130e2602,_Converted_/Pronto/B/Biamp/PMX84.ir,PMX84,PMX84,0.45,inventory.model,False,[],True
c53cc5f0d6176b52,_Converted_/Pronto/B/Biamp/SPM412.ir,SPM412,SPM412,0.45,inventory.model,False,[],True
d96a922bbae08f31,_Converted_/Pronto/B/Biamp/SPM412E.ir,SPM412E,SPM412E,0.45,inventory.model,False,[],True
f4dc4571cf92daf7,_Converted_/Pronto/B/Biamp/SPM522D.ir,SPM522D,SPM522D,0.45,inventory.model,False,[],True
cb875cfc2848fd00,_Converted_/Pronto/B/Biamp/SPM522D_ADVANTAGE.ir,SPM522D_ADVANTAGE,SPM522D_ADVANTAGE,0.45,inventory.model,False,[],True
40422baaa8906282,_Converted_/Pronto/B/Biamp/VSX41.ir,VSX41,VSX41,0.45,inventory.model,False,[],True
983099727356f327,_Converted_/Pronto/B/Bogen/PM_3180.ir,PM_3180,PM_3180,0.45,inventory.model,False,[],True
7006fdd40b51a258,_Converted_/Pronto/B/Bose/BOSE_LIFESTYLE_-_ZONE_1.ir,LIFESTYLE_-_ZONE_1,LIFESTYLE_-_ZONE_1,0.45,inventory.model,True,"[""BOSE_LIFESTYLE_-_ZONE_1""]",True
ecf39344dc75967f,_Converted_/Pronto/B/Bose/BOSE_LIFESTYLE_-_ZONE_2.ir,LIFESTYLE_-_ZONE_2,LIFESTYLE_-_ZONE_2,0.45,inventory.model,True,"[""BOSE_LIFESTYLE_-_ZONE_2""]",True
8104852672b1a2bc,_Converted_/Pronto/B/Bose/BOSE_LIFESTYLE_-_ZONE_3.ir,LIFESTYLE_-_ZONE_3,LIFESTYLE_-_ZONE_3,0.45,inventory.model,True,"[""BOSE_LIFESTYLE_-_ZONE_3""]",True
721603fe5ef991b6,_Converted_/Pronto/B/Bose/BOSE_LIFESTYLE_-_ZONE_4.ir,LIFESTYLE_-_ZONE_4,LIFESTYLE_-_ZONE_4,0.45,inventory.model,True,"[""BOSE_LIFESTYLE_-_ZONE_4""]",True
ebfdd12c5c8dbc6b,_Converted_/Pronto/B/Bose/LC-20.ir,LC-20,LC-20,0.45,inventory.model,False,[],True
11b2cbf32ed7616c,_Converted_/Pronto/B/Bose/LIFESTYLES_35.ir,LIFESTYLES_35,LIFESTYLES_35,0.45,inventory.model,False,[],True
7b652ed1aeda3e9a,_Converted_/Pronto/B/Bose/Lifestyle_235.ir,Lifestyle_235,Lifestyle_235,0.45,inventory.model,False,[],True
30698b89e347c093,_Converted_/Pronto/B/Boxlight/MP65E.ir,MP65E,MP65E,0.45,inventory.model,False,[],True
a7ea8083a43060b7,_Converted_/Pronto/B/Boxlight/X_Series.ir,X_Series,,0.0,,False,[],True
60b9354400bbfd39,_Converted_/Pronto/B/Broksonic/CTGV-4563TCT.ir,CTGV-4563TCT,CTGV-4563TCT,0.45,inventory.model,False,[],True
1a4662700448eae0,_Converted_/Pronto/C/CTX-Optima/EZPRO755.ir,EZPRO755,EZPRO755,0.45,inventory.model,False,[],True
77be6db490f7d253,_Converted_/Pronto/C/CTX/EZPRO_600.ir,EZPRO_600,EZPRO_600,0.45,inventory.model,False,[],True
7e187ed4b22f39a4,_Converted_/Pronto/C/CaVS/CaVS_Karaoke.ir,Karaoke,,0.0,,False,[],True
eb63114f9d13c38f,_Converted_/Pronto/C/California_Audio_Labs/CD.ir,CD,,0.0,,False,[],True
7d6994c34f3ad652,_Converted_/Pronto/C/California_Audio_Labs/CL-25.ir,CL-25,CL-25,0.45,inventory.model,False,[],True
b6923c68647671b9,_Converted_/Pronto/C/California_Audio_Labs/CL-5.ir,CL-5,CL-5,0.45,inventory.model,False,[],True
52768d522db4cd47,_Converted_/Pronto/C/California_Audio_Labs/CL20.ir,CL20,CL20,0.45,inventory.model,False,[],True
401b93d5b1760a24,_Converted_/Pronto/C/Canon/DZ-3600U.ir,DZ-3600U,DZ-3600U,0.45,inventory.model,False,[],True
df0e6b9a00f33047,_Converted_/Pronto/C/Canon/LV-7260_LV-7365_LV-7265.ir,LV-7260_LV-7365_LV-7265,LV-7260_LV-7365_LV-7265,0.45,inventory.model,False,[],True
b2e0e783ffa68f4d,_Converted_/Pronto/C/Canon/SX-800.ir,SX-800,SX-800,0.45,inventory.model,False,[],True
84ae723a99c9fa42,_Converted_/Pronto/C/Canon/VCC-3.ir,VCC-3,VCC-3,0.45,inventory.model,False,[],True
738bb5eeb2ae53a0,_Converted_/Pronto/C/Canon/VCC1.ir,VCC1,VCC1,0.45,inventory.model,False,[],True
aadd592b6ba6ea73,_Converted_/Pronto/C/Canon/WUX10.ir,WUX10,WUX10,0.45,inventory.model,False,[],True
901d7a1418bcc2ba,_Converted_/Pronto/C/Carver/(Audio_System).ir,(Audio_System),,0.0,,False,[],True
ee693d75ec470ef2,_Converted_/Pronto/C/Carver/(Dual_Cassette).ir,(Dual_Cassette),,0.0,,False,[],True
348284c537475e53,_Converted_/Pronto/C/Carver/C20V.ir,C20V,C20V,0.45,inventory.model,False,[],True
51db9487c6f10fb8,_Converted_/Pronto/C/Carver/CARVER.ir,CARVER,,0.0,,False,[],True
2f2388ae27bc94c7,_Converted_/Pronto/C/Carver/CARVER_AUDIO_SWITCHER.ir,AUDIO_SWITCHER,,0.0,,False,[],True
9e70266c79256062,_Converted_/Pronto/C/Carver/CT-17_RECEIVER.ir,CT-17_RECEIVER,CT-17_RECEIVER,0.45,inventory.model,False,[],True
40157f2a13996563,_Converted_/Pronto/C/Carver/CT-27V.ir,CT-27V,CT-27V,0.45,inventory.model,False,[],True
e98c3e15f293d60e,_Converted_/Pronto/C/Carver/CT-28.ir,CT-28,CT-28,0.45,inventory.model,False,[],True
62a16cba60821bde,_Converted_/Pronto/C/Carver/DEVICE_CONTROLS_(EVEN).ir,DEVICE_CONTROLS_(EVEN),,0.0,,False,[],True
35b6ccd515f902c9,_Converted_/Pronto/C/Carver/DEVICE_CONTROLS_(ODD).ir,DEVICE_CONTROLS_(ODD),,0.0,,False,[],True
46470b906d236693,_Converted_/Pronto/C/Carver/HR895.ir,HR895,HR895,0.45,inventory.model,False,[],True
8933eedc9139791c,_Converted_/Pronto/C/Carver/MULTI-DISC.ir,MULTI-DISC,,0.0,,False,[],True
4e4fbd28e40cd5b7,_Converted_/Pronto/C/Carver/NUMERIC_CONTROLS_(EVEN).ir,NUMERIC_CONTROLS_(EVEN),,0.0,,False,[],True
e6c550821056b8fe,_Converted_/Pronto/C/Carver/NUMERIC_CONTROLS_(ODD).ir,NUMERIC_CONTROLS_(ODD),,0.0,,False,[],True
5e3707f9252a36ea,_Converted_/Pronto/C/Carver/No_model.ir,No_model,,0.0,,False,[],True
3d9a9290253a83e4,_Converted_/Pronto/C/Carver/PST-14.ir,PST-14,PST-14,0.45,inventory.model,False,[],True
485e5f97e2c20bac,_Converted_/Pronto/C/Carver/RECEIVER_SURROUND_SOUND_CT-28V.ir,RECEIVER_SURROUND_SOUND_CT-28V,RECEIVER_SURROUND_SOUND_CT-28V,0.45,inventory.model,False,[],True
7d25bed9f9d2f79b,_Converted_/Pronto/C/Carver/TD-1550.ir,TD-1550,TD-1550,0.45,inventory.model,False,[],True
9f0bbba4cfffa8a8,_Converted_/Pronto/C/Carver/TL-3200.ir,TL-3200,TL-3200,0.45,inventory.model,False,[],True
5aa6b9ed900c3500,_Converted_/Pronto/C/Carver/UNKNOWN.ir,UNKNOWN,,0.0,,False,[],True
0c1b66c2e4a4b1c3,_Converted_/Pronto/C/Channel_Master/ROTATOR_9537.ir,ROTATOR_9537,ROTATOR_9537,0.45,inventory.model,False,[],True
95daf2b3dd82f5bc,_Converted_/Pronto/C/Chaparral/D9232.ir,D9232,D9232,0.45,inventory.model,False,[],True
ff03fbda5475826f,_Converted_/Pronto/C/Chaparral/MONTEREY.ir,MONTEREY,,0.0,,False,[],True
e59892a87026d839,_Converted_/Pronto/C/Chiro/C-2R.ir,C-2R,C-2R,0.45,inventory.model,False,[],True
a86d2fdacd93d9c6,_Converted_/Pronto/C/Chiro/C9R.ir,C9R,C9R,0.45,inventory.model,False,[],True
d17cbd0d32a13459,_Converted_/Pronto/C/Chisholm/CINEMASTER.ir,CINEMASTER,,0.0,,False,[],True
809c8202a0a3309b,_Converted_/Pronto/C/Chisholm/SIERRA_X650.ir,SIERRA_X650,SIERRA_X650,0.45,inventory.model,False,[],True
83759cfc4c5eccd3,_Converted_/Pronto/C/Christie_Digital_Systems/38-VIV401-01.ir,38-VIV401-01,38-VIV401-01,0.45,inventory.model,False,[],True
30a7495842966e71,_Converted_/Pronto/C/Christie_Digital_Systems/DS+305.ir,DS+305,DS+305,0.45,inventory.model,False,[],True
531ae50b808916f6,_Converted_/Pronto/C/Christie_Digital_Systems/LX-55.ir,LX-55,LX-55,0.45,inventory.model,False,[],True
346816c41150ad7a,_Converted_/Pronto/C/Chrysalis/Bass_Matrix.ir,Bass_Matrix,,0.0,,False,[],True
637eb6f3bb7755c6,_Converted_/Pronto/C/Cisco/CIS430.ir,CIS430,CIS430,0.45,inventory.model,False,[],True
21c2314def5eb40d,_Converted_/Pronto/C/Cisco/Explorer_8640HDC.ir,Explorer_8640HDC,Explorer_8640HDC,0.45,inventory.model,False,[],True
375320aa0dc7be56,_Converted_/Pronto/C/Cisco/IPN330HD.ir,IPN330HD,IPN330HD,0.45,inventory.model,False,[],True
0535a5671db50422,_Converted_/Pronto/C/Cisco/IPN_4320.ir,IPN_4320,IPN_4320,0.45,inventory.model,False,[],True
b40fad4a2ee4e2a7,_Converted_/Pronto/C/Cisco/RNG200.ir,RNG200,RNG200,0.45,inventory.model,False,[],True
01b4122404947721,_Converted_/Pronto/C/Clarion/VDH9300.ir,VDH9300,VDH9300,0.45,inventory.model,False,[],True
46c8119bdcbabcb7,_Converted_/Pronto/C/Classe/RC-MODEL_4.ir,RC-MODEL_4,RC-MODEL_4,0.45,inventory.model,False,[],True
9b13f25fa89eb5e8,_Converted_/Pronto/C/Classe/SSP-25.ir,SSP-25,SSP-25,0.45,inventory.model,False,[],True
2cec93ced81de418,_Converted_/Pronto/C/Classe/SSP-30.ir,SSP-30,SSP-30,0.45,inventory.model,False,[],True
7b51917b9a82dcfe,_Converted_/Pronto/C/Classe/SSP-P50.ir,SSP-P50,SSP-P50,0.45,inventory.model,False,[],True
c0cee224041ea736,_Converted_/Pronto/C/Classic_Flame/23WM374.ir,23WM374,23WM374,0.45,inventory.model,False,[],True
30c9f2b0b3fe5dbd,_Converted_/Pronto/C/Clo_Systems/X-Arm.ir,X-Arm,,0.0,,False,[],True
10f4fdfaca1e08a3,_Converted_/Pronto/C/Comcast/Comcast_Cable_-_Basic_Remote.ir,Cable_-_Basic_Remote,,0.0,,False,[],True
d9c43fec82abe12c,_Converted_/Pronto/C/Comcast/Comcast_Cable_-_DVR.ir,Cable_-_DVR,,0.0,,False,[],True
13621fd637b1cf7e,_Converted_/Pronto/C/Comcast/Comcast_DVR_-_Universal.ir,DVR_-_Universal,,0.0,,False,[],True
cd1c9117ae4b3a1f,_Converted_/Pronto/C/Comcast/XR11.ir,XR11,XR11,0.45,inventory.model,False,[],True
d1b78fa0a2418bd2,_Converted_/Pronto/C/Comcast/Xfinity.ir,Xfinity,,0.0,,False,[],True
4e7ab675e8af95b1,_Converted_/Pronto/C/Counterpoint/AMPLIFIER.ir,AMPLIFIER,,0.0,,False,[],True
7a8647138bed7e42,_Converted_/Pronto/C/Crestron/AAS-1-AAS-2-AAS-4.ir,AAS-1-AAS-2-AAS-4,AAS-1-AAS-2-AAS-4,0.45,inventory.model,False,[],True
18c44004d68b1c53,_Converted_/Pronto/C/Crestron/GLPP.ir,GLPP,,0.0,,False,[],True
9640a58c04a0a4e0,_Converted_/Pronto/C/Crestron/GLS-ODT-OIR.ir,GLS-ODT-OIR,,0.0,,False,[],True
53e2256030b9f2d0,_Converted_/Pronto/C/Crestron/SP-RY.ir,SP-RY,,0.0,,False,[],True
330016b531f32fa4,_Converted_/Pronto/C/Crestron/SP-SC.ir,SP-SC,,0.0,,False,[],True
e39ba7becbd84fb5,_Converted_/Pronto/C/Crestron/iLux.ir,iLux,,0.0,,False,[],True
60db1595598d9269,_Converted_/Pronto/C/Cyberhome/Portable.ir,Portable,,0.0,,False,[],True
eb15d430c7e83d59,_Converted_/Pronto/C/Cypress/CHMX-42.ir,CHMX-42,CHMX-42,0.45,inventory.model,False,[],True
396731196f5f6c0b,_Converted_/Pronto/C/Cyron/HTW-1000.ir,HTW-1000,HTW-1000,0.45,inventory.model,False,[],True
6eb3444550f042f2,_Converted_/Pronto/D/DBox/DIGITAL_SATELLITE_RX.ir,DIGITAL_SATELLITE_RX,,0.0,,False,[],True
5a988ee256aa355f,_Converted_/Pronto/D/DMX/DCT-2224.ir,DCT-2224,DCT-2224,0.45,inventory.model,False,[],True
485971969c2bc7b7,_Converted_/Pronto/D/DMX/DR-5000.ir,DR-5000,DR-5000,0.45,inventory.model,False,[],True
21875695a8368eef,_Converted_/Pronto/D/Daewoo/INCTEC.ir,INCTEC,,0.0,,False,[],True
9d7530bb07eba594,_Converted_/Pronto/D/Dalite/DUAL_SCREEN_RELAY.ir,DUAL_SCREEN_RELAY,,0.0,,False,[],True
9e7eee2399320789,_Converted_/Pronto/D/Davis_Technology/POWERBEAM_3_PROJECTOR.ir,POWERBEAM_3_PROJECTOR,POWERBEAM_3_PROJECTOR,0.45,inventory.model,False,[],True
eb4843098b9ef0fe,_Converted_/Pronto/D/Davis_Technology/POWERBEAM_5.ir,POWERBEAM_5,POWERBEAM_5,0.45,inventory.model,False,[],True
df3250bf8e92dcf9,_Converted_/Pronto/D/Davis_Technology/Powerbeam_5_extended.ir,Powerbeam_5_extended,Powerbeam_5_extended,0.45,inventory.model,False,[],True
c06add36e296899e,_Converted_/Pronto/D/Definitive_Technology/SoloCinema_XTR.ir,SoloCinema_XTR,,0.0,,False,[],True
ba788774941ac564,_Converted_/Pronto/D/Definitive_Technology/W_Studio.ir,W_Studio,,0.0,,False,[],True
ca4a951df4f6df97,_Converted_/Pronto/D/Dell/1209S-1409X-1609WX_Projectors.ir,1209S-1409X-1609WX_Projectors,1209S-1409X-1609WX_Projectors,0.45,inventory.model,False,[],True
da866de12eb3adf0,_Converted_/Pronto/D/Dell/1409X.ir,1409X,1409X,0.45,inventory.model,False,[],True
220588b8e3e66276,_Converted_/Pronto/D/Dell/3200MP.ir,3200MP,3200MP,0.45,inventory.model,False,[],True
c1f09ec2b0bd14bc,_Converted_/Pronto/D/Dell/4210X.ir,4210X,4210X,0.45,inventory.model,False,[],True
32f6a2a2a9939161,_Converted_/Pronto/D/Denon/(unknown).ir,(unknown),,0.0,,False,[],True
2f3240025badbe2e,_Converted_/Pronto/D/Denon/11_Series.ir,11_Series,11_Series,0.45,inventory.model,False,[],True
0cb651baa3b5416f,_Converted_/Pronto/D/Denon/1560.ir,1560,,0.0,,False,[],True
f4a23546f4b4bfef,_Converted_/Pronto/D/Denon/AVC-2000.ir,AVC-2000,AVC-2000,0.45,inventory.model,False,[],True
870b12c143c2d9d8,_Converted_/Pronto/D/Denon/AVC-3000_(AMP_MODE).ir,AVC-3000_(AMP_MODE),,0.0,,False,[],True
5520a568d293b32d,_Converted_/Pronto/D/Denon/AVC-3020.ir,AVC-3020,AVC-3020,0.45,inventory.model,False,[],True
ff2062405b107e48,_Converted_/Pronto/D/Denon/AVC-700_(AMPLIFIER).ir,AVC-700_(AMPLIFIER),,0.0,,False,[],True
ebcd50f8782e118f,_Converted_/Pronto/D/Denon/AVP_8000.ir,AVP_8000,AVP_8000,0.45,inventory.model,False,[],True
23948d9554fe7540,_Converted_/Pronto/D/Denon/AVR's.ir,AVR's,,0.0,,False,[],True
a12b56366994ced2,_Converted_/Pronto/D/Denon/AVR-1010.ir,AVR-1010,AVR-1010,0.45,inventory.model,False,[],True
2693d067f9158566,_Converted_/Pronto/D/Denon/AVR-1612.ir,AVR-1612,AVR-1612,0.45,inventory.model,False,[],True
b5c859cd69e26e35,_Converted_/Pronto/D/Denon/AVR-1905.ir,AVR-1905,AVR-1905,0.45,inventory.model,False,[],True
87a23acf79ac41b7,_Converted_/Pronto/D/Denon/AVR-1912.ir,AVR-1912,AVR-1912,0.45,inventory.model,False,[],True
6c2747141476973e,_Converted_/Pronto/D/Denon/AVR-2112CI.ir,AVR-2112CI,AVR-2112CI,0.45,inventory.model,False,[],True
72e4ad4950a7e1da,_Converted_/Pronto/D/Denon/AVR-2400-2600.ir,AVR-2400-2600,AVR-2400-2600,0.45,inventory.model,False,[],True
9f52e67b86795ad6,_Converted_/Pronto/D/Denon/AVR-2801P.ir,AVR-2801P,AVR-2801P,0.45,inventory.model,False,[],True
202bcddd937e6909,_Converted_/Pronto/D/Denon/AVR-2802.ir,AVR-2802,AVR-2802,0.45,inventory.model,False,[],True
a18ce08e403789b4,_Converted_/Pronto/D/Denon/AVR-3200.ir,AVR-3200,AVR-3200,0.45,inventory.model,False,[],True
96e459c0fb1c98e9,_Converted_/Pronto/D/Denon/AVR-3300.ir,AVR-3300,AVR-3300,0.45,inventory.model,False,[],True
c705be7e3aaea31e,_Converted_/Pronto/D/Denon/AVR-3312CI.ir,AVR-3312CI,AVR-3312CI,0.45,inventory.model,False,[],True
c9cfcc56b615bded,_Converted_/Pronto/D/Denon/AVR-3600_CASSETTE.ir,AVR-3600_CASSETTE,AVR-3600_CASSETTE,0.45,inventory.model,False,[],True
831d9dc6896e7215,_Converted_/Pronto/D/Denon/AVR-3600_CD.ir,AVR-3600_CD,AVR-3600_CD,0.45,inventory.model,False,[],True
0fd1db8d3b4ae176,_Converted_/Pronto/D/Denon/AVR-3600_LASER_DISC.ir,AVR-3600_LASER_DISC,AVR-3600_LASER_DISC,0.45,inventory.model,False,[],True
354dbf644b0a0020,_Converted_/Pronto/D/Denon/AVR-3600_RECEIVER.ir,AVR-3600_RECEIVER,AVR-3600_RECEIVER,0.45,inventory.model,False,[],True
b40988a18e03fde1,_Converted_/Pronto/D/Denon/AVR-3600_VCR.ir,AVR-3600_VCR,AVR-3600_VCR,0.45,inventory.model,False,[],True
e912cf2d7f1c8fdc,_Converted_/Pronto/D/Denon/AVR-3801.ir,AVR-3801,AVR-3801,0.45,inventory.model,False,[],True
4a67f649c82eff58,_Converted_/Pronto/D/Denon/AVR-4311CI.ir,AVR-4311CI,AVR-4311CI,0.45,inventory.model,False,[],True
4b6c072c0793fa95,_Converted_/Pronto/D/Denon/AVR-5600_-_AUDIO-CASS.ir,AVR-5600_-_AUDIO-CASS,AVR-5600_-_AUDIO-CASS,0.45,inventory.model,False,[],True
9b61002c9ed0bc85,_Converted_/Pronto/D/Denon/AVR-5600_-_AUDIO-CD.ir,AVR-5600_-_AUDIO-CD,AVR-5600_-_AUDIO-CD,0.45,inventory.model,False,[],True
89cccd25986da2f9,_Converted_/Pronto/D/Denon/AVR-5600_-_AUDIO-DAT.ir,AVR-5600_-_AUDIO-DAT,AVR-5600_-_AUDIO-DAT,0.45,inventory.model,False,[],True
d12904b6ebe9df2b,_Converted_/Pronto/D/Denon/AVR-5600_-_VIDEO-TV.ir,AVR-5600_-_VIDEO-TV,AVR-5600_-_VIDEO-TV,0.45,inventory.model,False,[],True
8ee31ff74ab52592,_Converted_/Pronto/D/Denon/AVR-5600_-_VIDEO-VCR.ir,AVR-5600_-_VIDEO-VCR,AVR-5600_-_VIDEO-VCR,0.45,inventory.model,False,[],True
9bbfb32d9feb57f9,_Converted_/Pronto/D/Denon/AVR-5600_-_VIDEO-VDP.ir,AVR-5600_-_VIDEO-VDP,AVR-5600_-_VIDEO-VDP,0.45,inventory.model,False,[],True
23919c586ea2ad92,_Converted_/Pronto/D/Denon/AVR-5700.ir,AVR-5700,AVR-5700,0.45,inventory.model,False,[],True
e1eec2f888411c38,_Converted_/Pronto/D/Denon/AVR_Series.ir,AVR_Series,,0.0,,False,[],True
0746570998e0c6f9,_Converted_/Pronto/D/Denon/DBT-1713UD.ir,DBT-1713UD,DBT-1713UD,0.45,inventory.model,False,[],True
bc8e41c0e0d27754,_Converted_/Pronto/D/Denon/DCM-270.ir,DCM-270,DCM-270,0.45,inventory.model,False,[],True
4d88fd9b32440009,_Converted_/Pronto/D/Denon/DCM-370.ir,DCM-370,DCM-370,0.45,inventory.model,False,[],True
8d4a397932d02f9a,_Converted_/Pronto/D/Denon/DCM-5000.ir,DCM-5000,DCM-5000,0.45,inventory.model,False,[],True
c6487feb0775ba90,_Converted_/Pronto/D/Denon/DCM-520_CD_PLAYER.ir,DCM-520_CD_PLAYER,DCM-520_CD_PLAYER,0.45,inventory.model,False,[],True
eeab1c8eda622153,_Converted_/Pronto/D/Denon/DENON_AVR-3200.ir,AVR-3200,AVR-3200,0.45,inventory.model,True,"[""DENON_AVR-3200""]",True
b19fffea1c744565,_Converted_/Pronto/D/Denon/DISCREET_CODES.ir,DISCREET_CODES,,0.0,,False,[],True
f60d8bc3985f6643,_Converted_/Pronto/D/Denon/DMD-1300.ir,DMD-1300,DMD-1300,0.45,inventory.model,False,[],True
203a1d3214f1b1eb,_Converted_/Pronto/D/Denon/DN-200.ir,DN-200,DN-200,0.45,inventory.model,False,[],True
488501cb1b82d62e,_Converted_/Pronto/D/Denon/DN-H800.ir,DN-H800,DN-H800,0.45,inventory.model,False,[],True
e5036417ab1b92ed,_Converted_/Pronto/D/Denon/DN1200F.ir,DN1200F,DN1200F,0.45,inventory.model,False,[],True
ed6747d57b533921,_Converted_/Pronto/D/Denon/DNP-720AE.ir,DNP-720AE,DNP-720AE,0.45,inventory.model,False,[],True
28e6124b269c4178,_Converted_/Pronto/D/Denon/DNT-620.ir,DNT-620,DNT-620,0.45,inventory.model,False,[],True
549107c0ee2b6618,_Converted_/Pronto/D/Denon/DRA-275.ir,DRA-275,DRA-275,0.45,inventory.model,False,[],True
de4d5809cdb85e7d,_Converted_/Pronto/D/Denon/DRA-375.ir,DRA-375,DRA-375,0.45,inventory.model,False,[],True
69b1f08ca0a348dd,_Converted_/Pronto/D/Denon/DRA-685.ir,DRA-685,DRA-685,0.45,inventory.model,False,[],True
3bc5ce2d1d16d57f,_Converted_/Pronto/D/Denon/DRA_375_RD.ir,DRA_375_RD,DRA_375_RD,0.45,inventory.model,False,[],True
e6308856c0f10e8e,_Converted_/Pronto/D/Denon/DRR-780.ir,DRR-780,DRR-780,0.45,inventory.model,False,[],True
17ab52573dbab69f,_Converted_/Pronto/D/Denon/DR_680.ir,DR_680,DR_680,0.45,inventory.model,False,[],True
17fde2f502f98ee7,_Converted_/Pronto/D/Denon/DUAL_TAPE_DECK.ir,DUAL_TAPE_DECK,,0.0,,False,[],True
b29baecf4596256a,_Converted_/Pronto/D/Denon/DVD-1800BD.ir,DVD-1800BD,DVD-1800BD,0.45,inventory.model,False,[],True
5e84e9d8199ba639,_Converted_/Pronto/D/Denon/DVD-2000.ir,DVD-2000,DVD-2000,0.45,inventory.model,False,[],True
a42cb4f829610544,_Converted_/Pronto/D/Denon/DVD-2500BTCI.ir,DVD-2500BTCI,DVD-2500BTCI,0.45,inventory.model,False,[],True
bd09c89eea0029ef,_Converted_/Pronto/D/Denon/DVD-2800.ir,DVD-2800,DVD-2800,0.45,inventory.model,False,[],True
cadb7c1a9cb4f80b,_Converted_/Pronto/D/Denon/DVD-3000.ir,DVD-3000,DVD-3000,0.45,inventory.model,False,[],True
21ef2a910f97a1df,_Converted_/Pronto/D/Denon/DVD-3800BDCI-DVD-2500BTCI.ir,DVD-3800BDCI-DVD-2500BTCI,DVD-3800BDCI-DVD-2500BTCI,0.45,inventory.model,False,[],True
ae9743515c1825fe,_Converted_/Pronto/D/Denon/DVD-3800BDCI.ir,DVD-3800BDCI,DVD-3800BDCI,0.45,inventory.model,False,[],True
c1c830939bde5dd4,_Converted_/Pronto/D/Denon/DVD-800.ir,DVD-800,DVD-800,0.45,inventory.model,False,[],True
f76fbe1e8364079b,_Converted_/Pronto/D/Denon/DVD1500.ir,DVD1500,DVD1500,0.45,inventory.model,False,[],True
e32ff8bf694f8c7f,_Converted_/Pronto/D/Denon/DVD5000.ir,DVD5000,DVD5000,0.45,inventory.model,False,[],True
79d874a2d6b2ab69,_Converted_/Pronto/D/Denon/DVD_557.ir,DVD_557,DVD_557,0.45,inventory.model,False,[],True
0d37289bf27726f8,_Converted_/Pronto/D/Denon/DVM-1815.ir,DVM-1815,DVM-1815,0.45,inventory.model,False,[],True
91096bf547e87d4c,_Converted_/Pronto/D/Denon/DVM-3700.ir,DVM-3700,DVM-3700,0.45,inventory.model,False,[],True
bc7fe032e54c21b0,_Converted_/Pronto/D/Denon/Denon_AVR-1910.ir,AVR-1910,AVR-1910,0.45,inventory.model,True,"[""Denon_AVR-1910""]",True
0d491bcefca17b56,_Converted_/Pronto/D/Denon/FM_TUNER.ir,FM_TUNER,,0.0,,False,[],True
f040a7c6eefbc593,_Converted_/Pronto/D/Denon/LA-3500_CD_PLAYER.ir,LA-3500_CD_PLAYER,LA-3500_CD_PLAYER,0.45,inventory.model,False,[],True
7df1adfaa92380b3,_Converted_/Pronto/D/Denon/LA3500_LASER_DISC.ir,LA3500_LASER_DISC,LA3500_LASER_DISC,0.45,inventory.model,False,[],True
b3b63ab46e659b74,_Converted_/Pronto/D/Denon/MULTI_-_UNIMOTE.ir,MULTI_-_UNIMOTE,,0.0,,False,[],True
e97b0c2b9925f262,_Converted_/Pronto/D/Denon/MULTI_LASER_DISC_PLAYER.ir,MULTI_LASER_DISC_PLAYER,,0.0,,False,[],True
f56d881346fc0961,_Converted_/Pronto/D/Denon/No_model.ir,No_model,,0.0,,False,[],True
5fe78efe1a8c3f94,_Converted_/Pronto/D/Denon/No_model_1.ir,No_model_1,No_model_1,0.45,inventory.model,False,[],True
fb6b178359170cc5,_Converted_/Pronto/D/Denon/RC-813_DAT.ir,RC-813_DAT,RC-813_DAT,0.45,inventory.model,False,[],True
01d787a6f7178569,_Converted_/Pronto/D/Denon/RCU-620.ir,RCU-620,RCU-620,0.45,inventory.model,False,[],True
7bb884055057cf2e,_Converted_/Pronto/D/Denon/RECEIVER.ir,RECEIVER,,0.0,,False,[],True
9a80cee51f5885a0,_Converted_/Pronto/D/Denon/TU-460.ir,TU-460,TU-460,0.45,inventory.model,False,[],True
09952f6976bcc7c4,_Converted_/Pronto/D/Denon/TU1500RD.ir,TU1500RD,TU1500RD,0.45,inventory.model,False,[],True
2c2fed14fcded92a,_Converted_/Pronto/D/Denon/UNIVERSAL_REMOTE_CONTROL.ir,UNIVERSAL_REMOTE_CONTROL,,0.0,,False,[],True
11fe7bac8ad8ce4c,_Converted_/Pronto/D/Denon/multiple_AVR_models.ir,multiple_AVR_models,,0.0,,False,[],True
833f18f18332dba6,_Converted_/Pronto/D/Digital_Projection/3GV.ir,3GV,3GV,0.45,inventory.model,False,[],True
a901f78f2aec8c46,_Converted_/Pronto/D/Digital_Projection/Titan_700_Series.ir,Titan_700_Series,Titan_700_Series,0.45,inventory.model,False,[],True
cfe55cdfb2f92e40,_Converted_/Pronto/D/DirecTV/D10.ir,D10,D10,0.45,inventory.model,False,[],True
9362bb12518baf05,_Converted_/Pronto/D/DirecTV/DIRECTV_H24-700.ir,H24-700,H24-700,0.45,inventory.model,True,"[""DIRECTV_H24-700""]",True
fe90095bd9da6438,_Converted_/Pronto/D/DirecTV/DirecTV_H20-HR20(DVR).ir,H20-HR20(DVR),,0.0,,False,[],True
cf09fb7dd3cdeacf,_Converted_/Pronto/D/DirecTV/DirecTV_H21-HR21(DVR)_Version_3.ir,H21-HR21(DVR)_Version_3,,0.0,,False,[],True
df6f312d999b20dd,_Converted_/Pronto/D/DirecTV/DirecTV_H21.ir,H21,H21,0.45,inventory.model,True,"[""DirecTV_H21""]",True
81350fb2c8a55d98,_Converted_/Pronto/D/DirecTV/HR24.ir,HR24,HR24,0.45,inventory.model,False,[],True
282e1ca07234eb66,_Converted_/Pronto/D/DirecTV/HR25-100.ir,HR25-100,HR25-100,0.45,inventory.model,False,[],True
7bd95419e6710dd2,_Converted_/Pronto/D/DirecTV/N-A.ir,N-A,,0.0,,False,[],True
2757e2bf7e8e146a,_Converted_/Pronto/D/DirecTV/RC65X_Remote.ir,RC65X_Remote,RC65X_Remote,0.45,inventory.model,False,[],True
951ab38f27f3ac85,_Converted_/Pronto/D/Dish/4900.ir,4900,,0.0,,False,[],True
be4ead6ddd394c42,_Converted_/Pronto/D/Dish/DishNet_DVR_[ir_5.3]_New.ir,DishNet_DVR_[ir_5.3]_New,,0.0,,False,[],True
58e8d51825367f6a,"_Converted_/Pronto/D/Dish/HD_ViP622_(DVR),_HD_ViP722_(DVR).ir","HD_ViP622_(DVR),_HD_ViP722_(DVR)",,0.0,,False,[],True
5e0e518e837a213b,_Converted_/Pronto/D/Dish/SATTELITE_RECEIVER.ir,SATTELITE_RECEIVER,,0.0,,False,[],True
d9d353d25bdac4ef,_Converted_/Pronto/D/Dish/VIP622_DVR.ir,VIP622_DVR,VIP622_DVR,0.45,inventory.model,False,[],True
8eaaae6c7d6e669c,"_Converted_/Pronto/D/Dish/ViP211K_(DVR),_ViP211_(DVR),_411.ir","ViP211K_(DVR),_ViP211_(DVR),_411",,0.0,,False,[],True
75f51300a7b5061e,_Converted_/Pronto/D/Draper/Device_remote.ir,Device_remote,,0.0,,False,[],True
a86e11efb5b813ff,_Converted_/Pronto/D/Draper/Generic_IRT.ir,Generic_IRT,,0.0,,False,[],True
e9ac0ea4f9d3d3ed,_Converted_/Pronto/D/Draper/PROFILE.ir,PROFILE,,0.0,,False,[],True
dccef8b127659493,_Converted_/Pronto/D/Draper/Sonata.ir,Sonata,,0.0,,False,[],True
a0b85ef8450f8cdf,_Converted_/Pronto/D/Dream/Dream_Multimedia_-_Dream.ir,Multimedia_-_Dream,,0.0,,False,[],True
b1a078cf9b0d3c42,_Converted_/Pronto/D/Dream/Dream_Multimedia_-_TV.ir,Multimedia_-_TV,,0.0,,False,[],True
5a42f07eb69dca72,_Converted_/Pronto/D/Dual_Cassette/W850R.ir,W850R,W850R,0.45,inventory.model,False,[],True
37d4490563bdce10,_Converted_/Pronto/D/Dukane/8020.ir,8020,,0.0,,False,[],True
7270073407b90600,_Converted_/Pronto/D/Dukane/8728A_8711.ir,8728A_8711,8728A_8711,0.45,inventory.model,False,[],True
9581964871fd0904,_Converted_/Pronto/D/Dukane/8756.ir,8756,,0.0,,False,[],True
88304d5909187440,_Converted_/Pronto/D/Dwin/HD700.ir,HD700,HD700,0.45,inventory.model,False,[],True
3f47fb9718fec797,_Converted_/Pronto/D/Dwin/HDP-500.ir,HDP-500,HDP-500,0.45,inventory.model,False,[],True
8a3a62c069e0cfc2,_Converted_/Pronto/D/Dwin/LD-5.ir,LD-5,LD-5,0.45,inventory.model,False,[],True
d9dc9fbfd1468ac6,_Converted_/Pronto/D/Dwin/SYSTEM_LD2_LINE_DOUBLER_AND_A-V_CONTROL_CENTER.ir,SYSTEM_LD2_LINE_DOUBLER_AND_A-V_CONTROL_CENTER,SYSTEM_LD2_LINE_DOUBLER_AND_A-V_CONTROL_CENTER,0.45,inventory.model,False,[],True
dfa1b3979bb5411f,_Converted_/Pronto/E/Echostar/501.ir,501,,0.0,,False,[],True
846ad0cd67967502,_Converted_/Pronto/E/Echostar/DISH.ir,DISH,,0.0,,False,[],True
ba7ef8ed1ae7d0e8,_Converted_/Pronto/E/Echostar/EXPRESS_VU_3100.ir,EXPRESS_VU_3100,EXPRESS_VU_3100,0.45,inventory.model,False,[],True
28b4f98c6f986ae5,_Converted_/Pronto/E/Echostar/MODEL_5000.ir,MODEL_5000,MODEL_5000,0.45,inventory.model,False,[],True
997be2efac2bcdff,_Converted_/Pronto/E/Echostar/MODEL_6000.ir,MODEL_6000,MODEL_6000,0.45,inventory.model,False,[],True
03c7a1dfc4eefd34,_Converted_/Pronto/E/Echostar/N-A.ir,N-A,,0.0,,False,[],True
746b68ce30d1044e,_Converted_/Pronto/E/Echostar/No_model.ir,No_model,,0.0,,False,[],True
ba765f5dd8fbe448,_Converted_/Pronto/E/Eike/LC-NB1U.ir,LC-NB1U,LC-NB1U,0.45,inventory.model,False,[],True
0833ad1c639559e8,_Converted_/Pronto/E/Eike/LC-X1U.ir,LC-X1U,LC-X1U,0.45,inventory.model,False,[],True
b93562d05d2a90c8,_Converted_/Pronto/E/Eiki/LC-360.ir,LC-360,LC-360,0.45,inventory.model,False,[],True
eee4230e343323af,_Converted_/Pronto/E/Eiki/LC-4200.ir,LC-4200,LC-4200,0.45,inventory.model,False,[],True
c4b57c859739fe9a,_Converted_/Pronto/E/Eiki/LC-FX1U.ir,LC-FX1U,LC-FX1U,0.45,inventory.model,False,[],True
9c1525afc1c881a2,_Converted_/Pronto/E/Eiki/LC-SVGA860.ir,LC-SVGA860,LC-SVGA860,0.45,inventory.model,False,[],True
ea4da9f20689a1e1,_Converted_/Pronto/E/Eiki/LC-SX1U.ir,LC-SX1U,LC-SX1U,0.45,inventory.model,False,[],True
4913f7b1822a7981,_Converted_/Pronto/E/Eiki/LCXGA98OUE.ir,LCXGA98OUE,LCXGA98OUE,0.45,inventory.model,False,[],True
eface080581fce09,_Converted_/Pronto/E/Elan/HDR2000.ir,HDR2000,HDR2000,0.45,inventory.model,False,[],True
e3dccd1bccffecab,_Converted_/Pronto/E/Elan/Z_SERIES.ir,Z_SERIES,,0.0,,False,[],True
fe920eee517d83f6,_Converted_/Pronto/E/Electrocompaniet/24-192.ir,24-192,,0.0,,False,[],True
924da3c40f6263d9,_Converted_/Pronto/E/Electrohome/ECP-3000_4000_4101.ir,ECP-3000_4000_4101,ECP-3000_4000_4101,0.45,inventory.model,False,[],True
98b181988586a621,_Converted_/Pronto/E/Electrohome/ECP-3000_4000_4101_Rev_A.ir,ECP-3000_4000_4101_Rev_A,ECP-3000_4000_4101_Rev_A,0.45,inventory.model,False,[],True
0dd51cf77f1853ca,_Converted_/Pronto/E/Electrohome/ECP-4500.ir,ECP-4500,ECP-4500,0.45,inventory.model,False,[],True
2e26020fc45f2ab4,_Converted_/Pronto/E/Electrohome/EPS-1024.ir,EPS-1024,EPS-1024,0.45,inventory.model,False,[],True
18e5eb738ac20d28,_Converted_/Pronto/E/Electrohome/EPS-800.ir,EPS-800,EPS-800,0.45,inventory.model,False,[],True
83cc535ac07187a9,_Converted_/Pronto/E/Electrohome/MARQUEE_8000.ir,MARQUEE_8000,MARQUEE_8000,0.45,inventory.model,False,[],True
a321cbc09528c7bd,_Converted_/Pronto/E/Electrohome/MARQUEE_8500.ir,MARQUEE_8500,MARQUEE_8500,0.45,inventory.model,False,[],True
d9f726970e63016b,_Converted_/Pronto/E/Electrohome/VISTAPRO+.ir,VISTAPRO+,,0.0,,False,[],True
55ad879e467b8e3d,_Converted_/Pronto/E/Electrohome/VISTAPRO+_1.ir,VISTAPRO+_1,VISTAPRO+_1,0.45,inventory.model,False,[],True
e730172a00f09fbb,_Converted_/Pronto/E/Electronics/USV82.ir,USV82,USV82,0.45,inventory.model,False,[],True
d263aee8d1722d07,_Converted_/Pronto/E/Elero/90-15_CHANNEL_SENDER.ir,90-15_CHANNEL_SENDER,90-15_CHANNEL_SENDER,0.45,inventory.model,False,[],True
40bc101bd1c69980,_Converted_/Pronto/E/Elero/IR-90.ir,IR-90,IR-90,0.45,inventory.model,False,[],True
ffc3fdfc44b9f3a4,_Converted_/Pronto/E/Elero/IR-HANDSENDER.ir,IR-HANDSENDER,,0.0,,False,[],True
4c21854aaed7fa7a,_Converted_/Pronto/E/Elite/PRO-70X5FD.ir,PRO-70X5FD,PRO-70X5FD,0.45,inventory.model,False,[],True
adae34dda591a9d2,_Converted_/Pronto/E/Elmo/DT-100AF.ir,DT-100AF,DT-100AF,0.45,inventory.model,False,[],True
c190b23075c4b30b,_Converted_/Pronto/E/Elmo/EV-4400AF.ir,EV-4400AF,EV-4400AF,0.45,inventory.model,False,[],True
0e8d8972bc5e5708,_Converted_/Pronto/E/Elmo/EV6000.ir,EV6000,EV6000,0.45,inventory.model,False,[],True
5af5fca0607a9117,_Converted_/Pronto/E/Elmo/HV-3000XG.ir,HV-3000XG,HV-3000XG,0.45,inventory.model,False,[],True
9c6f2430c1db8741,_Converted_/Pronto/E/Elmo/TRS-35XG.ir,TRS-35XG,TRS-35XG,0.45,inventory.model,False,[],True
a4e3bf4bfd5038e6,_Converted_/Pronto/E/Entone_Cable_Box/Clear_Vision_Clear_Lk_Iowa_Cbl_Box_w-DVR_by_Drew.ir,Clear_Vision_Clear_Lk_Iowa_Cbl_Box_w-DVR_by_Drew,,0.0,,False,[],True
29ad1631c77a0251,_Converted_/Pronto/E/Epson/8000i.ir,8000i,8000i,0.45,inventory.model,False,[],True
aac52bcff297276b,_Converted_/Pronto/E/Epson/9000i.ir,9000i,9000i,0.45,inventory.model,False,[],True
9402910b0341d2ec,_Converted_/Pronto/E/Epson/Assorted_ELP_Series.ir,Assorted_ELP_Series,,0.0,,False,[],True
a7b166b9e7f763d7,_Converted_/Pronto/E/Epson/ELP-3500-5000XB-7000XB.ir,ELP-3500-5000XB-7000XB,ELP-3500-5000XB-7000XB,0.45,inventory.model,False,[],True
dba869d42a6bf6e2,_Converted_/Pronto/E/Epson/ELP5000.ir,ELP5000,ELP5000,0.45,inventory.model,False,[],True
25f1d2f17341afaa,_Converted_/Pronto/E/Epson/ELP7300.ir,ELP7300,ELP7300,0.45,inventory.model,False,[],True
fb00470417b60eab,_Converted_/Pronto/E/Epson/ELP_3000.ir,ELP_3000,ELP_3000,0.45,inventory.model,False,[],True
15bd82c133c8e545,_Converted_/Pronto/E/Epson/EMP7700.ir,EMP7700,EMP7700,0.45,inventory.model,False,[],True
98f914d15b3ec9a1,_Converted_/Pronto/E/Epson/LCD_PROJECTOR_(NO_TOUCHDISC).ir,LCD_PROJECTOR_(NO_TOUCHDISC),,0.0,,False,[],True
f5029c57f8c4d918,_Converted_/Pronto/E/Epson/POWERLITE_7250.ir,POWERLITE_7250,POWERLITE_7250,0.45,inventory.model,False,[],True
bda7a92cffe3649e,_Converted_/Pronto/E/Epson/POWERLITE_7350-5350.ir,POWERLITE_7350-5350,POWERLITE_7350-5350,0.45,inventory.model,False,[],True
a055ef5e7bf5261f,_Converted_/Pronto/E/Epson/PowerLite_1705c_Projector.ir,PowerLite_1705c_Projector,PowerLite_1705c_Projector,0.45,inventory.model,False,[],True
b1d69b17e78c8b3e,_Converted_/Pronto/E/Epson/PowerLite_7600p.ir,PowerLite_7600p,PowerLite_7600p,0.45,inventory.model,False,[],True
7b13cbfd498f11d7,_Converted_/Pronto/E/Epson/PowerLite_81p_Multimedia_Projector.ir,PowerLite_81p_Multimedia_Projector,PowerLite_81p_Multimedia_Projector,0.45,inventory.model,False,[],True
6872088add00b868,_Converted_/Pronto/E/Epson/Power_Lite_Pro_G5650W.ir,Power_Lite_Pro_G5650W,Power_Lite_Pro_G5650W,0.45,inventory.model,False,[],True
ed99347937d98843,_Converted_/Pronto/E/Epson/Powerlite_400W.ir,Powerlite_400W,Powerlite_400W,0.45,inventory.model,False,[],True
ec069104d9970f4f,_Converted_/Pronto/E/Epson/Powerlite_8100.ir,Powerlite_8100,Powerlite_8100,0.45,inventory.model,False,[],True
99a4fc6cba3cbf33,_Converted_/Pronto/E/Epson/V11H419020.ir,V11H419020,V11H419020,0.45,inventory.model,False,[],True
990d2fa7716241f8,_Converted_/Pronto/E/Epson/V11H420320M.ir,V11H420320M,V11H420320M,0.45,inventory.model,False,[],True
1218235b39596911,_Converted_/Pronto/E/Epson/V11H421020.ir,V11H421020,V11H421020,0.45,inventory.model,False,[],True
790baeee1bd4d4e3,_Converted_/Pronto/E/Escient/FIREBALL.ir,FIREBALL,,0.0,,False,[],True
0e273415a74ffb51,_Converted_/Pronto/E/Escient/POWERPLAY.ir,POWERPLAY,,0.0,,False,[],True
2b670aeadf2217be,_Converted_/Pronto/E/Escient/POWER_PLAY.ir,POWER_PLAY,,0.0,,False,[],True
9d5395a52d48328b,_Converted_/Pronto/E/Escient/TB100.ir,TB100,TB100,0.45,inventory.model,False,[],True
0cf909e0029a8ee4,_Converted_/Pronto/E/Escient/TUNEBASE_100_KEYBOARD.ir,TUNEBASE_100_KEYBOARD,TUNEBASE_100_KEYBOARD,0.45,inventory.model,False,[],True
80efe2de409a8076,_Converted_/Pronto/E/Escient/TUNEBASE_200.ir,TUNEBASE_200,TUNEBASE_200,0.45,inventory.model,False,[],True
8cff3d46fd08814e,_Converted_/Pronto/E/Escient/TUNEBASE_2000.ir,TUNEBASE_2000,TUNEBASE_2000,0.45,inventory.model,False,[],True
d986fe88939a02c7,_Converted_/Pronto/E/Escient/TUNEBASE_2000_1.ir,TUNEBASE_2000_1,TUNEBASE_2000_1,0.45,inventory.model,False,[],True
c16a28579ad10b6b,_Converted_/Pronto/E/Esoteric/DV-60.ir,DV-60,DV-60,0.45,inventory.model,False,[],True
8350c943b7df22b7,_Converted_/Pronto/E/EverQuest/Elite_Plus.ir,Elite_Plus,,0.0,,False,[],True
866c0100d8b60574,_Converted_/Pronto/E/Extron/SYSTEM_5-CR.ir,SYSTEM_5-CR,SYSTEM_5-CR,0.45,inventory.model,False,[],True
a2e621b99f3ad67b,_Converted_/Pronto/F/Fanfare/REMOTE_TUNER_CONTROLLER.ir,REMOTE_TUNER_CONTROLLER,,0.0,,False,[],True
1e57afa23748d462,_Converted_/Pronto/F/Fanon/FANSAT.ir,FANSAT,,0.0,,False,[],True
852fd9073fcce41f,_Converted_/Pronto/F/Farenheit/DVD-10.ir,DVD-10,DVD-10,0.45,inventory.model,False,[],True
1b7e303932dc3e72,_Converted_/Pronto/F/Farenheit/VCR-102T.ir,VCR-102T,VCR-102T,0.45,inventory.model,False,[],True
eebde6f5d2a21e70,_Converted_/Pronto/F/Faroudja/D-1000.ir,D-1000,D-1000,0.45,inventory.model,False,[],True
3d5ef11c79fa2c6c,_Converted_/Pronto/F/Faroudja/DVP2200.ir,DVP2200,DVP2200,0.45,inventory.model,False,[],True
ce9a9d6509e8a04f,_Converted_/Pronto/F/Faroudja/DVP5000.ir,DVP5000,DVP5000,0.45,inventory.model,False,[],True
376d07231721b7f1,_Converted_/Pronto/F/Faroudja/LD-200.ir,LD-200,LD-200,0.45,inventory.model,False,[],True
4eea8ebc71ba230b,_Converted_/Pronto/F/Faroudja/LD-200_1.ir,LD-200_1,LD-200_1,0.45,inventory.model,False,[],True
fca30675aa0497e3,_Converted_/Pronto/F/Faroudja/VP250_LINE_DOUBLER_-_EVEN.ir,VP250_LINE_DOUBLER_-_EVEN,VP250_LINE_DOUBLER_-_EVEN,0.45,inventory.model,False,[],True
dbd918527037f98b,_Converted_/Pronto/F/Faroudja/VP250_LINE_DOUBLER_-_ODD.ir,VP250_LINE_DOUBLER_-_ODD,VP250_LINE_DOUBLER_-_ODD,0.45,inventory.model,False,[],True
650406139001a7a6,_Converted_/Pronto/F/Faroudja/VP251.ir,VP251,VP251,0.45,inventory.model,False,[],True
a1ff8504e4fe546c,_Converted_/Pronto/F/Fisher/DAC2403.ir,DAC2403,DAC2403,0.45,inventory.model,False,[],True
84b99606eb12944d,_Converted_/Pronto/F/Fisher/FVH-839.ir,FVH-839,FVH-839,0.45,inventory.model,False,[],True
e70930016d30c2dc,_Converted_/Pronto/F/Focus/444-62-40.ir,444-62-40,,0.0,,False,[],True
4edd09418639cce2,_Converted_/Pronto/F/Fosgate/MODEL_TWO_SURROUND_PROCESSOR.ir,MODEL_TWO_SURROUND_PROCESSOR,,0.0,,False,[],True
93f4387867192253,_Converted_/Pronto/F/Fosgate_Audionics/MODEL_3A.ir,MODEL_3A,MODEL_3A,0.45,inventory.model,False,[],True
45fd660b13a003e6,_Converted_/Pronto/F/Fosgate_Audionics/MODEL_3A_-_PULSEIR_DRIVER_8991.ir,MODEL_3A_-_PULSEIR_DRIVER_8991,MODEL_3A_-_PULSEIR_DRIVER_8991,0.45,inventory.model,False,[],True
b4457de7779712e7,_Converted_/Pronto/F/Fosgate_Audionics/MODEL_4.ir,MODEL_4,MODEL_4,0.45,inventory.model,False,[],True
ce0e197a0d66da03,_Converted_/Pronto/F/Fostex/D5.ir,D5,,0.0,,False,[],True
37ac398e71a06538,_Converted_/Pronto/F/Fox/LITE_TOUCH_108.ir,LITE_TOUCH_108,LITE_TOUCH_108,0.45,inventory.model,False,[],True
62e01b719bad759c,_Converted_/Pronto/F/Foxtel/IQ2.ir,IQ2,IQ2,0.45,inventory.model,False,[],True
171bd464a0798824,_Converted_/Pronto/F/Fujitsu/DS4201_PLASMA_DISPLAY.ir,DS4201_PLASMA_DISPLAY,DS4201_PLASMA_DISPLAY,0.45,inventory.model,False,[],True
6e822bbc615875ce,_Converted_/Pronto/F/Fujitsu/P50XTA51UB.ir,P50XTA51UB,P50XTA51UB,0.45,inventory.model,False,[],True
0ab7ef315c41dc38,_Converted_/Pronto/F/Fujitsu/PDS-2173-B.ir,PDS-2173-B,PDS-2173-B,0.45,inventory.model,False,[],True
841b965e97c7d9bb,_Converted_/Pronto/F/Funai/VCR.ir,VCR,,0.0,,False,[],True
fc578228f7612b29,_Converted_/Pronto/G/GC_Electronics/32-3221.ir,32-3221,,0.0,,False,[],True
af1587f34278c4e6,_Converted_/Pronto/G/GE/DISCREET_CODES.ir,DISCREET_CODES,,0.0,,False,[],True
8179d9b6811e2e12,_Converted_/Pronto/G/GETNER/V-There_2000.ir,V-There_2000,V-There_2000,0.45,inventory.model,False,[],True
0e74e000b784d701,_Converted_/Pronto/G/GETNER/V3-2200.ir,V3-2200,V3-2200,0.45,inventory.model,False,[],True
b1609ad3b90abae3,_Converted_/Pronto/G/GETNER/VIEWLINK_RCS.ir,VIEWLINK_RCS,,0.0,,False,[],True
2061c10628d0ef69,_Converted_/Pronto/G/General_Instruments/4DTV.ir,4DTV,4DTV,0.45,inventory.model,False,[],True
624a1e82f1e3bd60,_Converted_/Pronto/G/General_Instruments/CFT-2000.ir,CFT-2000,CFT-2000,0.45,inventory.model,False,[],True
d855cd76f6d89c40,_Converted_/Pronto/G/General_Instruments/DCT1000.ir,DCT1000,DCT1000,0.45,inventory.model,False,[],True
2e3199f632d7ddd3,_Converted_/Pronto/G/General_Instruments/DCT2224.ir,DCT2224,DCT2224,0.45,inventory.model,False,[],True
7776d5ba3925a6ea,_Converted_/Pronto/G/General_Instruments/DCT_2244-11611.ir,DCT_2244-11611,DCT_2244-11611,0.45,inventory.model,False,[],True
b2631484af0f2d8c,_Converted_/Pronto/G/General_Instruments/DXT1134-1151.ir,DXT1134-1151,DXT1134-1151,0.45,inventory.model,False,[],True
f7890adc74d643c8,_Converted_/Pronto/G/General_Instruments/GIDCTV103.ir,GIDCTV103,GIDCTV103,0.45,inventory.model,False,[],True
d1daf589a4e80886,_Converted_/Pronto/G/General_Instruments/IMPULSE_BOX.ir,IMPULSE_BOX,,0.0,,False,[],True
5098b9553da40775,_Converted_/Pronto/G/General_Instruments/INNOVATION_650I_SATELLITE_RECEIVER.ir,INNOVATION_650I_SATELLITE_RECEIVER,INNOVATION_650I_SATELLITE_RECEIVER,0.45,inventory.model,False,[],True
cfd3aa14e274a5c0,_Converted_/Pronto/G/General_Instruments/MUSIC_CHIOCE_TUNER_DCR-4000.ir,MUSIC_CHIOCE_TUNER_DCR-4000,MUSIC_CHIOCE_TUNER_DCR-4000,0.45,inventory.model,False,[],True
a86be36db177e5ab,_Converted_/Pronto/G/General_Instruments/TIME_WARNER_CABLE_BOX_ONLY.ir,TIME_WARNER_CABLE_BOX_ONLY,,0.0,,False,[],True
24cc35b11d18624c,_Converted_/Pronto/G/General_Instruments/unknown.ir,unknown,,0.0,,False,[],True
369f0dcac24a269f,_Converted_/Pronto/G/GlobeCast/DV3.ir,DV3,DV3,0.45,inventory.model,False,[],True
93e7d6ad734c5465,_Converted_/Pronto/G/GoVideo/4060_DUAL_VCR.ir,4060_DUAL_VCR,4060_DUAL_VCR,0.45,inventory.model,False,[],True
51a528abca5db4c5,_Converted_/Pronto/G/GoVideo/GV6060.ir,GV6060,GV6060,0.45,inventory.model,False,[],True
7200bca2340a0f1b,_Converted_/Pronto/G/Grace_Digital/GDI-IRDT200.ir,GDI-IRDT200,GDI-IRDT200,0.45,inventory.model,False,[],True
2aa6d49b86d4fa7b,_Converted_/Pronto/G/Grand_Channel/P71.ir,P71,P71,0.45,inventory.model,False,[],True
7c6e262a0b6d9596,_Converted_/Pronto/G/Grand_Tech/TUNE_181.ir,TUNE_181,TUNE_181,0.45,inventory.model,False,[],True
18bacc7f813aa7bf,_Converted_/Pronto/G/Grundig/GV_470.ir,GV_470,GV_470,0.45,inventory.model,False,[],True
9bf19300c25acc95,_Converted_/Pronto/H/HP/Media_Center_Control.ir,Media_Center_Control,,0.0,,False,[],True
0d9a5e408e201b92,_Converted_/Pronto/H/Haivision/Set_Top_Box.ir,Set_Top_Box,,0.0,,False,[],True
8b48e084836c0f75,_Converted_/Pronto/H/Harman_Kardon/2.0_PROCESSOR_SIGNATURE.ir,2.0_PROCESSOR_SIGNATURE,2.0_PROCESSOR_SIGNATURE,0.45,inventory.model,False,[],True
41003c0200b06c0b,_Converted_/Pronto/H/Harman_Kardon/5.0_CITATION.ir,5.0_CITATION,5.0_CITATION,0.45,inventory.model,False,[],True
73c16442b36a799e,_Converted_/Pronto/H/Harman_Kardon/7.0_CITATION.ir,7.0_CITATION,7.0_CITATION,0.45,inventory.model,False,[],True
e6bd509b865c4755,_Converted_/Pronto/H/Harman_Kardon/8.5_PROCESSOR.ir,8.5_PROCESSOR,8.5_PROCESSOR,0.45,inventory.model,False,[],True
3cccf6f86b066e22,_Converted_/Pronto/H/Harman_Kardon/AVR-35.ir,AVR-35,AVR-35,0.45,inventory.model,False,[],True
7ed3510e8c66a307,_Converted_/Pronto/H/Harman_Kardon/AVR-65.ir,AVR-65,AVR-65,0.45,inventory.model,False,[],True
152f0c7ae319dc0f,_Converted_/Pronto/H/Harman_Kardon/AVR-75.ir,AVR-75,AVR-75,0.45,inventory.model,False,[],True
cbdffe0b86014a57,_Converted_/Pronto/H/Harman_Kardon/AVR-8000.ir,AVR-8000,AVR-8000,0.45,inventory.model,False,[],True
956d26d3b249f71d,_Converted_/Pronto/H/Harman_Kardon/AVR7000.ir,AVR7000,AVR7000,0.45,inventory.model,False,[],True
f714ab13a7e7f8e9,_Converted_/Pronto/H/Harman_Kardon/AVR70_AUD-VID_RCVER.ir,AVR70_AUD-VID_RCVER,AVR70_AUD-VID_RCVER,0.45,inventory.model,False,[],True
5ed67147b3654cf0,_Converted_/Pronto/H/Harman_Kardon/AVR8000.ir,AVR8000,AVR8000,0.45,inventory.model,False,[],True
3f3784d06b978f85,_Converted_/Pronto/H/Harman_Kardon/AVR_125.ir,AVR_125,AVR_125,0.45,inventory.model,False,[],True
e094506c14f9bb67,_Converted_/Pronto/H/Harman_Kardon/AVR_310.ir,AVR_310,AVR_310,0.45,inventory.model,False,[],True
edeeaddfe096f9fa,_Converted_/Pronto/H/Harman_Kardon/AVR_500.ir,AVR_500,AVR_500,0.45,inventory.model,False,[],True
47da89d2f9622a00,_Converted_/Pronto/H/Harman_Kardon/AVR_510.ir,AVR_510,AVR_510,0.45,inventory.model,False,[],True
e7e5d6aaa4ebd7db,_Converted_/Pronto/H/Harman_Kardon/AVR_80_A-V_RECEIVER.ir,AVR_80_A-V_RECEIVER,AVR_80_A-V_RECEIVER,0.45,inventory.model,False,[],True
2c3228941a724a57,_Converted_/Pronto/H/Harman_Kardon/CDK-30.ir,CDK-30,CDK-30,0.45,inventory.model,False,[],True
0251f19e59f4b9df,_Converted_/Pronto/H/Harman_Kardon/COMPACT_DISC_CHANGER_FL-8400.ir,COMPACT_DISC_CHANGER_FL-8400,COMPACT_DISC_CHANGER_FL-8400,0.45,inventory.model,False,[],True
b1ff0c903166b5ce,_Converted_/Pronto/H/Harman_Kardon/DIGITAL_SERVO_LOGIC_SURROUND_PROCESSOR.ir,DIGITAL_SERVO_LOGIC_SURROUND_PROCESSOR,,0.0,,False,[],True
4cde99f877c75efc,_Converted_/Pronto/H/Harman_Kardon/DVD47.ir,DVD47,DVD47,0.45,inventory.model,False,[],True
ab48d0c976a69a73,_Converted_/Pronto/H/Harman_Kardon/DVD_5.ir,DVD_5,DVD_5,0.45,inventory.model,False,[],True
61ae39ad41423976,_Converted_/Pronto/H/Harman_Kardon/FL-8350.ir,FL-8350,FL-8350,0.45,inventory.model,False,[],True
7149ba7dd4cc0c37,_Converted_/Pronto/H/Harman_Kardon/FL-8450.ir,FL-8450,FL-8450,0.45,inventory.model,False,[],True
b818aea8ccbf5e4f,_Converted_/Pronto/H/Harman_Kardon/FL_8380.ir,FL_8380,FL_8380,0.45,inventory.model,False,[],True
0abde468148ca495,_Converted_/Pronto/H/Harman_Kardon/HD-720.ir,HD-720,HD-720,0.45,inventory.model,False,[],True
128703e401b95c61,_Converted_/Pronto/H/Harman_Kardon/HK-3270.ir,HK-3270,HK-3270,0.45,inventory.model,False,[],True
38e06688a134be5a,_Converted_/Pronto/H/Harman_Kardon/RECEIVER_AVR-20-MKII.ir,RECEIVER_AVR-20-MKII,RECEIVER_AVR-20-MKII,0.45,inventory.model,False,[],True
fa5e07066b691a44,_Converted_/Pronto/H/Harman_Kardon/STEREO_TUNER.ir,STEREO_TUNER,,0.0,,False,[],True
396f2f3a364fda08,_Converted_/Pronto/H/Harman_Kardon/SURROUND_RECEIVER.ir,SURROUND_RECEIVER,,0.0,,False,[],True
8310421fc1035012,_Converted_/Pronto/H/Harman_Kardon/VIDEO_PROJECTOR.ir,VIDEO_PROJECTOR,,0.0,,False,[],True
554ad6f3c3913aa4,_Converted_/Pronto/H/Hitachi/27CY22B.ir,27CY22B,27CY22B,0.45,inventory.model,False,[],True
d87c98bb829afca5,_Converted_/Pronto/H/Hitachi/36FX48B.ir,36FX48B,36FX48B,0.45,inventory.model,False,[],True
72c551f041ffb9e1,_Converted_/Pronto/H/Hitachi/42HDX99.ir,42HDX99,42HDX99,0.45,inventory.model,False,[],True
0b3fe38be296ba74,_Converted_/Pronto/H/Hitachi/53SDX89B.ir,53SDX89B,53SDX89B,0.45,inventory.model,False,[],True
80dff985f7840a56,_Converted_/Pronto/H/Hitachi/CD-L500.ir,CD-L500,CD-L500,0.45,inventory.model,False,[],True
ce9e6318c505bbcc,_Converted_/Pronto/H/Hitachi/CLU-952MP.ir,CLU-952MP,CLU-952MP,0.45,inventory.model,False,[],True
5a0bce44df6a8043,_Converted_/Pronto/H/Hitachi/CMP-307XU.ir,CMP-307XU,CMP-307XU,0.45,inventory.model,False,[],True
4c172ae3bf82925b,_Converted_/Pronto/H/Hitachi/CMP-4221.ir,CMP-4221,CMP-4221,0.45,inventory.model,False,[],True
f960821daa9c89cc,_Converted_/Pronto/H/Hitachi/CNP-402_PLASMA_DISPLAY.ir,CNP-402_PLASMA_DISPLAY,CNP-402_PLASMA_DISPLAY,0.45,inventory.model,False,[],True
f911022d2f7da28e,_Converted_/Pronto/H/Hitachi/CP-A100.ir,CP-A100,CP-A100,0.45,inventory.model,False,[],True
f5ff7448575c2b96,_Converted_/Pronto/H/Hitachi/CP-X10000.ir,CP-X10000,CP-X10000,0.45,inventory.model,False,[],True
8ab6d0af36cb71b3,_Converted_/Pronto/H/Hitachi/CPL850.ir,CPL850,CPL850,0.45,inventory.model,False,[],True
236898b4a85da875,_Converted_/Pronto/H/Hitachi/CPL850W.ir,CPL850W,CPL850W,0.45,inventory.model,False,[],True
65fc92c307db7a3c,_Converted_/Pronto/H/Hitachi/CPX-320.ir,CPX-320,CPX-320,0.45,inventory.model,False,[],True
781e90c89f7908b6,_Converted_/Pronto/H/Hitachi/CPX960.ir,CPX960,CPX960,0.45,inventory.model,False,[],True
bc9398b1692d1eb4,_Converted_/Pronto/H/Hitachi/CX-A100.ir,CX-A100,CX-A100,0.45,inventory.model,False,[],True
c244cee3a3c9061e,_Converted_/Pronto/H/Hitachi/DVP415.ir,DVP415,DVP415,0.45,inventory.model,False,[],True
7125758b938319e4,_Converted_/Pronto/H/Hitachi/DX815.ir,DX815,DX815,0.45,inventory.model,False,[],True
97289e3f75468e50,_Converted_/Pronto/H/Hitachi/FX-625.ir,FX-625,FX-625,0.45,inventory.model,False,[],True
2a43dc8f85964793,_Converted_/Pronto/H/Hitachi/HDS-100R.ir,HDS-100R,HDS-100R,0.45,inventory.model,False,[],True
64d9d3209e48dc83,_Converted_/Pronto/H/Hitachi/HITACHI_VCR_VTS-751A.ir,VCR_VTS-751A,VCR_VTS-751A,0.45,inventory.model,True,"[""HITACHI_VCR_VTS-751A""]",True
e25d269d5dba4b54,_Converted_/Pronto/H/Hitachi/HITACHI_VT-UX625A.ir,VT-UX625A,VT-UX625A,0.45,inventory.model,True,"[""HITACHI_VT-UX625A""]",True
7c3df8da56b7d351,_Converted_/Pronto/H/Hitachi/MX421.ir,MX421,MX421,0.45,inventory.model,False,[],True
65996850584492f3,_Converted_/Pronto/H/Hitachi/P50H401.ir,P50H401,P50H401,0.45,inventory.model,False,[],True
cd19d412e0551ac5,_Converted_/Pronto/H/Hitachi/TV.ir,TV,,0.0,,False,[],True
161f2a7ab5c72ccb,_Converted_/Pronto/H/Hitachi/TV_1.ir,TV_1,TV_1,0.45,inventory.model,False,[],True
0734c2e9ac557182,_Converted_/Pronto/H/Hitachi/UT_37X902.ir,UT_37X902,UT_37X902,0.45,inventory.model,False,[],True
c821204d3ddc7b7d,_Converted_/Pronto/H/Hitachi/UX625.ir,UX625,UX625,0.45,inventory.model,False,[],True
8da5926e8c605866,_Converted_/Pronto/H/Hitachi/UX_617.ir,UX_617,UX_617,0.45,inventory.model,False,[],True
7e0a02da606b09cc,_Converted_/Pronto/H/Hitachi/VCR.ir,VCR,,0.0,,False,[],True
c420f2feb6426f5c,_Converted_/Pronto/H/Hitachi/VCR_(VCR1)_F330.ir,VCR_(VCR1)_F330,,0.0,,False,[],True
a1bdc2016826f70b,_Converted_/Pronto/H/Hitachi/VCR_(VCR2)_FC330.ir,VCR_(VCR2)_FC330,,0.0,,False,[],True
0805ee3b78375a6e,_Converted_/Pronto/H/Hitachi/VT-S772A.ir,VT-S772A,VT-S772A,0.45,inventory.model,False,[],True
d179dd3b88f9617b,_Converted_/Pronto/H/Hitachi/VTFX685.ir,VTFX685,VTFX685,0.45,inventory.model,False,[],True
bef676a0ff148dc6,_Converted_/Pronto/H/Hitachi/VTMX408EM.ir,VTMX408EM,VTMX408EM,0.45,inventory.model,False,[],True
29a36b254ea45647,_Converted_/Pronto/H/Hitachi/VTUX-717A.ir,VTUX-717A,VTUX-717A,0.45,inventory.model,False,[],True
20b35f07b7b40eec,_Converted_/Pronto/H/Houston_Tracking_Systems/SATELLITE_RECEIVER_-_SAT_FUNCTION.ir,SATELLITE_RECEIVER_-_SAT_FUNCTION,,0.0,,False,[],True
72a57418be7a9808,_Converted_/Pronto/H/Hughes/B23_-_DSS.ir,B23_-_DSS,B23_-_DSS,0.45,inventory.model,False,[],True
280de1cead202e71,_Converted_/Pronto/H/Hughes/E-8.ir,E-8,E-8,0.45,inventory.model,False,[],True
aa4409f90a07d5f2,_Converted_/Pronto/H/Hughes/GAEBOA.ir,GAEBOA,,0.0,,False,[],True
d18f09817cfc81b5,_Converted_/Pronto/H/Hughes/GXCEBOT.ir,GXCEBOT,,0.0,,False,[],True
28ae5388072c96b0,_Converted_/Pronto/H/Hughes/HIRC-EZ_-_HRMC-1.ir,HIRC-EZ_-_HRMC-1,HIRC-EZ_-_HRMC-1,0.45,inventory.model,False,[],True
6208682469fb1585,_Converted_/Pronto/H/Hughes/HIRD-B2.ir,HIRD-B2,HIRD-B2,0.45,inventory.model,False,[],True
6094b6ab74c2f4e4,_Converted_/Pronto/H/Hughes/HIRD-E86.ir,HIRD-E86,HIRD-E86,0.45,inventory.model,False,[],True
6e462e8e40b3b0b5,_Converted_/Pronto/H/Hughes/HR10-250.ir,HR10-250,HR10-250,0.45,inventory.model,False,[],True
4398fd01b20d8741,_Converted_/Pronto/H/Hughes/HRMC-2_(BANK#1).ir,HRMC-2_(BANK#1),,0.0,,False,[],True
d582099a654555b8,_Converted_/Pronto/H/Hughes/HRMC-2_(BANK#2).ir,HRMC-2_(BANK#2),,0.0,,False,[],True
26114d1fbe6189cb,_Converted_/Pronto/H/Hughes/HUGHES_HIRD-E11.ir,HIRD-E11,HIRD-E11,0.45,inventory.model,True,"[""HUGHES_HIRD-E11""]",True
b010b73ae2cfc101,_Converted_/Pronto/H/Hughes_JVC/SERIES_100-200_PROJECTOR.ir,SERIES_100-200_PROJECTOR,SERIES_100-200_PROJECTOR,0.45,inventory.model,False,[],True
9232370d2c2eceb8,_Converted_/Pronto/H/Hunter_Douglas/DRAPES_INCLUDING_NO_ZONE_SELECTION_PRESSES.ir,DRAPES_INCLUDING_NO_ZONE_SELECTION_PRESSES,,0.0,,False,[],True
777f25df8485336f,_Converted_/Pronto/H/Hunter_Douglas/POWER_RISE.ir,POWER_RISE,,0.0,,False,[],True
0a7d2b62c21563ee,_Converted_/Pronto/H/Hunter_Douglas/WINDOW_FASHIONS.ir,WINDOW_FASHIONS,,0.0,,False,[],True
b060ea17b3567ed2,_Converted_/Pronto/I/I-Point/I-POINT.ir,I-POINT,,0.0,,False,[],True
dfdea38c8e28db8c,_Converted_/Pronto/I/IECC/8155.ir,8155,,0.0,,False,[],True
a3e36a6393ec56f6,_Converted_/Pronto/I/IMerge/S10000.ir,S10000,S10000,0.45,inventory.model,False,[],True
9ce16541b2e4a09f,_Converted_/Pronto/I/InFocus_Systems/IN3106_IN5104_.ir,IN3106_IN5104_,IN3106_IN5104_,0.45,inventory.model,False,[],True
433b9e148d0411af,_Converted_/Pronto/I/InFocus_Systems/IN3902L.ir,IN3902L,IN3902L,0.45,inventory.model,False,[],True
a8bc67174646d300,_Converted_/Pronto/I/InFocus_Systems/LITE_PRO_550_LS.ir,LITE_PRO_550_LS,LITE_PRO_550_LS,0.45,inventory.model,False,[],True
7d43e56422e89913,_Converted_/Pronto/I/InFocus_Systems/LITE_PRO_620.ir,LITE_PRO_620,LITE_PRO_620,0.45,inventory.model,False,[],True
d59eb98aba3a249a,_Converted_/Pronto/I/InFocus_Systems/LITE_SHOW.ir,LITE_SHOW,,0.0,,False,[],True
85b18571419ef22d,_Converted_/Pronto/I/InFocus_Systems/LP-1000.ir,LP-1000,LP-1000,0.45,inventory.model,False,[],True
e52bf631313a214d,_Converted_/Pronto/I/InFocus_Systems/LP-290.ir,LP-290,LP-290,0.45,inventory.model,False,[],True
cbfe5979c7685a5c,_Converted_/Pronto/I/InFocus_Systems/LP-435Z.ir,LP-435Z,LP-435Z,0.45,inventory.model,False,[],True
ec91c1394c0d2194,_Converted_/Pronto/I/InFocus_Systems/LP-730ZV-LP-780.ir,LP-730ZV-LP-780,LP-730ZV-LP-780,0.45,inventory.model,False,[],True
6d3b07642b555d4f,_Converted_/Pronto/I/InFocus_Systems/SCREENPLAY_7200.ir,SCREENPLAY_7200,SCREENPLAY_7200,0.45,inventory.model,False,[],True
356dc0d0e47dc325,_Converted_/Pronto/I/Insignia/Insignia.ir,Insignia,,0.0,,False,[],True
2564221d69307dd4,_Converted_/Pronto/I/Integra/6.2.ir,6.2,,0.0,,False,[],True
d9adfcf1413a9c0f,_Converted_/Pronto/I/Integra/9.1.ir,9.1,,0.0,,False,[],True
bd31dce441008a8d,_Converted_/Pronto/I/Integra/DBS-6.9-DBS-30.1.ir,DBS-6.9-DBS-30.1,DBS-6.9-DBS-30.1,0.45,inventory.model,False,[],True
1d7b2978ae5bbcf1,_Converted_/Pronto/I/Integra/DPC-DPS-DV_Series.ir,DPC-DPS-DV_Series,,0.0,,False,[],True
f72b88e04d10f7ce,_Converted_/Pronto/I/Integra/DPT-1.ir,DPT-1,DPT-1,0.45,inventory.model,False,[],True
877cef5e28a142e1,_Converted_/Pronto/I/Integra/DTR-30.2.ir,DTR-30.2,DTR-30.2,0.45,inventory.model,False,[],True
0297da9ed75c5aed,_Converted_/Pronto/I/Integra/DTR-x.9_Series.ir,DTR-x.9_Series,DTR-x.9_Series,0.45,inventory.model,False,[],True
2a0facdb405878cf,_Converted_/Pronto/I/Integra/DTR_.2_series.ir,DTR_.2_series,DTR_.2_series,0.45,inventory.model,False,[],True
bb578a61bb17aa4f,_Converted_/Pronto/I/Integra/xx.2_Series.ir,xx.2_Series,xx.2_Series,0.45,inventory.model,False,[],True
fcb736811829bcdf,_Converted_/Pronto/J/JBK/JBK_Karaoke.ir,Karaoke,,0.0,,False,[],True
89236a98f4add9b0,_Converted_/Pronto/J/JBL/SDP-3.ir,SDP-3,SDP-3,0.45,inventory.model,False,[],True
7f50a8e3fdea52e4,_Converted_/Pronto/J/JBL/SYN._2_SURROUND_PRE-AMP_THX.ir,SYN._2_SURROUND_PRE-AMP_THX,SYN._2_SURROUND_PRE-AMP_THX,0.45,inventory.model,False,[],True
a79ebda5d40109cd,_Converted_/Pronto/J/JVC/20910_20'_TV.ir,20910_20'_TV,,0.0,,False,[],True
9e65f21a5a76da80,_Converted_/Pronto/J/JVC/32'_TV.ir,32'_TV,,0.0,,False,[],True
9a2572a99879a372,_Converted_/Pronto/J/JVC/AV-24F702.ir,AV-24F702,AV-24F702,0.45,inventory.model,False,[],True
a3020d3cfdcdf78e,_Converted_/Pronto/J/JVC/AV-27920.ir,AV-27920,AV-27920,0.45,inventory.model,False,[],True
a25d32889536cd09,_Converted_/Pronto/J/JVC/AV-32050.ir,AV-32050,AV-32050,0.45,inventory.model,False,[],True
c0a898949fa76462,_Converted_/Pronto/J/JVC/AV_27850.ir,AV_27850,AV_27850,0.45,inventory.model,False,[],True
0f87308827797507,_Converted_/Pronto/J/JVC/BR-7030U.ir,BR-7030U,BR-7030U,0.45,inventory.model,False,[],True
7158a2ad8d32ce46,_Converted_/Pronto/J/JVC/DILA-G1000.ir,DILA-G1000,DILA-G1000,0.45,inventory.model,False,[],True
5b334d1a488f5743,_Converted_/Pronto/J/JVC/DISCREET_CODES.ir,DISCREET_CODES,,0.0,,False,[],True
cead01ed9a8b8e4e,_Converted_/Pronto/J/JVC/DLA-HD250.ir,DLA-HD250,DLA-HD250,0.45,inventory.model,False,[],True
14e6f76d0bc57ee8,_Converted_/Pronto/J/JVC/DLA-RS50.ir,DLA-RS50,DLA-RS50,0.45,inventory.model,False,[],True
d2a0b44b31b94c61,_Converted_/Pronto/J/JVC/DLA-X30.ir,DLA-X30,DLA-X30,0.45,inventory.model,False,[],True
b9c4ed43c1f7adda,_Converted_/Pronto/J/JVC/DR-MV100B.ir,DR-MV100B,DR-MV100B,0.45,inventory.model,False,[],True
7460d78514d6d2e5,_Converted_/Pronto/J/JVC/DR-MV150.ir,DR-MV150,DR-MV150,0.45,inventory.model,False,[],True
f3898210f154eeb5,_Converted_/Pronto/J/JVC/DV-S717.ir,DV-S717,DV-S717,0.45,inventory.model,False,[],True
bb674a4382239949,_Converted_/Pronto/J/JVC/DiLA-HD2K_PROJECTOR.ir,DiLA-HD2K_PROJECTOR,DiLA-HD2K_PROJECTOR,0.45,inventory.model,False,[],True
222fb7569eabde61,_Converted_/Pronto/J/JVC/GV-PT2_PRINTER.ir,GV-PT2_PRINTER,GV-PT2_PRINTER,0.45,inventory.model,False,[],True
5a962ac52dc1c995,_Converted_/Pronto/J/JVC/HM-DH300000U.ir,HM-DH300000U,HM-DH300000U,0.45,inventory.model,False,[],True
d3b743a87ce66338,_Converted_/Pronto/J/JVC/HM-DH30000U.ir,HM-DH30000U,HM-DH30000U,0.45,inventory.model,False,[],True
63de659a60fb0762,_Converted_/Pronto/J/JVC/HMDH-30000.ir,HMDH-30000,HMDH-30000,0.45,inventory.model,False,[],True
0ba3afbf8070f218,_Converted_/Pronto/J/JVC/HMDSR100DU.ir,HMDSR100DU,HMDSR100DU,0.45,inventory.model,False,[],True
1d61ffbd765d7003,_Converted_/Pronto/J/JVC/HR-6200U.ir,HR-6200U,HR-6200U,0.45,inventory.model,False,[],True
cfd4ef975ea4d0b1,_Converted_/Pronto/J/JVC/HR-62U.ir,HR-62U,HR-62U,0.45,inventory.model,False,[],True
9fa9e72edb0d2276,_Converted_/Pronto/J/JVC/HR-S36000.ir,HR-S36000,HR-S36000,0.45,inventory.model,False,[],True
b2a4aa78247d2b13,_Converted_/Pronto/J/JVC/HR-S3604.ir,HR-S3604,HR-S3604,0.45,inventory.model,False,[],True
0729947b5e0bf19f,_Converted_/Pronto/J/JVC/HR-S3910U.ir,HR-S3910U,HR-S3910U,0.45,inventory.model,False,[],True
91830e91bd30f231,_Converted_/Pronto/J/JVC/HR-S4700U.ir,HR-S4700U,HR-S4700U,0.45,inventory.model,False,[],True
325c54064d7c3e2f,_Converted_/Pronto/J/JVC/HR-S4700U_(CODE_B).ir,HR-S4700U_(CODE_B),,0.0,,False,[],True
238fade0e655ff0e,_Converted_/Pronto/J/JVC/HR-S5911U.ir,HR-S5911U,HR-S5911U,0.45,inventory.model,False,[],True
dcaf9970daf44379,_Converted_/Pronto/J/JVC/HR-S7500.ir,HR-S7500,HR-S7500,0.45,inventory.model,False,[],True
d1e196e41e21dcdf,_Converted_/Pronto/J/JVC/HR-S9500U.ir,HR-S9500U,HR-S9500U,0.45,inventory.model,False,[],True
eaa3881ca7d55672,_Converted_/Pronto/J/JVC/HR-VP770U.ir,HR-VP770U,HR-VP770U,0.45,inventory.model,False,[],True
f6777348dbcf76b7,_Converted_/Pronto/J/JVC/HR-XCC21U.ir,HR-XCC21U,HR-XCC21U,0.45,inventory.model,False,[],True
33a2fb833c224c45,_Converted_/Pronto/J/JVC/HR-XVC11B.ir,HR-XVC11B,HR-XVC11B,0.45,inventory.model,False,[],True
72196673fa361ff8,_Converted_/Pronto/J/JVC/HR-XVC16.ir,HR-XVC16,HR-XVC16,0.45,inventory.model,False,[],True
68af38233ffeae30,_Converted_/Pronto/J/JVC/HR-XVCLU.ir,HR-XVCLU,,0.0,,False,[],True
ab78696fb9a725f0,_Converted_/Pronto/J/JVC/HRD410U.ir,HRD410U,HRD410U,0.45,inventory.model,False,[],True
f19160feef0391a4,_Converted_/Pronto/J/JVC/HRD_257MS.ir,HRD_257MS,HRD_257MS,0.45,inventory.model,False,[],True
2e20c0869d126f21,_Converted_/Pronto/J/JVC/HRD_440U.ir,HRD_440U,HRD_440U,0.45,inventory.model,False,[],True
c8873bb5af2bbd41,_Converted_/Pronto/J/JVC/HRD_520.ir,HRD_520,HRD_520,0.45,inventory.model,False,[],True
d2c4000d35651f8a,_Converted_/Pronto/J/JVC/HRD_540_(A_CODE).ir,HRD_540_(A_CODE),,0.0,,False,[],True
899a12e4f47335d0,_Converted_/Pronto/J/JVC/HRD_6600U_(A_CODE).ir,HRD_6600U_(A_CODE),,0.0,,False,[],True
4f0b3cfbe3dcf239,_Converted_/Pronto/J/JVC/HRD_756U.ir,HRD_756U,HRD_756U,0.45,inventory.model,False,[],True
03d95d1b5b7df964,_Converted_/Pronto/J/JVC/HRO_405U.ir,HRO_405U,HRO_405U,0.45,inventory.model,False,[],True
1e0864359cdbe185,_Converted_/Pronto/J/JVC/HRS-3900U.ir,HRS-3900U,HRS-3900U,0.45,inventory.model,False,[],True
74bfa6a624a90bd9,_Converted_/Pronto/J/JVC/HRS-4600U.ir,HRS-4600U,HRS-4600U,0.45,inventory.model,False,[],True
2527fcbdc4d77304,_Converted_/Pronto/J/JVC/HRS-5800_HRD-700.ir,HRS-5800_HRD-700,HRS-5800_HRD-700,0.45,inventory.model,False,[],True
d0b47f2e8b46efdd,_Converted_/Pronto/J/JVC/HRS-5901U.ir,HRS-5901U,HRS-5901U,0.45,inventory.model,False,[],True
10c5f4c9f22bf8e4,_Converted_/Pronto/J/JVC/HRS-6800U.ir,HRS-6800U,HRS-6800U,0.45,inventory.model,False,[],True
56cdf0815308af66,_Converted_/Pronto/J/JVC/HRS-9600H.ir,HRS-9600H,HRS-9600H,0.45,inventory.model,False,[],True
54450c3c306895a6,_Converted_/Pronto/J/JVC/HRS2901U.ir,HRS2901U,HRS2901U,0.45,inventory.model,False,[],True
66b2b5aa3e1815fe,_Converted_/Pronto/J/JVC/HRS5300U.ir,HRS5300U,HRS5300U,0.45,inventory.model,False,[],True
161fc2accfdebf31,_Converted_/Pronto/J/JVC/HRS5400U.ir,HRS5400U,HRS5400U,0.45,inventory.model,False,[],True
c6c4aa90230ae960,_Converted_/Pronto/J/JVC/HRS7300U_-_CABLE.ir,HRS7300U_-_CABLE,HRS7300U_-_CABLE,0.45,inventory.model,False,[],True
c15ef24b4b691cf0,_Converted_/Pronto/J/JVC/HRS7300U_-_TV.ir,HRS7300U_-_TV,HRS7300U_-_TV,0.45,inventory.model,False,[],True
f2e6a0992d491d7f,_Converted_/Pronto/J/JVC/HRS7300U_VCR.ir,HRS7300U_VCR,HRS7300U_VCR,0.45,inventory.model,False,[],True
d6d2d29a319843eb,_Converted_/Pronto/J/JVC/HRS7600V.ir,HRS7600V,HRS7600V,0.45,inventory.model,False,[],True
5a4ef92c8dc22977,_Converted_/Pronto/J/JVC/HRS_8000U.ir,HRS_8000U,HRS_8000U,0.45,inventory.model,False,[],True
e96074085b49a2f9,_Converted_/Pronto/J/JVC/JVC-HR-XVC16B.ir,JVC-HR-XVC16B,JVC-HR-XVC16B,0.45,inventory.model,False,[],True
6589e1d2b92b9699,_Converted_/Pronto/J/JVC/JVC-RS25.ir,JVC-RS25,JVC-RS25,0.45,inventory.model,False,[],True
751db0e5cb2b7fc2,_Converted_/Pronto/J/JVC/JVC_SR-DVM600.ir,SR-DVM600,SR-DVM600,0.45,inventory.model,True,"[""JVC_SR-DVM600""]",True
7b20044efac4a27c,_Converted_/Pronto/J/JVC/JVC_VCR.ir,VCR,,0.0,,False,[],True
3e96b0b2325a5984,_Converted_/Pronto/J/JVC/JX-S700.ir,JX-S700,JX-S700,0.45,inventory.model,False,[],True
86a150c1d8264826,_Converted_/Pronto/J/JVC/LXD5000.ir,LXD5000,LXD5000,0.45,inventory.model,False,[],True
bcd559f3d85be58a,_Converted_/Pronto/J/JVC/LXD_1020.ir,LXD_1020,LXD_1020,0.45,inventory.model,False,[],True
2c90edc84e985362,_Converted_/Pronto/J/JVC/MX-J50.ir,MX-J50,MX-J50,0.45,inventory.model,False,[],True
06152ce8381ece7c,_Converted_/Pronto/J/JVC/RM-A900.ir,RM-A900,RM-A900,0.45,inventory.model,False,[],True
5ac4c79c1abd665a,_Converted_/Pronto/J/JVC/RM-C956.ir,RM-C956,RM-C956,0.45,inventory.model,False,[],True
ad4f2204f2d893af,_Converted_/Pronto/J/JVC/RX-8000VBK.ir,RX-8000VBK,RX-8000VBK,0.45,inventory.model,False,[],True
53bd6dcdf489e28b,_Converted_/Pronto/J/JVC/RX-884VBK_-_FM-AM.ir,RX-884VBK_-_FM-AM,RX-884VBK_-_FM-AM,0.45,inventory.model,False,[],True
9d3c09cec1e45925,_Converted_/Pronto/J/JVC/RX-DP20VBK_ZONE_1.ir,RX-DP20VBK_ZONE_1,RX-DP20VBK_ZONE_1,0.45,inventory.model,False,[],True
b1cb1dfdf75875dd,_Converted_/Pronto/J/JVC/RX-DP20VBK_ZONE_2.ir,RX-DP20VBK_ZONE_2,RX-DP20VBK_ZONE_2,0.45,inventory.model,False,[],True
8574a9ba70b55f05,_Converted_/Pronto/J/JVC/RX7000VBK.ir,RX7000VBK,RX7000VBK,0.45,inventory.model,False,[],True
b7bce9b97bd11e73,_Converted_/Pronto/J/JVC/RXDP10V.ir,RXDP10V,RXDP10V,0.45,inventory.model,False,[],True
d720c2939a961a62,_Converted_/Pronto/J/JVC/SR-DVD100.ir,SR-DVD100,SR-DVD100,0.45,inventory.model,False,[],True
186766b41ac49fc8,_Converted_/Pronto/J/JVC/SR-MV45.ir,SR-MV45,SR-MV45,0.45,inventory.model,False,[],True
ae8e676324d1fbd8,_Converted_/Pronto/J/JVC/SR-TS1U_SUPER_VHS.ir,SR-TS1U_SUPER_VHS,SR-TS1U_SUPER_VHS,0.45,inventory.model,False,[],True
0949405b5a3a916f,_Converted_/Pronto/J/JVC/SR3360U.ir,SR3360U,SR3360U,0.45,inventory.model,False,[],True
b31e05e95ba86b56,_Converted_/Pronto/J/JVC/SRV-10U.ir,SRV-10U,SRV-10U,0.45,inventory.model,False,[],True
4e2612836dbfe3e1,_Converted_/Pronto/J/JVC/SX-21.ir,SX-21,SX-21,0.45,inventory.model,False,[],True
5e52978844e444ae,_Converted_/Pronto/J/JVC/TV_MASTERCOMMAND.ir,TV_MASTERCOMMAND,,0.0,,False,[],True
0350ad7a01abaec2,_Converted_/Pronto/J/JVC/V2_-_V20.ir,V2_-_V20,V2_-_V20,0.45,inventory.model,False,[],True
ee1a800b306111a6,_Converted_/Pronto/J/JVC/VCR.ir,VCR,,0.0,,False,[],True
963ff9e3a4fd8926,_Converted_/Pronto/J/JVC/VCR_CODE_A.ir,VCR_CODE_A,,0.0,,False,[],True
226c1a05cb480a43,_Converted_/Pronto/J/JVC/XL-FZ258.ir,XL-FZ258,XL-FZ258,0.45,inventory.model,False,[],True
4b49842e234783b9,_Converted_/Pronto/J/JVC/XL-M509-508.ir,XL-M509-508,XL-M509-508,0.45,inventory.model,False,[],True
402b6b7df77d8de9,_Converted_/Pronto/J/JVC/XLM-218BK_CD_PLAYER.ir,XLM-218BK_CD_PLAYER,XLM-218BK_CD_PLAYER,0.45,inventory.model,False,[],True
589bc439102a040f,_Converted_/Pronto/J/JVC/XLMC22BK_200_CD.ir,XLMC22BK_200_CD,XLMC22BK_200_CD,0.45,inventory.model,False,[],True
6926bbfea90cfa5b,_Converted_/Pronto/J/JVC/XU-301.ir,XU-301,XU-301,0.45,inventory.model,False,[],True
9e8d079953ee4bdb,_Converted_/Pronto/J/JVC/XV-FA90.ir,XV-FA90,XV-FA90,0.45,inventory.model,False,[],True
2c12e37d1fd8ff64,_Converted_/Pronto/J/JVC/XV-FA902SL.ir,XV-FA902SL,XV-FA902SL,0.45,inventory.model,False,[],True
157bc4df7dd1c33d,_Converted_/Pronto/J/JVC/XV-LTR1.ir,XV-LTR1,XV-LTR1,0.45,inventory.model,False,[],True
e550e26a757e5832,_Converted_/Pronto/J/JVC/XV-MP1.ir,XV-MP1,XV-MP1,0.45,inventory.model,False,[],True
412bf395c1c0d9ed,_Converted_/Pronto/J/JVC/XV-N370.ir,XV-N370,XV-N370,0.45,inventory.model,False,[],True
7b7418d5cf8b39e9,_Converted_/Pronto/J/JVC/XV-N40.ir,XV-N40,XV-N40,0.45,inventory.model,False,[],True
c903642e4652b9e7,_Converted_/Pronto/J/JVC/XV-S60.ir,XV-S60,XV-S60,0.45,inventory.model,False,[],True
1b241145aea18367,_Converted_/Pronto/J/JVC/XV-SA70BK.ir,XV-SA70BK,XV-SA70BK,0.45,inventory.model,False,[],True
3b67700dae0d88a1,_Converted_/Pronto/J/JVC/XV523.ir,XV523,XV523,0.45,inventory.model,False,[],True
0c93b66cfce2d8df,_Converted_/Pronto/J/JVC/XVD-2000.ir,XVD-2000,XVD-2000,0.45,inventory.model,False,[],True
43088a75b0c9b1b2,_Converted_/Pronto/J/JVC/XVM-555BK.ir,XVM-555BK,XVM-555BK,0.45,inventory.model,False,[],True
0b5b0d68b5734a65,_Converted_/Pronto/J/JVC/XVM555.ir,XVM555,XVM555,0.45,inventory.model,False,[],True
036996b1a1b58c14,_Converted_/Pronto/J/Jaton/PSD7611.ir,PSD7611,PSD7611,0.45,inventory.model,False,[],True
8f490067412f3682,_Converted_/Pronto/J/Jerrold/CABLE_BOX.ir,CABLE_BOX,,0.0,,False,[],True
ada645a48effdb21,_Converted_/Pronto/J/Jerrold/DCR3000.ir,DCR3000,DCR3000,0.45,inventory.model,False,[],True
93094749cd0597de,_Converted_/Pronto/J/Jerrold/GENERAL_INSTRUMENTS_DPBB7322-RIMI.ir,GENERAL_INSTRUMENTS_DPBB7322-RIMI,GENERAL_INSTRUMENTS_DPBB7322-RIMI,0.45,inventory.model,False,[],True
4c7d0bca0326f506,_Converted_/Pronto/J/Jerrold/MAG_3800-.ir,MAG_3800-,MAG_3800-,0.45,inventory.model,False,[],True
de560761acaacb34,_Converted_/Pronto/J/Jerrold/MANHTTEN-IMPULSE_CABLE_BOX.ir,MANHTTEN-IMPULSE_CABLE_BOX,,0.0,,False,[],True
ace76891b2d04f02,_Converted_/Pronto/J/Jerrold/RT-T7.ir,RT-T7,RT-T7,0.45,inventory.model,False,[],True
c6f7549e741ae13d,_Converted_/Pronto/K/KDS/KD-MSW8X3.ir,KD-MSW8X3,KD-MSW8X3,0.45,inventory.model,False,[],True
183566d603762b9f,_Converted_/Pronto/K/Kenavision/VFKAVPT.ir,VFKAVPT,,0.0,,False,[],True
3d66c6284adef22c,_Converted_/Pronto/K/Kenwood/(Multiple).ir,(Multiple),,0.0,,False,[],True
1baa97a27947f5b8,_Converted_/Pronto/K/Kenwood/1050MD.ir,1050MD,1050MD,0.45,inventory.model,False,[],True
ed0f626e5512092a,_Converted_/Pronto/K/Kenwood/1090VR.ir,1090VR,1090VR,0.45,inventory.model,False,[],True
541a168569ad4bd0,_Converted_/Pronto/K/Kenwood/2280.ir,2280,,0.0,,False,[],True
1454f5e506adc2f9,_Converted_/Pronto/K/Kenwood/405.ir,405,,0.0,,False,[],True
30487f3ec4f33d47,_Converted_/Pronto/K/Kenwood/AR404.ir,AR404,AR404,0.45,inventory.model,False,[],True
c86897f5cd81c789,_Converted_/Pronto/K/Kenwood/CD-224M.ir,CD-224M,CD-224M,0.45,inventory.model,False,[],True
acd6b7c8801881eb,_Converted_/Pronto/K/Kenwood/CD-2260M.ir,CD-2260M,CD-2260M,0.45,inventory.model,False,[],True
340214d840ec31ca,_Converted_/Pronto/K/Kenwood/DV-4070-B.ir,DV-4070-B,DV-4070-B,0.45,inventory.model,False,[],True
6e3efc5080b46b76,_Converted_/Pronto/K/Kenwood/DV-5700.ir,DV-5700,DV-5700,0.45,inventory.model,False,[],True
babc75ba42fb14e9,_Converted_/Pronto/K/Kenwood/DV-5900M.ir,DV-5900M,DV-5900M,0.45,inventory.model,False,[],True
a12058fc5e3df5e1,_Converted_/Pronto/K/Kenwood/DV-5900M_1.ir,DV-5900M_1,DV-5900M_1,0.45,inventory.model,False,[],True
805c647ce1254755,_Converted_/Pronto/K/Kenwood/ENTRE_SYSTEM.ir,ENTRE_SYSTEM,,0.0,,False,[],True
1135033c29802d46,_Converted_/Pronto/K/Kenwood/KCX1_SURROUND_SOUND_PROCESSOR_-_UNIVERSAL.ir,KCX1_SURROUND_SOUND_PROCESSOR_-_UNIVERSAL,KCX1_SURROUND_SOUND_PROCESSOR_-_UNIVERSAL,0.45,inventory.model,False,[],True
859bbcb57799f94c,_Converted_/Pronto/K/Kenwood/KR-A5070.ir,KR-A5070,KR-A5070,0.45,inventory.model,False,[],True
3cd295f04c5316ba,_Converted_/Pronto/K/Kenwood/KRV-8050.ir,KRV-8050,KRV-8050,0.45,inventory.model,False,[],True
fc1cb76465b87e02,_Converted_/Pronto/K/Kenwood/KRV-8070.ir,KRV-8070,KRV-8070,0.45,inventory.model,False,[],True
d535e937951e7654,_Converted_/Pronto/K/Kenwood/KRV990D.ir,KRV990D,KRV990D,0.45,inventory.model,False,[],True
0767a4df16c951ec,_Converted_/Pronto/K/Kenwood/RC-7040-RC-7020.ir,RC-7040-RC-7020,RC-7040-RC-7020,0.45,inventory.model,False,[],True
a30708725284afdc,_Converted_/Pronto/K/Kenwood/RC-PC6630.ir,RC-PC6630,RC-PC6630,0.45,inventory.model,False,[],True
3bcc03312e72f849,_Converted_/Pronto/K/Kenwood/SS_RECEIVER.ir,SS_RECEIVER,,0.0,,False,[],True
fac69f65a50a9bed,_Converted_/Pronto/K/Kenwood/Sirius_Receiver.ir,Sirius_Receiver,,0.0,,False,[],True
b103fda9bcc9a953,_Converted_/Pronto/K/Kenwood/VR-209.ir,VR-209,VR-209,0.45,inventory.model,False,[],True
f8e328c6b6932f04,_Converted_/Pronto/K/Kenwood/VR-2090.ir,VR-2090,VR-2090,0.45,inventory.model,False,[],True
a0250d594e556f26,_Converted_/Pronto/K/Kenwood/VR-6050.ir,VR-6050,VR-6050,0.45,inventory.model,False,[],True
3b343f54b8d78563,_Converted_/Pronto/K/Kinergetics_Research/C-800_CHIRO_MAIN_ZONE_(EVEN).ir,C-800_CHIRO_MAIN_ZONE_(EVEN),,0.0,,False,[],True
a425725ac0a5feb5,_Converted_/Pronto/K/Kinergetics_Research/C-800_CHIRO_MAIN_ZONE_(ODD).ir,C-800_CHIRO_MAIN_ZONE_(ODD),,0.0,,False,[],True
4d0d90c77a838733,_Converted_/Pronto/K/Kinergetics_Research/KSP2.ir,KSP2,KSP2,0.45,inventory.model,False,[],True
c259b9735f8b4372,_Converted_/Pronto/K/Kinergetics_Research/KSP3.ir,KSP3,KSP3,0.45,inventory.model,False,[],True
9398dbc2ae88fcc2,_Converted_/Pronto/K/Kloss/NOVABEAM_100.ir,NOVABEAM_100,NOVABEAM_100,0.45,inventory.model,False,[],True
08f6589881076ad7,_Converted_/Pronto/K/Kodak/PHOTO_CD_(EVEN).ir,PHOTO_CD_(EVEN),,0.0,,False,[],True
da9ce804d892b713,_Converted_/Pronto/K/Kodak/PHOTO_CD_(ODD).ir,PHOTO_CD_(ODD),,0.0,,False,[],True
7a86b367a4ec45fd,_Converted_/Pronto/K/Krell/AMPLIFIER.ir,AMPLIFIER,,0.0,,False,[],True
2165a56c75cf5426,_Converted_/Pronto/K/Krell/AMPLIFIER_(ODD).ir,AMPLIFIER_(ODD),,0.0,,False,[],True
2e26f3f750a2e6a3,_Converted_/Pronto/K/Krell/AVS_PROCESSOR.ir,AVS_PROCESSOR,,0.0,,False,[],True
22aec6703a448110,_Converted_/Pronto/K/Krell/CD_PLAYER.ir,CD_PLAYER,,0.0,,False,[],True
86d792a931df2751,_Converted_/Pronto/K/Krell/N-A.ir,N-A,,0.0,,False,[],True
6255fb9490a6a150,_Converted_/Pronto/K/Kustom/KHS6640.ir,KHS6640,KHS6640,0.45,inventory.model,False,[],True
dee788552b02e2ed,_Converted_/Pronto/L/LG/32LG70(-UA).ir,32LG70(-UA),,0.0,,False,[],True
b857112571c623b3,_Converted_/Pronto/L/LG/42LK450.ir,42LK450,42LK450,0.45,inventory.model,False,[],True
fc4a3f5265fac601,_Converted_/Pronto/L/LG/42LK520.ir,42LK520,42LK520,0.45,inventory.model,False,[],True
cca891adcb406373,_Converted_/Pronto/L/LG/42PT350.ir,42PT350,42PT350,0.45,inventory.model,False,[],True
425fa9be4036dbeb,_Converted_/Pronto/L/LG/42_LH40.ir,42_LH40,42_LH40,0.45,inventory.model,False,[],True
48bf007b21073445,_Converted_/Pronto/L/LG/47LW6500.ir,47LW6500,47LW6500,0.45,inventory.model,False,[],True
8d0f9e0d65d8f252,_Converted_/Pronto/L/LG/50PZ950.ir,50PZ950,50PZ950,0.45,inventory.model,False,[],True
a304f6fcbb0da5db,_Converted_/Pronto/L/LG/55LX9500.ir,55LX9500,55LX9500,0.45,inventory.model,False,[],True
af5eb9990cd6826f,_Converted_/Pronto/L/LG/BD530.ir,BD530,BD530,0.45,inventory.model,False,[],True
8774973574f2998a,_Converted_/Pronto/L/LG/BD650.ir,BD650,BD650,0.45,inventory.model,False,[],True
d213b9114a74878b,_Converted_/Pronto/L/LG/BD690.ir,BD690,BD690,0.45,inventory.model,False,[],True
9fcbbbc41799d6bc,_Converted_/Pronto/L/LG/BD_500_series.ir,BD_500_series,BD_500_series,0.45,inventory.model,False,[],True
0209d7053695756d,_Converted_/Pronto/L/LG/BH-100_BH-200.ir,BH-100_BH-200,BH-100_BH-200,0.45,inventory.model,False,[],True
990c497bd96c0c25,_Converted_/Pronto/L/LG/BX580.ir,BX580,BX580,0.45,inventory.model,False,[],True
c16b92e5400fc3f6,_Converted_/Pronto/L/LG/LGDVD.ir,LGDVD,,0.0,,False,[],True
26f5380c35eff81d,_Converted_/Pronto/L/LG/LGDVD_1.ir,LGDVD_1,LGDVD_1,0.45,inventory.model,False,[],True
229d49e252a28f58,_Converted_/Pronto/L/LG/LGTV_1.ir,LGTV_1,LGTV_1,0.45,inventory.model,False,[],True
4d62aca8f3a22096,_Converted_/Pronto/L/LG/LGTV_10.ir,LGTV_10,LGTV_10,0.45,inventory.model,False,[],True
b2ce3730c813e8f2,_Converted_/Pronto/L/LG/LGTV_11.ir,LGTV_11,LGTV_11,0.45,inventory.model,False,[],True
9de7e1eb523322db,_Converted_/Pronto/L/LG/LGTV_12.ir,LGTV_12,LGTV_12,0.45,inventory.model,False,[],True
8addda92335872c0,_Converted_/Pronto/L/LG/LGTV_13.ir,LGTV_13,LGTV_13,0.45,inventory.model,False,[],True
d0546fe7d1f1507d,_Converted_/Pronto/L/LG/LGTV_14.ir,LGTV_14,LGTV_14,0.45,inventory.model,False,[],True
b0ed8669f3838243,_Converted_/Pronto/L/LG/LGTV_15.ir,LGTV_15,LGTV_15,0.45,inventory.model,False,[],True
4030fc0e08650a60,_Converted_/Pronto/L/LG/LGTV_2.ir,LGTV_2,LGTV_2,0.45,inventory.model,False,[],True
d0af27af6dc8fca8,_Converted_/Pronto/L/LG/LGTV_3.ir,LGTV_3,LGTV_3,0.45,inventory.model,False,[],True
6f64cf62fac8e588,_Converted_/Pronto/L/LG/LGTV_4.ir,LGTV_4,LGTV_4,0.45,inventory.model,False,[],True
697f3b1e488e99cb,_Converted_/Pronto/L/LG/LGTV_5.ir,LGTV_5,LGTV_5,0.45,inventory.model,False,[],True
eaadd589d372fb2f,_Converted_/Pronto/L/LG/LGTV_6.ir,LGTV_6,LGTV_6,0.45,inventory.model,False,[],True
07bab32e9853d72f,_Converted_/Pronto/L/LG/LGTV_7.ir,LGTV_7,LGTV_7,0.45,inventory.model,False,[],True
75fca7e730b72373,_Converted_/Pronto/L/LG/LGTV_8.ir,LGTV_8,LGTV_8,0.45,inventory.model,False,[],True
5826182f4ada3ee4,_Converted_/Pronto/L/LG/LGTV_9.ir,LGTV_9,LGTV_9,0.45,inventory.model,False,[],True
e5feeedd85b93deb,_Converted_/Pronto/L/LG/LG_BH200.ir,BH200,BH200,0.45,inventory.model,True,"[""LG_BH200""]",True
a6a44cad024de11f,_Converted_/Pronto/L/LG/LU-42PX20.ir,LU-42PX20,LU-42PX20,0.45,inventory.model,False,[],True
7cadedb99d40abe9,_Converted_/Pronto/L/LG/LX_Series.ir,LX_Series,,0.0,,False,[],True
77322580e844a31b,_Converted_/Pronto/L/LG/Plasma_Discretes.ir,Plasma_Discretes,,0.0,,False,[],True
2942ad2379849b51,_Converted_/Pronto/L/Lencore_Acoustics/Lencore_Acoustics.ir,Lencore_Acoustics,,0.0,,False,[],True
ee1706934d2b77c6,_Converted_/Pronto/L/Lexicon/DC-2.ir,DC-2,DC-2,0.45,inventory.model,False,[],True
5d18f87f94bb9377,_Converted_/Pronto/L/Lexicon/DC-2_PROESSOR.ir,DC-2_PROESSOR,DC-2_PROESSOR,0.45,inventory.model,False,[],True
b59cac248b5e9da6,_Converted_/Pronto/L/Lexicon/DC1-THX.ir,DC1-THX,DC1-THX,0.45,inventory.model,False,[],True
2d62ad2b965d4d9b,_Converted_/Pronto/L/Lexicon/DC1-THX_1.ir,DC1-THX_1,DC1-THX_1,0.45,inventory.model,False,[],True
fcca93c5fbeb9423,_Converted_/Pronto/L/Lexicon/MC-12.ir,MC-12,MC-12,0.45,inventory.model,False,[],True
f9b633342b3c9df8,_Converted_/Pronto/L/LifeSize/LifeSize.ir,LifeSize,,0.0,,False,[],True
0f9f35cf6d46986a,_Converted_/Pronto/L/Lift-Tech/Lift-Tech_1.ir,1,Lift-Tech_1,0.72,file_name,False,[],True
dfdb276222f8fddb,_Converted_/Pronto/L/Lift-Tech/Lift-Tech_2.ir,2,Lift-Tech_2,0.72,file_name,False,[],True
e76ce4509c5ad4fb,_Converted_/Pronto/L/Lift-Tech/TV_lift-Lift_Tech.ir,TV_lift-Lift_Tech,,0.0,,False,[],True
80693b3dfe00cb9a,_Converted_/Pronto/L/Linn/CD_PLAYER.ir,CD_PLAYER,,0.0,,False,[],True
84388ee3257768c3,_Converted_/Pronto/L/Linn/CLASSIK_MOVIE_SYSTEM.ir,CLASSIK_MOVIE_SYSTEM,,0.0,,False,[],True
2a260e286f78f92f,_Converted_/Pronto/L/Linn/CLASSIK_MOVIE_SYSTEM_1.ir,CLASSIK_MOVIE_SYSTEM_1,CLASSIK_MOVIE_SYSTEM_1,0.45,inventory.model,False,[],True
ec6c37c91d8635fe,_Converted_/Pronto/L/Linn/CLASSIK_MOVIE_SYSTEM_2.ir,CLASSIK_MOVIE_SYSTEM_2,CLASSIK_MOVIE_SYSTEM_2,0.45,inventory.model,False,[],True
3fc3a67186a70abf,_Converted_/Pronto/L/Linn/CMS.ir,CMS,,0.0,,False,[],True
0c53a2a3b05c77e6,_Converted_/Pronto/L/Linn/KAIRN.ir,KAIRN,,0.0,,False,[],True
4b3f312e6518e012,_Converted_/Pronto/L/Linn/KAIRN_1.ir,KAIRN_1,KAIRN_1,0.45,inventory.model,False,[],True
56ea8dc14027e908,_Converted_/Pronto/L/Linn/LINN5103.ir,LINN5103,LINN5103,0.45,inventory.model,False,[],True
9c9271c758c9aa29,_Converted_/Pronto/L/Linn/N-A.ir,N-A,,0.0,,False,[],True
852a2bd8cfba9fbb,_Converted_/Pronto/L/Linn/No_model.ir,No_model,,0.0,,False,[],True
acffe1004226aedb,_Converted_/Pronto/L/LiteTouch/SCENARIO.ir,SCENARIO,,0.0,,False,[],True
f8ec889b3ac97000,_Converted_/Pronto/L/Loewe/ARCADA-CALIDA-PLANUS.ir,ARCADA-CALIDA-PLANUS,,0.0,,False,[],True
298d125daa4dd2a5,_Converted_/Pronto/L/Loewe/CALIDA.ir,CALIDA,,0.0,,False,[],True
c95454dc73e39b50,_Converted_/Pronto/L/Logitech/Squeezebox.ir,Squeezebox,,0.0,,False,[],True
677ea976bb094380,_Converted_/Pronto/L/Lumens/DC265.ir,DC265,DC265,0.45,inventory.model,False,[],True
a19f72fbb016bd37,_Converted_/Pronto/L/Lutron/5_BUTTON-UP-DN.ir,5_BUTTON-UP-DN,5_BUTTON-UP-DN,0.45,inventory.model,False,[],True
8e6fe41d2171f444,_Converted_/Pronto/L/Lutron/AURORA_LIGHTING.ir,AURORA_LIGHTING,,0.0,,False,[],True
7ad03515b49b0c88,_Converted_/Pronto/L/Lutron/GRAFIK_EYE_3000-4000-6000-HOMEWORKS-PERSONNA.ir,GRAFIK_EYE_3000-4000-6000-HOMEWORKS-PERSONNA,GRAFIK_EYE_3000-4000-6000-HOMEWORKS-PERSONNA,0.45,inventory.model,False,[],True
7c2f07a33554d31e,_Converted_/Pronto/L/Lutron/GRAFIK_EYE_3000-4000.ir,GRAFIK_EYE_3000-4000,GRAFIK_EYE_3000-4000,0.45,inventory.model,False,[],True
bffb1a6d3cc9b5f0,_Converted_/Pronto/L/Lutron/GRX-8IT.ir,GRX-8IT,GRX-8IT,0.45,inventory.model,False,[],True
1cdc7ec860530e6e,_Converted_/Pronto/L/Lutron/LUTRON_SPACER.ir,SPACER,,0.0,,False,[],True
74051f2547a9d5db,_Converted_/Pronto/L/Lutron/SPACER.ir,SPACER,,0.0,,False,[],True
30ec82e411851d02,_Converted_/Pronto/L/Lutron/SPS-600.ir,SPS-600,SPS-600,0.45,inventory.model,False,[],True
a8d59711fa0a4e51,_Converted_/Pronto/L/Luxman/RECEIVER.ir,RECEIVER,,0.0,,False,[],True
3d4edd4ef2c5d6b1,_Converted_/Pronto/M/MTX/BASS_LEVEL_CONTROL.ir,BASS_LEVEL_CONTROL,,0.0,,False,[],True
5b55628aa935e166,_Converted_/Pronto/M/Mag/Mag_Remotes.ir,Remotes,,0.0,,False,[],True
8384ce8d8fec5782,_Converted_/Pronto/M/Magnavox/2746A-_UR14_N-PIP.ir,2746A-_UR14_N-PIP,2746A-_UR14_N-PIP,0.45,inventory.model,False,[],True
f0dfa0af4981d9ed,_Converted_/Pronto/M/Magnavox/2746A-_UR14_N-PIP_1.ir,2746A-_UR14_N-PIP_1,2746A-_UR14_N-PIP_1,0.45,inventory.model,False,[],True
b25ae50826ecaac3,_Converted_/Pronto/M/Magnavox/DP170MWBB.ir,DP170MWBB,DP170MWBB,0.45,inventory.model,False,[],True
db090b2b6d10e03e,_Converted_/Pronto/M/Magnavox/NB500MG1F.ir,NB500MG1F,NB500MG1F,0.45,inventory.model,False,[],True
26b5ed727b5b3795,_Converted_/Pronto/M/Magnavox/Recv.ir,Recv,,0.0,,False,[],True
b806fc1e0d686825,_Converted_/Pronto/M/Magnavox/TP-3273.ir,TP-3273,TP-3273,0.45,inventory.model,False,[],True
adc4bcde356fb35c,_Converted_/Pronto/M/Magnavox/VCR.ir,VCR,,0.0,,False,[],True
75583eeae1691496,_Converted_/Pronto/M/Magnavox/VCR_1.ir,VCR_1,VCR_1,0.45,inventory.model,False,[],True
724fb1eaf3b9ac06,_Converted_/Pronto/M/Makita_Electric_Works/DRAPERY_CONTROL-_2_DRAPES.ir,DRAPERY_CONTROL-_2_DRAPES,DRAPERY_CONTROL-_2_DRAPES,0.45,inventory.model,False,[],True
fa05f4c263247c92,_Converted_/Pronto/M/Makita_Electric_Works/DRAPERY_CONTROL-_6_DRAPES.ir,DRAPERY_CONTROL-_6_DRAPES,DRAPERY_CONTROL-_6_DRAPES,0.45,inventory.model,False,[],True
9e42586e3de6f559,_Converted_/Pronto/M/Marantz/52CC.ir,52CC,52CC,0.45,inventory.model,False,[],True
a63464530cd07039,_Converted_/Pronto/M/Marantz/52CC_1.ir,52CC_1,52CC_1,0.45,inventory.model,False,[],True
103c8625a1647a10,_Converted_/Pronto/M/Marantz/80SC_TUNER_CONTROLS.ir,80SC_TUNER_CONTROLS,80SC_TUNER_CONTROLS,0.45,inventory.model,False,[],True
ec09364b73e936ac,_Converted_/Pronto/M/Marantz/92DD.ir,92DD,92DD,0.45,inventory.model,False,[],True
238c4166d19d8b26,_Converted_/Pronto/M/Marantz/AMP1-4_TUNER_1-2_INPUTS_LTD_CMNDS_(EVEN).ir,AMP1-4_TUNER_1-2_INPUTS_LTD_CMNDS_(EVEN),,0.0,,False,[],True
0ed7b84c9d2e9cd3,_Converted_/Pronto/M/Marantz/AMP1-4_TUNER_1-2_INPUTS_LTD_CMNDS_(ODD).ir,AMP1-4_TUNER_1-2_INPUTS_LTD_CMNDS_(ODD),,0.0,,False,[],True
a7323a6594b7de52,_Converted_/Pronto/M/Marantz/AUDIO_CASSETTE_DECK.ir,AUDIO_CASSETTE_DECK,,0.0,,False,[],True
a30660fa46f162a9,_Converted_/Pronto/M/Marantz/AV-500_RECIEVER_(ODD).ir,AV-500_RECIEVER_(ODD),,0.0,,False,[],True
e35261c3d61cbed5,_Converted_/Pronto/M/Marantz/AV-9000.ir,AV-9000,AV-9000,0.45,inventory.model,False,[],True
2032947b03f1dd77,_Converted_/Pronto/M/Marantz/AV550.ir,AV550,AV550,0.45,inventory.model,False,[],True
dc43c2e837eb0b66,_Converted_/Pronto/M/Marantz/BD7003.ir,BD7003,BD7003,0.45,inventory.model,False,[],True
779e8ae52d81fbc4,_Converted_/Pronto/M/Marantz/BD_Series.ir,BD_Series,,0.0,,False,[],True
c68bf0dc9ef9cc79,_Converted_/Pronto/M/Marantz/CC-4000.ir,CC-4000,CC-4000,0.45,inventory.model,False,[],True
a7d1259c9f821789,_Converted_/Pronto/M/Marantz/CC-870_CD_(EVEN).ir,CC-870_CD_(EVEN),,0.0,,False,[],True
ff64bb68bc0b3f30,_Converted_/Pronto/M/Marantz/CC-870_CD_(ODD).ir,CC-870_CD_(ODD),,0.0,,False,[],True
3cbf717a53fdb8a7,_Converted_/Pronto/M/Marantz/CC38.ir,CC38,CC38,0.45,inventory.model,False,[],True
1b21b3b721acbfbb,_Converted_/Pronto/M/Marantz/CC38_1.ir,CC38_1,CC38_1,0.45,inventory.model,False,[],True
2a8479d93a341225,_Converted_/Pronto/M/Marantz/CC4001.ir,CC4001,CC4001,0.45,inventory.model,False,[],True
77e13943cea9a48e,_Converted_/Pronto/M/Marantz/CC48_EVEN.ir,CC48_EVEN,CC48_EVEN,0.45,inventory.model,False,[],True
30f1744dbf819166,_Converted_/Pronto/M/Marantz/CC48_ODD.ir,CC48_ODD,CC48_ODD,0.45,inventory.model,False,[],True
7a65670fb35908ae,_Converted_/Pronto/M/Marantz/CD-63SE-CC-65SE_(EVEN).ir,CD-63SE-CC-65SE_(EVEN),,0.0,,False,[],True
300a954c174e2f84,_Converted_/Pronto/M/Marantz/CD-63SE-CC-65SE_(ODD).ir,CD-63SE-CC-65SE_(ODD),,0.0,,False,[],True
beef1244ab334773,_Converted_/Pronto/M/Marantz/CD-63SE_(EVEN).ir,CD-63SE_(EVEN),,0.0,,False,[],True
9199a2e82ceb3ad5,_Converted_/Pronto/M/Marantz/CD-63SE_(ODD).ir,CD-63SE_(ODD),,0.0,,False,[],True
737220b86c42c70f,_Converted_/Pronto/M/Marantz/CD46.ir,CD46,CD46,0.45,inventory.model,False,[],True
576eca3b63b9300b,_Converted_/Pronto/M/Marantz/DH-9300.ir,DH-9300,DH-9300,0.45,inventory.model,False,[],True
364cc612330ccb88,_Converted_/Pronto/M/Marantz/DISCREET_CODES.ir,DISCREET_CODES,,0.0,,False,[],True
770c031add8db930,_Converted_/Pronto/M/Marantz/DV-6200.ir,DV-6200,DV-6200,0.45,inventory.model,False,[],True
a0059de0e87b367f,_Converted_/Pronto/M/Marantz/DV-7000.ir,DV-7000,DV-7000,0.45,inventory.model,False,[],True
b49572e33b5e4724,_Converted_/Pronto/M/Marantz/DV-7010.ir,DV-7010,DV-7010,0.45,inventory.model,False,[],True
f9a582911debf40d,_Converted_/Pronto/M/Marantz/DV-7100.ir,DV-7100,DV-7100,0.45,inventory.model,False,[],True
56d6dbb617a0bf3a,_Converted_/Pronto/M/Marantz/DV-7110.ir,DV-7110,DV-7110,0.45,inventory.model,False,[],True
2a3c9764016b0f60,_Converted_/Pronto/M/Marantz/DV-8300.ir,DV-8300,DV-8300,0.45,inventory.model,False,[],True
a4b8bad92fc01f72,_Converted_/Pronto/M/Marantz/DV3100.ir,DV3100,DV3100,0.45,inventory.model,False,[],True
7c66355cde5b3092,_Converted_/Pronto/M/Marantz/DVD-930.ir,DVD-930,DVD-930,0.45,inventory.model,False,[],True
6e142b101c3baa80,_Converted_/Pronto/M/Marantz/DVD.ir,DVD,,0.0,,False,[],True
815c1a31c433c4e1,_Converted_/Pronto/M/Marantz/LASER_DISC.ir,LASER_DISC,,0.0,,False,[],True
322a073a0b097d24,_Converted_/Pronto/M/Marantz/LV_500_(LD)_DD92_(DCC)_CC_52_(CD).ir,LV_500_(LD)_DD92_(DCC)_CC_52_(CD),,0.0,,False,[],True
1c93608fe12b7dec,_Converted_/Pronto/M/Marantz/LV_500_(SERIAL_CONTROL).ir,LV_500_(SERIAL_CONTROL),,0.0,,False,[],True
6d2f3154243d2f84,_Converted_/Pronto/M/Marantz/MV-5100.ir,MV-5100,MV-5100,0.45,inventory.model,False,[],True
a1d9a59a991bfcdd,_Converted_/Pronto/M/Marantz/MV-830.ir,MV-830,MV-830,0.45,inventory.model,False,[],True
a55d97ee67a183b3,_Converted_/Pronto/M/Marantz/MV-8300.ir,MV-8300,MV-8300,0.45,inventory.model,False,[],True
daf4f0538db8fe94,_Converted_/Pronto/M/Marantz/MV-880.ir,MV-880,MV-880,0.45,inventory.model,False,[],True
72d7237933316aaf,_Converted_/Pronto/M/Marantz/Marantz_SA_CD_Player.ir,SA_CD_Player,,0.0,,False,[],True
eb5a723dcaf6ab64,_Converted_/Pronto/M/Marantz/NA7004.ir,NA7004,NA7004,0.45,inventory.model,False,[],True
b33d5f9cfe72084c,_Converted_/Pronto/M/Marantz/NR_Series.ir,NR_Series,,0.0,,False,[],True
4580f81241acd226,_Converted_/Pronto/M/Marantz/PD4290D.ir,PD4290D,PD4290D,0.45,inventory.model,False,[],True
32997ecfd8c3a6ac,_Converted_/Pronto/M/Marantz/PDM-510.ir,PDM-510,PDM-510,0.45,inventory.model,False,[],True
2a30ce1c00848177,_Converted_/Pronto/M/Marantz/PMD-370.ir,PMD-370,PMD-370,0.45,inventory.model,False,[],True
dba3ba31e170be9c,_Converted_/Pronto/M/Marantz/PMD-512.ir,PMD-512,PMD-512,0.45,inventory.model,False,[],True
b9da9145b8d5bed0,_Converted_/Pronto/M/Marantz/PMD350_CD-TAPE_UNIT_(CD_FNX).ir,PMD350_CD-TAPE_UNIT_(CD_FNX),,0.0,,False,[],True
a2803bbe64025248,_Converted_/Pronto/M/Marantz/PMD350_CD-TAPE_UNIT_(CD_FNX)_for_RC-5.ir,PMD350_CD-TAPE_UNIT_(CD_FNX)_for_RC-5,,0.0,,False,[],True
2365746ebb0fd714,_Converted_/Pronto/M/Marantz/PMD350_CD-TAPE_UNIT_(CD_FNX)_for_RC5.ir,PMD350_CD-TAPE_UNIT_(CD_FNX)_for_RC5,,0.0,,False,[],True
7fdd739f68674d49,_Converted_/Pronto/M/Marantz/PMD350_CD-TAPE_UNIT_(TAPE_FNX).ir,PMD350_CD-TAPE_UNIT_(TAPE_FNX),,0.0,,False,[],True
23e92fca16e30e27,_Converted_/Pronto/M/Marantz/PMD350_CD-TAPE_UNIT_(TAPE_FNX)_for_RC5.ir,PMD350_CD-TAPE_UNIT_(TAPE_FNX)_for_RC5,,0.0,,False,[],True
e739306e310b8a17,_Converted_/Pronto/M/Marantz/PMD370.ir,PMD370,PMD370,0.45,inventory.model,False,[],True
67ec3b0356a4fdfb,_Converted_/Pronto/M/Marantz/PMD370_-_ODD.ir,PMD370_-_ODD,PMD370_-_ODD,0.45,inventory.model,False,[],True
b9d721fb558b9f19,_Converted_/Pronto/M/Marantz/PMD500U_(EVEN)_(SERIAL-_RCA_MALE_TIP_=_S)_STEREO_DOUBLE_CASS.ir,PMD500U_(EVEN)_(SERIAL-_RCA_MALE_TIP_=_S)_STEREO_DOUBLE_CASS,,0.0,,False,[],True
94ace565b5fc511c,_Converted_/Pronto/M/Marantz/PMD500U_(ODD)_(SERIAL-_RCA_MALE_TIP_=_S)_STEREO_DOUBLE_CASS.ir,PMD500U_(ODD)_(SERIAL-_RCA_MALE_TIP_=_S)_STEREO_DOUBLE_CASS,,0.0,,False,[],True
c505cc84f397c9ef,_Converted_/Pronto/M/Marantz/PMD500U_PROFESSIONAL_STEREO_DOUBLE_CASSETTE_DECK.ir,PMD500U_PROFESSIONAL_STEREO_DOUBLE_CASSETTE_DECK,PMD500U_PROFESSIONAL_STEREO_DOUBLE_CASSETTE_DECK,0.45,inventory.model,False,[],True
e2187e49d158433c,_Converted_/Pronto/M/Marantz/PMD500U_PROFESSIONAL_STEREO_DOUBLE_CASSETTE_DECK_1.ir,PMD500U_PROFESSIONAL_STEREO_DOUBLE_CASSETTE_DECK_1,,0.0,,False,[],True
d2e4744754d94917,_Converted_/Pronto/M/Marantz/RECEIVER.ir,RECEIVER,,0.0,,False,[],True
2fd9d5e00491e91d,_Converted_/Pronto/M/Marantz/RECEIVER_1.ir,RECEIVER_1,RECEIVER_1,0.45,inventory.model,False,[],True
e18f03b7d464ca16,_Converted_/Pronto/M/Marantz/RECEIVER_SR870_-_EVEN.ir,RECEIVER_SR870_-_EVEN,RECEIVER_SR870_-_EVEN,0.45,inventory.model,False,[],True
14fa5999d6b8dbf3,_Converted_/Pronto/M/Marantz/RECEIVER_SR870_-_ODD.ir,RECEIVER_SR870_-_ODD,RECEIVER_SR870_-_ODD,0.45,inventory.model,False,[],True
4c3cb35ebf73218e,_Converted_/Pronto/M/Marantz/RECIEVER_AV-500.ir,RECIEVER_AV-500,RECIEVER_AV-500,0.45,inventory.model,False,[],True
483f29cc157a1670,_Converted_/Pronto/M/Marantz/Recv.ir,Recv,,0.0,,False,[],True
ca1549a6af0c0a9a,_Converted_/Pronto/M/Marantz/Recv_1.ir,Recv_1,Recv_1,0.45,inventory.model,False,[],True
1f307d04c97efa77,_Converted_/Pronto/M/Marantz/Recv_10.ir,Recv_10,Recv_10,0.45,inventory.model,False,[],True
0435489b3665e08c,_Converted_/Pronto/M/Marantz/Recv_11.ir,Recv_11,Recv_11,0.45,inventory.model,False,[],True
2aee82397f076818,_Converted_/Pronto/M/Marantz/Recv_12.ir,Recv_12,Recv_12,0.45,inventory.model,False,[],True
6862b8ba064be96e,_Converted_/Pronto/M/Marantz/Recv_13.ir,Recv_13,Recv_13,0.45,inventory.model,False,[],True
8b31924b0c8cf1f0,_Converted_/Pronto/M/Marantz/Recv_2.ir,Recv_2,Recv_2,0.45,inventory.model,False,[],True
ef22c7f383fe2b07,_Converted_/Pronto/M/Marantz/Recv_3.ir,Recv_3,Recv_3,0.45,inventory.model,False,[],True
437edbc33ff50bb6,_Converted_/Pronto/M/Marantz/Recv_4.ir,Recv_4,Recv_4,0.45,inventory.model,False,[],True
783989f4da209804,_Converted_/Pronto/M/Marantz/Recv_5.ir,Recv_5,Recv_5,0.45,inventory.model,False,[],True
6735473ce2d3b3f9,_Converted_/Pronto/M/Marantz/Recv_6.ir,Recv_6,Recv_6,0.45,inventory.model,False,[],True
39bcd0af92c816bf,_Converted_/Pronto/M/Marantz/Recv_7.ir,Recv_7,Recv_7,0.45,inventory.model,False,[],True
d7d5918a82c24e32,_Converted_/Pronto/M/Marantz/Recv_8.ir,Recv_8,Recv_8,0.45,inventory.model,False,[],True
313df9b35cdde254,_Converted_/Pronto/M/Marantz/Recv_9.ir,Recv_9,Recv_9,0.45,inventory.model,False,[],True
a829dafd0d825e5d,_Converted_/Pronto/M/Marantz/SA-12S.ir,SA-12S,SA-12S,0.45,inventory.model,False,[],True
c2a50c388c8654f4,_Converted_/Pronto/M/Marantz/SA-14.ir,SA-14,SA-14,0.45,inventory.model,False,[],True
006b92711688c902,_Converted_/Pronto/M/Marantz/SD-455_DUAL_CASS.(ODD).ir,SD-455_DUAL_CASS.(ODD),,0.0,,False,[],True
bd17742d503bfa60,_Converted_/Pronto/M/Marantz/SD-455_DUAL_CASSETTE.ir,SD-455_DUAL_CASSETTE,SD-455_DUAL_CASSETTE,0.45,inventory.model,False,[],True
3143695c1f343923,_Converted_/Pronto/M/Marantz/SD-525_-PMD320S_(SERIAL_CONTROL).ir,SD-525_-PMD320S_(SERIAL_CONTROL),,0.0,,False,[],True
0a4b26f261b005a2,_Converted_/Pronto/M/Marantz/SD-535-555_DUAL_CASS.(EVEN).ir,SD-535-555_DUAL_CASS.(EVEN),,0.0,,False,[],True
608bb0157e53f206,_Converted_/Pronto/M/Marantz/SD455_DUAL_CASS.(EVEN).ir,SD455_DUAL_CASS.(EVEN),,0.0,,False,[],True
ebf184db2c482ef2,_Converted_/Pronto/M/Marantz/SD460-RC430.ir,SD460-RC430,SD460-RC430,0.45,inventory.model,False,[],True
5d9310ced9d59f80,_Converted_/Pronto/M/Marantz/SD_525-535-PMD_320-500.ir,SD_525-535-PMD_320-500,SD_525-535-PMD_320-500,0.45,inventory.model,False,[],True
3f5d57352c455972,_Converted_/Pronto/M/Marantz/SD_60.ir,SD_60,SD_60,0.45,inventory.model,False,[],True
1ff3fb37e84958a3,_Converted_/Pronto/M/Marantz/SR-19.ir,SR-19,SR-19,0.45,inventory.model,False,[],True
6954296763b802b3,_Converted_/Pronto/M/Marantz/SR-63_(RECEIVER).ir,SR-63_(RECEIVER),,0.0,,False,[],True
53b9389a1a529ed6,_Converted_/Pronto/M/Marantz/SR-63_(RECEIVER)_EVEN.ir,SR-63_(RECEIVER)_EVEN,,0.0,,False,[],True
4cc081d069341355,_Converted_/Pronto/M/Marantz/SR-7000.ir,SR-7000,SR-7000,0.45,inventory.model,False,[],True
3d79980ad9d949d9,_Converted_/Pronto/M/Marantz/SR-7300.ir,SR-7300,SR-7300,0.45,inventory.model,False,[],True
155ba99e84e0734d,_Converted_/Pronto/M/Marantz/SR-9300.ir,SR-9300,SR-9300,0.45,inventory.model,False,[],True
7fe30dc352197d98,_Converted_/Pronto/M/Marantz/SR580.ir,SR580,SR580,0.45,inventory.model,False,[],True
978dfa8270f6bd46,_Converted_/Pronto/M/Marantz/SR66.ir,SR66,SR66,0.45,inventory.model,False,[],True
d975d63ee02ec4a3,_Converted_/Pronto/M/Marantz/SR670.ir,SR670,SR670,0.45,inventory.model,False,[],True
d696ca3ea99d14ea,_Converted_/Pronto/M/Marantz/SR7005.ir,SR7005,SR7005,0.45,inventory.model,False,[],True
52b498a2d7a673aa,_Converted_/Pronto/M/Marantz/SR7200.ir,SR7200,SR7200,0.45,inventory.model,False,[],True
a2830eee4d583436,_Converted_/Pronto/M/Marantz/SR880MKII_-_MULTICODE.ir,SR880MKII_-_MULTICODE,SR880MKII_-_MULTICODE,0.45,inventory.model,False,[],True
f17fcc8d1a2c019e,_Converted_/Pronto/M/Marantz/SR9200.ir,SR9200,SR9200,0.45,inventory.model,False,[],True
02543939a1f6b681,_Converted_/Pronto/M/Marantz/SR92MK2_SURROUND_SOUND_PROCESSOR.ir,SR92MK2_SURROUND_SOUND_PROCESSOR,SR92MK2_SURROUND_SOUND_PROCESSOR,0.45,inventory.model,False,[],True
a18763b384acbe27,_Converted_/Pronto/M/Marantz/SR96.ir,SR96,SR96,0.45,inventory.model,False,[],True
fe702cac051d6fb0,_Converted_/Pronto/M/Marantz/SR_Series.ir,SR_Series,,0.0,,False,[],True
df21addd1f506811,_Converted_/Pronto/M/Marantz/SR_Series_1.ir,SR_Series_1,SR_Series_1,0.45,inventory.model,False,[],True
cd9d2c9a0c30faaf,_Converted_/Pronto/M/Marantz/ST-46_TUNER_(EVEN).ir,ST-46_TUNER_(EVEN),,0.0,,False,[],True
65a3f54bd6f2e3f1,_Converted_/Pronto/M/Marantz/ST-46_TUNER_(ODD).ir,ST-46_TUNER_(ODD),,0.0,,False,[],True
e35468a5b000e907,_Converted_/Pronto/M/Marantz/ST-6000.ir,ST-6000,ST-6000,0.45,inventory.model,False,[],True
5967bb1d6903dfb6,_Converted_/Pronto/M/Marantz/STEREO_CASS_DECK_PMD500.ir,STEREO_CASS_DECK_PMD500,STEREO_CASS_DECK_PMD500,0.45,inventory.model,False,[],True
cab27b748a25fed3,_Converted_/Pronto/M/Marantz/ST_53.ir,ST_53,ST_53,0.45,inventory.model,False,[],True
2a1e7d6cca6ba2a7,_Converted_/Pronto/M/Marantz/ST_53_(SERIAL_CONTROL).ir,ST_53_(SERIAL_CONTROL),,0.0,,False,[],True
c078d21ac24e02f0,_Converted_/Pronto/M/Marantz/TV-VCR.ir,TV-VCR,,0.0,,False,[],True
8b0ca401d0ed5e02,_Converted_/Pronto/M/Marantz/UD5005.ir,UD5005,UD5005,0.45,inventory.model,False,[],True
c35e5c7496a0945c,_Converted_/Pronto/M/Marantz/UD5007.ir,UD5007,UD5007,0.45,inventory.model,False,[],True
1c057e3a3ea7d8d2,_Converted_/Pronto/M/Marantz/UD7006.ir,UD7006,UD7006,0.45,inventory.model,False,[],True
255021c4adb18f39,_Converted_/Pronto/M/Marantz/UD9004.ir,UD9004,UD9004,0.45,inventory.model,False,[],True
669a1b7472162816,_Converted_/Pronto/M/Marantz/UD_Series.ir,UD_Series,,0.0,,False,[],True
c3ca0cd670312fcf,_Converted_/Pronto/M/Marantz/VC-8100.ir,VC-8100,VC-8100,0.45,inventory.model,False,[],True
b3950658bb287a7f,_Converted_/Pronto/M/Marantz/VC5000.ir,VC5000,VC5000,0.45,inventory.model,False,[],True
912d3bef94ed7d5d,_Converted_/Pronto/M/Marantz/VCR_MV-610_(EVEN).ir,VCR_MV-610_(EVEN),,0.0,,False,[],True
7c2de8e4e4d700b8,_Converted_/Pronto/M/Marantz/VCR_MV-610_(ODD).ir,VCR_MV-610_(ODD),,0.0,,False,[],True
30c99dbe7b02551f,_Converted_/Pronto/M/Marantz/VCR_MV-830_(EVEN).ir,VCR_MV-830_(EVEN),,0.0,,False,[],True
71d99368d2d795c1,_Converted_/Pronto/M/Marantz/VCR_MV-830_(ODD).ir,VCR_MV-830_(ODD),,0.0,,False,[],True
db39663533aa373e,_Converted_/Pronto/M/Marantz/VP12S2.ir,VP12S2,VP12S2,0.45,inventory.model,False,[],True
37bbf5bbe2f26816,_Converted_/Pronto/M/Marantz/VP8100.ir,VP8100,VP8100,0.45,inventory.model,False,[],True
7266c3b34c51a106,_Converted_/Pronto/M/Marantz/XV5260.ir,XV5260,XV5260,0.45,inventory.model,False,[],True
4fb7790c4e590fd2,_Converted_/Pronto/M/Mark_Levinson/CD-31.5.ir,CD-31.5,CD-31.5,0.45,inventory.model,False,[],True
5cc7189920f4899a,_Converted_/Pronto/M/Mark_Levinson/ML38S.ir,ML38S,ML38S,0.45,inventory.model,False,[],True
7ae5c71a3106c39f,_Converted_/Pronto/M/Mark_Levinson/No._502_Media_Console.ir,No._502_Media_Console,No._502_Media_Console,0.45,inventory.model,False,[],True
56002d7b73b6cb24,_Converted_/Pronto/M/Matrix_Systems/MVP_SERIES.ir,MVP_SERIES,,0.0,,False,[],True
4015ef2a8988fe19,_Converted_/Pronto/M/McIntosh/C31V.ir,C31V,C31V,0.45,inventory.model,False,[],True
4cab129e396608ef,_Converted_/Pronto/M/McIntosh/C39_AND_MX130.ir,C39_AND_MX130,C39_AND_MX130,0.45,inventory.model,False,[],True
0e90a5f0a469ceba,_Converted_/Pronto/M/McIntosh/CR16A_A-V_CONTROL_SYSTEM.ir,CR16A_A-V_CONTROL_SYSTEM,CR16A_A-V_CONTROL_SYSTEM,0.45,inventory.model,False,[],True
c1e91a5597522ed7,_Converted_/Pronto/M/McIntosh/DISCREET_CODES.ir,DISCREET_CODES,,0.0,,False,[],True
f062eeb71496c25c,_Converted_/Pronto/M/McIntosh/HR100.ir,HR100,HR100,0.45,inventory.model,False,[],True
7d37a3457bfa7faf,_Converted_/Pronto/M/McIntosh/HR7007.ir,HR7007,HR7007,0.45,inventory.model,False,[],True
f9159f5e47fdb8bc,_Converted_/Pronto/M/McIntosh/LASER_DISC_PLAYER.ir,LASER_DISC_PLAYER,,0.0,,False,[],True
6f7a89841f66d9c2,_Converted_/Pronto/M/McIntosh/MCD-205.ir,MCD-205,MCD-205,0.45,inventory.model,False,[],True
fafd0e257e967c0d,_Converted_/Pronto/M/McIntosh/MHT-100.ir,MHT-100,MHT-100,0.45,inventory.model,False,[],True
78174aba64c7f4dc,_Converted_/Pronto/M/McIntosh/MLD-7020.ir,MLD-7020,MLD-7020,0.45,inventory.model,False,[],True
094d486e02c8784c,_Converted_/Pronto/M/McIntosh/MVP-831.ir,MVP-831,MVP-831,0.45,inventory.model,False,[],True
ddd5fd06bfac3f2b,_Converted_/Pronto/M/McIntosh/MX130.ir,MX130,MX130,0.45,inventory.model,False,[],True
08c8a36be04e8492,_Converted_/Pronto/M/McIntosh/MX132.ir,MX132,MX132,0.45,inventory.model,False,[],True
41886444d3be9597,_Converted_/Pronto/M/Mediland/VAL_LUX_600.ir,VAL_LUX_600,VAL_LUX_600,0.45,inventory.model,False,[],True
fd98b719ffe585f6,_Converted_/Pronto/M/Megapower/ULTRABEAM_PROJECTOR.ir,ULTRABEAM_PROJECTOR,,0.0,,False,[],True
8b892e07546dd57e,_Converted_/Pronto/M/Megapower/ULTRABEAM_PROJECTOR_228.ir,ULTRABEAM_PROJECTOR_228,ULTRABEAM_PROJECTOR_228,0.45,inventory.model,False,[],True
2cb2a4b8f4edd38c,_Converted_/Pronto/M/Meridian/562+565.ir,562+565,,0.0,,False,[],True
099abe0b87241102,_Converted_/Pronto/M/Meridian/562.ir,562,,0.0,,False,[],True
67e59de4cf1762aa,_Converted_/Pronto/M/Meridian/586_DVD_(SAME_AS_TOSHIBA_SE-R3006).ir,586_DVD_(SAME_AS_TOSHIBA_SE-R3006),,0.0,,False,[],True
9fe999ab41cc7536,_Converted_/Pronto/M/Meridian/861.ir,861,,0.0,,False,[],True
3b2fd669d572d9e1,_Converted_/Pronto/M/Meridian/986.ir,986,,0.0,,False,[],True
97c01d98c63941fd,_Converted_/Pronto/M/Meridian/DVD-596.ir,DVD-596,DVD-596,0.45,inventory.model,False,[],True
924de747e8818023,_Converted_/Pronto/M/Microsoft/XBOX.ir,XBOX,,0.0,,False,[],True
631d87de75b4cb97,_Converted_/Pronto/M/Microsoft/XBOX360.ir,XBOX360,XBOX360,0.45,inventory.model,False,[],True
4c65e3ceebf9ecda,_Converted_/Pronto/M/MindPath/IR55.ir,IR55,IR55,0.45,inventory.model,False,[],True
d4a99d33ddd7a244,_Converted_/Pronto/M/MindPath/MINDPATH_IR-90_-_MAIN_FCNS.ir,IR-90_-_MAIN_FCNS,IR-90_-_MAIN_FCNS,0.45,inventory.model,True,"[""MINDPATH_IR-90_-_MAIN_FCNS""]",True
a6e5c6b6155b347d,_Converted_/Pronto/M/MindPath/MOUSE.ir,MOUSE,,0.0,,False,[],True
774afdd623cebfff,_Converted_/Pronto/M/Mitsubishi/AIR_CONDITIONING(CONT._S10079A.IR).ir,AIR_CONDITIONING(CONT._S10079A.IR),,0.0,,False,[],True
5c6c1179ee565dcb,_Converted_/Pronto/M/Mitsubishi/AIR_CONDITIONING.ir,AIR_CONDITIONING,,0.0,,False,[],True
91dc0c950016bd94,_Converted_/Pronto/M/Mitsubishi/AM4201R_RGB_MONITOR.ir,AM4201R_RGB_MONITOR,AM4201R_RGB_MONITOR,0.45,inventory.model,False,[],True
985e7e460f30cc54,_Converted_/Pronto/M/Mitsubishi/CD-500.ir,CD-500,CD-500,0.45,inventory.model,False,[],True
cda0b8a88f2abfcf,_Converted_/Pronto/M/Mitsubishi/CS-2047.ir,CS-2047,CS-2047,0.45,inventory.model,False,[],True
376c16f06a86fd95,_Converted_/Pronto/M/Mitsubishi/CS-3505R_(TV+VCRA+VCRB+MASTER).ir,CS-3505R_(TV+VCRA+VCRB+MASTER),,0.0,,False,[],True
2cdc9870f490bffb,_Converted_/Pronto/M/Mitsubishi/CS13103_(VOL&CH=ARROWS).ir,CS13103_(VOL&CH=ARROWS),,0.0,,False,[],True
331c729540a06aa4,_Converted_/Pronto/M/Mitsubishi/CS36309_TV.ir,CS36309_TV,CS36309_TV,0.45,inventory.model,False,[],True
fe642a41ffb7a4e7,_Converted_/Pronto/M/Mitsubishi/CS_40503_TV_ONLY.ir,CS_40503_TV_ONLY,CS_40503_TV_ONLY,0.45,inventory.model,False,[],True
5ca055224080dfb0,_Converted_/Pronto/M/Mitsubishi/DD-2000.ir,DD-2000,DD-2000,0.45,inventory.model,False,[],True
93fc2fedd990b77d,_Converted_/Pronto/M/Mitsubishi/DD-4020.ir,DD-4020,DD-4020,0.45,inventory.model,False,[],True
13dc700b6aec7023,_Converted_/Pronto/M/Mitsubishi/DD-6000.ir,DD-6000,DD-6000,0.45,inventory.model,False,[],True
b06e94d9fa0c84c2,_Converted_/Pronto/M/Mitsubishi/DISCREET_CODES.ir,DISCREET_CODES,,0.0,,False,[],True
db412f49eb9fac4c,_Converted_/Pronto/M/Mitsubishi/DVD.ir,DVD,,0.0,,False,[],True
59f1c266e59889b3,_Converted_/Pronto/M/Mitsubishi/HS-U790.ir,HS-U790,HS-U790,0.45,inventory.model,False,[],True
fa2d92974130452b,_Converted_/Pronto/M/Mitsubishi/HSU-110_VCR+TV.ir,HSU-110_VCR+TV,HSU-110_VCR+TV,0.45,inventory.model,False,[],True
1bfc7eddf7a72ec3,_Converted_/Pronto/M/Mitsubishi/HSU-110_VCR+TV_1.ir,HSU-110_VCR+TV_1,HSU-110_VCR+TV_1,0.45,inventory.model,False,[],True
f2b9a8ceda89d88f,_Converted_/Pronto/M/Mitsubishi/HSU-34.ir,HSU-34,HSU-34,0.45,inventory.model,False,[],True
b6efa1c8fa91efa8,_Converted_/Pronto/M/Mitsubishi/HSU-590.ir,HSU-590,HSU-590,0.45,inventory.model,False,[],True
97b8787f2c8da957,_Converted_/Pronto/M/Mitsubishi/HSU-747.ir,HSU-747,HSU-747,0.45,inventory.model,False,[],True
e66104d6b8df3e65,_Converted_/Pronto/M/Mitsubishi/HSU-760.ir,HSU-760,HSU-760,0.45,inventory.model,False,[],True
2b9dff80318de415,_Converted_/Pronto/M/Mitsubishi/HSU-770_VHS_VCR.ir,HSU-770_VHS_VCR,HSU-770_VHS_VCR,0.45,inventory.model,False,[],True
5b7b6ab94b7e4f83,_Converted_/Pronto/M/Mitsubishi/HSU-776.ir,HSU-776,HSU-776,0.45,inventory.model,False,[],True
feef4c131a3caf71,_Converted_/Pronto/M/Mitsubishi/HSU-780_VHS_VCR.ir,HSU-780_VHS_VCR,HSU-780_VHS_VCR,0.45,inventory.model,False,[],True
577a0b96b3d81054,_Converted_/Pronto/M/Mitsubishi/HSU-781.ir,HSU-781,HSU-781,0.45,inventory.model,False,[],True
eb55b80b738a260b,_Converted_/Pronto/M/Mitsubishi/HSU746.ir,HSU746,HSU746,0.45,inventory.model,False,[],True
7b9e73b647ec9a58,_Converted_/Pronto/M/Mitsubishi/HSV-51.ir,HSV-51,HSV-51,0.45,inventory.model,False,[],True
060f2bc6734eec9d,_Converted_/Pronto/M/Mitsubishi/LT_40148.ir,LT_40148,LT_40148,0.45,inventory.model,False,[],True
af699cac116931e2,_Converted_/Pronto/M/Mitsubishi/LT_46164.ir,LT_46164,LT_46164,0.45,inventory.model,False,[],True
465b2f521823a208,_Converted_/Pronto/M/Mitsubishi/LT_55265.ir,LT_55265,LT_55265,0.45,inventory.model,False,[],True
2e0dd3a63818eb8a,_Converted_/Pronto/M/Mitsubishi/PROJECTOR.ir,PROJECTOR,,0.0,,False,[],True
d8b3e4ff696b2901,_Converted_/Pronto/M/Mitsubishi/RM_59107.ir,RM_59107,RM_59107,0.45,inventory.model,False,[],True
be1650e7a6b5f7e9,_Converted_/Pronto/M/Mitsubishi/SR-SD1.ir,SR-SD1,SR-SD1,0.45,inventory.model,False,[],True
20a6755ab2dffa89,_Converted_/Pronto/M/Mitsubishi/SRHD500.ir,SRHD500,SRHD500,0.45,inventory.model,False,[],True
8ca432bb3500c2a9,_Converted_/Pronto/M/Mitsubishi/TS4545_&_CS40509_-_TV_MODE.ir,TS4545_&_CS40509_-_TV_MODE,,0.0,,False,[],True
c8cf588e94390e7e,_Converted_/Pronto/M/Mitsubishi/TS50811_-_TV_MODE.ir,TS50811_-_TV_MODE,TS50811_-_TV_MODE,0.45,inventory.model,False,[],True
02af35b6fe03f19e,_Converted_/Pronto/M/Mitsubishi/V-62.ir,V-62,V-62,0.45,inventory.model,False,[],True
94cfc05fd4dff76e,_Converted_/Pronto/M/Mitsubishi/VS-6043.ir,VS-6043,VS-6043,0.45,inventory.model,False,[],True
27a38b753a618f7b,_Converted_/Pronto/M/Mitsubishi/VS-60601.ir,VS-60601,VS-60601,0.45,inventory.model,False,[],True
0a7a49dbb61a41bb,_Converted_/Pronto/M/Mitsubishi/VS-6087_VCR_1.ir,VS-6087_VCR_1,VS-6087_VCR_1,0.45,inventory.model,False,[],True
3dbb0ea4053972f4,_Converted_/Pronto/M/Mitsubishi/VS-6087_VCR_2.ir,VS-6087_VCR_2,VS-6087_VCR_2,0.45,inventory.model,False,[],True
4f4fde573ff76d05,_Converted_/Pronto/M/Mitsubishi/VS-70601.ir,VS-70601,VS-70601,0.45,inventory.model,False,[],True
5a6bfb249f5452bb,_Converted_/Pronto/M/Mitsubishi/VS-70707.ir,VS-70707,VS-70707,0.45,inventory.model,False,[],True
faf33b59dcd5fdb6,_Converted_/Pronto/M/Mitsubishi/VTUX6570.ir,VTUX6570,VTUX6570,0.45,inventory.model,False,[],True
1ceaaae13c9bfea0,_Converted_/Pronto/M/Mitsubishi/WS65809.ir,WS65809,WS65809,0.45,inventory.model,False,[],True
c89c02e5ef0d16c2,_Converted_/Pronto/M/Mitsubishi/WS73903.ir,WS73903,WS73903,0.45,inventory.model,False,[],True
acd947414c387abf,_Converted_/Pronto/M/Mitsubishi/X120_PROJECTOR.ir,X120_PROJECTOR,X120_PROJECTOR,0.45,inventory.model,False,[],True
1754f67b7ee94cac,_Converted_/Pronto/M/Mitsubishi/X400.ir,X400,X400,0.45,inventory.model,False,[],True
c6c01503df28cc18,_Converted_/Pronto/M/Mitsubishi/XC3717C.ir,XC3717C,XC3717C,0.45,inventory.model,False,[],True
df3e8b47ad5b391d,_Converted_/Pronto/M/Mitsubishi/XD250U.ir,XD250U,XD250U,0.45,inventory.model,False,[],True
6f4adba215f248c7,_Converted_/Pronto/M/Mitsubishi/XL-5010.ir,XL-5010,XL-5010,0.45,inventory.model,False,[],True
9b0b6a70870a894b,_Converted_/Pronto/M/Monivision/DM5948-D_MONITOR-RECEIVER.ir,DM5948-D_MONITOR-RECEIVER,DM5948-D_MONITOR-RECEIVER,0.45,inventory.model,False,[],True
f78be26a9cdb2619,_Converted_/Pronto/M/Monivision/DM77525TC.ir,DM77525TC,DM77525TC,0.45,inventory.model,False,[],True
a6f57c841eff6263,_Converted_/Pronto/M/Monovision/MONOVISION_TV_MODEL#_DMM7748.ir,TV_MODEL#_DMM7748,,0.0,,False,[],True
b5d29564991bc524,_Converted_/Pronto/M/Motorola/4DTV.ir,4DTV,4DTV,0.45,inventory.model,False,[],True
0695587088a3bf47,_Converted_/Pronto/M/Motorola/BMC_9012.ir,BMC_9012,BMC_9012,0.45,inventory.model,False,[],True
7be6bf31f633673c,_Converted_/Pronto/M/Motorola/COMCAST_DCT6412.ir,COMCAST_DCT6412,COMCAST_DCT6412,0.45,inventory.model,False,[],True
44b7f862e6cab097,_Converted_/Pronto/M/Motorola/DCH-3200.ir,DCH-3200,DCH-3200,0.45,inventory.model,False,[],True
9e3a51fd370c4d87,"_Converted_/Pronto/M/Motorola/DCH-3412_(DVR),_DCH-3416_(DVR).ir","DCH-3412_(DVR),_DCH-3416_(DVR)",,0.0,,False,[],True
07bfb19f15e1d0ea,_Converted_/Pronto/M/Motorola/DCH3416_110708.ir,DCH3416_110708,DCH3416_110708,0.45,inventory.model,False,[],True
60e5dcc36d79756b,_Converted_/Pronto/M/Motorola/DCH3416_DVR.ir,DCH3416_DVR,DCH3416_DVR,0.45,inventory.model,False,[],True
985f67bd01eb5e92,_Converted_/Pronto/M/Motorola/DCT-2224.ir,DCT-2224,DCT-2224,0.45,inventory.model,False,[],True
886808e412b01a8b,_Converted_/Pronto/M/Motorola/DCT2500.ir,DCT2500,DCT2500,0.45,inventory.model,False,[],True
fae60fd4c6ed6c4a,_Converted_/Pronto/M/Motorola/DCT6412.ir,DCT6412,DCT6412,0.45,inventory.model,False,[],True
f63792592a2cf023,_Converted_/Pronto/M/Motorola/DCT700.ir,DCT700,DCT700,0.45,inventory.model,False,[],True
0893faf0f9f8653e,_Converted_/Pronto/M/Motorola/DCX3400.ir,DCX3400,DCX3400,0.45,inventory.model,False,[],True
584c71b078156d75,_Converted_/Pronto/M/Motorola/DCX3400_DVR.ir,DCX3400_DVR,DCX3400_DVR,0.45,inventory.model,False,[],True
57240b4cbf366fc0,_Converted_/Pronto/M/Motorola/DRC-400-425.ir,DRC-400-425,DRC-400-425,0.45,inventory.model,False,[],True
2d19ff72b8190b5e,_Converted_/Pronto/M/Motorola/DTA100-2305-000.ir,DTA100-2305-000,DTA100-2305-000,0.45,inventory.model,False,[],True
0d336e9584038ddc,_Converted_/Pronto/M/Motorola/QIP2500_-_Verizon_FIOS.ir,QIP2500_-_Verizon_FIOS,QIP2500_-_Verizon_FIOS,0.45,inventory.model,False,[],True
24f28772e7513884,_Converted_/Pronto/M/Motorola/QIP6416(DVR).ir,QIP6416(DVR),,0.0,,False,[],True
80d5938f99af8f1b,_Converted_/Pronto/M/Motorola/QIP7200(DVR).ir,QIP7200(DVR),,0.0,,False,[],True
19b1bef88ab49f27,_Converted_/Pronto/M/Motorola/QIP7216(DVR).ir,QIP7216(DVR),,0.0,,False,[],True
728c8b4018fcee72,_Converted_/Pronto/M/Motorola/QIP7216(HDDVR).ir,QIP7216(HDDVR),,0.0,,False,[],True
b0555dd48cd85725,_Converted_/Pronto/M/Motorola/QIP7216_(HD_DVR).ir,QIP7216_(HD_DVR),,0.0,,False,[],True
5283db4769143cfe,_Converted_/Pronto/M/Motorola/QIP7232.ir,QIP7232,QIP7232,0.45,inventory.model,False,[],True
0c74ae80d9116e74,_Converted_/Pronto/M/Motorola/SHAW_DIRECT_DVR.ir,SHAW_DIRECT_DVR,,0.0,,False,[],True
f7d437bbfcd9704d,_Converted_/Pronto/M/Motorola/Xfinity_RNG110.ir,Xfinity_RNG110,Xfinity_RNG110,0.45,inventory.model,False,[],True
c07dfc1d940723cd,_Converted_/Pronto/M/Moxi/HD_DVR.ir,HD_DVR,,0.0,,False,[],True
9e6b5d18c2d3c412,_Converted_/Pronto/M/Multi_Video_Labs/IDM5938V.ir,IDM5938V,IDM5938V,0.45,inventory.model,False,[],True
252b27c9226363df,_Converted_/Pronto/N/NAD/450.ir,450,,0.0,,False,[],True
3be78e5d35f58fda,_Converted_/Pronto/N/NAD/C446.ir,C446,C446,0.45,inventory.model,False,[],True
32cc3266ef6b165c,_Converted_/Pronto/N/NAD/DISCREET_CODES.ir,DISCREET_CODES,,0.0,,False,[],True
4a1d54f8f3891667,_Converted_/Pronto/N/NAD/MISC.ir,MISC,,0.0,,False,[],True
308d29e3eac654f3,_Converted_/Pronto/N/NAD/N-A.ir,N-A,,0.0,,False,[],True
d76fbb88ef2b7040,_Converted_/Pronto/N/NAD/NAD712.ir,NAD712,NAD712,0.45,inventory.model,False,[],True
b8e142901605e37c,_Converted_/Pronto/N/NAD/PLC-750_LCD_PROJECTOR.ir,PLC-750_LCD_PROJECTOR,PLC-750_LCD_PROJECTOR,0.45,inventory.model,False,[],True
4dfde8be6049ddb4,_Converted_/Pronto/N/NAD/T-451.ir,T-451,T-451,0.45,inventory.model,False,[],True
8cacedfcf5d49dcc,_Converted_/Pronto/N/NAD/T-760.ir,T-760,T-760,0.45,inventory.model,False,[],True
4381fd47c58f857d,_Converted_/Pronto/N/NAD/T562.ir,T562,T562,0.45,inventory.model,False,[],True
ba804ce80fd0a74a,_Converted_/Pronto/N/NAD/T567.ir,T567,T567,0.45,inventory.model,False,[],True
2fc4b250e8e92633,_Converted_/Pronto/N/NAD/T748.ir,T748,T748,0.45,inventory.model,False,[],True
1e9f73c9b05a0a4c,_Converted_/Pronto/N/NAD/T785-T775-T765.ir,T785-T775-T765,T785-T775-T765,0.45,inventory.model,False,[],True
fc0ba3b10715fafd,_Converted_/Pronto/N/NAD/T_757.ir,T_757,T_757,0.45,inventory.model,False,[],True
2700df1fa2e646df,_Converted_/Pronto/N/NAD/T_770.ir,T_770,T_770,0.45,inventory.model,False,[],True
4c0558d02101affd,_Converted_/Pronto/N/NEC/1020.ir,1020,,0.0,,False,[],True
e1e00cf84a9674bc,_Converted_/Pronto/N/NEC/2940.ir,2940,,0.0,,False,[],True
1d2d996b43256a79,_Converted_/Pronto/N/NEC/4200W.ir,4200W,4200W,0.45,inventory.model,False,[],True
74400919d35edc56,_Converted_/Pronto/N/NEC/42XP10.ir,42XP10,42XP10,0.45,inventory.model,False,[],True
b946a87d99d50896,_Converted_/Pronto/N/NEC/50-MP1.ir,50-MP1,50-MP1,0.45,inventory.model,False,[],True
b1bbef2463dcb9a8,_Converted_/Pronto/N/NEC/50-MP2.ir,50-MP2,50-MP2,0.45,inventory.model,False,[],True
80ac89ab107bca90,_Converted_/Pronto/N/NEC/ELP-7250.ir,ELP-7250,ELP-7250,0.45,inventory.model,False,[],True
fd4333172a1e1da4,_Converted_/Pronto/N/NEC/GT-1150.ir,GT-1150,GT-1150,0.45,inventory.model,False,[],True
7385883946be44f5,_Converted_/Pronto/N/NEC/GT-150.ir,GT-150,GT-150,0.45,inventory.model,False,[],True
492ec75e8875c5a0,_Converted_/Pronto/N/NEC/GT2000.ir,GT2000,GT2000,0.45,inventory.model,False,[],True
e60c0f1d08b03629,_Converted_/Pronto/N/NEC/HT-1000.ir,HT-1000,HT-1000,0.45,inventory.model,False,[],True
c77f24df4d06b5c7,_Converted_/Pronto/N/NEC/ISS-6020.ir,ISS-6020,ISS-6020,0.45,inventory.model,False,[],True
ff34c047c3ff0349,_Converted_/Pronto/N/NEC/LC600-800.ir,LC600-800,LC600-800,0.45,inventory.model,False,[],True
484e7e39ccecd553,_Converted_/Pronto/N/NEC/MS-100.ir,MS-100,MS-100,0.45,inventory.model,False,[],True
b12c06a452a7320f,_Converted_/Pronto/N/NEC/MT-1040.ir,MT-1040,MT-1040,0.45,inventory.model,False,[],True
e369a089a42a4665,_Converted_/Pronto/N/NEC/MT-1060.ir,MT-1060,MT-1060,0.45,inventory.model,False,[],True
ceb31420180f549c,_Converted_/Pronto/N/NEC/MT-820.ir,MT-820,MT-820,0.45,inventory.model,False,[],True
9a4bf79908a66aea,_Converted_/Pronto/N/NEC/MT-LT_SERIES.ir,MT-LT_SERIES,,0.0,,False,[],True
74baeebc471c89fd,_Converted_/Pronto/N/NEC/MT600-MT800.ir,MT600-MT800,MT600-MT800,0.45,inventory.model,False,[],True
28ef7aed755a4999,_Converted_/Pronto/N/NEC/MULTISYN_PROJECTION_MONITOR.ir,MULTISYN_PROJECTION_MONITOR,,0.0,,False,[],True
66420e620410699a,_Converted_/Pronto/N/NEC/N915U-LPJ4650.ir,N915U-LPJ4650,N915U-LPJ4650,0.45,inventory.model,False,[],True
48a193f717119d37,_Converted_/Pronto/N/NEC/N915U_-_PJ4650EN.ir,N915U_-_PJ4650EN,N915U_-_PJ4650EN,0.45,inventory.model,False,[],True
ef80566237530c6c,_Converted_/Pronto/N/NEC/NEC_NP40.ir,NP40,NP40,0.45,inventory.model,True,"[""NEC_NP40""]",True
d6062dfb5f3f07f5,_Converted_/Pronto/N/NEC/PLASMA_SYNC_3300.ir,PLASMA_SYNC_3300,PLASMA_SYNC_3300,0.45,inventory.model,False,[],True
117b99dd69d0dd89,_Converted_/Pronto/N/NEC/RD-363E.ir,RD-363E,RD-363E,0.45,inventory.model,False,[],True
d9661e11bcc702d9,_Converted_/Pronto/N/NEC/VU-1210S_DP-1200S.ir,VU-1210S_DP-1200S,VU-1210S_DP-1200S,0.45,inventory.model,False,[],True
44925a73716ba1f5,_Converted_/Pronto/N/NEC/XG-135LC-85.ir,XG-135LC-85,XG-135LC-85,0.45,inventory.model,False,[],True
1661260e02ffdb1a,_Converted_/Pronto/N/NEC/XM-XP29_Plus.ir,XM-XP29_Plus,XM-XP29_Plus,0.45,inventory.model,False,[],True
b11865544d8386c6,_Converted_/Pronto/N/NEC/XM-XP_SERIES.ir,XM-XP_SERIES,,0.0,,False,[],True
37b78e0a9eda6897,_Converted_/Pronto/N/NEC/XM2950.ir,XM2950,XM2950,0.45,inventory.model,False,[],True
ac6fd92dd2664081,_Converted_/Pronto/N/NEC/XM29_EXTRA.ir,XM29_EXTRA,XM29_EXTRA,0.45,inventory.model,False,[],True
339c77713492ab30,_Converted_/Pronto/N/NEC/XV2930.ir,XV2930,XV2930,0.45,inventory.model,False,[],True
00c248eef31822ba,_Converted_/Pronto/N/NSM/CD_3101.ir,CD_3101,CD_3101,0.45,inventory.model,False,[],True
35995b8b288406a7,_Converted_/Pronto/N/NSM/CD_3101_(EVEN)(SERIAL_CONTROL).ir,CD_3101_(EVEN)(SERIAL_CONTROL),,0.0,,False,[],True
5a0f9bc45dfe7d70,_Converted_/Pronto/N/NSM/CD_3101_(ODD)(SERIAL_CONTROL).ir,CD_3101_(ODD)(SERIAL_CONTROL),,0.0,,False,[],True
a8bbbbb8048fd85b,_Converted_/Pronto/N/NView/DLP_D705Z.ir,DLP_D705Z,DLP_D705Z,0.45,inventory.model,False,[],True
8535c04a612a2c1f,_Converted_/Pronto/N/NView/DLP_D705Z_1.ir,DLP_D705Z_1,DLP_D705Z_1,0.45,inventory.model,False,[],True
10c5b7521f8b56b5,_Converted_/Pronto/N/Nakamichi/1000MB_CD_PLAYER.ir,1000MB_CD_PLAYER,1000MB_CD_PLAYER,0.45,inventory.model,False,[],True
246f4f344c47e32c,_Converted_/Pronto/N/Nakamichi/1000MB_CD_PLAYER_1.ir,1000MB_CD_PLAYER_1,1000MB_CD_PLAYER_1,0.45,inventory.model,False,[],True
3dff06afe8351cb6,_Converted_/Pronto/N/Nakamichi/AV-10.ir,AV-10,AV-10,0.45,inventory.model,False,[],True
9bb61433e180d645,_Converted_/Pronto/N/Nakamichi/AV-8.ir,AV-8,AV-8,0.45,inventory.model,False,[],True
12a20f54009f0a56,_Converted_/Pronto/N/Nakamichi/CA-1.ir,CA-1,CA-1,0.45,inventory.model,False,[],True
9df328ad462e44ec,_Converted_/Pronto/N/Nakamichi/CA-7A.ir,CA-7A,CA-7A,0.45,inventory.model,False,[],True
9d3e22f8058f4bc2,_Converted_/Pronto/N/Nakamichi/CDC4A.ir,CDC4A,CDC4A,0.45,inventory.model,False,[],True
8aaace37bc765c74,_Converted_/Pronto/N/Nakamichi/CD_PLAYER.ir,CD_PLAYER,,0.0,,False,[],True
2eb620a4f019f1c2,_Converted_/Pronto/N/Nakamichi/CR7A.ir,CR7A,CR7A,0.45,inventory.model,False,[],True
9a411a6e55416dde,_Converted_/Pronto/N/Nakamichi/DR-1.ir,DR-1,DR-1,0.45,inventory.model,False,[],True
f974eeac4779ca2b,_Converted_/Pronto/N/Nakamichi/DVD-10.ir,DVD-10,DVD-10,0.45,inventory.model,False,[],True
d897f242e81abb6d,_Converted_/Pronto/N/Nakamichi/MB-3.ir,MB-3,MB-3,0.45,inventory.model,False,[],True
7aca490efc0d5411,_Converted_/Pronto/N/Nakamichi/No_model.ir,No_model,,0.0,,False,[],True
2223547a4530285e,_Converted_/Pronto/N/Nakamichi/No_model_1.ir,No_model_1,No_model_1,0.45,inventory.model,False,[],True
f7b0fb1f8edfa998,_Converted_/Pronto/N/Nakamichi/RE-10.ir,RE-10,RE-10,0.45,inventory.model,False,[],True
749f0c4f6b5b364f,_Converted_/Pronto/N/Nakamichi/RECEIVER_3.ir,RECEIVER_3,RECEIVER_3,0.45,inventory.model,False,[],True
d0bacc8b178a75d1,_Converted_/Pronto/N/Nakamichi/RX505.ir,RX505,RX505,0.45,inventory.model,False,[],True
eabd99f8238ea48d,_Converted_/Pronto/N/National/AIR_CONDITIONER.ir,AIR_CONDITIONER,,0.0,,False,[],True
e017809626d1d78c,_Converted_/Pronto/N/NetWare/NCC-500.ir,NCC-500,NCC-500,0.45,inventory.model,False,[],True
586aaf150a497d73,_Converted_/Pronto/N/Nexus_21/Nexus_21_(space_redefined).ir,(space_redefined),,0.0,,False,[],True
9e11d65f3bfaffd7,_Converted_/Pronto/N/Nikko/NA_150_INTEGRATED_AMP.ir,NA_150_INTEGRATED_AMP,NA_150_INTEGRATED_AMP,0.45,inventory.model,False,[],True
f72eba99037035e4,_Converted_/Pronto/N/Nikko/NCD_1050R.ir,NCD_1050R,NCD_1050R,0.45,inventory.model,False,[],True
b21c79b6e7494fa8,_Converted_/Pronto/N/Niles/INTELLICONTROL_LEFT-FIFTH_BUTTON.ir,INTELLICONTROL_LEFT-FIFTH_BUTTON,,0.0,,False,[],True
f10f20b071649e03,_Converted_/Pronto/N/Niles/INTELLICONTROL_LEFT-FOURTH_BUTTON.ir,INTELLICONTROL_LEFT-FOURTH_BUTTON,,0.0,,False,[],True
9c1cace9550b76c6,_Converted_/Pronto/N/Niles/INTELLICONTROL_LEFT-THIRD_BUTTON.ir,INTELLICONTROL_LEFT-THIRD_BUTTON,,0.0,,False,[],True
b033c7b037b5cad1,_Converted_/Pronto/N/Niles/INTELLICONTROL_LEFT_FIRST.ir,INTELLICONTROL_LEFT_FIRST,,0.0,,False,[],True
100d15ecbdaccd5c,_Converted_/Pronto/N/Niles/INTELLICONTROL_LEFT_SECOND.ir,INTELLICONTROL_LEFT_SECOND,,0.0,,False,[],True
a31af583eb768d15,_Converted_/Pronto/N/Niles/INTELLICONTROL_RIGHT-FIFTH_BUTTON.ir,INTELLICONTROL_RIGHT-FIFTH_BUTTON,,0.0,,False,[],True
cab83d4c1602a436,_Converted_/Pronto/N/Niles/INTELLICONTROL_RIGHT-FIRST_BUTTON.ir,INTELLICONTROL_RIGHT-FIRST_BUTTON,,0.0,,False,[],True
6aa133e5956123ce,_Converted_/Pronto/N/Niles/INTELLICONTROL_RIGHT-FOURTH_BUTTON.ir,INTELLICONTROL_RIGHT-FOURTH_BUTTON,,0.0,,False,[],True
0b66d7313e485fc2,_Converted_/Pronto/N/Niles/INTELLICONTROL_RIGHT-SECOND_BUTTON.ir,INTELLICONTROL_RIGHT-SECOND_BUTTON,,0.0,,False,[],True
a099cfb3fd0a32e8,_Converted_/Pronto/N/Niles/INTELLICONTROL_RIGHT-THIRD_BUTTON.ir,INTELLICONTROL_RIGHT-THIRD_BUTTON,,0.0,,False,[],True
c41bd74cb4057a15,_Converted_/Pronto/N/Niles/IRD-8.ir,IRD-8,IRD-8,0.45,inventory.model,False,[],True
e9f8e25f32fffdbd,_Converted_/Pronto/N/No_Manufacturer/No_model.ir,No_model,,0.0,,False,[],True
2235021938a4e122,_Converted_/Pronto/N/Novaplex/MRC3.ir,MRC3,MRC3,0.45,inventory.model,False,[],True
1a2140b5f7fddb25,_Converted_/Pronto/N/NuVico/NVDV3-8500N.ir,NVDV3-8500N,NVDV3-8500N,0.45,inventory.model,False,[],True
96d0116a675d138b,_Converted_/Pronto/N/NuView/VERTICAL_BLIND.ir,VERTICAL_BLIND,,0.0,,False,[],True
b32df6824c67cb17,_Converted_/Pronto/N/Nyco-Sony/NYCO_PS3_codes.ir,NYCO_PS3_codes,NYCO_PS3_codes,0.45,inventory.model,False,[],True
ddd3fea2c320ce7a,_Converted_/Pronto/O/OAK/SIGMA_ONE.ir,SIGMA_ONE,,0.0,,False,[],True
eb0cac54fbddd44d,_Converted_/Pronto/O/ONG/PORTAL_GOLD.ir,PORTAL_GOLD,,0.0,,False,[],True
248afe5f045dfc36,_Converted_/Pronto/O/ONG/The_Portal_Gold_Medialink.ir,The_Portal_Gold_Medialink,,0.0,,False,[],True
4515ed0b4a5c9f44,_Converted_/Pronto/O/Olevia/537i_B12.ir,537i_B12,537i_B12,0.45,inventory.model,False,[],True
5ee711e3d7004121,_Converted_/Pronto/O/Olevia/OLEVIA_232T_720P.ir,232T_720P,232T_720P,0.45,inventory.model,True,"[""OLEVIA_232T_720P""]",True
1a9de6902a77a02d,_Converted_/Pronto/O/On_Command/035-IDS.ir,035-IDS,035-IDS,0.45,inventory.model,False,[],True
ac8ea8a8f9a52ebb,_Converted_/Pronto/O/Onkyo/A-SV610-TX-SV727_RECEIVER.ir,A-SV610-TX-SV727_RECEIVER,A-SV610-TX-SV727_RECEIVER,0.45,inventory.model,False,[],True
a42989b66966b9d7,_Converted_/Pronto/O/Onkyo/BD-SP808.ir,BD-SP808,BD-SP808,0.45,inventory.model,False,[],True
243de2434773bd76,_Converted_/Pronto/O/Onkyo/BD_Series.ir,BD_Series,,0.0,,False,[],True
c9bdae893b496de0,_Converted_/Pronto/O/Onkyo/CASSETTE_DECK.ir,CASSETTE_DECK,,0.0,,False,[],True
f1bcd886d8aced06,_Converted_/Pronto/O/Onkyo/CD_PLAYER_DX-606.ir,CD_PLAYER_DX-606,CD_PLAYER_DX-606,0.45,inventory.model,False,[],True
a3d981bec2178b12,_Converted_/Pronto/O/Onkyo/DISCREET_CODES.ir,DISCREET_CODES,,0.0,,False,[],True
c530e5e63d485bee,_Converted_/Pronto/O/Onkyo/DPC-5.1.ir,DPC-5.1,DPC-5.1,0.45,inventory.model,False,[],True
398fc55cc6f6eaf7,_Converted_/Pronto/O/Onkyo/DV-BD606.ir,DV-BD606,DV-BD606,0.45,inventory.model,False,[],True
67fbf2fd280b9968,_Converted_/Pronto/O/Onkyo/DV-M301.ir,DV-M301,DV-M301,0.45,inventory.model,False,[],True
570e1d2d7fbeb741,_Converted_/Pronto/O/Onkyo/DV-S501.ir,DV-S501,DV-S501,0.45,inventory.model,False,[],True
6d181f1627594821,_Converted_/Pronto/O/Onkyo/DV-SP406.ir,DV-SP406,DV-SP406,0.45,inventory.model,False,[],True
2c252dedf30c0325,_Converted_/Pronto/O/Onkyo/DVC-503.ir,DVC-503,DVC-503,0.45,inventory.model,False,[],True
5c0d1773b0b59f7b,_Converted_/Pronto/O/Onkyo/DVCP-500.ir,DVCP-500,DVCP-500,0.45,inventory.model,False,[],True
4bfcfef2ad8b47ee,_Converted_/Pronto/O/Onkyo/DVP-S500.ir,DVP-S500,DVP-S500,0.45,inventory.model,False,[],True
8291e802ddc952ba,_Converted_/Pronto/O/Onkyo/DVS-525.ir,DVS-525,DVS-525,0.45,inventory.model,False,[],True
1e1f76abad22a91c,_Converted_/Pronto/O/Onkyo/DX-708_TAPE.ir,DX-708_TAPE,DX-708_TAPE,0.45,inventory.model,False,[],True
0f1c0fe70da41384,_Converted_/Pronto/O/Onkyo/DX-C220.ir,DX-C220,DX-C220,0.45,inventory.model,False,[],True
335146855b36f137,_Converted_/Pronto/O/Onkyo/DX-C370.ir,DX-C370,DX-C370,0.45,inventory.model,False,[],True
7666f812f3b87f79,_Converted_/Pronto/O/Onkyo/DX-C909_CD.ir,DX-C909_CD,DX-C909_CD,0.45,inventory.model,False,[],True
51ccdb2f7921a119,_Converted_/Pronto/O/Onkyo/DXC606_CD-DAT.ir,DXC606_CD-DAT,DXC606_CD-DAT,0.45,inventory.model,False,[],True
e54015caf7bcb64d,_Converted_/Pronto/O/Onkyo/LASER_DISC.ir,LASER_DISC,,0.0,,False,[],True
3350f9bc13121e94,_Converted_/Pronto/O/Onkyo/Onkyo.ir,Onkyo,,0.0,,False,[],True
3e1bde18b92926e6,_Converted_/Pronto/O/Onkyo/OnkyoRecv.ir,OnkyoRecv,,0.0,,False,[],True
6565f3acbad484ec,_Converted_/Pronto/O/Onkyo/OnkyoRecv_1.ir,OnkyoRecv_1,OnkyoRecv_1,0.45,inventory.model,False,[],True
637847977d9250ca,_Converted_/Pronto/O/Onkyo/OnkyoRecv_2.ir,OnkyoRecv_2,OnkyoRecv_2,0.45,inventory.model,False,[],True
a61f539dcac8ee78,_Converted_/Pronto/O/Onkyo/OnkyoRecv_3.ir,OnkyoRecv_3,OnkyoRecv_3,0.45,inventory.model,False,[],True
0800506f2ea9e75f,_Converted_/Pronto/O/Onkyo/OnkyoRecv_4.ir,OnkyoRecv_4,OnkyoRecv_4,0.45,inventory.model,False,[],True
06965d288341ae1a,_Converted_/Pronto/O/Onkyo/Onkyo_1.ir,1,Onkyo_1,0.72,file_name,False,[],True
e72b0780094ac488,_Converted_/Pronto/O/Onkyo/Onkyo_2.ir,2,Onkyo_2,0.72,file_name,False,[],True
3c43063faf2b6dce,_Converted_/Pronto/O/Onkyo/Onkyo_3.ir,3,Onkyo_3,0.72,file_name,False,[],True
ee4431451a57a2e3,_Converted_/Pronto/O/Onkyo/RC-322C_-_CD_SELECTED.ir,RC-322C_-_CD_SELECTED,RC-322C_-_CD_SELECTED,0.45,inventory.model,False,[],True
33307e84048c8999,_Converted_/Pronto/O/Onkyo/RECEIVER_TX-SV727.ir,RECEIVER_TX-SV727,RECEIVER_TX-SV727,0.45,inventory.model,False,[],True
5bc54fa75519f41e,_Converted_/Pronto/O/Onkyo/RV-400.ir,RV-400,RV-400,0.45,inventory.model,False,[],True
458183ecbb49f3b9,_Converted_/Pronto/O/Onkyo/Recv.ir,Recv,,0.0,,False,[],True
13fd3db6c2c04743,_Converted_/Pronto/O/Onkyo/Recv_1.ir,Recv_1,Recv_1,0.45,inventory.model,False,[],True
ed472f0f5d327ae6,_Converted_/Pronto/O/Onkyo/Recv_10.ir,Recv_10,Recv_10,0.45,inventory.model,False,[],True
25b6879565580877,_Converted_/Pronto/O/Onkyo/Recv_11.ir,Recv_11,Recv_11,0.45,inventory.model,False,[],True
e1f6e3cc635a8191,_Converted_/Pronto/O/Onkyo/Recv_12.ir,Recv_12,Recv_12,0.45,inventory.model,False,[],True
eda1b5e4f3a11a19,_Converted_/Pronto/O/Onkyo/Recv_2.ir,Recv_2,Recv_2,0.45,inventory.model,False,[],True
915a646c36b8f844,_Converted_/Pronto/O/Onkyo/Recv_3.ir,Recv_3,Recv_3,0.45,inventory.model,False,[],True
f517616d0f6920f8,_Converted_/Pronto/O/Onkyo/Recv_4.ir,Recv_4,Recv_4,0.45,inventory.model,False,[],True
5e470ca45b28c931,_Converted_/Pronto/O/Onkyo/Recv_5.ir,Recv_5,Recv_5,0.45,inventory.model,False,[],True
bea5291cae8dcce9,_Converted_/Pronto/O/Onkyo/Recv_6.ir,Recv_6,Recv_6,0.45,inventory.model,False,[],True
7968c66d93566827,_Converted_/Pronto/O/Onkyo/Recv_7.ir,Recv_7,Recv_7,0.45,inventory.model,False,[],True
8b71b1b2617848a2,_Converted_/Pronto/O/Onkyo/Recv_8.ir,Recv_8,Recv_8,0.45,inventory.model,False,[],True
ee777abae8e5c559,_Converted_/Pronto/O/Onkyo/Recv_9.ir,Recv_9,Recv_9,0.45,inventory.model,False,[],True
da8a488c7e380c3d,_Converted_/Pronto/O/Onkyo/T-4555.ir,T-4555,T-4555,0.45,inventory.model,False,[],True
867a3f8f5c7d4b31,_Converted_/Pronto/O/Onkyo/TA-28XX.ir,TA-28XX,TA-28XX,0.45,inventory.model,False,[],True
5ec5d9952c70d2d2,_Converted_/Pronto/O/Onkyo/TA-R401_CASSETTE_DECK.ir,TA-R401_CASSETTE_DECK,TA-R401_CASSETTE_DECK,0.45,inventory.model,False,[],True
ea0350d8f9e00f71,_Converted_/Pronto/O/Onkyo/TARW-909_DUAL_CASSETTE_DECK_A_B.ir,TARW-909_DUAL_CASSETTE_DECK_A_B,TARW-909_DUAL_CASSETTE_DECK_A_B,0.45,inventory.model,False,[],True
3f35d10bb135dace,_Converted_/Pronto/O/Onkyo/TARW_490.ir,TARW_490,TARW_490,0.45,inventory.model,False,[],True
91c601fdfbe14cea,_Converted_/Pronto/O/Onkyo/TSXR-607.ir,TSXR-607,TSXR-607,0.45,inventory.model,False,[],True
37a6c2aebb8c7480,_Converted_/Pronto/O/Onkyo/TX-DS939.ir,TX-DS939,TX-DS939,0.45,inventory.model,False,[],True
3da23ca5af8b3ab4,_Converted_/Pronto/O/Onkyo/TX-NR1009.ir,TX-NR1009,TX-NR1009,0.45,inventory.model,False,[],True
d806210dac31535e,_Converted_/Pronto/O/Onkyo/TX-NR3009.ir,TX-NR3009,TX-NR3009,0.45,inventory.model,False,[],True
83b13d422382f29d,_Converted_/Pronto/O/Onkyo/TX-NR609.ir,TX-NR609,TX-NR609,0.45,inventory.model,False,[],True
b97311bb76ceb3f2,_Converted_/Pronto/O/Onkyo/TX-NR809.ir,TX-NR809,TX-NR809,0.45,inventory.model,False,[],True
708315c751a7e84c,_Converted_/Pronto/O/Onkyo/TX-NR_Series.ir,TX-NR_Series,,0.0,,False,[],True
61579df57dd53c82,_Converted_/Pronto/O/Onkyo/TXDS-656.ir,TXDS-656,TXDS-656,0.45,inventory.model,False,[],True
a0e7ef239f79535d,_Converted_/Pronto/O/Onkyo/TXDS-797.ir,TXDS-797,TXDS-797,0.45,inventory.model,False,[],True
c8d9f35f03df8653,_Converted_/Pronto/O/Onkyo/TXSR-700.ir,TXSR-700,TXSR-700,0.45,inventory.model,False,[],True
a57560a66c571503,_Converted_/Pronto/O/Onkyo/TX_NR709.ir,TX_NR709,TX_NR709,0.45,inventory.model,False,[],True
4351b442c3c0e88d,_Converted_/Pronto/O/Oppo/BDP-83.ir,BDP-83,BDP-83,0.45,inventory.model,False,[],True
0a938dbf2757b2ea,_Converted_/Pronto/O/Oppo/BDP-93.ir,BDP-93,BDP-93,0.45,inventory.model,False,[],True
a4e9d0c6221a80e5,_Converted_/Pronto/O/Oppo/DV-981HD.ir,DV-981HD,DV-981HD,0.45,inventory.model,False,[],True
42a556d88dcb3a0e,_Converted_/Pronto/O/Optoma/EH1060.ir,EH1060,EH1060,0.45,inventory.model,False,[],True
3dc87f79c8971e78,_Converted_/Pronto/O/Optoma/EH7500.ir,EH7500,EH7500,0.45,inventory.model,False,[],True
76ac3fdbb52ac641,_Converted_/Pronto/O/Optoma/OPT_HD2200.ir,OPT_HD2200,OPT_HD2200,0.45,inventory.model,False,[],True
c8524dfc66629dce,_Converted_/Pronto/P/PINACL/PINACL_NET_TV.ir,NET_TV,,0.0,,False,[],True
8ffcd82977b5ac47,_Converted_/Pronto/P/PLUS/UP-800R.ir,UP-800R,UP-800R,0.45,inventory.model,False,[],True
cb48559220d1f318,_Converted_/Pronto/P/Pace/DC50.ir,DC50,DC50,0.45,inventory.model,False,[],True
2681c267d551d0d5,_Converted_/Pronto/P/Pace/DVR-500.ir,DVR-500,DVR-500,0.45,inventory.model,False,[],True
5117b6bb2685f3d4,_Converted_/Pronto/P/Pace/MSS-101.ir,MSS-101,MSS-101,0.45,inventory.model,False,[],True
bcd6f52068ee25b5,_Converted_/Pronto/P/Pace/MSS_SERIES.ir,MSS_SERIES,,0.0,,False,[],True
096690112ebf1f09,_Converted_/Pronto/P/Pace/MSS_SERIES_1.ir,MSS_SERIES_1,MSS_SERIES_1,0.45,inventory.model,False,[],True
851e810bb006fefb,_Converted_/Pronto/P/Pace/MSS_SERIES_SATELLITE_RECEIVERS.ir,MSS_SERIES_SATELLITE_RECEIVERS,,0.0,,False,[],True
21708e9bf93b4c51,_Converted_/Pronto/P/Pace_Sky_Manual/DSS_+_TV.ir,DSS_+_TV,,0.0,,False,[],True
ea7425a863a4101f,_Converted_/Pronto/P/Panasat/SATELLITE_RECEIVER.ir,SATELLITE_RECEIVER,,0.0,,False,[],True
e3c8077077c529ce,_Converted_/Pronto/P/Panasonic/2850.ir,2850,,0.0,,False,[],True
5ab1342d377f6ace,_Converted_/Pronto/P/Panasonic/50_HDTV.ir,50_HDTV,50_HDTV,0.45,inventory.model,False,[],True
794e77ffe1b947ed,_Converted_/Pronto/P/Panasonic/7X-37A2D_MONITOR.ir,7X-37A2D_MONITOR,7X-37A2D_MONITOR,0.45,inventory.model,False,[],True
0b29dd53b9ed72cc,_Converted_/Pronto/P/Panasonic/A-110.ir,A-110,A-110,0.45,inventory.model,False,[],True
567d9d1582bbe340,_Converted_/Pronto/P/Panasonic/A310.ir,A310,A310,0.45,inventory.model,False,[],True
cc57a2b8fe1291ad,_Converted_/Pronto/P/Panasonic/A6-DV2000P.ir,A6-DV2000P,A6-DV2000P,0.45,inventory.model,False,[],True
879ebf25d912efe4,_Converted_/Pronto/P/Panasonic/AG-1330.ir,AG-1330,AG-1330,0.45,inventory.model,False,[],True
4a87ddcd2cba762a,_Converted_/Pronto/P/Panasonic/AG-1330P.ir,AG-1330P,AG-1330P,0.45,inventory.model,False,[],True
9fb27a26a4d26d0e,_Converted_/Pronto/P/Panasonic/AG-1970-1980.ir,AG-1970-1980,AG-1970-1980,0.45,inventory.model,False,[],True
b8322ed94ac4a67f,_Converted_/Pronto/P/Panasonic/AG-1970.ir,AG-1970,AG-1970,0.45,inventory.model,False,[],True
4c4bf6d01613971b,_Converted_/Pronto/P/Panasonic/AG-2560.ir,AG-2560,AG-2560,0.45,inventory.model,False,[],True
5f65a2ff897b704b,_Converted_/Pronto/P/Panasonic/AG-2570.ir,AG-2570,AG-2570,0.45,inventory.model,False,[],True
bc2255c5522a94ea,_Converted_/Pronto/P/Panasonic/AG-2580.ir,AG-2580,AG-2580,0.45,inventory.model,False,[],True
743067b414c717e2,_Converted_/Pronto/P/Panasonic/AG-2900.ir,AG-2900,AG-2900,0.45,inventory.model,False,[],True
97e6f3d4fdc0f671,_Converted_/Pronto/P/Panasonic/AG-500_CD_PLAYER.ir,AG-500_CD_PLAYER,AG-500_CD_PLAYER,0.45,inventory.model,False,[],True
b44f60de269a8e28,_Converted_/Pronto/P/Panasonic/AG-520A_TVCR_COMBO.ir,AG-520A_TVCR_COMBO,AG-520A_TVCR_COMBO,0.45,inventory.model,False,[],True
6ee99dc9b59ecd82,_Converted_/Pronto/P/Panasonic/AG-W3.ir,AG-W3,AG-W3,0.45,inventory.model,False,[],True
1dbf11fab99e87f1,_Converted_/Pronto/P/Panasonic/AG1310.ir,AG1310,AG1310,0.45,inventory.model,False,[],True
aec08d7ea0bb0641,_Converted_/Pronto/P/Panasonic/AG7330E.ir,AG7330E,AG7330E,0.45,inventory.model,False,[],True
80f5e563d167a5fa,_Converted_/Pronto/P/Panasonic/AGVP310.ir,AGVP310,AGVP310,0.45,inventory.model,False,[],True
f78aed561e0d096e,_Converted_/Pronto/P/Panasonic/AW-HE100N.ir,AW-HE100N,AW-HE100N,0.45,inventory.model,False,[],True
4818d664aa2b42cd,_Converted_/Pronto/P/Panasonic/CT-1383VY.ir,CT-1383VY,CT-1383VY,0.45,inventory.model,False,[],True
25f76647f2d7910c,_Converted_/Pronto/P/Panasonic/CT-27613W.ir,CT-27613W,CT-27613W,0.45,inventory.model,False,[],True
3a137698effc8d2f,_Converted_/Pronto/P/Panasonic/CT-2787V4.ir,CT-2787V4,CT-2787V4,0.45,inventory.model,False,[],True
aa88eae811067450,_Converted_/Pronto/P/Panasonic/CT-32XF56.ir,CT-32XF56,CT-32XF56,0.45,inventory.model,False,[],True
79f0202c8d3cc27c,_Converted_/Pronto/P/Panasonic/CT27G14.ir,CT27G14,CT27G14,0.45,inventory.model,False,[],True
cd63ae8a61277cb4,_Converted_/Pronto/P/Panasonic/CT35S31.ir,CT35S31,CT35S31,0.45,inventory.model,False,[],True
cf7f1fa85e83b800,_Converted_/Pronto/P/Panasonic/CT36VG50V.ir,CT36VG50V,CT36VG50V,0.45,inventory.model,False,[],True
1ed007e892b731a1,_Converted_/Pronto/P/Panasonic/CTP-25280S2_(TV).ir,CTP-25280S2_(TV),,0.0,,False,[],True
2a3af69456fc10c1,_Converted_/Pronto/P/Panasonic/DISCREET_CODES.ir,DISCREET_CODES,,0.0,,False,[],True
a37329853468ae48,_Converted_/Pronto/P/Panasonic/DMP-BD30K.ir,DMP-BD30K,DMP-BD30K,0.45,inventory.model,False,[],True
0ce362dfa8437a67,_Converted_/Pronto/P/Panasonic/DMP-BD70.ir,DMP-BD70,DMP-BD70,0.45,inventory.model,False,[],True
a3bf9e5efecd834a,_Converted_/Pronto/P/Panasonic/DMP-BD75.ir,DMP-BD75,DMP-BD75,0.45,inventory.model,False,[],True
74e469c3e6987539,_Converted_/Pronto/P/Panasonic/DMP-BDT110.ir,DMP-BDT110,DMP-BDT110,0.45,inventory.model,False,[],True
402ad71eab5822cd,_Converted_/Pronto/P/Panasonic/DMP-BDT210.ir,DMP-BDT210,DMP-BDT210,0.45,inventory.model,False,[],True
4a373b11da152208,_Converted_/Pronto/P/Panasonic/DMP-BDT300.ir,DMP-BDT300,DMP-BDT300,0.45,inventory.model,False,[],True
584b52c113d2f6cc,_Converted_/Pronto/P/Panasonic/DMR-E10.ir,DMR-E10,DMR-E10,0.45,inventory.model,False,[],True
11b1618c343b436d,_Converted_/Pronto/P/Panasonic/DMR-E50.ir,DMR-E50,DMR-E50,0.45,inventory.model,False,[],True
a353a4b553407b16,_Converted_/Pronto/P/Panasonic/DMR-EZ37VS.ir,DMR-EZ37VS,DMR-EZ37VS,0.45,inventory.model,False,[],True
130be78497c2e8fe,_Converted_/Pronto/P/Panasonic/DMREA18.ir,DMREA18,DMREA18,0.45,inventory.model,False,[],True
383a7271c09736f0,_Converted_/Pronto/P/Panasonic/DMREZ17.ir,DMREZ17,DMREZ17,0.45,inventory.model,False,[],True
e42b73fe52b22e42,_Converted_/Pronto/P/Panasonic/DMREZ27.ir,DMREZ27,DMREZ27,0.45,inventory.model,False,[],True
e32e55d9be449caf,_Converted_/Pronto/P/Panasonic/DMREZ28.ir,DMREZ28,DMREZ28,0.45,inventory.model,False,[],True
51298fa737a8d6be,_Converted_/Pronto/P/Panasonic/DMREZ37.ir,DMREZ37,DMREZ37,0.45,inventory.model,False,[],True
3bb71648970b13f8,_Converted_/Pronto/P/Panasonic/DMREZ38.ir,DMREZ38,DMREZ38,0.45,inventory.model,False,[],True
d9aa8c4499952e57,_Converted_/Pronto/P/Panasonic/DMREZ47.ir,DMREZ47,DMREZ47,0.45,inventory.model,False,[],True
853e47857428e181,_Converted_/Pronto/P/Panasonic/DMREZ48.ir,DMREZ48,DMREZ48,0.45,inventory.model,False,[],True
dd5df3ee8a98701d,_Converted_/Pronto/P/Panasonic/DMREZ485.ir,DMREZ485,DMREZ485,0.45,inventory.model,False,[],True
48ef9a98ba26bfcc,_Converted_/Pronto/P/Panasonic/DSS_UNIT_DBS-20.ir,DSS_UNIT_DBS-20,DSS_UNIT_DBS-20,0.45,inventory.model,False,[],True
30dc387b36a5e385,_Converted_/Pronto/P/Panasonic/DT-2730MS.ir,DT-2730MS,DT-2730MS,0.45,inventory.model,False,[],True
0e19be4388551864,_Converted_/Pronto/P/Panasonic/DVD-A120.ir,DVD-A120,DVD-A120,0.45,inventory.model,False,[],True
4790a605b93e3690,_Converted_/Pronto/P/Panasonic/DVD-CV50U.ir,DVD-CV50U,DVD-CV50U,0.45,inventory.model,False,[],True
1f07d674c6e7c822,_Converted_/Pronto/P/Panasonic/DVD-CV52.ir,DVD-CV52,DVD-CV52,0.45,inventory.model,False,[],True
edd35baa74a6e3c8,_Converted_/Pronto/P/Panasonic/DVD-K510.ir,DVD-K510,DVD-K510,0.45,inventory.model,False,[],True
5ab92bcb6eaff8ca,_Converted_/Pronto/P/Panasonic/DVD-RV31F.ir,DVD-RV31F,DVD-RV31F,0.45,inventory.model,False,[],True
308c5cecd1a94b8b,_Converted_/Pronto/P/Panasonic/DVD-RV32K.ir,DVD-RV32K,DVD-RV32K,0.45,inventory.model,False,[],True
11547715d54292e0,_Converted_/Pronto/P/Panasonic/DVD-RV65U.ir,DVD-RV65U,DVD-RV65U,0.45,inventory.model,False,[],True
914637a7f95e0d41,_Converted_/Pronto/P/Panasonic/DVD-S35.ir,DVD-S35,DVD-S35,0.45,inventory.model,False,[],True
7de6ddf9ce46e4d6,_Converted_/Pronto/P/Panasonic/DVD.ir,DVD,,0.0,,False,[],True
8caf6bca9a7dd9bd,_Converted_/Pronto/P/Panasonic/DVDA320.ir,DVDA320,DVDA320,0.45,inventory.model,False,[],True
f8b3863491abe4fa,_Converted_/Pronto/P/Panasonic/DVDRPD.ir,DVDRPD,,0.0,,False,[],True
7f0f63e731fcdc2f,_Converted_/Pronto/P/Panasonic/DVD_T2000.ir,DVD_T2000,DVD_T2000,0.45,inventory.model,False,[],True
28624e4ef3a60cd6,_Converted_/Pronto/P/Panasonic/DVD_Video_Recorder_DMR-E85H.ir,DVD_Video_Recorder_DMR-E85H,DVD_Video_Recorder_DMR-E85H,0.45,inventory.model,False,[],True
55cc792202856864,_Converted_/Pronto/P/Panasonic/DVP-4762.ir,DVP-4762,DVP-4762,0.45,inventory.model,False,[],True
de2452a4fbdff5ee,_Converted_/Pronto/P/Panasonic/LASER_DISCS.ir,LASER_DISCS,,0.0,,False,[],True
bdbd4f4406c9886c,_Converted_/Pronto/P/Panasonic/LX-1000.ir,LX-1000,LX-1000,0.45,inventory.model,False,[],True
6a1a4d70bd01b7df,_Converted_/Pronto/P/Panasonic/PANASONIC_CPVT25.ir,CPVT25,CPVT25,0.45,inventory.model,True,"[""PANASONIC_CPVT25""]",True
9a2c79ada17df101,_Converted_/Pronto/P/Panasonic/PROGRAM_DIRECTOR.ir,PROGRAM_DIRECTOR,,0.0,,False,[],True
c0a8578f82708ee5,_Converted_/Pronto/P/Panasonic/PROJECTOR.ir,PROJECTOR,,0.0,,False,[],True
fcadc41d7d1bc789,_Converted_/Pronto/P/Panasonic/PT-B2010U.ir,PT-B2010U,PT-B2010U,0.45,inventory.model,False,[],True
f6ac785dbd9f9fcb,_Converted_/Pronto/P/Panasonic/PT421P1_-_PLASMA.ir,PT421P1_-_PLASMA,PT421P1_-_PLASMA,0.45,inventory.model,False,[],True
f9403fe9d902012a,_Converted_/Pronto/P/Panasonic/PT52DL10.ir,PT52DL10,PT52DL10,0.45,inventory.model,False,[],True
adb99b0625c6d30c,_Converted_/Pronto/P/Panasonic/PTL5-556U.ir,PTL5-556U,PTL5-556U,0.45,inventory.model,False,[],True
58cf5f1067d37633,_Converted_/Pronto/P/Panasonic/PTL595U.ir,PTL595U,PTL595U,0.45,inventory.model,False,[],True
2acf33d9d8047d1c,_Converted_/Pronto/P/Panasonic/PTL795U.ir,PTL795U,PTL795U,0.45,inventory.model,False,[],True
3fa2ba44c15a8a11,_Converted_/Pronto/P/Panasonic/PV-4401.ir,PV-4401,PV-4401,0.45,inventory.model,False,[],True
dd74d958c83596e6,_Converted_/Pronto/P/Panasonic/PV-4451.ir,PV-4451,PV-4451,0.45,inventory.model,False,[],True
4b40b1657be1aff4,_Converted_/Pronto/P/Panasonic/PV-4480.ir,PV-4480,PV-4480,0.45,inventory.model,False,[],True
eb21c431a9531ff0,_Converted_/Pronto/P/Panasonic/PV-8451.ir,PV-8451,PV-8451,0.45,inventory.model,False,[],True
d8cedf5e324dc321,_Converted_/Pronto/P/Panasonic/PV-9450.ir,PV-9450,PV-9450,0.45,inventory.model,False,[],True
d97e9ffc48997437,_Converted_/Pronto/P/Panasonic/PV-D4742.ir,PV-D4742,PV-D4742,0.45,inventory.model,False,[],True
4ab00f4073560d65,_Converted_/Pronto/P/Panasonic/PV-F980.ir,PV-F980,PV-F980,0.45,inventory.model,False,[],True
51808ccfe0ac0f7d,_Converted_/Pronto/P/Panasonic/PV-HD1000.ir,PV-HD1000,PV-HD1000,0.45,inventory.model,False,[],True
f9d4a98d9152b00f,_Converted_/Pronto/P/Panasonic/PV-V4020.ir,PV-V4020,PV-V4020,0.45,inventory.model,False,[],True
7f5d3133143687a2,_Converted_/Pronto/P/Panasonic/PV-V4520.ir,PV-V4520,PV-V4520,0.45,inventory.model,False,[],True
29b9a9e12d99faa4,_Converted_/Pronto/P/Panasonic/PV-V4820.ir,PV-V4820,PV-V4820,0.45,inventory.model,False,[],True
ac20e4e31f3f61a5,_Converted_/Pronto/P/Panasonic/PV-VS4820.ir,PV-VS4820,PV-VS4820,0.45,inventory.model,False,[],True
34b9fefe23d7ba95,_Converted_/Pronto/P/Panasonic/PV8664.ir,PV8664,PV8664,0.45,inventory.model,False,[],True
4d9b0d42a3c35616,_Converted_/Pronto/P/Panasonic/PV9451.ir,PV9451,PV9451,0.45,inventory.model,False,[],True
9b740cea9c27f469,_Converted_/Pronto/P/Panasonic/PVS-7880.ir,PVS-7880,PVS-7880,0.45,inventory.model,False,[],True
d99d3c9dd6bb41c8,_Converted_/Pronto/P/Panasonic/PVS-9670.ir,PVS-9670,PVS-9670,0.45,inventory.model,False,[],True
b04e6e502d1bc1d6,_Converted_/Pronto/P/Panasonic/PVS-9760.ir,PVS-9760,PVS-9760,0.45,inventory.model,False,[],True
a4c215d0b3172b15,_Converted_/Pronto/P/Panasonic/PVS4680.ir,PVS4680,PVS4680,0.45,inventory.model,False,[],True
8e4e5ed5bba5ed88,_Converted_/Pronto/P/Panasonic/PVU-4020.ir,PVU-4020,PVU-4020,0.45,inventory.model,False,[],True
6936d74ac42ebc2f,_Converted_/Pronto/P/Panasonic/PVV4620.ir,PVV4620,PVV4620,0.45,inventory.model,False,[],True
892781e9a0702cae,_Converted_/Pronto/P/Panasonic/RP56.ir,RP56,RP56,0.45,inventory.model,False,[],True
ab65786741a1bcc9,_Converted_/Pronto/P/Panasonic/SC-HT920.ir,SC-HT920,SC-HT920,0.45,inventory.model,False,[],True
6ca468e49142ef81,_Converted_/Pronto/P/Panasonic/SV-3700_(DIGITAL_AUDIO_TAPE).ir,SV-3700_(DIGITAL_AUDIO_TAPE),,0.0,,False,[],True
18a71476b92841ab,_Converted_/Pronto/P/Panasonic/SV-4100_(DIGITAL_AUDIO_TAPE).ir,SV-4100_(DIGITAL_AUDIO_TAPE),,0.0,,False,[],True
f461cbf49e66f4f0,_Converted_/Pronto/P/Panasonic/SV3800.ir,SV3800,SV3800,0.45,inventory.model,False,[],True
e19a405b22994bc3,_Converted_/Pronto/P/Panasonic/TBD.ir,TBD,,0.0,,False,[],True
0150f3307bca2fa4,_Converted_/Pronto/P/Panasonic/TC-215V10H_G-CODE.ir,TC-215V10H_G-CODE,TC-215V10H_G-CODE,0.45,inventory.model,False,[],True
5220c0bf6ab92851,_Converted_/Pronto/P/Panasonic/TC-L47WT50.ir,TC-L47WT50,TC-L47WT50,0.45,inventory.model,False,[],True
2a84a591c01f3d9a,_Converted_/Pronto/P/Panasonic/TC-P42ST30.ir,TC-P42ST30,TC-P42ST30,0.45,inventory.model,False,[],True
e73e6e1c70ac3968,_Converted_/Pronto/P/Panasonic/TC-P42X3.ir,TC-P42X3,TC-P42X3,0.45,inventory.model,False,[],True
4269ae5941c68161,_Converted_/Pronto/P/Panasonic/TC-P46S30.ir,TC-P46S30,TC-P46S30,0.45,inventory.model,False,[],True
b18c17f286f75eee,_Converted_/Pronto/P/Panasonic/TC-P46X3.ir,TC-P46X3,TC-P46X3,0.45,inventory.model,False,[],True
e6f4597664ccfab0,_Converted_/Pronto/P/Panasonic/TC-P50GT30.ir,TC-P50GT30,TC-P50GT30,0.45,inventory.model,False,[],True
6ded9d7b57883904,_Converted_/Pronto/P/Panasonic/TC-P50X3.ir,TC-P50X3,TC-P50X3,0.45,inventory.model,False,[],True
83dbda23fe9134c0,_Converted_/Pronto/P/Panasonic/TC-P55VT30.ir,TC-P55VT30,TC-P55VT30,0.45,inventory.model,False,[],True
38620e66818e3a30,_Converted_/Pronto/P/Panasonic/TC-P65S1.ir,TC-P65S1,TC-P65S1,0.45,inventory.model,False,[],True
d5f90c507c960947,_Converted_/Pronto/P/Panasonic/TH-42PCZ85U.ir,TH-42PCZ85U,TH-42PCZ85U,0.45,inventory.model,False,[],True
ab2ea5109ed41c4b,_Converted_/Pronto/P/Panasonic/TNQE239.ir,TNQE239,TNQE239,0.45,inventory.model,False,[],True
5543458e73c275f7,_Converted_/Pronto/P/Panasonic/TU-HDS20.ir,TU-HDS20,TU-HDS20,0.45,inventory.model,False,[],True
fba5d1f2fbadc29e,_Converted_/Pronto/P/Panasonic/TV-4640.ir,TV-4640,TV-4640,0.45,inventory.model,False,[],True
63867a87a6381fa3,_Converted_/Pronto/P/Panasonic/TZ-PC175.ir,TZ-PC175,TZ-PC175,0.45,inventory.model,False,[],True
eb714bbe0e478f4e,_Converted_/Pronto/P/Panasonic/TZ-PC175_CABLE_BOX.ir,TZ-PC175_CABLE_BOX,TZ-PC175_CABLE_BOX,0.45,inventory.model,False,[],True
d62783afc2cbe2a3,_Converted_/Pronto/P/Panasonic/UNKNOWN.ir,UNKNOWN,,0.0,,False,[],True
89d6be009965acb2,_Converted_/Pronto/P/Panasonic/VCR-TV-CATV.ir,VCR-TV-CATV,,0.0,,False,[],True
8e490a8a50ee9023,_Converted_/Pronto/P/Panasonic/VCR-TV-CATV_1.ir,VCR-TV-CATV_1,VCR-TV-CATV_1,0.45,inventory.model,False,[],True
bd95b02de2ac7bb4,_Converted_/Pronto/P/Panasonic/VCR-TV-CATV_2.ir,VCR-TV-CATV_2,VCR-TV-CATV_2,0.45,inventory.model,False,[],True
c2e522d395cd7337,_Converted_/Pronto/P/Panasonic/VCR_VTR1.ir,VCR_VTR1,VCR_VTR1,0.45,inventory.model,False,[],True
a9441a252677d8cd,_Converted_/Pronto/P/Panasonic/VCR_VTR_2.ir,VCR_VTR_2,VCR_VTR_2,0.45,inventory.model,False,[],True
3853f0b8267961ba,_Converted_/Pronto/P/Panasonic/VIDEO_FLOPPY_UNIT-PLAYER.ir,VIDEO_FLOPPY_UNIT-PLAYER,,0.0,,False,[],True
a7f2d6e9af7f5419,_Converted_/Pronto/P/Panasonic/VT_series.ir,VT_series,,0.0,,False,[],True
3f54f0eba8eab178,_Converted_/Pronto/P/Parasound/AVC-1800.ir,AVC-1800,AVC-1800,0.45,inventory.model,False,[],True
440173c176816515,_Converted_/Pronto/P/Parasound/AVC-2500.ir,AVC-2500,AVC-2500,0.45,inventory.model,False,[],True
95b84eec6d412d0e,_Converted_/Pronto/P/Parasound/C-DP1000.ir,C-DP1000,C-DP1000,0.45,inventory.model,False,[],True
b7cda9790fe8075e,_Converted_/Pronto/P/Parasound/P-DD-1500.ir,P-DD-1500,P-DD-1500,0.45,inventory.model,False,[],True
42125296265c73fb,_Converted_/Pronto/P/Parasound/P-LD1100.ir,P-LD1100,P-LD1100,0.45,inventory.model,False,[],True
126afd2c6811ef34,_Converted_/Pronto/P/Parasound/R-5.ir,R-5,R-5,0.45,inventory.model,False,[],True
33932384d1d7c25b,_Converted_/Pronto/P/Parasound/TDQ-1600.ir,TDQ-1600,TDQ-1600,0.45,inventory.model,False,[],True
d15e84fd30103ffc,_Converted_/Pronto/P/Parasound/ZPRE.ir,ZPRE,,0.0,,False,[],True
069f1ab452fff91e,_Converted_/Pronto/P/Philips/1DTV100HZ_Digital_scan.ir,1DTV100HZ_Digital_scan,1DTV100HZ_Digital_scan,0.45,inventory.model,False,[],True
cda7ecb527da35b7,_Converted_/Pronto/P/Philips/32FD9954.ir,32FD9954,32FD9954,0.45,inventory.model,False,[],True
6503a0bb7bdbfe10,_Converted_/Pronto/P/Philips/42FD9932.ir,42FD9932,42FD9932,0.45,inventory.model,False,[],True
e980d12679e5eca7,_Converted_/Pronto/P/Philips/42FD9954.ir,42FD9954,42FD9954,0.45,inventory.model,False,[],True
b55ec9c606651d75,_Converted_/Pronto/P/Philips/5141.ir,5141,,0.0,,False,[],True
11cb6857c1b853ea,_Converted_/Pronto/P/Philips/64PH9905.ir,64PH9905,64PH9905,0.45,inventory.model,False,[],True
418409b65c12b62a,_Converted_/Pronto/P/Philips/64PP990.ir,64PP990,64PP990,0.45,inventory.model,False,[],True
27c51dbce7bf6427,_Converted_/Pronto/P/Philips/DSR-6000-R01.ir,DSR-6000-R01,DSR-6000-R01,0.45,inventory.model,False,[],True
dbc3e7b6cbe72e6e,_Converted_/Pronto/P/Philips/DSR6000-RO1.ir,DSR6000-RO1,DSR6000-RO1,0.45,inventory.model,False,[],True
fdd3159716ba206d,_Converted_/Pronto/P/Philips/DSX5353R.ir,DSX5353R,DSX5353R,0.45,inventory.model,False,[],True
42f95d15ccf36c21,_Converted_/Pronto/P/Philips/DVD-170.ir,DVD-170,DVD-170,0.45,inventory.model,False,[],True
11c27f8c7cebb98c,_Converted_/Pronto/P/Philips/DVD-175.ir,DVD-175,DVD-175,0.45,inventory.model,False,[],True
a7a2a34f514fcdc4,_Converted_/Pronto/P/Philips/DVD-711AT.ir,DVD-711AT,DVD-711AT,0.45,inventory.model,False,[],True
3a79b28a3e4619f3,_Converted_/Pronto/P/Philips/DVD-727.ir,DVD-727,DVD-727,0.45,inventory.model,False,[],True
ef783756402deb6b,_Converted_/Pronto/P/Philips/DVD-825.ir,DVD-825,DVD-825,0.45,inventory.model,False,[],True
d0dffe22678f2a46,_Converted_/Pronto/P/Philips/DVD-905.ir,DVD-905,DVD-905,0.45,inventory.model,False,[],True
058caad97f9c9207,_Converted_/Pronto/P/Philips/DVD-950.ir,DVD-950,DVD-950,0.45,inventory.model,False,[],True
cf6a4b2bf745d897,_Converted_/Pronto/P/Philips/DVD400AT.ir,DVD400AT,DVD400AT,0.45,inventory.model,False,[],True
fbefe65de9bbfffb,_Converted_/Pronto/P/Philips/DVD750VR-17.ir,DVD750VR-17,DVD750VR-17,0.45,inventory.model,False,[],True
26a06bbaab953ea3,_Converted_/Pronto/P/Philips/DVDR850.ir,DVDR850,DVDR850,0.45,inventory.model,False,[],True
08d10ef4a358f477,_Converted_/Pronto/P/Philips/DVDR985.ir,DVDR985,DVDR985,0.45,inventory.model,False,[],True
760e9116aabb7f95,_Converted_/Pronto/P/Philips/DVP-3340P.ir,DVP-3340P,DVP-3340P,0.45,inventory.model,False,[],True
1a92aae17333423e,_Converted_/Pronto/P/Philips/DVP3982-DVP3980.ir,DVP3982-DVP3980,DVP3982-DVP3980,0.45,inventory.model,False,[],True
e75f4116225f4edf,_Converted_/Pronto/P/Philips/DVP5140.ir,DVP5140,DVP5140,0.45,inventory.model,False,[],True
1d75785bb18e67d7,_Converted_/Pronto/P/Philips/DVX8000.ir,DVX8000,DVX8000,0.45,inventory.model,False,[],True
07dcd9f77af6060b,_Converted_/Pronto/P/Philips/DVX8000_(EVEN).ir,DVX8000_(EVEN),,0.0,,False,[],True
69a188cce7fef790,_Converted_/Pronto/P/Philips/DVX8000_(ODD).ir,DVX8000_(ODD),,0.0,,False,[],True
af5be32dc87d4179,_Converted_/Pronto/P/Philips/DVX8000_TUNER_ONLY.ir,DVX8000_TUNER_ONLY,DVX8000_TUNER_ONLY,0.45,inventory.model,False,[],True
d3a72fc6801a8e8c,_Converted_/Pronto/P/Philips/FPR-9964.ir,FPR-9964,FPR-9964,0.45,inventory.model,False,[],True
82964283ee44815a,_Converted_/Pronto/P/Philips/FTR-9964.ir,FTR-9964,FTR-9964,0.45,inventory.model,False,[],True
d97ee6b1875cdd16,_Converted_/Pronto/P/Philips/LC-3500.ir,LC-3500,LC-3500,0.45,inventory.model,False,[],True
16acdbeb94268c40,_Converted_/Pronto/P/Philips/LC-3500_(ODD).ir,LC-3500_(ODD),,0.0,,False,[],True
7011a4e7e5a93f74,_Converted_/Pronto/P/Philips/LC-4500_PROSCREEN.ir,LC-4500_PROSCREEN,LC-4500_PROSCREEN,0.45,inventory.model,False,[],True
e3181e9a7d7ad1f1,_Converted_/Pronto/P/Philips/LRD_800.ir,LRD_800,LRD_800,0.45,inventory.model,False,[],True
2bd274472e05d1bd,_Converted_/Pronto/P/Philips/MAT972A1(WEB_MODE).ir,MAT972A1(WEB_MODE),,0.0,,False,[],True
4e71360f889ef65e,_Converted_/Pronto/P/Philips/N-A.ir,N-A,,0.0,,False,[],True
d4ef5514e2c0e809,_Converted_/Pronto/P/Philips/No_model.ir,No_model,,0.0,,False,[],True
49fd52c1d177ad83,_Converted_/Pronto/P/Philips/PD-5029C_MONITOR.ir,PD-5029C_MONITOR,PD-5029C_MONITOR,0.45,inventory.model,False,[],True
2d496635e3b9b03f,_Converted_/Pronto/P/Philips/PFL3603D.ir,PFL3603D,PFL3603D,0.45,inventory.model,False,[],True
4111479cbfb1f381,_Converted_/Pronto/P/Philips/PR139.ir,PR139,PR139,0.45,inventory.model,False,[],True
0ab1b62aa0040de9,_Converted_/Pronto/P/Philips/PROSCREEN_4500-4600.ir,PROSCREEN_4500-4600,PROSCREEN_4500-4600,0.45,inventory.model,False,[],True
e5fab3f2c2f0d958,_Converted_/Pronto/P/Philips/PROSCREEN_4700.ir,PROSCREEN_4700,PROSCREEN_4700,0.45,inventory.model,False,[],True
1ac3aaa61481a70f,_Converted_/Pronto/P/Philips/PTV-300.ir,PTV-300,PTV-300,0.45,inventory.model,False,[],True
a21f6079c33ee570,_Converted_/Pronto/P/Philips/Philips_42PFL3603D-27.ir,42PFL3603D-27,42PFL3603D-27,0.45,inventory.model,True,"[""Philips_42PFL3603D-27""]",True
bdad3f84e7d534c9,_Converted_/Pronto/P/Philips/R24080.ir,R24080,R24080,0.45,inventory.model,False,[],True
fd76e31e6511de48,_Converted_/Pronto/P/Philips/S-VHS_VR_967.ir,S-VHS_VR_967,S-VHS_VR_967,0.45,inventory.model,False,[],True
7463f134989c8d16,_Converted_/Pronto/P/Philips/SV201.ir,SV201,SV201,0.45,inventory.model,False,[],True
47d14dc8caa3dccd,_Converted_/Pronto/P/Philips/TIVO.ir,TIVO,,0.0,,False,[],True
fe70a7d93ae2e116,_Converted_/Pronto/P/Philips/TP2784C101.ir,TP2784C101,TP2784C101,0.45,inventory.model,False,[],True
d7e41b4dcdfbf792,_Converted_/Pronto/P/Philips/TV_PA3627C.ir,TV_PA3627C,TV_PA3627C,0.45,inventory.model,False,[],True
973d3f85fe3d7780,_Converted_/Pronto/P/Philips/Universal_LCD-Plasma.ir,Universal_LCD-Plasma,,0.0,,False,[],True
41144bdd6265b0b3,_Converted_/Pronto/P/Philips/VR969.ir,VR969,VR969,0.45,inventory.model,False,[],True
da4b1defeeb952a0,_Converted_/Pronto/P/Philips/VRA-999.ir,VRA-999,VRA-999,0.45,inventory.model,False,[],True
8417e079f557991f,_Converted_/Pronto/P/Piano_Disc/Piano_Disc_Plus.ir,Plus,,0.0,,False,[],True
0c697d444be39779,_Converted_/Pronto/P/Picturetel/4500.ir,4500,,0.0,,False,[],True
69440ffc67e9ec98,_Converted_/Pronto/P/Picturetel/960.ir,960,,0.0,,False,[],True
fff0a5d2f0718c6a,_Converted_/Pronto/P/Picturetel/VENUE_2000.ir,VENUE_2000,VENUE_2000,0.45,inventory.model,False,[],True
1f10225bbee41f74,_Converted_/Pronto/P/Pinnacle/Media_Star.ir,Media_Star,,0.0,,False,[],True
92f8250f2af41b48,_Converted_/Pronto/P/Pioneer/50_DISC.ir,50_DISC,50_DISC,0.45,inventory.model,False,[],True
67aaab148b665ff1,_Converted_/Pronto/P/Pioneer/AC-5_PREAMP.ir,AC-5_PREAMP,AC-5_PREAMP,0.45,inventory.model,False,[],True
f7485ad36ac452db,_Converted_/Pronto/P/Pioneer/BDP-41FD.ir,BDP-41FD,BDP-41FD,0.45,inventory.model,False,[],True
b721668bca1e9960,_Converted_/Pronto/P/Pioneer/BDP-43FD.ir,BDP-43FD,BDP-43FD,0.45,inventory.model,False,[],True
569442d716259051,_Converted_/Pronto/P/Pioneer/BDP-95FD.ir,BDP-95FD,BDP-95FD,0.45,inventory.model,False,[],True
c99a8146652fbea2,_Converted_/Pronto/P/Pioneer/BDP_Series.ir,BDP_Series,,0.0,,False,[],True
963c058baa119aa3,_Converted_/Pronto/P/Pioneer/CABLE_BOX.ir,CABLE_BOX,,0.0,,False,[],True
44f6beff58e566ab,_Converted_/Pronto/P/Pioneer/CD.ir,CD,,0.0,,False,[],True
beee2c613f43a44a,_Converted_/Pronto/P/Pioneer/CD_CDV_LD_PLAYER.ir,CD_CDV_LD_PLAYER,,0.0,,False,[],True
e46161b9c147b6f6,_Converted_/Pronto/P/Pioneer/CLD-0604.ir,CLD-0604,CLD-0604,0.45,inventory.model,False,[],True
b51cc34f011de809,_Converted_/Pronto/P/Pioneer/CLD-1070.ir,CLD-1070,CLD-1070,0.45,inventory.model,False,[],True
e8ea5550f692988d,_Converted_/Pronto/P/Pioneer/CLD-702_LASER_DISC.ir,CLD-702_LASER_DISC,CLD-702_LASER_DISC,0.45,inventory.model,False,[],True
8be1f85a9d9fbf25,_Converted_/Pronto/P/Pioneer/CLD-720.ir,CLD-720,CLD-720,0.45,inventory.model,False,[],True
33bdf1dfdc7f4b3f,_Converted_/Pronto/P/Pioneer/CLD-79.ir,CLD-79,CLD-79,0.45,inventory.model,False,[],True
3a927b9434d6397b,_Converted_/Pronto/P/Pioneer/CLD-95.ir,CLD-95,CLD-95,0.45,inventory.model,False,[],True
1fcccb7b04fd493e,_Converted_/Pronto/P/Pioneer/CLD-97.ir,CLD-97,CLD-97,0.45,inventory.model,False,[],True
9b935d84c8bca364,_Converted_/Pronto/P/Pioneer/CLD-D501_LASERDISC_&_CLD-D550.ir,CLD-D501_LASERDISC_&_CLD-D550,,0.0,,False,[],True
b44dd79255e568f1,_Converted_/Pronto/P/Pioneer/CLD-D704_LASER_DISC.ir,CLD-D704_LASER_DISC,CLD-D704_LASER_DISC,0.45,inventory.model,False,[],True
551f3cb2bb275ef2,_Converted_/Pronto/P/Pioneer/CLD-M301.ir,CLD-M301,CLD-M301,0.45,inventory.model,False,[],True
22af3c41aaf89ed5,_Converted_/Pronto/P/Pioneer/CLD-M401.ir,CLD-M401,CLD-M401,0.45,inventory.model,False,[],True
cfcb8701f67ffc90,_Converted_/Pronto/P/Pioneer/CLD-V2600.ir,CLD-V2600,CLD-V2600,0.45,inventory.model,False,[],True
3646f1ba0ad55ada,_Converted_/Pronto/P/Pioneer/CLD-V2800.ir,CLD-V2800,CLD-V2800,0.45,inventory.model,False,[],True
8cd31aa97d37cb28,_Converted_/Pronto/P/Pioneer/CLD-V2800LB.ir,CLD-V2800LB,CLD-V2800LB,0.45,inventory.model,False,[],True
7d51de41fcd09069,_Converted_/Pronto/P/Pioneer/CLD-V820.ir,CLD-V820,CLD-V820,0.45,inventory.model,False,[],True
82862f6d8901cd0e,_Converted_/Pronto/P/Pioneer/CLD-V860.ir,CLD-V860,CLD-V860,0.45,inventory.model,False,[],True
806280dc4e63951a,_Converted_/Pronto/P/Pioneer/CLD069.ir,CLD069,CLD069,0.45,inventory.model,False,[],True
49130be4bd88db3e,_Converted_/Pronto/P/Pioneer/CLD99.ir,CLD99,CLD99,0.45,inventory.model,False,[],True
553c5a2890ebbceb,_Converted_/Pronto/P/Pioneer/CU-B159.ir,CU-B159,CU-B159,0.45,inventory.model,False,[],True
65461f734bf7c50f,_Converted_/Pronto/P/Pioneer/CU-V151.ir,CU-V151,CU-V151,0.45,inventory.model,False,[],True
f14b838a83234334,_Converted_/Pronto/P/Pioneer/CU-V155.ir,CU-V155,CU-V155,0.45,inventory.model,False,[],True
27d9028bbdbb8189,_Converted_/Pronto/P/Pioneer/CU-VXX115.ir,CU-VXX115,CU-VXX115,0.45,inventory.model,False,[],True
3d9934d0c2b42cfe,_Converted_/Pronto/P/Pioneer/DISCREET_CODES.ir,DISCREET_CODES,,0.0,,False,[],True
d1685d74604ea8bb,_Converted_/Pronto/P/Pioneer/DV-434.ir,DV-434,DV-434,0.45,inventory.model,False,[],True
40fa41d19bd852f9,_Converted_/Pronto/P/Pioneer/DV-45A.ir,DV-45A,DV-45A,0.45,inventory.model,False,[],True
1062e08ef9f24ae4,_Converted_/Pronto/P/Pioneer/DV-46AV.ir,DV-46AV,DV-46AV,0.45,inventory.model,False,[],True
0235f7880a6461d6,_Converted_/Pronto/P/Pioneer/DV-525.ir,DV-525,DV-525,0.45,inventory.model,False,[],True
7b411cf0c4e46bab,_Converted_/Pronto/P/Pioneer/DV-626D.ir,DV-626D,DV-626D,0.45,inventory.model,False,[],True
3834a6becfa1ab20,_Converted_/Pronto/P/Pioneer/DV-AX10.ir,DV-AX10,DV-AX10,0.45,inventory.model,False,[],True
ded8c25619f0cf43,_Converted_/Pronto/P/Pioneer/DV-F727.ir,DV-F727,DV-F727,0.45,inventory.model,False,[],True
7731f4921b427c45,_Converted_/Pronto/P/Pioneer/DV-Series.ir,DV-Series,,0.0,,False,[],True
ecf1af963b3adbd6,_Converted_/Pronto/P/Pioneer/DV05.ir,DV05,DV05,0.45,inventory.model,False,[],True
fa77d56b2a2fcb19,_Converted_/Pronto/P/Pioneer/DV09.ir,DV09,DV09,0.45,inventory.model,False,[],True
119f667cd9b5ac04,_Converted_/Pronto/P/Pioneer/DV38A.ir,DV38A,DV38A,0.45,inventory.model,False,[],True
a78e105ce12fcae7,_Converted_/Pronto/P/Pioneer/DVC-36.ir,DVC-36,DVC-36,0.45,inventory.model,False,[],True
769a29b4ca5ef3c2,_Converted_/Pronto/P/Pioneer/DVC503.ir,DVC503,DVC503,0.45,inventory.model,False,[],True
dec26eb02cc5683c,_Converted_/Pronto/P/Pioneer/DVD-V7200.ir,DVD-V7200,DVD-V7200,0.45,inventory.model,False,[],True
c3ddfcf1d9577538,_Converted_/Pronto/P/Pioneer/DVD-V7400_(wired).ir,DVD-V7400_(wired),,0.0,,False,[],True
896608307628a149,_Converted_/Pronto/P/Pioneer/DVD500.ir,DVD500,DVD500,0.45,inventory.model,False,[],True
782ad1099e219bb2,_Converted_/Pronto/P/Pioneer/DVD505.ir,DVD505,DVD505,0.45,inventory.model,False,[],True
42128e35c9542548,_Converted_/Pronto/P/Pioneer/DVF07.ir,DVF07,DVF07,0.45,inventory.model,False,[],True
08491ea63f5a3c47,_Converted_/Pronto/P/Pioneer/DVL-V888.ir,DVL-V888,DVL-V888,0.45,inventory.model,False,[],True
4440018635d0ef9b,_Converted_/Pronto/P/Pioneer/DVL700_(DVD).ir,DVL700_(DVD),,0.0,,False,[],True
d27d9cd2c9a92b0b,_Converted_/Pronto/P/Pioneer/DVL90.ir,DVL90,DVL90,0.45,inventory.model,False,[],True
8c117b2ee1ce67c1,_Converted_/Pronto/P/Pioneer/DVL909.ir,DVL909,DVL909,0.45,inventory.model,False,[],True
d3751dcf21c8a73d,_Converted_/Pronto/P/Pioneer/DVL91.ir,DVL91,DVL91,0.45,inventory.model,False,[],True
2b82c5f7e2b88dab,_Converted_/Pronto/P/Pioneer/DVL919.ir,DVL919,DVL919,0.45,inventory.model,False,[],True
816794502f73a729,_Converted_/Pronto/P/Pioneer/DVR-640H-S.ir,DVR-640H-S,DVR-640H-S,0.45,inventory.model,False,[],True
ab00963e132ce6bb,_Converted_/Pronto/P/Pioneer/ELITE_PRO_610_TV.ir,ELITE_PRO_610_TV,ELITE_PRO_610_TV,0.45,inventory.model,False,[],True
048b1d8e4a607656,_Converted_/Pronto/P/Pioneer/ELITE_PRO_620.ir,ELITE_PRO_620,ELITE_PRO_620,0.45,inventory.model,False,[],True
4135ee887db2e756,_Converted_/Pronto/P/Pioneer/ELITE_PRO_710.ir,ELITE_PRO_710,ELITE_PRO_710,0.45,inventory.model,False,[],True
3784c92a8ba617d2,_Converted_/Pronto/P/Pioneer/ELITE_SP-99D.ir,ELITE_SP-99D,ELITE_SP-99D,0.45,inventory.model,False,[],True
c00c86b5c5ce5d18,_Converted_/Pronto/P/Pioneer/FILE_TYPE_CD_PLAYER.ir,FILE_TYPE_CD_PLAYER,,0.0,,False,[],True
a11e4692fc3c8d1e,_Converted_/Pronto/P/Pioneer/IDK-01.ir,IDK-01,IDK-01,0.45,inventory.model,False,[],True
d2ec7dfb828511b6,_Converted_/Pronto/P/Pioneer/LD-700.ir,LD-700,LD-700,0.45,inventory.model,False,[],True
5f7c203545787769,_Converted_/Pronto/P/Pioneer/LD-S2.ir,LD-S2,LD-S2,0.45,inventory.model,False,[],True
877d67640d62c122,_Converted_/Pronto/P/Pioneer/LD-V8000-LD-6010.ir,LD-V8000-LD-6010,LD-V8000-LD-6010,0.45,inventory.model,False,[],True
c52d7e658aa15c90,_Converted_/Pronto/P/Pioneer/LDW-1.ir,LDW-1,LDW-1,0.45,inventory.model,False,[],True
f646271acab3d064,_Converted_/Pronto/P/Pioneer/LD_PLAYER.ir,LD_PLAYER,,0.0,,False,[],True
641340657065bbd5,_Converted_/Pronto/P/Pioneer/N-A.ir,N-A,,0.0,,False,[],True
4d4c43cfb4c0030d,_Converted_/Pronto/P/Pioneer/PD-F1039.ir,PD-F1039,PD-F1039,0.45,inventory.model,False,[],True
88eb4078d0ea846c,_Converted_/Pronto/P/Pioneer/PD-F17.ir,PD-F17,PD-F17,0.45,inventory.model,False,[],True
dd412e34efe67ca2,_Converted_/Pronto/P/Pioneer/PD-F906.ir,PD-F906,PD-F906,0.45,inventory.model,False,[],True
a9723c3ebb09c69e,_Converted_/Pronto/P/Pioneer/PD-F958.ir,PD-F958,PD-F958,0.45,inventory.model,False,[],True
89491bf8a2588aee,_Converted_/Pronto/P/Pioneer/PDF-1007.ir,PDF-1007,PDF-1007,0.45,inventory.model,False,[],True
9ccac6012b230e34,_Converted_/Pronto/P/Pioneer/PDF-19.ir,PDF-19,PDF-19,0.45,inventory.model,False,[],True
7a3e5ec300395751,_Converted_/Pronto/P/Pioneer/PDM-435.ir,PDM-435,PDM-435,0.45,inventory.model,False,[],True
510e46a99f1fde3a,_Converted_/Pronto/P/Pioneer/PDP-4330HD.ir,PDP-4330HD,PDP-4330HD,0.45,inventory.model,False,[],True
ba4f5f18efd98d61,_Converted_/Pronto/P/Pioneer/PDP-501MX.ir,PDP-501MX,PDP-501MX,0.45,inventory.model,False,[],True
5080bb4d1aa08243,_Converted_/Pronto/P/Pioneer/PDP-R03U.ir,PDP-R03U,PDP-R03U,0.45,inventory.model,False,[],True
5b42bccf424db941,_Converted_/Pronto/P/Pioneer/PDR-555RW.ir,PDR-555RW,PDR-555RW,0.45,inventory.model,False,[],True
6da0a166870efb88,_Converted_/Pronto/P/Pioneer/PR0510.ir,PR0510,PR0510,0.45,inventory.model,False,[],True
82c83d840f496b67,_Converted_/Pronto/P/Pioneer/PRO-1000.ir,PRO-1000,PRO-1000,0.45,inventory.model,False,[],True
3604dd036a585bb9,_Converted_/Pronto/P/Pioneer/PRO-1008W.ir,PRO-1008W,PRO-1008W,0.45,inventory.model,False,[],True
762787a2214e0ac4,_Converted_/Pronto/P/Pioneer/PRO-99.ir,PRO-99,PRO-99,0.45,inventory.model,False,[],True
703f30ba939c71c4,_Converted_/Pronto/P/Pioneer/PRO700HD.ir,PRO700HD,PRO700HD,0.45,inventory.model,False,[],True
5692cd04c86b5317,_Converted_/Pronto/P/Pioneer/PROJECTION_MONITOR.ir,PROJECTION_MONITOR,,0.0,,False,[],True
1bd7c0e8fc3db3f7,_Converted_/Pronto/P/Pioneer/PROJECTION_MONITOR_RECEIVER.ir,PROJECTION_MONITOR_RECEIVER,,0.0,,False,[],True
26a898c0354f2e72,_Converted_/Pronto/P/Pioneer/PRO_1000_HD.ir,PRO_1000_HD,PRO_1000_HD,0.45,inventory.model,False,[],True
308b45b0b81d98be,_Converted_/Pronto/P/Pioneer/PRO_107_TV_CONTROLS.ir,PRO_107_TV_CONTROLS,PRO_107_TV_CONTROLS,0.45,inventory.model,False,[],True
10e5b4222a3db81a,_Converted_/Pronto/P/Pioneer/PRO_117.ir,PRO_117,PRO_117,0.45,inventory.model,False,[],True
44b9a1c12b0e7f1e,_Converted_/Pronto/P/Pioneer/PRO_119.ir,PRO_119,PRO_119,0.45,inventory.model,False,[],True
e40e8f55e6625f16,_Converted_/Pronto/P/Pioneer/PRO_720HD.ir,PRO_720HD,PRO_720HD,0.45,inventory.model,False,[],True
fd9ac8e2308a15d1,_Converted_/Pronto/P/Pioneer/PRV-9000.ir,PRV-9000,PRV-9000,0.45,inventory.model,False,[],True
0fb783f44b51a11a,_Converted_/Pronto/P/Pioneer/RECEIVER.ir,RECEIVER,,0.0,,False,[],True
d7b7eddcdd80cb94,_Converted_/Pronto/P/Pioneer/SC-55.ir,SC-55,SC-55,0.45,inventory.model,False,[],True
620c5dda35714fca,_Converted_/Pronto/P/Pioneer/SC-57.ir,SC-57,SC-57,0.45,inventory.model,False,[],True
aba471f7d9f353ff,_Converted_/Pronto/P/Pioneer/SC_Series.ir,SC_Series,,0.0,,False,[],True
1501e2b7c4236885,_Converted_/Pronto/P/Pioneer/SD582HD5_HDTV.ir,SD582HD5_HDTV,SD582HD5_HDTV,0.45,inventory.model,False,[],True
5bf151e78c4d2c4d,_Converted_/Pronto/P/Pioneer/SD641HD5_HDTV.ir,SD641HD5_HDTV,SD641HD5_HDTV,0.45,inventory.model,False,[],True
1aefd2cdb42f3cda,_Converted_/Pronto/P/Pioneer/SX255R_RECIEVER.ir,SX255R_RECIEVER,SX255R_RECIEVER,0.45,inventory.model,False,[],True
99a8d5e847ad9814,_Converted_/Pronto/P/Pioneer/Universal_LCD-Plasma.ir,Universal_LCD-Plasma,,0.0,,False,[],True
dc123f6ea2d0cba9,_Converted_/Pronto/P/Pioneer/V7400.ir,V7400,V7400,0.45,inventory.model,False,[],True
569efdd94b44792e,_Converted_/Pronto/P/Pioneer/VS-X305_RECIEVER.ir,VS-X305_RECIEVER,VS-X305_RECIEVER,0.45,inventory.model,False,[],True
74accaa55e6c4d07,_Converted_/Pronto/P/Pioneer/VSX-1019AH-VSX-919AH-VSX-819H-VSX-519V.ir,VSX-1019AH-VSX-919AH-VSX-819H-VSX-519V,VSX-1019AH-VSX-919AH-VSX-819H-VSX-519V,0.45,inventory.model,False,[],True
2140eef24c0fae01,_Converted_/Pronto/P/Pioneer/VSX-1021.ir,VSX-1021,VSX-1021,0.45,inventory.model,False,[],True
cd30c0eae241a6e6,_Converted_/Pronto/P/Pioneer/VSX-29TX.ir,VSX-29TX,VSX-29TX,0.45,inventory.model,False,[],True
664f7a91df759d7f,_Converted_/Pronto/P/Pioneer/VSX-49TXI.ir,VSX-49TXI,VSX-49TXI,0.45,inventory.model,False,[],True
355f674cd13b6596,_Converted_/Pronto/P/Pioneer/VSX-502.ir,VSX-502,VSX-502,0.45,inventory.model,False,[],True
3677c5744af3dddd,_Converted_/Pronto/P/Pioneer/VSX-51.ir,VSX-51,VSX-51,0.45,inventory.model,False,[],True
e8a13009aa428773,_Converted_/Pronto/P/Pioneer/VSX-52.ir,VSX-52,VSX-52,0.45,inventory.model,False,[],True
1e9c655dc6aa5f50,_Converted_/Pronto/P/Pioneer/VSX-55TXI.ir,VSX-55TXI,VSX-55TXI,0.45,inventory.model,False,[],True
65ea846b801406c7,_Converted_/Pronto/P/Pioneer/VSX-606S_RECEIVER_AND_TUNER_CONTROL_ONLY.ir,VSX-606S_RECEIVER_AND_TUNER_CONTROL_ONLY,VSX-606S_RECEIVER_AND_TUNER_CONTROL_ONLY,0.45,inventory.model,False,[],True
4b17d689815c731f,_Converted_/Pronto/P/Pioneer/VSX-906_RECEIVER_AND_TUNER_CONTROL_ONLY.ir,VSX-906_RECEIVER_AND_TUNER_CONTROL_ONLY,VSX-906_RECEIVER_AND_TUNER_CONTROL_ONLY,0.45,inventory.model,False,[],True
ed4e28f5574be7dd,_Converted_/Pronto/P/Pioneer/VSX-95.ir,VSX-95,VSX-95,0.45,inventory.model,False,[],True
0560f46a78d703ca,_Converted_/Pronto/P/Pioneer/VSX-97_RECEIVER_AND_TUNER_CONTROL_ONLY.ir,VSX-97_RECEIVER_AND_TUNER_CONTROL_ONLY,VSX-97_RECEIVER_AND_TUNER_CONTROL_ONLY,0.45,inventory.model,False,[],True
3f031455bfe32480,_Converted_/Pronto/P/Pioneer/VSX-99_-_TUNER.ir,VSX-99_-_TUNER,VSX-99_-_TUNER,0.45,inventory.model,False,[],True
c55a883b7fb83ec8,_Converted_/Pronto/P/Pioneer/VSX-D307.ir,VSX-D307,VSX-D307,0.45,inventory.model,False,[],True
26f8605cd702d593,_Converted_/Pronto/P/Pioneer/VSX-D903S.ir,VSX-D903S,VSX-D903S,0.45,inventory.model,False,[],True
2f1085a678f45d73,_Converted_/Pronto/P/Pioneer/VSX-D906S.ir,VSX-D906S,VSX-D906S,0.45,inventory.model,False,[],True
95ffaae4957f241d,_Converted_/Pronto/P/Pioneer/VSX-DSP.ir,VSX-DSP,,0.0,,False,[],True
3683c0280f01d8fe,_Converted_/Pronto/P/Pioneer/VSX09TX.ir,VSX09TX,VSX09TX,0.45,inventory.model,False,[],True
0b7c2ac6717bf468,_Converted_/Pronto/P/Pioneer/VSX_Series.ir,VSX_Series,,0.0,,False,[],True
f1e88dacbcfa4a00,_Converted_/Pronto/P/Planar/Generic_Display_Remote.ir,Generic_Display_Remote,,0.0,,False,[],True
67321bec3c3a4fa8,_Converted_/Pronto/P/Polaroid/MODEL_#315.ir,MODEL_#315,,0.0,,False,[],True
649ed23fa0bc7384,_Converted_/Pronto/P/Polk_Audio/No_model.ir,No_model,,0.0,,False,[],True
1f8e695d980fd75c,_Converted_/Pronto/P/Polk_Audio/Omni_SB1.ir,Omni_SB1,Omni_SB1,0.45,inventory.model,False,[],True
19df6de5a08ba8b0,_Converted_/Pronto/P/Polycom/128.ir,128,,0.0,,False,[],True
85e8d4ac8f50cd44,_Converted_/Pronto/P/Polycom/512_VIDEO.ir,512_VIDEO,512_VIDEO,0.45,inventory.model,False,[],True
932a15004f14f548,_Converted_/Pronto/P/Polycom/HDX-7000.ir,HDX-7000,HDX-7000,0.45,inventory.model,False,[],True
bce2baf15ed40788,_Converted_/Pronto/P/Polycom/SOUND_STATION_PERMIERE.ir,SOUND_STATION_PERMIERE,,0.0,,False,[],True
43b0951177d108bd,_Converted_/Pronto/P/Polycom/VS-4000.ir,VS-4000,VS-4000,0.45,inventory.model,False,[],True
cd3b224350b7f936,_Converted_/Pronto/P/Polycom/ViewStation.ir,ViewStation,,0.0,,False,[],True
07755bcefcd3820c,_Converted_/Pronto/P/Polycom/Viewstation_1.ir,Viewstation_1,Viewstation_1,0.45,inventory.model,False,[],True
9c2fef1a18015f1a,_Converted_/Pronto/P/Primare/A30.1-A20.ir,A30.1-A20,A30.1-A20,0.45,inventory.model,False,[],True
f5be980e9bc93bed,_Converted_/Pronto/P/Primare/D30.2-D20.ir,D30.2-D20,D30.2-D20,0.45,inventory.model,False,[],True
590f297129f1981b,_Converted_/Pronto/P/Primare/MISC_C31_CODE_SET_2.ir,MISC_C31_CODE_SET_2,MISC_C31_CODE_SET_2,0.45,inventory.model,False,[],True
6f060bf63c35101e,_Converted_/Pronto/P/Primare/MISC_CODE_SET_1.ir,MISC_CODE_SET_1,MISC_CODE_SET_1,0.45,inventory.model,False,[],True
33042e259c9afafe,_Converted_/Pronto/P/Primare/MISC_CODE_SET_3.ir,MISC_CODE_SET_3,MISC_CODE_SET_3,0.45,inventory.model,False,[],True
f0ebbdf496abb05e,_Converted_/Pronto/P/Primare/PRE30.ir,PRE30,PRE30,0.45,inventory.model,False,[],True
94ba42cd7bfb9c53,_Converted_/Pronto/P/Primare/SP31.7.ir,SP31.7,SP31.7,0.45,inventory.model,False,[],True
8cb23c4d70ba30ef,_Converted_/Pronto/P/Primare/T21-T30.ir,T21-T30,T21-T30,0.45,inventory.model,False,[],True
1481f8c59fec7930,_Converted_/Pronto/P/Primare/V25.ir,V25,V25,0.45,inventory.model,False,[],True
6cb85b3a21f12456,_Converted_/Pronto/P/Primestar/3000D.ir,3000D,3000D,0.45,inventory.model,False,[],True
28ba23f15aec8df5,_Converted_/Pronto/P/Princeton/AF3.0HD.ir,AF3.0HD,AF3.0HD,0.45,inventory.model,False,[],True
e6251f6d2b30b28a,_Converted_/Pronto/P/Princeton/AR3.6T.ir,AR3.6T,AR3.6T,0.45,inventory.model,False,[],True
b3bb4d4fc999718f,_Converted_/Pronto/P/Princeton/AR3.6T_1.ir,AR3.6T_1,AR3.6T_1,0.45,inventory.model,False,[],True
eeec5c8c01c549b8,_Converted_/Pronto/P/Pro_Presenter/COMPUTER_INTERFACE.ir,COMPUTER_INTERFACE,,0.0,,False,[],True
adca6c2609c22e3f,_Converted_/Pronto/P/Proceed/AVP.ir,AVP,,0.0,,False,[],True
7f94ea0b143b293e,_Converted_/Pronto/P/Proceed/CDP.ir,CDP,,0.0,,False,[],True
ae2332fba0d5fdae,_Converted_/Pronto/P/Proceed/LASER_DISC.ir,LASER_DISC,,0.0,,False,[],True
7db937451e7fdf13,_Converted_/Pronto/P/Proceed/PAV.ir,PAV,,0.0,,False,[],True
94876d682d304664,_Converted_/Pronto/P/Proceed/PAV_W-DSD.ir,PAV_W-DSD,,0.0,,False,[],True
3be8ffd6b6763d3d,_Converted_/Pronto/P/Proceed/PMDT.ir,PMDT,,0.0,,False,[],True
94602dadde8e028f,_Converted_/Pronto/P/Proceed/PR-MDT.ir,PR-MDT,,0.0,,False,[],True
2e03f527f8095844,_Converted_/Pronto/P/Proceed/Pav-Posp.ir,Pav-Posp,,0.0,,False,[],True
310ed78dffb2aadd,_Converted_/Pronto/P/Projectavision/98100-106_DHT-2.ir,98100-106_DHT-2,98100-106_DHT-2,0.45,inventory.model,False,[],True
5691cf4a3cfac2b4,_Converted_/Pronto/P/Proscan/36700-367100.ir,36700-367100,,0.0,,False,[],True
82c08ea3f1f1e62d,_Converted_/Pronto/P/Proscan/8610P.ir,8610P,8610P,0.45,inventory.model,False,[],True
c1278d1b55eeb49e,_Converted_/Pronto/P/Proscan/8640P.ir,8640P,8640P,0.45,inventory.model,False,[],True
9adff37959403f76,_Converted_/Pronto/P/Proscan/DISCREET_CODES.ir,DISCREET_CODES,,0.0,,False,[],True
2f643d9ced1002e9,_Converted_/Pronto/P/Proscan/DVD.ir,DVD,,0.0,,False,[],True
ee6897e57af6c614,_Converted_/Pronto/P/Proscan/PS-868OZ.ir,PS-868OZ,PS-868OZ,0.45,inventory.model,False,[],True
43a01251a885bc4f,_Converted_/Pronto/P/Proscan/PS68602.ir,PS68602,PS68602,0.45,inventory.model,False,[],True
6af6c21ff7ad693e,_Converted_/Pronto/P/Proscan/PSV-R57.ir,PSV-R57,PSV-R57,0.45,inventory.model,False,[],True
79705daf75be96d9,_Converted_/Pronto/P/Proscan/TV.ir,TV,,0.0,,False,[],True
18be0a40bf5fd9cc,_Converted_/Pronto/P/Proton/(Multiple).ir,(Multiple),,0.0,,False,[],True
1666c46c05eb0c62,_Converted_/Pronto/P/Proton/(TV).ir,(TV),,0.0,,False,[],True
13e67f6b5179f569,_Converted_/Pronto/P/Proton/AH481_CD_PLAYER.ir,AH481_CD_PLAYER,AH481_CD_PLAYER,0.45,inventory.model,False,[],True
e6c82825f072b2c8,_Converted_/Pronto/P/Proton/CABLE_BOX.ir,CABLE_BOX,,0.0,,False,[],True
b7a0508a48c18f35,_Converted_/Pronto/P/Proton/N-A.ir,N-A,,0.0,,False,[],True
f9786a327a44d9b8,_Converted_/Pronto/P/Proton/V-215R.ir,V-215R,V-215R,0.45,inventory.model,False,[],True
a807e9dc02dd92b4,_Converted_/Pronto/P/Proton/VT-290.ir,VT-290,VT-290,0.45,inventory.model,False,[],True
85d89558725e33ee,_Converted_/Pronto/P/Proton/VT_210.ir,VT_210,VT_210,0.45,inventory.model,False,[],True
e9c36fe5e8892dbb,_Converted_/Pronto/P/Proton/VT_218-DT3660.ir,VT_218-DT3660,VT_218-DT3660,0.45,inventory.model,False,[],True
2097ddcc0eeb8b16,_Converted_/Pronto/P/Proxima/4100-4200-9100-LIGHTBOOK10-20.ir,4100-4200-9100-LIGHTBOOK10-20,4100-4200-9100-LIGHTBOOK10-20,0.45,inventory.model,False,[],True
360ca59af7878d6f,_Converted_/Pronto/P/Proxima/9260-Sanyo.ir,9260-Sanyo,9260-Sanyo,0.45,inventory.model,False,[],True
294d80d94ef228a3,_Converted_/Pronto/P/Proxima/9400+_Sanyo.ir,9400+_Sanyo,9400+_Sanyo,0.45,inventory.model,False,[],True
dd1984d0bb3c6dc8,_Converted_/Pronto/P/Proxima/DESKTOP_5610.ir,DESKTOP_5610,DESKTOP_5610,0.45,inventory.model,False,[],True
bdb5e1c9821c1147,_Converted_/Pronto/P/Proxima/DESKTOP_9310.ir,DESKTOP_9310,DESKTOP_9310,0.45,inventory.model,False,[],True
26d1df93b29fa002,_Converted_/Pronto/P/Proxima/DESKTOP_PROJECTOR_5100.ir,DESKTOP_PROJECTOR_5100,DESKTOP_PROJECTOR_5100,0.45,inventory.model,False,[],True
814525d73bf0b06a,_Converted_/Pronto/P/Proxima/DP-5950.ir,DP-5950,DP-5950,0.45,inventory.model,False,[],True
b831f553cd34ddc1,_Converted_/Pronto/P/Proxima/DP-8000.ir,DP-8000,DP-8000,0.45,inventory.model,False,[],True
96be638e36f5bafb,_Converted_/Pronto/P/Proxima/DP-9300.ir,DP-9300,DP-9300,0.45,inventory.model,False,[],True
66e734aa79ba33ca,_Converted_/Pronto/P/Proxima/DP-9500.ir,DP-9500,DP-9500,0.45,inventory.model,False,[],True
8ed0dc71edf487fb,_Converted_/Pronto/P/Proxima/DP5600_LCD_(NO_TOUCH_PAD).ir,DP5600_LCD_(NO_TOUCH_PAD),,0.0,,False,[],True
b8c340f6925d55c7,_Converted_/Pronto/P/Proxima/DP5900.ir,DP5900,DP5900,0.45,inventory.model,False,[],True
4f59b717d6c95d6f,_Converted_/Pronto/P/Proxima/DX-1.ir,DX-1,DX-1,0.45,inventory.model,False,[],True
feec648a665bb092,_Converted_/Pronto/P/Proxima/LB-30.ir,LB-30,LB-30,0.45,inventory.model,False,[],True
f45eebdee9c0b054,_Converted_/Pronto/P/Proxima/SX-1.ir,SX-1,SX-1,0.45,inventory.model,False,[],True
f4a3abc91e943489,_Converted_/Pronto/Q/QRS/PIANOMATION.ir,PIANOMATION,,0.0,,False,[],True
b849931e3746f130,_Converted_/Pronto/Q/Quasar/VHQ840.ir,VHQ840,VHQ840,0.45,inventory.model,False,[],True
5b95ff3837c47700,_Converted_/Pronto/Q/Quasar/VV2017W.ir,VV2017W,VV2017W,0.45,inventory.model,False,[],True
bd435f48f10fb924,_Converted_/Pronto/R/RCA/DISCREET_CODES.ir,DISCREET_CODES,,0.0,,False,[],True
e47f0a521f1020ef,_Converted_/Pronto/R/RCA/DRD-420.ir,DRD-420,DRD-420,0.45,inventory.model,False,[],True
bd68855038602743,_Converted_/Pronto/R/RCA/DRD-430RG.ir,DRD-430RG,DRD-430RG,0.45,inventory.model,False,[],True
9069117b5df13dc5,_Converted_/Pronto/R/RCA/DRD-450RG.ir,DRD-450RG,DRD-450RG,0.45,inventory.model,False,[],True
2ae3334bae88b0ab,_Converted_/Pronto/R/RCA/DRD30312A.ir,DRD30312A,DRD30312A,0.45,inventory.model,False,[],True
545715c2af089208,_Converted_/Pronto/R/RCA/DRD4430RA.ir,DRD4430RA,DRD4430RA,0.45,inventory.model,False,[],True
200182aec41d71d4,_Converted_/Pronto/R/RCA/DRD515.ir,DRD515,DRD515,0.45,inventory.model,False,[],True
4ebcde985852f215,_Converted_/Pronto/R/RCA/DRD515RB.ir,DRD515RB,DRD515RB,0.45,inventory.model,False,[],True
a0610f27ac10332c,_Converted_/Pronto/R/RCA/DS-4240.ir,DS-4240,DS-4240,0.45,inventory.model,False,[],True
537627c1d1227de3,_Converted_/Pronto/R/RCA/DSS-DRD480RE.ir,DSS-DRD480RE,DSS-DRD480RE,0.45,inventory.model,False,[],True
71445bf276115ac0,_Converted_/Pronto/R/RCA/DSS.ir,DSS,,0.0,,False,[],True
46e9bf3c7fe9ed9b,_Converted_/Pronto/R/RCA/DSS_-_TV.ir,DSS_-_TV,,0.0,,False,[],True
2f1ce2586aa3ba60,_Converted_/Pronto/R/RCA/DSS_VCR1.ir,DSS_VCR1,DSS_VCR1,0.45,inventory.model,False,[],True
8b7d96507863030f,_Converted_/Pronto/R/RCA/DSS_VCR2.ir,DSS_VCR2,DSS_VCR2,0.45,inventory.model,False,[],True
c23537203caf7596,_Converted_/Pronto/R/RCA/DTC-100.ir,DTC-100,DTC-100,0.45,inventory.model,False,[],True
409e6d5a83e44756,_Converted_/Pronto/R/RCA/DWD-490RE.ir,DWD-490RE,DWD-490RE,0.45,inventory.model,False,[],True
581bf2d08acd89c9,_Converted_/Pronto/R/RCA/HOME_CONTROL.ir,HOME_CONTROL,,0.0,,False,[],True
1a719ad98506c629,_Converted_/Pronto/R/RCA/RC-5200P.ir,RC-5200P,RC-5200P,0.45,inventory.model,False,[],True
e61d99df2d1cdb5a,_Converted_/Pronto/R/RCA/RV-379IF.ir,RV-379IF,RV-379IF,0.45,inventory.model,False,[],True
4bf5e872068fd717,_Converted_/Pronto/R/RCA/RV-379IF_ACR1_FNX.ir,RV-379IF_ACR1_FNX,RV-379IF_ACR1_FNX,0.45,inventory.model,False,[],True
ecc94d8b64af9d9b,_Converted_/Pronto/R/RCA/RV-379IF_CAB_FNX.ir,RV-379IF_CAB_FNX,RV-379IF_CAB_FNX,0.45,inventory.model,False,[],True
49a4f7bf9d80b92f,_Converted_/Pronto/R/RCA/RV-379IF_CD.ir,RV-379IF_CD,RV-379IF_CD,0.45,inventory.model,False,[],True
dfca433590a03db0,_Converted_/Pronto/R/RCA/RV-379IF_TV_FNX.ir,RV-379IF_TV_FNX,RV-379IF_TV_FNX,0.45,inventory.model,False,[],True
316484fff1463df1,_Converted_/Pronto/R/RCA/RV-379IF_VCR1_FNX.ir,RV-379IF_VCR1_FNX,RV-379IF_VCR1_FNX,0.45,inventory.model,False,[],True
98746e0e7a5d5799,_Converted_/Pronto/R/RCA/RV-379IF_VCR2-LD_FNX.ir,RV-379IF_VCR2-LD_FNX,RV-379IF_VCR2-LD_FNX,0.45,inventory.model,False,[],True
8e757327add181cf,_Converted_/Pronto/R/RCA/RV3681.ir,RV3681,RV3681,0.45,inventory.model,False,[],True
2ce931bccb19ccd3,_Converted_/Pronto/R/RCA/TV_UNIVERSAL.ir,TV_UNIVERSAL,,0.0,,False,[],True
b7630edbe1d59909,_Converted_/Pronto/R/RCA/UNIVERSAL.ir,UNIVERSAL,,0.0,,False,[],True
c532040723ff6718,_Converted_/Pronto/R/RCA/UNIVERSAL_-_DSS_AUX.ir,UNIVERSAL_-_DSS_AUX,,0.0,,False,[],True
f5245883cc54b3ed,_Converted_/Pronto/R/RCA/VCR1_UNIVERSAL.ir,VCR1_UNIVERSAL,VCR1_UNIVERSAL,0.45,inventory.model,False,[],True
55502302f6a15816,_Converted_/Pronto/R/RCA/VCR25HF.ir,VCR25HF,VCR25HF,0.45,inventory.model,False,[],True
4d9bc502c9e74f81,_Converted_/Pronto/R/RCA/VCR_UNIVERSAL.ir,VCR_UNIVERSAL,,0.0,,False,[],True
1bf810bf84c70eac,_Converted_/Pronto/R/RCA/VR605HF.ir,VR605HF,VR605HF,0.45,inventory.model,False,[],True
3badc97dfbfd7eda,_Converted_/Pronto/R/RCA/VR708HF.ir,VR708HF,VR708HF,0.45,inventory.model,False,[],True
ef6bc3f6afec66d6,_Converted_/Pronto/R/RCA/VR730HF.ir,VR730HF,VR730HF,0.45,inventory.model,False,[],True
8d3e5ccbf85b0e38,_Converted_/Pronto/R/RFT/GEN_SAT.ir,GEN_SAT,,0.0,,False,[],True
3c92fb5c568acf14,_Converted_/Pronto/R/RFT/GEN_SAT_1.ir,GEN_SAT_1,GEN_SAT_1,0.45,inventory.model,False,[],True
787a6b3245f706ea,_Converted_/Pronto/R/RFT/GEN_TV.ir,GEN_TV,,0.0,,False,[],True
e56d72edb172c0cc,_Converted_/Pronto/R/RFT/GEN_TV_1.ir,GEN_TV_1,GEN_TV_1,0.45,inventory.model,False,[],True
d57dee623dec13d4,_Converted_/Pronto/R/RFT/GEN_TV_2.ir,GEN_TV_2,GEN_TV_2,0.45,inventory.model,False,[],True
d00880c2f5567ce4,_Converted_/Pronto/R/ReQuest_Multimedia/ARQ_PRO-ZONE_CODE_SET_1.ir,ARQ_PRO-ZONE_CODE_SET_1,ARQ_PRO-ZONE_CODE_SET_1,0.45,inventory.model,False,[],True
4a6a7e8ed62eb857,_Converted_/Pronto/R/ReQuest_Multimedia/ARQ_PRO-ZONE_CODE_SET_2.ir,ARQ_PRO-ZONE_CODE_SET_2,ARQ_PRO-ZONE_CODE_SET_2,0.45,inventory.model,False,[],True
f1b004c0fbb82308,_Converted_/Pronto/R/ReQuest_Video/Video_Request.ir,Video_Request,,0.0,,False,[],True
c2318bf319ff15b0,_Converted_/Pronto/R/Real-Fyre/No_model.ir,No_model,,0.0,,False,[],True
0e903b94d9b40196,_Converted_/Pronto/R/Replay_TV/DISCREET_CODES.ir,DISCREET_CODES,,0.0,,False,[],True
4326984964355b60,_Converted_/Pronto/R/RevolutionHD/S42LTD.ir,S42LTD,S42LTD,0.45,inventory.model,False,[],True
d890f39a0177cad3,_Converted_/Pronto/R/Revox/B-22_CD_PLAYER.ir,B-22_CD_PLAYER,B-22_CD_PLAYER,0.45,inventory.model,False,[],True
4e47619393cf84c3,_Converted_/Pronto/R/Revox/B-26_FM-TUNER.ir,B-26_FM-TUNER,B-26_FM-TUNER,0.45,inventory.model,False,[],True
338f8d82e5ccfdc2,_Converted_/Pronto/R/Revox/B205.ir,B205,B205,0.45,inventory.model,False,[],True
43b09771682b3698,_Converted_/Pronto/R/Revox/B208.ir,B208,B208,0.45,inventory.model,False,[],True
83c2f9d505200228,_Converted_/Pronto/R/Revox/PREAMP.ir,PREAMP,,0.0,,False,[],True
a749ce878b98aaed,_Converted_/Pronto/R/RiTECH/RJ-200BK.ir,RJ-200BK,RJ-200BK,0.45,inventory.model,False,[],True
8ae54674c33a0f56,_Converted_/Pronto/R/Rock-ola/CD-8_JUKEBOX.ir,CD-8_JUKEBOX,CD-8_JUKEBOX,0.45,inventory.model,False,[],True
9387485bbd31c6e3,_Converted_/Pronto/R/Roku/XD-S.ir,XD-S,,0.0,,False,[],True
412cc368fccdfa31,_Converted_/Pronto/R/Roku/XS.ir,XS,,0.0,,False,[],True
9068516a21c98950,_Converted_/Pronto/R/Rotel/AMPLIFIER.ir,AMPLIFIER,,0.0,,False,[],True
c80febf7b0e72d2d,_Converted_/Pronto/R/Rotel/CD_PLAYER.ir,CD_PLAYER,,0.0,,False,[],True
e9879e394e812282,_Converted_/Pronto/R/Rotel/N-A.ir,N-A,,0.0,,False,[],True
a5cb43cdcfa85571,_Converted_/Pronto/R/Rotel/RCC-955.ir,RCC-955,RCC-955,0.45,inventory.model,False,[],True
7a970cba65af6f00,_Converted_/Pronto/R/Rotel/RCD-1072.ir,RCD-1072,RCD-1072,0.45,inventory.model,False,[],True
2653952309875576,_Converted_/Pronto/R/Rotel/RCD-1520.ir,RCD-1520,RCD-1520,0.45,inventory.model,False,[],True
da404c98f25a007b,_Converted_/Pronto/R/Rotel/RCD-991.ir,RCD-991,RCD-991,0.45,inventory.model,False,[],True
30c204beecf15717,_Converted_/Pronto/R/Rotel/RDV-1080.ir,RDV-1080,RDV-1080,0.45,inventory.model,False,[],True
c64542bc0bc5cb4e,_Converted_/Pronto/R/Rotel/RDV-830.ir,RDV-830,RDV-830,0.45,inventory.model,False,[],True
36e22d940bd61dbf,_Converted_/Pronto/R/Rotel/RDV-995.ir,RDV-995,RDV-995,0.45,inventory.model,False,[],True
48a78c2533108823,_Converted_/Pronto/R/Rotel/RECEIVER.ir,RECEIVER,,0.0,,False,[],True
78fa4870c4c64b2c,_Converted_/Pronto/R/Rotel/RR-976.ir,RR-976,RR-976,0.45,inventory.model,False,[],True
e6b6501556c8ac9e,_Converted_/Pronto/R/Rotel/RR950.ir,RR950,RR950,0.45,inventory.model,False,[],True
1fc30cc914b37aa1,_Converted_/Pronto/R/Rotel/RSP-1572.ir,RSP-1572,RSP-1572,0.45,inventory.model,False,[],True
bb811654a2702963,_Converted_/Pronto/R/Rotel/RSP-960AX.ir,RSP-960AX,RSP-960AX,0.45,inventory.model,False,[],True
4670cb6cc45d4282,_Converted_/Pronto/R/Rotel/RSP-970.ir,RSP-970,RSP-970,0.45,inventory.model,False,[],True
3ce27a50c517e0ae,_Converted_/Pronto/R/Rotel/RSP-980.ir,RSP-980,RSP-980,0.45,inventory.model,False,[],True
7c509dd1849a4871,_Converted_/Pronto/R/Rotel/RSP985.ir,RSP985,RSP985,0.45,inventory.model,False,[],True
0e4ab777bded827f,_Converted_/Pronto/R/Rotel/RSX-1065.ir,RSX-1065,RSX-1065,0.45,inventory.model,False,[],True
896f961084be8bf4,_Converted_/Pronto/R/Rotel/RSX-1560.ir,RSX-1560,RSX-1560,0.45,inventory.model,False,[],True
8c3ba11f4543eec3,_Converted_/Pronto/R/Rotel/RT-1084.ir,RT-1084,RT-1084,0.45,inventory.model,False,[],True
dfe2f214f3781948,_Converted_/Pronto/R/Rotel/RT-940SX.ir,RT-940SX,RT-940SX,0.45,inventory.model,False,[],True
18940c8a93d34218,_Converted_/Pronto/R/Rotel/RTC-970.ir,RTC-970,RTC-970,0.45,inventory.model,False,[],True
45d4baf913572456,_Converted_/Pronto/R/Rotel/W850R.ir,W850R,W850R,0.45,inventory.model,False,[],True
d18d451ca991f691,_Converted_/Pronto/R/Runco/4050.ir,4050,,0.0,,False,[],True
5f8ff68119492c88,_Converted_/Pronto/R/Runco/760W.ir,760W,760W,0.45,inventory.model,False,[],True
d246b452c71c5154,_Converted_/Pronto/R/Runco/864.ir,864,,0.0,,False,[],True
2e029a68bc333856,_Converted_/Pronto/R/Runco/980_-_TV_FNX.ir,980_-_TV_FNX,980_-_TV_FNX,0.45,inventory.model,False,[],True
fbb98f16321aeee8,_Converted_/Pronto/R/Runco/980_-_VCR_FNX.ir,980_-_VCR_FNX,980_-_VCR_FNX,0.45,inventory.model,False,[],True
df40750068346ce9,_Converted_/Pronto/R/Runco/991.ir,991,,0.0,,False,[],True
fbd0863561fd6724,_Converted_/Pronto/R/Runco/CINEMA_PRO_750.ir,CINEMA_PRO_750,CINEMA_PRO_750,0.45,inventory.model,False,[],True
6ccf6ee0b5935113,_Converted_/Pronto/R/Runco/DLP_SERIES.ir,DLP_SERIES,,0.0,,False,[],True
5efded7cf3d9e6d5,_Converted_/Pronto/R/Runco/DTV_852.ir,DTV_852,DTV_852,0.45,inventory.model,False,[],True
8752625258f5243d,_Converted_/Pronto/R/Runco/DTV_991_ULTRA.ir,DTV_991_ULTRA,DTV_991_ULTRA,0.45,inventory.model,False,[],True
85cece5add1cdd5b,_Converted_/Pronto/R/Runco/DVP-940.ir,DVP-940,DVP-940,0.45,inventory.model,False,[],True
e1e8e0722713e4e4,_Converted_/Pronto/R/Runco/DXVC-1000.ir,DXVC-1000,DXVC-1000,0.45,inventory.model,False,[],True
7169c5f8da7c6431,_Converted_/Pronto/R/Runco/IDP-980_(VPROJ).ir,IDP-980_(VPROJ),,0.0,,False,[],True
e5e430824bd65ffb,_Converted_/Pronto/R/Runco/LCP550.ir,LCP550,LCP550,0.45,inventory.model,False,[],True
8b58cf0b899d3efe,_Converted_/Pronto/R/Runco/LJ-2_LASER_DISK.ir,LJ-2_LASER_DISK,LJ-2_LASER_DISK,0.45,inventory.model,False,[],True
6361fad42ba21149,_Converted_/Pronto/R/Runco/PROJECTOR-850.ir,PROJECTOR-850,PROJECTOR-850,0.45,inventory.model,False,[],True
c5b95fb6f75867f5,_Converted_/Pronto/R/Runco/SAN_CONVERTER.ir,SAN_CONVERTER,,0.0,,False,[],True
a225f1eff08a0955,_Converted_/Pronto/R/Runco/SC-4050_QUAD.ir,SC-4050_QUAD,SC-4050_QUAD,0.45,inventory.model,False,[],True
eb2ba90f28d6c3d9,_Converted_/Pronto/R/Runco/SC-4200.ir,SC-4200,SC-4200,0.45,inventory.model,False,[],True
d34d0e88027ba1d1,_Converted_/Pronto/R/Runco/SC2050_SCAN_CONVERTER.ir,SC2050_SCAN_CONVERTER,SC2050_SCAN_CONVERTER,0.45,inventory.model,False,[],True
6795ed999c01c79b,_Converted_/Pronto/R/Runco/SCAN_CONVERTER_SC-3050.ir,SCAN_CONVERTER_SC-3050,SCAN_CONVERTER_SC-3050,0.45,inventory.model,False,[],True
cd75caf384fedfb8,_Converted_/Pronto/R/Runco/SUPER_IDTV_900.ir,SUPER_IDTV_900,SUPER_IDTV_900,0.45,inventory.model,False,[],True
c1d5eebffe82a819,_Converted_/Pronto/R/Runco/SUPER_IDTV_II.ir,SUPER_IDTV_II,,0.0,,False,[],True
94fb7ed8f7ee2037,_Converted_/Pronto/R/Runco/SUPER_IDTV_SCAN_CONVERTER_(LINE_DOUBLER).ir,SUPER_IDTV_SCAN_CONVERTER_(LINE_DOUBLER),,0.0,,False,[],True
4150cc22d88c9252,_Converted_/Pronto/R/Runco/UNKNOWN.ir,UNKNOWN,,0.0,,False,[],True
c6ef371ae397a7b9,_Converted_/Pronto/R/Runco/VX-1C.ir,VX-1C,VX-1C,0.45,inventory.model,False,[],True
a069bdbb6e10983f,_Converted_/Pronto/R/Runco/VX3C.ir,VX3C,VX3C,0.45,inventory.model,False,[],True
5d8ec7ca632b8ef9,_Converted_/Pronto/R/Runco/VX3_DLP.ir,VX3_DLP,VX3_DLP,0.45,inventory.model,False,[],True
c1edf56856024038,_Converted_/Pronto/R/Russound/PR-4Z.ir,PR-4Z,PR-4Z,0.45,inventory.model,False,[],True
6c05ad8b5ef2f8e9,_Converted_/Pronto/R/Russound/ST2S_Smart_Tuner.ir,ST2S_Smart_Tuner,ST2S_Smart_Tuner,0.45,inventory.model,False,[],True
e1631ede75a57ba0,_Converted_/Pronto/S/Safari_Technologies/DY70114-13.ir,DY70114-13,DY70114-13,0.45,inventory.model,False,[],True
e8ebc1c034f58941,_Converted_/Pronto/S/Samsung/171MP.ir,171MP,171MP,0.45,inventory.model,False,[],True
00ddaa45775015f9,_Converted_/Pronto/S/Samsung/BD-P1000.ir,BD-P1000,BD-P1000,0.45,inventory.model,False,[],True
a7b2acb5ca14c395,_Converted_/Pronto/S/Samsung/BD-P1200.ir,BD-P1200,BD-P1200,0.45,inventory.model,False,[],True
9098cd35367f4807,_Converted_/Pronto/S/Samsung/BD-P1400.ir,BD-P1400,BD-P1400,0.45,inventory.model,False,[],True
18bf21daf9505351,_Converted_/Pronto/S/Samsung/BD-P1500.ir,BD-P1500,BD-P1500,0.45,inventory.model,False,[],True
7fee87c08eac8f27,_Converted_/Pronto/S/Samsung/BD-UP5000.ir,BD-UP5000,BD-UP5000,0.45,inventory.model,False,[],True
2bc6a154c02eb9ce,_Converted_/Pronto/S/Samsung/BD_D7500.ir,BD_D7500,BD_D7500,0.45,inventory.model,False,[],True
86acd5fcc5b54fab,_Converted_/Pronto/S/Samsung/BD_Series.ir,BD_Series,,0.0,,False,[],True
dfeda94e483b07e7,_Converted_/Pronto/S/Samsung/DVD-907.ir,DVD-907,DVD-907,0.45,inventory.model,False,[],True
88736ccd966011b7,_Converted_/Pronto/S/Samsung/DVD-P421.ir,DVD-P421,DVD-P421,0.45,inventory.model,False,[],True
d53f12528f00321b,_Converted_/Pronto/S/Samsung/DVD-V2000.ir,DVD-V2000,DVD-V2000,0.45,inventory.model,False,[],True
7d0cfabbd6d9eabb,_Converted_/Pronto/S/Samsung/DVD-V6800.ir,DVD-V6800,DVD-V6800,0.45,inventory.model,False,[],True
969f8a0d28dcd130,_Converted_/Pronto/S/Samsung/DVD-VR375.ir,DVD-VR375,DVD-VR375,0.45,inventory.model,False,[],True
eb44b35769248f33,_Converted_/Pronto/S/Samsung/HL-S5687W.ir,HL-S5687W,HL-S5687W,0.45,inventory.model,False,[],True
5d908b3be6c2cb91,_Converted_/Pronto/S/Samsung/HLN_Series_Discretes.ir,HLN_Series_Discretes,,0.0,,False,[],True
aa0ad22bf051b859,_Converted_/Pronto/S/Samsung/LN-T4069.ir,LN-T4069,LN-T4069,0.45,inventory.model,False,[],True
30e266035f32c405,_Converted_/Pronto/S/Samsung/LN32A450.ir,LN32A450,LN32A450,0.45,inventory.model,False,[],True
0b9b95e95a7154b5,_Converted_/Pronto/S/Samsung/LN40D550.ir,LN40D550,LN40D550,0.45,inventory.model,False,[],True
8ed18bc8ccc3b6ea,_Converted_/Pronto/S/Samsung/LN46D550.ir,LN46D550,LN46D550,0.45,inventory.model,False,[],True
2708b505d15f5c9d,_Converted_/Pronto/S/Samsung/LN_Series.ir,LN_Series,,0.0,,False,[],True
0f43e5b73b11ccc3,_Converted_/Pronto/S/Samsung/LTM-1575W.ir,LTM-1575W,LTM-1575W,0.45,inventory.model,False,[],True
f1f6266d99fd1220,_Converted_/Pronto/S/Samsung/LTM1555.ir,LTM1555,LTM1555,0.45,inventory.model,False,[],True
ae09bf636005296f,_Converted_/Pronto/S/Samsung/M101.ir,M101,M101,0.45,inventory.model,False,[],True
ae77549450c8bdd8,_Converted_/Pronto/S/Samsung/NR-5238.ir,NR-5238,NR-5238,0.45,inventory.model,False,[],True
3cbf27d1530ec817,_Converted_/Pronto/S/Samsung/PLH-403WC.ir,PLH-403WC,PLH-403WC,0.45,inventory.model,False,[],True
018ad7ad1eee13c9,_Converted_/Pronto/S/Samsung/PN51D450.ir,PN51D450,PN51D450,0.45,inventory.model,False,[],True
cafa40d005a57134,_Converted_/Pronto/S/Samsung/PN51D490.ir,PN51D490,PN51D490,0.45,inventory.model,False,[],True
abbc78a2a0d1f501,_Converted_/Pronto/S/Samsung/PN51D530.ir,PN51D530,PN51D530,0.45,inventory.model,False,[],True
d630711adb15dc12,_Converted_/Pronto/S/Samsung/PN51D540.ir,PN51D540,PN51D540,0.45,inventory.model,False,[],True
31f8142ef7174ea7,_Converted_/Pronto/S/Samsung/PN51D550.ir,PN51D550,PN51D550,0.45,inventory.model,False,[],True
5106e82d53a190ab,_Converted_/Pronto/S/Samsung/PN51D8000.ir,PN51D8000,PN51D8000,0.45,inventory.model,False,[],True
4316281d1b62d72b,_Converted_/Pronto/S/Samsung/PN64D8000.ir,PN64D8000,PN64D8000,0.45,inventory.model,False,[],True
f0644aa19aa50171,_Converted_/Pronto/S/Samsung/PN_Series.ir,PN_Series,,0.0,,False,[],True
93ba808b1a2ee73b,_Converted_/Pronto/S/Samsung/SIR-T150.ir,SIR-T150,SIR-T150,0.45,inventory.model,False,[],True
3b5a9cb295855774,_Converted_/Pronto/S/Samsung/SIR-TS160.ir,SIR-TS160,SIR-TS160,0.45,inventory.model,False,[],True
9364de970bdaa589,_Converted_/Pronto/S/Samsung/SIR-TS360.ir,SIR-TS360,SIR-TS360,0.45,inventory.model,False,[],True
3d0d2f371efe5168,_Converted_/Pronto/S/Samsung/SIT-TS150.ir,SIT-TS150,SIT-TS150,0.45,inventory.model,False,[],True
553eb2697db4a148,_Converted_/Pronto/S/Samsung/SMT-H3050.ir,SMT-H3050,SMT-H3050,0.45,inventory.model,False,[],True
13df3859425446ce,_Converted_/Pronto/S/Samsung/SMT-H3262.ir,SMT-H3262,SMT-H3262,0.45,inventory.model,False,[],True
342828b36db928ea,_Converted_/Pronto/S/Samsung/SMT-H3272.ir,SMT-H3272,SMT-H3272,0.45,inventory.model,False,[],True
7c654a7adc730a92,_Converted_/Pronto/S/Samsung/SV-7000W.ir,SV-7000W,SV-7000W,0.45,inventory.model,False,[],True
56dc33071e362187,_Converted_/Pronto/S/Samsung/SV4000_VCR.ir,SV4000_VCR,SV4000_VCR,0.45,inventory.model,False,[],True
7ab14cb7e3896311,_Converted_/Pronto/S/Samsung/SV500W.ir,SV500W,SV500W,0.45,inventory.model,False,[],True
9634fc5d12039304,_Converted_/Pronto/S/Samsung/SVP-6000.ir,SVP-6000,SVP-6000,0.45,inventory.model,False,[],True
88374352b4415eeb,_Converted_/Pronto/S/Samsung/SVP5200N.ir,SVP5200N,SVP5200N,0.45,inventory.model,False,[],True
16251c5183c151bb,_Converted_/Pronto/S/Samsung/SYNC_MASTER_210T.ir,SYNC_MASTER_210T,SYNC_MASTER_210T,0.45,inventory.model,False,[],True
cc7bd4fa40969f5b,_Converted_/Pronto/S/Samsung/SYNC_MASTER_403T.ir,SYNC_MASTER_403T,SYNC_MASTER_403T,0.45,inventory.model,False,[],True
ade50906648b34a8,_Converted_/Pronto/S/Samsung/TM-51.ir,TM-51,TM-51,0.45,inventory.model,False,[],True
c63d9a018d2c5cc5,_Converted_/Pronto/S/Samsung/TV_FUNCTIONS.ir,TV_FUNCTIONS,,0.0,,False,[],True
e131ff5604993cbb,_Converted_/Pronto/S/Samsung/UN22D5000.ir,UN22D5000,UN22D5000,0.45,inventory.model,False,[],True
333f040f8adbfd59,_Converted_/Pronto/S/Samsung/UN40D5500.ir,UN40D5500,UN40D5500,0.45,inventory.model,False,[],True
37a1d048f7aad4d6,_Converted_/Pronto/S/Samsung/UN46D6300.ir,UN46D6300,UN46D6300,0.45,inventory.model,False,[],True
05dd68815f2c94b3,_Converted_/Pronto/S/Samsung/UN46D6500.ir,UN46D6500,UN46D6500,0.45,inventory.model,False,[],True
4ff6a5785afbc3ac,_Converted_/Pronto/S/Samsung/UN46D7000.ir,UN46D7000,UN46D7000,0.45,inventory.model,False,[],True
87466f52669322fd,_Converted_/Pronto/S/Samsung/UN46D8000.ir,UN46D8000,UN46D8000,0.45,inventory.model,False,[],True
529d317a87b13075,_Converted_/Pronto/S/Samsung/UN55C7000.ir,UN55C7000,UN55C7000,0.45,inventory.model,False,[],True
0bfb9885a9c425d7,_Converted_/Pronto/S/Samsung/UN55D7000.ir,UN55D7000,UN55D7000,0.45,inventory.model,False,[],True
9c847d87eae255bc,_Converted_/Pronto/S/Samsung/UN55ES8000FXZA.ir,UN55ES8000FXZA,UN55ES8000FXZA,0.45,inventory.model,False,[],True
b57bd75ef8df120f,_Converted_/Pronto/S/Samsung/UN_Series.ir,UN_Series,,0.0,,False,[],True
4b94ce2def17277b,_Converted_/Pronto/S/Samsung/Universal_Discrete.ir,Universal_Discrete,,0.0,,False,[],True
cb968ef42ee7efc5,_Converted_/Pronto/S/Samsung/VCR_FUNCTIONS.ir,VCR_FUNCTIONS,,0.0,,False,[],True
6f96b4ff99799a56,_Converted_/Pronto/S/Samsung/VR-5710.ir,VR-5710,VR-5710,0.45,inventory.model,False,[],True
9b6e1ea6ff8e8fa7,_Converted_/Pronto/S/Samsung/VR8508.ir,VR8508,VR8508,0.45,inventory.model,False,[],True
c7d7c0d58ba37bdc,_Converted_/Pronto/S/Samsung/VS-3500.ir,VS-3500,VS-3500,0.45,inventory.model,False,[],True
3cae51d24cc23f84,_Converted_/Pronto/S/Sanyo/5600N.ir,5600N,5600N,0.45,inventory.model,False,[],True
64e1791c2dc708fc,_Converted_/Pronto/S/Sanyo/AVM-2052.ir,AVM-2052,AVM-2052,0.45,inventory.model,False,[],True
4e565e0a24d36c55,_Converted_/Pronto/S/Sanyo/DVD-7000.ir,DVD-7000,DVD-7000,0.45,inventory.model,False,[],True
51486acb59896588,_Converted_/Pronto/S/Sanyo/LCD_PROJ_(NO_TOUCHDISC).ir,LCD_PROJ_(NO_TOUCHDISC),,0.0,,False,[],True
baeee52be1d51f78,_Converted_/Pronto/S/Sanyo/PLC-750_LCD_PROJECTOR.ir,PLC-750_LCD_PROJECTOR,PLC-750_LCD_PROJECTOR,0.45,inventory.model,False,[],True
884a6ab7b5b7042b,_Converted_/Pronto/S/Sanyo/PLC-9000N.ir,PLC-9000N,PLC-9000N,0.45,inventory.model,False,[],True
696452491a288156,_Converted_/Pronto/S/Sanyo/PLC-XP07N.ir,PLC-XP07N,PLC-XP07N,0.45,inventory.model,False,[],True
fbc942532dde0aeb,_Converted_/Pronto/S/Sanyo/PLC-XT30.ir,PLC-XT30,PLC-XT30,0.45,inventory.model,False,[],True
0c4153044521236d,_Converted_/Pronto/S/Sanyo/PLC5500NA.ir,PLC5500NA,PLC5500NA,0.45,inventory.model,False,[],True
ec099f52c40ead13,_Converted_/Pronto/S/Sanyo/PLCSU20.ir,PLCSU20,PLCSU20,0.45,inventory.model,False,[],True
37d42c6195688a63,_Converted_/Pronto/S/Sanyo/PLCXF10NZ.ir,PLCXF10NZ,PLCXF10NZ,0.45,inventory.model,False,[],True
a4151d384f2d057a,_Converted_/Pronto/S/Sanyo/PLCXP10NA.ir,PLCXP10NA,PLCXP10NA,0.45,inventory.model,False,[],True
1b614c23e9a1834f,_Converted_/Pronto/S/Sanyo/PLV-Z2000.ir,PLV-Z2000,PLV-Z2000,0.45,inventory.model,False,[],True
0cdc5b53097dbf5b,_Converted_/Pronto/S/Scientific_Atlanta/3250HD.ir,3250HD,3250HD,0.45,inventory.model,False,[],True
58e963df7d1f3fe0,"_Converted_/Pronto/S/Scientific_Atlanta/8300HD_(DVR),_8540HD_(DVR).ir","8300HD_(DVR),_8540HD_(DVR)",,0.0,,False,[],True
cea341572bc4eeaf,_Converted_/Pronto/S/Scientific_Atlanta/8580338-05.ir,8580338-05,,0.0,,False,[],True
85af88aac9aa3f32,_Converted_/Pronto/S/Scientific_Atlanta/8610.ir,8610,,0.0,,False,[],True
a798fbb8e0da1a7f,_Converted_/Pronto/S/Scientific_Atlanta/CABLE_BOX.ir,CABLE_BOX,,0.0,,False,[],True
39ffd4e865647533,_Converted_/Pronto/S/Scientific_Atlanta/DCT4540_4200HD.ir,DCT4540_4200HD,DCT4540_4200HD,0.45,inventory.model,False,[],True
ff22520d95adebce,_Converted_/Pronto/S/Scientific_Atlanta/DIGITAL_MUSIC_EXPRESS.ir,DIGITAL_MUSIC_EXPRESS,,0.0,,False,[],True
b0e3af04449d4369,_Converted_/Pronto/S/Scientific_Atlanta/DIGITAL_MUSIC_EXPRESS_(CABLE).ir,DIGITAL_MUSIC_EXPRESS_(CABLE),,0.0,,False,[],True
29bb71f42c2dc91d,_Converted_/Pronto/S/Scientific_Atlanta/DIGITAL_MUSIC_EXPRESS_(DMX).ir,DIGITAL_MUSIC_EXPRESS_(DMX),,0.0,,False,[],True
d7a2ad8d78715e8d,_Converted_/Pronto/S/Scientific_Atlanta/EXPLORER_2000.ir,EXPLORER_2000,EXPLORER_2000,0.45,inventory.model,False,[],True
96b61bb2ff06144d,_Converted_/Pronto/S/Scientific_Atlanta/EXPLORER_3100HD.ir,EXPLORER_3100HD,EXPLORER_3100HD,0.45,inventory.model,False,[],True
bc219ffba7baed6b,_Converted_/Pronto/S/Scientific_Atlanta/EXPLORER_4200HD.ir,EXPLORER_4200HD,EXPLORER_4200HD,0.45,inventory.model,False,[],True
63d2f2821d855376,_Converted_/Pronto/S/Scientific_Atlanta/EXPLORER_CABLE_BOX.ir,EXPLORER_CABLE_BOX,,0.0,,False,[],True
d4c565dd2c36ab1c,_Converted_/Pronto/S/Scientific_Atlanta/Explorer_4240C.ir,Explorer_4240C,Explorer_4240C,0.45,inventory.model,False,[],True
2ec52841b1cfd10e,_Converted_/Pronto/S/Scientific_Atlanta/Explorer_4250HD.ir,Explorer_4250HD,Explorer_4250HD,0.45,inventory.model,False,[],True
d465f377616aaa22,_Converted_/Pronto/S/Scientific_Atlanta/Explorer_8300HD.ir,Explorer_8300HD,Explorer_8300HD,0.45,inventory.model,False,[],True
94fb81ae4b54086a,_Converted_/Pronto/S/Scientific_Atlanta/Explorer_8300HDC.ir,Explorer_8300HDC,Explorer_8300HDC,0.45,inventory.model,False,[],True
b36a1190afa795b3,_Converted_/Pronto/S/Scientific_Atlanta/No_model.ir,No_model,,0.0,,False,[],True
bdc9d2de0f451faa,_Converted_/Pronto/S/Sears/LX1.ir,LX1,LX1,0.45,inventory.model,False,[],True
ee0db48baafc9722,_Converted_/Pronto/S/Seleco/DATA_700.ir,DATA_700,DATA_700,0.45,inventory.model,False,[],True
d20533d34e530db2,_Converted_/Pronto/S/Seleco/SDG-900.ir,SDG-900,SDG-900,0.45,inventory.model,False,[],True
51d108ddaa082209,_Converted_/Pronto/S/Seleco/SIM_2_HT-300.ir,SIM_2_HT-300,SIM_2_HT-300,0.45,inventory.model,False,[],True
e314f1342a7ca1eb,_Converted_/Pronto/S/Seleco/SVP-400HT.ir,SVP-400HT,SVP-400HT,0.45,inventory.model,False,[],True
17be1ee8bd45b743,_Converted_/Pronto/S/Sharp/27L_0S180B.ir,27L_0S180B,27L_0S180B,0.45,inventory.model,False,[],True
9329b5d0bb00228e,_Converted_/Pronto/S/Sharp/64_LHP_5000_TV.ir,64_LHP_5000_TV,64_LHP_5000_TV,0.45,inventory.model,False,[],True
9066dcc537a1c9e4,_Converted_/Pronto/S/Sharp/AQUOS.ir,AQUOS,,0.0,,False,[],True
0ba94bffee58c890,_Converted_/Pronto/S/Sharp/AT-100.ir,AT-100,AT-100,0.45,inventory.model,False,[],True
c89690639e41ea7e,_Converted_/Pronto/S/Sharp/BD-HP20S.ir,BD-HP20S,BD-HP20S,0.45,inventory.model,False,[],True
3d8c2d4eded5fcf8,_Converted_/Pronto/S/Sharp/BD-HP20U.ir,BD-HP20U,BD-HP20U,0.45,inventory.model,False,[],True
4cb5e67adecf2dd0,_Converted_/Pronto/S/Sharp/BD-HP50U.ir,BD-HP50U,BD-HP50U,0.45,inventory.model,False,[],True
15351b9ffe502580,_Converted_/Pronto/S/Sharp/BD-HP70.ir,BD-HP70,BD-HP70,0.45,inventory.model,False,[],True
98552a7a5df7b7af,_Converted_/Pronto/S/Sharp/BD-HP75U.ir,BD-HP75U,BD-HP75U,0.45,inventory.model,False,[],True
e154e7b176cbd532,_Converted_/Pronto/S/Sharp/BD-P75U.ir,BD-P75U,BD-P75U,0.45,inventory.model,False,[],True
c241aa07feae1828,_Converted_/Pronto/S/Sharp/BDP-52.ir,BDP-52,BDP-52,0.45,inventory.model,False,[],True
c5e8aa3e53270790,_Converted_/Pronto/S/Sharp/DISCREET_CODES.ir,DISCREET_CODES,,0.0,,False,[],True
99d8c10fb39066cf,_Converted_/Pronto/S/Sharp/DV-550U.ir,DV-550U,DV-550U,0.45,inventory.model,False,[],True
312c911d7176cea0,_Converted_/Pronto/S/Sharp/DV-710.ir,DV-710,DV-710,0.45,inventory.model,False,[],True
1419e4ec0b820f9f,_Converted_/Pronto/S/Sharp/LC-20VM2.ir,LC-20VM2,LC-20VM2,0.45,inventory.model,False,[],True
f2249b8e63df0a7b,_Converted_/Pronto/S/Sharp/LC-30HV2U.ir,LC-30HV2U,LC-30HV2U,0.45,inventory.model,False,[],True
9754a855ddd78779,_Converted_/Pronto/S/Sharp/LC-30HV4U.ir,LC-30HV4U,LC-30HV4U,0.45,inventory.model,False,[],True
6399ed5233642fc2,_Converted_/Pronto/S/Sharp/LC-32D64U.ir,LC-32D64U,LC-32D64U,0.45,inventory.model,False,[],True
60614ecc42dc49db,_Converted_/Pronto/S/Sharp/LC-40LE700UN.ir,LC-40LE700UN,LC-40LE700UN,0.45,inventory.model,False,[],True
c133bf0441e6db09,_Converted_/Pronto/S/Sharp/LC-46D82U.ir,LC-46D82U,LC-46D82U,0.45,inventory.model,False,[],True
982aba153741b735,_Converted_/Pronto/S/Sharp/LC-52LE820UN.ir,LC-52LE820UN,LC-52LE820UN,0.45,inventory.model,False,[],True
068e2da69f3c1f92,_Converted_/Pronto/S/Sharp/LC-UN_series.ir,LC-UN_series,,0.0,,False,[],True
ee753e8b967c9206,_Converted_/Pronto/S/Sharp/LC70LE632U.ir,LC70LE632U,LC70LE632U,0.45,inventory.model,False,[],True
4896d7b952ebac22,_Converted_/Pronto/S/Sharp/LC70LE734U.ir,LC70LE734U,LC70LE734U,0.45,inventory.model,False,[],True
fb0eb940126abef2,_Converted_/Pronto/S/Sharp/LC80LE632U.ir,LC80LE632U,LC80LE632U,0.45,inventory.model,False,[],True
ade5e90ca97e9ade,_Converted_/Pronto/S/Sharp/LCD_PROJECTOR.ir,LCD_PROJECTOR,,0.0,,False,[],True
6d4a06b6544fc26f,_Converted_/Pronto/S/Sharp/LCD_PROJECTOR_XG1000.ir,LCD_PROJECTOR_XG1000,LCD_PROJECTOR_XG1000,0.45,inventory.model,False,[],True
7cf7cdad1fd087c9,_Converted_/Pronto/S/Sharp/PG-D100U.ir,PG-D100U,PG-D100U,0.45,inventory.model,False,[],True
5a81a07964fac11e,_Converted_/Pronto/S/Sharp/PG-F320W.ir,PG-F320W,PG-F320W,0.45,inventory.model,False,[],True
419fa998ce2e7030,_Converted_/Pronto/S/Sharp/SD-WH1000.ir,SD-WH1000,SD-WH1000,0.45,inventory.model,False,[],True
4f8c0486e92de2eb,_Converted_/Pronto/S/Sharp/SHARPDVD.ir,SHARPDVD,,0.0,,False,[],True
9bdfa203457f35e0,_Converted_/Pronto/S/Sharp/Sharp.ir,Sharp,,0.0,,False,[],True
bef70f9819596152,_Converted_/Pronto/S/Sharp/SharpTV.ir,SharpTV,,0.0,,False,[],True
e23337a2c6deed14,_Converted_/Pronto/S/Sharp/SharpTV_1.ir,SharpTV_1,SharpTV_1,0.45,inventory.model,False,[],True
49476badbebc30ea,_Converted_/Pronto/S/Sharp/SharpTV_2.ir,SharpTV_2,SharpTV_2,0.45,inventory.model,False,[],True
feb7ceaca4c42a4f,_Converted_/Pronto/S/Sharp/SharpTV_3.ir,SharpTV_3,SharpTV_3,0.45,inventory.model,False,[],True
ab13f7bce145cb4e,_Converted_/Pronto/S/Sharp/SharpTV_4.ir,SharpTV_4,SharpTV_4,0.45,inventory.model,False,[],True
00d21521e3a2c37f,_Converted_/Pronto/S/Sharp/SharpTV_5.ir,SharpTV_5,SharpTV_5,0.45,inventory.model,False,[],True
7dca4e8c2e5f791e,_Converted_/Pronto/S/Sharp/SharpTV_6.ir,SharpTV_6,SharpTV_6,0.45,inventory.model,False,[],True
f55fa98aecafe24f,_Converted_/Pronto/S/Sharp/SharpTV_7.ir,SharpTV_7,SharpTV_7,0.45,inventory.model,False,[],True
2d8651bd9e3aeccf,_Converted_/Pronto/S/Sharp/SharpTV_8.ir,SharpTV_8,SharpTV_8,0.45,inventory.model,False,[],True
74829c87d9199a8b,_Converted_/Pronto/S/Sharp/SharpTV_9.ir,SharpTV_9,SharpTV_9,0.45,inventory.model,False,[],True
063123e681913f43,_Converted_/Pronto/S/Sharp/Universal_LCD-Plasma.ir,Universal_LCD-Plasma,,0.0,,False,[],True
263657a13dc4f62a,_Converted_/Pronto/S/Sharp/VC-A588U.ir,VC-A588U,VC-A588U,0.45,inventory.model,False,[],True
90330ba3fd6fda86,_Converted_/Pronto/S/Sharp/VC-NX1.ir,VC-NX1,VC-NX1,0.45,inventory.model,False,[],True
f50d27e8cb055151,_Converted_/Pronto/S/Sharp/VCH-972.ir,VCH-972,VCH-972,0.45,inventory.model,False,[],True
33ea54ecdd86f997,_Converted_/Pronto/S/Sharp/VCR_PLUS+.ir,VCR_PLUS+,,0.0,,False,[],True
4d2c8569048f920f,_Converted_/Pronto/S/Sharp/VT-2118M_(ASIA).ir,VT-2118M_(ASIA),,0.0,,False,[],True
36fdb0283eabf911,_Converted_/Pronto/S/Sharp/XA-100-XA-305.ir,XA-100-XA-305,XA-100-XA-305,0.45,inventory.model,False,[],True
de05ed4e6634c971,_Converted_/Pronto/S/Sharp/XA-2500S.ir,XA-2500S,XA-2500S,0.45,inventory.model,False,[],True
fa0475d9bca73be0,_Converted_/Pronto/S/Sharp/XA-300.ir,XA-300,XA-300,0.45,inventory.model,False,[],True
4235b47e7bcfdc85,_Converted_/Pronto/S/Sharp/XA-405_XA-310.ir,XA-405_XA-310,XA-405_XA-310,0.45,inventory.model,False,[],True
93b06ff0cbf896b8,_Converted_/Pronto/S/Sharp/XA-510_VCR.ir,XA-510_VCR,XA-510_VCR,0.45,inventory.model,False,[],True
932c50af5daebfd1,_Converted_/Pronto/S/Sharp/XC-3600E.ir,XC-3600E,XC-3600E,0.45,inventory.model,False,[],True
decee52db428e22c,_Converted_/Pronto/S/Sharp/XG-C50X.ir,XG-C50X,XG-C50X,0.45,inventory.model,False,[],True
4c9d4c62f8555fe8,_Converted_/Pronto/S/Sharp/XG-E1100U.ir,XG-E1100U,XG-E1100U,0.45,inventory.model,False,[],True
11d1c59bac75bfd2,_Converted_/Pronto/S/Sharp/XG-E1200.ir,XG-E1200,XG-E1200,0.45,inventory.model,False,[],True
42a437bdca59da42,_Converted_/Pronto/S/Sharp/XG-E1200U.ir,XG-E1200U,XG-E1200U,0.45,inventory.model,False,[],True
1dd83a8a62bde086,_Converted_/Pronto/S/Sharp/XG-E1200U_LCD_PROJECTOR.ir,XG-E1200U_LCD_PROJECTOR,XG-E1200U_LCD_PROJECTOR,0.45,inventory.model,False,[],True
a2938c424894f06c,_Converted_/Pronto/S/Sharp/XG-E1200U_LCD_PROJECTOR_-_ADJ_MODE.ir,XG-E1200U_LCD_PROJECTOR_-_ADJ_MODE,XG-E1200U_LCD_PROJECTOR_-_ADJ_MODE,0.45,inventory.model,False,[],True
a05bd3f8b013a551,_Converted_/Pronto/S/Sharp/XG-E3000U.ir,XG-E3000U,XG-E3000U,0.45,inventory.model,False,[],True
d3841d43e4bbaf5e,_Converted_/Pronto/S/Sharp/XG-NV1U.ir,XG-NV1U,XG-NV1U,0.45,inventory.model,False,[],True
6f9948ea2c167f0a,_Converted_/Pronto/S/Sharp/XG-NV2U.ir,XG-NV2U,XG-NV2U,0.45,inventory.model,False,[],True
c9afd90f583743fb,_Converted_/Pronto/S/Sharp/XG-NV3XU_LCD_PROJECTOR_-_ADJ_MODE.ir,XG-NV3XU_LCD_PROJECTOR_-_ADJ_MODE,XG-NV3XU_LCD_PROJECTOR_-_ADJ_MODE,0.45,inventory.model,False,[],True
5521e28d9c4fba8b,_Converted_/Pronto/S/Sharp/XG-NV5XU.ir,XG-NV5XU,XG-NV5XU,0.45,inventory.model,False,[],True
e4caa5f45e6a1c3b,_Converted_/Pronto/S/Sharp/XG-P10XU.ir,XG-P10XU,XG-P10XU,0.45,inventory.model,False,[],True
d2218a6a5aeb369d,_Converted_/Pronto/S/Sharp/XG-V10WU.ir,XG-V10WU,XG-V10WU,0.45,inventory.model,False,[],True
4c783f3b484eecd1,_Converted_/Pronto/S/Sharp/XV-S96U.ir,XV-S96U,XV-S96U,0.45,inventory.model,False,[],True
fc2c515eb2fe059d,_Converted_/Pronto/S/Sharp/XV-Z17000.ir,XV-Z17000,XV-Z17000,0.45,inventory.model,False,[],True
6e89e4c8f3c8d508,_Converted_/Pronto/S/Sharp/XV-Z9000U.ir,XV-Z9000U,XV-Z9000U,0.45,inventory.model,False,[],True
9f5afc0ebdb14cf8,_Converted_/Pronto/S/Sharp/XVZW-99U.ir,XVZW-99U,XVZW-99U,0.45,inventory.model,False,[],True
53b3e877816d038f,_Converted_/Pronto/S/Sharp/Z-9000.ir,Z-9000,Z-9000,0.45,inventory.model,False,[],True
352e597eeb00db5b,_Converted_/Pronto/S/Sherbourn/IWA-1.ir,IWA-1,IWA-1,0.45,inventory.model,False,[],True
855eccac3856681e,_Converted_/Pronto/S/Sherbourn/T100RDS.ir,T100RDS,T100RDS,0.45,inventory.model,False,[],True
92d8dba6585b9db0,_Converted_/Pronto/S/Sherwood/R945.ir,R945,R945,0.45,inventory.model,False,[],True
c611d64d4c8c2ba7,_Converted_/Pronto/S/Sherwood/R945_1.ir,R945_1,R945_1,0.45,inventory.model,False,[],True
e3ce756516eb49cb,_Converted_/Pronto/S/Sherwood/REMOCON_UNIT.ir,REMOCON_UNIT,,0.0,,False,[],True
9c2371494c551aa8,_Converted_/Pronto/S/Sherwood/RM-CDC-31.ir,RM-CDC-31,RM-CDC-31,0.45,inventory.model,False,[],True
b61c693b6ddd9a4f,_Converted_/Pronto/S/Sherwood/V756.ir,V756,V756,0.45,inventory.model,False,[],True
e21bb3b17338c28b,_Converted_/Pronto/S/Shure/HTS-5300.ir,HTS-5300,HTS-5300,0.45,inventory.model,False,[],True
9d9524bb956af3ed,_Converted_/Pronto/S/Silent_Gliss/5575.ir,5575,,0.0,,False,[],True
2bddb8f6d7d0ad3a,_Converted_/Pronto/S/Sima/SVS4D.ir,SVS4D,SVS4D,0.45,inventory.model,False,[],True
ecd7ccd45e54eb97,_Converted_/Pronto/S/Sky/SKY.ir,SKY,,0.0,,False,[],True
c324a69938def81f,_Converted_/Pronto/S/Sky/SKY_SATELLITE_RECEIVER.ir,SATELLITE_RECEIVER,,0.0,,False,[],True
1dbc896c6b6f85f7,_Converted_/Pronto/S/Sky/UK_Sky+_HD.ir,UK_Sky+_HD,,0.0,,False,[],True
57e45e41cd425ceb,_Converted_/Pronto/S/Sole/SLTV15MS1K.ir,SLTV15MS1K,SLTV15MS1K,0.45,inventory.model,False,[],True
bf6010dca2b0de47,_Converted_/Pronto/S/Somfy/DRAPE_CONTROL.ir,DRAPE_CONTROL,,0.0,,False,[],True
09b20dd1be4b6e34,_Converted_/Pronto/S/Somfy/HORIZONTAL_MASKING.ir,HORIZONTAL_MASKING,,0.0,,False,[],True
6ed9db0fe731ca50,_Converted_/Pronto/S/Somfy/LT-30.ir,LT-30,LT-30,0.45,inventory.model,False,[],True
f950242521c2e5a8,_Converted_/Pronto/S/Somfy/SCREEN_CONTROL_(EVEN).ir,SCREEN_CONTROL_(EVEN),,0.0,,False,[],True
58550e64463a5b3a,_Converted_/Pronto/S/Somfy/SCREEN_CONTROL_(ODD).ir,SCREEN_CONTROL_(ODD),,0.0,,False,[],True
528d3be5fdd8859c,_Converted_/Pronto/S/Sonance/iPort.ir,iPort,,0.0,,False,[],True
50b64e9afe808cfc,_Converted_/Pronto/S/Sonic_Blue/REPLAY_4000.ir,REPLAY_4000,REPLAY_4000,0.45,inventory.model,False,[],True
9492c2435e2bcbdb,_Converted_/Pronto/S/Sonic_Blue/RTV-4160.ir,RTV-4160,RTV-4160,0.45,inventory.model,False,[],True
a0b51179b4686ee0,_Converted_/Pronto/S/Sony/100_DISC_CD_CDP-CX153.ir,100_DISC_CD_CDP-CX153,100_DISC_CD_CDP-CX153,0.45,inventory.model,False,[],True
06e39990f1946653,_Converted_/Pronto/S/Sony/1ST_5_SOURCE_SELECTIONS_ARE_2_COMMANDS_IN_A_ROW._A_THEN_B.ir,1ST_5_SOURCE_SELECTIONS_ARE_2_COMMANDS_IN_A_ROW._A_THEN_B,,0.0,,False,[],True
4bb36cdaa6630903,_Converted_/Pronto/S/Sony/200_DISC_CHANGER_-_CD_1.ir,200_DISC_CHANGER_-_CD_1,200_DISC_CHANGER_-_CD_1,0.45,inventory.model,False,[],True
cbc58ea7bbc45a6f,_Converted_/Pronto/S/Sony/200_DISC_CHANGER_-_CD_2.ir,200_DISC_CHANGER_-_CD_2,200_DISC_CHANGER_-_CD_2,0.45,inventory.model,False,[],True
b94455c4ebe1eeab,_Converted_/Pronto/S/Sony/200_DISC_CHANGER_-_CD_3.ir,200_DISC_CHANGER_-_CD_3,200_DISC_CHANGER_-_CD_3,0.45,inventory.model,False,[],True
a1bb1c353677a60a,_Converted_/Pronto/S/Sony/4K_Media_Player.ir,4K_Media_Player,4K_Media_Player,0.45,inventory.model,False,[],True
da68b0793499631b,_Converted_/Pronto/S/Sony/AUDIO(TC-WR99ES_ST-S550ES)-TV-VTR.ir,AUDIO(TC-WR99ES_ST-S550ES)-TV-VTR,,0.0,,False,[],True
2a1344c3c7a779c4,_Converted_/Pronto/S/Sony/AUDIO(TC-WR99ES_ST-S550ES)-TV-VTR_(WIRED_CTRL-S_CONTROL).ir,AUDIO(TC-WR99ES_ST-S550ES)-TV-VTR_(WIRED_CTRL-S_CONTROL),,0.0,,False,[],True
eb00b9f394994336,_Converted_/Pronto/S/Sony/BDP-CX7000ES.ir,BDP-CX7000ES,BDP-CX7000ES,0.45,inventory.model,False,[],True
db09e251637f7c0c,_Converted_/Pronto/S/Sony/BDP-S17000ES.ir,BDP-S17000ES,BDP-S17000ES,0.45,inventory.model,False,[],True
a56854fdad877b70,_Converted_/Pronto/S/Sony/BDP-S1700ES.ir,BDP-S1700ES,BDP-S1700ES,0.45,inventory.model,False,[],True
b0a3a00b0c5619ee,_Converted_/Pronto/S/Sony/BDP-S480.ir,BDP-S480,BDP-S480,0.45,inventory.model,False,[],True
47077c79ff5e32af,_Converted_/Pronto/S/Sony/BDP-S580.ir,BDP-S580,BDP-S580,0.45,inventory.model,False,[],True
9a968afaa1cc6891,_Converted_/Pronto/S/Sony/BDP-S780.ir,BDP-S780,BDP-S780,0.45,inventory.model,False,[],True
7e6ce338c8333aa6,_Converted_/Pronto/S/Sony/BDP-x_series.ir,BDP-x_series,,0.0,,False,[],True
981eff084eaa626e,_Converted_/Pronto/S/Sony/BDPS1.ir,BDPS1,BDPS1,0.45,inventory.model,False,[],True
eedcd9ebe6d3b57e,_Converted_/Pronto/S/Sony/BDP_Series.ir,BDP_Series,,0.0,,False,[],True
3a85fa8abd3acbf0,_Converted_/Pronto/S/Sony/BR-700.ir,BR-700,BR-700,0.45,inventory.model,False,[],True
da419320c77ffa29,_Converted_/Pronto/S/Sony/BVW-22.ir,BVW-22,BVW-22,0.45,inventory.model,False,[],True
50af8bce716ee851,_Converted_/Pronto/S/Sony/CD-LASER_DISC-TV.ir,CD-LASER_DISC-TV,,0.0,,False,[],True
51ae7e7b81e1b779,_Converted_/Pronto/S/Sony/CD-LASER_DISC-TV_1.ir,CD-LASER_DISC-TV_1,CD-LASER_DISC-TV_1,0.45,inventory.model,False,[],True
edb5ab7635333050,_Converted_/Pronto/S/Sony/CD-PCX100_100_DISC_CD_CHANGER.ir,CD-PCX100_100_DISC_CD_CHANGER,CD-PCX100_100_DISC_CD_CHANGER,0.45,inventory.model,False,[],True
089a2fb611b70c31,_Converted_/Pronto/S/Sony/CDP--55DX_50_DISC_(CD1).ir,CDP--55DX_50_DISC_(CD1),,0.0,,False,[],True
414a58037b293301,_Converted_/Pronto/S/Sony/CDP--55DX_50_DISC_(CD2).ir,CDP--55DX_50_DISC_(CD2),,0.0,,False,[],True
62bc2d170ae864bc,_Converted_/Pronto/S/Sony/CDP--55DX_50_DISC_(CD3).ir,CDP--55DX_50_DISC_(CD3),,0.0,,False,[],True
83dfe7ccd8898409,_Converted_/Pronto/S/Sony/CDP-C445.ir,CDP-C445,CDP-C445,0.45,inventory.model,False,[],True
414ae36a261d9d6a,_Converted_/Pronto/S/Sony/CDP-CA70ES.ir,CDP-CA70ES,CDP-CA70ES,0.45,inventory.model,False,[],True
1d552e4aeb4aadfe,_Converted_/Pronto/S/Sony/CDP-CA70ES_1.ir,CDP-CA70ES_1,CDP-CA70ES_1,0.45,inventory.model,False,[],True
531484414980dfa8,_Converted_/Pronto/S/Sony/CDP-CE545.ir,CDP-CE545,CDP-CE545,0.45,inventory.model,False,[],True
7d75faad8c02308d,_Converted_/Pronto/S/Sony/CDP-CE545_1.ir,CDP-CE545_1,CDP-CE545_1,0.45,inventory.model,False,[],True
4ac2215efa200740,_Converted_/Pronto/S/Sony/CDP-CX455.ir,CDP-CX455,CDP-CX455,0.45,inventory.model,False,[],True
f9b31407c0fb1b34,_Converted_/Pronto/S/Sony/CDP-CX850D.ir,CDP-CX850D,CDP-CX850D,0.45,inventory.model,False,[],True
151fbee73d1ecc9e,_Converted_/Pronto/S/Sony/CDP-CX90ES_200_DISC.ir,CDP-CX90ES_200_DISC,CDP-CX90ES_200_DISC,0.45,inventory.model,False,[],True
cb2dcff0723107b4,_Converted_/Pronto/S/Sony/CDP-CX90ES_200_DISC_CD_1.ir,CDP-CX90ES_200_DISC_CD_1,CDP-CX90ES_200_DISC_CD_1,0.45,inventory.model,False,[],True
d2d3a4407ac21c61,_Converted_/Pronto/S/Sony/CDP-CX90ES_200_DISC_CD_2.ir,CDP-CX90ES_200_DISC_CD_2,CDP-CX90ES_200_DISC_CD_2,0.45,inventory.model,False,[],True
0a163c9751ec132e,_Converted_/Pronto/S/Sony/CDP-CX90ES_2OO_DISC_CD_3.ir,CDP-CX90ES_2OO_DISC_CD_3,CDP-CX90ES_2OO_DISC_CD_3,0.45,inventory.model,False,[],True
8274994ba499b93a,_Converted_/Pronto/S/Sony/CDP-D85ES.ir,CDP-D85ES,CDP-D85ES,0.45,inventory.model,False,[],True
032a25f97d42a8c2,_Converted_/Pronto/S/Sony/CDP-XE500.ir,CDP-XE500,CDP-XE500,0.45,inventory.model,False,[],True
baedd82e7a5c521d,_Converted_/Pronto/S/Sony/CDPC601ES_-_CD_PLAYER.ir,CDPC601ES_-_CD_PLAYER,CDPC601ES_-_CD_PLAYER,0.45,inventory.model,False,[],True
696178d552ac90f0,_Converted_/Pronto/S/Sony/CDPCE315_MULTI_DISK_CD_PLAYER.ir,CDPCE315_MULTI_DISK_CD_PLAYER,CDPCE315_MULTI_DISK_CD_PLAYER,0.45,inventory.model,False,[],True
2a8d5469473d8104,_Converted_/Pronto/S/Sony/CDPCX400.ir,CDPCX400,CDPCX400,0.45,inventory.model,False,[],True
a5e60597e5a5c49e,_Converted_/Pronto/S/Sony/CDPCX400_1.ir,CDPCX400_1,CDPCX400_1,0.45,inventory.model,False,[],True
b01f56c71d333562,_Converted_/Pronto/S/Sony/CDPCX450.ir,CDPCX450,CDPCX450,0.45,inventory.model,False,[],True
35e4155d48c5ceae,_Converted_/Pronto/S/Sony/CD_CDV_LD_PLAYER.ir,CD_CDV_LD_PLAYER,,0.0,,False,[],True
cbd79609678dd320,_Converted_/Pronto/S/Sony/CD_PLAYER.ir,CD_PLAYER,,0.0,,False,[],True
b05577c363f9235e,_Converted_/Pronto/S/Sony/CD_PLAYER_1.ir,CD_PLAYER_1,CD_PLAYER_1,0.45,inventory.model,False,[],True
4113e797c63d0a1c,_Converted_/Pronto/S/Sony/CX-555ES.ir,CX-555ES,CX-555ES,0.45,inventory.model,False,[],True
06ab417aa23c3614,_Converted_/Pronto/S/Sony/DA-3100ES.ir,DA-3100ES,DA-3100ES,0.45,inventory.model,False,[],True
2c1119c1d9e7f824,_Converted_/Pronto/S/Sony/DA90ESG.ir,DA90ESG,DA90ESG,0.45,inventory.model,False,[],True
9b29c4317fdebd41,_Converted_/Pronto/S/Sony/DCR-TRV900.ir,DCR-TRV900,DCR-TRV900,0.45,inventory.model,False,[],True
3b1ec0c62b6760a3,_Converted_/Pronto/S/Sony/DHR-1000.ir,DHR-1000,DHR-1000,0.45,inventory.model,False,[],True
26f48086cdedb497,_Converted_/Pronto/S/Sony/DIGITAL_AUDIO_TAPE_DECK.ir,DIGITAL_AUDIO_TAPE_DECK,,0.0,,False,[],True
20a3f19f61a5a24f,_Converted_/Pronto/S/Sony/DIGITAL_VIDEO_PROCESSOR.ir,DIGITAL_VIDEO_PROCESSOR,,0.0,,False,[],True
51f000e8319f8b98,_Converted_/Pronto/S/Sony/DISCREET_CODES.ir,DISCREET_CODES,,0.0,,False,[],True
abffc67936c89820,_Converted_/Pronto/S/Sony/DLSM1.ir,DLSM1,DLSM1,0.45,inventory.model,False,[],True
2474fcdde0b827ce,_Converted_/Pronto/S/Sony/DSR-11.ir,DSR-11,DSR-11,0.45,inventory.model,False,[],True
674a9a5a8a8e6e22,_Converted_/Pronto/S/Sony/DSR-30.ir,DSR-30,DSR-30,0.45,inventory.model,False,[],True
13e250fc1a6fa4ef,_Converted_/Pronto/S/Sony/DSR-30_1.ir,DSR-30_1,DSR-30_1,0.45,inventory.model,False,[],True
90b9d9834cd05587,_Converted_/Pronto/S/Sony/DSS.ir,DSS,,0.0,,False,[],True
8a3c82da05bce84e,_Converted_/Pronto/S/Sony/DSS_(CTRL-S).ir,DSS_(CTRL-S),,0.0,,False,[],True
7368ace2a63eded1,_Converted_/Pronto/S/Sony/DSS_1.ir,DSS_1,DSS_1,0.45,inventory.model,False,[],True
3d193957562371e9,_Converted_/Pronto/S/Sony/DSS_2.ir,DSS_2,DSS_2,0.45,inventory.model,False,[],True
a85fc19a0c931035,_Converted_/Pronto/S/Sony/DST_-_RMR-TP1_ROOM_UNIT_(CONTROLLING_DM1000ES).ir,DST_-_RMR-TP1_ROOM_UNIT_(CONTROLLING_DM1000ES),,0.0,,False,[],True
b352cb7b463a2f54,_Converted_/Pronto/S/Sony/DST_-_RMR-TP1_ROOM_UNIT_(CONTROLLING_DM1000ES)_1.ir,DST_-_RMR-TP1_ROOM_UNIT_(CONTROLLING_DM1000ES)_1,,0.0,,False,[],True
03ef42a7f6179b33,_Converted_/Pronto/S/Sony/DVD-S57000.ir,DVD-S57000,DVD-S57000,0.45,inventory.model,False,[],True
540e28b76c4f7eb1,_Converted_/Pronto/S/Sony/DVDS-7OOO.ir,DVDS-7OOO,DVDS-7OOO,0.45,inventory.model,False,[],True
1c0a6115253bf905,_Converted_/Pronto/S/Sony/DVP-C560D.ir,DVP-C560D,DVP-C560D,0.45,inventory.model,False,[],True
8357966322f6a027,_Converted_/Pronto/S/Sony/DVP-C660.ir,DVP-C660,DVP-C660,0.45,inventory.model,False,[],True
61762922c065a5ae,_Converted_/Pronto/S/Sony/DVP-CX7000ES.ir,DVP-CX7000ES,DVP-CX7000ES,0.45,inventory.model,False,[],True
992d42cb840061b1,_Converted_/Pronto/S/Sony/DVP-CX870D.ir,DVP-CX870D,DVP-CX870D,0.45,inventory.model,False,[],True
4b5be492e6cd4aea,_Converted_/Pronto/S/Sony/DVP-F360.ir,DVP-F360,DVP-F360,0.45,inventory.model,False,[],True
594ce9d0d920280f,_Converted_/Pronto/S/Sony/DVP-NC665P.ir,DVP-NC665P,DVP-NC665P,0.45,inventory.model,False,[],True
b51bbd24600ed23a,_Converted_/Pronto/S/Sony/DVP-NS315.ir,DVP-NS315,DVP-NS315,0.45,inventory.model,False,[],True
5b8be5600de92b01,_Converted_/Pronto/S/Sony/DVP-S330D.ir,DVP-S330D,DVP-S330D,0.45,inventory.model,False,[],True
4598275aee55e93b,_Converted_/Pronto/S/Sony/DVP-S360.ir,DVP-S360,DVP-S360,0.45,inventory.model,False,[],True
fe13938a5430ee88,_Converted_/Pronto/S/Sony/DVP-S400D.ir,DVP-S400D,DVP-S400D,0.45,inventory.model,False,[],True
072615a3ec1e9241,_Converted_/Pronto/S/Sony/DVP-S500D.ir,DVP-S500D,DVP-S500D,0.45,inventory.model,False,[],True
32873df5ee6099d8,_Converted_/Pronto/S/Sony/DVP-S550D.ir,DVP-S550D,DVP-S550D,0.45,inventory.model,False,[],True
ae261972d8232619,_Converted_/Pronto/S/Sony/DVP-S560.ir,DVP-S560,DVP-S560,0.45,inventory.model,False,[],True
550fa9dea9afda32,_Converted_/Pronto/S/Sony/DVP-S7000_DVD_PLAYER.ir,DVP-S7000_DVD_PLAYER,DVP-S7000_DVD_PLAYER,0.45,inventory.model,False,[],True
5329b6fdc1221b8c,_Converted_/Pronto/S/Sony/DVP-S7700.ir,DVP-S7700,DVP-S7700,0.45,inventory.model,False,[],True
3ace3a55d33bd755,_Converted_/Pronto/S/Sony/DVPC-600D.ir,DVPC-600D,DVPC-600D,0.45,inventory.model,False,[],True
e18a5b2ebea8ef59,_Converted_/Pronto/S/Sony/EV-S1.ir,EV-S1,EV-S1,0.45,inventory.model,False,[],True
c16ee3f1e1aa5123,_Converted_/Pronto/S/Sony/EV-S3000.ir,EV-S3000,EV-S3000,0.45,inventory.model,False,[],True
bfd3a2e43583c0da,_Converted_/Pronto/S/Sony/EVC-200.ir,EVC-200,EVC-200,0.45,inventory.model,False,[],True
dc2522fc09e9a1c9,_Converted_/Pronto/S/Sony/EVI-D30_(CAMERA_1).ir,EVI-D30_(CAMERA_1),,0.0,,False,[],True
9c1220941c0f713b,_Converted_/Pronto/S/Sony/EVI-D30_(CAMERA_2).ir,EVI-D30_(CAMERA_2),,0.0,,False,[],True
5b53e1311c04fdf3,_Converted_/Pronto/S/Sony/EVI-D30_(CAMERA_3).ir,EVI-D30_(CAMERA_3),,0.0,,False,[],True
fbb7a9e52a55d961,_Converted_/Pronto/S/Sony/EVI-D30_CAMERA_2.ir,EVI-D30_CAMERA_2,EVI-D30_CAMERA_2,0.45,inventory.model,False,[],True
d48ef9a5a362af0b,_Converted_/Pronto/S/Sony/EVI-D30_CAMERA_3.ir,EVI-D30_CAMERA_3,EVI-D30_CAMERA_3,0.45,inventory.model,False,[],True
950e2545798f34b1,_Converted_/Pronto/S/Sony/EVO-9500_(HI-8).ir,EVO-9500_(HI-8),,0.0,,False,[],True
0d28ba0f12ff92c9,_Converted_/Pronto/S/Sony/EVS-2000_HI-8_(CONTROL_S)_(VTR1).ir,EVS-2000_HI-8_(CONTROL_S)_(VTR1),,0.0,,False,[],True
e7edeaaf99cd49b9,_Converted_/Pronto/S/Sony/EVS5000_VTR1.ir,EVS5000_VTR1,EVS5000_VTR1,0.45,inventory.model,False,[],True
611e73f197293e99,_Converted_/Pronto/S/Sony/EVS5000_VTR3.ir,EVS5000_VTR3,EVS5000_VTR3,0.45,inventory.model,False,[],True
30b2ffaa27652fa8,_Converted_/Pronto/S/Sony/EVS5000_VTR_2.ir,EVS5000_VTR_2,EVS5000_VTR_2,0.45,inventory.model,False,[],True
f3862737dc23b094,_Converted_/Pronto/S/Sony/HT-BD1250(BD_Control).ir,HT-BD1250(BD_Control),,0.0,,False,[],True
f0333dbc3df10363,_Converted_/Pronto/S/Sony/HT-BD1250(TV_Control).ir,HT-BD1250(TV_Control),,0.0,,False,[],True
8b2f2de1c1e7422b,_Converted_/Pronto/S/Sony/HVR-M15U.ir,HVR-M15U,HVR-M15U,0.45,inventory.model,False,[],True
cd9c68e78c8eef9c,_Converted_/Pronto/S/Sony/KDL-32BX320.ir,KDL-32BX320,KDL-32BX320,0.45,inventory.model,False,[],True
a2dcd1037f5ebe4e,_Converted_/Pronto/S/Sony/KDL-32BX420.ir,KDL-32BX420,KDL-32BX420,0.45,inventory.model,False,[],True
db97125b605bb796,_Converted_/Pronto/S/Sony/KDL-32EX523.ir,KDL-32EX523,KDL-32EX523,0.45,inventory.model,False,[],True
85e53305487c5872,_Converted_/Pronto/S/Sony/KDL-32EX720.ir,KDL-32EX720,KDL-32EX720,0.45,inventory.model,False,[],True
28ef45e072669c47,_Converted_/Pronto/S/Sony/KDL-32XBR6.ir,KDL-32XBR6,KDL-32XBR6,0.45,inventory.model,False,[],True
8d5215c532f5aafa,_Converted_/Pronto/S/Sony/KDL-40BX420.ir,KDL-40BX420,KDL-40BX420,0.45,inventory.model,False,[],True
fde67def37adccac,_Converted_/Pronto/S/Sony/KDL-40EX500.ir,KDL-40EX500,KDL-40EX500,0.45,inventory.model,False,[],True
f56abc6e5a481b5c,_Converted_/Pronto/S/Sony/KDL-40EX720.ir,KDL-40EX720,KDL-40EX720,0.45,inventory.model,False,[],True
ba62ade244133a0b,_Converted_/Pronto/S/Sony/KDL-40SL140.ir,KDL-40SL140,KDL-40SL140,0.45,inventory.model,False,[],True
0825a853444fa114,_Converted_/Pronto/S/Sony/KDL-40XBR4.ir,KDL-40XBR4,KDL-40XBR4,0.45,inventory.model,False,[],True
3227dc0c01d6a75c,_Converted_/Pronto/S/Sony/KDL-40XBR7.ir,KDL-40XBR7,KDL-40XBR7,0.45,inventory.model,False,[],True
02c7281a0cc4f1d2,_Converted_/Pronto/S/Sony/KDL-46EX500.ir,KDL-46EX500,KDL-46EX500,0.45,inventory.model,False,[],True
e204c9621897fb94,_Converted_/Pronto/S/Sony/KDL-46EX720.ir,KDL-46EX720,KDL-46EX720,0.45,inventory.model,False,[],True
1745dea31ec10290,_Converted_/Pronto/S/Sony/KDL-46HX729.ir,KDL-46HX729,KDL-46HX729,0.45,inventory.model,False,[],True
049f4a08a3e9590d,_Converted_/Pronto/S/Sony/KDL-46HX820.ir,KDL-46HX820,KDL-46HX820,0.45,inventory.model,False,[],True
7718f7063a0c8251,_Converted_/Pronto/S/Sony/KDL-46NX810.ir,KDL-46NX810,KDL-46NX810,0.45,inventory.model,False,[],True
8168d6aac56eb4ef,_Converted_/Pronto/S/Sony/KP-53V35.ir,KP-53V35,KP-53V35,0.45,inventory.model,False,[],True
12987fc7f3d8e209,_Converted_/Pronto/S/Sony/KP-53XBR200.ir,KP-53XBR200,KP-53XBR200,0.45,inventory.model,False,[],True
4741e76619bedcca,_Converted_/Pronto/S/Sony/KP-53XBR200_1.ir,KP-53XBR200_1,KP-53XBR200_1,0.45,inventory.model,False,[],True
be8dfcb25d6bb5f6,_Converted_/Pronto/S/Sony/KP-57HW40.ir,KP-57HW40,KP-57HW40,0.45,inventory.model,False,[],True
63648cc00cdc19ab,_Converted_/Pronto/S/Sony/KP-61XBR48.ir,KP-61XBR48,KP-61XBR48,0.45,inventory.model,False,[],True
7207368e3378b086,_Converted_/Pronto/S/Sony/KV-36FV1.ir,KV-36FV1,KV-36FV1,0.45,inventory.model,False,[],True
8be4d3780f2070b7,_Converted_/Pronto/S/Sony/KV-S45.ir,KV-S45,KV-S45,0.45,inventory.model,False,[],True
5c4bb732270217e3,_Converted_/Pronto/S/Sony/KV20VM30.ir,KV20VM30,KV20VM30,0.45,inventory.model,False,[],True
a175ec2ca20e5d50,_Converted_/Pronto/S/Sony/KV27-XBR.ir,KV27-XBR,KV27-XBR,0.45,inventory.model,False,[],True
c0305da7e13655cb,_Converted_/Pronto/S/Sony/KV27V20_TV.ir,KV27V20_TV,KV27V20_TV,0.45,inventory.model,False,[],True
e9aceeec672d4dab,_Converted_/Pronto/S/Sony/KV32TS36_-_TRINITRON.ir,KV32TS36_-_TRINITRON,KV32TS36_-_TRINITRON,0.45,inventory.model,False,[],True
533f61bc2729cf53,_Converted_/Pronto/S/Sony/KV40XBR.ir,KV40XBR,KV40XBR,0.45,inventory.model,False,[],True
c32beba035da0541,_Converted_/Pronto/S/Sony/KW-34HD1(DTV_TUNER).ir,KW-34HD1(DTV_TUNER),,0.0,,False,[],True
601f623642165821,_Converted_/Pronto/S/Sony/KW-34HD1(NTSC_TUNER).ir,KW-34HD1(NTSC_TUNER),,0.0,,False,[],True
ac12f951c6ec3787,_Converted_/Pronto/S/Sony/MDP-455.ir,MDP-455,MDP-455,0.45,inventory.model,False,[],True
6cf5f19683188d65,_Converted_/Pronto/S/Sony/MDP-650_LASER_DISC.ir,MDP-650_LASER_DISC,MDP-650_LASER_DISC,0.45,inventory.model,False,[],True
fe04ddc4aeb14f66,_Converted_/Pronto/S/Sony/MDP-650_LASER_DISC_(CTRL-S).ir,MDP-650_LASER_DISC_(CTRL-S),,0.0,,False,[],True
5f65d4e803cf1259,_Converted_/Pronto/S/Sony/MDP-800_LD_PLAYER_(CONTROL_S).ir,MDP-800_LD_PLAYER_(CONTROL_S),,0.0,,False,[],True
f830f8d3853d3071,_Converted_/Pronto/S/Sony/MDP-K5_KARAOKE.ir,MDP-K5_KARAOKE,MDP-K5_KARAOKE,0.45,inventory.model,False,[],True
008f27475b73a6b3,_Converted_/Pronto/S/Sony/MDS-302.ir,MDS-302,MDS-302,0.45,inventory.model,False,[],True
72132fe7b482399d,_Converted_/Pronto/S/Sony/MDS-501.ir,MDS-501,MDS-501,0.45,inventory.model,False,[],True
5ed723fe733f0d46,_Converted_/Pronto/S/Sony/MHC-405_MINI_STEREO.ir,MHC-405_MINI_STEREO,MHC-405_MINI_STEREO,0.45,inventory.model,False,[],True
b897d417a022096b,_Converted_/Pronto/S/Sony/N-A.ir,N-A,,0.0,,False,[],True
dd044126d62fcc41,_Converted_/Pronto/S/Sony/NSP-100.ir,NSP-100,NSP-100,0.45,inventory.model,False,[],True
c07ae4eddf1a37b6,_Converted_/Pronto/S/Sony/PC1271.ir,PC1271,PC1271,0.45,inventory.model,False,[],True
fce59c8fd58637cb,_Converted_/Pronto/S/Sony/PCS-6000.ir,PCS-6000,PCS-6000,0.45,inventory.model,False,[],True
7a3892585f3fec10,_Converted_/Pronto/S/Sony/PFM-42B2.ir,PFM-42B2,PFM-42B2,0.45,inventory.model,False,[],True
11ba872198bc5b5c,_Converted_/Pronto/S/Sony/PSM500A1WU.ir,PSM500A1WU,PSM500A1WU,0.45,inventory.model,False,[],True
7ea6a42001a87330,_Converted_/Pronto/S/Sony/PVM-2950Q.ir,PVM-2950Q,PVM-2950Q,0.45,inventory.model,False,[],True
dab732b80473a0dd,_Converted_/Pronto/S/Sony/PVM-4300.ir,PVM-4300,PVM-4300,0.45,inventory.model,False,[],True
fbe1b2a04ba4e900,_Converted_/Pronto/S/Sony/PfM-W500A.ir,PfM-W500A,PfM-W500A,0.45,inventory.model,False,[],True
98f6d19873aff6d1,_Converted_/Pronto/S/Sony/Playstation_3.ir,Playstation_3,Playstation_3,0.45,inventory.model,False,[],True
bad4bda5ea3f0ddd,_Converted_/Pronto/S/Sony/RDR-DX560.ir,RDR-DX560,RDR-DX560,0.45,inventory.model,False,[],True
8a143260926648cc,_Converted_/Pronto/S/Sony/RDR-GX380.ir,RDR-GX380,RDR-GX380,0.45,inventory.model,False,[],True
69851ab7f4400f7c,_Converted_/Pronto/S/Sony/RDR-GX7.ir,RDR-GX7,RDR-GX7,0.45,inventory.model,False,[],True
f962eef0f83bcbca,_Converted_/Pronto/S/Sony/RDR-VX530.ir,RDR-VX530,RDR-VX530,0.45,inventory.model,False,[],True
4d7fda420c5f2a9d,_Converted_/Pronto/S/Sony/RECEIVER.ir,RECEIVER,,0.0,,False,[],True
8c53722df36eb7c9,_Converted_/Pronto/S/Sony/REMOTE_COMMANDER_-_CASSETTE_MODE.ir,REMOTE_COMMANDER_-_CASSETTE_MODE,,0.0,,False,[],True
7de4ab6d0e879af5,_Converted_/Pronto/S/Sony/RM-SC100.ir,RM-SC100,RM-SC100,0.45,inventory.model,False,[],True
d401f4ef32ba25de,_Converted_/Pronto/S/Sony/RM9284.ir,RM9284,RM9284,0.45,inventory.model,False,[],True
c255e4a3b5bb5d2b,_Converted_/Pronto/S/Sony/RMT-3000.ir,RMT-3000,RMT-3000,0.45,inventory.model,False,[],True
1b467a61dce80d14,_Converted_/Pronto/S/Sony/RVP-4010.ir,RVP-4010,RVP-4010,0.45,inventory.model,False,[],True
8020f83a5250287c,_Converted_/Pronto/S/Sony/RVP-4010_(CONTROL-S).ir,RVP-4010_(CONTROL-S),,0.0,,False,[],True
ad04242706ef6320,_Converted_/Pronto/S/Sony/RW-33.ir,RW-33,RW-33,0.45,inventory.model,False,[],True
c4ea574f4686fa3b,_Converted_/Pronto/S/Sony/SAT-A3_-_DSS_SELECTED.ir,SAT-A3_-_DSS_SELECTED,SAT-A3_-_DSS_SELECTED,0.45,inventory.model,False,[],True
f32bbd4e9c856407,_Converted_/Pronto/S/Sony/SAT-A50.ir,SAT-A50,SAT-A50,0.45,inventory.model,False,[],True
bd26cb9f06468683,_Converted_/Pronto/S/Sony/SAT-A61.ir,SAT-A61,SAT-A61,0.45,inventory.model,False,[],True
494504465afc5932,_Converted_/Pronto/S/Sony/SAT-B1.ir,SAT-B1,SAT-B1,0.45,inventory.model,False,[],True
4213fbe92083fbf2,_Converted_/Pronto/S/Sony/SAT-B55.ir,SAT-B55,SAT-B55,0.45,inventory.model,False,[],True
232eb538167e338e,_Converted_/Pronto/S/Sony/SAT-HD-100.ir,SAT-HD-100,SAT-HD-100,0.45,inventory.model,False,[],True
ea79db6c7513d14b,_Converted_/Pronto/S/Sony/SAT-T60.ir,SAT-T60,SAT-T60,0.45,inventory.model,False,[],True
b176d67f82136cab,_Converted_/Pronto/S/Sony/SATB3_-_DSS.ir,SATB3_-_DSS,SATB3_-_DSS,0.45,inventory.model,False,[],True
33e3a560eae63e32,_Converted_/Pronto/S/Sony/SAT_B55.ir,SAT_B55,SAT_B55,0.45,inventory.model,False,[],True
c22867af6e0bd5ab,_Converted_/Pronto/S/Sony/SCD-CE775.ir,SCD-CE775,SCD-CE775,0.45,inventory.model,False,[],True
47cf3f83bf934d68,_Converted_/Pronto/S/Sony/SCD-CE775_1.ir,SCD-CE775_1,SCD-CE775_1,0.45,inventory.model,False,[],True
91901053c1170044,_Converted_/Pronto/S/Sony/SDPEP9ES.ir,SDPEP9ES,SDPEP9ES,0.45,inventory.model,False,[],True
524ab079fcdc2b10,_Converted_/Pronto/S/Sony/SLV-100.ir,SLV-100,SLV-100,0.45,inventory.model,False,[],True
4d083c7e185f51eb,_Converted_/Pronto/S/Sony/SLV-1000.ir,SLV-1000,SLV-1000,0.45,inventory.model,False,[],True
1dacea206cb408be,_Converted_/Pronto/S/Sony/SLV-595.ir,SLV-595,SLV-595,0.45,inventory.model,False,[],True
3ad2025d78662c7c,_Converted_/Pronto/S/Sony/SLV-620HF.ir,SLV-620HF,SLV-620HF,0.45,inventory.model,False,[],True
5d93625f6cf2db41,_Converted_/Pronto/S/Sony/SLV-640HF.ir,SLV-640HF,SLV-640HF,0.45,inventory.model,False,[],True
1ec53ad4d30bd1a2,_Converted_/Pronto/S/Sony/SLV-705_ETC.ir,SLV-705_ETC,SLV-705_ETC,0.45,inventory.model,False,[],True
b4368141d5c48c66,_Converted_/Pronto/S/Sony/SLV-790HF(PLS).ir,SLV-790HF(PLS),,0.0,,False,[],True
c960f17cb9788cca,_Converted_/Pronto/S/Sony/SLV-795HF.ir,SLV-795HF,SLV-795HF,0.45,inventory.model,False,[],True
76ce65687feb7bbd,_Converted_/Pronto/S/Sony/SLV-795HF_1.ir,SLV-795HF_1,SLV-795HF_1,0.45,inventory.model,False,[],True
3c593e5f7912a6fa,_Converted_/Pronto/S/Sony/SLV-799HF.ir,SLV-799HF,SLV-799HF,0.45,inventory.model,False,[],True
ae87041801303364,_Converted_/Pronto/S/Sony/SLV-799HF_1.ir,SLV-799HF_1,SLV-799HF_1,0.45,inventory.model,False,[],True
7efe85d4ebdb9506,_Converted_/Pronto/S/Sony/SLV-BL100.ir,SLV-BL100,SLV-BL100,0.45,inventory.model,False,[],True
195e2603d174ce62,_Converted_/Pronto/S/Sony/SLV-D500P.ir,SLV-D500P,SLV-D500P,0.45,inventory.model,False,[],True
56ae1f8d027992b5,_Converted_/Pronto/S/Sony/SLV-D500P_1.ir,SLV-D500P_1,SLV-D500P_1,0.45,inventory.model,False,[],True
6685c88b915e7995,_Converted_/Pronto/S/Sony/SLV-ED60.ir,SLV-ED60,SLV-ED60,0.45,inventory.model,False,[],True
7ce9578e498d6f3f,_Converted_/Pronto/S/Sony/SLV-N500.ir,SLV-N500,SLV-N500,0.45,inventory.model,False,[],True
1e175b72f6dd8cef,_Converted_/Pronto/S/Sony/SLV-N55.ir,SLV-N55,SLV-N55,0.45,inventory.model,False,[],True
51326926e38092d5,_Converted_/Pronto/S/Sony/SLV-N70.ir,SLV-N70,SLV-N70,0.45,inventory.model,False,[],True
349dff1ade6924c4,_Converted_/Pronto/S/Sony/SLV-N88.ir,SLV-N88,SLV-N88,0.45,inventory.model,False,[],True
853bd5d9da801e39,_Converted_/Pronto/S/Sony/SLV-N900.ir,SLV-N900,SLV-N900,0.45,inventory.model,False,[],True
b6fcc15bd7d8fdd6,_Converted_/Pronto/S/Sony/SLV-NS1.ir,SLV-NS1,SLV-NS1,0.45,inventory.model,False,[],True
a5a82c1b23b117e1,_Converted_/Pronto/S/Sony/SLV-NV60.ir,SLV-NV60,SLV-NV60,0.45,inventory.model,False,[],True
edfed93af342cc34,_Converted_/Pronto/S/Sony/SLV-R5UC.ir,SLV-R5UC,SLV-R5UC,0.45,inventory.model,False,[],True
b74b711e4bb0bd53,_Converted_/Pronto/S/Sony/SLV700HF.ir,SLV700HF,SLV700HF,0.45,inventory.model,False,[],True
8b4253cf6d49956a,_Converted_/Pronto/S/Sony/SLV908HF.ir,SLV908HF,SLV908HF,0.45,inventory.model,False,[],True
f6c57d5cce387171,_Converted_/Pronto/S/Sony/SLVD-300P.ir,SLVD-300P,SLVD-300P,0.45,inventory.model,False,[],True
4f8d88b2c00d1050,_Converted_/Pronto/S/Sony/SLVM20HF.ir,SLVM20HF,SLVM20HF,0.45,inventory.model,False,[],True
8f46c7de3bebf8cc,_Converted_/Pronto/S/Sony/SLVR-1000.ir,SLVR-1000,SLVR-1000,0.45,inventory.model,False,[],True
ded0c98dcc03d96d,_Converted_/Pronto/S/Sony/SMP-N200.ir,SMP-N200,SMP-N200,0.45,inventory.model,False,[],True
50ab51b009064f23,_Converted_/Pronto/S/Sony/SONY_DSS_PLUS_TV_COMMANDS.ir,DSS_PLUS_TV_COMMANDS,,0.0,,False,[],True
639f5a8b8ecb6138,_Converted_/Pronto/S/Sony/ST-72TV_TTV-8U_REDO.ir,ST-72TV_TTV-8U_REDO,ST-72TV_TTV-8U_REDO,0.45,inventory.model,False,[],True
7894e9ac5e4e36cb,_Converted_/Pronto/S/Sony/ST-92TV_(CONTROL-S).ir,ST-92TV_(CONTROL-S),,0.0,,False,[],True
960f94e4a6a9042b,_Converted_/Pronto/S/Sony/STR-3070.ir,STR-3070,STR-3070,0.45,inventory.model,False,[],True
7bd63c681fd6bdf0,_Converted_/Pronto/S/Sony/STR-BE695.ir,STR-BE695,STR-BE695,0.45,inventory.model,False,[],True
83aa3e9ace8850bc,_Converted_/Pronto/S/Sony/STR-DA1800ES.ir,STR-DA1800ES,STR-DA1800ES,0.45,inventory.model,False,[],True
edb0a902994e2cc3,_Converted_/Pronto/S/Sony/STR-DA4600ES.ir,STR-DA4600ES,STR-DA4600ES,0.45,inventory.model,False,[],True
2eeef8121612173f,_Converted_/Pronto/S/Sony/STR-DA5300ES.ir,STR-DA5300ES,STR-DA5300ES,0.45,inventory.model,False,[],True
05379cc43900849b,_Converted_/Pronto/S/Sony/STR-DA5700ES.ir,STR-DA5700ES,STR-DA5700ES,0.45,inventory.model,False,[],True
f3dc00f283c53b4a,_Converted_/Pronto/S/Sony/STR-DA5ES.ir,STR-DA5ES,STR-DA5ES,0.45,inventory.model,False,[],True
686543b437f1b300,_Converted_/Pronto/S/Sony/STR-DA5ES_1.ir,STR-DA5ES_1,STR-DA5ES_1,0.45,inventory.model,False,[],True
d0e32c32ea988172,_Converted_/Pronto/S/Sony/STR-DA5ES_2.ir,STR-DA5ES_2,STR-DA5ES_2,0.45,inventory.model,False,[],True
fbc9c0366664112e,_Converted_/Pronto/S/Sony/STR-DA5ES_3.ir,STR-DA5ES_3,STR-DA5ES_3,0.45,inventory.model,False,[],True
c71e4b396ca72fbb,_Converted_/Pronto/S/Sony/STR-DA5ES_4.ir,STR-DA5ES_4,STR-DA5ES_4,0.45,inventory.model,False,[],True
4494460f8d198c7f,_Converted_/Pronto/S/Sony/STR-DA90ESG.ir,STR-DA90ESG,STR-DA90ESG,0.45,inventory.model,False,[],True
a290050eba7cdac8,_Converted_/Pronto/S/Sony/STR-DAx400ES.ir,STR-DAx400ES,STR-DAx400ES,0.45,inventory.model,False,[],True
4fc50ef7d4977a40,_Converted_/Pronto/S/Sony/STR-DE505_(RECEIVER_AND_TUNER_ONLY).ir,STR-DE505_(RECEIVER_AND_TUNER_ONLY),,0.0,,False,[],True
ebb0defb5311e27a,_Converted_/Pronto/S/Sony/STR-DE525.ir,STR-DE525,STR-DE525,0.45,inventory.model,False,[],True
b5e0ace232f0b244,_Converted_/Pronto/S/Sony/STR-DE598.ir,STR-DE598,STR-DE598,0.45,inventory.model,False,[],True
53c10260fba32cc4,_Converted_/Pronto/S/Sony/STR-DE805G.ir,STR-DE805G,STR-DE805G,0.45,inventory.model,False,[],True
731d91745503d67a,_Converted_/Pronto/S/Sony/STR-DE915.ir,STR-DE915,STR-DE915,0.45,inventory.model,False,[],True
b06bf848f0231c4f,_Converted_/Pronto/S/Sony/STR-DE925.ir,STR-DE925,STR-DE925,0.45,inventory.model,False,[],True
dba2e0309efd033b,_Converted_/Pronto/S/Sony/STR-DE925_1.ir,STR-DE925_1,STR-DE925_1,0.45,inventory.model,False,[],True
c18693916388310f,_Converted_/Pronto/S/Sony/STR-DE935.ir,STR-DE935,STR-DE935,0.45,inventory.model,False,[],True
9fcb72f10b8406c3,_Converted_/Pronto/S/Sony/STR-DE945.ir,STR-DE945,STR-DE945,0.45,inventory.model,False,[],True
9c454e3f77b85375,_Converted_/Pronto/S/Sony/STR-DE945_1.ir,STR-DE945_1,STR-DE945_1,0.45,inventory.model,False,[],True
cd4a723195f1c977,_Converted_/Pronto/S/Sony/STR-DE985.ir,STR-DE985,STR-DE985,0.45,inventory.model,False,[],True
e101db86c1edd388,_Converted_/Pronto/S/Sony/STR-DH520.ir,STR-DH520,STR-DH520,0.45,inventory.model,False,[],True
bdb7719bc7e2ceb7,_Converted_/Pronto/S/Sony/STR-DH720.ir,STR-DH720,STR-DH720,0.45,inventory.model,False,[],True
0f21f476848b49f0,_Converted_/Pronto/S/Sony/STR-DH820.ir,STR-DH820,STR-DH820,0.45,inventory.model,False,[],True
7dc089468e2d1398,_Converted_/Pronto/S/Sony/STR-DH_Series.ir,STR-DH_Series,,0.0,,False,[],True
71a5c05be4cea276,_Converted_/Pronto/S/Sony/STR-DN1020.ir,STR-DN1020,STR-DN1020,0.45,inventory.model,False,[],True
c25990b1cb9addb1,_Converted_/Pronto/S/Sony/STR-GA8ES_-_CD_FNX.ir,STR-GA8ES_-_CD_FNX,STR-GA8ES_-_CD_FNX,0.45,inventory.model,False,[],True
32bdf688b65742c4,_Converted_/Pronto/S/Sony/STR-GA8ES_DATA_FNX.ir,STR-GA8ES_DATA_FNX,STR-GA8ES_DATA_FNX,0.45,inventory.model,False,[],True
54a9ba99972f30a0,_Converted_/Pronto/S/Sony/STR-GA8ES_RECEIVER_FNX.ir,STR-GA8ES_RECEIVER_FNX,STR-GA8ES_RECEIVER_FNX,0.45,inventory.model,False,[],True
3a4d9d55edc5d2ff,_Converted_/Pronto/S/Sony/STR-GA8ES_TAPE_FNX.ir,STR-GA8ES_TAPE_FNX,STR-GA8ES_TAPE_FNX,0.45,inventory.model,False,[],True
daf3d02ed60b84d8,_Converted_/Pronto/S/Sony/STR-GA8ES_TUNER_FNX.ir,STR-GA8ES_TUNER_FNX,STR-GA8ES_TUNER_FNX,0.45,inventory.model,False,[],True
ae552db13264b43b,_Converted_/Pronto/S/Sony/STR-GX909ES.ir,STR-GX909ES,STR-GX909ES,0.45,inventory.model,False,[],True
ae8335f600f120e7,_Converted_/Pronto/S/Sony/STR-V444ES.ir,STR-V444ES,STR-V444ES,0.45,inventory.model,False,[],True
85f866073af0c8bb,_Converted_/Pronto/S/Sony/STR.ir,STR,,0.0,,False,[],True
e33c793c1e0625ca,_Converted_/Pronto/S/Sony/STRAV-720.ir,STRAV-720,STRAV-720,0.45,inventory.model,False,[],True
e0ff35daaf9f2361,_Converted_/Pronto/S/Sony/STRDE-50-30ES.ir,STRDE-50-30ES,STRDE-50-30ES,0.45,inventory.model,False,[],True
92f4b43d681498d9,_Converted_/Pronto/S/Sony/STRGX7ES_(TUNER_VTR_CD).ir,STRGX7ES_(TUNER_VTR_CD),,0.0,,False,[],True
da4be32c3593a36b,_Converted_/Pronto/S/Sony/STRGX99_AUDIO-TV-VTR-LDP.ir,STRGX99_AUDIO-TV-VTR-LDP,STRGX99_AUDIO-TV-VTR-LDP,0.45,inventory.model,False,[],True
c384acfaee04af48,_Converted_/Pronto/S/Sony/STS-200E.ir,STS-200E,STS-200E,0.45,inventory.model,False,[],True
88f6b2dc737a97f4,_Converted_/Pronto/S/Sony/SV778.ir,SV778,SV778,0.45,inventory.model,False,[],True
a499da69019e2215,_Converted_/Pronto/S/Sony/SVO-1500.ir,SVO-1500,SVO-1500,0.45,inventory.model,False,[],True
424b0d04ae34bb37,_Converted_/Pronto/S/Sony/SVO-1620.ir,SVO-1620,SVO-1620,0.45,inventory.model,False,[],True
c19b58c5b46c9d6d,_Converted_/Pronto/S/Sony/SVO-1620_1.ir,SVO-1620_1,SVO-1620_1,0.45,inventory.model,False,[],True
147d355cab5bd940,_Converted_/Pronto/S/Sony/SVO-1630.ir,SVO-1630,SVO-1630,0.45,inventory.model,False,[],True
2d21bba81865568a,_Converted_/Pronto/S/Sony/SVO-1630_1.ir,SVO-1630_1,SVO-1630_1,0.45,inventory.model,False,[],True
41e29daa55d0952d,_Converted_/Pronto/S/Sony/SVO-8MM.ir,SVO-8MM,SVO-8MM,0.45,inventory.model,False,[],True
c046ab7a6f726653,_Converted_/Pronto/S/Sony/SVO_&_SVP_SERIES_(VTR-3).ir,SVO_&_SVP_SERIES_(VTR-3),,0.0,,False,[],True
e54a94b236767b12,_Converted_/Pronto/S/Sony/SWK-8630_WEBTV.ir,SWK-8630_WEBTV,SWK-8630_WEBTV,0.45,inventory.model,False,[],True
7a6ae99d7dae4534,_Converted_/Pronto/S/Sony/SonyDVD.ir,SonyDVD,,0.0,,False,[],True
4b0945bccd524dc8,_Converted_/Pronto/S/Sony/SonyDVD_1.ir,SonyDVD_1,SonyDVD_1,0.45,inventory.model,False,[],True
919943cc80a8e3ea,_Converted_/Pronto/S/Sony/SonyDVD_10.ir,SonyDVD_10,SonyDVD_10,0.45,inventory.model,False,[],True
11179d0b1b9e32f7,_Converted_/Pronto/S/Sony/SonyDVD_2.ir,SonyDVD_2,SonyDVD_2,0.45,inventory.model,False,[],True
26c62f02344cdac9,_Converted_/Pronto/S/Sony/SonyDVD_3.ir,SonyDVD_3,SonyDVD_3,0.45,inventory.model,False,[],True
591ba3df1612189f,_Converted_/Pronto/S/Sony/SonyDVD_4.ir,SonyDVD_4,SonyDVD_4,0.45,inventory.model,False,[],True
a251d3ff5a1ba212,_Converted_/Pronto/S/Sony/SonyDVD_5.ir,SonyDVD_5,SonyDVD_5,0.45,inventory.model,False,[],True
cb1b4769911137c1,_Converted_/Pronto/S/Sony/SonyDVD_6.ir,SonyDVD_6,SonyDVD_6,0.45,inventory.model,False,[],True
a0fc549cb0ad758e,_Converted_/Pronto/S/Sony/SonyDVD_7.ir,SonyDVD_7,SonyDVD_7,0.45,inventory.model,False,[],True
20e7307c12ee71ce,_Converted_/Pronto/S/Sony/SonyDVD_8.ir,SonyDVD_8,SonyDVD_8,0.45,inventory.model,False,[],True
f77207edf4e62a21,_Converted_/Pronto/S/Sony/SonyDVD_9.ir,SonyDVD_9,SonyDVD_9,0.45,inventory.model,False,[],True
cda76a35d50f9352,_Converted_/Pronto/S/Sony/SonyTV.ir,SonyTV,,0.0,,False,[],True
a5c6a8f415e372e1,_Converted_/Pronto/S/Sony/SonyTV_1.ir,SonyTV_1,SonyTV_1,0.45,inventory.model,False,[],True
06be3f8bd5c0983d,_Converted_/Pronto/S/Sony/SonyTV_2.ir,SonyTV_2,SonyTV_2,0.45,inventory.model,False,[],True
a0c2e8713bed929e,_Converted_/Pronto/S/Sony/SonyTV_3.ir,SonyTV_3,SonyTV_3,0.45,inventory.model,False,[],True
dbb098a8fb7a7a35,_Converted_/Pronto/S/Sony/SonyTV_4.ir,SonyTV_4,SonyTV_4,0.45,inventory.model,False,[],True
0695a4571931fdb4,_Converted_/Pronto/S/Sony/SonyTV_5.ir,SonyTV_5,SonyTV_5,0.45,inventory.model,False,[],True
ff3e733b2e73081d,_Converted_/Pronto/S/Sony/SonyTV_6.ir,SonyTV_6,SonyTV_6,0.45,inventory.model,False,[],True
15db24b3ed6f01b2,_Converted_/Pronto/S/Sony/SonyTV_7.ir,SonyTV_7,SonyTV_7,0.45,inventory.model,False,[],True
0d14e6feb19f449b,_Converted_/Pronto/S/Sony/SonyTV_8.ir,SonyTV_8,SonyTV_8,0.45,inventory.model,False,[],True
23f733e5d1a8a294,_Converted_/Pronto/S/Sony/Sony_RDR-VX515.ir,RDR-VX515,RDR-VX515,0.45,inventory.model,True,"[""Sony_RDR-VX515""]",True
d0883f55afaa0095,_Converted_/Pronto/S/Sony/Sony_TV.ir,TV,,0.0,,False,[],True
ee7a5c6c545ac5a9,_Converted_/Pronto/S/Sony/TA-AV570.ir,TA-AV570,TA-AV570,0.45,inventory.model,False,[],True
ca080ead0e766aa9,_Converted_/Pronto/S/Sony/TA-E2000ES.ir,TA-E2000ES,TA-E2000ES,0.45,inventory.model,False,[],True
5411a22e2b612add,_Converted_/Pronto/S/Sony/TA-E9000ES.ir,TA-E9000ES,TA-E9000ES,0.45,inventory.model,False,[],True
a9fd95ca07b969bb,_Converted_/Pronto/S/Sony/TA-F707ES.ir,TA-F707ES,TA-F707ES,0.45,inventory.model,False,[],True
0c2c134dbe3f045f,_Converted_/Pronto/S/Sony/TBD.ir,TBD,,0.0,,False,[],True
601712ea6cda4dea,_Converted_/Pronto/S/Sony/TBD_1.ir,TBD_1,TBD_1,0.45,inventory.model,False,[],True
a48d477895be6e8e,_Converted_/Pronto/S/Sony/TC-WE8358.ir,TC-WE8358,TC-WE8358,0.45,inventory.model,False,[],True
5f348a4ecacdb16a,_Converted_/Pronto/S/Sony/TC-WR90ES_TAPE_DECK_ST-550ES_TUNER_(VTR3).ir,TC-WR90ES_TAPE_DECK_ST-550ES_TUNER_(VTR3),,0.0,,False,[],True
dbdfecc3444aafca,_Converted_/Pronto/S/Sony/TC-WR90ES_TAPE_DECK_ST-550ES_TUNER_(VTR3)_CTRL-S.ir,TC-WR90ES_TAPE_DECK_ST-550ES_TUNER_(VTR3)_CTRL-S,,0.0,,False,[],True
560828d5d56aceca,_Converted_/Pronto/S/Sony/TCK-650.ir,TCK-650,TCK-650,0.45,inventory.model,False,[],True
44cfa8e6a97afe7d,_Converted_/Pronto/S/Sony/TCWA8_CASSETTE.ir,TCWA8_CASSETTE,TCWA8_CASSETTE,0.45,inventory.model,False,[],True
1e8722249d36ed79,_Converted_/Pronto/S/Sony/TCWR-790_CASSETTE.ir,TCWR-790_CASSETTE,TCWR-790_CASSETTE,0.45,inventory.model,False,[],True
dacdf3323527fb78,_Converted_/Pronto/S/Sony/TIVO_SVR-2000.ir,TIVO_SVR-2000,TIVO_SVR-2000,0.45,inventory.model,False,[],True
58e5a9c4244a7c88,_Converted_/Pronto/S/Sony/TS_SERIES_TELEVISIONS.ir,TS_SERIES_TELEVISIONS,,0.0,,False,[],True
58d44fb3bfad9844,_Converted_/Pronto/S/Sony/TU-1041.ir,TU-1041,TU-1041,0.45,inventory.model,False,[],True
88c7e7572474c934,_Converted_/Pronto/S/Sony/TU_1041_TV_TUNER.ir,TU_1041_TV_TUNER,TU_1041_TV_TUNER,0.45,inventory.model,False,[],True
2843bb46ec208a93,_Converted_/Pronto/S/Sony/TV_61'__KP-61XBR48_FUNCTION_TV.ir,TV_61'__KP-61XBR48_FUNCTION_TV,,0.0,,False,[],True
140ec830b2363574,_Converted_/Pronto/S/Sony/TV_61'__KP-61XBR48_FUNCTION_TV_1.ir,TV_61'__KP-61XBR48_FUNCTION_TV_1,,0.0,,False,[],True
f6dd7dd0b55bdd66,_Converted_/Pronto/S/Sony/TV_GENERIC_DRIVER.ir,TV_GENERIC_DRIVER,,0.0,,False,[],True
adebd2596d8527e7,_Converted_/Pronto/S/Sony/TV_GENERIC_DRIVER_1.ir,TV_GENERIC_DRIVER_1,TV_GENERIC_DRIVER_1,0.45,inventory.model,False,[],True
10b6d59f9451a349,_Converted_/Pronto/S/Sony/TV_KVU2120V.ir,TV_KVU2120V,TV_KVU2120V,0.45,inventory.model,False,[],True
9ceefc8b15ec86b6,_Converted_/Pronto/S/Sony/TV_MN-KV13V50.ir,TV_MN-KV13V50,TV_MN-KV13V50,0.45,inventory.model,False,[],True
fd5f0403b06409f0,_Converted_/Pronto/S/Sony/UP1200R.ir,UP1200R,UP1200R,0.45,inventory.model,False,[],True
14af06eb38ea129d,_Converted_/Pronto/S/Sony/UVW-1800.ir,UVW-1800,UVW-1800,0.45,inventory.model,False,[],True
ba8c4c1a4272f886,_Converted_/Pronto/S/Sony/Universal_LCD-Plasma.ir,Universal_LCD-Plasma,,0.0,,False,[],True
97896b56e02c57e1,_Converted_/Pronto/S/Sony/VCR.ir,VCR,,0.0,,False,[],True
c93b880c9f1fa490,_Converted_/Pronto/S/Sony/VCR_SLV-940HE_COMMAND_MODE_VTR-1.ir,VCR_SLV-940HE_COMMAND_MODE_VTR-1,VCR_SLV-940HE_COMMAND_MODE_VTR-1,0.45,inventory.model,False,[],True
5c8aa44797c82cd8,_Converted_/Pronto/S/Sony/VCR_SLV-940HE_COMMAND_MODE_VTR-2.ir,VCR_SLV-940HE_COMMAND_MODE_VTR-2,VCR_SLV-940HE_COMMAND_MODE_VTR-2,0.45,inventory.model,False,[],True
9819c5563c2c761e,_Converted_/Pronto/S/Sony/VCR_SLV-960HV_COMMAND_MODE_VTR-1.ir,VCR_SLV-960HV_COMMAND_MODE_VTR-1,VCR_SLV-960HV_COMMAND_MODE_VTR-1,0.45,inventory.model,False,[],True
3d514e2a4301143a,_Converted_/Pronto/S/Sony/VCR_SLV-960HV_COMMAND_MODE_VTR-2.ir,VCR_SLV-960HV_COMMAND_MODE_VTR-2,VCR_SLV-960HV_COMMAND_MODE_VTR-2,0.45,inventory.model,False,[],True
e21ca538cba09396,_Converted_/Pronto/S/Sony/VCR_SLV-960HV_COMMAND_MODE_VTR-3.ir,VCR_SLV-960HV_COMMAND_MODE_VTR-3,VCR_SLV-960HV_COMMAND_MODE_VTR-3,0.45,inventory.model,False,[],True
8ef9ed21e70e341e,_Converted_/Pronto/S/Sony/VIDEO_CONFERENCING_CONTROLLER.ir,VIDEO_CONFERENCING_CONTROLLER,,0.0,,False,[],True
b449f72911e4570a,_Converted_/Pronto/S/Sony/VLP-S500Q.ir,VLP-S500Q,VLP-S500Q,0.45,inventory.model,False,[],True
bb3aeb966417656f,_Converted_/Pronto/S/Sony/VP-VO_5000_6000_7000_9000_SERIES.ir,VP-VO_5000_6000_7000_9000_SERIES,VP-VO_5000_6000_7000_9000_SERIES,0.45,inventory.model,False,[],True
336f6fef48172c43,_Converted_/Pronto/S/Sony/VPH-1270Q-PC-1270.ir,VPH-1270Q-PC-1270,VPH-1270Q-PC-1270,0.45,inventory.model,False,[],True
96ef16df365696bf,_Converted_/Pronto/S/Sony/VPH-D50Q.ir,VPH-D50Q,VPH-D50Q,0.45,inventory.model,False,[],True
06c6f5e0b4585a79,_Converted_/Pronto/S/Sony/VPH-G70Q.ir,VPH-G70Q,VPH-G70Q,0.45,inventory.model,False,[],True
57d9e6492cac9ab2,_Converted_/Pronto/S/Sony/VPH-G90U.ir,VPH-G90U,VPH-G90U,0.45,inventory.model,False,[],True
6428f6cf7e0ba7fe,_Converted_/Pronto/S/Sony/VPL-500Q.ir,VPL-500Q,VPL-500Q,0.45,inventory.model,False,[],True
b05fde44f2688622,_Converted_/Pronto/S/Sony/VPL-600U.ir,VPL-600U,VPL-600U,0.45,inventory.model,False,[],True
2cc20cfced8100a1,_Converted_/Pronto/S/Sony/VPL-CX5.ir,VPL-CX5,VPL-CX5,0.45,inventory.model,False,[],True
64742a05cd1f3ae5,_Converted_/Pronto/S/Sony/VPL-EX175.ir,VPL-EX175,VPL-EX175,0.45,inventory.model,False,[],True
be3d378348506250,_Converted_/Pronto/S/Sony/VPL-EX3.ir,VPL-EX3,VPL-EX3,0.45,inventory.model,False,[],True
b702ebb102c8c5b8,_Converted_/Pronto/S/Sony/VPL-FX200.ir,VPL-FX200,VPL-FX200,0.45,inventory.model,False,[],True
b405fb9434c19d5b,_Converted_/Pronto/S/Sony/VPL-FX30.ir,VPL-FX30,VPL-FX30,0.45,inventory.model,False,[],True
1643b65cf8fe2a28,_Converted_/Pronto/S/Sony/VPL-HW30AES.ir,VPL-HW30AES,VPL-HW30AES,0.45,inventory.model,False,[],True
cd61fe939f135b9f,_Converted_/Pronto/S/Sony/VPL-PX15.ir,VPL-PX15,VPL-PX15,0.45,inventory.model,False,[],True
a92864fd094d165c,_Converted_/Pronto/S/Sony/VPL-S800U.ir,VPL-S800U,VPL-S800U,0.45,inventory.model,False,[],True
ce9e50bb7def681e,_Converted_/Pronto/S/Sony/VPL-VW1000ES.ir,VPL-VW1000ES,VPL-VW1000ES,0.45,inventory.model,False,[],True
f01f9f62e19de4eb,_Converted_/Pronto/S/Sony/VPL-VW10HT.ir,VPL-VW10HT,VPL-VW10HT,0.45,inventory.model,False,[],True
180d187eacd8ad2e,_Converted_/Pronto/S/Sony/VPL-VW85.ir,VPL-VW85,VPL-VW85,0.45,inventory.model,False,[],True
53437be9c213bb1b,_Converted_/Pronto/S/Sony/VPL-VW95ES.ir,VPL-VW95ES,VPL-VW95ES,0.45,inventory.model,False,[],True
cb49d991d6693fd2,_Converted_/Pronto/S/Sony/VPL-X1000U.ir,VPL-X1000U,VPL-X1000U,0.45,inventory.model,False,[],True
520038629927e07f,_Converted_/Pronto/S/Sony/VPL-X2000U.ir,VPL-X2000U,VPL-X2000U,0.45,inventory.model,False,[],True
11bca49325289865,_Converted_/Pronto/S/Sony/VPL-X2000U_1.ir,VPL-X2000U_1,VPL-X2000U_1,0.45,inventory.model,False,[],True
6ca5252d9d87332f,_Converted_/Pronto/S/Sony/VPL-X600U.ir,VPL-X600U,VPL-X600U,0.45,inventory.model,False,[],True
0cddd075f6ce8a69,_Converted_/Pronto/S/Sony/VPL-X600U_-_CONTROL_S.ir,VPL-X600U_-_CONTROL_S,VPL-X600U_-_CONTROL_S,0.45,inventory.model,False,[],True
b01728adc7d5ff5b,_Converted_/Pronto/S/Sony/VPLCS5.ir,VPLCS5,VPLCS5,0.45,inventory.model,False,[],True
9bd15aa6704e993e,_Converted_/Pronto/S/Sony/VPLFX30_MODE1.ir,VPLFX30_MODE1,VPLFX30_MODE1,0.45,inventory.model,False,[],True
77d7fa47bd28cdc6,_Converted_/Pronto/S/Sony/VPLFX30_MODE2.ir,VPLFX30_MODE2,VPLFX30_MODE2,0.45,inventory.model,False,[],True
7f7a2992a51bcd03,_Converted_/Pronto/S/Sony/VTR1_VTR2_VTR3_ACR(TC)_DISCRETE_POWER.ir,VTR1_VTR2_VTR3_ACR(TC)_DISCRETE_POWER,,0.0,,False,[],True
8b3e899058763772,_Converted_/Pronto/S/Sony/VTX-100_TUNER.ir,VTX-100_TUNER,VTX-100_TUNER,0.45,inventory.model,False,[],True
8970dc62477e1492,_Converted_/Pronto/S/Sony/X9200_MULTISCAN.ir,X9200_MULTISCAN,X9200_MULTISCAN,0.45,inventory.model,False,[],True
6f33f050c08a8700,_Converted_/Pronto/S/Sony/XBR-46HX909.ir,XBR-46HX909,XBR-46HX909,0.45,inventory.model,False,[],True
8c8ad9796befa33b,_Converted_/Pronto/S/Sony/XBR-84X900.ir,XBR-84X900,XBR-84X900,0.45,inventory.model,False,[],True
a503194428688531,_Converted_/Pronto/S/Sony/XBR7_Series.ir,XBR7_Series,XBR7_Series,0.45,inventory.model,False,[],True
1b3460b18d88da66,_Converted_/Pronto/S/Sony/str-da3100es.ir,str-da3100es,str-da3100es,0.45,inventory.model,False,[],True
c1b450a618d9d315,_Converted_/Pronto/S/Southerland/C-2000_PREAMP_(EVEN).ir,C-2000_PREAMP_(EVEN),,0.0,,False,[],True
1730ed225ca6fb24,_Converted_/Pronto/S/Southerland/C-2000_PREAMP_(ODD).ir,C-2000_PREAMP_(ODD),,0.0,,False,[],True
e4fb6194b8919333,_Converted_/Pronto/S/Spectral/No_model.ir,No_model,,0.0,,False,[],True
e34a79224768c79d,_Converted_/Pronto/S/SunBriteTV/3220HD_-_2310HD.ir,3220HD_-_2310HD,3220HD_-_2310HD,0.45,inventory.model,False,[],True
70c131a109d89641,_Converted_/Pronto/S/SunBriteTV/Model_3230HD.ir,Model_3230HD,Model_3230HD,0.45,inventory.model,False,[],True
8b8974fad09601dc,_Converted_/Pronto/S/SunBriteTV/SB-3220HD.ir,SB-3220HD,SB-3220HD,0.45,inventory.model,False,[],True
e536e0936f5797de,_Converted_/Pronto/S/SunBriteTV/SB-4610_HD.ir,SB-4610_HD,SB-4610_HD,0.45,inventory.model,False,[],True
7fbbbd9cbc42721a,_Converted_/Pronto/S/Sunbeam/N-A.ir,N-A,,0.0,,False,[],True
b233623961f12164,_Converted_/Pronto/S/Sunfire/THEATER_GRAND.ir,THEATER_GRAND,,0.0,,False,[],True
b032eb7399896e47,_Converted_/Pronto/S/Sunteca/BLINDS.ir,BLINDS,,0.0,,False,[],True
d1653627e663ae76,_Converted_/Pronto/T/TAG_McLaren/F3_SERIES_THEATRE_AV32R.ir,F3_SERIES_THEATRE_AV32R,F3_SERIES_THEATRE_AV32R,0.45,inventory.model,False,[],True
f6fbde3af3869bfa,_Converted_/Pronto/T/TAG_McLaren/T32R.ir,T32R,T32R,0.45,inventory.model,False,[],True
5293bd93ef6400bd,_Converted_/Pronto/T/TASCAM/302_DUAL_WELL_CASSETTE_WIRED_REMOTE.ir,302_DUAL_WELL_CASSETTE_WIRED_REMOTE,302_DUAL_WELL_CASSETTE_WIRED_REMOTE,0.45,inventory.model,False,[],True
752bed2ae60022ad,_Converted_/Pronto/T/TASCAM/6500.ir,6500,,0.0,,False,[],True
de40e1c07face906,_Converted_/Pronto/T/TASCAM/CD-450_(WIRED).ir,CD-450_(WIRED),,0.0,,False,[],True
dbdc741a062ef3ee,_Converted_/Pronto/T/TASCAM/CD-A700.ir,CD-A700,CD-A700,0.45,inventory.model,False,[],True
9e28252fd923dcb5,_Converted_/Pronto/T/TASCAM/CD-RW2000.ir,CD-RW2000,CD-RW2000,0.45,inventory.model,False,[],True
4d772f740ed0233d,_Converted_/Pronto/T/TASCAM/CD-RW5000_(WIRED).ir,CD-RW5000_(WIRED),,0.0,,False,[],True
0db78f3f7d09429d,_Converted_/Pronto/T/TASCAM/CD-RW700.ir,CD-RW700,CD-RW700,0.45,inventory.model,False,[],True
fca60c670a5100c7,_Converted_/Pronto/T/TASCAM/CDA-700.ir,CDA-700,CDA-700,0.45,inventory.model,False,[],True
cba0b89b085d68bb,_Converted_/Pronto/T/TASCAM/CD_305.ir,CD_305,CD_305,0.45,inventory.model,False,[],True
1e08e368288248df,_Converted_/Pronto/T/TASCAM/DA20MK2.ir,DA20MK2,DA20MK2,0.45,inventory.model,False,[],True
e6808708ab1a5d9e,_Converted_/Pronto/T/TEAC/AG-D9320.ir,AG-D9320,AG-D9320,0.45,inventory.model,False,[],True
c4c46361f9823e93,_Converted_/Pronto/T/TEAC/AGV-8600.ir,AGV-8600,AGV-8600,0.45,inventory.model,False,[],True
168869a97959484b,_Converted_/Pronto/T/TEAC/CDP-1440.ir,CDP-1440,CDP-1440,0.45,inventory.model,False,[],True
27fd4a8f949bb121,_Converted_/Pronto/T/TEAC/CD_PLAYER.ir,CD_PLAYER,,0.0,,False,[],True
0265f8148031d43a,_Converted_/Pronto/T/TEAC/PAD-500(ACR_FNX).ir,PAD-500(ACR_FNX),,0.0,,False,[],True
24b2e4b4445f0418,_Converted_/Pronto/T/TEAC/PAD-500(CD_FNX).ir,PAD-500(CD_FNX),,0.0,,False,[],True
7acd7cb3ec6033e4,_Converted_/Pronto/T/TEAC/PCDP1100.ir,PCDP1100,PCDP1100,0.45,inventory.model,False,[],True
366d7191b63b2e1c,_Converted_/Pronto/T/TEAC/PD-D2400.ir,PD-D2400,PD-D2400,0.45,inventory.model,False,[],True
adbe7826b8dd6de7,_Converted_/Pronto/T/TEAC/PD-D2750.ir,PD-D2750,PD-D2750,0.45,inventory.model,False,[],True
39b9baa5257de467,_Converted_/Pronto/T/TEAC/PDD-2200.ir,PDD-2200,PDD-2200,0.45,inventory.model,False,[],True
a184bbfc4fdb65ce,_Converted_/Pronto/T/TEAC/PPDD2681.ir,PPDD2681,PPDD2681,0.45,inventory.model,False,[],True
4360bb4e4396ee38,_Converted_/Pronto/T/TEAC/PR-565.ir,PR-565,PR-565,0.45,inventory.model,False,[],True
3fc8c3387823e06f,_Converted_/Pronto/T/Tandberg/6000.ir,6000,,0.0,,False,[],True
328e7a713c1ef96f,_Converted_/Pronto/T/Tandberg/Codec_C90.ir,Codec_C90,Codec_C90,0.45,inventory.model,False,[],True
6f3af6a3e7ad6fa3,_Converted_/Pronto/T/Tandberg/VISION_5000.ir,VISION_5000,VISION_5000,0.45,inventory.model,False,[],True
45612f21b738dc9b,_Converted_/Pronto/T/Tayama_ASAP_Technology/DV-L84H_DVR.ir,DV-L84H_DVR,DV-L84H_DVR,0.45,inventory.model,False,[],True
d5dff5cc11975e95,_Converted_/Pronto/T/Technics/ACDD3TS.ir,ACDD3TS,ACDD3TS,0.45,inventory.model,False,[],True
932c01b59563912c,_Converted_/Pronto/T/Technics/AUDIO_REMOTE_FOR_TV.ir,AUDIO_REMOTE_FOR_TV,,0.0,,False,[],True
f62835d025c78395,_Converted_/Pronto/T/Technics/AUDIO_REMOTE_FOR_VCR.ir,AUDIO_REMOTE_FOR_VCR,,0.0,,False,[],True
3663554e07ab8e3b,_Converted_/Pronto/T/Technics/AUDIO_REMOTE_FOR_VDP.ir,AUDIO_REMOTE_FOR_VDP,,0.0,,False,[],True
a0078eea78ba92fd,_Converted_/Pronto/T/Technics/DISCREET_CODES.ir,DISCREET_CODES,,0.0,,False,[],True
d77372b22929679a,_Converted_/Pronto/T/Technics/RECEIVER.ir,RECEIVER,,0.0,,False,[],True
c2a26e339decd27b,_Converted_/Pronto/T/Technics/RSTR575.ir,RSTR575,RSTR575,0.45,inventory.model,False,[],True
1210087bf59350c2,_Converted_/Pronto/T/Technics/SA-AX610.ir,SA-AX610,SA-AX610,0.45,inventory.model,False,[],True
8245042057915f4b,_Converted_/Pronto/T/Technics/SA-AX710.ir,SA-AX710,SA-AX710,0.45,inventory.model,False,[],True
f2c1d50b97987e4a,_Converted_/Pronto/T/Technics/SAAX530.ir,SAAX530,SAAX530,0.45,inventory.model,False,[],True
fc2cdb003e58f5b5,_Converted_/Pronto/T/Technics/SADX930.ir,SADX930,SADX930,0.45,inventory.model,False,[],True
7ee3103a56f682e2,_Converted_/Pronto/T/Technics/SADX940.ir,SADX940,SADX940,0.45,inventory.model,False,[],True
ea797152a474c1e6,_Converted_/Pronto/T/Technics/SAGX-140.ir,SAGX-140,SAGX-140,0.45,inventory.model,False,[],True
8af324bc7bb17fcb,_Converted_/Pronto/T/Technics/SH-AC500D_Surround_Sound_Processor.ir,SH-AC500D_Surround_Sound_Processor,SH-AC500D_Surround_Sound_Processor,0.45,inventory.model,False,[],True
2a79eb7fdf10026d,_Converted_/Pronto/T/Technics/SL-MC410_CD_CHANGER.ir,SL-MC410_CD_CHANGER,SL-MC410_CD_CHANGER,0.45,inventory.model,False,[],True
f1f1638c6623496a,_Converted_/Pronto/T/Technics/SL-MC7.ir,SL-MC7,SL-MC7,0.45,inventory.model,False,[],True
1c783dbf51755141,_Converted_/Pronto/T/Technics/SL-P300.ir,SL-P300,SL-P300,0.45,inventory.model,False,[],True
c8567bf6dad3a2dd,_Converted_/Pronto/T/Technics/SLPD-887_CD_CHANGER.ir,SLPD-887_CD_CHANGER,SLPD-887_CD_CHANGER,0.45,inventory.model,False,[],True
4b48871958b22418,_Converted_/Pronto/T/Technics/SLPD8.ir,SLPD8,SLPD8,0.45,inventory.model,False,[],True
f3f29aef11f333ad,_Converted_/Pronto/T/Technics/THX_PROCESSOR.ir,THX_PROCESSOR,,0.0,,False,[],True
17401536be9d43d1,_Converted_/Pronto/T/Technics/THX_PROCESSOR_-_CASSETTE.ir,THX_PROCESSOR_-_CASSETTE,,0.0,,False,[],True
f7aa1c15e511172e,_Converted_/Pronto/T/Technics/THX_PROCESSOR_-_CD.ir,THX_PROCESSOR_-_CD,,0.0,,False,[],True
f151c167a3ea11c7,_Converted_/Pronto/T/Technics/THX_PROCESSOR_-_DAT.ir,THX_PROCESSOR_-_DAT,,0.0,,False,[],True
8f807d0d6039682c,_Converted_/Pronto/T/Technics/THX_PROCESSOR_-_LASER.ir,THX_PROCESSOR_-_LASER,,0.0,,False,[],True
afffc3b50d92a9fd,_Converted_/Pronto/T/Technics/THX_PROCESSOR_-_LASER_2.ir,THX_PROCESSOR_-_LASER_2,THX_PROCESSOR_-_LASER_2,0.45,inventory.model,False,[],True
d1ea34a8befe4ee7,_Converted_/Pronto/T/Technics/THX_PROCESSOR_-_PROCESSOR_FUNCTIONS.ir,THX_PROCESSOR_-_PROCESSOR_FUNCTIONS,,0.0,,False,[],True
5660ccb83846c815,_Converted_/Pronto/T/Technics/THX_PROCESSOR_-_TUNER.ir,THX_PROCESSOR_-_TUNER,,0.0,,False,[],True
878b5704c89cf5f0,_Converted_/Pronto/T/Technics/THX_PROCESSOR_-_TV.ir,THX_PROCESSOR_-_TV,,0.0,,False,[],True
a29064900bce27bb,_Converted_/Pronto/T/Technics/THX_PROCESSOR_-_VCR_1.ir,THX_PROCESSOR_-_VCR_1,THX_PROCESSOR_-_VCR_1,0.45,inventory.model,False,[],True
d0933449e524d6a1,_Converted_/Pronto/T/Technics/THX_PROCESSOR_-_VCR_2.ir,THX_PROCESSOR_-_VCR_2,THX_PROCESSOR_-_VCR_2,0.45,inventory.model,False,[],True
71f1436c62aea6df,_Converted_/Pronto/T/Telex/P170V.ir,P170V,P170V,0.45,inventory.model,False,[],True
8a7d4062caeb3bd3,_Converted_/Pronto/T/Telus/Telus-AT6400.ir,Telus-AT6400,Telus-AT6400,0.45,inventory.model,False,[],True
6b51fb762031723a,_Converted_/Pronto/T/Theta_Casablanca/PROCESSOR.ir,PROCESSOR,,0.0,,False,[],True
76547e2d80d9f615,_Converted_/Pronto/T/Theta_Digital/CASABLANCA.ir,CASABLANCA,,0.0,,False,[],True
b775d0663faf37c5,_Converted_/Pronto/T/Theta_Digital/DATA_3.ir,DATA_3,DATA_3,0.45,inventory.model,False,[],True
88b3ea3254f66474,_Converted_/Pronto/T/Theta_Digital/DaViD.ir,DaViD,,0.0,,False,[],True
feb44cc71873c162,_Converted_/Pronto/T/Theta_Digital/No_model.ir,No_model,,0.0,,False,[],True
6b84556184e42ed1,_Converted_/Pronto/T/Tivo/HD_DVR_Series_4.ir,HD_DVR_Series_4,HD_DVR_Series_4,0.45,inventory.model,False,[],True
99333e19260c6791,_Converted_/Pronto/T/Tivo/Premiere.ir,Premiere,,0.0,,False,[],True
5f0c84c3b98720d1,_Converted_/Pronto/T/Toshiba/32SL415U.ir,32SL415U,32SL415U,0.45,inventory.model,False,[],True
b6bb7d6c39afc283,_Converted_/Pronto/T/Toshiba/32_SL400U.ir,32_SL400U,32_SL400U,0.45,inventory.model,False,[],True
c985053c6499f178,_Converted_/Pronto/T/Toshiba/40E21U.ir,40E21U,40E21U,0.45,inventory.model,False,[],True
cb329e1a8c187a14,_Converted_/Pronto/T/Toshiba/42HDX82.ir,42HDX82,42HDX82,0.45,inventory.model,False,[],True
1f44c97608e83d80,_Converted_/Pronto/T/Toshiba/46G310U.ir,46G310U,46G310U,0.45,inventory.model,False,[],True
147dbb120058cf81,_Converted_/Pronto/T/Toshiba/46RV525U.ir,46RV525U,46RV525U,0.45,inventory.model,False,[],True
a01571c72953c6e9,_Converted_/Pronto/T/Toshiba/46SL417U.ir,46SL417U,46SL417U,0.45,inventory.model,False,[],True
487214128d318c32,_Converted_/Pronto/T/Toshiba/55G310U.ir,55G310U,55G310U,0.45,inventory.model,False,[],True
0cc2b4b0bfd9004c,_Converted_/Pronto/T/Toshiba/BDX2150.ir,BDX2150,BDX2150,0.45,inventory.model,False,[],True
78e54447af5679d1,_Converted_/Pronto/T/Toshiba/BDX5200.ir,BDX5200,BDX5200,0.45,inventory.model,False,[],True
a06d1c1af4a35814,_Converted_/Pronto/T/Toshiba/CF3060K.ir,CF3060K,CF3060K,0.45,inventory.model,False,[],True
372e9cb6003928c9,_Converted_/Pronto/T/Toshiba/CT-9726.ir,CT-9726,CT-9726,0.45,inventory.model,False,[],True
e24898996fcf97d6,_Converted_/Pronto/T/Toshiba/CZ36V61.ir,CZ36V61,CZ36V61,0.45,inventory.model,False,[],True
49bccab669afe1cf,_Converted_/Pronto/T/Toshiba/D-VR650.ir,D-VR650,D-VR650,0.45,inventory.model,False,[],True
cf8aa6da9ff097c9,_Converted_/Pronto/T/Toshiba/DSS.ir,DSS,,0.0,,False,[],True
82f7380bf319a1a2,_Converted_/Pronto/T/Toshiba/DSS_TSR-202.ir,DSS_TSR-202,DSS_TSR-202,0.45,inventory.model,False,[],True
fccfa6deee257461,_Converted_/Pronto/T/Toshiba/DST-3000.ir,DST-3000,DST-3000,0.45,inventory.model,False,[],True
498186629ddccf18,_Converted_/Pronto/T/Toshiba/DVD.ir,DVD,,0.0,,False,[],True
b0e8892e9bfb28c4,_Converted_/Pronto/T/Toshiba/HDA2.ir,HDA2,HDA2,0.45,inventory.model,False,[],True
c5ebda772ffa3c99,_Converted_/Pronto/T/Toshiba/M-501.ir,M-501,M-501,0.45,inventory.model,False,[],True
3f0a098e7a50547a,_Converted_/Pronto/T/Toshiba/M-752.ir,M-752,M-752,0.45,inventory.model,False,[],True
a92908123dff003f,_Converted_/Pronto/T/Toshiba/M-764.ir,M-764,M-764,0.45,inventory.model,False,[],True
5b33d7f07f0e539c,_Converted_/Pronto/T/Toshiba/M461_VCR.ir,M461_VCR,M461_VCR,0.45,inventory.model,False,[],True
fdb68e2ab2263b69,_Converted_/Pronto/T/Toshiba/M683.ir,M683,M683,0.45,inventory.model,False,[],True
c7127afb8d46a8c2,_Converted_/Pronto/T/Toshiba/M9485_VCR.ir,M9485_VCR,M9485_VCR,0.45,inventory.model,False,[],True
b9fc1ace414e831e,_Converted_/Pronto/T/Toshiba/N-A.ir,N-A,,0.0,,False,[],True
abed9ccddf528042,_Converted_/Pronto/T/Toshiba/SD-3109.ir,SD-3109,SD-3109,0.45,inventory.model,False,[],True
181248fde952c640,_Converted_/Pronto/T/Toshiba/SD-6200.ir,SD-6200,SD-6200,0.45,inventory.model,False,[],True
cf483dae19a329d0,_Converted_/Pronto/T/Toshiba/SD-9200.ir,SD-9200,SD-9200,0.45,inventory.model,False,[],True
7cd437dbfd90ec96,_Converted_/Pronto/T/Toshiba/SD-D100.ir,SD-D100,SD-D100,0.45,inventory.model,False,[],True
071dfa91518feb7c,_Converted_/Pronto/T/Toshiba/SD3806.ir,SD3806,SD3806,0.45,inventory.model,False,[],True
086b01def5cf5183,_Converted_/Pronto/T/Toshiba/SDV296KU.ir,SDV296KU,SDV296KU,0.45,inventory.model,False,[],True
8c98d586551d80f4,_Converted_/Pronto/T/Toshiba/SE-R3006_(SAME_AS_MERIDIAN_586).ir,SE-R3006_(SAME_AS_MERIDIAN_586),,0.0,,False,[],True
a46db6883379479c,_Converted_/Pronto/T/Toshiba/SE-R3006_(SAME_AS_MERIDIAN_586)_1.ir,SE-R3006_(SAME_AS_MERIDIAN_586)_1,,0.0,,False,[],True
b810a313bcfe0213,_Converted_/Pronto/T/Toshiba/TLP-B2U.ir,TLP-B2U,TLP-B2U,0.45,inventory.model,False,[],True
fb9f818f8ee30149,_Converted_/Pronto/T/Toshiba/TLP450.ir,TLP450,TLP450,0.45,inventory.model,False,[],True
f3e49665c957a6d3,_Converted_/Pronto/T/Toshiba/TLP710U.ir,TLP710U,TLP710U,0.45,inventory.model,False,[],True
478b33b73bdc546c,_Converted_/Pronto/T/Toshiba/TN-43V71_PROJECTION_TV.ir,TN-43V71_PROJECTION_TV,TN-43V71_PROJECTION_TV,0.45,inventory.model,False,[],True
023b1416ec67c1a0,_Converted_/Pronto/T/Toshiba/TRX-1420.ir,TRX-1420,TRX-1420,0.45,inventory.model,False,[],True
403c7da0e7d4504b,_Converted_/Pronto/T/Toshiba/TRX-80.ir,TRX-80,TRX-80,0.45,inventory.model,False,[],True
9eec4cd4cbb26ed7,_Converted_/Pronto/T/Toshiba/TRX1820.ir,TRX1820,TRX1820,0.45,inventory.model,False,[],True
cf9a07c607a795e4,_Converted_/Pronto/T/Toshiba/TSR-101.ir,TSR-101,TSR-101,0.45,inventory.model,False,[],True
ddd08fe8258e55ee,_Converted_/Pronto/T/Toshiba/TV'2'.ir,TV'2',,0.0,,False,[],True
36e761543a978941,_Converted_/Pronto/T/Toshiba/TW40F80_PROJECTOR_TV.ir,TW40F80_PROJECTOR_TV,TW40F80_PROJECTOR_TV,0.45,inventory.model,False,[],True
19d3bdfe83b8f7fe,_Converted_/Pronto/T/Toshiba/TW65H80_TV.ir,TW65H80_TV,TW65H80_TV,0.45,inventory.model,False,[],True
f9416b63e996e430,_Converted_/Pronto/T/Toshiba/VCR'2'.ir,VCR'2',,0.0,,False,[],True
73b3fb2a17fa80b3,_Converted_/Pronto/T/Toshiba/VCR_M781.ir,VCR_M781,VCR_M781,0.45,inventory.model,False,[],True
60851d45bbce0114,_Converted_/Pronto/T/Toshiba/VX990.ir,VX990,VX990,0.45,inventory.model,False,[],True
a927538375357b01,_Converted_/Pronto/T/ToteVision/LCD1210VT.ir,LCD1210VT,LCD1210VT,0.45,inventory.model,False,[],True
ac4b9faffd2e0b75,_Converted_/Pronto/T/Travelors/Model_250.ir,Model_250,Model_250,0.45,inventory.model,False,[],True
30424a9405e643c0,_Converted_/Pronto/T/Tributaries/HX410.ir,HX410,HX410,0.45,inventory.model,False,[],True
afb8153163ef0896,_Converted_/Pronto/T/Turtle_Beach/AUDIOTRON.ir,AUDIOTRON,,0.0,,False,[],True
595427db45871148,_Converted_/Pronto/T/tvONE/1T-SW8X1CVB.ir,1T-SW8X1CVB,1T-SW8X1CVB,0.45,inventory.model,False,[],True
ae98b51d76a06d80,_Converted_/Pronto/T/tvONE/1T-SW8x1CVR.ir,1T-SW8x1CVR,1T-SW8x1CVR,0.45,inventory.model,False,[],True
d70d0ca1d428c1d3,_Converted_/Pronto/T/tvONE/AVT-8025.ir,AVT-8025,AVT-8025,0.45,inventory.model,False,[],True
dc8855d3a84a1ae5,_Converted_/Pronto/T/tvONE/AVT-8025_1.ir,AVT-8025_1,AVT-8025_1,0.45,inventory.model,False,[],True
5079a01f09dc8c27,_Converted_/Pronto/U/US_Electronics/CFT-2200.ir,CFT-2200,CFT-2200,0.45,inventory.model,False,[],True
a10ba0fb205e5e75,_Converted_/Pronto/U/US_Electronics/DPBB7522.ir,DPBB7522,DPBB7522,0.45,inventory.model,False,[],True
3ac4dd1ce90af6bd,_Converted_/Pronto/U/US_Electronics/JEROLD_CABLE_BOX.ir,JEROLD_CABLE_BOX,,0.0,,False,[],True
1b6f499d0188865c,_Converted_/Pronto/U/US_Electronics/No_model.ir,No_model,,0.0,,False,[],True
8ed7117f052527f5,_Converted_/Pronto/U/US_Electronics/UTVX2000-E.ir,UTVX2000-E,UTVX2000-E,0.45,inventory.model,False,[],True
bcf78c40671b90be,_Converted_/Pronto/U/US_Electronics/UX550.ir,UX550,UX550,0.45,inventory.model,False,[],True
0df9b63ac58981ff,_Converted_/Pronto/U/Uniden/DSS_-_AUX_FNX.ir,DSS_-_AUX_FNX,,0.0,,False,[],True
2ffc9a1580164d6d,_Converted_/Pronto/U/Uniden/DSS_-_DSS_FNX.ir,DSS_-_DSS_FNX,,0.0,,False,[],True
d1956e522111da07,_Converted_/Pronto/U/Uniden/DSS_-_TV_FNX.ir,DSS_-_TV_FNX,,0.0,,False,[],True
960fd7d45f9d972a,_Converted_/Pronto/U/Uniden/DSS_-_VCR_FNX.ir,DSS_-_VCR_FNX,,0.0,,False,[],True
b11c7827e8ec3860,_Converted_/Pronto/U/Uniden/No_model.ir,No_model,,0.0,,False,[],True
c01b04f6e9766605,_Converted_/Pronto/U/Uniden/UST_4400_SUPER_R.ir,UST_4400_SUPER_R,UST_4400_SUPER_R,0.45,inventory.model,False,[],True
e9699da722db3505,_Converted_/Pronto/U/Universal_Electronics/Cox_Universal_Remote_Control.ir,Cox_Universal_Remote_Control,,0.0,,False,[],True
6869140d62db91ab,_Converted_/Pronto/V/Vantage/HOME_SYSTEM.ir,HOME_SYSTEM,,0.0,,False,[],True
bd2f0e637d78d6de,_Converted_/Pronto/V/Vaux/LATTIS.ir,LATTIS,,0.0,,False,[],True
c8d1d4bc4bc18cba,_Converted_/Pronto/V/Velodyne/DEQ_Series.ir,DEQ_Series,,0.0,,False,[],True
3efe39aa68878835,_Converted_/Pronto/V/Velodyne/DLSR_Series.ir,DLSR_Series,,0.0,,False,[],True
e90af6aa1e63fd87,_Converted_/Pronto/V/Velodyne/Digital_Drive_Series.ir,Digital_Drive_Series,,0.0,,False,[],True
6154e800c123f0dc,_Converted_/Pronto/V/Velodyne/Optimum_Series.ir,Optimum_Series,,0.0,,False,[],True
5d9a4702799a01c3,_Converted_/Pronto/V/Velodyne/SE_and_SPLR_Series.ir,SE_and_SPLR_Series,,0.0,,False,[],True
0fd3cda9c8950ad1,_Converted_/Pronto/V/Velodyne/SUBWOOFER.ir,SUBWOOFER,,0.0,,False,[],True
e915e58635320980,_Converted_/Pronto/V/Velodyne/VDY_SC600.ir,VDY_SC600,VDY_SC600,0.45,inventory.model,False,[],True
615462fa2e6154b1,_Converted_/Pronto/V/ViZIO/GENERIC.ir,GENERIC,,0.0,,False,[],True
5989c364b4d9829a,_Converted_/Pronto/V/ViZIO/VO42LFHDTV.ir,VO42LFHDTV,VO42LFHDTV,0.45,inventory.model,False,[],True
6b897753d3df2c6b,_Converted_/Pronto/V/ViZIO/XVT3D424SV.ir,XVT3D424SV,XVT3D424SV,0.45,inventory.model,False,[],True
bfca90edebf65cc0,_Converted_/Pronto/V/VideoLABS/CEILING.ir,CEILING,,0.0,,False,[],True
392ef2985c935c52,_Converted_/Pronto/V/VideoLABS/CEILING_CAMERA.ir,CEILING_CAMERA,,0.0,,False,[],True
49fc8b3a64d038f7,_Converted_/Pronto/V/Vidikron/CRYSTAL_3_PROJECTOR.ir,CRYSTAL_3_PROJECTOR,CRYSTAL_3_PROJECTOR,0.45,inventory.model,False,[],True
22da5bcb5d90ddb9,_Converted_/Pronto/V/Vidikron/CRYSTAL_ONE_PROJECTOR.ir,CRYSTAL_ONE_PROJECTOR,,0.0,,False,[],True
977f3fe7ec57f694,_Converted_/Pronto/V/Vidikron/EPIC_300-400.ir,EPIC_300-400,EPIC_300-400,0.45,inventory.model,False,[],True
666de4f1130d9508,_Converted_/Pronto/V/Vidikron/HD40-50.ir,HD40-50,HD40-50,0.45,inventory.model,False,[],True
f45c682cfa577190,_Converted_/Pronto/V/Vidikron/HELIOS.ir,HELIOS,,0.0,,False,[],True
91ff436bb3192941,_Converted_/Pronto/V/Vidikron/IMAGE_II.ir,IMAGE_II,,0.0,,False,[],True
00d1025d9e60d7e8,_Converted_/Pronto/V/Vidikron/TGS200HP.ir,TGS200HP,TGS200HP,0.45,inventory.model,False,[],True
4cf09b1588923007,_Converted_/Pronto/V/Vidikron/VISION_1.ir,VISION_1,VISION_1,0.45,inventory.model,False,[],True
8dccd573b16ebde3,_Converted_/Pronto/V/Vidikron/VP-20.ir,VP-20,VP-20,0.45,inventory.model,False,[],True
dce08243ca66fefa,_Converted_/Pronto/V/Vidikron/VPF-40SGL_VIDEO_PROJECTOR.ir,VPF-40SGL_VIDEO_PROJECTOR,VPF-40SGL_VIDEO_PROJECTOR,0.45,inventory.model,False,[],True
f37c393b27fca73c,_Converted_/Pronto/V/Vidikron/VPF-40SGL_VIDEO_PROJECTOR_1.ir,VPF-40SGL_VIDEO_PROJECTOR_1,VPF-40SGL_VIDEO_PROJECTOR_1,0.45,inventory.model,False,[],True
bdc4048f4f9ec927,_Converted_/Pronto/V/Vidikron/VPF-40SGL_VIDEO_PROJECTOR_2.ir,VPF-40SGL_VIDEO_PROJECTOR_2,VPF-40SGL_VIDEO_PROJECTOR_2,0.45,inventory.model,False,[],True
ca519309b9d6dc97,_Converted_/Pronto/V/Vidikron/VPF-40_HD_VIDEO_PROJECTOR.ir,VPF-40_HD_VIDEO_PROJECTOR,VPF-40_HD_VIDEO_PROJECTOR,0.45,inventory.model,False,[],True
bc63179f6196369d,_Converted_/Pronto/V/Viewsonic/PROJECTOR_(NO_PAD).ir,PROJECTOR_(NO_PAD),,0.0,,False,[],True
86c5b83fd5e41073,_Converted_/Pronto/V/Viewsonic/RC00070P.ir,RC00070P,RC00070P,0.45,inventory.model,False,[],True
19fa84f6e9eb285e,_Converted_/Pronto/V/Viewtech/SCREEN.ir,SCREEN,,0.0,,False,[],True
c688251701d0a8b6,_Converted_/Pronto/V/Vutec/SCREEN.ir,SCREEN,,0.0,,False,[],True
85c4713e86283fc0,_Converted_/Pronto/V/Vutec/Vutec.ir,Vutec,,0.0,,False,[],True
6067468a63628e04,_Converted_/Pronto/V/Vutec/Vutec_1.ir,1,Vutec_1,0.72,file_name,False,[],True
4614962b9f28cedf,_Converted_/Pronto/V/Vutec/Vutec_Vision.ir,Vision,,0.0,,False,[],True
d4e63d235af2b592,_Converted_/Pronto/W/Western_Digital/WD_TV_LIVE.ir,WD_TV_LIVE,,0.0,,False,[],True
929a129f1a2c65b6,_Converted_/Pronto/W/Western_Digital/WesternDigital_HD.ir,WesternDigital_HD,,0.0,,False,[],True
693a9d92d5789a16,_Converted_/Pronto/W/Westinghouse/SK-26H240S.ir,SK-26H240S,SK-26H240S,0.45,inventory.model,False,[],True
e826c87a850683d9,_Converted_/Pronto/W/Wireless_Mouse_Inc/CHISOLM-AURORA-S500.ir,CHISOLM-AURORA-S500,CHISOLM-AURORA-S500,0.45,inventory.model,False,[],True
d1795fa777a018ec,_Converted_/Pronto/W/Wisetech/WC-8801.ir,WC-8801,WC-8801,0.45,inventory.model,False,[],True
4ad35a633c5f6c70,_Converted_/Pronto/W/Wolf/VZ-7.ir,VZ-7,VZ-7,0.45,inventory.model,False,[],True
4281200a59583f68,_Converted_/Pronto/X/X-10/X-10.ir,X-10,,0.0,,False,[],True
ef8287ea8c72aa54,_Converted_/Pronto/X/Xantech/16_BUTTON_BOX.ir,16_BUTTON_BOX,16_BUTTON_BOX,0.45,inventory.model,False,[],True
6376ae4e93bdd91f,_Converted_/Pronto/X/Xantech/680-10_(ID=88).ir,680-10_(ID=88),,0.0,,False,[],True
52fe3521f7f8c524,_Converted_/Pronto/X/Xantech/686-10_(ID=98).ir,686-10_(ID=98),,0.0,,False,[],True
910e8b5cb8ae540b,_Converted_/Pronto/X/Xantech/CC12_(ID=50).ir,CC12_(ID=50),,0.0,,False,[],True
c0738e0ed496268c,_Converted_/Pronto/X/Xantech/ID=50.ir,ID=50,,0.0,,False,[],True
90366ec176e3191d,_Converted_/Pronto/X/Xantech/RC68_ID68_STRIPCAR.ir,RC68_ID68_STRIPCAR,RC68_ID68_STRIPCAR,0.45,inventory.model,False,[],True
659283b657f9b454,_Converted_/Pronto/X/Xantech/RC68_PROGRAMMER_ID00.ir,RC68_PROGRAMMER_ID00,RC68_PROGRAMMER_ID00,0.45,inventory.model,False,[],True
f07d35a2de145e3a,_Converted_/Pronto/X/Xantech/RC68_PROGRAMMER_ID68.ir,RC68_PROGRAMMER_ID68,RC68_PROGRAMMER_ID68,0.45,inventory.model,False,[],True
3bdee4a5cb64e7fd,_Converted_/Pronto/X/Xantech/RP-41AV.ir,RP-41AV,RP-41AV,0.45,inventory.model,False,[],True
9bc10b600601e651,_Converted_/Pronto/X/Xantech/RT16-10_(ID=70).ir,RT16-10_(ID=70),,0.0,,False,[],True
ecabe36888dabdcf,_Converted_/Pronto/X/Xantech/SR21_(ID=50).ir,SR21_(ID=50),,0.0,,False,[],True
e8f96653e3d51ac4,_Converted_/Pronto/X/Xiva/integra.ir,integra,,0.0,,False,[],True
5fa49742fcff807b,_Converted_/Pronto/Y/Yamaha/AVC-50.ir,AVC-50,AVC-50,0.45,inventory.model,False,[],True
25be52349fd4f3f2,_Converted_/Pronto/Y/Yamaha/BD-A1010.ir,BD-A1010,BD-A1010,0.45,inventory.model,False,[],True
94c7f1fe29ac2616,_Converted_/Pronto/Y/Yamaha/BD-S2900.ir,BD-S2900,BD-S2900,0.45,inventory.model,False,[],True
51988001a8e7539b,_Converted_/Pronto/Y/Yamaha/BD-S671.ir,BD-S671,BD-S671,0.45,inventory.model,False,[],True
c79aa643ea8b2f43,_Converted_/Pronto/Y/Yamaha/CDC-845_CD_PLAYER.ir,CDC-845_CD_PLAYER,CDC-845_CD_PLAYER,0.45,inventory.model,False,[],True
7175f66a7cfb2796,_Converted_/Pronto/Y/Yamaha/CDM-900.ir,CDM-900,CDM-900,0.45,inventory.model,False,[],True
f142231fdee39e84,_Converted_/Pronto/Y/Yamaha/CDX-390.ir,CDX-390,CDX-390,0.45,inventory.model,False,[],True
3df14c221164e781,_Converted_/Pronto/Y/Yamaha/DISCKLAVIER_GRAND_PIANO.ir,DISCKLAVIER_GRAND_PIANO,,0.0,,False,[],True
caae47b455e78658,_Converted_/Pronto/Y/Yamaha/DISCREET_CODES.ir,DISCREET_CODES,,0.0,,False,[],True
7cf98dd5b2187419,_Converted_/Pronto/Y/Yamaha/DPX-1.ir,DPX-1,DPX-1,0.45,inventory.model,False,[],True
1e174b193af0f512,_Converted_/Pronto/Y/Yamaha/DSP-A1.ir,DSP-A1,DSP-A1,0.45,inventory.model,False,[],True
faaa8ccc873e6044,_Converted_/Pronto/Y/Yamaha/DSPA-3090.ir,DSPA-3090,DSPA-3090,0.45,inventory.model,False,[],True
05a19ae737285a3e,_Converted_/Pronto/Y/Yamaha/DSPE390.ir,DSPE390,DSPE390,0.45,inventory.model,False,[],True
6fbda4316ef08744,_Converted_/Pronto/Y/Yamaha/DUAL_CASSETTE_DECK.ir,DUAL_CASSETTE_DECK,,0.0,,False,[],True
7d32e3d3a54fe41f,_Converted_/Pronto/Y/Yamaha/DVD-C900.ir,DVD-C900,DVD-C900,0.45,inventory.model,False,[],True
f28124b9492e71af,_Converted_/Pronto/Y/Yamaha/DVD-C996.ir,DVD-C996,DVD-C996,0.45,inventory.model,False,[],True
e756b422624381ac,_Converted_/Pronto/Y/Yamaha/DVD-S1200.ir,DVD-S1200,DVD-S1200,0.45,inventory.model,False,[],True
362485ce3f6b1c10,_Converted_/Pronto/Y/Yamaha/DVD-S2700.ir,DVD-S2700,DVD-S2700,0.45,inventory.model,False,[],True
7dbae6d57cccf25d,_Converted_/Pronto/Y/Yamaha/DVD_1000.ir,DVD_1000,DVD_1000,0.45,inventory.model,False,[],True
0ac46df566a67299,_Converted_/Pronto/Y/Yamaha/HTR5450.ir,HTR5450,HTR5450,0.45,inventory.model,False,[],True
af2e789301c65340,_Converted_/Pronto/Y/Yamaha/KXW-421.ir,KXW-421,KXW-421,0.45,inventory.model,False,[],True
10d5e67801fc2481,_Converted_/Pronto/Y/Yamaha/KX_3000.ir,KX_3000,KX_3000,0.45,inventory.model,False,[],True
918456b2c7cae107,_Converted_/Pronto/Y/Yamaha/LASER_DISC.ir,LASER_DISC,,0.0,,False,[],True
cf55f40790bbe876,_Converted_/Pronto/Y/Yamaha/PROLOGIC_RECEIVER.ir,PROLOGIC_RECEIVER,,0.0,,False,[],True
b844d22dd92b94e5,_Converted_/Pronto/Y/Yamaha/RECEIVER.ir,RECEIVER,,0.0,,False,[],True
0862ad4898fffbb1,_Converted_/Pronto/Y/Yamaha/RX-A1010.ir,RX-A1010,RX-A1010,0.45,inventory.model,False,[],True
609531a65cf6c816,_Converted_/Pronto/Y/Yamaha/RX-A3000.ir,RX-A3000,RX-A3000,0.45,inventory.model,False,[],True
46618631d0745166,_Converted_/Pronto/Y/Yamaha/RX-A3010.ir,RX-A3010,RX-A3010,0.45,inventory.model,False,[],True
36826537d7d7a4cc,_Converted_/Pronto/Y/Yamaha/RX-A710.ir,RX-A710,RX-A710,0.45,inventory.model,False,[],True
f9e1817ce057ee85,_Converted_/Pronto/Y/Yamaha/RX-A810.ir,RX-A810,RX-A810,0.45,inventory.model,False,[],True
a84d8d3f36aa380b,_Converted_/Pronto/Y/Yamaha/RX-V1000.ir,RX-V1000,RX-V1000,0.45,inventory.model,False,[],True
f5ccc71ff260ce59,_Converted_/Pronto/Y/Yamaha/RX-V2020.ir,RX-V2020,RX-V2020,0.45,inventory.model,False,[],True
a658de90b0d4c4d8,_Converted_/Pronto/Y/Yamaha/RX-V2095.ir,RX-V2095,RX-V2095,0.45,inventory.model,False,[],True
74b8ba0891ad6dbe,_Converted_/Pronto/Y/Yamaha/RX-V3000.ir,RX-V3000,RX-V3000,0.45,inventory.model,False,[],True
e5b2471b66e77a30,_Converted_/Pronto/Y/Yamaha/RX-V365-HTR-6230.ir,RX-V365-HTR-6230,RX-V365-HTR-6230,0.45,inventory.model,False,[],True
8d8206dc05d2efdc,_Converted_/Pronto/Y/Yamaha/RX-V371.ir,RX-V371,RX-V371,0.45,inventory.model,False,[],True
5f52677539cb7042,_Converted_/Pronto/Y/Yamaha/RX-V420.ir,RX-V420,RX-V420,0.45,inventory.model,False,[],True
b444b22a03a53ea2,_Converted_/Pronto/Y/Yamaha/RX-V471.ir,RX-V471,RX-V471,0.45,inventory.model,False,[],True
4e7c1f3960c12ff4,_Converted_/Pronto/Y/Yamaha/RX-V563-RX-V463-RX-V363-HTR-6150-HTR-6140-HTR-6130.ir,RX-V563-RX-V463-RX-V363-HTR-6150-HTR-6140-HTR-6130,,0.0,,False,[],True
89c9adc716264a63,_Converted_/Pronto/Y/Yamaha/RX-V571.ir,RX-V571,RX-V571,0.45,inventory.model,False,[],True
dcac8a36d299593b,_Converted_/Pronto/Y/Yamaha/RX-V620.ir,RX-V620,RX-V620,0.45,inventory.model,False,[],True
8e7236ece0861355,_Converted_/Pronto/Y/Yamaha/RX-V667.ir,RX-V667,RX-V667,0.45,inventory.model,False,[],True
d0d053821fccf7d8,_Converted_/Pronto/Y/Yamaha/RX-V671.ir,RX-V671,RX-V671,0.45,inventory.model,False,[],True
2f0c3443dfe03721,_Converted_/Pronto/Y/Yamaha/RX-V863-RX-V663-HTR-6180-HTR-6160.ir,RX-V863-RX-V663-HTR-6180-HTR-6160,RX-V863-RX-V663-HTR-6180-HTR-6160,0.45,inventory.model,False,[],True
a5070d3d0e927b4e,_Converted_/Pronto/Y/Yamaha/RX-V870.ir,RX-V870,RX-V870,0.45,inventory.model,False,[],True
0895f7bced15b133,_Converted_/Pronto/Y/Yamaha/RX-V871.ir,RX-V871,RX-V871,0.45,inventory.model,False,[],True
6ab99b43a86c1d13,_Converted_/Pronto/Y/Yamaha/RX-V995.ir,RX-V995,RX-V995,0.45,inventory.model,False,[],True
87ff789e6f3bfe62,_Converted_/Pronto/Y/Yamaha/RX-V_Series.ir,RX-V_Series,,0.0,,False,[],True
4695386bc235ee7a,_Converted_/Pronto/Y/Yamaha/RX-Vx65.ir,RX-Vx65,RX-Vx65,0.45,inventory.model,False,[],True
357624cf08d076a4,_Converted_/Pronto/Y/Yamaha/RX-Zx-RX-Vx900.ir,RX-Zx-RX-Vx900,RX-Zx-RX-Vx900,0.45,inventory.model,False,[],True
03efa7997ed75d76,_Converted_/Pronto/Y/Yamaha/RX495_CD_TAPE_TUNER.ir,RX495_CD_TAPE_TUNER,RX495_CD_TAPE_TUNER,0.45,inventory.model,False,[],True
0fbe54cc6fa6cb94,_Converted_/Pronto/Y/Yamaha/RXV-1200.ir,RXV-1200,RXV-1200,0.45,inventory.model,False,[],True
c42829c433c7c36f,_Converted_/Pronto/Y/Yamaha/RXV-2090.ir,RXV-2090,RXV-2090,0.45,inventory.model,False,[],True
5e28d0f9a8bb774a,_Converted_/Pronto/Y/Yamaha/RXV2090.ir,RXV2090,RXV2090,0.45,inventory.model,False,[],True
13ce408c99440e22,_Converted_/Pronto/Y/Yamaha/YM270S.ir,YM270S,YM270S,0.45,inventory.model,False,[],True
25f98cb6931ba15b,_Converted_/Pronto/Y/Yamaha/YSP-5100.ir,YSP-5100,YSP-5100,0.45,inventory.model,False,[],True
9caa72f61604c516,_Converted_/Pronto/Z/ZeeVee/ZvPro-250_ZVPro-150.ir,ZvPro-250_ZVPro-150,ZvPro-250_ZVPro-150,0.45,inventory.model,False,[],True
5a5a9e0163a5589d,_Converted_/Pronto/Z/Zenith/(Cable_Tuner).ir,(Cable_Tuner),,0.0,,False,[],True
3455bdcc0dd8418b,_Converted_/Pronto/Z/Zenith/2200.ir,2200,,0.0,,False,[],True
d38bc2c9cc486fdf,_Converted_/Pronto/Z/Zenith/C27A24T.ir,C27A24T,C27A24T,0.45,inventory.model,False,[],True
b290a1ac392b31bb,_Converted_/Pronto/Z/Zenith/DSV-110.ir,DSV-110,DSV-110,0.45,inventory.model,False,[],True
95a2571d6021ba13,_Converted_/Pronto/Z/Zenith/DTV-1100.ir,DTV-1100,DTV-1100,0.45,inventory.model,False,[],True
f8bd175de81b3a02,_Converted_/Pronto/Z/Zenith/H27E46DT.ir,H27E46DT,H27E46DT,0.45,inventory.model,False,[],True
6af9ab17e9b1d743,_Converted_/Pronto/Z/Zenith/HDSAT-520.ir,HDSAT-520,HDSAT-520,0.45,inventory.model,False,[],True
cdd0aba3510ac530,_Converted_/Pronto/Z/Zenith/IQB64W10W.ir,IQB64W10W,IQB64W10W,0.45,inventory.model,False,[],True
ab0fd5aa9c3e8974,_Converted_/Pronto/Z/Zenith/IZQ36Z46D.ir,IZQ36Z46D,IZQ36Z46D,0.45,inventory.model,False,[],True
d9f9c93ff2f80fc3,_Converted_/Pronto/Z/Zenith/L30W36.ir,L30W36,L30W36,0.45,inventory.model,False,[],True
d3cf3aa249d86417,_Converted_/Pronto/Z/Zenith/N-A.ir,N-A,,0.0,,False,[],True
acb6451baa21a297,_Converted_/Pronto/Z/Zenith/P42W24.ir,P42W24,P42W24,0.45,inventory.model,False,[],True
e5001209b4199024,_Converted_/Pronto/Z/Zenith/PRO_900.ir,PRO_900,PRO_900,0.45,inventory.model,False,[],True
069a489702f9d087,_Converted_/Pronto/Z/Zenith/PRO_900X.ir,PRO_900X,PRO_900X,0.45,inventory.model,False,[],True
69b8d9dc76d5eced,_Converted_/Pronto/Z/Zenith/RTV.ir,RTV,,0.0,,False,[],True
a4ba8df7cbf93415,_Converted_/Pronto/Z/Zenith/TV_TUNER.ir,TV_TUNER,,0.0,,False,[],True
8fa73ce5225ff22a,_Converted_/Pronto/Z/Zenith/VR2420HF.ir,VR2420HF,VR2420HF,0.45,inventory.model,False,[],True
a140fc4b85cdf1d5,_Converted_/Pronto/Z/Zenith/VRC-421.ir,VRC-421,VRC-421,0.45,inventory.model,False,[],True
f192df96f190820a,_Converted_/Pronto/Z/Zenith/VRM4250HS.ir,VRM4250HS,VRM4250HS,0.45,inventory.model,False,[],True
e664fd3f5c1f2e92,_Converted_/Pronto/Z/Zenith/XVB342.ir,XVB342,XVB342,0.45,inventory.model,False,[],True
6f3d51d9d3d51c3f,_Converted_/Pronto/Z/Zenith/XVB342_1.ir,XVB342_1,XVB342_1,0.45,inventory.model,False,[],True
d379102ab619537d,_Converted_/Pronto/Z/Zenith/Z37LC6D.ir,Z37LC6D,Z37LC6D,0.45,inventory.model,False,[],True
44c03129a92ecb73,_Converted_/Pronto/Z/Zinwell/Satellite_Receiver.ir,Satellite_Receiver,,0.0,,False,[],True
